sample,host_request_ns,host_response_ns,phase,phase_time_s,loop_dt_ms,loop_lateness_ms,rpc_ms,server_spi_ms,server_total_ms,cache_age_ms,board_a_seq,board_b_seq,m12_target_rad,m12_q_rad,m12_dq_rad_s,m12_torque_nm,m12_age_ms,m12_mode,m12_fault,m12_snapshot_seq,m12_board_tick_ms,m12_temperature_c,m13_target_rad,m13_q_rad,m13_dq_rad_s,m13_torque_nm,m13_age_ms,m13_mode,m13_fault,m13_snapshot_seq,m13_board_tick_ms,m13_temperature_c,m21_target_rad,m21_q_rad,m21_dq_rad_s,m21_torque_nm,m21_age_ms,m21_mode,m21_fault,m21_snapshot_seq,m21_board_tick_ms,m21_temperature_c,m22_target_rad,m22_q_rad,m22_dq_rad_s,m22_torque_nm,m22_age_ms,m22_mode,m22_fault,m22_snapshot_seq,m22_board_tick_ms,m22_temperature_c,m23_target_rad,m23_q_rad,m23_dq_rad_s,m23_torque_nm,m23_age_ms,m23_mode,m23_fault,m23_snapshot_seq,m23_board_tick_ms,m23_temperature_c,m31_target_rad,m31_q_rad,m31_dq_rad_s,m31_torque_nm,m31_age_ms,m31_mode,m31_fault,m31_snapshot_seq,m31_board_tick_ms,m31_temperature_c,m32_target_rad,m32_q_rad,m32_dq_rad_s,m32_torque_nm,m32_age_ms,m32_mode,m32_fault,m32_snapshot_seq,m32_board_tick_ms,m32_temperature_c,m33_target_rad,m33_q_rad,m33_dq_rad_s,m33_torque_nm,m33_age_ms,m33_mode,m33_fault,m33_snapshot_seq,m33_board_tick_ms,m33_temperature_c,m42_target_rad,m42_q_rad,m42_dq_rad_s,m42_torque_nm,m42_age_ms,m42_mode,m42_fault,m42_snapshot_seq,m42_board_tick_ms,m42_temperature_c,m43_target_rad,m43_q_rad,m43_dq_rad_s,m43_torque_nm,m43_age_ms,m43_mode,m43_fault,m43_snapshot_seq,m43_board_tick_ms,m43_temperature_c
0,18922200214362,18922254553715,hold,3.392000508029014e-06,0.0,0.003392000508029014,54.339353,1.4743940009793732,46.90081599983387,0.0667572021484375,24100,23938,0.0,-0.001,-0.01,0.02,1,2,0,24100,18946792,30.6,-0.001,-0.001,-0.08,-0.08,0,2,0,24100,18946792,30.6,-0.805,-0.805,0.11,0.0,4,0,0,24100,18946792,31.9,-0.815,-0.815,-0.04,0.0,4,0,0,24100,18946792,31.3,-0.006,-0.006,0.02,0.0,3,0,0,24100,18946792,31.9,-0.002,-0.002,0.13,0.0,4,0,0,23938,18946794,29.9,0.002,0.002,0.01,0.0,6,0,0,23938,18946794,29.9,-0.826,-0.826,0.01,0.0,6,0,0,23938,18946794,30.6,-0.004,-0.004,0.11,0.0,6,0,0,23938,18946794,29.9,-0.81,-0.811,-0.02,0.0,6,0,0,23938,18946794,30.6
1,18922254747419,18922264597060,hold,0.05458125099903555,10.043345,0.0015039986465126276,9.849641,2.1058120000816416,3.209279999282444,0.06818771362304688,24101,23939,0.0,0.0,0.02,-0.01,1,2,0,24101,18946807,30.6,-0.001,-0.001,-0.02,-0.23,0,2,0,24101,18946807,30.6,-0.805,-0.805,-0.06,-0.07,13,2,0,24101,18946807,31.9,-0.815,-0.816,-0.04,-0.02,9,2,0,24101,18946807,31.3,-0.006,-0.006,-0.18,-0.04,10,2,0,24101,18946807,31.9,-0.002,-0.002,-0.02,-0.09,1,2,0,23939,18946806,29.9,0.002,0.002,-0.05,0.03,11,2,0,23939,18946806,29.9,-0.826,-0.826,-0.07,0.14,8,2,0,23939,18946806,30.6,-0.004,-0.004,0.03,-0.05,9,2,0,23939,18946806,29.9,-0.81,-0.81,0.05,-0.08,10,2,0,23939,18946806,30.6
2,18922274823388,18922283748801,hold,0.074656259999756,19.151741,0.07651299893041141,8.925413,1.5105560014490038,2.5567099983163644,0.06437301635742188,24102,23940,0.0,0.0,-0.09,0.09,9,2,0,24102,18946817,30.6,-0.001,-0.001,-0.03,-0.01,9,2,0,24102,18946817,30.6,-0.805,-0.805,0.02,-0.38,8,2,0,24102,18946817,31.9,-0.815,-0.816,-0.04,0.0,4,2,0,24102,18946817,31.3,-0.006,-0.006,0.0,-0.05,5,2,0,24102,18946817,31.9,-0.002,-0.002,0.02,0.15,10,2,0,23940,18946816,29.9,0.002,0.001,-0.07,0.06,6,2,0,23940,18946816,29.9,-0.826,-0.826,-0.11,0.04,3,2,0,23940,18946816,30.6,-0.004,-0.004,-0.05,0.03,5,2,0,23940,18946816,29.9,-0.81,-0.81,-0.08,-0.17,5,2,0,23940,18946816,30.6
3,18922294822011,18922304411898,hold,0.09465613099746406,20.663097,0.07638399620191194,9.589887,1.5549099989584647,2.5961669998650905,0.06389617919921875,24103,23941,0.0,0.0,0.11,-0.03,1,2,0,24103,18946837,30.6,-0.001,-0.001,0.0,0.02,15,2,0,24103,18946837,30.6,-0.805,-0.805,-0.17,-0.05,13,2,0,24103,18946837,31.9,-0.815,-0.816,-0.07,-0.01,9,2,0,24103,18946837,31.3,-0.006,-0.006,0.03,0.04,10,2,0,24103,18946837,31.9,-0.002,-0.002,-0.01,-0.02,1,2,0,23941,18946836,29.9,0.002,0.001,-0.23,0.04,11,2,0,23941,18946836,29.9,-0.826,-0.826,0.1,0.08,8,2,0,23941,18946836,30.6,-0.004,-0.004,0.14,0.01,10,2,0,23941,18946836,29.9,-0.81,-0.811,0.09,-0.08,10,2,0,23941,18946836,30.6
4,18922314821081,18922323690875,hold,0.11465632099861978,19.278977,0.07657399692106992,8.869794,1.4676110004074872,2.508675999706611,0.06580352783203125,24104,23942,0.0,0.0,0.06,0.0,6,2,0,24104,18946857,30.6,-0.001,-0.001,0.04,-0.17,5,2,0,24104,18946857,30.6,-0.805,-0.805,0.06,0.07,3,2,0,24104,18946857,31.9,-0.815,-0.815,0.09,-0.03,14,2,0,24104,18946857,31.3,-0.006,-0.006,-0.19,-0.05,0,2,0,24104,18946857,31.9,-0.002,-0.002,-0.06,0.07,6,2,0,23942,18946856,29.9,0.002,0.001,0.03,-0.02,1,2,0,23942,18946856,29.9,-0.826,-0.826,0.1,0.06,13,2,0,23942,18946856,30.6,-0.004,-0.004,-0.01,0.2,15,2,0,23942,18946856,29.9,-0.81,-0.811,0.06,-0.06,15,2,0,23942,18946856,30.6
5,18922334822840,18922344224079,hold,0.1346572799993737,20.533204,0.07753299723844975,9.401239,1.951597001607297,3.0027760003576986,0.064849853515625,24105,23943,0.0,0.0,0.16,0.08,11,2,0,24105,18946877,30.6,-0.001,-0.001,0.02,-0.09,10,2,0,24105,18946877,30.6,-0.805,-0.805,-0.02,-0.15,8,2,0,24105,18946877,31.9,-0.815,-0.816,-0.15,0.15,4,2,0,24105,18946877,31.3,-0.006,-0.006,0.2,-0.08,5,2,0,24105,18946877,31.9,-0.002,-0.002,-0.01,-0.03,10,2,0,23943,18946875,29.9,0.002,0.001,-0.03,0.23,5,2,0,23943,18946875,29.9,-0.826,-0.826,0.08,0.07,2,2,0,23943,18946875,30.6,-0.004,-0.005,0.09,-0.2,4,2,0,23943,18946875,29.9,-0.81,-0.81,-0.02,-0.07,4,2,0,23943,18946875,30.6
6,18922354820918,18922364450103,hold,0.15465554999900633,20.226024,0.07580299643450417,9.629185,1.7742780000844505,2.8804670000681654,0.0667572021484375,24106,23944,0.0,-0.001,0.0,-0.16,1,2,0,24106,18946897,30.6,-0.001,-0.001,-0.1,0.04,15,2,0,24106,18946897,30.6,-0.805,-0.805,0.09,-0.12,13,2,0,24106,18946897,31.9,-0.815,-0.816,-0.03,0.04,9,2,0,24106,18946897,31.3,-0.006,-0.006,-0.06,-0.2,10,2,0,24106,18946897,31.9,-0.002,-0.002,0.05,-0.12,1,2,0,23944,18946896,29.9,0.002,0.001,0.12,-0.04,11,2,0,23944,18946896,29.9,-0.826,-0.826,0.14,0.06,8,2,0,23944,18946896,30.6,-0.004,-0.004,-0.13,0.16,10,2,0,23944,18946896,29.9,-0.81,-0.811,0.03,0.02,10,2,0,23944,18946896,30.6
7,18922374823669,18922384714272,hold,0.1746573089985759,20.264169,0.07756199556752108,9.890603,2.2150969998619985,3.321829000924481,0.07939338684082031,24107,23945,0.0,-0.001,-0.04,0.01,6,2,0,24107,18946917,30.6,-0.001,-0.001,0.07,-0.01,5,2,0,24107,18946917,30.6,-0.805,-0.805,0.1,-0.04,3,2,0,24107,18946917,31.9,-0.815,-0.816,-0.18,-0.04,14,2,0,24107,18946917,31.3,-0.006,-0.006,-0.18,0.04,15,2,0,24107,18946917,31.9,-0.002,-0.002,0.11,-0.12,6,2,0,23945,18946916,29.9,0.002,0.001,0.09,-0.05,1,2,0,23945,18946916,29.9,-0.826,-0.826,-0.03,-0.03,13,2,0,23945,18946916,30.6,-0.004,-0.004,0.03,0.01,15,2,0,23945,18946916,29.9,-0.81,-0.811,-0.01,-0.22,15,2,0,23945,18946916,30.6
8,18922394823571,18922404730943,hold,0.19465698699787026,20.016671,0.07723999442532659,9.907372,2.288091000082204,3.37613499868894,0.07104873657226562,24108,23946,0.0,-0.001,0.03,-0.21,11,2,0,24108,18946937,30.6,-0.001,-0.001,0.02,0.01,10,2,0,24108,18946937,30.6,-0.805,-0.805,0.08,-0.19,8,2,0,24108,18946937,31.9,-0.815,-0.815,-0.06,0.23,4,2,0,24108,18946937,31.3,-0.006,-0.006,0.0,-0.13,5,2,0,24108,18946937,31.9,-0.002,-0.002,-0.09,0.03,11,2,0,23946,18946936,29.9,0.002,0.001,0.03,0.02,6,2,0,23946,18946936,29.9,-0.826,-0.826,-0.04,0.06,3,2,0,23946,18946936,30.6,-0.004,-0.004,0.07,-0.01,4,2,0,23946,18946936,29.9,-0.81,-0.811,-0.19,-0.13,5,2,0,23946,18946936,30.6
9,18922414831250,18922424692540,hold,0.21466261800014763,19.961597,0.08287099626613781,9.86129,2.3009239994280506,3.377319000719581,0.07104873657226562,24109,23947,0.0,0.0,0.01,-0.17,1,2,0,24109,18946957,30.6,-0.001,-0.001,0.02,-0.19,15,2,0,24109,18946957,30.6,-0.805,-0.805,-0.01,-0.13,13,2,0,24109,18946957,31.9,-0.815,-0.816,0.04,-0.04,9,2,0,24109,18946957,31.3,-0.006,-0.006,0.04,0.0,10,2,0,24109,18946957,31.9,-0.002,-0.002,-0.01,-0.1,1,2,0,23947,18946956,29.9,0.002,0.001,0.07,-0.17,11,2,0,23947,18946956,29.9,-0.826,-0.826,-0.05,0.04,8,2,0,23947,18946956,30.6,-0.004,-0.004,0.02,0.08,9,2,0,23947,18946956,29.9,-0.81,-0.81,0.12,-0.01,10,2,0,23947,18946956,30.6
10,18922434830257,18922444304235,hold,0.23466252000071108,19.611695,0.08277299639303237,9.473978,2.015280999330571,3.085083000769373,0.0705718994140625,24110,23948,0.0,0.0,0.03,-0.06,6,2,0,24110,18946977,30.6,-0.001,-0.001,0.02,-0.33,5,2,0,24110,18946977,30.6,-0.805,-0.806,-0.16,0.38,3,2,0,24110,18946977,31.9,-0.815,-0.815,0.01,-0.13,14,2,0,24110,18946977,31.3,-0.006,-0.006,-0.02,0.0,15,2,0,24110,18946977,31.9,-0.002,-0.002,0.07,0.18,6,2,0,23948,18946976,29.9,0.002,0.001,-0.02,0.25,1,2,0,23948,18946976,29.9,-0.826,-0.826,-0.01,-0.01,13,2,0,23948,18946976,30.6,-0.004,-0.004,-0.02,0.01,14,2,0,23948,18946976,29.9,-0.81,-0.811,-0.03,0.03,0,2,0,23948,18946976,30.6
11,18922454828879,18922463647951,hold,0.25466386299740407,19.343716,0.08411599264945835,8.819072,1.5185880001808982,2.5529660015308764,0.06699562072753906,24111,23949,0.0,0.0,0.09,-0.02,11,2,0,24111,18946997,30.6,-0.001,-0.001,0.11,0.08,10,2,0,24111,18946997,30.6,-0.805,-0.805,-0.03,-0.04,8,2,0,24111,18946997,31.9,-0.815,-0.816,0.24,0.12,4,2,0,24111,18946997,31.3,-0.006,-0.006,0.02,-0.12,5,2,0,24111,18946997,31.9,-0.002,-0.002,-0.01,0.17,11,2,0,23949,18946996,29.9,0.002,0.002,0.13,0.01,6,2,0,23949,18946996,29.9,-0.826,-0.826,0.0,-0.09,3,2,0,23949,18946996,30.6,-0.004,-0.004,0.09,-0.05,4,2,0,23949,18946996,29.9,-0.81,-0.811,-0.03,0.11,5,2,0,23949,18946996,30.6
12,18922474826125,18922483567754,hold,0.27466024499881314,19.919803,0.08049799362197518,8.741629,1.5042519989947323,2.551044999563601,0.06866455078125,24112,23950,0.0,0.0,0.1,-0.13,1,2,0,24112,18947017,30.6,-0.001,-0.001,-0.1,-0.04,15,2,0,24112,18947017,30.6,-0.805,-0.805,0.05,-0.18,13,2,0,24112,18947017,31.9,-0.815,-0.816,-0.06,-0.06,9,2,0,24112,18947017,31.3,-0.006,-0.006,-0.09,-0.13,10,2,0,24112,18947017,31.9,-0.002,-0.002,-0.02,0.06,0,2,0,23950,18947015,29.9,0.002,0.001,0.0,0.01,10,2,0,23950,18947015,29.9,-0.826,-0.826,0.08,-0.1,7,2,0,23950,18947015,30.6,-0.004,-0.004,-0.04,0.0,8,2,0,23950,18947015,29.9,-0.81,-0.81,-0.02,-0.06,9,2,0,23950,18947015,30.6
13,18922494845101,18922503655148,hold,0.29467080399990664,20.087394,0.09105699427891523,8.810047,1.562142999318894,2.597063998109661,0.06771087646484375,24113,23951,0.0,-0.001,0.15,0.11,6,2,0,24113,18947037,30.6,-0.001,-0.001,0.09,-0.19,5,2,0,24113,18947037,30.6,-0.805,-0.805,0.05,0.08,3,2,0,24113,18947037,31.9,-0.815,-0.816,0.05,0.04,14,2,0,24113,18947037,31.3,-0.006,-0.006,-0.02,-0.05,15,2,0,24113,18947037,31.9,-0.002,-0.002,0.08,-0.13,5,2,0,23951,18947035,29.9,0.002,0.001,-0.04,0.21,15,2,0,23951,18947035,29.9,-0.826,-0.826,-0.04,0.14,12,2,0,23951,18947035,30.6,-0.004,-0.005,0.07,0.05,13,2,0,23951,18947035,29.9,-0.81,-0.81,0.1,0.02,14,2,0,23951,18947035,30.6
14,18922514826346,18922523639114,hold,0.31466129799810005,19.983966,0.08155099203577265,8.812768,1.5102690013009124,2.5571259975549765,0.06961822509765625,24114,23952,0.0,0.0,0.1,0.08,11,2,0,24114,18947057,30.6,-0.001,-0.001,0.01,0.0,10,2,0,24114,18947057,30.6,-0.805,-0.805,0.02,-0.1,8,2,0,24114,18947057,31.9,-0.815,-0.816,-0.21,-0.05,4,2,0,24114,18947057,31.3,-0.006,-0.006,0.09,-0.11,5,2,0,24114,18947057,31.9,-0.002,-0.002,-0.09,0.01,11,2,0,23952,18947056,29.9,0.002,0.001,-0.07,0.04,5,2,0,23952,18947056,29.9,-0.826,-0.826,-0.12,0.03,3,2,0,23952,18947056,30.6,-0.004,-0.005,0.06,0.0,4,2,0,23952,18947056,29.9,-0.81,-0.81,-0.09,-0.15,5,2,0,23952,18947056,30.6
15,18922534829705,18922543622888,hold,0.33466430499902344,19.983774,0.08455799252260476,8.793183,1.5356450021499768,2.579718999186298,0.06866455078125,24115,23953,0.0,-0.001,-0.02,-0.13,1,2,0,24115,18947077,30.6,-0.001,-0.001,-0.03,-0.1,15,2,0,24115,18947077,30.6,-0.805,-0.806,-0.04,-0.11,13,2,0,24115,18947077,31.9,-0.815,-0.816,-0.04,-0.06,9,2,0,24115,18947077,31.3,-0.006,-0.006,-0.11,-0.07,10,2,0,24115,18947077,31.9,-0.002,-0.002,-0.08,0.24,0,2,0,23953,18947075,29.9,0.002,0.001,-0.09,-0.04,9,2,0,23953,18947075,29.9,-0.826,-0.826,0.06,-0.12,7,2,0,23953,18947075,30.6,-0.004,-0.004,-0.01,0.03,8,2,0,23953,18947075,29.9,-0.81,-0.811,-0.1,0.08,9,2,0,23953,18947075,30.6
16,18922554828903,18922563584037,hold,0.35466212699975586,19.961149,0.08237999281845987,8.755134,1.5028759989945684,2.5396860000910237,0.06747245788574219,24116,23954,0.0,0.0,0.16,-0.1,6,2,0,24116,18947097,30.6,-0.001,-0.001,-0.01,-0.14,5,2,0,24116,18947097,30.6,-0.805,-0.805,0.06,0.09,3,2,0,24116,18947097,31.9,-0.815,-0.815,0.2,0.01,14,2,0,24116,18947097,31.3,-0.006,-0.006,0.03,-0.1,15,2,0,24116,18947097,31.9,-0.002,-0.002,-0.01,-0.23,5,2,0,23954,18947095,29.9,0.002,0.001,0.09,0.07,14,2,0,23954,18947095,29.9,-0.826,-0.826,-0.02,-0.07,12,2,0,23954,18947095,30.6,-0.004,-0.004,0.11,0.04,13,2,0,23954,18947095,29.9,-0.81,-0.81,-0.02,-0.16,14,2,0,23954,18947095,30.6
17,18922574825830,18922583593444,hold,0.3746598539983097,20.009407,0.08010699093574658,8.767614,1.4826190017629415,2.5310450000688434,0.0705718994140625,24117,23955,0.0,-0.001,0.02,0.06,11,2,0,24117,18947117,30.6,-0.001,-0.001,-0.15,-0.17,10,2,0,24117,18947117,30.6,-0.805,-0.805,0.03,0.21,8,2,0,24117,18947117,31.9,-0.815,-0.815,0.17,0.16,4,2,0,24117,18947117,31.3,-0.006,-0.006,0.12,-0.12,5,2,0,24117,18947117,31.9,-0.002,-0.002,-0.13,0.06,10,2,0,23955,18947115,29.9,0.002,0.001,-0.08,-0.03,4,2,0,23955,18947115,29.9,-0.826,-0.826,0.09,-0.07,2,2,0,23955,18947115,30.6,-0.004,-0.004,0.09,0.11,3,2,0,23955,18947115,29.9,-0.81,-0.811,0.03,-0.08,4,2,0,23955,18947115,30.6
18,18922594834181,18922604455333,hold,0.39466638099838747,20.861889,0.08663399057695642,9.621152,2.23887299944181,3.3189159985340666,0.072479248046875,24118,23956,0.0,-0.001,0.09,0.07,0,2,0,24118,18947137,30.6,-0.001,-0.001,0.08,-0.01,15,2,0,24118,18947137,30.6,-0.805,-0.805,0.06,0.25,13,2,0,24118,18947137,31.9,-0.815,-0.816,0.07,-0.17,9,2,0,24118,18947137,31.3,-0.006,-0.006,0.03,-0.07,10,2,0,24118,18947137,31.9,-0.002,-0.002,-0.03,0.07,0,2,0,23956,18947135,29.9,0.002,0.001,0.03,-0.21,9,2,0,23956,18947135,29.9,-0.826,-0.826,-0.06,0.06,7,2,0,23956,18947135,30.6,-0.004,-0.004,0.11,0.07,8,2,0,23956,18947135,29.9,-0.81,-0.81,0.15,0.2,9,2,0,23956,18947135,30.6
19,18922614822659,18922623648835,hold,0.4146572909994575,19.193502,0.07754399121040478,8.826176,1.5011159994173795,2.546310002799146,0.07343292236328125,24119,23957,0.0,0.0,0.12,0.04,5,2,0,24119,18947157,30.6,-0.001,-0.001,-0.04,-0.19,5,2,0,24119,18947157,30.6,-0.805,-0.805,-0.04,0.22,3,2,0,24119,18947157,31.9,-0.815,-0.815,0.18,-0.03,14,2,0,24119,18947157,31.3,-0.006,-0.006,-0.01,0.02,14,2,0,24119,18947157,31.9,-0.002,-0.002,0.08,0.05,6,2,0,23957,18947156,29.9,0.002,0.001,0.07,-0.2,0,2,0,23957,18947156,29.9,-0.826,-0.826,0.06,0.09,13,2,0,23957,18947156,30.6,-0.004,-0.005,-0.11,-0.13,14,2,0,23957,18947156,29.9,-0.81,-0.811,-0.11,0.04,15,2,0,23957,18947156,30.6
20,18922634827329,18922643674659,hold,0.4346615449976525,20.025824,0.08179798896890134,8.84733,1.569501997437328,2.61815300109447,0.07390975952148438,24120,23958,0.0,0.0,0.09,-0.26,10,2,0,24120,18947177,30.6,-0.001,-0.001,0.06,-0.04,10,2,0,24120,18947177,30.6,-0.805,-0.805,-0.18,-0.16,8,2,0,24120,18947177,31.9,-0.815,-0.815,0.03,0.04,4,2,0,24120,18947177,31.3,-0.006,-0.006,0.11,-0.02,4,2,0,24120,18947177,31.9,-0.002,-0.002,-0.07,0.0,10,2,0,23958,18947175,29.9,0.002,0.001,-0.05,-0.14,4,2,0,23958,18947175,29.9,-0.826,-0.826,0.13,0.04,2,2,0,23958,18947175,30.6,-0.004,-0.005,-0.07,0.06,3,2,0,23958,18947175,29.9,-0.81,-0.811,0.03,-0.13,4,2,0,23958,18947175,30.6
21,18922654827360,18922663662081,hold,0.45465815200077486,19.987422,0.07840499165467918,8.834721,1.5335019998019561,2.586119997431524,0.0743865966796875,24121,23959,0.0,-0.001,-0.19,0.29,0,2,0,24121,18947197,30.6,-0.001,-0.001,-0.11,0.03,15,2,0,24121,18947197,30.6,-0.805,-0.805,0.0,0.07,13,2,0,24121,18947197,31.9,-0.815,-0.816,-0.19,-0.02,8,2,0,24121,18947197,31.3,-0.006,-0.006,0.06,0.07,9,2,0,24121,18947197,31.9,-0.002,-0.002,0.04,-0.1,0,2,0,23959,18947195,29.9,0.002,0.001,-0.02,0.12,9,2,0,23959,18947195,29.9,-0.826,-0.826,0.01,-0.06,7,2,0,23959,18947195,30.6,-0.004,-0.005,0.11,0.19,8,2,0,23959,18947195,29.9,-0.81,-0.811,-0.08,0.0,9,2,0,23959,18947195,30.6
22,18922674828799,18922684279064,hold,0.474661317999562,20.616983,0.08157099000527523,9.450265,2.0595379974110983,3.1038679990160745,0.10919570922851562,24122,23960,0.0,-0.001,-0.16,-0.15,5,2,0,24122,18947217,30.6,-0.001,-0.001,0.12,0.03,5,2,0,24122,18947217,30.6,-0.805,-0.805,0.02,0.16,3,2,0,24122,18947217,31.9,-0.815,-0.815,-0.02,0.02,13,2,0,24122,18947217,31.3,-0.006,-0.006,-0.07,0.01,14,2,0,24122,18947217,31.9,-0.002,-0.002,-0.15,-0.08,5,2,0,23960,18947215,29.9,0.002,0.001,0.0,0.05,14,2,0,23960,18947215,29.9,-0.826,-0.826,-0.08,-0.16,12,2,0,23960,18947215,30.6,-0.004,-0.004,0.14,-0.05,13,2,0,23960,18947215,29.9,-0.81,-0.81,0.01,0.0,14,2,0,23960,18947215,30.6
23,18922694830013,18922703644445,hold,0.4946641969982011,19.365381,0.08444998820777982,8.814432,1.549598000565311,2.5929680014087353,0.07319450378417969,24123,23961,0.0,-0.001,-0.04,-0.13,10,2,0,24123,18947237,30.6,-0.001,-0.001,0.19,-0.2,10,2,0,24123,18947237,30.6,-0.805,-0.805,0.07,-0.24,8,2,0,24123,18947237,31.9,-0.815,-0.815,0.1,-0.12,3,2,0,24123,18947237,31.3,-0.006,-0.006,0.02,-0.1,4,2,0,24123,18947237,31.9,-0.002,-0.002,-0.06,-0.01,11,2,0,23961,18947236,29.9,0.002,0.001,-0.16,0.17,5,2,0,23961,18947236,29.9,-0.826,-0.826,0.07,-0.09,3,2,0,23961,18947236,30.6,-0.004,-0.004,-0.02,0.12,4,2,0,23961,18947236,29.9,-0.81,-0.811,-0.02,-0.11,4,2,0,23961,18947236,30.6
24,18922714824283,18922724310294,hold,0.5146566109979176,20.665849,0.07686398748774081,9.486011,2.0940030008205213,3.1738220022816677,0.07677078247070312,24124,23962,0.0,0.0,-0.04,0.17,0,2,0,24124,18947257,30.6,-0.001,-0.001,0.08,-0.09,15,2,0,24124,18947257,30.6,-0.805,-0.805,-0.02,-0.08,13,2,0,24124,18947257,31.9,-0.815,-0.815,0.05,0.01,8,2,0,24124,18947257,31.3,-0.006,-0.006,0.02,-0.08,9,2,0,24124,18947257,31.9,-0.002,-0.002,-0.08,-0.18,0,2,0,23962,18947255,29.9,0.002,0.001,-0.17,0.04,9,2,0,23962,18947255,29.9,-0.826,-0.826,-0.12,0.01,7,2,0,23962,18947255,30.6,-0.004,-0.004,0.04,-0.05,8,2,0,23962,18947255,29.9,-0.81,-0.81,-0.13,-0.1,8,2,0,23962,18947255,30.6
25,18922734828122,18922743796896,hold,0.5346625620004488,19.486602,0.08281498958240263,8.968774,1.524092996987747,2.5651900032244157,0.07486343383789062,24125,23963,0.0,-0.001,0.12,-0.19,5,2,0,24125,18947277,30.6,-0.001,-0.001,0.0,0.12,5,2,0,24125,18947277,30.6,-0.805,-0.806,-0.07,-0.13,3,2,0,24125,18947277,31.9,-0.815,-0.815,0.14,-0.11,13,2,0,24125,18947277,31.3,-0.006,-0.006,0.02,-0.08,14,2,0,24125,18947277,31.9,-0.002,-0.002,0.05,0.24,6,2,0,23963,18947276,29.9,0.002,0.001,-0.04,0.01,0,2,0,23963,18947276,29.9,-0.826,-0.826,0.03,-0.03,13,2,0,23963,18947276,30.6,-0.004,-0.004,0.08,0.06,14,2,0,23963,18947276,29.9,-0.81,-0.81,0.06,-0.13,14,2,0,23963,18947276,30.6
26,18922754828505,18922764310451,hold,0.554660096000589,20.513555,0.08034898928599432,9.481946,2.1309330004442018,3.2048640023276675,0.07700920104980469,24126,23964,0.0,0.0,0.05,-0.13,10,2,0,24126,18947297,30.6,-0.001,-0.001,0.04,-0.08,10,2,0,24126,18947297,30.6,-0.805,-0.805,0.07,0.24,8,2,0,24126,18947297,31.9,-0.815,-0.816,0.0,0.1,3,2,0,24126,18947297,31.3,-0.006,-0.006,-0.1,-0.13,4,2,0,24126,18947297,31.9,-0.002,-0.002,0.07,-0.07,11,2,0,23964,18947296,29.9,0.002,0.001,0.03,-0.03,5,2,0,23964,18947296,29.9,-0.826,-0.826,0.05,-0.03,3,2,0,23964,18947296,30.6,-0.004,-0.005,0.01,0.34,4,2,0,23964,18947296,29.9,-0.81,-0.81,0.09,-0.11,4,2,0,23964,18947296,30.6
27,18922774827895,18922783630198,hold,0.5746623669983819,19.319747,0.0826199866423849,8.802303,1.483067997469334,2.5173169997287914,0.07557868957519531,24127,23965,0.0,0.0,-0.06,0.1,15,2,0,24127,18947317,30.6,-0.001,-0.001,0.0,-0.2,15,2,0,24127,18947317,30.6,-0.805,-0.806,-0.01,0.07,13,2,0,24127,18947317,31.9,-0.815,-0.816,-0.01,-0.15,8,2,0,24127,18947317,31.3,-0.006,-0.006,-0.09,0.03,9,2,0,24127,18947317,31.9,-0.002,-0.002,-0.03,-0.02,1,2,0,23965,18947316,29.9,0.002,0.001,-0.05,0.0,10,2,0,23965,18947316,29.9,-0.826,-0.826,0.09,0.02,8,2,0,23965,18947316,30.6,-0.004,-0.004,-0.16,0.04,9,2,0,23965,18947316,29.9,-0.81,-0.81,0.14,0.06,9,2,0,23965,18947316,30.6
28,18922794829270,18922803695000,hold,0.5946649899997283,20.064802,0.08524298755219206,8.86573,1.5786229996592738,2.6272400027664844,0.07724761962890625,24128,23966,0.0,0.0,-0.06,-0.18,5,2,0,24128,18947337,30.6,-0.001,-0.001,-0.08,-0.45,5,2,0,24128,18947337,30.6,-0.805,-0.805,-0.01,0.04,3,2,0,24128,18947337,31.9,-0.815,-0.816,-0.09,-0.16,13,2,0,24128,18947337,31.3,-0.006,-0.006,-0.09,0.02,14,2,0,24128,18947337,31.9,-0.002,-0.002,0.0,0.15,5,2,0,23966,18947335,29.9,0.002,0.001,-0.05,0.13,14,2,0,23966,18947335,29.9,-0.826,-0.826,-0.08,-0.07,12,2,0,23966,18947335,30.6,-0.004,-0.004,-0.02,0.03,13,2,0,23966,18947335,29.9,-0.81,-0.81,-0.04,0.1,13,2,0,23966,18947335,30.6
29,18922814827188,18922824605402,hold,0.6146595799982606,20.910402,0.07983298564795405,9.778214,2.1080520018585958,3.196351000951836,0.1068115234375,24129,23967,0.0,-0.001,-0.09,-0.2,10,2,0,24129,18947357,30.6,-0.001,-0.001,-0.07,0.08,10,2,0,24129,18947357,30.6,-0.805,-0.805,0.01,0.06,8,2,0,24129,18947357,31.9,-0.815,-0.815,0.07,0.12,3,2,0,24129,18947357,31.3,-0.006,-0.006,-0.17,-0.07,4,2,0,24129,18947357,31.9,-0.002,-0.002,-0.1,-0.16,10,2,0,23967,18947355,29.9,0.002,0.001,0.16,0.13,4,2,0,23967,18947355,29.9,-0.826,-0.826,0.12,0.1,2,2,0,23967,18947355,30.6,-0.004,-0.005,0.02,0.19,3,2,0,23967,18947355,29.9,-0.81,-0.811,0.0,0.03,3,2,0,23967,18947355,30.6
30,18922834836595,18922843969536,hold,0.6346720910005388,19.364134,0.09234398748958483,9.132941,1.5760630012664478,2.6119440008187667,0.0762939453125,24130,23968,0.0,0.0,0.03,0.07,0,2,0,24130,18947377,30.6,-0.001,-0.001,-0.02,0.06,15,2,0,24130,18947377,30.6,-0.805,-0.805,-0.05,-0.08,13,2,0,24130,18947377,31.9,-0.815,-0.815,-0.04,-0.18,8,2,0,24130,18947377,31.3,-0.006,-0.006,0.09,-0.13,9,2,0,24130,18947377,31.9,-0.002,-0.002,-0.05,0.34,1,2,0,23968,18947376,29.9,0.002,0.001,0.06,-0.05,10,2,0,23968,18947376,29.9,-0.826,-0.826,-0.16,-0.01,8,2,0,23968,18947376,30.6,-0.004,-0.005,-0.09,-0.16,9,2,0,23968,18947376,29.9,-0.81,-0.811,-0.15,-0.12,9,2,0,23968,18947376,30.6
31,18922854824657,18922865089259,hold,0.654659512998478,21.119723,0.07976598499226384,10.264602,2.824080998834688,3.9020759977574926,0.08320808410644531,24131,23969,0.0,-0.001,-0.09,0.05,5,2,0,24131,18947397,30.6,-0.001,-0.001,-0.06,0.03,4,2,0,24131,18947397,30.6,-0.805,-0.806,0.02,-0.07,3,2,0,24131,18947397,31.9,-0.815,-0.815,0.06,0.08,13,2,0,24131,18947397,31.3,-0.006,-0.006,0.01,-0.17,14,2,0,24131,18947397,31.9,-0.002,-0.002,-0.13,-0.06,6,2,0,23969,18947396,29.9,0.002,0.001,-0.06,0.19,15,2,0,23969,18947396,29.9,-0.826,-0.826,-0.09,-0.04,13,2,0,23969,18947396,30.6,-0.004,-0.004,0.02,-0.05,14,2,0,23969,18947396,29.9,-0.81,-0.81,0.0,0.05,14,2,0,23969,18947396,30.6
32,18922874830320,18922884126019,hold,0.6746645359999093,19.03676,0.08478898598696105,9.295699,1.9960799982072785,3.040856998268282,0.07843971252441406,24132,23970,0.0,0.0,-0.01,-0.13,10,2,0,24132,18947417,30.6,-0.001,-0.001,0.06,-0.06,9,2,0,24132,18947417,30.6,-0.805,-0.806,-0.07,0.02,8,2,0,24132,18947417,31.9,-0.815,-0.816,0.01,-0.13,3,2,0,24132,18947417,31.3,-0.006,-0.006,-0.05,-0.1,4,2,0,24132,18947417,31.9,-0.002,-0.002,-0.03,0.19,12,2,0,23970,18947417,29.9,0.002,0.001,0.02,-0.02,6,2,0,23970,18947417,29.9,-0.826,-0.826,0.05,0.17,4,2,0,23970,18947417,30.6,-0.004,-0.004,0.03,-0.03,5,2,0,23970,18947417,29.9,-0.81,-0.81,-0.02,-0.06,5,2,0,23970,18947417,30.6
33,18922894826382,18922903951386,hold,0.6946620700000494,19.825367,0.08232298569055274,9.125004,1.8767789988487493,2.9264520017022733,0.080108642578125,24133,23971,0.0,-0.001,-0.04,0.23,0,2,0,24133,18947437,30.6,-0.001,-0.001,-0.04,-0.05,14,2,0,24133,18947437,30.6,-0.805,-0.805,0.1,0.13,13,2,0,24133,18947437,31.9,-0.815,-0.816,-0.01,-0.09,8,2,0,24133,18947437,31.3,-0.006,-0.006,-0.05,0.07,9,2,0,24133,18947437,31.9,-0.002,-0.002,-0.05,-0.17,1,2,0,23971,18947436,29.9,0.002,0.002,0.09,0.12,10,2,0,23971,18947436,29.9,-0.826,-0.826,-0.15,0.07,8,2,0,23971,18947436,30.6,-0.004,-0.005,-0.09,0.12,9,2,0,23971,18947436,29.9,-0.81,-0.81,-0.13,0.0,9,2,0,23971,18947436,30.6
34,18922914829229,18922924366025,hold,0.7146622289983497,20.414639,0.08248198355431668,9.536796,2.127637002558913,3.199775001121452,0.08296966552734375,24134,23972,0.0,0.0,-0.12,-0.24,5,2,0,24134,18947457,30.6,-0.001,-0.001,-0.14,-0.09,4,2,0,24134,18947457,30.6,-0.805,-0.805,0.1,-0.09,3,2,0,24134,18947457,31.9,-0.815,-0.816,-0.08,0.14,13,2,0,24134,18947457,31.3,-0.006,-0.006,0.07,-0.05,14,2,0,24134,18947457,31.9,-0.002,-0.002,0.04,0.07,6,2,0,23972,18947456,29.9,0.002,0.001,0.07,-0.19,15,2,0,23972,18947456,29.9,-0.826,-0.826,-0.17,0.0,13,2,0,23972,18947456,30.6,-0.004,-0.004,0.0,-0.06,14,2,0,23972,18947456,29.9,-0.81,-0.81,0.05,0.14,14,2,0,23972,18947456,30.6
35,18922934828107,18922944048475,hold,0.7346634749992518,19.68245,0.08372798401978798,9.220368,1.8651300015335437,2.9057479987386614,0.08177757263183594,24135,23973,0.0,0.0,0.16,0.11,10,2,0,24135,18947477,30.6,-0.001,-0.001,0.15,-0.1,9,2,0,24135,18947477,30.6,-0.805,-0.806,-0.19,0.06,8,2,0,24135,18947477,31.9,-0.815,-0.816,0.05,0.15,3,2,0,24135,18947477,31.3,-0.006,-0.006,-0.11,0.17,4,2,0,24135,18947477,31.9,-0.002,-0.002,-0.15,-0.02,11,2,0,23973,18947476,29.9,0.002,0.001,-0.03,-0.04,5,2,0,23973,18947476,29.9,-0.826,-0.826,0.08,-0.17,3,2,0,23973,18947476,30.6,-0.004,-0.004,-0.01,0.16,4,2,0,23973,18947476,29.9,-0.81,-0.81,0.15,0.21,4,2,0,23973,18947476,30.6
36,18922954826282,18922964308196,hold,0.7546608810007456,20.259721,0.08113398507703096,9.481914,2.116436000505928,3.198974998667836,0.08296966552734375,24136,23974,0.0,-0.001,-0.03,0.02,15,2,0,24136,18947497,30.6,-0.001,-0.001,0.04,0.1,14,2,0,24136,18947497,30.6,-0.805,-0.806,0.18,-0.26,13,2,0,24136,18947497,31.9,-0.815,-0.816,-0.06,-0.07,8,2,0,24136,18947497,31.3,-0.006,-0.006,-0.01,0.0,9,2,0,24136,18947497,31.9,-0.002,-0.002,-0.02,-0.05,0,2,0,23974,18947496,29.9,0.002,0.001,0.17,0.23,10,2,0,23974,18947496,29.9,-0.826,-0.826,-0.16,-0.03,8,2,0,23974,18947496,30.6,-0.004,-0.005,0.08,0.16,9,2,0,23974,18947496,29.9,-0.81,-0.81,0.0,-0.08,9,2,0,23974,18947496,30.6
37,18922974826824,18922983657929,hold,0.7746621599981154,19.349733,0.08241298201028258,8.831105,1.503228002547985,2.5435899988224264,0.10418891906738281,24137,23975,0.0,0.0,-0.1,-0.13,5,2,0,24137,18947517,30.6,-0.001,-0.001,0.0,-0.04,4,2,0,24137,18947517,30.6,-0.805,-0.805,-0.04,-0.17,2,2,0,24137,18947517,31.9,-0.815,-0.816,0.0,-0.02,13,2,0,24137,18947517,31.3,-0.006,-0.006,-0.09,-0.07,14,2,0,24137,18947517,31.9,-0.002,-0.002,-0.01,0.02,5,2,0,23975,18947516,29.9,0.002,0.001,0.0,0.11,0,2,0,23975,18947516,29.9,-0.826,-0.826,-0.03,-0.02,13,2,0,23975,18947516,30.6,-0.004,-0.005,-0.04,0.2,14,2,0,23975,18947516,29.9,-0.81,-0.81,0.15,0.14,14,2,0,23975,18947516,30.6
38,18922994824519,18923003754763,hold,0.7946601740004553,20.096834,0.08042698391363956,8.930244,1.5705589976278134,2.623593001771951,0.08296966552734375,24138,23976,0.0,-0.001,-0.04,-0.05,10,2,0,24138,18947537,30.6,-0.001,-0.001,0.1,0.0,9,2,0,24138,18947537,30.6,-0.805,-0.805,-0.04,0.11,7,2,0,24138,18947537,31.9,-0.815,-0.815,0.1,0.06,3,2,0,24138,18947537,31.3,-0.006,-0.006,-0.01,-0.03,4,2,0,24138,18947537,31.9,-0.002,-0.002,0.03,-0.21,9,2,0,23976,18947535,29.9,0.002,0.001,-0.03,0.01,4,2,0,23976,18947535,29.9,-0.826,-0.826,0.09,0.03,1,2,0,23976,18947535,30.6,-0.004,-0.004,-0.06,0.06,3,2,0,23976,18947535,29.9,-0.81,-0.81,0.0,-0.17,3,2,0,23976,18947535,30.6
39,18923014825893,18923024423876,hold,0.8146600449981634,20.669113,0.08029798118514009,9.597983,2.0920829992974177,3.182430999004282,0.08463859558105469,24139,23977,0.0,0.0,0.08,0.22,15,2,0,24139,18947557,30.6,-0.001,-0.001,0.05,0.14,14,2,0,24139,18947557,30.6,-0.805,-0.806,-0.08,0.01,12,2,0,24139,18947557,31.9,-0.815,-0.815,0.01,-0.07,8,2,0,24139,18947557,31.3,-0.006,-0.006,-0.03,-0.03,9,2,0,24139,18947557,31.9,-0.002,-0.002,-0.13,-0.08,14,2,0,23977,18947555,29.9,0.002,0.001,-0.07,0.18,9,2,0,23977,18947555,29.9,-0.826,-0.826,-0.07,0.0,6,2,0,23977,18947555,30.6,-0.004,-0.004,0.02,-0.26,8,2,0,23977,18947555,29.9,-0.81,-0.81,0.1,-0.27,8,2,0,23977,18947555,30.6
40,18923034826404,18923044470117,hold,0.8346625079975638,20.046241,0.08276098014903255,9.643713,2.2322490003716666,3.307652001240058,0.08296966552734375,24140,23978,0.0,0.0,0.11,0.25,5,2,0,24140,18947577,30.6,-0.001,-0.001,0.19,-0.07,4,2,0,24140,18947577,30.6,-0.805,-0.805,-0.01,-0.04,2,2,0,24140,18947577,31.9,-0.815,-0.815,-0.02,0.14,13,2,0,24140,18947577,31.3,-0.006,-0.006,-0.01,-0.11,14,2,0,24140,18947577,31.9,-0.002,-0.002,-0.04,0.05,5,2,0,23978,18947576,29.9,0.002,0.001,0.14,0.04,0,2,0,23978,18947576,29.9,-0.826,-0.826,-0.08,0.05,12,2,0,23978,18947576,30.6,-0.004,-0.004,-0.11,0.02,14,2,0,23978,18947576,29.9,-0.81,-0.81,0.05,-0.03,14,2,0,23978,18947576,30.6
41,18923054828898,18923063751494,hold,0.854664201997366,19.281377,0.08445497951470315,8.922596,1.6116799997689668,2.648649002367165,0.08416175842285156,24141,23979,0.0,-0.001,0.07,0.28,10,2,0,24141,18947597,30.6,-0.001,-0.001,0.1,-0.09,9,2,0,24141,18947597,30.6,-0.805,-0.805,0.0,0.05,7,2,0,24141,18947597,31.9,-0.815,-0.815,0.05,-0.28,3,2,0,24141,18947597,31.3,-0.006,-0.006,0.02,-0.23,4,2,0,24141,18947597,31.9,-0.002,-0.002,0.0,0.02,10,2,0,23979,18947596,29.9,0.002,0.001,0.01,-0.1,5,2,0,23979,18947596,29.9,-0.826,-0.826,0.03,-0.09,2,2,0,23979,18947596,30.6,-0.004,-0.004,0.0,-0.01,4,2,0,23979,18947596,29.9,-0.81,-0.81,0.11,-0.02,4,2,0,23979,18947596,30.6
42,18923074823905,18923084282266,hold,0.8746600729973579,20.530772,0.08032597907003947,9.458361,2.0802429971809033,3.128028998617083,0.11849403381347656,24142,23980,0.0,-0.001,0.04,-0.09,15,2,0,24142,18947617,30.6,-0.001,-0.001,-0.02,0.08,14,2,0,24142,18947617,30.6,-0.805,-0.805,-0.15,0.04,12,2,0,24142,18947617,31.9,-0.815,-0.815,0.11,0.14,8,2,0,24142,18947617,31.3,-0.006,-0.006,0.1,-0.15,9,2,0,24142,18947617,31.9,-0.002,-0.002,0.1,0.13,15,2,0,23980,18947616,29.9,0.002,0.001,-0.02,0.03,10,2,0,23980,18947616,29.9,-0.826,-0.826,-0.06,-0.15,7,2,0,23980,18947616,30.6,-0.004,-0.005,0.08,-0.04,9,2,0,23980,18947616,29.9,-0.81,-0.81,0.27,0.08,9,2,0,23980,18947616,30.6
43,18923094828351,18923104406590,hold,0.8946635590000369,20.124324,0.08381198131246492,9.578239,2.212759998656111,3.2966439976007678,0.08630752563476562,24143,23981,0.0,0.0,-0.11,-0.01,5,2,0,24143,18947637,30.6,-0.001,-0.001,-0.1,-0.09,4,2,0,24143,18947637,30.6,-0.805,-0.806,-0.18,0.1,2,2,0,24143,18947637,31.9,-0.815,-0.815,-0.06,0.09,13,2,0,24143,18947637,31.3,-0.006,-0.006,-0.09,-0.01,14,2,0,24143,18947637,31.9,-0.002,-0.002,-0.14,-0.06,5,2,0,23981,18947636,29.9,0.002,0.001,-0.02,0.04,15,2,0,23981,18947636,29.9,-0.826,-0.826,0.08,0.06,12,2,0,23981,18947636,30.6,-0.004,-0.005,-0.08,0.01,14,2,0,23981,18947636,29.9,-0.81,-0.81,0.05,0.06,14,2,0,23981,18947636,30.6
44,18923114831390,18923124294936,hold,0.9146633339987602,19.888346,0.08358697959920391,9.463546,2.0753149983647745,3.1323490002250765,0.12087821960449219,24144,23982,0.0,0.0,-0.08,0.04,10,2,0,24144,18947657,30.6,-0.001,-0.001,0.03,0.12,9,2,0,24144,18947657,30.6,-0.805,-0.806,-0.1,0.22,7,2,0,24144,18947657,31.9,-0.815,-0.815,-0.04,-0.01,3,2,0,24144,18947657,31.3,-0.006,-0.006,0.11,0.05,4,2,0,24144,18947657,31.9,-0.002,-0.002,0.12,-0.25,10,2,0,23982,18947656,29.9,0.002,0.001,-0.27,-0.01,5,2,0,23982,18947656,29.9,-0.826,-0.826,0.01,-0.01,2,2,0,23982,18947656,30.6,-0.004,-0.004,-0.12,-0.03,4,2,0,23982,18947656,29.9,-0.81,-0.81,-0.03,0.0,4,2,0,23982,18947656,30.6
45,18923134828764,18923144468349,hold,0.9346648360005929,20.173413,0.08508898099535145,9.639585,2.2639310009253677,3.34490199747961,0.08726119995117188,24145,23983,0.0,0.0,0.19,-0.1,15,2,0,24145,18947677,30.6,-0.001,-0.001,0.0,0.05,14,2,0,24145,18947677,30.6,-0.805,-0.805,0.01,0.02,12,2,0,24145,18947677,31.9,-0.815,-0.815,0.03,-0.17,8,2,0,24145,18947677,31.3,-0.006,-0.006,-0.06,-0.1,9,2,0,24145,18947677,31.9,-0.002,-0.002,-0.01,-0.22,0,2,0,23983,18947676,29.9,0.002,0.001,-0.03,0.13,10,2,0,23983,18947676,29.9,-0.826,-0.826,0.08,-0.07,7,2,0,23983,18947676,30.6,-0.004,-0.005,0.0,0.06,9,2,0,23983,18947676,29.9,-0.81,-0.811,-0.18,-0.04,9,2,0,23983,18947676,30.6
46,18923154830459,18923164376152,hold,0.9546627870004158,19.907803,0.08303998038172722,9.545693,2.1242760012682993,3.197183999873232,0.08821487426757812,24146,23984,0.0,0.0,-0.04,-0.01,5,2,0,24146,18947697,30.6,-0.001,-0.001,-0.05,0.06,4,2,0,24146,18947697,30.6,-0.805,-0.805,-0.04,0.09,2,2,0,24146,18947697,31.9,-0.815,-0.815,0.06,-0.09,13,2,0,24146,18947697,31.3,-0.006,-0.006,0.07,-0.16,14,2,0,24146,18947697,31.9,-0.002,-0.002,-0.03,-0.01,5,2,0,23984,18947696,29.9,0.002,0.001,-0.01,0.26,15,2,0,23984,18947696,29.9,-0.826,-0.826,-0.09,0.1,12,2,0,23984,18947696,30.6,-0.004,-0.005,-0.05,-0.04,14,2,0,23984,18947696,29.9,-0.81,-0.81,0.1,0.05,14,2,0,23984,18947696,30.6
47,18923174827129,18923183566038,hold,0.9746626889973413,19.189886,0.08294197687064297,8.738909,1.4851790001557674,2.521220998460194,0.08726119995117188,24147,23985,0.0,-0.001,-0.05,-0.02,10,2,0,24147,18947717,30.6,-0.001,-0.001,0.05,0.02,9,2,0,24147,18947717,30.6,-0.805,-0.805,0.1,0.05,7,2,0,24147,18947717,31.9,-0.815,-0.815,0.07,0.06,3,2,0,24147,18947717,31.3,-0.006,-0.006,0.16,0.09,4,2,0,24147,18947717,31.9,-0.002,-0.002,0.06,0.08,10,2,0,23985,18947716,29.9,0.002,0.001,-0.01,0.25,5,2,0,23985,18947716,29.9,-0.826,-0.826,0.01,-0.05,2,2,0,23985,18947716,30.6,-0.004,-0.004,0.06,0.24,4,2,0,23985,18947716,29.9,-0.81,-0.81,0.07,-0.15,4,2,0,23985,18947716,30.6
48,18923194826328,18923203678073,hold,0.9946593919994484,20.112035,0.07964497854118235,8.851745,1.5188120014499873,2.565221999248024,0.08821487426757812,24148,23986,0.0,-0.001,-0.01,0.2,15,2,0,24148,18947737,30.6,-0.001,-0.001,0.0,0.08,14,2,0,24148,18947737,30.6,-0.805,-0.805,-0.09,0.24,12,2,0,24148,18947737,31.9,-0.815,-0.816,0.01,0.14,8,2,0,24148,18947737,31.3,-0.006,-0.006,-0.04,-0.01,9,2,0,24148,18947737,31.9,-0.002,-0.002,0.04,0.03,14,2,0,23986,18947735,29.9,0.002,0.001,0.11,-0.08,9,2,0,23986,18947735,29.9,-0.826,-0.826,0.05,0.01,6,2,0,23986,18947735,30.6,-0.004,-0.004,0.09,-0.2,8,2,0,23986,18947735,29.9,-0.81,-0.81,-0.02,-0.28,8,2,0,23986,18947735,30.6
49,18923214831446,18923223657335,step_pos,2.239998138975352e-06,19.979262,0.002239998138975352,8.825889,1.4870670020172838,2.5326770009996835,0.08821487426757812,24149,23987,0.02,0.0,-0.02,-0.11,5,2,0,24149,18947757,30.6,0.019,-0.001,0.01,-0.12,4,2,0,24149,18947757,30.6,-0.785,-0.805,-0.01,0.03,2,2,0,24149,18947757,31.9,-0.7949999999999999,-0.816,-0.1,-0.09,13,2,0,24149,18947757,31.3,0.014,-0.006,0.19,0.12,14,2,0,24149,18947757,31.9,0.018000000000000002,-0.002,0.1,-0.08,4,2,0,23987,18947755,29.9,0.022,0.001,-0.07,0.13,14,2,0,23987,18947755,29.9,-0.8059999999999999,-0.826,-0.02,0.06,11,2,0,23987,18947755,30.6,0.016,-0.005,-0.08,0.04,13,2,0,23987,18947755,29.9,-0.79,-0.81,0.08,0.13,13,2,0,23987,18947755,30.6
50,18923234912408,18923243831004,step_pos,0.02008560199828935,20.173669,0.0856019978527911,8.918596,1.558366002427647,2.6017679992946796,0.08726119995117188,24150,23988,0.02,0.0,0.09,-0.08,10,2,0,24150,18947777,30.6,0.019,-0.001,0.05,-0.2,9,2,0,24150,18947777,30.6,-0.785,-0.805,-0.07,-0.11,7,2,0,24150,18947777,31.9,-0.7949999999999999,-0.815,-0.04,0.05,3,2,0,24150,18947777,31.3,0.014,-0.006,0.0,-0.08,4,2,0,24150,18947777,31.9,0.018000000000000002,-0.002,-0.09,-0.16,9,2,0,23988,18947775,29.9,0.022,0.001,0.08,-0.15,4,2,0,23988,18947775,29.9,-0.8059999999999999,-0.826,0.14,0.07,1,2,0,23988,18947775,30.6,0.016,-0.005,-0.15,0.16,3,2,0,23988,18947775,29.9,-0.79,-0.81,-0.06,0.2,3,2,0,23988,18947775,30.6
51,18923254942296,18923264311630,step_pos,0.040114977997291135,20.480626,0.11497799641801976,9.369334,2.0108009994146414,3.0959960022300947,0.09202957153320312,24151,23989,0.02,0.001,0.43,0.34,15,2,0,24151,18947797,30.6,0.019,0.001,0.5,0.39,14,2,0,24151,18947797,30.6,-0.785,-0.802,0.52,0.32,12,2,0,24151,18947797,31.9,-0.7949999999999999,-0.81,0.52,0.22,8,2,0,24151,18947797,31.3,0.014,-0.001,0.48,0.03,9,2,0,24151,18947797,31.9,0.018000000000000002,-0.001,0.49,0.25,15,2,0,23989,18947796,29.9,0.022,0.006,0.53,0.2,10,2,0,23989,18947796,29.9,-0.8059999999999999,-0.821,0.59,0.09,7,2,0,23989,18947796,30.6,0.016,0.001,0.46,0.04,9,2,0,23989,18947796,29.9,-0.79,-0.806,0.61,0.16,9,2,0,23989,18947796,30.6
52,18923274907733,18923284197320,step_pos,0.06008185499740648,19.88569,0.08185499609680846,9.289587,1.8451299984008074,2.8906110019306652,0.09012222290039062,24152,23990,0.02,0.016,0.18,0.09,5,2,0,24152,18947817,30.6,0.019,0.015,0.28,0.16,4,2,0,24152,18947817,30.6,-0.785,-0.79,0.35,0.15,2,2,0,24152,18947817,31.9,-0.7949999999999999,-0.803,0.4,0.07,13,2,0,24152,18947817,31.3,0.014,0.006,0.38,0.27,14,2,0,24152,18947817,31.9,0.018000000000000002,0.012,0.27,0.25,5,2,0,23990,18947816,29.9,0.022,0.014,0.59,0.01,15,2,0,23990,18947816,29.9,-0.8059999999999999,-0.814,0.38,0.01,12,2,0,23990,18947816,30.6,0.016,0.009,0.44,0.13,14,2,0,23990,18947816,29.9,-0.79,-0.798,0.28,0.1,14,2,0,23990,18947816,30.6
53,18923294909556,18923303818647,step_pos,0.08008316599807586,19.621327,0.08316599632962607,8.909091,1.5505259980272967,2.6013199967565015,0.09131431579589844,24153,23991,0.02,0.017,0.23,0.15,10,2,0,24153,18947837,30.6,0.019,0.017,0.17,0.02,9,2,0,24153,18947837,30.6,-0.785,-0.788,0.08,0.05,7,2,0,24153,18947837,31.9,-0.7949999999999999,-0.798,0.08,0.09,3,2,0,24153,18947837,31.3,0.014,0.01,0.14,0.42,4,2,0,24153,18947837,31.9,0.018000000000000002,0.014,-0.02,0.12,10,2,0,23991,18947836,29.9,0.022,0.019,0.02,0.39,5,2,0,23991,18947836,29.9,-0.8059999999999999,-0.81,-0.05,0.13,2,2,0,23991,18947836,30.6,0.016,0.015,0.04,0.1,3,2,0,23991,18947836,29.9,-0.79,-0.793,0.19,0.05,4,2,0,23991,18947836,30.6
54,18923314905714,18923323758451,step_pos,0.10007945200050017,19.939804,0.07945199831738137,8.852737,1.4877710018481594,2.5285490009991918,0.08940696716308594,24154,23992,0.02,0.017,0.07,0.04,15,2,0,24154,18947857,30.6,0.019,0.018,0.03,0.05,14,2,0,24154,18947857,30.6,-0.785,-0.786,0.15,0.04,12,2,0,24154,18947857,31.9,-0.7949999999999999,-0.797,-0.02,0.05,8,2,0,24154,18947857,31.3,0.014,0.01,0.07,0.33,9,2,0,24154,18947857,31.9,0.018000000000000002,0.015,0.0,0.16,15,2,0,23992,18947856,29.9,0.022,0.019,0.05,0.2,10,2,0,23992,18947856,29.9,-0.8059999999999999,-0.81,0.07,0.14,7,2,0,23992,18947856,30.6,0.016,0.015,-0.02,-0.05,8,2,0,23992,18947856,29.9,-0.79,-0.793,-0.04,0.2,9,2,0,23992,18947856,30.6
55,18923334910385,18923343841461,step_pos,0.12008136999793351,20.08301,0.08136999531416222,8.931076,1.5397419992950745,2.5841989991022274,0.08988380432128906,24155,23993,0.02,0.018,0.07,0.17,5,2,0,24155,18947877,30.6,0.019,0.018,0.09,0.05,4,2,0,24155,18947877,30.6,-0.785,-0.785,-0.03,-0.03,2,2,0,24155,18947877,31.9,-0.7949999999999999,-0.797,-0.04,0.08,13,2,0,24155,18947877,31.3,0.014,0.011,0.11,0.28,14,2,0,24155,18947877,31.9,0.018000000000000002,0.016,0.06,0.1,5,2,0,23993,18947876,29.9,0.022,0.019,-0.01,0.1,15,2,0,23993,18947876,29.9,-0.8059999999999999,-0.81,-0.09,0.18,12,2,0,23993,18947876,30.6,0.016,0.015,0.04,0.14,13,2,0,23993,18947876,29.9,-0.79,-0.793,-0.08,0.15,14,2,0,23993,18947876,30.6
56,18923354905903,18923364599826,step_pos,0.14007957699868712,20.758365,0.07957699563121423,9.693923,2.2507129979203455,3.330405001179315,0.09489059448242188,24156,23994,0.02,0.018,0.01,-0.04,10,2,0,24156,18947897,30.6,0.019,0.018,-0.01,0.01,9,2,0,24156,18947897,30.6,-0.785,-0.785,-0.04,-0.04,7,2,0,24156,18947897,31.9,-0.7949999999999999,-0.797,-0.11,-0.04,3,2,0,24156,18947897,31.3,0.014,0.01,0.14,0.36,4,2,0,24156,18947897,31.9,0.018000000000000002,0.016,-0.14,0.23,10,2,0,23994,18947896,29.9,0.022,0.019,0.1,0.04,5,2,0,23994,18947896,29.9,-0.8059999999999999,-0.81,-0.03,0.49,2,2,0,23994,18947896,30.6,0.016,0.014,-0.16,0.19,3,2,0,23994,18947896,29.9,-0.79,-0.793,-0.03,0.18,4,2,0,23994,18947896,30.6
57,18923374910446,18923383788304,step_pos,0.160082391998003,19.188478,0.08239199451054446,8.877858,1.5052439994178712,2.5552059996698517,0.09417533874511719,24157,23995,0.02,0.018,-0.03,0.2,15,2,0,24157,18947917,30.6,0.019,0.018,0.05,0.08,14,2,0,24157,18947917,30.6,-0.785,-0.785,-0.06,-0.1,12,2,0,24157,18947917,31.9,-0.7949999999999999,-0.796,0.06,0.32,8,2,0,24157,18947917,31.3,0.014,0.011,0.03,0.26,9,2,0,24157,18947917,31.9,0.018000000000000002,0.016,-0.17,0.13,0,2,0,23995,18947916,29.9,0.022,0.019,0.02,0.12,10,2,0,23995,18947916,29.9,-0.8059999999999999,-0.81,0.04,0.19,7,2,0,23995,18947916,30.6,0.016,0.014,-0.07,0.06,8,2,0,23995,18947916,29.9,-0.79,-0.792,0.0,0.33,9,2,0,23995,18947916,30.6
58,18923394911340,18923404675762,step_pos,0.18008165399805875,20.887458,0.08165399412973784,9.764422,2.263546997710364,3.3499579985800665,0.09417533874511719,24158,23996,0.02,0.018,0.0,0.16,5,2,0,24158,18947937,30.6,0.019,0.018,-0.09,0.07,4,2,0,24158,18947937,30.6,-0.785,-0.785,-0.04,-0.11,2,2,0,24158,18947937,31.9,-0.7949999999999999,-0.797,-0.05,-0.19,13,2,0,24158,18947937,31.3,0.014,0.011,-0.06,0.23,14,2,0,24158,18947937,31.9,0.018000000000000002,0.016,-0.11,0.04,5,2,0,23996,18947936,29.9,0.022,0.019,-0.02,0.32,15,2,0,23996,18947936,29.9,-0.8059999999999999,-0.81,0.0,0.0,12,2,0,23996,18947936,30.6,0.016,0.014,-0.12,0.14,13,2,0,23996,18947936,29.9,-0.79,-0.793,-0.01,0.18,14,2,0,23996,18947936,30.6
59,18923414910795,18923423763692,step_pos,0.20008405299813603,19.08793,0.08405299377045594,8.852897,1.508155997726135,2.556229999754578,0.09393692016601562,24159,23997,0.02,0.018,0.06,0.15,10,2,0,24159,18947957,30.6,0.019,0.019,0.05,0.23,9,2,0,24159,18947957,30.6,-0.785,-0.785,0.15,0.0,7,2,0,24159,18947957,31.9,-0.7949999999999999,-0.796,-0.02,0.27,3,2,0,24159,18947957,31.3,0.014,0.011,-0.11,0.02,4,2,0,24159,18947957,31.9,0.018000000000000002,0.016,0.04,0.13,10,2,0,23997,18947956,29.9,0.022,0.019,-0.06,0.07,4,2,0,23997,18947956,29.9,-0.8059999999999999,-0.81,-0.09,0.2,2,2,0,23997,18947956,30.6,0.016,0.014,-0.11,0.17,3,2,0,23997,18947956,29.9,-0.79,-0.792,0.05,0.09,4,2,0,23997,18947956,30.6
60,18923434908777,18923443937202,step_pos,0.2200821629994607,20.17351,0.08216299465857446,9.028425,1.56393499855767,2.6126800003112294,0.09226799011230469,24160,23998,0.02,0.018,0.02,0.04,15,2,0,24160,18947977,30.6,0.019,0.019,-0.03,0.09,14,2,0,24160,18947977,30.6,-0.785,-0.785,-0.11,-0.08,12,2,0,24160,18947977,31.9,-0.7949999999999999,-0.796,-0.04,0.05,8,2,0,24160,18947977,31.3,0.014,0.012,-0.02,0.03,9,2,0,24160,18947977,31.9,0.018000000000000002,0.016,-0.03,0.01,15,2,0,23998,18947976,29.9,0.022,0.019,-0.15,-0.06,9,2,0,23998,18947976,29.9,-0.8059999999999999,-0.81,0.07,-0.06,7,2,0,23998,18947976,30.6,0.016,0.015,0.02,0.08,8,2,0,23998,18947976,29.9,-0.79,-0.793,-0.02,0.08,9,2,0,23998,18947976,30.6
61,18923454908872,18923464343296,step_pos,0.2400819699978456,20.406094,0.08196999260690063,9.434424,2.0815230018342845,3.1767990003572777,0.09489059448242188,24161,23999,0.02,0.018,0.07,0.09,5,2,0,24161,18947997,30.6,0.019,0.019,0.01,-0.27,4,2,0,24161,18947997,30.6,-0.785,-0.785,-0.16,-0.08,2,2,0,24161,18947997,31.9,-0.7949999999999999,-0.796,0.0,0.04,13,2,0,24161,18947997,31.3,0.014,0.012,-0.01,0.05,14,2,0,24161,18947997,31.9,0.018000000000000002,0.016,0.0,0.03,5,2,0,23999,18947996,29.9,0.022,0.019,-0.08,0.19,14,2,0,23999,18947996,29.9,-0.8059999999999999,-0.81,-0.02,0.36,12,2,0,23999,18947996,30.6,0.016,0.014,0.11,-0.12,13,2,0,23999,18947996,29.9,-0.79,-0.792,-0.04,0.08,14,2,0,23999,18947996,30.6
62,18923474908294,18923484385056,step_pos,0.26008180799908587,20.04176,0.08180799341062084,9.476762,2.0833150010730606,3.160733998811338,0.09465217590332031,24162,24000,0.02,0.018,-0.15,0.06,10,2,0,24162,18948017,30.6,0.019,0.019,-0.08,0.1,9,2,0,24162,18948017,30.6,-0.785,-0.785,0.02,0.01,7,2,0,24162,18948017,31.9,-0.7949999999999999,-0.796,-0.07,0.14,3,2,0,24162,18948017,31.3,0.014,0.013,-0.04,0.04,4,2,0,24162,18948017,31.9,0.018000000000000002,0.016,-0.09,0.09,10,2,0,24000,18948016,29.9,0.022,0.019,0.06,0.13,4,2,0,24000,18948016,29.9,-0.8059999999999999,-0.81,0.06,0.14,2,2,0,24000,18948016,30.6,0.016,0.015,0.01,-0.04,3,2,0,24000,18948016,29.9,-0.79,-0.793,-0.01,0.16,4,2,0,24000,18948016,30.6
63,18923494910501,18923503775687,step_pos,0.2800844630000938,19.390631,0.08446299398201518,8.865186,1.5738549991510808,2.621800002089003,0.09274482727050781,24163,24001,0.02,0.018,0.09,0.14,15,2,0,24163,18948037,30.6,0.019,0.019,0.13,0.2,14,2,0,24163,18948037,30.6,-0.785,-0.785,-0.03,0.08,12,2,0,24163,18948037,31.9,-0.7949999999999999,-0.796,-0.14,0.19,8,2,0,24163,18948037,31.3,0.014,0.013,0.05,-0.07,8,2,0,24163,18948037,31.9,0.018000000000000002,0.016,0.1,0.02,15,2,0,24001,18948036,29.9,0.022,0.019,0.1,-0.05,9,2,0,24001,18948036,29.9,-0.8059999999999999,-0.81,0.05,0.18,7,2,0,24001,18948036,30.6,0.016,0.014,0.08,0.22,8,2,0,24001,18948036,29.9,-0.79,-0.793,0.01,0.07,9,2,0,24001,18948036,30.6
64,18923514907875,18923523796454,step_pos,0.30008164500031853,20.020767,0.0816449937701691,8.888579,1.5108769985090476,2.563239002483897,0.09751319885253906,24164,24002,0.02,0.018,0.1,0.0,5,2,0,24164,18948057,30.6,0.019,0.019,0.01,0.06,4,2,0,24164,18948057,30.6,-0.785,-0.785,0.03,0.13,2,2,0,24164,18948057,31.9,-0.7949999999999999,-0.796,0.13,0.07,13,2,0,24164,18948057,31.3,0.014,0.013,0.12,0.13,13,2,0,24164,18948057,31.9,0.018000000000000002,0.016,0.03,0.03,5,2,0,24002,18948056,29.9,0.022,0.02,-0.03,0.09,14,2,0,24002,18948056,29.9,-0.8059999999999999,-0.81,0.0,0.14,12,2,0,24002,18948056,30.6,0.016,0.015,0.1,0.22,13,2,0,24002,18948056,29.9,-0.79,-0.793,-0.13,0.18,14,2,0,24002,18948056,30.6
65,18923534910626,18923543855367,step_pos,0.3200857720003114,20.058913,0.08577199332648888,8.944741,1.5571179974358529,2.6059279989567585,0.09822845458984375,24165,24003,0.02,0.018,-0.12,0.21,9,2,0,24165,18948077,30.6,0.019,0.019,0.07,0.1,9,2,0,24165,18948077,30.6,-0.785,-0.785,0.0,-0.05,7,2,0,24165,18948077,31.9,-0.7949999999999999,-0.796,-0.01,0.05,2,2,0,24165,18948077,31.3,0.014,0.013,-0.01,0.13,3,2,0,24165,18948077,31.9,0.018000000000000002,0.016,0.06,0.04,10,2,0,24003,18948076,29.9,0.022,0.02,0.01,0.2,4,2,0,24003,18948076,29.9,-0.8059999999999999,-0.81,-0.11,0.29,2,2,0,24003,18948076,30.6,0.016,0.015,-0.09,-0.18,3,2,0,24003,18948076,29.9,-0.79,-0.792,-0.05,0.08,4,2,0,24003,18948076,30.6
66,18923554908128,18923564267766,step_pos,0.34008119399732095,20.412399,0.08119398989947513,9.359638,1.9898710015695542,3.063194999413099,0.13017654418945312,24166,24004,0.02,0.018,0.03,-0.09,14,2,0,24166,18948097,30.6,0.019,0.019,0.01,-0.21,14,2,0,24166,18948097,30.6,-0.785,-0.785,-0.08,0.05,12,2,0,24166,18948097,31.9,-0.7949999999999999,-0.796,-0.18,0.32,7,2,0,24166,18948097,31.3,0.014,0.013,-0.02,0.14,8,2,0,24166,18948097,31.9,0.018000000000000002,0.016,0.09,0.21,15,2,0,24004,18948096,29.9,0.022,0.02,0.01,0.27,9,2,0,24004,18948096,29.9,-0.8059999999999999,-0.81,0.01,0.21,7,2,0,24004,18948096,30.6,0.016,0.015,-0.02,0.13,8,2,0,24004,18948096,29.9,-0.79,-0.792,0.08,-0.07,9,2,0,24004,18948096,30.6
67,18923574907935,18923583736607,step_pos,0.36008180099815945,19.468841,0.08180099030141719,8.828672,1.5067800013639499,2.5525819983158726,0.09679794311523438,24167,24005,0.02,0.018,-0.09,0.19,4,2,0,24167,18948117,30.6,0.019,0.019,-0.09,0.05,4,2,0,24167,18948117,30.6,-0.785,-0.785,0.02,-0.09,2,2,0,24167,18948117,31.9,-0.7949999999999999,-0.796,0.09,0.25,12,2,0,24167,18948117,31.3,0.014,0.013,-0.07,0.09,13,2,0,24167,18948117,31.9,0.018000000000000002,0.016,-0.01,0.06,5,2,0,24005,18948116,29.9,0.022,0.02,-0.03,0.19,14,2,0,24005,18948116,29.9,-0.8059999999999999,-0.81,-0.02,0.15,12,2,0,24005,18948116,30.6,0.016,0.015,0.04,0.05,13,2,0,24005,18948116,29.9,-0.79,-0.792,0.0,0.11,14,2,0,24005,18948116,30.6
68,18923594936094,18923604639042,step_pos,0.3801080079974781,20.902435,0.10800798918353394,9.702948,2.2506819987029303,3.3304369972029235,0.10085105895996094,24168,24006,0.02,0.018,0.14,0.14,9,2,0,24168,18948137,30.6,0.019,0.019,0.01,0.14,9,2,0,24168,18948137,30.6,-0.785,-0.785,-0.07,0.0,7,2,0,24168,18948137,31.9,-0.7949999999999999,-0.796,0.11,-0.14,2,2,0,24168,18948137,31.3,0.014,0.013,-0.05,0.1,3,2,0,24168,18948137,31.9,0.018000000000000002,0.016,-0.09,0.16,10,2,0,24006,18948136,29.9,0.022,0.02,0.14,-0.02,4,2,0,24006,18948136,29.9,-0.8059999999999999,-0.81,-0.02,0.01,2,2,0,24006,18948136,30.6,0.016,0.015,-0.01,-0.03,3,2,0,24006,18948136,29.9,-0.79,-0.792,-0.05,0.14,3,2,0,24006,18948136,30.6
69,18923614910780,18923623773598,step_pos,0.40008416599812335,19.134556,0.08416598939220421,8.862818,1.5019479978946038,2.5480059994151816,0.09965896606445312,24169,24007,0.02,0.018,-0.03,0.16,14,2,0,24169,18948157,30.6,0.019,0.019,0.0,0.12,14,2,0,24169,18948157,30.6,-0.785,-0.785,-0.18,-0.15,12,2,0,24169,18948157,31.9,-0.7949999999999999,-0.796,-0.16,0.12,7,2,0,24169,18948157,31.3,0.014,0.013,-0.02,-0.06,8,2,0,24169,18948157,31.9,0.018000000000000002,0.016,0.0,0.16,0,2,0,24007,18948156,29.9,0.022,0.02,-0.19,0.16,9,2,0,24007,18948156,29.9,-0.8059999999999999,-0.81,0.0,0.17,7,2,0,24007,18948156,30.6,0.016,0.015,0.02,-0.27,8,2,0,24007,18948156,29.9,-0.79,-0.793,-0.15,-0.07,8,2,0,24007,18948156,30.6
70,18923634912026,18923643847679,step_pos,0.4200857959986024,20.074081,0.08579598943470046,8.935653,1.5652780020900536,2.6134479994652793,0.09822845458984375,24170,24008,0.02,0.018,-0.09,0.01,4,2,0,24170,18948177,30.6,0.019,0.019,0.01,-0.14,4,2,0,24170,18948177,30.6,-0.785,-0.785,-0.01,0.1,2,2,0,24170,18948177,31.9,-0.7949999999999999,-0.796,-0.1,-0.19,12,2,0,24170,18948177,31.3,0.014,0.013,-0.04,-0.12,13,2,0,24170,18948177,31.9,0.018000000000000002,0.016,-0.12,0.15,4,2,0,24008,18948175,29.9,0.022,0.02,-0.12,0.04,13,2,0,24008,18948175,29.9,-0.8059999999999999,-0.81,0.02,0.18,11,2,0,24008,18948175,30.6,0.016,0.015,0.06,0.22,12,2,0,24008,18948175,29.9,-0.79,-0.792,0.02,0.05,12,2,0,24008,18948175,30.6
71,18923654908857,18923664376819,step_pos,0.4400816029992711,20.52914,0.08160298966686241,9.467962,2.1019719970354345,3.1811510016268585,0.10013580322265625,24171,24009,0.02,0.018,0.19,0.03,9,2,0,24171,18948197,30.6,0.019,0.019,-0.12,-0.13,9,2,0,24171,18948197,30.6,-0.785,-0.785,-0.12,0.11,7,2,0,24171,18948197,31.9,-0.7949999999999999,-0.796,-0.03,-0.09,2,2,0,24171,18948197,31.3,0.014,0.013,0.1,0.13,3,2,0,24171,18948197,31.9,0.018000000000000002,0.016,-0.07,0.2,10,2,0,24009,18948196,29.9,0.022,0.02,-0.15,0.05,4,2,0,24009,18948196,29.9,-0.8059999999999999,-0.81,-0.05,0.16,2,2,0,24009,18948196,30.6,0.016,0.015,0.15,0.13,3,2,0,24009,18948196,29.9,-0.79,-0.793,-0.05,0.18,3,2,0,24009,18948196,30.6
72,18923674908599,18923684286158,step_pos,0.46008291299949633,19.909339,0.08291298945550807,9.377559,2.0321449992479756,3.1009240010462236,0.133514404296875,24172,24010,0.02,0.018,-0.03,-0.03,14,2,0,24172,18948217,30.6,0.019,0.019,0.07,0.1,14,2,0,24172,18948217,30.6,-0.785,-0.785,0.07,0.11,12,2,0,24172,18948217,31.9,-0.7949999999999999,-0.796,0.01,-0.23,7,2,0,24172,18948217,31.3,0.014,0.013,0.04,-0.04,8,2,0,24172,18948217,31.9,0.018000000000000002,0.016,0.0,0.15,15,2,0,24010,18948216,29.9,0.022,0.02,0.01,0.07,9,2,0,24010,18948216,29.9,-0.8059999999999999,-0.81,-0.15,0.2,7,2,0,24010,18948216,30.6,0.016,0.015,0.07,0.06,8,2,0,24010,18948216,29.9,-0.79,-0.792,0.12,0.15,8,2,0,24010,18948216,30.6
73,18923694909526,18923704556407,step_pos,0.4800835519999964,20.270249,0.0835519895190373,9.646881,2.242906000901712,3.3279410017712507,0.10323524475097656,24173,24011,0.02,0.018,-0.08,0.12,4,2,0,24173,18948237,30.6,0.019,0.019,-0.03,-0.07,4,2,0,24173,18948237,30.6,-0.785,-0.785,0.0,-0.01,2,2,0,24173,18948237,31.9,-0.7949999999999999,-0.796,-0.05,-0.02,12,2,0,24173,18948237,31.3,0.014,0.013,-0.06,-0.06,13,2,0,24173,18948237,31.9,0.018000000000000002,0.016,0.0,-0.02,5,2,0,24011,18948236,29.9,0.022,0.02,0.06,0.01,14,2,0,24011,18948236,29.9,-0.8059999999999999,-0.81,-0.04,0.27,12,2,0,24011,18948236,30.6,0.016,0.015,-0.04,0.13,13,2,0,24011,18948236,29.9,-0.79,-0.792,-0.13,0.18,13,2,0,24011,18948236,30.6
74,18923714906868,18923723718932,step_pos,0.5000800620000518,19.162525,0.08006198913790286,8.812064,1.5152599989960436,2.5708540015330072,0.10204315185546875,24174,24012,0.02,0.018,-0.03,0.15,9,2,0,24174,18948257,30.6,0.019,0.019,0.08,-0.09,9,2,0,24174,18948257,30.6,-0.785,-0.785,-0.06,-0.01,7,2,0,24174,18948257,31.9,-0.7949999999999999,-0.796,-0.02,-0.06,2,2,0,24174,18948257,31.3,0.014,0.013,-0.06,0.07,3,2,0,24174,18948257,31.9,0.018000000000000002,0.016,0.11,0.05,10,2,0,24012,18948256,29.9,0.022,0.02,0.05,0.21,4,2,0,24012,18948256,29.9,-0.8059999999999999,-0.81,0.02,0.31,2,2,0,24012,18948256,30.6,0.016,0.015,-0.05,0.29,3,2,0,24012,18948256,29.9,-0.79,-0.792,-0.09,0.13,3,2,0,24012,18948256,30.6
75,18923734907891,18923743815511,step_pos,0.5200809889975062,20.096579,0.0809889861557167,8.90762,1.5774709972902201,2.6182809997408185,0.10061264038085938,24175,24013,0.02,0.018,-0.17,0.15,14,2,0,24175,18948277,30.6,0.019,0.019,0.12,0.09,13,2,0,24175,18948277,30.6,-0.785,-0.785,-0.01,0.13,12,2,0,24175,18948277,31.9,-0.7949999999999999,-0.796,0.07,0.22,7,2,0,24175,18948277,31.3,0.014,0.013,-0.1,-0.01,8,2,0,24175,18948277,31.9,0.018000000000000002,0.016,0.04,0.41,15,2,0,24013,18948276,29.9,0.022,0.02,-0.11,0.2,9,2,0,24013,18948276,29.9,-0.8059999999999999,-0.81,-0.03,0.29,7,2,0,24013,18948276,30.6,0.016,0.015,0.14,-0.22,8,2,0,24013,18948276,29.9,-0.79,-0.792,0.01,0.13,8,2,0,24013,18948276,30.6
76,18923754905617,18923763770035,step_pos,0.5400797389993386,19.954524,0.07973898755153641,8.864418,1.5191330021480098,2.5706950000312645,0.10156631469726562,24176,24014,0.02,0.018,0.08,0.1,4,2,0,24176,18948297,30.6,0.019,0.019,-0.07,0.02,3,2,0,24176,18948297,30.6,-0.785,-0.785,0.09,0.06,2,2,0,24176,18948297,31.9,-0.7949999999999999,-0.796,0.0,0.1,12,2,0,24176,18948297,31.3,0.014,0.013,0.04,0.02,13,2,0,24176,18948297,31.9,0.018000000000000002,0.016,-0.1,0.27,5,2,0,24014,18948296,29.9,0.022,0.02,-0.21,-0.02,14,2,0,24014,18948296,29.9,-0.8059999999999999,-0.81,-0.06,0.24,12,2,0,24014,18948296,30.6,0.016,0.015,-0.09,0.06,13,2,0,24014,18948296,29.9,-0.79,-0.793,0.02,0.12,13,2,0,24014,18948296,30.6
77,18923774908240,18923785263181,step_pos,0.5600800579995848,21.493146,0.08005798736121505,10.354941,2.97611899804906,4.025408998131752,0.10752677917480469,24177,24015,0.02,0.018,0.08,0.1,9,2,0,24177,18948317,30.6,0.019,0.019,-0.06,-0.05,8,2,0,24177,18948317,30.6,-0.785,-0.785,-0.03,-0.07,7,2,0,24177,18948317,31.9,-0.7949999999999999,-0.796,-0.01,0.0,2,2,0,24177,18948317,31.3,0.014,0.013,-0.03,-0.01,3,2,0,24177,18948317,31.9,0.018000000000000002,0.016,-0.01,0.11,10,2,0,24015,18948316,29.9,0.022,0.02,0.09,0.18,4,2,0,24015,18948316,29.9,-0.8059999999999999,-0.81,-0.05,0.26,2,2,0,24015,18948316,30.6,0.016,0.015,-0.09,0.18,3,2,0,24015,18948316,29.9,-0.79,-0.793,-0.02,0.11,3,2,0,24015,18948316,30.6
78,18923794909679,18923805006082,step_pos,0.5800843449978856,19.742901,0.08434498522547074,10.096403,2.7572619983402546,3.841081001155544,0.10728836059570312,24178,24016,0.02,0.018,-0.04,0.16,14,2,0,24178,18948337,30.6,0.019,0.019,-0.02,0.01,13,2,0,24178,18948337,30.6,-0.785,-0.785,0.08,-0.05,12,2,0,24178,18948337,31.9,-0.7949999999999999,-0.795,0.11,0.11,7,2,0,24178,18948337,31.3,0.014,0.013,0.05,0.03,8,2,0,24178,18948337,31.9,0.018000000000000002,0.016,0.01,0.11,1,2,0,24016,18948337,29.9,0.022,0.02,0.0,0.1,10,2,0,24016,18948337,29.9,-0.8059999999999999,-0.81,0.11,0.15,8,2,0,24016,18948337,30.6,0.016,0.015,0.01,0.17,9,2,0,24016,18948337,29.9,-0.79,-0.792,0.04,0.34,9,2,0,24016,18948337,30.6
79,18923814910861,18923824496172,step_pos,0.6000825509981951,19.49009,0.0825509850983508,9.585311,2.1071239971206523,3.1841269992582966,0.11014938354492188,24179,24017,0.02,0.018,-0.04,0.18,4,2,0,24179,18948357,30.6,0.019,0.019,0.21,-0.07,3,2,0,24179,18948357,30.6,-0.785,-0.785,-0.09,0.07,2,2,0,24179,18948357,31.9,-0.7949999999999999,-0.795,0.0,-0.1,12,2,0,24179,18948357,31.3,0.014,0.013,0.04,-0.09,13,2,0,24179,18948357,31.9,0.018000000000000002,0.016,-0.1,0.07,6,2,0,24017,18948357,29.9,0.022,0.02,0.07,0.13,15,2,0,24017,18948357,29.9,-0.8059999999999999,-0.81,0.05,0.13,13,2,0,24017,18948357,30.6,0.016,0.015,0.09,0.03,14,2,0,24017,18948357,29.9,-0.79,-0.792,0.01,0.07,14,2,0,24017,18948357,30.6
80,18923834907756,18923844698162,step_pos,0.6200821339989488,20.20199,0.08213398541556671,9.790406,2.292283999850042,3.367367000464583,0.10848045349121094,24180,24018,0.02,0.018,-0.1,0.04,9,2,0,24180,18948377,30.6,0.019,0.019,0.03,0.05,8,2,0,24180,18948377,30.6,-0.785,-0.785,0.07,-0.21,7,2,0,24180,18948377,31.9,-0.7949999999999999,-0.796,0.05,-0.22,2,2,0,24180,18948377,31.3,0.014,0.013,-0.14,0.04,3,2,0,24180,18948377,31.9,0.018000000000000002,0.016,0.0,0.11,9,2,0,24018,18948376,29.9,0.022,0.02,-0.04,0.01,4,2,0,24018,18948376,29.9,-0.8059999999999999,-0.81,0.07,0.33,2,2,0,24018,18948376,30.6,0.016,0.015,-0.15,0.19,3,2,0,24018,18948376,29.9,-0.79,-0.792,-0.04,0.18,3,2,0,24018,18948376,30.6
81,18923854917995,18923863869968,step_pos,0.6400846599972283,19.171806,0.08465998325846158,8.951973,1.536669999040896,2.5812870007939637,0.110626220703125,24181,24019,0.02,0.018,0.03,0.15,14,2,0,24181,18948397,30.6,0.019,0.019,0.06,-0.25,13,2,0,24181,18948397,30.6,-0.785,-0.785,0.01,-0.1,12,2,0,24181,18948397,31.9,-0.7949999999999999,-0.795,-0.04,0.03,7,2,0,24181,18948397,31.3,0.014,0.013,0.29,0.0,8,2,0,24181,18948397,31.9,0.018000000000000002,0.016,-0.16,0.1,14,2,0,24019,18948396,29.9,0.022,0.02,-0.11,0.04,9,2,0,24019,18948396,29.9,-0.8059999999999999,-0.81,0.0,0.32,7,2,0,24019,18948396,30.6,0.016,0.015,-0.1,0.29,8,2,0,24019,18948396,29.9,-0.79,-0.792,0.05,0.04,8,2,0,24019,18948396,30.6
82,18923874908137,18923883747562,step_pos,0.6600823869994201,19.877594,0.0823869850137271,8.839425,1.5074530019774102,2.546309999161167,0.10609626770019531,24182,24020,0.02,0.019,0.09,0.13,4,2,0,24182,18948417,30.6,0.019,0.019,-0.01,-0.28,3,2,0,24182,18948417,30.6,-0.785,-0.785,0.05,0.04,1,2,0,24182,18948417,31.9,-0.7949999999999999,-0.796,-0.04,0.2,12,2,0,24182,18948417,31.3,0.014,0.013,-0.02,-0.08,13,2,0,24182,18948417,31.9,0.018000000000000002,0.016,0.04,0.22,4,2,0,24020,18948416,29.9,0.022,0.02,0.0,0.11,14,2,0,24020,18948416,29.9,-0.8059999999999999,-0.81,0.02,0.17,12,2,0,24020,18948416,30.6,0.016,0.015,-0.12,0.05,13,2,0,24020,18948416,29.9,-0.79,-0.792,0.13,0.18,13,2,0,24020,18948416,30.6
83,18923894907847,18923904669837,step_pos,0.6800810729982913,20.922275,0.08107298344839364,9.76199,2.296284001204185,3.381894999620272,0.10967254638671875,24183,24021,0.02,0.018,0.08,0.02,9,2,0,24183,18948437,30.6,0.019,0.019,-0.14,-0.21,8,2,0,24183,18948437,30.6,-0.785,-0.785,0.04,-0.01,6,2,0,24183,18948437,31.9,-0.7949999999999999,-0.796,-0.14,-0.24,2,2,0,24183,18948437,31.3,0.014,0.013,-0.08,-0.1,3,2,0,24183,18948437,31.9,0.018000000000000002,0.016,-0.03,0.17,9,2,0,24021,18948436,29.9,0.022,0.02,0.12,0.08,4,2,0,24021,18948436,29.9,-0.8059999999999999,-0.81,0.02,0.18,2,2,0,24021,18948436,30.6,0.016,0.015,0.0,0.15,3,2,0,24021,18948436,29.9,-0.79,-0.792,0.03,0.13,3,2,0,24021,18948436,30.6
84,18923914909670,18923924381888,step_pos,0.7000832480007375,19.712051,0.0832479854580015,9.472218,2.091155001835432,3.1608300014340784,0.110626220703125,24184,24022,0.02,0.018,0.0,-0.03,14,2,0,24184,18948457,30.6,0.019,0.019,0.08,-0.04,13,2,0,24184,18948457,30.6,-0.785,-0.785,-0.18,0.02,11,2,0,24184,18948457,31.9,-0.7949999999999999,-0.796,-0.11,0.0,7,2,0,24184,18948457,31.3,0.014,0.013,-0.18,-0.11,8,2,0,24184,18948457,31.9,0.018000000000000002,0.016,-0.02,0.17,14,2,0,24022,18948456,29.9,0.022,0.02,-0.04,0.18,9,2,0,24022,18948456,29.9,-0.8059999999999999,-0.81,-0.08,0.3,7,2,0,24022,18948456,30.6,0.016,0.015,-0.09,0.05,8,2,0,24022,18948456,29.9,-0.79,-0.792,-0.1,0.16,8,2,0,24022,18948456,30.6
85,18923934909060,18923944174134,step_pos,0.7200828940003703,19.792246,0.08289398465421982,9.265074,1.8664740018721204,2.898099999583792,0.10633468627929688,24185,24023,0.02,0.018,-0.01,0.09,4,2,0,24185,18948477,30.6,0.019,0.019,0.02,-0.02,3,2,0,24185,18948477,30.6,-0.785,-0.785,-0.03,0.05,1,2,0,24185,18948477,31.9,-0.7949999999999999,-0.795,0.09,0.0,12,2,0,24185,18948477,31.3,0.014,0.013,-0.17,0.01,13,2,0,24185,18948477,31.9,0.018000000000000002,0.016,0.12,0.26,4,2,0,24023,18948476,29.9,0.022,0.019,-0.13,0.24,14,2,0,24023,18948476,29.9,-0.8059999999999999,-0.81,0.05,0.04,12,2,0,24023,18948476,30.6,0.016,0.015,-0.02,0.12,13,2,0,24023,18948476,29.9,-0.79,-0.792,-0.07,0.07,13,2,0,24023,18948476,30.6
86,18923954909635,18923964156916,step_pos,0.7400827649980783,19.982782,0.08276498192572035,9.247281,1.884331002656836,2.926997000031406,0.110626220703125,24186,24024,0.02,0.019,0.0,-0.01,9,2,0,24186,18948497,30.6,0.019,0.019,-0.02,-0.08,8,2,0,24186,18948497,30.6,-0.785,-0.785,-0.06,-0.24,6,2,0,24186,18948497,31.9,-0.7949999999999999,-0.795,0.05,-0.06,2,2,0,24186,18948497,31.3,0.014,0.013,-0.12,0.08,3,2,0,24186,18948497,31.9,0.018000000000000002,0.016,-0.11,0.13,9,2,0,24024,18948496,29.9,0.022,0.02,-0.09,-0.1,4,2,0,24024,18948496,29.9,-0.8059999999999999,-0.81,0.02,0.37,2,2,0,24024,18948496,30.6,0.016,0.015,0.04,0.03,3,2,0,24024,18948496,29.9,-0.79,-0.792,0.07,0.08,3,2,0,24024,18948496,30.6
87,18923974908673,18923984377403,step_pos,0.7600826669986418,20.220487,0.08266698205261491,9.46873,2.065874003164936,3.1544299999950454,0.10991096496582031,24187,24025,0.02,0.018,0.01,0.13,14,2,0,24187,18948517,30.6,0.019,0.019,0.1,0.09,13,2,0,24187,18948517,30.6,-0.785,-0.785,0.05,0.01,11,2,0,24187,18948517,31.9,-0.7949999999999999,-0.796,0.01,-0.14,7,2,0,24187,18948517,31.3,0.014,0.013,-0.05,0.06,8,2,0,24187,18948517,31.9,0.018000000000000002,0.016,0.0,0.25,14,2,0,24025,18948516,29.9,0.022,0.02,-0.13,0.11,9,2,0,24025,18948516,29.9,-0.8059999999999999,-0.81,-0.01,0.22,7,2,0,24025,18948516,30.6,0.016,0.015,0.05,0.07,8,2,0,24025,18948516,29.9,-0.79,-0.792,-0.06,0.1,8,2,0,24025,18948516,30.6
88,18923994910592,18924003789410,step_pos,0.7800833059991419,19.412007,0.08330598211614415,8.878818,1.5194209991022944,2.5632699980633333,0.10728836059570312,24188,24026,0.02,0.018,-0.05,0.05,4,2,0,24188,18948537,30.6,0.019,0.019,-0.09,-0.01,3,2,0,24188,18948537,30.6,-0.785,-0.785,-0.07,-0.19,1,2,0,24188,18948537,31.9,-0.7949999999999999,-0.795,0.01,-0.16,12,2,0,24188,18948537,31.3,0.014,0.013,-0.04,0.17,13,2,0,24188,18948537,31.9,0.018000000000000002,0.016,0.02,0.19,4,2,0,24026,18948536,29.9,0.022,0.02,0.02,0.3,14,2,0,24026,18948536,29.9,-0.8059999999999999,-0.81,0.02,0.17,11,2,0,24026,18948536,30.6,0.016,0.015,0.17,-0.02,13,2,0,24026,18948536,29.9,-0.79,-0.792,-0.04,0.03,13,2,0,24026,18948536,30.6
89,18924014908862,18924023773152,step_pos,0.8000818639993668,19.983742,0.08186398190446198,8.86429,1.5013720003480557,2.548902000853559,0.10991096496582031,24189,24027,0.02,0.018,-0.1,0.07,9,2,0,24189,18948557,30.6,0.019,0.019,0.22,-0.02,8,2,0,24189,18948557,30.6,-0.785,-0.785,0.04,0.01,6,2,0,24189,18948557,31.9,-0.7949999999999999,-0.796,-0.09,-0.01,2,2,0,24189,18948557,31.3,0.014,0.013,0.04,0.08,3,2,0,24189,18948557,31.9,0.018000000000000002,0.016,-0.17,0.17,9,2,0,24027,18948556,29.9,0.022,0.02,0.2,0.16,4,2,0,24027,18948556,29.9,-0.8059999999999999,-0.81,-0.04,0.29,1,2,0,24027,18948556,30.6,0.016,0.015,-0.09,0.13,3,2,0,24027,18948556,29.9,-0.79,-0.792,0.05,0.01,3,2,0,24027,18948556,30.6
90,18924034910173,18924044611904,step_pos,0.8200816389980901,20.838752,0.08163898019120097,9.701731,2.258361997519387,3.3426620029786136,0.1125335693359375,24190,24028,0.02,0.018,-0.08,0.15,14,2,0,24190,18948577,30.6,0.019,0.019,0.07,-0.01,13,2,0,24190,18948577,30.6,-0.785,-0.785,0.04,-0.13,11,2,0,24190,18948577,31.9,-0.7949999999999999,-0.796,-0.08,-0.14,7,2,0,24190,18948577,31.3,0.014,0.013,-0.18,-0.08,8,2,0,24190,18948577,31.9,0.018000000000000002,0.016,-0.04,-0.01,14,2,0,24028,18948576,29.9,0.022,0.02,-0.11,0.05,9,2,0,24028,18948576,29.9,-0.8059999999999999,-0.81,0.09,0.46,6,2,0,24028,18948576,30.6,0.016,0.015,-0.1,0.16,8,2,0,24028,18948576,29.9,-0.79,-0.792,0.08,0.2,8,2,0,24028,18948576,30.6
91,18924054910780,18924063772861,step_pos,0.8400837490007689,19.160957,0.08374898243346252,8.862081,1.5102359975571744,2.5485500009381212,0.11134147644042969,24191,24029,0.02,0.018,0.05,0.03,4,2,0,24191,18948597,30.6,0.019,0.019,-0.05,0.03,3,2,0,24191,18948597,30.6,-0.785,-0.785,0.05,-0.09,1,2,0,24191,18948597,31.9,-0.7949999999999999,-0.796,0.0,0.02,12,2,0,24191,18948597,31.3,0.014,0.013,-0.02,-0.09,13,2,0,24191,18948597,31.9,0.018000000000000002,0.016,0.02,0.07,4,2,0,24029,18948596,29.9,0.022,0.02,0.11,-0.01,14,2,0,24029,18948596,29.9,-0.8059999999999999,-0.81,0.12,0.23,11,2,0,24029,18948596,30.6,0.016,0.015,0.06,-0.04,13,2,0,24029,18948596,29.9,-0.79,-0.792,0.05,0.25,13,2,0,24029,18948596,30.6
92,18924074911066,18924084395797,step_pos,0.8600846439985617,20.622936,0.08464397978968918,9.484731,2.0867070015810896,3.1654379999963567,0.11277198791503906,24192,24030,0.02,0.018,0.0,0.12,9,2,0,24192,18948617,30.6,0.019,0.019,-0.06,0.12,8,2,0,24192,18948617,30.6,-0.785,-0.785,-0.05,0.12,6,2,0,24192,18948617,31.9,-0.7949999999999999,-0.796,-0.09,0.15,2,2,0,24192,18948617,31.3,0.014,0.013,0.04,-0.12,3,2,0,24192,18948617,31.9,0.018000000000000002,0.016,-0.03,-0.04,9,2,0,24030,18948616,29.9,0.022,0.02,0.0,0.07,4,2,0,24030,18948616,29.9,-0.8059999999999999,-0.81,-0.11,0.2,1,2,0,24030,18948616,30.6,0.016,0.015,0.17,0.1,3,2,0,24030,18948616,29.9,-0.79,-0.792,-0.01,0.1,3,2,0,24030,18948616,30.6
93,18924094909497,18924104560282,step_pos,0.8800828819985327,20.164485,0.08288197932415642,9.650785,2.188278998801252,3.2680980002623983,0.11873245239257812,24193,24031,0.02,0.018,-0.07,0.05,14,2,0,24193,18948637,30.6,0.019,0.019,0.0,-0.27,13,2,0,24193,18948637,30.6,-0.785,-0.785,0.02,0.16,11,2,0,24193,18948637,31.9,-0.7949999999999999,-0.795,-0.05,0.14,7,2,0,24193,18948637,31.3,0.014,0.014,0.14,-0.2,8,2,0,24193,18948637,31.9,0.018000000000000002,0.016,0.03,0.21,14,2,0,24031,18948636,29.9,0.022,0.02,-0.1,0.06,9,2,0,24031,18948636,29.9,-0.8059999999999999,-0.81,0.1,0.28,6,2,0,24031,18948636,30.6,0.016,0.015,0.0,0.16,8,2,0,24031,18948636,29.9,-0.79,-0.792,-0.02,0.18,8,2,0,24031,18948636,30.6
94,18924114910743,18924123828603,step_pos,0.9000839049986098,19.268321,0.08390497896471061,8.91786,1.5788150012667757,2.617959999042796,0.11301040649414062,24194,24032,0.02,0.018,-0.08,0.01,4,2,0,24194,18948657,30.6,0.019,0.019,0.03,0.16,3,2,0,24194,18948657,30.6,-0.785,-0.785,0.0,0.15,1,2,0,24194,18948657,31.9,-0.7949999999999999,-0.795,-0.04,-0.02,12,2,0,24194,18948657,31.3,0.014,0.014,0.03,-0.03,13,2,0,24194,18948657,31.9,0.018000000000000002,0.016,0.07,0.17,4,2,0,24032,18948656,29.9,0.022,0.02,0.02,0.11,14,2,0,24032,18948656,29.9,-0.8059999999999999,-0.81,-0.11,0.3,11,2,0,24032,18948656,30.6,0.016,0.015,-0.1,-0.17,13,2,0,24032,18948656,29.9,-0.79,-0.792,-0.02,0.02,13,2,0,24032,18948656,30.6
95,18924134908630,18924144540182,step_pos,0.9200819830002729,20.711579,0.08198298019124195,9.631552,2.2216889992705546,3.2977959999698214,0.11849403381347656,24195,24033,0.02,0.018,0.05,0.06,9,2,0,24195,18948677,30.6,0.019,0.019,-0.13,-0.2,8,2,0,24195,18948677,30.6,-0.785,-0.785,0.04,-0.08,6,2,0,24195,18948677,31.9,-0.7949999999999999,-0.796,-0.13,0.04,2,2,0,24195,18948677,31.3,0.014,0.013,-0.01,0.11,3,2,0,24195,18948677,31.9,0.018000000000000002,0.016,-0.12,0.17,9,2,0,24033,18948676,29.9,0.022,0.02,-0.12,0.22,4,2,0,24033,18948676,29.9,-0.8059999999999999,-0.81,0.04,0.06,1,2,0,24033,18948676,30.6,0.016,0.015,0.09,0.0,3,2,0,24033,18948676,29.9,-0.79,-0.792,0.08,0.15,3,2,0,24033,18948676,30.6
96,18924154908660,18924163806679,step_pos,0.9400833580002654,19.266497,0.08335797974723391,8.898019,1.497467001172481,2.534149996790802,0.11587142944335938,24196,24034,0.02,0.018,-0.07,0.16,14,2,0,24196,18948697,30.6,0.019,0.019,0.07,0.16,13,2,0,24196,18948697,30.6,-0.785,-0.785,0.0,-0.02,11,2,0,24196,18948697,31.9,-0.7949999999999999,-0.795,0.0,-0.03,7,2,0,24196,18948697,31.3,0.014,0.013,-0.07,0.01,8,2,0,24196,18948697,31.9,0.018000000000000002,0.016,-0.13,0.22,14,2,0,24034,18948696,29.9,0.022,0.02,-0.14,-0.03,9,2,0,24034,18948696,29.9,-0.8059999999999999,-0.81,-0.01,0.3,6,2,0,24034,18948696,30.6,0.016,0.015,0.03,-0.12,8,2,0,24034,18948696,29.9,-0.79,-0.792,-0.07,0.09,8,2,0,24034,18948696,30.6
97,18924174907571,18924183796789,step_pos,0.9600810839983751,19.99011,0.08108397742034867,8.889218,1.4997400030551944,2.550918001361424,0.11730194091796875,24197,24035,0.02,0.018,0.12,0.08,4,2,0,24197,18948717,30.6,0.019,0.019,-0.04,-0.07,3,2,0,24197,18948717,30.6,-0.785,-0.785,0.01,-0.01,1,2,0,24197,18948717,31.9,-0.7949999999999999,-0.795,-0.16,0.0,12,2,0,24197,18948717,31.3,0.014,0.013,0.03,0.1,13,2,0,24197,18948717,31.9,0.018000000000000002,0.016,-0.02,0.08,4,2,0,24035,18948716,29.9,0.022,0.02,0.11,0.04,14,2,0,24035,18948716,29.9,-0.8059999999999999,-0.81,-0.07,0.08,11,2,0,24035,18948716,30.6,0.016,0.015,-0.07,-0.06,13,2,0,24035,18948716,29.9,-0.79,-0.792,-0.07,0.11,13,2,0,24035,18948716,30.6
98,18924194908785,18924203832181,step_pos,0.9800813709989598,20.035392,0.08137097756844014,8.923396,1.5508139986195602,2.6023440004792064,0.11658668518066406,24198,24036,0.02,0.018,-0.04,0.15,9,2,0,24198,18948737,30.6,0.019,0.019,-0.05,0.06,8,2,0,24198,18948737,30.6,-0.785,-0.785,0.01,0.07,6,2,0,24198,18948737,31.9,-0.7949999999999999,-0.795,0.11,0.21,2,2,0,24198,18948737,31.3,0.014,0.013,-0.06,-0.1,3,2,0,24198,18948737,31.9,0.018000000000000002,0.016,0.07,0.17,8,2,0,24036,18948735,29.9,0.022,0.02,-0.13,0.07,3,2,0,24036,18948735,29.9,-0.8059999999999999,-0.81,0.01,0.21,0,2,0,24036,18948735,30.6,0.016,0.015,0.18,-0.05,1,2,0,24036,18948735,29.9,-0.79,-0.792,0.07,0.24,2,2,0,24036,18948735,30.6
99,18924214942161,18924223783890,step_pos,1.0001154509991466,19.951709,0.11545097731868736,8.841729,1.495675001933705,2.5438459997531027,0.11706352233886719,24199,24037,0.02,0.018,-0.27,0.12,14,2,0,24199,18948757,30.6,0.019,0.019,0.0,0.0,13,2,0,24199,18948757,30.6,-0.785,-0.785,0.13,0.03,11,2,0,24199,18948757,31.9,-0.7949999999999999,-0.795,0.06,0.03,7,2,0,24199,18948757,31.3,0.014,0.013,-0.03,-0.04,8,2,0,24199,18948757,31.9,0.018000000000000002,0.016,0.05,0.08,14,2,0,24037,18948756,29.9,0.022,0.02,0.15,0.07,8,2,0,24037,18948756,29.9,-0.8059999999999999,-0.81,-0.07,0.3,6,2,0,24037,18948756,30.6,0.016,0.015,-0.04,-0.09,7,2,0,24037,18948756,29.9,-0.79,-0.792,-0.02,0.1,8,2,0,24037,18948756,30.6
100,18924234907598,18924243771600,step_pos,1.0200805360000231,19.98771,0.08053597775870003,8.864002,1.5493419996346347,2.583494999271352,0.12183189392089844,24200,24038,0.02,0.018,0.1,0.26,4,2,0,24200,18948777,30.6,0.019,0.019,0.11,0.19,3,2,0,24200,18948777,30.6,-0.785,-0.785,0.03,-0.03,1,2,0,24200,18948777,31.9,-0.7949999999999999,-0.796,-0.01,0.25,12,2,0,24200,18948777,31.3,0.014,0.013,0.03,-0.1,13,2,0,24200,18948777,31.9,0.018000000000000002,0.016,0.08,0.31,4,2,0,24038,18948776,29.9,0.022,0.02,0.03,0.06,13,2,0,24038,18948776,29.9,-0.8059999999999999,-0.81,0.2,0.09,11,2,0,24038,18948776,30.6,0.016,0.015,0.0,0.02,12,2,0,24038,18948776,29.9,-0.79,-0.792,-0.07,0.15,13,2,0,24038,18948776,30.6
101,18924254909549,18924264991231,step_pos,1.0400813029991696,21.219631,0.08130297646857798,10.081682,2.672747003089171,3.7477969999599736,0.11992454528808594,24201,24039,0.02,0.018,-0.18,0.19,9,2,0,24201,18948797,30.6,0.019,0.019,0.05,0.12,8,2,0,24201,18948797,30.6,-0.785,-0.785,0.12,0.12,6,2,0,24201,18948797,31.9,-0.7949999999999999,-0.795,0.11,0.17,2,2,0,24201,18948797,31.3,0.014,0.013,-0.14,0.0,3,2,0,24201,18948797,31.9,0.018000000000000002,0.016,0.02,0.11,9,2,0,24039,18948796,29.9,0.022,0.02,-0.1,0.11,3,2,0,24039,18948796,29.9,-0.8059999999999999,-0.81,-0.05,0.28,1,2,0,24039,18948796,30.6,0.016,0.015,-0.16,-0.12,2,2,0,24039,18948796,29.9,-0.79,-0.792,0.04,0.22,3,2,0,24039,18948796,30.6
102,18924274910891,18924283779053,step_pos,1.060084917000495,18.787822,0.08491697735735215,8.868162,1.51215699952445,2.557285999500891,0.12326240539550781,24202,24040,0.02,0.018,0.0,0.12,14,2,0,24202,18948817,30.6,0.019,0.019,0.04,0.01,13,2,0,24202,18948817,30.6,-0.785,-0.785,0.09,0.25,11,2,0,24202,18948817,31.9,-0.7949999999999999,-0.796,0.03,-0.15,7,2,0,24202,18948817,31.3,0.014,0.014,0.09,0.04,8,2,0,24202,18948817,31.9,0.018000000000000002,0.016,0.09,-0.06,14,2,0,24040,18948816,29.9,0.022,0.02,0.05,0.12,8,2,0,24040,18948816,29.9,-0.8059999999999999,-0.81,-0.07,-0.05,6,2,0,24040,18948816,30.6,0.016,0.015,0.14,0.09,7,2,0,24040,18948816,29.9,-0.79,-0.792,0.05,0.04,8,2,0,24040,18948816,30.6
103,18924294911626,18924304287488,step_pos,1.0800854279987107,20.508435,0.08542797513655387,9.375862,1.9841759967675898,3.022745000635041,0.15735626220703125,24203,24041,0.02,0.019,0.06,0.12,4,2,0,24203,18948837,30.6,0.019,0.019,-0.02,0.06,3,2,0,24203,18948837,30.6,-0.785,-0.785,-0.03,-0.12,1,2,0,24203,18948837,31.9,-0.7949999999999999,-0.796,0.0,-0.12,12,2,0,24203,18948837,31.3,0.014,0.013,0.06,-0.17,13,2,0,24203,18948837,31.9,0.018000000000000002,0.016,-0.09,0.14,4,2,0,24041,18948836,29.9,0.022,0.02,0.07,0.19,13,2,0,24041,18948836,29.9,-0.8059999999999999,-0.81,0.01,0.08,11,2,0,24041,18948836,30.6,0.016,0.015,0.08,0.19,12,2,0,24041,18948836,29.9,-0.79,-0.792,0.01,0.15,13,2,0,24041,18948836,30.6
104,18924314909224,18924323834061,step_pos,1.100082865999866,19.546573,0.08286597585538402,8.924837,1.4950039985706098,2.5438459997531027,0.12063980102539062,24204,24042,0.02,0.019,0.1,0.06,9,2,0,24204,18948857,30.6,0.019,0.019,-0.04,0.06,8,2,0,24204,18948857,30.6,-0.785,-0.785,0.01,-0.05,6,2,0,24204,18948857,31.9,-0.7949999999999999,-0.796,-0.07,-0.26,2,2,0,24204,18948857,31.3,0.014,0.013,0.02,-0.11,3,2,0,24204,18948857,31.9,0.018000000000000002,0.016,0.11,0.36,9,2,0,24042,18948856,29.9,0.022,0.02,0.0,0.01,3,2,0,24042,18948856,29.9,-0.8059999999999999,-0.81,-0.23,0.24,1,2,0,24042,18948856,30.6,0.016,0.015,-0.22,0.17,2,2,0,24042,18948856,29.9,-0.79,-0.792,0.08,-0.06,3,2,0,24042,18948856,30.6
105,18924334944168,18924343804650,step_pos,1.120116242000222,19.970589,0.1162419757747557,8.860482,1.5537580002273899,2.597031998448074,0.11730194091796875,24205,24043,0.02,0.019,0.03,0.14,14,2,0,24205,18948877,30.6,0.019,0.019,0.06,-0.02,13,2,0,24205,18948877,30.6,-0.785,-0.785,-0.09,0.02,11,2,0,24205,18948877,31.9,-0.7949999999999999,-0.796,-0.11,-0.06,7,2,0,24205,18948877,31.3,0.014,0.013,0.11,0.1,8,2,0,24205,18948877,31.9,0.018000000000000002,0.016,0.24,-0.02,13,2,0,24043,18948875,29.9,0.022,0.02,0.03,0.11,7,2,0,24043,18948875,29.9,-0.8059999999999999,-0.81,-0.12,0.46,5,2,0,24043,18948875,30.6,0.016,0.015,0.07,0.05,6,2,0,24043,18948875,29.9,-0.79,-0.792,0.02,0.08,7,2,0,24043,18948875,30.6
106,18924354909221,18924363750950,step_pos,1.1400815829983912,19.9463,0.0815829735074658,8.841729,1.5106200007721782,2.5542459989083,0.11897087097167969,24206,24044,0.02,0.018,-0.17,0.06,4,2,0,24206,18948897,30.6,0.019,0.019,0.07,0.0,3,2,0,24206,18948897,30.6,-0.785,-0.785,0.1,-0.14,1,2,0,24206,18948897,31.9,-0.7949999999999999,-0.796,0.05,-0.28,12,2,0,24206,18948897,31.3,0.014,0.013,0.01,0.0,13,2,0,24206,18948897,31.9,0.018000000000000002,0.016,0.02,0.12,4,2,0,24044,18948896,29.9,0.022,0.02,0.01,0.18,13,2,0,24044,18948896,29.9,-0.8059999999999999,-0.81,0.03,0.24,11,2,0,24044,18948896,30.6,0.016,0.015,-0.02,0.16,12,2,0,24044,18948896,29.9,-0.79,-0.792,0.09,0.03,13,2,0,24044,18948896,30.6
107,18924374908164,18924384448321,step_pos,1.1600812299984682,20.697371,0.08122997314785607,9.540157,1.9855509999615606,3.06034700042801,0.12612342834472656,24207,24045,0.02,0.018,-0.05,0.08,9,2,0,24207,18948917,30.6,0.019,0.019,0.02,0.2,8,2,0,24207,18948917,30.6,-0.785,-0.785,0.07,-0.12,6,2,0,24207,18948917,31.9,-0.7949999999999999,-0.796,-0.07,-0.21,2,2,0,24207,18948917,31.3,0.014,0.013,-0.11,-0.02,3,2,0,24207,18948917,31.9,0.018000000000000002,0.016,-0.17,-0.08,9,2,0,24045,18948916,29.9,0.022,0.02,-0.04,0.08,3,2,0,24045,18948916,29.9,-0.8059999999999999,-0.81,0.06,0.49,1,2,0,24045,18948916,30.6,0.016,0.015,0.04,0.26,2,2,0,24045,18948916,29.9,-0.79,-0.792,-0.03,0.19,3,2,0,24045,18948916,30.6
108,18924394904482,18924403968876,step_pos,1.1800765240004694,19.520555,0.07652397471247241,9.064394,1.5597739984514192,2.611592997709522,0.12493133544921875,24208,24046,0.02,0.019,0.08,0.14,14,2,0,24208,18948937,30.6,0.019,0.019,0.01,0.01,13,2,0,24208,18948937,30.6,-0.785,-0.785,0.07,-0.02,11,2,0,24208,18948937,31.9,-0.7949999999999999,-0.796,-0.01,0.07,7,2,0,24208,18948937,31.3,0.014,0.013,0.12,0.12,8,2,0,24208,18948937,31.9,0.018000000000000002,0.016,0.12,0.11,14,2,0,24046,18948936,29.9,0.022,0.02,-0.02,0.08,8,2,0,24046,18948936,29.9,-0.8059999999999999,-0.81,0.0,0.14,6,2,0,24046,18948936,30.6,0.016,0.015,-0.06,-0.11,7,2,0,24046,18948936,29.9,-0.79,-0.792,-0.06,-0.05,8,2,0,24046,18948936,30.6
109,18924414904001,18924424391836,step_pos,1.2000771629973315,20.42296,0.07716297113802284,9.487835,1.5809590004209895,2.6723949995357543,0.12683868408203125,24209,24047,0.02,0.018,-0.04,0.11,3,2,0,24209,18948957,30.6,0.019,0.019,-0.02,0.23,3,2,0,24209,18948957,30.6,-0.785,-0.785,0.06,-0.07,1,2,0,24209,18948957,31.9,-0.7949999999999999,-0.795,-0.05,0.04,12,2,0,24209,18948957,31.3,0.014,0.013,0.03,0.01,13,2,0,24209,18948957,31.9,0.018000000000000002,0.016,-0.05,0.11,4,2,0,24047,18948956,29.9,0.022,0.02,-0.06,0.07,13,2,0,24047,18948956,29.9,-0.8059999999999999,-0.81,-0.09,0.07,11,2,0,24047,18948956,30.6,0.016,0.015,0.01,-0.05,12,2,0,24047,18948956,29.9,-0.79,-0.792,-0.1,0.0,13,2,0,24047,18948956,30.6
110,18924434915040,18924444520063,step_pos,1.2200833370006876,20.128227,0.08333697405760176,9.605023,2.170582996768644,3.2553940000070725,0.12493133544921875,24210,24048,0.02,0.018,-0.03,0.1,8,2,0,24210,18948977,30.6,0.019,0.019,0.04,0.19,8,2,0,24210,18948977,30.6,-0.785,-0.785,-0.05,-0.04,6,2,0,24210,18948977,31.9,-0.7949999999999999,-0.796,0.02,0.11,2,2,0,24210,18948977,31.3,0.014,0.014,-0.01,0.11,2,2,0,24210,18948977,31.9,0.018000000000000002,0.016,0.0,0.31,9,2,0,24048,18948976,29.9,0.022,0.02,0.03,0.18,3,2,0,24048,18948976,29.9,-0.8059999999999999,-0.81,0.07,0.23,1,2,0,24048,18948976,30.6,0.016,0.015,0.11,0.08,2,2,0,24048,18948976,29.9,-0.79,-0.792,0.13,0.27,3,2,0,24048,18948976,30.6
111,18924454903550,18924464880396,step_pos,1.2400771279972105,20.360333,0.07712797014391981,9.976846,2.5605500013625715,3.6474100015766453,0.12683868408203125,24211,24049,0.02,0.018,0.03,0.09,13,2,0,24211,18948997,30.6,0.019,0.019,-0.13,-0.07,13,2,0,24211,18948997,30.6,-0.785,-0.785,0.16,0.02,11,2,0,24211,18948997,31.9,-0.7949999999999999,-0.795,0.03,-0.1,6,2,0,24211,18948997,31.3,0.014,0.013,0.04,0.06,7,2,0,24211,18948997,31.9,0.018000000000000002,0.016,-0.02,0.29,14,2,0,24049,18948996,29.9,0.022,0.02,0.13,0.14,8,2,0,24049,18948996,29.9,-0.8059999999999999,-0.81,0.02,0.15,6,2,0,24049,18948996,30.6,0.016,0.015,0.02,0.11,7,2,0,24049,18948996,29.9,-0.79,-0.792,0.04,0.05,8,2,0,24049,18948996,30.6
112,18924474905340,18924484307892,step_pos,1.2600761339999735,19.427496,0.07613397247041576,9.402552,1.4777870019315742,2.521763999538962,0.17261505126953125,24212,24050,0.02,0.019,-0.03,0.13,3,2,0,24212,18949017,30.6,0.019,0.019,-0.15,-0.07,3,2,0,24212,18949017,30.6,-0.785,-0.785,-0.02,0.01,1,2,0,24212,18949017,31.9,-0.7949999999999999,-0.795,0.07,0.07,11,2,0,24212,18949017,31.3,0.014,0.013,0.0,-0.15,12,2,0,24212,18949017,31.9,0.018000000000000002,0.016,0.04,-0.04,5,2,0,24050,18949017,29.9,0.022,0.02,0.02,0.17,14,2,0,24050,18949017,29.9,-0.8059999999999999,-0.81,0.15,-0.06,12,2,0,24050,18949017,30.6,0.016,0.015,0.18,0.38,13,2,0,24050,18949017,29.9,-0.79,-0.792,0.04,0.18,14,2,0,24050,18949017,30.6
113,18924494900891,18924503844896,step_pos,1.2800736690005579,19.537004,0.0736689726181794,8.944005,1.5776949985593092,2.620392999233445,0.12564659118652344,24213,24051,0.02,0.019,0.12,0.15,8,2,0,24213,18949037,30.6,0.019,0.019,0.01,-0.03,8,2,0,24213,18949037,30.6,-0.785,-0.785,0.03,0.07,6,2,0,24213,18949037,31.9,-0.7949999999999999,-0.796,0.01,-0.15,1,2,0,24213,18949037,31.3,0.014,0.013,-0.07,-0.02,2,2,0,24213,18949037,31.9,0.018000000000000002,0.016,-0.15,0.16,9,2,0,24051,18949036,29.9,0.022,0.02,0.03,0.11,3,2,0,24051,18949036,29.9,-0.8059999999999999,-0.81,0.12,0.25,1,2,0,24051,18949036,30.6,0.016,0.015,0.07,0.2,2,2,0,24051,18949036,29.9,-0.79,-0.792,-0.13,0.27,3,2,0,24051,18949036,30.6
114,18924514916698,18924523812285,step_pos,1.300086883999029,19.967389,0.08688397065270692,8.895587,1.5104279991646763,2.5448060005146544,0.125885009765625,24214,24052,0.02,0.018,-0.02,0.15,13,2,0,24214,18949057,30.6,0.019,0.019,-0.12,-0.02,13,2,0,24214,18949057,30.6,-0.785,-0.785,-0.03,0.21,11,2,0,24214,18949057,31.9,-0.7949999999999999,-0.796,0.03,0.16,6,2,0,24214,18949057,31.3,0.014,0.013,-0.1,0.0,7,2,0,24214,18949057,31.9,0.018000000000000002,0.016,0.0,0.1,14,2,0,24052,18949056,29.9,0.022,0.02,-0.16,-0.06,8,2,0,24052,18949056,29.9,-0.8059999999999999,-0.81,0.14,0.1,6,2,0,24052,18949056,30.6,0.016,0.015,0.04,0.11,7,2,0,24052,18949056,29.9,-0.79,-0.792,-0.1,0.03,8,2,0,24052,18949056,30.6
115,18924534909368,18924543854749,step_pos,1.3200790739974764,20.042464,0.07907396866357885,8.945381,1.5353249982581474,2.579559000878362,0.12874603271484375,24215,24053,0.02,0.019,0.09,0.0,3,2,0,24215,18949077,30.6,0.019,0.019,0.0,0.04,3,2,0,24215,18949077,30.6,-0.785,-0.785,0.05,-0.2,1,2,0,24215,18949077,31.9,-0.7949999999999999,-0.795,-0.06,0.05,11,2,0,24215,18949077,31.3,0.014,0.013,-0.07,0.02,12,2,0,24215,18949077,31.9,0.018000000000000002,0.016,0.05,0.05,4,2,0,24053,18949076,29.9,0.022,0.02,0.0,0.15,13,2,0,24053,18949076,29.9,-0.8059999999999999,-0.81,-0.05,0.14,11,2,0,24053,18949076,30.6,0.016,0.015,-0.06,-0.01,12,2,0,24053,18949076,29.9,-0.79,-0.792,0.11,0.14,12,2,0,24053,18949076,30.6
116,18924554903094,18924563832059,step_pos,1.3400760639997316,19.97731,0.0760639704822097,8.928965,1.5061080011946615,2.5512380016152747,0.1304149627685547,24216,24054,0.02,0.018,-0.12,0.09,8,2,0,24216,18949097,30.6,0.019,0.019,0.0,-0.17,8,2,0,24216,18949097,30.6,-0.785,-0.785,0.06,-0.19,6,2,0,24216,18949097,31.9,-0.7949999999999999,-0.796,-0.06,0.12,1,2,0,24216,18949097,31.3,0.014,0.014,0.11,0.03,2,2,0,24216,18949097,31.9,0.018000000000000002,0.016,-0.07,0.23,9,2,0,24054,18949096,29.9,0.022,0.02,0.0,0.28,3,2,0,24054,18949096,29.9,-0.8059999999999999,-0.81,-0.08,0.3,1,2,0,24054,18949096,30.6,0.016,0.015,-0.15,0.1,2,2,0,24054,18949096,29.9,-0.79,-0.792,0.02,0.13,2,2,0,24054,18949096,30.6
117,18924574907605,18924585895916,step_pos,1.3600779509979475,22.063857,0.07795096826157533,10.988311,3.0621380028605927,4.106500000489177,0.12683868408203125,24217,24055,0.02,0.019,0.06,0.02,13,2,0,24217,18949117,30.6,0.019,0.019,0.02,0.03,12,2,0,24217,18949117,30.6,-0.785,-0.785,0.07,0.03,11,2,0,24217,18949117,31.9,-0.7949999999999999,-0.796,-0.1,-0.19,6,2,0,24217,18949117,31.3,0.014,0.013,-0.18,-0.12,7,2,0,24217,18949117,31.9,0.018000000000000002,0.016,0.08,0.06,14,2,0,24055,18949116,29.9,0.022,0.02,-0.02,0.23,8,2,0,24055,18949116,29.9,-0.8059999999999999,-0.81,-0.15,-0.04,6,2,0,24055,18949116,30.6,0.016,0.015,0.05,0.21,7,2,0,24055,18949116,29.9,-0.79,-0.792,-0.02,0.15,7,2,0,24055,18949116,29.9
118,18924594908020,18924604818655,step_pos,1.3800805419996323,18.922739,0.08054196950979531,9.910635,1.976654999452876,3.094651001447346,0.13208389282226562,24218,24056,0.02,0.018,-0.1,-0.01,3,2,0,24218,18949137,30.6,0.019,0.019,-0.05,-0.02,2,2,0,24218,18949137,30.6,-0.785,-0.785,0.19,-0.11,1,2,0,24218,18949137,31.9,-0.7949999999999999,-0.796,-0.12,-0.13,11,2,0,24218,18949137,31.3,0.014,0.014,0.09,0.07,12,2,0,24218,18949137,31.9,0.018000000000000002,0.016,-0.01,0.07,5,2,0,24056,18949137,29.9,0.022,0.02,-0.02,0.24,14,2,0,24056,18949137,29.9,-0.8059999999999999,-0.81,0.11,0.17,12,2,0,24056,18949137,30.6,0.016,0.015,0.01,0.23,13,2,0,24056,18949137,29.9,-0.79,-0.792,0.06,0.07,13,2,0,24056,18949137,30.6
119,18924614907026,18924624370668,step_pos,1.4000779159978265,19.552013,0.0779159672674723,9.463642,1.5041239967104048,2.5458290001552086,0.1761913299560547,24219,24057,0.02,0.018,-0.21,0.0,8,2,0,24219,18949157,30.6,0.019,0.019,0.06,-0.21,7,2,0,24219,18949157,30.6,-0.785,-0.785,-0.02,0.01,6,2,0,24219,18949157,31.9,-0.7949999999999999,-0.795,-0.06,0.07,1,2,0,24219,18949157,31.3,0.014,0.013,0.0,-0.06,2,2,0,24219,18949157,31.9,0.018000000000000002,0.016,-0.06,0.33,9,2,0,24057,18949156,29.9,0.022,0.02,0.0,0.09,3,2,0,24057,18949156,29.9,-0.8059999999999999,-0.81,-0.06,0.3,1,2,0,24057,18949156,30.6,0.016,0.015,-0.03,0.23,2,2,0,24057,18949156,29.9,-0.79,-0.792,-0.09,0.13,2,2,0,24057,18949156,30.6
120,18924634903889,18924643898616,step_pos,1.4200774669989187,19.527948,0.07746696792310104,8.994727,1.5632619979442097,2.6045199992950074,0.13065338134765625,24220,24058,0.02,0.019,-0.16,0.15,13,2,0,24220,18949177,30.6,0.019,0.019,0.0,-0.08,12,2,0,24220,18949177,30.6,-0.785,-0.785,-0.02,0.2,11,2,0,24220,18949177,31.9,-0.7949999999999999,-0.795,0.11,-0.03,6,2,0,24220,18949177,31.3,0.014,0.013,-0.04,0.07,7,2,0,24220,18949177,31.9,0.018000000000000002,0.016,0.11,0.27,14,2,0,24058,18949176,29.9,0.022,0.02,-0.08,0.25,8,2,0,24058,18949176,29.9,-0.8059999999999999,-0.81,0.04,0.46,6,2,0,24058,18949176,30.6,0.016,0.015,0.03,0.23,7,2,0,24058,18949176,29.9,-0.79,-0.792,0.06,0.1,7,2,0,24058,18949176,30.6
121,18924654904079,18924663847188,step_pos,1.4400768249979592,19.948572,0.07682496652705595,8.943109,1.522173002740601,2.568166000855854,0.1308917999267578,24221,24059,0.02,0.019,0.08,0.09,3,2,0,24221,18949197,30.6,0.019,0.019,-0.02,-0.24,2,2,0,24221,18949197,30.6,-0.785,-0.785,0.04,-0.07,1,2,0,24221,18949197,31.9,-0.7949999999999999,-0.796,-0.08,-0.15,11,2,0,24221,18949197,31.3,0.014,0.013,0.07,0.07,12,2,0,24221,18949197,31.9,0.018000000000000002,0.016,-0.03,0.06,4,2,0,24059,18949196,29.9,0.022,0.02,0.05,0.27,13,2,0,24059,18949196,29.9,-0.8059999999999999,-0.81,-0.04,0.21,11,2,0,24059,18949196,30.6,0.016,0.015,0.11,-0.01,12,2,0,24059,18949196,29.9,-0.79,-0.792,-0.07,0.08,12,2,0,24059,18949196,30.6
122,18924674901742,18924684262115,step_pos,1.4600745200004894,20.414927,0.07451996862073429,9.360373,1.5107159997569397,2.551718000177061,0.17309188842773438,24222,24060,0.02,0.018,0.01,0.1,8,2,0,24222,18949217,30.6,0.019,0.019,0.05,-0.1,7,2,0,24222,18949217,30.6,-0.785,-0.785,0.01,0.02,6,2,0,24222,18949217,31.9,-0.7949999999999999,-0.796,-0.01,-0.03,1,2,0,24222,18949217,31.3,0.014,0.013,0.06,0.01,2,2,0,24222,18949217,31.9,0.018000000000000002,0.016,0.13,0.03,9,2,0,24060,18949216,29.9,0.022,0.02,-0.02,0.33,3,2,0,24060,18949216,29.9,-0.8059999999999999,-0.81,-0.05,0.14,1,2,0,24060,18949216,30.6,0.016,0.015,0.13,-0.01,2,2,0,24060,18949216,29.9,-0.79,-0.792,0.1,0.14,2,2,0,24060,18949216,30.6
123,18924694902956,18924704379559,step_pos,1.480075413997838,20.117444,0.075413965532789,9.476603,1.5593259995512199,2.6363609977124725,0.1690387725830078,24223,24061,0.02,0.018,0.02,0.01,13,2,0,24223,18949237,30.6,0.019,0.019,-0.07,-0.18,12,2,0,24223,18949237,30.6,-0.785,-0.785,-0.02,-0.13,11,2,0,24223,18949237,31.9,-0.7949999999999999,-0.796,-0.05,0.09,6,2,0,24223,18949237,31.3,0.014,0.013,-0.04,0.07,7,2,0,24223,18949237,31.9,0.018000000000000002,0.016,-0.07,0.2,14,2,0,24061,18949236,29.9,0.022,0.02,0.06,0.13,8,2,0,24061,18949236,29.9,-0.8059999999999999,-0.81,-0.03,0.49,6,2,0,24061,18949236,30.6,0.016,0.015,0.08,0.03,7,2,0,24061,18949236,29.9,-0.79,-0.792,0.04,0.2,7,2,0,24061,18949236,30.6
124,18924714920236,18924723831855,center_1,2.5280023692175746e-06,19.452296,0.0025280023692175746,8.911619,1.5194850020634476,2.5558140005159657,0.1308917999267578,24224,24062,0.0,0.018,0.02,0.14,3,2,0,24224,18949257,30.6,-0.001,0.019,0.06,0.05,2,2,0,24224,18949257,30.6,-0.805,-0.785,0.0,-0.06,0,2,0,24224,18949257,31.9,-0.815,-0.796,0.02,0.19,11,2,0,24224,18949257,31.3,-0.006,0.013,-0.06,-0.01,12,2,0,24224,18949257,31.9,-0.002,0.016,0.05,0.11,4,2,0,24062,18949256,29.9,0.002,0.02,-0.02,0.14,13,2,0,24062,18949256,29.9,-0.826,-0.81,-0.07,0.27,11,2,0,24062,18949256,30.6,-0.004,0.015,-0.14,0.16,12,2,0,24062,18949256,29.9,-0.81,-0.792,0.13,0.17,12,2,0,24062,18949256,30.6
125,18924735025166,18924743976820,center_1,0.0201117790020362,20.144965,0.11177900159964338,8.951654,1.550814002257539,2.595879999716999,0.13113021850585938,24225,24063,0.0,0.018,0.02,-0.02,8,2,0,24225,18949277,30.6,-0.001,0.019,0.03,0.1,7,2,0,24225,18949277,30.6,-0.805,-0.785,-0.02,0.09,5,2,0,24225,18949277,31.9,-0.815,-0.795,0.07,-0.15,1,2,0,24225,18949277,31.3,-0.006,0.013,0.01,-0.07,2,2,0,24225,18949277,31.9,-0.002,0.016,-0.09,0.19,9,2,0,24063,18949276,29.9,0.002,0.02,-0.14,0.02,3,2,0,24063,18949276,29.9,-0.826,-0.81,-0.12,0.38,1,2,0,24063,18949276,30.6,-0.004,0.015,-0.16,-0.13,2,2,0,24063,18949276,29.9,-0.81,-0.792,-0.1,0.16,2,2,0,24063,18949276,30.6
126,18924754992331,18924763931920,center_1,0.04007622400240507,19.9551,0.07622400153195485,8.939589,1.518748998933006,2.558246000262443,0.13136863708496094,24226,24064,0.0,0.016,-0.43,-0.27,13,2,0,24226,18949297,30.6,-0.001,0.016,-0.56,-0.3,12,2,0,24226,18949297,30.6,-0.805,-0.789,-0.52,-0.37,10,2,0,24226,18949297,31.9,-0.815,-0.802,-0.66,-0.17,6,2,0,24226,18949297,31.3,-0.006,0.008,-0.54,0.24,7,2,0,24226,18949297,31.9,-0.002,0.014,-0.52,-0.19,13,2,0,24064,18949296,29.9,0.002,0.014,-0.56,-0.26,8,2,0,24064,18949296,29.9,-0.826,-0.816,-0.52,-0.01,6,2,0,24064,18949296,30.6,-0.004,0.009,-0.58,-0.15,7,2,0,24064,18949296,29.9,-0.81,-0.798,-0.54,-0.11,7,2,0,24064,18949296,30.6
127,18924774990538,18924784384449,center_1,0.06007292700087419,20.452529,0.07292699956451543,9.393911,1.517565000540344,2.607015998364659,0.13756752014160156,24227,24065,0.0,0.005,-0.17,-0.49,3,2,0,24227,18949317,30.6,-0.001,0.002,-0.21,0.13,2,2,0,24227,18949317,30.6,-0.805,-0.802,-0.17,0.0,0,2,0,24227,18949317,31.9,-0.815,-0.81,-0.39,0.16,11,2,0,24227,18949317,31.3,-0.006,0.0,-0.38,-0.09,12,2,0,24227,18949317,31.9,-0.002,0.002,-0.17,-0.15,3,2,0,24065,18949316,29.9,0.002,0.008,-0.37,0.02,13,2,0,24065,18949316,29.9,-0.826,-0.822,-0.29,-0.09,11,2,0,24065,18949316,30.6,-0.004,0.002,-0.39,-0.09,12,2,0,24065,18949316,29.9,-0.81,-0.805,-0.4,-0.13,12,2,0,24065,18949316,30.6
128,18924794989320,18924804036050,center_1,0.0800752930008457,19.651601,0.0752929990994744,9.04673,1.5535979982814752,2.592711000033887,0.1556873321533203,24228,24066,0.0,0.004,-0.15,-0.44,8,2,0,24228,18949337,30.6,-0.001,0.0,-0.09,-0.17,7,2,0,24228,18949337,30.6,-0.805,-0.804,0.07,-0.25,5,2,0,24228,18949337,31.9,-0.815,-0.814,-0.09,-0.02,1,2,0,24228,18949337,31.3,-0.006,-0.004,-0.01,-0.12,2,2,0,24228,18949337,31.9,-0.002,0.0,-0.05,-0.01,8,2,0,24066,18949336,29.9,0.002,0.004,-0.09,0.1,3,2,0,24066,18949336,29.9,-0.826,-0.825,-0.01,0.0,1,2,0,24066,18949336,30.6,-0.004,-0.002,-0.01,-0.3,2,2,0,24066,18949336,29.9,-0.81,-0.808,-0.05,0.09,2,2,0,24066,18949336,30.6
129,18924814991367,18924824825200,center_1,0.10007695600143052,20.78915,0.07695599924772978,9.833833,1.9436940019659232,3.0323770006361883,0.14019012451171875,24229,24067,0.0,0.004,0.07,-0.15,13,2,0,24229,18949357,30.6,-0.001,0.0,0.1,-0.09,12,2,0,24229,18949357,30.6,-0.805,-0.804,0.1,-0.07,10,2,0,24229,18949357,31.9,-0.815,-0.814,0.03,0.08,6,2,0,24229,18949357,31.3,-0.006,-0.004,0.01,-0.12,7,2,0,24229,18949357,31.9,-0.002,-0.001,0.03,-0.11,13,2,0,24067,18949356,29.9,0.002,0.003,0.01,-0.13,8,2,0,24067,18949356,29.9,-0.826,-0.825,0.12,-0.06,6,2,0,24067,18949356,30.6,-0.004,-0.002,-0.08,-0.11,7,2,0,24067,18949356,29.9,-0.81,-0.808,0.08,-0.14,7,2,0,24067,18949356,30.6
130,18924834992262,18924843999053,center_1,0.12007746699964628,19.173853,0.0774669970269315,9.006791,1.6041279995988589,2.642441999341827,0.1366138458251953,24230,24068,0.0,0.004,-0.05,-0.34,3,2,0,24230,18949377,30.6,-0.001,0.0,0.09,-0.13,2,2,0,24230,18949377,30.6,-0.805,-0.804,-0.04,-0.04,0,2,0,24230,18949377,31.9,-0.815,-0.814,-0.09,-0.26,11,2,0,24230,18949377,31.3,-0.006,-0.004,0.06,-0.3,12,2,0,24230,18949377,31.9,-0.002,-0.001,-0.1,-0.24,3,2,0,24068,18949376,29.9,0.002,0.003,-0.08,-0.13,13,2,0,24068,18949376,29.9,-0.826,-0.825,0.0,-0.04,11,2,0,24068,18949376,30.6,-0.004,-0.002,-0.19,0.06,12,2,0,24068,18949376,29.9,-0.81,-0.808,-0.1,-0.21,12,2,0,24068,18949376,30.6
131,18924854992900,18924864537345,center_1,0.14007580100224004,20.538292,0.07580099918413907,9.544445,2.051121999102179,3.1339810011559166,0.14162063598632812,24231,24069,0.0,0.004,-0.01,-0.11,8,2,0,24231,18949397,30.6,-0.001,0.0,-0.08,-0.13,7,2,0,24231,18949397,30.6,-0.805,-0.805,-0.02,-0.19,5,2,0,24231,18949397,31.9,-0.815,-0.814,-0.13,-0.13,1,2,0,24231,18949397,31.3,-0.006,-0.005,0.07,-0.12,2,2,0,24231,18949397,31.9,-0.002,-0.001,0.2,-0.2,8,2,0,24069,18949396,29.9,0.002,0.003,0.0,-0.08,3,2,0,24069,18949396,29.9,-0.826,-0.825,-0.09,-0.17,1,2,0,24069,18949396,30.6,-0.004,-0.002,0.06,-0.09,2,2,0,24069,18949396,29.9,-0.81,-0.808,-0.12,-0.07,2,2,0,24069,18949396,30.6
132,18924874992803,18924884718791,center_1,0.16007839200028684,20.181446,0.07839199679438025,9.725988,2.13992600038182,3.2539539970457554,0.13875961303710938,24232,24070,0.0,0.004,0.19,0.02,13,2,0,24232,18949417,30.6,-0.001,0.0,0.0,-0.13,12,2,0,24232,18949417,30.6,-0.805,-0.805,-0.04,-0.06,10,2,0,24232,18949417,31.9,-0.815,-0.814,0.03,-0.08,6,2,0,24232,18949417,31.3,-0.006,-0.005,0.01,-0.23,7,2,0,24232,18949417,31.9,-0.002,-0.001,0.03,-0.3,13,2,0,24070,18949416,29.9,0.002,0.003,-0.01,-0.2,8,2,0,24070,18949416,29.9,-0.826,-0.825,0.06,-0.12,6,2,0,24070,18949416,30.6,-0.004,-0.002,-0.08,-0.07,7,2,0,24070,18949416,29.9,-0.81,-0.809,-0.03,-0.27,7,2,0,24070,18949416,30.6
133,18924894991297,18924904449659,center_1,0.18007743000271148,19.730868,0.07742999878246337,9.458362,1.5681580007367302,2.6773870013130363,0.14448165893554688,24233,24071,0.0,0.003,-0.06,-0.2,3,2,0,24233,18949437,30.6,-0.001,0.0,-0.09,-0.2,2,2,0,24233,18949437,30.6,-0.805,-0.804,-0.02,-0.06,0,2,0,24233,18949437,31.9,-0.815,-0.814,-0.03,-0.17,11,2,0,24233,18949437,31.3,-0.006,-0.004,0.09,0.09,12,2,0,24233,18949437,31.9,-0.002,-0.001,0.01,0.01,3,2,0,24071,18949436,29.9,0.002,0.003,0.0,0.05,13,2,0,24071,18949436,29.9,-0.826,-0.825,0.03,-0.22,11,2,0,24071,18949436,30.6,-0.004,-0.002,-0.06,-0.19,12,2,0,24071,18949436,29.9,-0.81,-0.808,0.21,-0.03,12,2,0,24071,18949436,30.6
134,18924915005952,18924923943909,center_1,0.2000880209998286,19.49425,0.08802099546301179,8.937957,1.5232280020427424,2.5690949987620115,0.14066696166992188,24234,24072,0.0,0.003,0.04,-0.15,8,2,0,24234,18949457,30.6,-0.001,0.0,-0.03,-0.04,7,2,0,24234,18949457,30.6,-0.805,-0.805,-0.02,-0.05,5,2,0,24234,18949457,31.9,-0.815,-0.814,0.0,-0.17,1,2,0,24234,18949457,31.3,-0.006,-0.005,0.11,0.0,2,2,0,24234,18949457,31.9,-0.002,-0.001,0.14,-0.08,8,2,0,24072,18949456,29.9,0.002,0.003,0.01,0.05,3,2,0,24072,18949456,29.9,-0.826,-0.825,-0.04,-0.06,1,2,0,24072,18949456,30.6,-0.004,-0.002,-0.01,-0.15,2,2,0,24072,18949456,29.9,-0.81,-0.809,0.04,-0.06,2,2,0,24072,18949456,30.6
135,18924934992894,18924943980709,center_1,0.22007643500182894,20.0368,0.07643499702680856,8.987815,1.5678710005886387,2.622985000925837,0.14090538024902344,24235,24073,0.0,0.003,0.0,-0.34,13,2,0,24235,18949477,30.6,-0.001,0.0,-0.09,-0.14,12,2,0,24235,18949477,30.6,-0.805,-0.804,0.04,0.07,10,2,0,24235,18949477,31.9,-0.815,-0.814,0.01,-0.19,6,2,0,24235,18949477,31.3,-0.006,-0.005,-0.07,-0.24,7,2,0,24235,18949477,31.9,-0.002,-0.001,0.09,-0.11,13,2,0,24073,18949476,29.9,0.002,0.003,0.09,0.18,8,2,0,24073,18949476,29.9,-0.826,-0.825,-0.01,-0.04,6,2,0,24073,18949476,30.6,-0.004,-0.002,0.02,0.07,7,2,0,24073,18949476,29.9,-0.81,-0.809,0.03,-0.11,7,2,0,24073,18949476,30.6
136,18924954994237,18924964043334,center_1,0.2400773619992833,20.062625,0.0773619940446224,9.049097,1.5368929998658132,2.595878999272827,0.14138221740722656,24236,24074,0.0,0.003,0.02,-0.11,3,2,0,24236,18949497,30.6,-0.001,0.0,-0.09,0.0,2,2,0,24236,18949497,30.6,-0.805,-0.805,0.01,-0.04,0,2,0,24236,18949497,31.9,-0.815,-0.814,-0.11,-0.23,11,2,0,24236,18949497,31.3,-0.006,-0.005,0.07,-0.01,12,2,0,24236,18949497,31.9,-0.002,-0.001,-0.02,-0.11,3,2,0,24074,18949496,29.9,0.002,0.003,-0.03,-0.1,13,2,0,24074,18949496,29.9,-0.826,-0.825,-0.05,-0.14,10,2,0,24074,18949496,30.6,-0.004,-0.002,0.13,-0.13,12,2,0,24074,18949496,29.9,-0.81,-0.808,0.14,-0.11,12,2,0,24074,18949496,30.6
137,18924975000284,18924984362418,center_1,0.26008283299961477,20.319084,0.08283299393951893,9.362134,1.5081879973877221,2.589767002064036,0.14472007751464844,24237,24075,0.0,0.003,-0.09,-0.48,8,2,0,24237,18949517,30.6,-0.001,0.0,-0.08,-0.04,7,2,0,24237,18949517,30.6,-0.805,-0.805,0.04,0.0,5,2,0,24237,18949517,31.9,-0.815,-0.814,-0.1,-0.08,1,2,0,24237,18949517,31.3,-0.006,-0.005,-0.05,-0.04,2,2,0,24237,18949517,31.9,-0.002,-0.001,-0.06,-0.07,8,2,0,24075,18949516,29.9,0.002,0.003,-0.03,-0.12,3,2,0,24075,18949516,29.9,-0.826,-0.825,-0.05,-0.02,0,2,0,24075,18949516,30.6,-0.004,-0.002,0.07,-0.18,2,2,0,24075,18949516,29.9,-0.81,-0.809,-0.09,-0.12,2,2,0,24075,18949516,30.6
138,18924994992378,18925004432435,center_1,0.28007396700195386,20.070017,0.07396699584205635,9.440057,1.5473259991267696,2.647016997798346,0.1442432403564453,24238,24076,0.0,0.003,0.02,-0.25,13,2,0,24238,18949537,30.6,-0.001,0.0,0.14,-0.2,12,2,0,24238,18949537,30.6,-0.805,-0.804,0.04,-0.04,10,2,0,24238,18949537,31.9,-0.815,-0.814,-0.14,-0.06,6,2,0,24238,18949537,31.3,-0.006,-0.005,-0.05,-0.02,7,2,0,24238,18949537,31.9,-0.002,-0.001,-0.1,-0.11,13,2,0,24076,18949536,29.9,0.002,0.003,0.18,0.01,8,2,0,24076,18949536,29.9,-0.826,-0.825,-0.12,-0.09,5,2,0,24076,18949536,30.6,-0.004,-0.002,-0.01,-0.02,7,2,0,24076,18949536,29.9,-0.81,-0.809,-0.03,-0.29,7,2,0,24076,18949536,30.6
139,18925014992185,18925024597464,center_1,0.3000773890016717,20.165029,0.07738899512332864,9.605279,2.070258000458125,3.150332999211969,0.16832351684570312,24239,24077,0.0,0.003,-0.07,-0.11,3,2,0,24239,18949557,30.6,-0.001,0.0,-0.11,-0.14,2,2,0,24239,18949557,30.6,-0.805,-0.805,0.02,-0.08,0,2,0,24239,18949557,31.9,-0.815,-0.814,0.15,0.0,11,2,0,24239,18949557,31.3,-0.006,-0.005,0.1,-0.09,12,2,0,24239,18949557,31.9,-0.002,-0.001,0.0,-0.04,3,2,0,24077,18949556,29.9,0.002,0.003,0.12,-0.18,13,2,0,24077,18949556,29.9,-0.826,-0.825,-0.07,-0.1,10,2,0,24077,18949556,30.6,-0.004,-0.002,-0.05,-0.19,12,2,0,24077,18949556,29.9,-0.81,-0.809,0.14,-0.26,12,2,0,24077,18949556,30.6
140,18925034991991,18925044066241,center_1,0.32007703600174864,19.468777,0.07703599476371892,9.07425,1.620064998860471,2.6676579982449766,0.14162063598632812,24240,24078,0.0,0.003,-0.1,-0.45,8,2,0,24240,18949577,30.6,-0.001,0.0,-0.08,0.03,7,2,0,24240,18949577,30.6,-0.805,-0.805,-0.13,-0.03,5,2,0,24240,18949577,31.9,-0.815,-0.814,-0.12,-0.02,1,2,0,24240,18949577,31.3,-0.006,-0.005,0.12,-0.02,2,2,0,24240,18949577,31.9,-0.002,-0.001,-0.06,-0.19,8,2,0,24078,18949576,29.9,0.002,0.003,0.17,-0.16,3,2,0,24078,18949576,29.9,-0.826,-0.825,0.0,0.08,0,2,0,24078,18949576,30.6,-0.004,-0.002,0.15,0.09,2,2,0,24078,18949576,29.9,-0.81,-0.809,-0.18,-0.28,2,2,0,24078,18949576,30.6
141,18925054988278,18925064587893,center_1,0.3400725860010425,20.521652,0.07258599362103269,9.599615,2.0827070002269465,3.1737589997646865,0.14519691467285156,24241,24079,0.0,0.003,-0.13,-0.2,13,2,0,24241,18949597,30.6,-0.001,0.0,-0.06,-0.15,12,2,0,24241,18949597,30.6,-0.805,-0.805,-0.02,-0.29,10,2,0,24241,18949597,31.9,-0.815,-0.814,0.01,-0.17,6,2,0,24241,18949597,31.3,-0.006,-0.005,0.04,-0.06,7,2,0,24241,18949597,31.9,-0.002,-0.001,0.1,-0.31,13,2,0,24079,18949596,29.9,0.002,0.003,0.1,-0.22,8,2,0,24079,18949596,29.9,-0.826,-0.825,0.17,0.03,5,2,0,24079,18949596,30.6,-0.004,-0.002,0.14,-0.16,7,2,0,24079,18949596,29.9,-0.81,-0.809,0.0,0.09,7,2,0,24079,18949596,30.6
142,18925074990100,18925084511536,center_1,0.36007616899951245,19.923643,0.07616899165441282,9.521436,2.037841000856133,3.121500998531701,0.1442432403564453,24242,24080,0.0,0.003,-0.05,-0.17,3,2,0,24242,18949617,30.6,-0.001,0.0,0.1,-0.14,2,2,0,24242,18949617,30.6,-0.805,-0.805,0.01,-0.13,15,2,0,24242,18949617,31.9,-0.815,-0.814,-0.06,-0.12,11,2,0,24242,18949617,31.3,-0.006,-0.005,0.01,-0.11,12,2,0,24242,18949617,31.9,-0.002,-0.001,-0.04,-0.07,3,2,0,24080,18949616,29.9,0.002,0.003,0.02,-0.22,13,2,0,24080,18949616,29.9,-0.826,-0.825,0.08,-0.06,10,2,0,24080,18949616,30.6,-0.004,-0.002,-0.16,-0.19,12,2,0,24080,18949616,29.9,-0.81,-0.809,0.08,-0.16,12,2,0,24080,18949616,30.6
143,18925094992147,18925104748760,center_1,0.3800764879997587,20.237224,0.07648799146409146,9.756613,2.253561997349607,3.3452530005888548,0.14734268188476562,24243,24081,0.0,0.002,0.07,-0.25,8,2,0,24243,18949637,30.6,-0.001,0.0,0.02,-0.13,7,2,0,24243,18949637,30.6,-0.805,-0.805,0.03,0.04,5,2,0,24243,18949637,31.9,-0.815,-0.814,0.04,-0.03,1,2,0,24243,18949637,31.3,-0.006,-0.005,0.02,-0.18,2,2,0,24243,18949637,31.9,-0.002,-0.001,-0.02,-0.11,8,2,0,24081,18949636,29.9,0.002,0.003,-0.04,-0.21,3,2,0,24081,18949636,29.9,-0.826,-0.825,0.09,-0.05,0,2,0,24081,18949636,30.6,-0.004,-0.002,0.08,0.08,1,2,0,24081,18949636,29.9,-0.81,-0.808,0.16,-0.14,2,2,0,24081,18949636,30.6
144,18925115003538,18925124445547,center_1,0.40008455100178253,19.696787,0.08455099305137992,9.442009,1.5328289991884958,2.619752001919551,0.1456737518310547,24244,24082,0.0,0.002,-0.06,-0.22,13,2,0,24244,18949657,30.6,-0.001,0.0,-0.11,-0.04,12,2,0,24244,18949657,30.6,-0.805,-0.805,-0.15,-0.04,10,2,0,24244,18949657,31.9,-0.815,-0.814,0.03,0.0,6,2,0,24244,18949657,31.3,-0.006,-0.005,0.08,-0.14,7,2,0,24244,18949657,31.9,-0.002,-0.001,0.06,-0.22,13,2,0,24082,18949656,29.9,0.002,0.003,0.06,0.04,7,2,0,24082,18949656,29.9,-0.826,-0.825,-0.01,-0.15,5,2,0,24082,18949656,30.6,-0.004,-0.002,-0.06,-0.05,6,2,0,24082,18949656,29.9,-0.81,-0.809,0.1,-0.04,7,2,0,24082,18949656,30.6
145,18925134991408,18925144670354,center_1,0.42007584500242956,20.224807,0.07584499326185323,9.678946,2.180310999392532,3.2735710010456387,0.1456737518310547,24245,24083,0.0,0.003,0.1,-0.14,3,2,0,24245,18949677,30.6,-0.001,0.0,-0.03,-0.21,2,2,0,24245,18949677,30.6,-0.805,-0.805,0.13,0.06,0,2,0,24245,18949677,31.9,-0.815,-0.814,-0.09,-0.12,11,2,0,24245,18949677,31.3,-0.006,-0.005,0.14,0.11,12,2,0,24245,18949677,31.9,-0.002,-0.001,-0.01,-0.25,3,2,0,24083,18949676,29.9,0.002,0.003,0.04,-0.14,12,2,0,24083,18949676,29.9,-0.826,-0.826,0.03,0.13,10,2,0,24083,18949676,30.6,-0.004,-0.002,-0.12,0.02,11,2,0,24083,18949676,29.9,-0.81,-0.809,0.08,0.04,12,2,0,24083,18949676,30.6
146,18925154988302,18925163926771,center_1,0.44007369900282356,19.256417,0.07369899321929552,8.938469,1.4622659982705954,2.505508000467671,0.1456737518310547,24246,24084,0.0,0.002,0.03,-0.07,8,2,0,24246,18949697,30.6,-0.001,0.0,0.0,-0.07,7,2,0,24246,18949697,30.6,-0.805,-0.805,-0.07,0.0,5,2,0,24246,18949697,31.9,-0.815,-0.814,-0.13,0.0,1,2,0,24246,18949697,31.3,-0.006,-0.005,-0.18,-0.08,2,2,0,24246,18949697,31.9,-0.002,-0.001,-0.16,-0.01,8,2,0,24084,18949696,29.9,0.002,0.003,-0.13,-0.14,2,2,0,24084,18949696,29.9,-0.826,-0.825,0.09,-0.02,0,2,0,24084,18949696,30.6,-0.004,-0.002,-0.17,-0.27,1,2,0,24084,18949696,29.9,-0.81,-0.809,-0.16,-0.12,2,2,0,24084,18949696,30.6
147,18925174993933,18925184375844,center_1,0.46007609800290084,20.449073,0.07609799286001362,9.381911,1.4924120005161967,2.5786309997783974,0.1888275146484375,24247,24085,0.0,0.003,0.16,-0.36,13,2,0,24247,18949717,30.6,-0.001,0.0,-0.07,-0.12,12,2,0,24247,18949717,30.6,-0.805,-0.805,-0.01,-0.1,10,2,0,24247,18949717,31.9,-0.815,-0.814,0.08,-0.09,6,2,0,24247,18949717,31.3,-0.006,-0.005,-0.11,-0.08,7,2,0,24247,18949717,31.9,-0.002,-0.001,-0.09,-0.13,13,2,0,24085,18949716,29.9,0.002,0.003,0.02,-0.16,7,2,0,24085,18949716,29.9,-0.826,-0.825,-0.1,-0.09,5,2,0,24085,18949716,30.6,-0.004,-0.002,-0.02,-0.07,6,2,0,24085,18949716,29.9,-0.81,-0.809,-0.02,0.02,7,2,0,24085,18949716,30.6
148,18925194990795,18925204416516,center_1,0.48007635199974175,20.040672,0.07635198926436715,9.425721,1.5528620024269912,2.644873999088304,0.15091896057128906,24248,24086,0.0,0.002,-0.02,-0.43,3,2,0,24248,18949737,30.6,-0.001,0.0,0.02,0.06,2,2,0,24248,18949737,30.6,-0.805,-0.805,-0.03,-0.21,0,2,0,24248,18949737,31.9,-0.815,-0.814,0.02,-0.01,11,2,0,24248,18949737,31.3,-0.006,-0.005,0.0,-0.01,12,2,0,24248,18949737,31.9,-0.002,-0.001,-0.06,-0.02,3,2,0,24086,18949736,29.9,0.002,0.003,-0.03,-0.03,12,2,0,24086,18949736,29.9,-0.826,-0.825,-0.05,-0.08,10,2,0,24086,18949736,30.6,-0.004,-0.002,0.05,-0.23,11,2,0,24086,18949736,29.9,-0.81,-0.809,0.04,-0.22,12,2,0,24086,18949736,30.6
149,18925214989770,18925224608074,center_1,0.5000756150002417,20.191558,0.07561498932773247,9.618304,2.1079559992358554,3.195807999873068,0.148773193359375,24249,24087,0.0,0.003,-0.01,-0.27,8,2,0,24249,18949757,30.6,-0.001,0.0,0.08,-0.16,7,2,0,24249,18949757,30.6,-0.805,-0.805,-0.05,-0.32,5,2,0,24249,18949757,31.9,-0.815,-0.814,0.07,-0.12,1,2,0,24249,18949757,31.3,-0.006,-0.005,0.05,-0.25,2,2,0,24249,18949757,31.9,-0.002,-0.001,0.05,-0.23,8,2,0,24087,18949756,29.9,0.002,0.003,0.01,-0.08,2,2,0,24087,18949756,29.9,-0.826,-0.825,0.03,-0.18,0,2,0,24087,18949756,30.6,-0.004,-0.003,-0.01,-0.03,1,2,0,24087,18949756,29.9,-0.81,-0.809,-0.02,0.02,2,2,0,24087,18949756,30.6
150,18925234993833,18925244660907,center_1,0.5200779180013342,20.052833,0.07791798998368904,9.667074,2.232186001492664,3.3318770001642406,0.1513957977294922,24250,24088,0.0,0.002,-0.03,-0.4,13,2,0,24250,18949777,30.6,-0.001,0.0,0.0,-0.17,12,2,0,24250,18949777,30.6,-0.805,-0.804,0.12,-0.1,10,2,0,24250,18949777,31.9,-0.815,-0.814,0.05,0.02,6,2,0,24250,18949777,31.3,-0.006,-0.005,0.02,-0.17,7,2,0,24250,18949777,31.9,-0.002,-0.001,0.14,-0.05,13,2,0,24088,18949776,29.9,0.002,0.003,-0.1,-0.02,7,2,0,24088,18949776,29.9,-0.826,-0.825,-0.01,0.0,5,2,0,24088,18949776,30.6,-0.004,-0.002,-0.17,-0.05,6,2,0,24088,18949776,29.9,-0.81,-0.809,0.02,-0.24,7,2,0,24088,18949776,30.6
151,18925254992743,18925264556613,center_1,0.5400777560025745,19.895706,0.07775599078740925,9.56387,2.1330449999368284,3.2277770005748607,0.14853477478027344,24251,24089,0.0,0.002,0.03,-0.15,3,2,0,24251,18949797,30.6,-0.001,0.0,0.1,-0.11,2,2,0,24251,18949797,30.6,-0.805,-0.805,0.05,-0.2,15,2,0,24251,18949797,31.9,-0.815,-0.814,0.05,-0.06,11,2,0,24251,18949797,31.3,-0.006,-0.005,0.06,-0.11,12,2,0,24251,18949797,31.9,-0.002,-0.001,-0.11,0.07,3,2,0,24089,18949796,29.9,0.002,0.003,0.07,-0.04,12,2,0,24089,18949796,29.9,-0.826,-0.825,0.02,-0.04,10,2,0,24089,18949796,30.6,-0.004,-0.003,-0.07,0.03,11,2,0,24089,18949796,29.9,-0.81,-0.809,-0.08,-0.03,12,2,0,24089,18949796,29.9
152,18925274989382,18925284343931,center_1,0.560074490000261,19.787318,0.07448998803738505,9.354549,1.897644000564469,2.995063001435483,0.19049644470214844,24252,24090,0.0,0.003,-0.05,-0.38,8,2,0,24252,18949817,30.6,-0.001,0.0,0.09,-0.17,7,2,0,24252,18949817,30.6,-0.805,-0.805,0.02,0.0,5,2,0,24252,18949817,31.9,-0.815,-0.814,0.17,-0.06,1,2,0,24252,18949817,31.3,-0.006,-0.005,0.11,-0.05,2,2,0,24252,18949817,31.9,-0.002,-0.001,0.01,-0.22,8,2,0,24090,18949816,29.9,0.002,0.003,-0.02,-0.21,2,2,0,24090,18949816,29.9,-0.826,-0.825,0.05,-0.06,0,2,0,24090,18949816,30.6,-0.004,-0.003,-0.08,-0.02,1,2,0,24090,18949816,29.9,-0.81,-0.809,0.12,0.05,2,2,0,24090,18949816,30.6
153,18925294994052,18925304415196,center_1,0.5800776569994923,20.071265,0.07765698683215305,9.421144,1.5674540009058546,2.656233999005053,0.15091896057128906,24253,24091,0.0,0.003,-0.01,0.09,13,2,0,24253,18949837,30.6,-0.001,0.0,0.03,-0.12,12,2,0,24253,18949837,30.6,-0.805,-0.804,0.0,-0.49,10,2,0,24253,18949837,31.9,-0.815,-0.814,-0.03,-0.1,6,2,0,24253,18949837,31.3,-0.006,-0.005,0.0,-0.06,7,2,0,24253,18949837,31.9,-0.002,-0.001,-0.06,-0.17,13,2,0,24091,18949836,29.9,0.002,0.003,0.07,0.12,7,2,0,24091,18949836,29.9,-0.826,-0.825,-0.01,-0.21,5,2,0,24091,18949836,30.6,-0.004,-0.002,0.04,-0.1,6,2,0,24091,18949836,29.9,-0.81,-0.809,0.06,-0.06,7,2,0,24091,18949836,29.9
154,18925315005411,18925323947624,center_1,0.6000850480013469,19.532428,0.08504798825015314,8.942213,1.4998999977251515,2.544068996940041,0.1499652862548828,24254,24092,0.0,0.003,-0.03,-0.2,3,2,0,24254,18949857,30.6,-0.001,0.0,-0.02,0.0,2,2,0,24254,18949857,30.6,-0.805,-0.805,0.03,0.12,0,2,0,24254,18949857,31.9,-0.815,-0.814,-0.08,-0.05,11,2,0,24254,18949857,31.3,-0.006,-0.005,0.05,-0.07,12,2,0,24254,18949857,31.9,-0.002,-0.001,0.05,-0.24,3,2,0,24092,18949856,29.9,0.002,0.003,0.06,-0.13,12,2,0,24092,18949856,29.9,-0.826,-0.825,-0.09,0.02,10,2,0,24092,18949856,30.6,-0.004,-0.002,0.02,-0.06,11,2,0,24092,18949856,29.9,-0.81,-0.809,0.13,0.16,12,2,0,24092,18949856,30.6
155,18925334989249,18925345050355,center_1,0.6200745179994556,21.102731,0.07451798592228442,10.061106,2.216599998064339,3.3073320009862073,0.15115737915039062,24255,24093,0.0,0.003,-0.04,-0.31,8,2,0,24255,18949877,30.6,-0.001,0.0,-0.09,-0.11,7,2,0,24255,18949877,30.6,-0.805,-0.805,-0.05,-0.1,5,2,0,24255,18949877,31.9,-0.815,-0.814,0.09,0.13,1,2,0,24255,18949877,31.3,-0.006,-0.005,0.02,-0.12,1,2,0,24255,18949877,31.9,-0.002,-0.001,-0.08,-0.21,8,2,0,24093,18949876,29.9,0.002,0.003,0.06,-0.07,2,2,0,24093,18949876,29.9,-0.826,-0.825,0.08,-0.01,15,2,0,24093,18949876,30.6,-0.004,-0.003,-0.11,0.04,1,2,0,24093,18949876,29.9,-0.81,-0.809,0.04,-0.05,2,2,0,24093,18949876,30.6
156,18925354993376,18925364318612,center_1,0.6400787730017328,19.268257,0.07877298776293173,9.325236,1.8923630013887305,2.9710939998039976,0.19168853759765625,24256,24094,0.0,0.002,-0.15,-0.03,13,2,0,24256,18949897,30.6,-0.001,0.0,0.08,-0.08,12,2,0,24256,18949897,30.6,-0.805,-0.805,-0.08,-0.01,10,2,0,24256,18949897,31.9,-0.815,-0.814,-0.1,-0.14,6,2,0,24256,18949897,31.3,-0.006,-0.005,-0.02,-0.15,6,2,0,24256,18949897,31.9,-0.002,-0.001,0.12,0.12,14,2,0,24094,18949897,29.9,0.002,0.003,0.11,-0.01,8,2,0,24094,18949897,29.9,-0.826,-0.825,-0.09,-0.01,6,2,0,24094,18949897,30.6,-0.004,-0.003,-0.16,0.02,7,2,0,24094,18949897,29.9,-0.81,-0.809,-0.13,-0.21,8,2,0,24094,18949897,30.6
157,18925374991486,18925384506106,center_1,0.660076530999504,20.187494,0.07653098509763367,9.51462,2.0862279998254962,3.1714230026409496,0.15091896057128906,24257,24095,0.0,0.003,0.11,0.03,2,2,0,24257,18949917,30.6,-0.001,0.0,-0.12,0.03,2,2,0,24257,18949917,30.6,-0.805,-0.805,-0.07,-0.09,15,2,0,24257,18949917,31.9,-0.815,-0.814,-0.07,-0.17,11,2,0,24257,18949917,31.3,-0.006,-0.005,-0.05,-0.12,11,2,0,24257,18949917,31.9,-0.002,-0.001,-0.12,-0.1,3,2,0,24095,18949916,29.9,0.002,0.003,0.0,0.12,12,2,0,24095,18949916,29.9,-0.826,-0.825,0.01,-0.01,10,2,0,24095,18949916,30.6,-0.004,-0.003,-0.02,-0.12,11,2,0,24095,18949916,29.9,-0.81,-0.809,0.04,-0.38,12,2,0,24095,18949916,30.6
158,18925394991389,18925403942114,center_1,0.680076562002796,19.436008,0.07656198795302771,8.950725,1.5493419996346347,2.5897679988702293,0.15234947204589844,24258,24096,0.0,0.003,-0.05,-0.03,7,2,0,24258,18949937,30.6,-0.001,0.0,-0.05,-0.12,7,2,0,24258,18949937,30.6,-0.805,-0.805,0.05,-0.18,5,2,0,24258,18949937,31.9,-0.815,-0.814,0.14,0.05,0,2,0,24258,18949937,31.3,-0.006,-0.005,-0.11,0.02,1,2,0,24258,18949937,31.9,-0.002,-0.001,0.04,0.16,8,2,0,24096,18949936,29.9,0.002,0.003,0.13,-0.04,2,2,0,24096,18949936,29.9,-0.826,-0.825,-0.07,0.06,0,2,0,24096,18949936,30.6,-0.004,-0.003,0.04,-0.12,1,2,0,24096,18949936,29.9,-0.81,-0.809,-0.09,-0.16,2,2,0,24096,18949936,29.9
159,18925414993244,18925425111056,center_1,0.7000761439994676,21.168942,0.07614398418809287,10.117812,2.1356049983296543,3.2239690008282196,0.1552104949951172,24259,24097,0.0,0.003,0.19,-0.27,12,2,0,24259,18949957,30.6,-0.001,0.0,-0.09,-0.09,12,2,0,24259,18949957,30.6,-0.805,-0.805,-0.05,-0.01,10,2,0,24259,18949957,31.9,-0.815,-0.814,0.0,-0.03,5,2,0,24259,18949957,31.3,-0.006,-0.005,-0.12,-0.13,6,2,0,24259,18949957,31.9,-0.002,-0.001,0.0,-0.07,13,2,0,24097,18949956,29.9,0.002,0.003,0.18,-0.23,7,2,0,24097,18949956,29.9,-0.826,-0.825,0.08,-0.19,5,2,0,24097,18949956,30.6,-0.004,-0.003,0.07,-0.18,6,2,0,24097,18949956,29.9,-0.81,-0.809,0.0,-0.07,7,2,0,24097,18949956,30.6
160,18925435004603,18925444865572,center_1,0.720083855001576,19.754516,0.08385498585994355,9.860969,1.8777709992718883,2.9987759990035556,0.1552104949951172,24260,24098,0.0,0.003,0.07,0.02,2,2,0,24260,18949977,30.6,-0.001,0.0,0.08,-0.23,1,2,0,24260,18949977,30.6,-0.805,-0.805,-0.07,-0.07,15,2,0,24260,18949977,31.9,-0.815,-0.814,-0.12,-0.19,10,2,0,24260,18949977,31.3,-0.006,-0.005,0.07,-0.05,11,2,0,24260,18949977,31.9,-0.002,-0.001,-0.05,0.05,4,2,0,24098,18949977,29.9,0.002,0.003,-0.03,-0.13,13,2,0,24098,18949977,29.9,-0.826,-0.825,0.04,-0.05,11,2,0,24098,18949977,30.6,-0.004,-0.003,-0.02,-0.05,12,2,0,24098,18949977,29.9,-0.81,-0.809,-0.07,-0.13,13,2,0,24098,18949977,30.6
161,18925454992793,18925464463379,center_1,0.7400780300013139,19.597807,0.07802998516126536,9.470586,1.9956639989686664,3.08425099865417,0.15616416931152344,24261,24099,0.0,0.002,-0.02,-0.2,7,2,0,24261,18949997,30.6,-0.001,0.0,-0.04,-0.08,6,2,0,24261,18949997,30.6,-0.805,-0.804,0.05,-0.03,5,2,0,24261,18949997,31.9,-0.815,-0.814,-0.04,0.01,0,2,0,24261,18949997,31.3,-0.006,-0.005,0.03,-0.05,1,2,0,24261,18949997,31.9,-0.002,-0.001,0.03,-0.04,8,2,0,24099,18949996,29.9,0.002,0.003,-0.13,-0.36,2,2,0,24099,18949996,29.9,-0.826,-0.825,-0.09,-0.17,0,2,0,24099,18949996,30.6,-0.004,-0.003,0.04,-0.07,1,2,0,24099,18949996,29.9,-0.81,-0.809,-0.2,-0.09,2,2,0,24099,18949996,30.6
162,18925474995095,18925484566197,step_neg,2.04800016945228e-06,20.102818,0.00204800016945228,9.571102,2.115829000103986,3.213312000298174,0.15687942504882812,24262,24100,-0.02,0.002,-0.13,-0.15,12,2,0,24262,18950017,30.6,-0.021,0.0,0.09,-0.12,11,2,0,24262,18950017,30.6,-0.8250000000000001,-0.805,-0.11,-0.14,10,2,0,24262,18950017,31.9,-0.835,-0.814,0.02,0.15,5,2,0,24262,18950017,31.3,-0.026000000000000002,-0.005,0.08,0.04,6,2,0,24262,18950017,31.9,-0.022,-0.001,-0.19,0.09,13,2,0,24100,18950016,29.9,-0.018000000000000002,0.003,0.13,-0.02,7,2,0,24100,18950016,29.9,-0.846,-0.825,0.12,-0.2,5,2,0,24100,18950016,30.6,-0.024,-0.003,-0.02,-0.13,6,2,0,24100,18950016,29.9,-0.8300000000000001,-0.809,0.04,-0.31,7,2,0,24100,18950016,30.6
163,18925495071961,18925503984317,step_neg,0.02007728199896519,19.41812,0.07728199852863327,8.912356,1.5572470001643524,2.6134489999094512,0.1575946807861328,24263,24101,-0.02,0.002,-0.05,-0.26,2,2,0,24263,18950037,30.6,-0.021,0.0,0.11,-0.28,1,2,0,24263,18950037,30.6,-0.8250000000000001,-0.805,-0.03,0.19,15,2,0,24263,18950037,31.9,-0.835,-0.814,0.06,0.01,10,2,0,24263,18950037,31.3,-0.026000000000000002,-0.005,-0.1,-0.07,11,2,0,24263,18950037,31.9,-0.022,-0.001,0.07,-0.29,3,2,0,24101,18950036,29.9,-0.018000000000000002,0.003,-0.04,0.08,12,2,0,24101,18950036,29.9,-0.846,-0.825,0.0,0.01,10,2,0,24101,18950036,30.6,-0.024,-0.003,0.14,0.07,11,2,0,24101,18950036,29.9,-0.8300000000000001,-0.809,-0.07,-0.3,11,2,0,24101,18950036,29.9
164,18925515088152,18925534089007,step_neg,0.04008726499887416,30.10469,0.08726499800104648,19.000855,1.7746630001056474,2.875026999390684,0.15664100646972656,24264,24102,-0.02,-0.004,-0.63,-0.17,7,2,0,24264,18950057,30.6,-0.021,-0.007,-0.68,0.11,6,2,0,24264,18950057,30.6,-0.8250000000000001,-0.813,-0.69,-0.24,5,2,0,24264,18950057,31.9,-0.835,-0.824,-0.63,-0.27,0,2,0,24264,18950057,31.3,-0.026000000000000002,-0.015,-0.76,-0.06,1,2,0,24264,18950057,31.9,-0.022,-0.006,-0.51,-0.41,8,2,0,24102,18950056,29.9,-0.018000000000000002,-0.006,-0.6,-0.09,2,2,0,24102,18950056,29.9,-0.846,-0.827,-0.49,-0.39,15,2,0,24102,18950056,30.6,-0.024,-0.013,-0.61,-0.09,1,2,0,24102,18950056,29.9,-0.8300000000000001,-0.818,-0.53,0.07,1,2,0,24102,18950056,30.6
165,18925535072630,18925544531792,step_neg,0.06007932699867524,10.442785,0.0793269973655697,9.459162,2.023856999585405,3.115964002063265,0.156402587890625,24265,24103,-0.02,-0.012,-0.54,0.01,12,2,0,24265,18950077,30.6,-0.021,-0.014,-0.37,0.15,11,2,0,24265,18950077,30.6,-0.8250000000000001,-0.82,-0.25,-0.02,10,2,0,24265,18950077,31.9,-0.835,-0.83,-0.4,0.14,5,2,0,24265,18950077,31.3,-0.026000000000000002,-0.021,-0.27,0.01,6,2,0,24265,18950077,31.9,-0.022,-0.014,-0.46,-0.07,13,2,0,24103,18950076,29.9,-0.018000000000000002,-0.012,-0.05,-0.08,7,2,0,24103,18950076,29.9,-0.846,-0.841,-0.29,-0.3,5,2,0,24103,18950076,30.6,-0.024,-0.019,-0.36,-0.11,6,2,0,24103,18950076,29.9,-0.8300000000000001,-0.825,-0.31,-0.27,6,2,0,24103,18950076,30.6
166,18925555073653,18925564046747,step_neg,0.08007631700093043,19.514955,0.07631699918420054,8.973094,1.4899470006639604,2.5354930003231857,0.15497207641601562,24266,24104,-0.02,-0.019,-0.11,-0.12,2,2,0,24266,18950097,30.6,-0.021,-0.019,-0.07,-0.04,1,2,0,24266,18950097,30.6,-0.8250000000000001,-0.823,-0.18,-0.1,15,2,0,24266,18950097,31.9,-0.835,-0.833,-0.13,-0.05,10,2,0,24266,18950097,31.3,-0.026000000000000002,-0.024,-0.2,-0.35,11,2,0,24266,18950097,31.9,-0.022,-0.019,0.01,-0.14,3,2,0,24104,18950096,29.9,-0.018000000000000002,-0.015,-0.25,-0.04,12,2,0,24104,18950096,29.9,-0.846,-0.841,0.02,-0.42,10,2,0,24104,18950096,30.6,-0.024,-0.022,-0.11,-0.08,11,2,0,24104,18950096,29.9,-0.8300000000000001,-0.828,-0.35,-0.06,11,2,0,24104,18950096,30.6
167,18925575071859,18925584053946,step_neg,0.10007647599923075,20.007199,0.07647599704796448,8.982087,1.5066840023791883,2.553061996877659,0.1537799835205078,24267,24105,-0.02,-0.02,-0.04,0.0,7,2,0,24267,18950117,30.6,-0.021,-0.019,0.03,-0.25,6,2,0,24267,18950117,30.6,-0.8250000000000001,-0.824,0.07,-0.16,5,2,0,24267,18950117,31.9,-0.835,-0.833,0.11,-0.05,0,2,0,24267,18950117,31.3,-0.026000000000000002,-0.024,-0.13,-0.13,1,2,0,24267,18950117,31.9,-0.022,-0.02,-0.11,-0.13,8,2,0,24105,18950116,29.9,-0.018000000000000002,-0.017,-0.1,-0.1,2,2,0,24105,18950116,29.9,-0.846,-0.841,0.01,-0.21,15,2,0,24105,18950116,30.6,-0.024,-0.023,0.05,-0.07,1,2,0,24105,18950116,29.9,-0.8300000000000001,-0.83,0.01,-0.11,1,2,0,24105,18950116,30.6
168,18925595069586,18925604808438,step_neg,0.12007621800148627,20.754492,0.07621799886692315,9.738852,1.7828870004450437,2.869874002499273,0.15878677368164062,24268,24106,-0.02,-0.02,0.03,-0.07,12,2,0,24268,18950137,30.6,-0.021,-0.019,0.07,-0.19,11,2,0,24268,18950137,30.6,-0.8250000000000001,-0.824,0.14,-0.22,10,2,0,24268,18950137,31.9,-0.835,-0.833,-0.02,-0.01,5,2,0,24268,18950137,31.3,-0.026000000000000002,-0.024,-0.04,-0.12,6,2,0,24268,18950137,31.9,-0.022,-0.02,0.06,-0.01,13,2,0,24106,18950136,29.9,-0.018000000000000002,-0.018,-0.1,-0.1,7,2,0,24106,18950136,29.9,-0.846,-0.841,-0.08,-0.15,5,2,0,24106,18950136,30.6,-0.024,-0.023,-0.01,0.11,6,2,0,24106,18950136,29.9,-0.8300000000000001,-0.83,0.05,-0.05,6,2,0,24106,18950136,30.6
169,18925615074864,18925625170723,step_neg,0.1400782650016481,20.362285,0.07826499859220348,10.095859,2.1559269989666063,3.2504660011909436,0.16164779663085938,24269,24107,-0.02,-0.02,-0.03,-0.21,2,2,0,24269,18950157,30.6,-0.021,-0.019,-0.02,-0.19,1,2,0,24269,18950157,30.6,-0.8250000000000001,-0.824,0.16,-0.16,15,2,0,24269,18950157,31.9,-0.835,-0.833,0.0,-0.1,10,2,0,24269,18950157,31.3,-0.026000000000000002,-0.024,-0.05,0.06,11,2,0,24269,18950157,31.9,-0.022,-0.02,-0.04,-0.18,3,2,0,24107,18950156,29.9,-0.018000000000000002,-0.018,-0.02,-0.12,12,2,0,24107,18950156,29.9,-0.846,-0.841,-0.08,-0.08,10,2,0,24107,18950156,30.6,-0.024,-0.024,0.0,-0.09,11,2,0,24107,18950156,29.9,-0.8300000000000001,-0.83,0.08,0.04,11,2,0,24107,18950156,30.6
170,18925635075407,18925644552425,step_neg,0.1600786800008791,19.381702,0.07867999738664366,9.477018,1.5526700008194894,2.644649001013022,0.16236305236816406,24270,24108,-0.02,-0.02,-0.02,0.19,7,2,0,24270,18950177,30.6,-0.021,-0.019,-0.04,-0.09,6,2,0,24270,18950177,30.6,-0.8250000000000001,-0.825,-0.05,-0.07,5,2,0,24270,18950177,31.9,-0.835,-0.833,0.16,-0.22,0,2,0,24270,18950177,31.3,-0.026000000000000002,-0.025,-0.07,-0.04,1,2,0,24270,18950177,31.9,-0.022,-0.02,0.03,-0.1,9,2,0,24108,18950177,29.9,-0.018000000000000002,-0.017,0.05,-0.11,3,2,0,24108,18950177,29.9,-0.846,-0.841,0.04,-0.48,1,2,0,24108,18950177,30.6,-0.024,-0.024,-0.03,0.0,2,2,0,24108,18950177,29.9,-0.8300000000000001,-0.83,-0.07,-0.09,2,2,0,24108,18950177,30.6
171,18925655069869,18925663989521,step_neg,0.18007624600068084,19.437096,0.07624599675182253,8.919652,1.5253729980031494,2.5708219982334413,0.15974044799804688,24271,24109,-0.02,-0.02,-0.08,-0.11,12,2,0,24271,18950197,30.6,-0.021,-0.019,-0.1,-0.05,11,2,0,24271,18950197,30.6,-0.8250000000000001,-0.824,0.01,-0.03,9,2,0,24271,18950197,31.9,-0.835,-0.833,0.04,-0.22,5,2,0,24271,18950197,31.3,-0.026000000000000002,-0.025,-0.04,-0.25,6,2,0,24271,18950197,31.9,-0.022,-0.02,0.06,-0.12,13,2,0,24109,18950196,29.9,-0.018000000000000002,-0.018,0.02,-0.18,7,2,0,24109,18950196,29.9,-0.846,-0.841,-0.19,-0.21,5,2,0,24109,18950196,30.6,-0.024,-0.024,-0.07,-0.07,6,2,0,24109,18950196,29.9,-0.8300000000000001,-0.83,0.05,0.12,6,2,0,24109,18950196,30.6
172,18925675068588,18925684439362,step_neg,0.2000756689994887,20.449841,0.07566899512312375,9.370774,1.9493580002745148,3.0346170024131425,0.15997886657714844,24272,24110,-0.02,-0.021,-0.06,-0.17,2,2,0,24272,18950217,30.6,-0.021,-0.019,0.04,-0.16,1,2,0,24272,18950217,30.6,-0.8250000000000001,-0.824,-0.04,-0.2,14,2,0,24272,18950217,31.9,-0.835,-0.833,0.07,-0.17,10,2,0,24272,18950217,31.3,-0.026000000000000002,-0.025,0.02,-0.05,11,2,0,24272,18950217,31.9,-0.022,-0.02,-0.04,-0.06,2,2,0,24110,18950216,29.9,-0.018000000000000002,-0.018,0.03,-0.06,12,2,0,24110,18950216,29.9,-0.846,-0.841,0.25,-0.3,10,2,0,24110,18950216,30.6,-0.024,-0.024,-0.07,0.11,11,2,0,24110,18950216,29.9,-0.8300000000000001,-0.83,-0.13,-0.02,11,2,0,24110,18950216,30.6
173,18925695072459,18925704663753,step_neg,0.22007681900140597,20.224391,0.07681899660383351,9.591294,2.18767199839931,3.281187000538921,0.16164779663085938,24273,24111,-0.02,-0.021,-0.03,0.07,7,2,0,24273,18950237,30.6,-0.021,-0.019,0.07,0.01,6,2,0,24273,18950237,30.6,-0.8250000000000001,-0.824,-0.02,0.0,4,2,0,24273,18950237,31.9,-0.835,-0.833,0.02,-0.13,0,2,0,24273,18950237,31.3,-0.026000000000000002,-0.025,0.06,-0.23,1,2,0,24273,18950237,31.9,-0.022,-0.02,-0.08,-0.12,7,2,0,24111,18950236,29.9,-0.018000000000000002,-0.018,0.16,-0.22,2,2,0,24111,18950236,29.9,-0.846,-0.841,-0.18,-0.33,15,2,0,24111,18950236,30.6,-0.024,-0.024,0.0,-0.01,1,2,0,24111,18950236,29.9,-0.8300000000000001,-0.83,-0.03,-0.09,1,2,0,24111,18950236,29.9
174,18925715081705,18925724508258,step_neg,0.2400856179992843,19.844505,0.08561799404560588,9.426553,1.4915479987394065,2.5987919980252627,0.16570091247558594,24274,24112,-0.02,-0.02,0.08,0.0,12,2,0,24274,18950257,30.6,-0.021,-0.019,-0.04,-0.08,11,2,0,24274,18950257,30.6,-0.8250000000000001,-0.825,-0.13,0.01,9,2,0,24274,18950257,31.9,-0.835,-0.833,-0.03,0.01,5,2,0,24274,18950257,31.3,-0.026000000000000002,-0.025,-0.03,-0.11,6,2,0,24274,18950257,31.9,-0.022,-0.02,0.16,0.04,12,2,0,24112,18950256,29.9,-0.018000000000000002,-0.018,0.07,-0.01,7,2,0,24112,18950256,29.9,-0.846,-0.841,0.0,-0.33,5,2,0,24112,18950256,30.6,-0.024,-0.024,-0.02,-0.05,6,2,0,24112,18950256,29.9,-0.8300000000000001,-0.83,0.02,0.15,6,2,0,24112,18950256,30.6
175,18925735070696,18925744098896,step_neg,0.26007623999976204,19.590638,0.07623999408679083,9.0282,1.5627819993824232,2.61760899957153,0.16236305236816406,24275,24113,-0.02,-0.02,-0.02,0.14,2,2,0,24275,18950277,30.6,-0.021,-0.019,0.05,-0.16,1,2,0,24275,18950277,30.6,-0.8250000000000001,-0.824,-0.08,-0.1,14,2,0,24275,18950277,31.9,-0.835,-0.833,-0.16,-0.03,10,2,0,24275,18950277,31.3,-0.026000000000000002,-0.025,-0.06,-0.05,11,2,0,24275,18950277,31.9,-0.022,-0.02,-0.03,-0.12,2,2,0,24113,18950276,29.9,-0.018000000000000002,-0.018,-0.16,-0.08,12,2,0,24113,18950276,29.9,-0.846,-0.841,0.14,-0.32,10,2,0,24113,18950276,30.6,-0.024,-0.024,0.08,0.08,11,2,0,24113,18950276,29.9,-0.8300000000000001,-0.831,-0.09,-0.15,11,2,0,24113,18950276,30.6
176,18925755070118,18925763976714,step_neg,0.2800763029990776,19.877818,0.07630299296579324,8.906596,1.5017559999250807,2.5521979987388477,0.1614093780517578,24276,24114,-0.02,-0.021,-0.09,0.17,7,2,0,24276,18950297,30.6,-0.021,-0.019,-0.07,-0.05,6,2,0,24276,18950297,30.6,-0.8250000000000001,-0.824,-0.04,-0.01,4,2,0,24276,18950297,31.9,-0.835,-0.833,0.16,-0.23,0,2,0,24276,18950297,31.3,-0.026000000000000002,-0.025,0.03,-0.11,1,2,0,24276,18950297,31.9,-0.022,-0.021,0.05,-0.17,7,2,0,24114,18950296,29.9,-0.018000000000000002,-0.018,-0.01,-0.07,2,2,0,24114,18950296,29.9,-0.846,-0.841,-0.11,-0.41,15,2,0,24114,18950296,30.6,-0.024,-0.024,0.01,-0.05,1,2,0,24114,18950296,29.9,-0.8300000000000001,-0.83,-0.12,-0.21,1,2,0,24114,18950296,29.9
177,18925775069189,18925784212018,step_neg,0.300075758001185,20.235304,0.07575799463666044,9.142829,1.5799989996594377,2.630953000334557,0.1621246337890625,24277,24115,-0.02,-0.02,0.04,0.1,12,2,0,24277,18950317,30.6,-0.021,-0.019,-0.05,-0.21,11,2,0,24277,18950317,30.6,-0.8250000000000001,-0.824,-0.03,-0.08,9,2,0,24277,18950317,31.9,-0.835,-0.833,-0.13,-0.31,5,2,0,24277,18950317,31.3,-0.026000000000000002,-0.025,-0.04,-0.18,6,2,0,24277,18950317,31.9,-0.022,-0.02,0.11,-0.06,12,2,0,24115,18950316,29.9,-0.018000000000000002,-0.018,0.09,-0.19,7,2,0,24115,18950316,29.9,-0.846,-0.841,0.05,-0.59,5,2,0,24115,18950316,30.6,-0.024,-0.024,-0.07,0.03,6,2,0,24115,18950316,29.9,-0.8300000000000001,-0.83,-0.03,0.03,6,2,0,24115,18950316,29.9
178,18925795069859,18925805271611,step_neg,0.3200769399991259,21.059593,0.07693999214097857,10.201752,2.280538999912096,3.3750789989426266,0.16307830810546875,24278,24116,-0.02,-0.02,0.03,-0.11,2,2,0,24278,18950337,30.6,-0.021,-0.019,0.07,-0.06,1,2,0,24278,18950337,30.6,-0.8250000000000001,-0.824,0.0,-0.17,14,2,0,24278,18950337,31.9,-0.835,-0.833,0.02,-0.37,10,2,0,24278,18950337,31.3,-0.026000000000000002,-0.025,-0.07,0.15,11,2,0,24278,18950337,31.9,-0.022,-0.021,-0.09,-0.16,2,2,0,24116,18950336,29.9,-0.018000000000000002,-0.018,0.01,-0.06,12,2,0,24116,18950336,29.9,-0.846,-0.841,0.13,-0.36,10,2,0,24116,18950336,30.6,-0.024,-0.024,0.05,-0.05,11,2,0,24116,18950336,29.9,-0.8300000000000001,-0.831,0.06,-0.21,11,2,0,24116,18950336,30.6
179,18925815073378,18925824886218,step_neg,0.3400782190001337,19.614607,0.078218992712209,9.81284,1.9011320000572596,2.993814996443689,0.164031982421875,24279,24117,-0.02,-0.021,0.01,-0.07,7,2,0,24279,18950357,30.6,-0.021,-0.019,-0.03,-0.11,6,2,0,24279,18950357,30.6,-0.8250000000000001,-0.824,0.11,-0.02,4,2,0,24279,18950357,31.9,-0.835,-0.833,-0.08,-0.18,0,2,0,24279,18950357,31.3,-0.026000000000000002,-0.025,-0.04,-0.17,1,2,0,24279,18950357,31.9,-0.022,-0.021,0.06,-0.01,8,2,0,24117,18950357,29.9,-0.018000000000000002,-0.018,0.02,0.0,3,2,0,24117,18950357,29.9,-0.846,-0.841,-0.03,-0.27,1,2,0,24117,18950357,30.6,-0.024,-0.024,0.11,0.04,2,2,0,24117,18950357,29.9,-0.8300000000000001,-0.831,0.01,0.01,2,2,0,24117,18950357,29.9
180,18925835070912,18925844585884,step_neg,0.3600751449994277,19.699666,0.07514499156968668,9.514972,1.550622000650037,2.653641000506468,0.16808509826660156,24280,24118,-0.02,-0.021,0.15,-0.05,12,2,0,24280,18950377,30.6,-0.021,-0.019,-0.16,-0.14,11,2,0,24280,18950377,30.6,-0.8250000000000001,-0.824,-0.12,-0.14,9,2,0,24280,18950377,31.9,-0.835,-0.833,-0.06,0.07,5,2,0,24280,18950377,31.3,-0.026000000000000002,-0.025,0.04,-0.17,6,2,0,24280,18950377,31.9,-0.022,-0.021,0.1,-0.16,12,2,0,24118,18950376,29.9,-0.018000000000000002,-0.018,-0.03,-0.14,7,2,0,24118,18950376,29.9,-0.846,-0.841,-0.03,-0.51,4,2,0,24118,18950376,30.6,-0.024,-0.024,0.0,-0.15,6,2,0,24118,18950376,29.9,-0.8300000000000001,-0.831,0.11,0.29,6,2,0,24118,18950376,30.6
181,18925855070527,18925863996675,step_neg,0.38007508000009693,19.410791,0.07507999180234037,8.926148,1.5132759981497657,2.555654999014223,0.16379356384277344,24281,24119,-0.02,-0.021,0.01,0.19,2,2,0,24281,18950397,30.6,-0.021,-0.019,-0.03,-0.08,1,2,0,24281,18950397,30.6,-0.8250000000000001,-0.824,-0.05,0.07,14,2,0,24281,18950397,31.9,-0.835,-0.833,0.15,-0.04,10,2,0,24281,18950397,31.3,-0.026000000000000002,-0.025,-0.02,-0.24,11,2,0,24281,18950397,31.9,-0.022,-0.021,0.01,-0.2,2,2,0,24119,18950396,29.9,-0.018000000000000002,-0.018,0.0,-0.01,12,2,0,24119,18950396,29.9,-0.846,-0.841,-0.12,-0.27,9,2,0,24119,18950396,30.6,-0.024,-0.024,0.1,0.03,11,2,0,24119,18950396,29.9,-0.8300000000000001,-0.831,-0.07,-0.07,11,2,0,24119,18950396,30.6
182,18925875070174,18925884124999,step_neg,0.4000766140015912,20.128324,0.07661399286007509,9.054825,1.5492780003114603,2.5973199990403373,0.1647472381591797,24282,24120,-0.02,-0.021,0.03,0.0,7,2,0,24282,18950417,30.6,-0.021,-0.019,-0.08,-0.14,6,2,0,24282,18950417,30.6,-0.8250000000000001,-0.824,0.03,-0.02,4,2,0,24282,18950417,31.9,-0.835,-0.833,-0.09,-0.19,15,2,0,24282,18950417,31.3,-0.026000000000000002,-0.025,0.15,-0.22,1,2,0,24282,18950417,31.9,-0.022,-0.021,-0.01,-0.13,7,2,0,24120,18950416,29.9,-0.018000000000000002,-0.018,-0.03,-0.07,2,2,0,24120,18950416,29.9,-0.846,-0.841,-0.07,-0.48,14,2,0,24120,18950416,30.6,-0.024,-0.024,-0.08,-0.09,1,2,0,24120,18950416,29.9,-0.8300000000000001,-0.831,0.04,0.21,1,2,0,24120,18950416,29.9
183,18925895074332,18925905339766,step_neg,0.4200757489998068,21.214767,0.07574899063911289,10.265434,2.2680900001432747,3.3517179981572554,0.18095970153808594,24283,24121,-0.02,-0.021,-0.07,-0.23,12,2,0,24283,18950437,30.6,-0.021,-0.019,-0.02,-0.2,11,2,0,24283,18950437,30.6,-0.8250000000000001,-0.824,0.19,0.04,9,2,0,24283,18950437,31.9,-0.835,-0.833,0.05,-0.29,5,2,0,24283,18950437,31.3,-0.026000000000000002,-0.025,0.01,-0.15,6,2,0,24283,18950437,31.9,-0.022,-0.021,0.01,-0.25,12,2,0,24121,18950436,29.9,-0.018000000000000002,-0.018,0.14,-0.05,7,2,0,24121,18950436,29.9,-0.846,-0.841,0.02,-0.32,4,2,0,24121,18950436,30.6,-0.024,-0.024,0.03,-0.1,6,2,0,24121,18950436,29.9,-0.8300000000000001,-0.83,0.07,-0.11,6,2,0,24121,18950436,29.9
184,18925915086235,18925924584119,step_neg,0.4400876840009005,19.244353,0.08768399129621685,9.497884,1.5145249999477528,2.6055440030177124,0.16999244689941406,24284,24122,-0.02,-0.021,0.03,0.13,2,2,0,24284,18950457,30.6,-0.021,-0.02,0.03,-0.16,1,2,0,24284,18950457,30.6,-0.8250000000000001,-0.825,-0.12,-0.05,14,2,0,24284,18950457,31.9,-0.835,-0.833,-0.04,-0.38,10,2,0,24284,18950457,31.3,-0.026000000000000002,-0.025,0.09,-0.21,11,2,0,24284,18950457,31.9,-0.022,-0.021,-0.06,0.01,3,2,0,24122,18950457,29.9,-0.018000000000000002,-0.018,-0.01,-0.08,13,2,0,24122,18950457,29.9,-0.846,-0.841,0.13,-0.38,10,2,0,24122,18950457,30.6,-0.024,-0.024,0.02,-0.01,12,2,0,24122,18950457,29.9,-0.8300000000000001,-0.83,-0.21,0.08,12,2,0,24122,18950457,30.6
185,18925935071385,18925944154564,step_neg,0.4600770580000244,19.570445,0.0770579899835866,9.083179,1.579103001859039,2.633096999488771,0.1685619354248047,24285,24123,-0.02,-0.021,0.07,-0.01,7,2,0,24285,18950477,30.6,-0.021,-0.019,0.05,-0.2,6,2,0,24285,18950477,30.6,-0.8250000000000001,-0.825,-0.09,0.01,4,2,0,24285,18950477,31.9,-0.835,-0.834,-0.11,-0.13,0,2,0,24285,18950477,31.3,-0.026000000000000002,-0.025,-0.01,-0.15,1,2,0,24285,18950477,31.9,-0.022,-0.021,0.1,-0.2,7,2,0,24123,18950476,29.9,-0.018000000000000002,-0.018,0.02,0.04,2,2,0,24123,18950476,29.9,-0.846,-0.841,0.01,-0.31,14,2,0,24123,18950476,30.6,-0.024,-0.024,0.01,0.02,1,2,0,24123,18950476,29.9,-0.8300000000000001,-0.831,-0.05,0.24,1,2,0,24123,18950476,30.6
186,18925955069496,18925964636022,step_neg,0.4800757769990014,20.481458,0.07577698852401227,9.566526,2.1111249989189673,3.2026240005507134,0.1704692840576172,24286,24124,-0.02,-0.021,-0.11,-0.01,12,2,0,24286,18950497,30.6,-0.021,-0.019,-0.01,-0.05,11,2,0,24286,18950497,30.6,-0.8250000000000001,-0.824,0.09,-0.02,9,2,0,24286,18950497,31.9,-0.835,-0.834,-0.02,-0.08,5,2,0,24286,18950497,31.3,-0.026000000000000002,-0.025,-0.01,0.07,6,2,0,24286,18950497,31.9,-0.022,-0.021,-0.14,-0.06,12,2,0,24124,18950496,29.9,-0.018000000000000002,-0.018,-0.06,-0.06,7,2,0,24124,18950496,29.9,-0.846,-0.841,0.0,-0.31,4,2,0,24124,18950496,30.6,-0.024,-0.024,0.0,-0.1,6,2,0,24124,18950496,29.9,-0.8300000000000001,-0.831,0.05,0.22,6,2,0,24124,18950496,30.6
187,18925975071798,18925983992955,step_neg,0.5000775029984652,19.356933,0.07750298755127005,8.921157,1.4626499978476204,2.51482100065914,0.1678466796875,24287,24125,-0.02,-0.02,0.03,0.04,2,2,0,24287,18950517,30.6,-0.021,-0.019,-0.05,-0.28,1,2,0,24287,18950517,30.6,-0.8250000000000001,-0.824,0.07,-0.08,14,2,0,24287,18950517,31.9,-0.835,-0.833,0.05,-0.25,10,2,0,24287,18950517,31.3,-0.026000000000000002,-0.025,-0.01,-0.26,11,2,0,24287,18950517,31.9,-0.022,-0.021,0.0,-0.03,2,2,0,24125,18950516,29.9,-0.018000000000000002,-0.018,0.04,-0.01,12,2,0,24125,18950516,29.9,-0.846,-0.841,0.07,-0.29,9,2,0,24125,18950516,30.6,-0.024,-0.025,-0.18,-0.11,11,2,0,24125,18950516,29.9,-0.8300000000000001,-0.831,-0.09,0.0,11,2,0,24125,18950516,30.6
188,18925995069973,18926004598481,step_neg,0.5200761900014186,20.605526,0.07618999006808735,9.528508,1.5475820000574458,2.686091000214219,0.1697540283203125,24288,24126,-0.02,-0.021,0.02,0.1,7,2,0,24288,18950537,30.6,-0.021,-0.019,-0.02,-0.16,6,2,0,24288,18950537,30.6,-0.8250000000000001,-0.824,0.05,-0.14,4,2,0,24288,18950537,31.9,-0.835,-0.833,0.07,-0.1,15,2,0,24288,18950537,31.3,-0.026000000000000002,-0.025,0.11,0.11,1,2,0,24288,18950537,31.9,-0.022,-0.021,0.0,-0.01,7,2,0,24126,18950536,29.9,-0.018000000000000002,-0.018,0.13,0.15,2,2,0,24126,18950536,29.9,-0.846,-0.841,-0.23,-0.13,14,2,0,24126,18950536,30.6,-0.024,-0.024,0.0,-0.01,0,2,0,24126,18950536,29.9,-0.8300000000000001,-0.831,-0.05,-0.12,1,2,0,24126,18950536,29.9
189,18926015071476,18926024642322,step_neg,0.5400772440007131,20.043841,0.07724398892605677,9.570846,2.082451002934249,3.182495001965435,0.1685619354248047,24289,24127,-0.02,-0.021,0.09,0.07,12,2,0,24289,18950557,30.6,-0.021,-0.019,-0.01,0.0,11,2,0,24289,18950557,30.6,-0.8250000000000001,-0.824,0.02,0.04,9,2,0,24289,18950557,31.9,-0.835,-0.833,-0.03,-0.2,5,2,0,24289,18950557,31.3,-0.026000000000000002,-0.025,0.03,-0.19,6,2,0,24289,18950557,31.9,-0.022,-0.021,0.02,-0.15,12,2,0,24127,18950556,29.9,-0.018000000000000002,-0.018,-0.07,-0.08,7,2,0,24127,18950556,29.9,-0.846,-0.841,-0.03,-0.41,4,2,0,24127,18950556,30.6,-0.024,-0.024,-0.01,0.06,5,2,0,24127,18950556,29.9,-0.8300000000000001,-0.831,-0.09,-0.14,6,2,0,24127,18950556,29.9
190,18926035073714,18926044575502,step_neg,0.560077979000198,19.93318,0.07797898797434755,9.501788,1.5655659990443382,2.661130998603767,0.1697540283203125,24290,24128,-0.02,-0.021,-0.07,-0.04,2,2,0,24290,18950577,30.6,-0.021,-0.019,0.08,-0.09,1,2,0,24290,18950577,30.6,-0.8250000000000001,-0.824,0.08,0.02,14,2,0,24290,18950577,31.9,-0.835,-0.833,0.14,-0.18,10,2,0,24290,18950577,31.3,-0.026000000000000002,-0.025,0.05,0.12,11,2,0,24290,18950577,31.9,-0.022,-0.021,0.06,0.06,2,2,0,24128,18950576,29.9,-0.018000000000000002,-0.018,-0.16,0.08,12,2,0,24128,18950576,29.9,-0.846,-0.841,-0.03,-0.36,9,2,0,24128,18950576,30.6,-0.024,-0.024,-0.09,-0.12,10,2,0,24128,18950576,29.9,-0.8300000000000001,-0.831,0.06,0.07,11,2,0,24128,18950576,29.9
191,18926055070929,18926064537291,step_neg,0.5800768900007824,19.961789,0.0768899881222751,9.466362,1.9633740012068301,3.0538809987774584,0.16951560974121094,24291,24129,-0.02,-0.02,0.04,0.06,7,2,0,24291,18950597,30.6,-0.021,-0.019,0.11,-0.18,6,2,0,24291,18950597,30.6,-0.8250000000000001,-0.824,0.1,0.0,4,2,0,24291,18950597,31.9,-0.835,-0.834,-0.02,-0.02,0,2,0,24291,18950597,31.3,-0.026000000000000002,-0.025,0.05,-0.14,1,2,0,24291,18950597,31.9,-0.022,-0.021,-0.15,-0.14,7,2,0,24129,18950596,29.9,-0.018000000000000002,-0.018,-0.03,-0.04,1,2,0,24129,18950596,29.9,-0.846,-0.841,0.1,-0.36,14,2,0,24129,18950596,30.6,-0.024,-0.024,0.05,0.01,0,2,0,24129,18950596,29.9,-0.8300000000000001,-0.831,0.05,-0.17,1,2,0,24129,18950596,29.9
192,18926075073263,18926084715888,step_neg,0.6000764400014305,20.178597,0.07643998833373189,9.642625,2.1286289993440732,3.2168329998967238,0.17762184143066406,24292,24130,-0.02,-0.021,-0.08,0.01,12,2,0,24292,18950617,30.6,-0.021,-0.02,-0.08,-0.14,11,2,0,24292,18950617,30.6,-0.8250000000000001,-0.824,0.05,-0.09,9,2,0,24292,18950617,31.9,-0.835,-0.834,-0.11,0.04,5,2,0,24292,18950617,31.3,-0.026000000000000002,-0.025,0.02,-0.15,6,2,0,24292,18950617,31.9,-0.022,-0.021,0.02,-0.03,12,2,0,24130,18950616,29.9,-0.018000000000000002,-0.018,0.06,0.03,6,2,0,24130,18950616,29.9,-0.846,-0.841,0.13,-0.3,4,2,0,24130,18950616,30.6,-0.024,-0.024,0.01,0.1,5,2,0,24130,18950616,29.9,-0.8300000000000001,-0.831,-0.15,0.21,6,2,0,24130,18950616,30.6
193,18926095073070,18926104617259,step_neg,0.620079126998462,19.901371,0.0791269849287346,9.544189,1.6284809971693903,2.719564003200503,0.17404556274414062,24293,24131,-0.02,-0.021,0.03,0.06,2,2,0,24293,18950637,30.6,-0.021,-0.019,0.0,-0.07,1,2,0,24293,18950637,30.6,-0.8250000000000001,-0.824,-0.09,-0.09,14,2,0,24293,18950637,31.9,-0.835,-0.833,-0.11,-0.3,10,2,0,24293,18950637,31.3,-0.026000000000000002,-0.025,-0.12,-0.06,11,2,0,24293,18950637,31.9,-0.022,-0.021,0.09,-0.05,2,2,0,24131,18950636,29.9,-0.018000000000000002,-0.018,0.03,-0.01,11,2,0,24131,18950636,29.9,-0.846,-0.841,-0.06,-0.35,9,2,0,24131,18950636,30.6,-0.024,-0.024,0.09,0.01,10,2,0,24131,18950636,29.9,-0.8300000000000001,-0.83,0.14,0.11,11,2,0,24131,18950636,29.9
194,18926115087533,18926124647499,step_neg,0.640085941999132,20.03024,0.08594198516220786,9.559966,2.0830909998039715,3.164509998896392,0.17380714416503906,24294,24132,-0.02,-0.021,-0.01,0.24,7,2,0,24294,18950657,30.6,-0.021,-0.019,-0.07,-0.37,6,2,0,24294,18950657,30.6,-0.8250000000000001,-0.825,-0.02,-0.09,4,2,0,24294,18950657,31.9,-0.835,-0.833,-0.14,-0.05,15,2,0,24294,18950657,31.3,-0.026000000000000002,-0.025,0.03,-0.04,1,2,0,24294,18950657,31.9,-0.022,-0.021,-0.01,-0.21,7,2,0,24132,18950656,29.9,-0.018000000000000002,-0.018,0.13,-0.1,1,2,0,24132,18950656,29.9,-0.846,-0.841,0.08,-0.53,14,2,0,24132,18950656,30.6,-0.024,-0.025,-0.05,0.06,0,2,0,24132,18950656,29.9,-0.8300000000000001,-0.83,0.05,0.22,1,2,0,24132,18950656,30.6
195,18926135072139,18926144516868,step_neg,0.6600772359997791,19.869369,0.07723598537268117,9.444729,1.5338209996116348,2.624136999656912,0.17452239990234375,24295,24133,-0.02,-0.021,-0.05,-0.19,12,2,0,24295,18950677,30.6,-0.021,-0.019,0.03,-0.14,11,2,0,24295,18950677,30.6,-0.8250000000000001,-0.824,0.04,0.05,9,2,0,24295,18950677,31.9,-0.835,-0.833,-0.07,-0.02,5,2,0,24295,18950677,31.3,-0.026000000000000002,-0.025,-0.18,-0.15,6,2,0,24295,18950677,31.9,-0.022,-0.021,-0.13,-0.17,12,2,0,24133,18950676,29.9,-0.018000000000000002,-0.018,-0.02,0.03,6,2,0,24133,18950676,29.9,-0.846,-0.841,0.06,-0.24,4,2,0,24133,18950676,30.6,-0.024,-0.024,-0.06,-0.02,5,2,0,24133,18950676,29.9,-0.8300000000000001,-0.831,-0.1,-0.08,6,2,0,24133,18950676,30.6
196,18926155068169,18926163995726,step_neg,0.6800747380002576,19.478858,0.07473798541468568,8.927557,1.5164119977271184,2.56103100036853,0.171661376953125,24296,24134,-0.02,-0.021,0.2,0.01,2,2,0,24296,18950697,30.6,-0.021,-0.019,-0.08,-0.1,1,2,0,24296,18950697,30.6,-0.8250000000000001,-0.824,0.11,0.0,14,2,0,24296,18950697,31.9,-0.835,-0.833,0.05,-0.24,10,2,0,24296,18950697,31.3,-0.026000000000000002,-0.025,0.08,0.04,11,2,0,24296,18950697,31.9,-0.022,-0.021,0.07,0.0,2,2,0,24134,18950696,29.9,-0.018000000000000002,-0.018,-0.11,0.18,11,2,0,24134,18950696,29.9,-0.846,-0.841,-0.15,-0.12,9,2,0,24134,18950696,30.6,-0.024,-0.025,0.01,0.2,10,2,0,24134,18950696,29.9,-0.8300000000000001,-0.831,0.1,0.05,11,2,0,24134,18950696,30.6
197,18926175067848,18926184608741,step_neg,0.7000730090003344,20.613015,0.07300898505491205,9.540893,2.054322001640685,3.1431009992957115,0.1728534698486328,24297,24135,-0.02,-0.021,-0.17,0.06,7,2,0,24297,18950717,30.6,-0.021,-0.019,-0.08,-0.15,6,2,0,24297,18950717,30.6,-0.8250000000000001,-0.824,0.08,0.01,4,2,0,24297,18950717,31.9,-0.835,-0.833,0.04,-0.23,15,2,0,24297,18950717,31.3,-0.026000000000000002,-0.025,0.03,-0.06,1,2,0,24297,18950717,31.9,-0.022,-0.021,-0.01,-0.13,7,2,0,24135,18950716,29.9,-0.018000000000000002,-0.018,0.04,0.06,1,2,0,24135,18950716,29.9,-0.846,-0.841,0.02,-0.37,14,2,0,24135,18950716,30.6,-0.024,-0.025,-0.06,-0.11,0,2,0,24135,18950716,29.9,-0.8300000000000001,-0.83,0.05,0.14,1,2,0,24135,18950716,29.9
198,18926195069671,18926204764970,step_neg,0.7200756630008982,20.156229,0.07566298518213443,9.695299,2.2383939976862166,3.333125001518056,0.17380714416503906,24298,24136,-0.02,-0.021,0.03,0.24,12,2,0,24298,18950737,30.6,-0.021,-0.019,0.03,0.09,11,2,0,24298,18950737,30.6,-0.8250000000000001,-0.824,-0.08,-0.17,9,2,0,24298,18950737,31.9,-0.835,-0.833,0.02,-0.11,5,2,0,24298,18950737,31.3,-0.026000000000000002,-0.025,-0.12,-0.17,6,2,0,24298,18950737,31.9,-0.022,-0.021,-0.09,0.01,12,2,0,24136,18950736,29.9,-0.018000000000000002,-0.018,-0.02,-0.07,6,2,0,24136,18950736,29.9,-0.846,-0.841,0.01,-0.45,4,2,0,24136,18950736,30.6,-0.024,-0.025,0.11,0.06,5,2,0,24136,18950736,29.9,-0.8300000000000001,-0.83,0.18,-0.28,6,2,0,24136,18950736,30.6
199,18926215075557,18926225026771,step_neg,0.7400793099986913,20.261801,0.07930998253868893,9.951214,2.044593002210604,3.1431019997398835,0.17547607421875,24299,24137,-0.02,-0.021,0.03,-0.18,2,2,0,24299,18950757,30.6,-0.021,-0.02,-0.1,-0.17,1,2,0,24299,18950757,30.6,-0.8250000000000001,-0.824,-0.07,-0.08,14,2,0,24299,18950757,31.9,-0.835,-0.833,0.0,0.02,9,2,0,24299,18950757,31.3,-0.026000000000000002,-0.025,0.11,-0.07,11,2,0,24299,18950757,31.9,-0.022,-0.021,-0.06,-0.09,2,2,0,24137,18950756,29.9,-0.018000000000000002,-0.018,-0.05,-0.06,11,2,0,24137,18950756,29.9,-0.846,-0.841,0.05,-0.15,9,2,0,24137,18950756,30.6,-0.024,-0.024,0.0,-0.15,10,2,0,24137,18950756,29.9,-0.8300000000000001,-0.831,0.09,-0.09,11,2,0,24137,18950756,29.9
200,18926235070788,18926244571871,step_neg,0.7600771010002063,19.5451,0.0771009836171288,9.501083,1.5694710018578917,2.6694190019043162,0.1747608184814453,24300,24138,-0.02,-0.021,-0.03,-0.04,7,2,0,24300,18950777,30.6,-0.021,-0.019,0.11,-0.08,6,2,0,24300,18950777,30.6,-0.8250000000000001,-0.825,-0.07,-0.24,4,2,0,24300,18950777,31.9,-0.835,-0.833,0.13,-0.19,14,2,0,24300,18950777,31.3,-0.026000000000000002,-0.025,-0.04,-0.22,0,2,0,24300,18950777,31.9,-0.022,-0.021,0.06,-0.01,8,2,0,24138,18950777,29.9,-0.018000000000000002,-0.018,0.01,0.15,2,2,0,24138,18950777,29.9,-0.846,-0.841,-0.05,-0.31,15,2,0,24138,18950777,30.6,-0.024,-0.024,-0.13,0.02,1,2,0,24138,18950777,29.9,-0.8300000000000001,-0.83,0.12,-0.01,2,2,0,24138,18950777,29.9
201,18926255070434,18926264654081,step_neg,0.7800764589992468,20.08221,0.07645898222108372,9.583647,2.0884350014966913,3.187807000358589,0.17523765563964844,24301,24139,-0.02,-0.021,0.0,0.13,12,2,0,24301,18950797,30.6,-0.021,-0.019,0.01,-0.18,11,2,0,24301,18950797,30.6,-0.8250000000000001,-0.824,-0.03,-0.14,9,2,0,24301,18950797,31.9,-0.835,-0.833,-0.14,-0.25,4,2,0,24301,18950797,31.3,-0.026000000000000002,-0.025,-0.08,-0.13,5,2,0,24301,18950797,31.9,-0.022,-0.021,-0.1,-0.11,12,2,0,24139,18950796,29.9,-0.018000000000000002,-0.018,0.1,0.02,6,2,0,24139,18950796,29.9,-0.846,-0.841,-0.07,-0.3,4,2,0,24139,18950796,30.6,-0.024,-0.024,0.05,0.12,5,2,0,24139,18950796,29.9,-0.8300000000000001,-0.83,0.0,0.12,6,2,0,24139,18950796,29.9
202,18926275070753,18926284061960,step_neg,0.8000750499995775,19.407879,0.07504998211516067,8.991207,1.5040920006867964,2.5537339970469475,0.17189979553222656,24302,24140,-0.02,-0.021,0.09,-0.03,2,2,0,24302,18950817,30.6,-0.021,-0.019,0.1,-0.09,1,2,0,24302,18950817,30.6,-0.8250000000000001,-0.825,0.06,-0.08,14,2,0,24302,18950817,31.9,-0.835,-0.833,-0.06,-0.2,9,2,0,24302,18950817,31.3,-0.026000000000000002,-0.025,-0.12,-0.22,10,2,0,24302,18950817,31.9,-0.022,-0.021,0.0,-0.08,2,2,0,24140,18950816,29.9,-0.018000000000000002,-0.018,0.01,-0.09,11,2,0,24140,18950816,29.9,-0.846,-0.841,-0.24,-0.44,9,2,0,24140,18950816,30.6,-0.024,-0.024,0.05,-0.19,10,2,0,24140,18950816,29.9,-0.8300000000000001,-0.831,-0.12,-0.07,11,2,0,24140,18950816,29.9
203,18926295070687,18926305233589,step_neg,0.820075944000564,21.171629,0.0759439826651942,10.162902,2.157846000045538,3.2563219974690583,0.1735687255859375,24303,24141,-0.02,-0.021,-0.07,0.08,7,2,0,24303,18950837,30.6,-0.021,-0.02,-0.08,0.0,6,2,0,24303,18950837,30.6,-0.8250000000000001,-0.825,0.0,-0.1,4,2,0,24303,18950837,31.9,-0.835,-0.833,-0.06,-0.16,14,2,0,24303,18950837,31.3,-0.026000000000000002,-0.025,0.15,0.07,0,2,0,24303,18950837,31.9,-0.022,-0.021,0.04,0.04,7,2,0,24141,18950836,29.9,-0.018000000000000002,-0.018,-0.03,0.03,1,2,0,24141,18950836,29.9,-0.846,-0.841,0.03,-0.34,14,2,0,24141,18950836,30.6,-0.024,-0.024,-0.06,-0.01,15,2,0,24141,18950836,29.9,-0.8300000000000001,-0.83,-0.11,-0.15,1,2,0,24141,18950836,30.6
204,18926315084447,18926324652029,step_neg,0.8400841030015727,19.41844,0.08410298323724419,9.567582,1.6382409994548652,2.7331650017003994,0.17547607421875,24304,24142,-0.02,-0.021,0.07,0.18,12,2,0,24304,18950857,30.6,-0.021,-0.019,0.05,-0.17,11,2,0,24304,18950857,30.6,-0.8250000000000001,-0.824,0.0,-0.17,9,2,0,24304,18950857,31.9,-0.835,-0.834,0.02,-0.26,4,2,0,24304,18950857,31.3,-0.026000000000000002,-0.025,-0.03,-0.02,5,2,0,24304,18950857,31.9,-0.022,-0.021,0.01,-0.17,13,2,0,24142,18950857,29.9,-0.018000000000000002,-0.018,-0.04,0.11,7,2,0,24142,18950857,29.9,-0.846,-0.841,-0.03,-0.16,5,2,0,24142,18950857,30.6,-0.024,-0.024,0.18,-0.05,6,2,0,24142,18950857,29.9,-0.8300000000000001,-0.831,0.05,0.12,7,2,0,24142,18950857,30.6
205,18926335068124,18926344581880,step_neg,0.8600753969985817,19.929851,0.0753969798097387,9.513756,1.569535001181066,2.6592739995976444,0.1735687255859375,24305,24143,-0.02,-0.021,-0.07,0.11,2,2,0,24305,18950877,30.6,-0.021,-0.019,-0.04,-0.03,1,2,0,24305,18950877,30.6,-0.8250000000000001,-0.824,-0.06,-0.13,14,2,0,24305,18950877,31.9,-0.835,-0.833,-0.08,-0.04,9,2,0,24305,18950877,31.3,-0.026000000000000002,-0.025,-0.02,-0.2,10,2,0,24305,18950877,31.9,-0.022,-0.021,0.12,-0.17,2,2,0,24143,18950876,29.9,-0.018000000000000002,-0.018,0.06,0.09,11,2,0,24143,18950876,29.9,-0.846,-0.841,-0.13,-0.42,9,2,0,24143,18950876,30.6,-0.024,-0.025,-0.07,-0.02,10,2,0,24143,18950876,29.9,-0.8300000000000001,-0.831,0.02,0.04,11,2,0,24143,18950876,29.9
206,18926355069915,18926364086787,step_neg,0.880075940000097,19.504907,0.0759399808885064,9.016872,1.5281570013030432,2.568806001363555,0.17333030700683594,24306,24144,-0.02,-0.021,0.0,0.02,6,2,0,24306,18950897,30.6,-0.021,-0.02,0.04,0.01,6,2,0,24306,18950897,30.6,-0.8250000000000001,-0.824,0.09,-0.09,4,2,0,24306,18950897,31.9,-0.835,-0.833,0.26,-0.05,14,2,0,24306,18950897,31.3,-0.026000000000000002,-0.025,0.0,0.05,0,2,0,24306,18950897,31.9,-0.022,-0.021,-0.01,-0.04,7,2,0,24144,18950896,29.9,-0.018000000000000002,-0.018,-0.17,0.07,1,2,0,24144,18950896,29.9,-0.846,-0.841,0.06,-0.36,14,2,0,24144,18950896,30.6,-0.024,-0.025,-0.05,-0.03,0,2,0,24144,18950896,29.9,-0.8300000000000001,-0.831,-0.11,0.02,1,2,0,24144,18950896,29.9
207,18926375070522,18926384128995,step_neg,0.9000773469997512,20.042208,0.07734698010608554,9.058473,1.5077400021255016,2.5525820019538514,0.1735687255859375,24307,24145,-0.02,-0.021,0.06,0.1,11,2,0,24307,18950917,30.6,-0.021,-0.02,-0.04,-0.26,11,2,0,24307,18950917,30.6,-0.8250000000000001,-0.824,0.11,-0.23,9,2,0,24307,18950917,31.9,-0.835,-0.833,0.04,-0.04,4,2,0,24307,18950917,31.3,-0.026000000000000002,-0.025,-0.12,-0.02,5,2,0,24307,18950917,31.9,-0.022,-0.021,0.07,-0.09,12,2,0,24145,18950916,29.9,-0.018000000000000002,-0.018,0.04,0.02,6,2,0,24145,18950916,29.9,-0.846,-0.841,-0.1,-0.35,4,2,0,24145,18950916,30.6,-0.024,-0.025,-0.17,0.07,5,2,0,24145,18950916,29.9,-0.8300000000000001,-0.831,-0.06,0.18,5,2,0,24145,18950916,29.9
208,18926395071160,18926404592404,step_neg,0.9200752010001452,20.463409,0.07520098006352782,9.521244,1.565118000144139,2.66132299657329,0.1747608184814453,24308,24146,-0.02,-0.021,0.02,-0.03,1,2,0,24308,18950937,30.6,-0.021,-0.019,0.15,-0.11,0,2,0,24308,18950937,30.6,-0.8250000000000001,-0.824,-0.05,-0.02,14,2,0,24308,18950937,31.9,-0.835,-0.833,-0.03,-0.05,9,2,0,24308,18950937,31.3,-0.026000000000000002,-0.025,0.09,-0.04,10,2,0,24308,18950937,31.9,-0.022,-0.021,0.07,-0.16,2,2,0,24146,18950936,29.9,-0.018000000000000002,-0.018,-0.05,0.02,11,2,0,24146,18950936,29.9,-0.846,-0.841,-0.13,-0.28,9,2,0,24146,18950936,30.6,-0.024,-0.025,0.04,-0.02,10,2,0,24146,18950936,29.9,-0.8300000000000001,-0.831,-0.09,0.05,10,2,0,24146,18950936,30.6
209,18926415071991,18926424120288,step_neg,0.9400782080010686,19.527884,0.07820798055035993,9.048297,1.5869429989834316,2.6284570012649056,0.1761913299560547,24309,24147,-0.02,-0.021,0.11,-0.01,6,2,0,24309,18950957,30.6,-0.021,-0.019,0.09,-0.18,5,2,0,24309,18950957,30.6,-0.8250000000000001,-0.825,-0.02,-0.04,4,2,0,24309,18950957,31.9,-0.835,-0.833,0.21,0.02,14,2,0,24309,18950957,31.3,-0.026000000000000002,-0.025,-0.04,-0.07,0,2,0,24309,18950957,31.9,-0.022,-0.021,0.02,-0.07,7,2,0,24147,18950956,29.9,-0.018000000000000002,-0.018,-0.02,0.02,1,2,0,24147,18950956,29.9,-0.846,-0.841,0.03,-0.42,14,2,0,24147,18950956,30.6,-0.024,-0.024,-0.07,0.12,0,2,0,24147,18950956,29.9,-0.8300000000000001,-0.831,0.14,-0.06,0,2,0,24147,18950956,29.9
210,18926435082294,18926445245900,step_neg,0.9600825900015479,21.125612,0.08258998059318401,10.163606,2.1824229988851584,3.2765470023150556,0.17499923706054688,24310,24148,-0.02,-0.021,-0.06,0.04,11,2,0,24310,18950977,30.6,-0.021,-0.019,-0.02,-0.21,10,2,0,24310,18950977,30.6,-0.8250000000000001,-0.825,-0.1,0.06,9,2,0,24310,18950977,31.9,-0.835,-0.833,0.04,-0.28,4,2,0,24310,18950977,31.3,-0.026000000000000002,-0.025,-0.02,-0.01,5,2,0,24310,18950977,31.9,-0.022,-0.021,0.02,-0.11,12,2,0,24148,18950976,29.9,-0.018000000000000002,-0.018,0.14,-0.06,6,2,0,24148,18950976,29.9,-0.846,-0.841,0.15,-0.2,4,2,0,24148,18950976,30.6,-0.024,-0.025,-0.01,0.11,5,2,0,24148,18950976,29.9,-0.8300000000000001,-0.831,0.1,0.11,5,2,0,24148,18950976,29.9
211,18926455071124,18926465153703,step_neg,0.980075900999509,19.907803,0.07590097811771557,10.082579,2.5298610016761813,3.620848998252768,0.1735687255859375,24311,24149,-0.02,-0.021,-0.05,0.17,1,2,0,24311,18950997,30.6,-0.021,-0.02,-0.02,-0.11,0,2,0,24311,18950997,30.6,-0.8250000000000001,-0.825,-0.12,-0.04,14,2,0,24311,18950997,31.9,-0.835,-0.833,0.1,-0.41,9,2,0,24311,18950997,31.3,-0.026000000000000002,-0.026,-0.08,-0.15,10,2,0,24311,18950997,31.9,-0.022,-0.021,0.07,-0.02,3,2,0,24149,18950997,29.9,-0.018000000000000002,-0.018,0.03,-0.16,12,2,0,24149,18950997,29.9,-0.846,-0.841,0.01,-0.04,10,2,0,24149,18950997,30.6,-0.024,-0.024,0.05,0.04,11,2,0,24149,18950997,29.9,-0.8300000000000001,-0.831,0.06,-0.01,11,2,0,24149,18950997,29.9
212,18926475074771,18926483986935,step_neg,1.0000790670019342,18.833232,0.07906698010629043,8.912164,1.5107489998626988,2.559462001954671,0.16999244689941406,24312,24150,-0.02,-0.021,-0.14,-0.04,6,2,0,24312,18951017,30.6,-0.021,-0.019,-0.01,-0.11,5,2,0,24312,18951017,30.6,-0.8250000000000001,-0.824,0.13,-0.11,4,2,0,24312,18951017,31.9,-0.835,-0.833,0.2,-0.22,14,2,0,24312,18951017,31.3,-0.026000000000000002,-0.025,-0.06,-0.2,0,2,0,24312,18951017,31.9,-0.022,-0.021,0.0,-0.22,8,2,0,24150,18951017,29.9,-0.018000000000000002,-0.018,-0.1,0.13,2,2,0,24150,18951017,29.9,-0.846,-0.841,0.0,-0.34,15,2,0,24150,18951017,30.6,-0.024,-0.025,-0.02,0.03,1,2,0,24150,18951017,29.9,-0.8300000000000001,-0.83,0.02,0.13,1,2,0,24150,18951017,30.6
213,18926495071729,18926504867864,step_neg,1.020075642001757,20.880929,0.07564197949250229,9.796135,1.865962000010768,2.9543579985329416,0.1728534698486328,24313,24151,-0.02,-0.021,-0.07,-0.05,11,2,0,24313,18951037,30.6,-0.021,-0.02,0.05,-0.12,10,2,0,24313,18951037,30.6,-0.8250000000000001,-0.825,0.02,-0.19,9,2,0,24313,18951037,31.9,-0.835,-0.833,0.03,-0.25,4,2,0,24313,18951037,31.3,-0.026000000000000002,-0.025,-0.04,0.09,5,2,0,24313,18951037,31.9,-0.022,-0.021,-0.11,-0.18,12,2,0,24151,18951036,29.9,-0.018000000000000002,-0.018,0.1,-0.07,6,2,0,24151,18951036,29.9,-0.846,-0.841,-0.07,-0.43,4,2,0,24151,18951036,30.6,-0.024,-0.025,0.03,-0.09,5,2,0,24151,18951036,29.9,-0.8300000000000001,-0.831,-0.07,0.04,5,2,0,24151,18951036,29.9
214,18926515089616,18926525146370,step_neg,1.0400870330013277,20.278506,0.08703297862666659,10.056754,2.121813002304407,3.2121600015670992,0.1728534698486328,24314,24152,-0.02,-0.021,-0.08,0.09,1,2,0,24314,18951057,30.6,-0.021,-0.019,0.0,-0.1,0,2,0,24314,18951057,30.6,-0.8250000000000001,-0.825,-0.03,-0.14,14,2,0,24314,18951057,31.9,-0.835,-0.833,-0.07,-0.13,9,2,0,24314,18951057,30.6,-0.026000000000000002,-0.025,-0.2,0.06,10,2,0,24314,18951057,31.9,-0.022,-0.021,-0.03,-0.07,2,2,0,24152,18951056,29.9,-0.018000000000000002,-0.018,0.11,-0.03,11,2,0,24152,18951056,29.9,-0.846,-0.841,0.06,-0.19,9,2,0,24152,18951056,30.6,-0.024,-0.025,0.12,0.03,10,2,0,24152,18951056,29.9,-0.8300000000000001,-0.831,0.09,0.15,10,2,0,24152,18951056,29.9
215,18926535071630,18926544604971,step_neg,1.0600785829992674,19.458601,0.07858297612983733,9.533341,2.0561780002026353,3.1428449983650353,0.17499923706054688,24315,24153,-0.02,-0.021,-0.08,0.02,6,2,0,24315,18951077,30.6,-0.021,-0.019,0.13,-0.26,5,2,0,24315,18951077,30.6,-0.8250000000000001,-0.825,-0.14,0.03,4,2,0,24315,18951077,31.9,-0.835,-0.833,0.0,-0.35,14,2,0,24315,18951077,31.3,-0.026000000000000002,-0.026,-0.23,0.03,0,2,0,24315,18951077,31.9,-0.022,-0.021,-0.15,0.0,8,2,0,24153,18951077,29.9,-0.018000000000000002,-0.018,-0.06,-0.11,2,2,0,24153,18951077,29.9,-0.846,-0.841,-0.01,-0.22,15,2,0,24153,18951077,30.6,-0.024,-0.024,0.09,-0.03,1,2,0,24153,18951077,29.9,-0.8300000000000001,-0.831,0.02,0.04,1,2,0,24153,18951077,29.9
216,18926555071373,18926564752079,step_neg,1.080076790000021,20.147108,0.07678997644688934,9.680706,2.1606939990306273,3.2727710022300016,0.1761913299560547,24316,24154,-0.02,-0.021,0.05,-0.07,11,2,0,24316,18951097,30.6,-0.021,-0.019,-0.03,0.03,10,2,0,24316,18951097,30.6,-0.8250000000000001,-0.824,-0.04,-0.06,8,2,0,24316,18951097,31.9,-0.835,-0.833,-0.03,-0.16,4,2,0,24316,18951097,31.3,-0.026000000000000002,-0.025,0.11,-0.17,5,2,0,24316,18951097,31.9,-0.022,-0.021,-0.04,0.0,12,2,0,24154,18951096,29.9,-0.018000000000000002,-0.018,0.05,-0.04,6,2,0,24154,18951096,29.9,-0.846,-0.841,0.14,-0.13,4,2,0,24154,18951096,30.6,-0.024,-0.025,-0.12,0.04,5,2,0,24154,18951096,29.9,-0.8300000000000001,-0.83,0.01,-0.12,5,2,0,24154,18951096,29.9
217,18926575075628,18926584667275,step_neg,1.1000794120009232,19.915196,0.07941197691252455,9.591647,2.05492999884882,3.1376609986182302,0.17404556274414062,24317,24155,-0.02,-0.021,-0.04,-0.02,1,2,0,24317,18951117,30.6,-0.021,-0.019,0.05,-0.07,0,2,0,24317,18951117,30.6,-0.8250000000000001,-0.824,-0.03,0.04,13,2,0,24317,18951117,31.9,-0.835,-0.833,-0.26,0.01,9,2,0,24317,18951117,31.3,-0.026000000000000002,-0.025,-0.13,-0.28,10,2,0,24317,18951117,31.9,-0.022,-0.021,0.0,-0.11,2,2,0,24155,18951116,29.9,-0.018000000000000002,-0.018,0.0,0.09,11,2,0,24155,18951116,29.9,-0.846,-0.841,-0.16,-0.14,9,2,0,24155,18951116,30.6,-0.024,-0.025,-0.13,0.04,10,2,0,24155,18951116,29.9,-0.8300000000000001,-0.831,0.0,-0.36,10,2,0,24155,18951116,29.9
218,18926595072746,18926604579910,step_neg,1.1200779390019306,19.912635,0.07793897748342715,9.507164,1.5971200009516906,2.6885879997280426,0.17547607421875,24318,24156,-0.02,-0.021,0.08,-0.11,6,2,0,24318,18951137,30.6,-0.021,-0.019,-0.04,-0.26,5,2,0,24318,18951137,30.6,-0.8250000000000001,-0.825,0.02,0.09,3,2,0,24318,18951137,31.9,-0.835,-0.833,0.03,-0.17,14,2,0,24318,18951137,30.6,-0.026000000000000002,-0.025,0.08,-0.1,0,2,0,24318,18951137,31.9,-0.022,-0.021,-0.14,-0.13,6,2,0,24156,18951136,29.9,-0.018000000000000002,-0.018,-0.04,-0.05,1,2,0,24156,18951136,29.9,-0.846,-0.841,0.12,-0.16,14,2,0,24156,18951136,30.6,-0.024,-0.025,-0.12,-0.02,0,2,0,24156,18951136,29.9,-0.8300000000000001,-0.831,-0.11,0.0,0,2,0,24156,18951136,29.9
219,18926615071401,18926624145491,step_neg,1.1400784170000406,19.565581,0.07841697515686974,9.07409,1.51081200237968,2.5556859982316382,0.17309188842773438,24319,24157,-0.02,-0.021,-0.22,0.15,11,2,0,24319,18951157,30.6,-0.021,-0.019,-0.03,-0.1,10,2,0,24319,18951157,30.6,-0.8250000000000001,-0.824,-0.14,-0.18,8,2,0,24319,18951157,31.9,-0.835,-0.833,0.03,0.02,4,2,0,24319,18951157,31.3,-0.026000000000000002,-0.025,0.0,-0.33,5,2,0,24319,18951157,31.9,-0.022,-0.021,0.05,-0.16,11,2,0,24157,18951156,29.9,-0.018000000000000002,-0.018,0.15,-0.21,6,2,0,24157,18951156,29.9,-0.846,-0.841,0.01,-0.31,4,2,0,24157,18951156,30.6,-0.024,-0.025,0.06,0.05,5,2,0,24157,18951156,29.9,-0.8300000000000001,-0.831,0.03,0.16,5,2,0,24157,18951156,29.9
220,18926635070375,18926645266302,step_neg,1.1600776160012174,21.120811,0.07761597589706071,10.195927,2.243898001324851,3.338373000588035,0.17714500427246094,24320,24158,-0.02,-0.021,0.08,-0.03,1,2,0,24320,18951177,30.6,-0.021,-0.019,0.11,-0.14,0,2,0,24320,18951177,30.6,-0.8250000000000001,-0.824,0.13,0.0,13,2,0,24320,18951177,31.9,-0.835,-0.833,0.02,-0.28,9,2,0,24320,18951177,31.3,-0.026000000000000002,-0.025,0.07,-0.08,10,2,0,24320,18951177,31.9,-0.022,-0.021,-0.03,-0.03,1,2,0,24158,18951176,29.9,-0.018000000000000002,-0.018,0.05,0.03,11,2,0,24158,18951176,29.9,-0.846,-0.841,0.1,-0.07,9,2,0,24158,18951176,30.6,-0.024,-0.024,0.14,-0.08,10,2,0,24158,18951176,29.9,-0.8300000000000001,-0.831,-0.09,0.04,10,2,0,24158,18951176,29.9
221,18926655072070,18926664661157,step_neg,1.1800781909987563,19.394855,0.07819097299943678,9.589087,2.1322450011211913,3.2181119968299754,0.17690658569335938,24321,24159,-0.02,-0.021,0.25,-0.02,6,2,0,24321,18951197,30.6,-0.021,-0.02,-0.05,-0.04,5,2,0,24321,18951197,30.6,-0.8250000000000001,-0.825,0.08,0.04,3,2,0,24321,18951197,31.9,-0.835,-0.833,-0.06,-0.24,14,2,0,24321,18951197,31.3,-0.026000000000000002,-0.025,-0.11,-0.17,0,2,0,24321,18951197,31.9,-0.022,-0.021,-0.06,0.0,7,2,0,24159,18951197,29.9,-0.018000000000000002,-0.018,-0.11,-0.11,2,2,0,24159,18951197,29.9,-0.846,-0.841,0.27,-0.24,15,2,0,24159,18951197,30.6,-0.024,-0.025,-0.07,0.0,1,2,0,24159,18951197,29.9,-0.8300000000000001,-0.831,-0.12,0.09,1,2,0,24159,18951197,29.9
222,18926675070724,18926684105389,step_neg,1.2000760449991503,19.444232,0.07604497295687906,9.034665,1.5047000015329104,2.5591740013624076,0.1728534698486328,24322,24160,-0.02,-0.02,0.03,0.03,11,2,0,24322,18951217,30.6,-0.021,-0.019,0.04,-0.24,10,2,0,24322,18951217,30.6,-0.8250000000000001,-0.825,-0.05,-0.08,8,2,0,24322,18951217,31.9,-0.835,-0.833,-0.06,-0.2,4,2,0,24322,18951217,31.3,-0.026000000000000002,-0.025,0.04,-0.23,5,2,0,24322,18951217,31.9,-0.022,-0.021,0.01,-0.13,11,2,0,24160,18951216,29.9,-0.018000000000000002,-0.018,0.0,-0.03,6,2,0,24160,18951216,29.9,-0.846,-0.841,0.06,-0.36,4,2,0,24160,18951216,30.6,-0.024,-0.025,-0.07,-0.1,5,2,0,24160,18951216,29.9,-0.8300000000000001,-0.831,-0.06,0.04,5,2,0,24160,18951216,29.9
223,18926695070435,18926704732133,step_neg,1.2200767799986352,20.626744,0.07677997200516984,9.661698,2.2232250012166332,3.317603997857077,0.17309188842773438,24323,24161,-0.02,-0.021,-0.06,-0.03,1,2,0,24323,18951237,30.6,-0.021,-0.02,0.03,-0.29,0,2,0,24323,18951237,30.6,-0.8250000000000001,-0.824,0.0,-0.05,13,2,0,24323,18951237,31.9,-0.835,-0.833,0.07,-0.2,9,2,0,24323,18951237,30.6,-0.026000000000000002,-0.026,-0.02,-0.21,10,2,0,24323,18951237,31.9,-0.022,-0.021,0.1,-0.11,1,2,0,24161,18951236,29.9,-0.018000000000000002,-0.018,0.17,0.02,11,2,0,24161,18951236,29.9,-0.846,-0.841,0.03,-0.4,9,2,0,24161,18951236,30.6,-0.024,-0.025,0.13,-0.08,10,2,0,24161,18951236,29.9,-0.8300000000000001,-0.831,0.09,0.08,10,2,0,24161,18951236,29.9
224,18926715086882,18926725112882,step_neg,1.2400851950005745,20.380749,0.08519497350789607,10.026,2.1004039990657475,3.1916789994284045,0.17261505126953125,24324,24162,-0.02,-0.021,0.11,-0.13,6,2,0,24324,18951257,30.6,-0.021,-0.019,0.05,-0.07,5,2,0,24324,18951257,30.6,-0.8250000000000001,-0.825,-0.05,-0.13,3,2,0,24324,18951257,31.9,-0.835,-0.833,-0.07,-0.08,14,2,0,24324,18951257,30.6,-0.026000000000000002,-0.025,0.08,0.06,15,2,0,24324,18951257,31.9,-0.022,-0.021,0.02,0.09,6,2,0,24162,18951256,29.9,-0.018000000000000002,-0.018,0.16,0.09,1,2,0,24162,18951256,29.9,-0.846,-0.841,0.08,-0.08,14,2,0,24162,18951256,30.6,-0.024,-0.025,-0.09,-0.04,0,2,0,24162,18951256,29.9,-0.8300000000000001,-0.831,-0.24,-0.15,0,2,0,24162,18951256,30.6
225,18926735072896,18926744512953,step_neg,1.2600760730019829,19.400071,0.07607297447975725,9.440057,1.4917400003469083,2.581734999694163,0.17309188842773438,24325,24163,-0.02,-0.021,0.1,-0.27,11,2,0,24325,18951277,30.6,-0.021,-0.02,0.01,-0.28,10,2,0,24325,18951277,30.6,-0.8250000000000001,-0.824,-0.02,-0.05,8,2,0,24325,18951277,31.9,-0.835,-0.833,0.0,-0.11,4,2,0,24325,18951277,31.3,-0.026000000000000002,-0.025,-0.02,-0.21,5,2,0,24325,18951277,31.9,-0.022,-0.021,0.01,-0.27,12,2,0,24163,18951277,29.9,-0.018000000000000002,-0.018,-0.02,0.03,7,2,0,24163,18951277,29.9,-0.846,-0.841,0.02,-0.31,5,2,0,24163,18951277,30.6,-0.024,-0.025,0.09,0.04,6,2,0,24163,18951277,29.9,-0.8300000000000001,-0.831,0.02,0.04,6,2,0,24163,18951277,29.9
226,18926755071071,18926764707615,step_neg,1.2800770309986547,20.194662,0.07703097071498632,9.636544,2.1219089976511896,3.206303998013027,0.17905235290527344,24326,24164,-0.02,-0.021,0.05,-0.02,1,2,0,24326,18951297,30.6,-0.021,-0.019,0.04,-0.04,0,2,0,24326,18951297,30.6,-0.8250000000000001,-0.824,0.05,-0.03,13,2,0,24326,18951297,31.9,-0.835,-0.833,0.04,-0.1,9,2,0,24326,18951297,30.6,-0.026000000000000002,-0.026,-0.09,-0.54,10,2,0,24326,18951297,31.9,-0.022,-0.021,-0.09,-0.03,1,2,0,24164,18951296,29.9,-0.018000000000000002,-0.018,-0.05,0.14,11,2,0,24164,18951296,29.9,-0.846,-0.841,0.09,-0.49,9,2,0,24164,18951296,30.6,-0.024,-0.025,-0.09,0.01,10,2,0,24164,18951296,29.9,-0.8300000000000001,-0.831,0.08,-0.01,10,2,0,24164,18951296,29.9
227,18926775071421,18926784106278,step_neg,1.3000777019988163,19.398663,0.07770197044010274,9.034857,1.4873229993099812,2.5197479990310967,0.17333030700683594,24327,24165,-0.02,-0.021,-0.04,0.02,6,2,0,24327,18951317,30.6,-0.021,-0.019,0.0,-0.13,5,2,0,24327,18951317,30.6,-0.8250000000000001,-0.825,0.11,-0.14,3,2,0,24327,18951317,31.9,-0.835,-0.833,-0.01,0.02,14,2,0,24327,18951317,30.6,-0.026000000000000002,-0.025,-0.1,-0.11,15,2,0,24327,18951317,31.9,-0.022,-0.021,0.09,-0.01,6,2,0,24165,18951316,29.9,-0.018000000000000002,-0.018,-0.2,-0.03,1,2,0,24165,18951316,29.9,-0.846,-0.841,-0.21,-0.48,13,2,0,24165,18951316,30.6,-0.024,-0.025,0.17,0.09,15,2,0,24165,18951316,29.9,-0.8300000000000001,-0.831,0.13,-0.04,0,2,0,24165,18951316,29.9
228,18926795070364,18926805187152,step_neg,1.3200747570008389,21.080874,0.0747569720260799,10.116788,2.679755001736339,3.766966001421679,0.1747608184814453,24328,24166,-0.02,-0.021,0.0,0.12,11,2,0,24328,18951337,30.6,-0.021,-0.019,-0.03,-0.1,10,2,0,24328,18951337,30.6,-0.8250000000000001,-0.824,0.0,-0.19,8,2,0,24328,18951337,31.9,-0.835,-0.833,-0.05,-0.11,4,2,0,24328,18951337,30.6,-0.026000000000000002,-0.026,0.1,-0.09,5,2,0,24328,18951337,31.9,-0.022,-0.021,-0.1,-0.18,11,2,0,24166,18951336,29.9,-0.018000000000000002,-0.018,0.0,-0.11,6,2,0,24166,18951336,29.9,-0.846,-0.841,0.04,-0.22,3,2,0,24166,18951336,30.6,-0.024,-0.025,-0.12,-0.01,5,2,0,24166,18951336,29.9,-0.8300000000000001,-0.831,-0.02,-0.06,5,2,0,24166,18951336,29.9
229,18926815072634,18926824505235,step_neg,1.3400785630001337,19.318083,0.07856297088437714,9.432601,1.485723001678707,2.572774999862304,0.17452239990234375,24329,24167,-0.02,-0.021,-0.14,-0.02,1,2,0,24329,18951357,30.6,-0.021,-0.019,-0.13,-0.09,0,2,0,24329,18951357,30.6,-0.8250000000000001,-0.825,0.08,0.01,13,2,0,24329,18951357,31.9,-0.835,-0.833,0.0,-0.16,9,2,0,24329,18951357,30.6,-0.026000000000000002,-0.026,-0.13,0.06,10,2,0,24329,18951357,31.9,-0.022,-0.021,0.11,-0.02,2,2,0,24167,18951357,29.9,-0.018000000000000002,-0.018,0.11,0.18,12,2,0,24167,18951357,29.9,-0.846,-0.841,0.09,-0.3,9,2,0,24167,18951357,30.6,-0.024,-0.025,0.05,0.01,11,2,0,24167,18951357,29.9,-0.8300000000000001,-0.831,-0.07,-0.01,11,2,0,24167,18951357,29.9
230,18926835069689,18926844248647,step_neg,1.3600761939997028,19.743412,0.07619397001690231,9.178958,1.5918719982437324,2.640905000589555,0.17380714416503906,24330,24168,-0.02,-0.021,0.08,0.05,6,2,0,24330,18951377,30.6,-0.021,-0.02,-0.01,-0.18,5,2,0,24330,18951377,30.6,-0.8250000000000001,-0.825,-0.16,0.03,3,2,0,24330,18951377,31.9,-0.835,-0.833,0.0,-0.09,14,2,0,24330,18951377,30.6,-0.026000000000000002,-0.025,0.1,-0.15,0,2,0,24330,18951377,31.9,-0.022,-0.021,-0.02,-0.17,6,2,0,24168,18951376,29.9,-0.018000000000000002,-0.018,-0.02,-0.03,1,2,0,24168,18951376,29.9,-0.846,-0.841,-0.07,-0.02,13,2,0,24168,18951376,30.6,-0.024,-0.025,-0.04,-0.2,15,2,0,24168,18951376,29.9,-0.8300000000000001,-0.83,0.01,-0.08,15,2,0,24168,18951376,29.9
231,18926855070232,18926864668439,step_neg,1.3800764480001817,20.419792,0.07644797005923465,9.598207,2.094162999128457,3.191776002495317,0.17714500427246094,24331,24169,-0.02,-0.021,0.15,0.12,11,2,0,24331,18951397,30.6,-0.021,-0.02,-0.05,0.13,10,2,0,24331,18951397,30.6,-0.8250000000000001,-0.825,-0.03,-0.04,8,2,0,24331,18951397,31.9,-0.835,-0.833,0.02,-0.14,4,2,0,24331,18951397,31.3,-0.026000000000000002,-0.025,-0.01,-0.02,5,2,0,24331,18951397,31.9,-0.022,-0.021,-0.14,-0.18,11,2,0,24169,18951396,29.9,-0.018000000000000002,-0.018,0.08,0.0,6,2,0,24169,18951396,29.9,-0.846,-0.841,-0.14,-0.5,3,2,0,24169,18951396,30.6,-0.024,-0.025,0.02,-0.08,5,2,0,24169,18951396,29.9,-0.8300000000000001,-0.83,0.09,-0.14,5,2,0,24169,18951396,30.6
232,18926875070710,18926883997339,step_neg,1.4000767350007663,19.3289,0.07673497020732611,8.926629,1.505595999333309,2.559046002716059,0.17499923706054688,24332,24170,-0.02,-0.021,-0.05,0.06,1,2,0,24332,18951417,30.6,-0.021,-0.019,0.01,-0.15,15,2,0,24332,18951417,30.6,-0.8250000000000001,-0.824,0.02,0.07,13,2,0,24332,18951417,31.9,-0.835,-0.833,0.05,0.1,9,2,0,24332,18951417,30.6,-0.026000000000000002,-0.025,-0.03,-0.22,10,2,0,24332,18951417,31.9,-0.022,-0.021,0.07,-0.07,1,2,0,24170,18951416,29.9,-0.018000000000000002,-0.018,-0.1,0.02,11,2,0,24170,18951416,29.9,-0.846,-0.841,0.07,-0.31,8,2,0,24170,18951416,30.6,-0.024,-0.025,-0.08,-0.01,10,2,0,24170,18951416,29.9,-0.8300000000000001,-0.831,-0.07,-0.08,10,2,0,24170,18951416,29.9
233,18926895068789,18926904573776,step_neg,1.420075165999151,20.576437,0.07516596815548837,9.504987,1.5661750003346242,2.670506000868045,0.17499923706054688,24333,24171,-0.02,-0.021,-0.04,0.04,6,2,0,24333,18951437,30.6,-0.021,-0.019,-0.01,-0.15,5,2,0,24333,18951437,30.6,-0.8250000000000001,-0.825,0.07,0.07,3,2,0,24333,18951437,31.9,-0.835,-0.833,0.08,-0.15,14,2,0,24333,18951437,31.3,-0.026000000000000002,-0.025,0.08,-0.23,15,2,0,24333,18951437,31.9,-0.022,-0.021,0.05,-0.32,6,2,0,24171,18951436,29.9,-0.018000000000000002,-0.018,-0.01,-0.05,1,2,0,24171,18951436,29.9,-0.846,-0.841,-0.09,-0.2,13,2,0,24171,18951436,30.6,-0.024,-0.025,0.04,0.14,15,2,0,24171,18951436,29.9,-0.8300000000000001,-0.831,-0.05,0.01,15,2,0,24171,18951436,29.9
234,18926915081588,18926924399720,step_neg,1.4400853400002234,19.825944,0.08533996879123151,9.318132,1.6019520007830579,2.6505380010348745,0.2186298370361328,24334,24172,-0.02,-0.021,0.15,0.19,11,2,0,24334,18951457,30.6,-0.021,-0.019,-0.02,-0.09,10,2,0,24334,18951457,30.6,-0.8250000000000001,-0.825,-0.17,-0.14,8,2,0,24334,18951457,31.9,-0.835,-0.834,0.01,-0.17,4,2,0,24334,18951457,31.3,-0.026000000000000002,-0.025,-0.08,-0.1,5,2,0,24334,18951457,31.9,-0.022,-0.021,0.06,-0.11,11,2,0,24172,18951456,29.9,-0.018000000000000002,-0.018,-0.07,0.0,6,2,0,24172,18951456,29.9,-0.846,-0.841,-0.08,-0.51,3,2,0,24172,18951456,30.6,-0.024,-0.025,0.14,-0.03,4,2,0,24172,18951456,29.9,-0.8300000000000001,-0.831,0.02,0.11,5,2,0,24172,18951456,29.9
235,18926935079410,18926944814263,step_neg,1.460082010999031,20.414543,0.0820109671622049,9.734853,2.1946160013612825,3.283203001046786,0.17309188842773438,24335,24173,-0.02,-0.021,0.05,0.0,1,2,0,24335,18951477,30.6,-0.021,-0.02,0.0,-0.13,15,2,0,24335,18951477,30.6,-0.8250000000000001,-0.824,-0.01,-0.02,13,2,0,24335,18951477,31.9,-0.835,-0.833,-0.06,-0.11,9,2,0,24335,18951477,30.6,-0.026000000000000002,-0.026,-0.18,0.01,10,2,0,24335,18951477,31.9,-0.022,-0.021,0.0,-0.07,1,2,0,24173,18951476,29.9,-0.018000000000000002,-0.018,-0.07,0.08,10,2,0,24173,18951476,29.9,-0.846,-0.841,0.07,-0.28,8,2,0,24173,18951476,30.6,-0.024,-0.025,0.02,0.0,9,2,0,24173,18951476,29.9,-0.8300000000000001,-0.831,0.17,-0.2,10,2,0,24173,18951476,29.9
236,18926955076817,18926964723570,step_neg,1.4800775930016243,19.909307,0.07759296931908466,9.646753,2.1354130003601313,3.225599997676909,0.17642974853515625,24336,24174,-0.02,-0.021,-0.02,0.11,6,2,0,24336,18951497,30.6,-0.021,-0.02,-0.11,-0.24,5,2,0,24336,18951497,30.6,-0.8250000000000001,-0.824,-0.04,0.04,3,2,0,24336,18951497,31.9,-0.835,-0.833,0.03,-0.25,14,2,0,24336,18951497,30.6,-0.026000000000000002,-0.025,0.03,-0.2,15,2,0,24336,18951497,31.9,-0.022,-0.021,-0.08,-0.02,6,2,0,24174,18951496,29.9,-0.018000000000000002,-0.018,-0.1,-0.1,0,2,0,24174,18951496,29.9,-0.846,-0.841,-0.12,-0.25,13,2,0,24174,18951496,30.6,-0.024,-0.025,0.15,-0.02,14,2,0,24174,18951496,29.9,-0.8300000000000001,-0.831,0.06,-0.12,0,2,0,24174,18951496,29.9
237,18926975071535,18926985098527,center_2,2.04800016945228e-06,20.374957,0.00204800016945228,10.026992,2.567398001701804,3.652113999123685,0.17380714416503906,24337,24175,0.0,-0.021,-0.01,0.09,11,2,0,24337,18951517,30.6,-0.001,-0.019,-0.02,-0.03,10,2,0,24337,18951517,30.6,-0.805,-0.824,0.03,0.0,8,2,0,24337,18951517,31.9,-0.815,-0.833,0.01,-0.08,4,2,0,24337,18951517,31.3,-0.006,-0.025,-0.08,-0.05,5,2,0,24337,18951517,31.9,-0.002,-0.021,-0.06,0.01,11,2,0,24175,18951516,29.9,0.002,-0.018,-0.11,0.11,5,2,0,24175,18951516,29.9,-0.826,-0.841,0.11,-0.35,3,2,0,24175,18951516,30.6,-0.004,-0.025,-0.02,-0.04,4,2,0,24175,18951516,29.9,-0.81,-0.831,0.15,-0.1,5,2,0,24175,18951516,29.9
238,18926995151793,18927004141816,center_2,0.020078786001249682,19.043289,0.0787860008131247,8.990023,1.5586860026814975,2.607688002171926,0.17333030700683594,24338,24176,0.0,-0.021,0.14,-0.17,1,2,0,24338,18951537,30.6,-0.001,-0.02,-0.04,-0.07,15,2,0,24338,18951537,30.6,-0.805,-0.824,0.03,-0.06,13,2,0,24338,18951537,31.9,-0.815,-0.833,0.02,-0.07,9,2,0,24338,18951537,31.3,-0.006,-0.026,-0.02,0.1,10,2,0,24338,18951537,31.9,-0.002,-0.021,-0.12,-0.17,2,2,0,24176,18951537,29.9,0.002,-0.018,-0.2,-0.15,11,2,0,24176,18951537,29.9,-0.826,-0.841,-0.1,-0.45,9,2,0,24176,18951537,30.6,-0.004,-0.025,-0.05,0.05,10,2,0,24176,18951537,29.9,-0.81,-0.831,0.01,0.24,11,2,0,24176,18951537,29.9
239,18927015145967,18927024747055,center_2,0.04007571200054372,20.605239,0.07571199967060238,9.601088,2.0820989993808325,3.1733750001876615,0.17571449279785156,24339,24177,0.0,-0.015,0.48,0.16,6,2,0,24339,18951557,30.6,-0.001,-0.013,0.58,-0.08,5,2,0,24339,18951557,30.6,-0.805,-0.816,0.5,0.17,3,2,0,24339,18951557,31.9,-0.815,-0.832,0.39,0.22,14,2,0,24339,18951557,30.6,-0.006,-0.024,0.57,0.04,15,2,0,24339,18951557,31.9,-0.002,-0.015,0.47,0.03,6,2,0,24177,18951556,29.9,0.002,-0.009,0.61,0.09,0,2,0,24177,18951556,29.9,-0.826,-0.839,0.43,-0.11,13,2,0,24177,18951556,30.6,-0.004,-0.023,0.47,0.31,14,2,0,24177,18951556,29.9,-0.81,-0.83,0.36,0.07,15,2,0,24177,18951556,29.9
240,18927035147054,18927044800751,center_2,0.06007603100078995,20.053696,0.07603099948028103,9.653697,2.1665499989467207,3.2663390011293814,0.17762184143066406,24340,24178,0.0,-0.008,0.42,0.24,11,2,0,24340,18951577,30.6,-0.001,-0.006,0.53,0.04,10,2,0,24340,18951577,30.6,-0.805,-0.81,0.29,0.19,8,2,0,24340,18951577,31.9,-0.815,-0.82,0.14,0.01,4,2,0,24340,18951577,31.3,-0.006,-0.011,0.17,-0.02,5,2,0,24340,18951577,31.9,-0.002,-0.008,0.52,0.1,11,2,0,24178,18951576,29.9,0.002,-0.003,0.33,-0.04,5,2,0,24178,18951576,29.9,-0.826,-0.83,-0.01,0.1,3,2,0,24178,18951576,30.6,-0.004,-0.009,0.21,0.23,4,2,0,24178,18951576,29.9,-0.81,-0.815,0.3,0.1,5,2,0,24178,18951576,29.9
241,18927055148204,18927064744908,center_2,0.08007910100059235,19.944157,0.07910099884611554,9.596704,2.0691389981948305,3.1640619999961928,0.17499923706054688,24341,24179,0.0,-0.003,0.22,0.06,1,2,0,24341,18951597,30.6,-0.001,-0.004,0.15,0.15,15,2,0,24341,18951597,30.6,-0.805,-0.808,-0.01,0.31,13,2,0,24341,18951597,31.9,-0.815,-0.818,0.07,-0.12,8,2,0,24341,18951597,31.3,-0.006,-0.01,0.13,0.1,10,2,0,24341,18951597,31.9,-0.002,-0.003,0.15,0.08,1,2,0,24179,18951596,29.9,0.002,-0.001,-0.08,0.14,10,2,0,24179,18951596,29.9,-0.826,-0.83,-0.05,0.14,8,2,0,24179,18951596,30.6,-0.004,-0.007,0.02,0.22,9,2,0,24179,18951596,29.9,-0.81,-0.812,0.14,0.11,10,2,0,24179,18951596,29.9
242,18927075147755,18927084665927,center_2,0.10007823600244592,19.921019,0.07823600026313215,9.518172,2.1296529994287994,3.2271689997287467,0.171661376953125,24342,24180,0.0,-0.002,0.02,0.0,6,2,0,24342,18951617,30.6,-0.001,-0.003,0.03,0.06,5,2,0,24342,18951617,30.6,-0.805,-0.807,-0.05,-0.22,3,2,0,24342,18951617,31.9,-0.815,-0.818,0.01,0.06,13,2,0,24342,18951617,30.6,-0.006,-0.009,0.15,0.23,15,2,0,24342,18951617,31.9,-0.002,-0.003,0.0,-0.14,6,2,0,24180,18951616,29.9,0.002,0.001,0.09,-0.13,0,2,0,24180,18951616,29.9,-0.826,-0.83,0.08,0.33,13,2,0,24180,18951616,30.6,-0.004,-0.007,-0.07,0.32,14,2,0,24180,18951616,29.9,-0.81,-0.812,0.1,0.06,15,2,0,24180,18951616,29.9
243,18927095148618,18927104634500,center_2,0.12007570599962492,19.968573,0.07570599700557068,9.485882,1.5535339989583008,2.646601999003906,0.17333030700683594,24343,24181,0.0,-0.002,0.04,0.07,11,2,0,24343,18951637,30.6,-0.001,-0.003,0.03,0.07,10,2,0,24343,18951637,30.6,-0.805,-0.806,-0.11,-0.06,8,2,0,24343,18951637,31.9,-0.815,-0.817,-0.09,0.22,3,2,0,24343,18951637,31.3,-0.006,-0.009,0.0,0.01,5,2,0,24343,18951637,31.9,-0.002,-0.002,0.05,-0.17,11,2,0,24181,18951636,29.9,0.002,0.001,0.16,0.01,5,2,0,24181,18951636,29.9,-0.826,-0.83,0.11,0.13,3,2,0,24181,18951636,30.6,-0.004,-0.006,-0.02,0.23,4,2,0,24181,18951636,29.9,-0.81,-0.811,0.09,0.06,5,2,0,24181,18951636,29.9
244,18927115160809,18927124462716,center_2,0.1400845370008028,19.828216,0.08453699774690904,9.301907,1.7788229997677263,2.887219001422636,0.1766681671142578,24344,24182,0.0,-0.001,0.04,0.1,1,2,0,24344,18951657,30.6,-0.001,-0.002,0.01,-0.06,0,2,0,24344,18951657,30.6,-0.805,-0.806,0.09,0.16,13,2,0,24344,18951657,31.9,-0.815,-0.817,0.03,0.09,8,2,0,24344,18951657,31.3,-0.006,-0.008,0.1,0.08,10,2,0,24344,18951657,31.9,-0.002,-0.002,0.14,0.05,1,2,0,24182,18951656,29.9,0.002,0.001,0.04,0.13,10,2,0,24182,18951656,29.9,-0.826,-0.83,0.04,0.22,8,2,0,24182,18951656,30.6,-0.004,-0.006,0.14,0.28,9,2,0,24182,18951656,29.9,-0.81,-0.811,0.05,0.17,10,2,0,24182,18951656,29.9
245,18927135145511,18927144483548,center_2,0.16007602399986354,20.020832,0.07602399637107737,9.338037,1.8819629985955544,2.968758999486454,0.1735687255859375,24345,24183,0.0,-0.001,-0.01,-0.07,6,2,0,24345,18951677,30.6,-0.001,-0.002,-0.16,0.12,5,2,0,24345,18951677,30.6,-0.805,-0.806,-0.12,0.06,3,2,0,24345,18951677,31.9,-0.815,-0.817,0.18,0.34,13,2,0,24345,18951677,31.3,-0.006,-0.009,0.01,0.09,14,2,0,24345,18951677,31.9,-0.002,-0.002,-0.06,0.15,6,2,0,24183,18951676,29.9,0.002,0.001,0.0,-0.11,0,2,0,24183,18951676,29.9,-0.826,-0.829,-0.01,0.16,13,2,0,24183,18951676,30.6,-0.004,-0.006,0.17,0.14,14,2,0,24183,18951676,29.9,-0.81,-0.811,-0.09,-0.12,15,2,0,24183,18951676,29.9
246,18927155145861,18927164689634,center_2,0.18007621400101925,20.206086,0.07621399709023535,9.543773,2.0990599987271708,3.181822998158168,0.1709461212158203,24346,24184,0.0,-0.001,0.07,0.12,11,2,0,24346,18951697,30.6,-0.001,-0.002,0.07,0.02,10,2,0,24346,18951697,30.6,-0.805,-0.805,0.07,0.17,8,2,0,24346,18951697,31.9,-0.815,-0.817,-0.11,-0.11,3,2,0,24346,18951697,31.3,-0.006,-0.008,-0.04,0.14,4,2,0,24346,18951697,31.9,-0.002,-0.002,0.01,0.07,11,2,0,24184,18951696,29.9,0.002,0.001,0.09,-0.03,5,2,0,24184,18951696,29.9,-0.826,-0.83,-0.16,0.4,3,2,0,24184,18951696,30.6,-0.004,-0.006,0.06,0.11,4,2,0,24184,18951696,29.9,-0.81,-0.811,0.04,0.09,5,2,0,24184,18951696,30.6
247,18927175146980,18927184128427,center_2,0.20007576500211144,19.438793,0.0757649977458641,8.981447,1.498043999163201,2.5438450029469095,0.16999244689941406,24347,24185,0.0,-0.001,-0.1,0.09,1,2,0,24347,18951717,30.6,-0.001,-0.002,-0.1,0.12,15,2,0,24347,18951717,30.6,-0.805,-0.806,0.05,0.03,13,2,0,24347,18951717,31.9,-0.815,-0.817,0.05,0.0,8,2,0,24347,18951717,31.3,-0.006,-0.008,0.01,0.01,9,2,0,24347,18951717,31.9,-0.002,-0.002,-0.05,-0.05,1,2,0,24185,18951716,29.9,0.002,0.001,-0.02,0.03,10,2,0,24185,18951716,29.9,-0.826,-0.829,-0.1,0.11,8,2,0,24185,18951716,30.6,-0.004,-0.006,0.09,-0.17,9,2,0,24185,18951716,29.9,-0.81,-0.811,-0.18,0.0,10,2,0,24185,18951716,29.9
248,18927195145506,18927204708448,center_2,0.2200770109993755,20.580021,0.07701099457335658,9.562942,2.1306449998519383,3.213920001144288,0.1735687255859375,24348,24186,0.0,-0.001,-0.18,0.29,6,2,0,24348,18951737,30.6,-0.001,-0.002,-0.02,-0.04,5,2,0,24348,18951737,30.6,-0.805,-0.806,-0.05,-0.09,3,2,0,24348,18951737,31.9,-0.815,-0.817,-0.03,0.2,13,2,0,24348,18951737,30.6,-0.006,-0.008,0.04,0.04,14,2,0,24348,18951737,31.9,-0.002,-0.002,-0.02,-0.08,6,2,0,24186,18951736,29.9,0.002,0.001,-0.04,-0.17,15,2,0,24186,18951736,29.9,-0.826,-0.829,0.06,0.26,13,2,0,24186,18951736,30.6,-0.004,-0.006,-0.01,0.21,14,2,0,24186,18951736,29.9,-0.81,-0.811,-0.02,0.34,15,2,0,24186,18951736,29.9
249,18927215148289,18927224559641,center_2,0.24007835399970645,19.851193,0.07835399446776137,9.411352,1.4925719988241326,2.5871749967336655,0.17404556274414062,24349,24187,0.0,-0.001,0.05,0.06,11,2,0,24349,18951757,30.6,-0.001,-0.002,0.08,0.01,10,2,0,24349,18951757,30.6,-0.805,-0.805,-0.01,0.0,8,2,0,24349,18951757,31.9,-0.815,-0.816,0.04,-0.06,3,2,0,24349,18951757,30.6,-0.006,-0.008,0.05,-0.09,4,2,0,24349,18951757,31.9,-0.002,-0.002,-0.04,-0.14,11,2,0,24187,18951756,29.9,0.002,0.001,0.05,-0.1,5,2,0,24187,18951756,29.9,-0.826,-0.829,0.16,-0.03,3,2,0,24187,18951756,30.6,-0.004,-0.006,0.07,0.18,4,2,0,24187,18951756,29.9,-0.81,-0.811,0.09,0.01,4,2,0,24187,18951756,29.9
250,18927235147040,18927244777248,center_2,0.26007508800103096,20.217607,0.07508799535571598,9.630208,2.21538400001009,3.303427998616826,0.1735687255859375,24350,24188,0.0,-0.001,-0.06,-0.02,1,2,0,24350,18951777,30.6,-0.001,-0.002,0.06,-0.03,15,2,0,24350,18951777,30.6,-0.805,-0.806,-0.13,0.11,13,2,0,24350,18951777,31.9,-0.815,-0.816,-0.05,0.21,8,2,0,24350,18951777,31.3,-0.006,-0.008,-0.07,0.02,9,2,0,24350,18951777,31.9,-0.002,-0.002,0.06,0.04,1,2,0,24188,18951776,29.9,0.002,0.001,0.06,0.17,10,2,0,24188,18951776,29.9,-0.826,-0.829,-0.02,0.09,8,2,0,24188,18951776,30.6,-0.004,-0.006,-0.13,0.09,9,2,0,24188,18951776,29.9,-0.81,-0.811,0.05,-0.08,9,2,0,24188,18951776,29.9
251,18927255150270,18927264932965,center_2,0.28007787100068526,20.155717,0.07787099457345903,9.782695,1.8808749991876539,2.9621339999721386,0.17571449279785156,24351,24189,0.0,-0.001,-0.04,0.05,6,2,0,24351,18951797,30.6,-0.001,-0.002,0.07,0.02,5,2,0,24351,18951797,30.6,-0.805,-0.806,-0.06,0.03,3,2,0,24351,18951797,31.9,-0.815,-0.816,-0.08,-0.11,13,2,0,24351,18951797,30.6,-0.006,-0.008,0.0,0.2,14,2,0,24351,18951797,31.9,-0.002,-0.002,0.11,0.03,6,2,0,24189,18951796,29.9,0.002,0.001,0.12,0.15,0,2,0,24189,18951796,29.9,-0.826,-0.829,0.04,0.2,13,2,0,24189,18951796,30.6,-0.004,-0.006,-0.09,-0.04,14,2,0,24189,18951796,29.9,-0.81,-0.811,0.13,-0.05,14,2,0,24189,18951796,29.9
252,18927275145629,18927284129412,center_2,0.30007636600203114,19.196447,0.07636599548277445,8.983783,1.4959640029701404,2.541860998462653,0.1728534698486328,24352,24190,0.0,-0.001,0.07,0.04,11,2,0,24352,18951817,30.6,-0.001,-0.002,0.13,0.0,10,2,0,24352,18951817,30.6,-0.805,-0.805,0.08,0.08,8,2,0,24352,18951817,31.9,-0.815,-0.816,-0.06,0.09,3,2,0,24352,18951817,30.6,-0.006,-0.007,-0.05,0.02,4,2,0,24352,18951817,31.9,-0.002,-0.002,0.07,-0.18,12,2,0,24190,18951817,29.9,0.002,0.001,0.21,-0.15,6,2,0,24190,18951817,29.9,-0.826,-0.829,0.08,0.35,4,2,0,24190,18951817,30.6,-0.004,-0.006,-0.04,0.26,5,2,0,24190,18951817,29.9,-0.81,-0.811,0.03,0.01,5,2,0,24190,18951817,29.9
253,18927295142843,18927304591861,center_2,0.320073612001579,20.462449,0.07361199459410273,9.449018,1.5587179987051059,2.6461849993211217,0.17547607421875,24353,24191,0.0,-0.001,0.15,0.11,1,2,0,24353,18951837,30.6,-0.001,-0.002,0.0,-0.06,14,2,0,24353,18951837,30.6,-0.805,-0.805,0.09,0.04,13,2,0,24353,18951837,31.9,-0.815,-0.816,0.04,0.12,8,2,0,24353,18951837,30.6,-0.006,-0.007,0.03,0.07,9,2,0,24353,18951837,31.9,-0.002,-0.002,0.11,-0.14,1,2,0,24191,18951836,29.9,0.002,0.001,0.0,0.03,10,2,0,24191,18951836,29.9,-0.826,-0.829,0.0,0.38,8,2,0,24191,18951836,30.6,-0.004,-0.006,-0.04,0.13,9,2,0,24191,18951836,29.9,-0.81,-0.811,0.02,0.04,9,2,0,24191,18951836,29.9
254,18927315161211,18927324788891,center_2,0.3400867950003885,20.19703,0.08679499296704307,9.62768,2.1076369994261768,3.194975997757865,0.17690658569335938,24354,24192,0.0,-0.001,-0.08,-0.07,5,2,0,24354,18951857,30.6,-0.001,-0.002,-0.06,-0.06,4,2,0,24354,18951857,30.6,-0.805,-0.806,-0.05,-0.27,3,2,0,24354,18951857,31.9,-0.815,-0.816,0.02,-0.03,13,2,0,24354,18951857,30.6,-0.006,-0.007,-0.01,0.11,14,2,0,24354,18951857,31.9,-0.002,-0.002,0.05,0.0,6,2,0,24192,18951856,29.9,0.002,0.001,-0.08,-0.2,0,2,0,24192,18951856,29.9,-0.826,-0.829,0.04,0.3,13,2,0,24192,18951856,30.6,-0.004,-0.006,0.04,0.0,14,2,0,24192,18951856,29.9,-0.81,-0.811,0.0,0.02,14,2,0,24192,18951856,29.9
255,18927335145913,18927344650644,center_2,0.36007632900145836,19.861753,0.07632899360032752,9.504731,1.5588780006510206,2.6516889993217774,0.17571449279785156,24355,24193,0.0,-0.001,0.04,0.07,10,2,0,24355,18951877,30.6,-0.001,-0.001,-0.05,0.18,9,2,0,24355,18951877,30.6,-0.805,-0.806,0.06,0.1,8,2,0,24355,18951877,31.9,-0.815,-0.816,-0.11,0.06,3,2,0,24355,18951877,30.6,-0.006,-0.007,-0.14,-0.19,4,2,0,24355,18951877,31.9,-0.002,-0.002,-0.02,0.32,11,2,0,24193,18951876,29.9,0.002,0.001,-0.1,0.04,5,2,0,24193,18951876,29.9,-0.826,-0.829,0.13,0.15,3,2,0,24193,18951876,30.6,-0.004,-0.006,-0.15,-0.01,4,2,0,24193,18951876,29.9,-0.81,-0.81,0.13,-0.11,4,2,0,24193,18951876,29.9
256,18927355144759,18927364556815,center_2,0.38007543200001237,19.906171,0.07543199171777815,9.412056,1.5323810002882965,2.635081000335049,0.17547607421875,24356,24194,0.0,-0.001,-0.02,-0.22,0,2,0,24356,18951897,30.6,-0.001,-0.002,0.13,0.12,14,2,0,24356,18951897,30.6,-0.805,-0.805,0.01,0.08,13,2,0,24356,18951897,31.9,-0.815,-0.816,-0.09,0.13,8,2,0,24356,18951897,30.6,-0.006,-0.007,0.1,-0.03,9,2,0,24356,18951897,31.9,-0.002,-0.002,0.04,-0.04,1,2,0,24194,18951896,29.9,0.002,0.001,0.03,0.13,10,2,0,24194,18951896,29.9,-0.826,-0.829,0.01,0.18,8,2,0,24194,18951896,30.6,-0.004,-0.006,-0.08,0.13,9,2,0,24194,18951896,29.9,-0.81,-0.811,0.03,-0.01,9,2,0,24194,18951896,29.9
257,18927375146070,18927384124124,center_2,0.400076647001697,19.567309,0.07664699296583422,8.978054,1.4820750002400018,2.52976500269142,0.17380714416503906,24357,24195,0.0,-0.001,0.08,0.24,5,2,0,24357,18951917,30.6,-0.001,-0.001,0.19,0.09,4,2,0,24357,18951917,30.6,-0.805,-0.805,0.11,-0.36,3,2,0,24357,18951917,31.9,-0.815,-0.816,0.13,-0.08,13,2,0,24357,18951917,30.6,-0.006,-0.007,-0.09,0.14,14,2,0,24357,18951917,31.9,-0.002,-0.002,0.07,0.09,6,2,0,24195,18951916,29.9,0.002,0.001,-0.1,-0.12,0,2,0,24195,18951916,29.9,-0.826,-0.829,-0.08,0.26,13,2,0,24195,18951916,30.6,-0.004,-0.006,-0.1,0.11,14,2,0,24195,18951916,29.9,-0.81,-0.811,-0.15,0.2,14,2,0,24195,18951916,29.9
258,18927395147476,18927404879417,center_2,0.4200755890014989,20.755293,0.075588992331177,9.731941,2.1390290021372493,3.2592019997537136,0.1761913299560547,24358,24196,0.0,-0.001,-0.03,-0.15,10,2,0,24358,18951937,30.6,-0.001,-0.001,0.07,0.01,9,2,0,24358,18951937,30.6,-0.805,-0.806,0.02,-0.36,8,2,0,24358,18951937,31.9,-0.815,-0.816,0.07,0.14,3,2,0,24358,18951937,30.6,-0.006,-0.007,-0.06,0.11,4,2,0,24358,18951937,31.9,-0.002,-0.002,-0.01,-0.03,11,2,0,24196,18951936,29.9,0.002,0.001,0.01,0.03,5,2,0,24196,18951936,29.9,-0.826,-0.829,-0.04,0.3,3,2,0,24196,18951936,30.6,-0.004,-0.006,0.03,0.27,4,2,0,24196,18951936,29.9,-0.81,-0.811,0.11,0.15,4,2,0,24196,18951936,29.9
259,18927415148979,18927424124441,center_2,0.4400770600004762,19.245024,0.0770599908719305,8.975462,1.5103330006240867,2.559013999416493,0.1742839813232422,24359,24197,0.0,-0.001,-0.04,0.21,0,2,0,24359,18951957,30.6,-0.001,-0.001,-0.07,0.08,14,2,0,24359,18951957,30.6,-0.805,-0.806,0.0,-0.04,13,2,0,24359,18951957,31.9,-0.815,-0.816,0.04,-0.06,8,2,0,24359,18951957,30.6,-0.006,-0.007,-0.01,0.17,9,2,0,24359,18951957,31.9,-0.002,-0.002,0.02,-0.06,1,2,0,24197,18951956,29.9,0.002,0.001,-0.07,-0.13,10,2,0,24197,18951956,29.9,-0.826,-0.829,-0.12,0.1,8,2,0,24197,18951956,30.6,-0.004,-0.006,-0.02,0.38,9,2,0,24197,18951956,29.9,-0.81,-0.811,0.1,0.05,9,2,0,24197,18951956,29.9
260,18927435156466,18927444650989,center_2,0.4600835230012308,20.526548,0.08352299118996598,9.494523,1.5776310028741136,2.6690349986893125,0.1742839813232422,24360,24198,0.0,-0.001,0.01,0.15,5,2,0,24360,18951977,30.6,-0.001,-0.001,-0.12,-0.38,4,2,0,24360,18951977,30.6,-0.805,-0.806,0.02,0.31,3,2,0,24360,18951977,31.9,-0.815,-0.815,0.08,0.01,13,2,0,24360,18951977,30.6,-0.006,-0.007,-0.13,-0.11,14,2,0,24360,18951977,31.9,-0.002,-0.002,0.02,-0.1,6,2,0,24198,18951976,29.9,0.002,0.001,0.0,-0.04,15,2,0,24198,18951976,29.9,-0.826,-0.829,0.12,0.39,13,2,0,24198,18951976,30.6,-0.004,-0.006,-0.25,0.15,14,2,0,24198,18951976,29.9,-0.81,-0.811,-0.02,0.04,14,2,0,24198,18951976,29.9
261,18927455148880,18927465195937,center_2,0.480078816999594,20.544948,0.07881698911660351,10.047057,2.1179409995966125,3.198176000296371,0.17595291137695312,24361,24199,0.0,-0.001,0.07,-0.13,10,2,0,24361,18951997,30.6,-0.001,-0.001,-0.15,-0.08,9,2,0,24361,18951997,30.6,-0.805,-0.805,0.02,0.01,7,2,0,24361,18951997,31.9,-0.815,-0.816,-0.16,-0.09,3,2,0,24361,18951997,31.3,-0.006,-0.007,0.01,0.01,4,2,0,24361,18951997,31.9,-0.002,-0.002,0.09,0.12,11,2,0,24199,18951996,29.9,0.002,0.001,-0.08,-0.02,5,2,0,24199,18951996,29.9,-0.826,-0.829,0.01,0.13,3,2,0,24199,18951996,30.6,-0.004,-0.006,-0.01,0.29,4,2,0,24199,18951996,29.9,-0.81,-0.81,0.07,0.25,4,2,0,24199,18951996,29.9
262,18927475149295,18927484379423,center_2,0.5000807680007711,19.183486,0.0807679898571223,9.230128,1.7683269979897887,2.853713998774765,0.1761913299560547,24362,24200,0.0,-0.001,0.0,0.15,0,2,0,24362,18952017,30.6,-0.001,-0.001,0.12,0.07,14,2,0,24362,18952017,30.6,-0.805,-0.805,0.08,-0.07,12,2,0,24362,18952017,31.9,-0.815,-0.815,0.03,0.02,8,2,0,24362,18952017,30.6,-0.006,-0.007,0.08,0.15,9,2,0,24362,18952017,31.9,-0.002,-0.002,0.05,0.08,1,2,0,24200,18952017,29.9,0.002,0.001,-0.07,0.09,11,2,0,24200,18952017,29.9,-0.826,-0.83,-0.19,0.21,9,2,0,24200,18952017,30.6,-0.004,-0.006,-0.03,0.02,10,2,0,24200,18952017,29.9,-0.81,-0.811,0.09,-0.04,10,2,0,24200,18952017,29.9
263,18927495147053,18927504603015,center_2,0.5200776940000651,20.223592,0.07769398871459998,9.455962,2.0151520002400503,3.1027160002849996,0.17380714416503906,24363,24201,0.0,-0.001,0.08,-0.01,5,2,0,24363,18952037,30.6,-0.001,-0.001,0.04,-0.05,4,2,0,24363,18952037,30.6,-0.805,-0.805,0.07,0.15,2,2,0,24363,18952037,31.9,-0.815,-0.815,0.02,-0.01,13,2,0,24363,18952037,31.3,-0.006,-0.007,-0.08,0.14,14,2,0,24363,18952037,31.9,-0.002,-0.002,0.03,0.29,5,2,0,24201,18952036,29.9,0.002,0.002,0.15,0.28,15,2,0,24201,18952036,29.9,-0.826,-0.829,0.0,0.06,13,2,0,24201,18952036,30.6,-0.004,-0.006,0.11,0.08,14,2,0,24201,18952036,29.9,-0.81,-0.811,-0.15,-0.01,14,2,0,24201,18952036,29.9
264,18927515165389,18927524603813,center_2,0.5400865570009046,20.000798,0.08655698911752552,9.438424,2.005168000323465,3.081115002714796,0.17595291137695312,24364,24202,0.0,-0.001,-0.04,0.19,10,2,0,24364,18952057,30.6,-0.001,-0.002,-0.18,0.04,9,2,0,24364,18952057,30.6,-0.805,-0.805,0.01,0.03,7,2,0,24364,18952057,31.9,-0.815,-0.816,-0.07,0.07,3,2,0,24364,18952057,30.6,-0.006,-0.007,-0.1,0.0,4,2,0,24364,18952057,31.9,-0.002,-0.002,0.01,-0.05,10,2,0,24202,18952056,29.9,0.002,0.001,-0.16,0.0,5,2,0,24202,18952056,29.9,-0.826,-0.829,0.14,0.04,3,2,0,24202,18952056,30.6,-0.004,-0.006,-0.07,0.01,4,2,0,24202,18952056,29.9,-0.81,-0.811,-0.03,-0.03,4,2,0,24202,18952056,29.9
265,18927535145770,18927544097776,center_2,0.5600763149996055,19.493963,0.07631498738192022,8.952006,1.5399980002257507,2.5836550012172665,0.17452239990234375,24365,24203,0.0,-0.001,-0.09,-0.01,0,2,0,24365,18952077,30.6,-0.001,-0.001,-0.07,-0.07,14,2,0,24365,18952077,30.6,-0.805,-0.806,0.03,-0.11,12,2,0,24365,18952077,31.9,-0.815,-0.815,0.02,0.05,8,2,0,24365,18952077,31.3,-0.006,-0.007,-0.01,0.05,9,2,0,24365,18952077,31.9,-0.002,-0.002,-0.18,0.11,0,2,0,24203,18952076,29.9,0.002,0.001,-0.04,0.15,10,2,0,24203,18952076,29.9,-0.826,-0.829,-0.03,0.25,8,2,0,24203,18952076,30.6,-0.004,-0.006,0.04,-0.09,9,2,0,24203,18952076,29.9,-0.81,-0.811,0.07,0.28,9,2,0,24203,18952076,29.9
266,18927555144745,18927564566561,center_2,0.5800758340010361,20.468785,0.07583398837596178,9.421816,1.5178210014710203,2.6136720007343683,0.17380714416503906,24366,24204,0.0,-0.001,0.02,0.27,5,2,0,24366,18952097,30.6,-0.001,-0.001,0.0,0.0,4,2,0,24366,18952097,30.6,-0.805,-0.805,-0.07,-0.03,2,2,0,24366,18952097,31.9,-0.815,-0.816,0.0,0.1,13,2,0,24366,18952097,30.6,-0.006,-0.007,-0.16,-0.08,14,2,0,24366,18952097,31.9,-0.002,-0.002,-0.05,0.11,5,2,0,24204,18952096,29.9,0.002,0.001,-0.05,-0.19,15,2,0,24204,18952096,29.9,-0.826,-0.829,-0.04,0.17,13,2,0,24204,18952096,30.6,-0.004,-0.006,-0.16,0.18,14,2,0,24204,18952096,29.9,-0.81,-0.811,0.06,-0.1,14,2,0,24204,18952096,29.9
267,18927575143111,18927584196657,center_2,0.6000739120026992,19.630096,0.07391198960249312,9.053546,1.5687030027038418,2.610824001749279,0.2110004425048828,24367,24205,0.0,-0.001,-0.18,-0.05,10,2,0,24367,18952117,30.6,-0.001,-0.001,-0.07,-0.06,9,2,0,24367,18952117,30.6,-0.805,-0.805,0.07,0.05,7,2,0,24367,18952117,31.9,-0.815,-0.815,0.01,-0.2,3,2,0,24367,18952117,30.6,-0.006,-0.007,-0.06,0.02,4,2,0,24367,18952117,31.9,-0.002,-0.002,0.08,-0.07,10,2,0,24205,18952116,29.9,0.002,0.001,0.05,0.02,5,2,0,24205,18952116,29.9,-0.826,-0.829,-0.04,0.22,3,2,0,24205,18952116,30.6,-0.004,-0.006,0.08,0.26,4,2,0,24205,18952116,29.9,-0.81,-0.81,-0.07,-0.08,4,2,0,24205,18952116,29.9
268,18927595145766,18927604716836,center_2,0.6200767590016767,20.520179,0.07675898814341053,9.57107,2.1615900004690047,3.2488010001543444,0.17309188842773438,24368,24206,0.0,-0.001,-0.05,-0.1,0,2,0,24368,18952137,30.6,-0.001,-0.001,0.09,0.06,14,2,0,24368,18952137,30.6,-0.805,-0.805,-0.02,0.12,12,2,0,24368,18952137,31.9,-0.815,-0.816,0.02,0.04,8,2,0,24368,18952137,30.6,-0.006,-0.007,0.02,-0.06,9,2,0,24368,18952137,31.9,-0.002,-0.002,-0.14,0.06,0,2,0,24206,18952136,29.9,0.002,0.001,0.02,-0.02,10,2,0,24206,18952136,29.9,-0.826,-0.829,0.04,0.17,8,2,0,24206,18952136,30.6,-0.004,-0.006,-0.09,0.28,9,2,0,24206,18952136,29.9,-0.81,-0.81,0.06,0.07,9,2,0,24206,18952136,29.9
269,18927615149669,18927625171765,center_2,0.6400797019996389,20.454929,0.07970198566908948,10.022096,2.0781310013262555,3.169053998135496,0.1747608184814453,24369,24207,0.0,-0.001,-0.11,0.14,5,2,0,24369,18952157,30.6,-0.001,-0.001,-0.08,0.29,4,2,0,24369,18952157,30.6,-0.805,-0.806,0.04,0.02,2,2,0,24369,18952157,31.9,-0.815,-0.816,-0.04,0.03,13,2,0,24369,18952157,30.6,-0.006,-0.007,0.07,0.14,14,2,0,24369,18952157,31.9,-0.002,-0.002,-0.01,-0.1,5,2,0,24207,18952156,29.9,0.002,0.001,-0.01,-0.06,0,2,0,24207,18952156,29.9,-0.826,-0.829,-0.13,0.27,13,2,0,24207,18952156,30.6,-0.004,-0.006,-0.05,0.08,14,2,0,24207,18952156,29.9,-0.81,-0.81,0.02,0.13,14,2,0,24207,18952156,29.9
270,18927635148708,18927645306265,center_2,0.6600780360022327,20.1345,0.07803598782629706,10.157557,2.2177200007718056,3.3121330016001593,0.17786026000976562,24370,24208,0.0,-0.001,0.02,0.0,10,2,0,24370,18952177,30.6,-0.001,-0.001,-0.09,0.03,9,2,0,24370,18952177,30.6,-0.805,-0.805,-0.05,-0.03,7,2,0,24370,18952177,31.9,-0.815,-0.815,0.05,0.03,3,2,0,24370,18952177,30.6,-0.006,-0.007,0.04,-0.01,4,2,0,24370,18952177,31.9,-0.002,-0.002,0.04,-0.17,11,2,0,24208,18952177,29.9,0.002,0.001,0.04,0.07,6,2,0,24208,18952177,29.9,-0.826,-0.829,0.03,0.21,4,2,0,24208,18952177,30.6,-0.004,-0.006,-0.02,0.0,5,2,0,24208,18952177,29.9,-0.81,-0.811,-0.21,-0.11,5,2,0,24208,18952177,29.9
271,18927655149602,18927664600796,center_2,0.6800776830023096,19.294531,0.07768298746668734,9.451194,1.496218999818666,2.5965839995478746,0.17571449279785156,24371,24209,0.0,-0.001,0.01,0.03,0,2,0,24371,18952197,30.6,-0.001,-0.001,0.05,0.0,14,2,0,24371,18952197,30.6,-0.805,-0.806,-0.03,0.12,12,2,0,24371,18952197,31.9,-0.815,-0.815,0.04,-0.06,8,2,0,24371,18952197,30.6,-0.006,-0.007,0.05,-0.1,9,2,0,24371,18952197,31.9,-0.002,-0.002,-0.09,0.19,1,2,0,24209,18952197,29.9,0.002,0.001,-0.07,-0.11,11,2,0,24209,18952197,29.9,-0.826,-0.829,0.03,0.11,9,2,0,24209,18952197,30.6,-0.004,-0.006,0.07,0.2,10,2,0,24209,18952197,29.9,-0.81,-0.811,0.0,-0.03,10,2,0,24209,18952197,29.9
272,18927675147137,18927684724223,center_2,0.7000772659994254,20.123427,0.07726598414592445,9.577086,2.083186998788733,3.1913269995129667,0.1742839813232422,24372,24210,0.0,-0.001,0.01,0.03,5,2,0,24372,18952217,30.6,-0.001,-0.001,-0.03,0.01,4,2,0,24372,18952217,30.6,-0.805,-0.806,-0.07,-0.16,2,2,0,24372,18952217,31.9,-0.815,-0.815,-0.04,0.02,13,2,0,24372,18952217,30.6,-0.006,-0.007,-0.07,-0.07,14,2,0,24372,18952217,31.9,-0.002,-0.002,0.07,0.11,5,2,0,24210,18952216,29.9,0.002,0.001,-0.02,0.09,15,2,0,24210,18952216,29.9,-0.826,-0.829,0.08,0.13,13,2,0,24210,18952216,30.6,-0.004,-0.006,-0.08,0.08,14,2,0,24210,18952216,29.9,-0.81,-0.811,0.08,0.04,14,2,0,24210,18952216,29.9
273,18927695147423,18927705293940,center_2,0.7200774560005812,20.569717,0.07745598486508243,10.146517,2.2103280025476124,3.302691999124363,0.1747608184814453,24373,24211,0.0,-0.001,-0.07,0.06,10,2,0,24373,18952237,30.6,-0.001,-0.001,0.01,0.01,9,2,0,24373,18952237,30.6,-0.805,-0.806,0.03,0.01,7,2,0,24373,18952237,31.9,-0.815,-0.816,-0.09,0.12,3,2,0,24373,18952237,31.3,-0.006,-0.007,0.2,0.02,4,2,0,24373,18952237,31.9,-0.002,-0.002,0.07,-0.08,10,2,0,24211,18952236,29.9,0.002,0.001,-0.21,-0.01,5,2,0,24211,18952236,29.9,-0.826,-0.829,0.04,0.24,3,2,0,24211,18952236,30.6,-0.004,-0.006,-0.04,-0.12,4,2,0,24211,18952236,29.9,-0.81,-0.811,0.11,-0.07,4,2,0,24211,18952236,29.9
274,18927715161182,18927725164334,center_2,0.7400876630017592,19.870394,0.0876629856065847,10.003152,2.0772669995494653,3.168351002386771,0.17690658569335938,24374,24212,0.0,-0.001,-0.07,0.13,0,2,0,24374,18952257,30.6,-0.001,-0.001,-0.08,0.14,14,2,0,24374,18952257,30.6,-0.805,-0.805,-0.04,0.01,12,2,0,24374,18952257,31.9,-0.815,-0.815,-0.06,0.09,8,2,0,24374,18952257,30.6,-0.006,-0.007,0.1,-0.15,9,2,0,24374,18952257,31.9,-0.002,-0.002,-0.11,0.03,1,2,0,24212,18952257,29.9,0.002,0.001,0.04,-0.07,11,2,0,24212,18952257,29.9,-0.826,-0.829,0.01,0.18,9,2,0,24212,18952257,30.6,-0.004,-0.006,0.05,0.02,10,2,0,24212,18952257,29.9,-0.81,-0.81,0.05,0.07,10,2,0,24212,18952257,29.9
275,18927735187678,18927745386421,sine_0.7hz,2.0810002752114087e-06,20.222087,0.0020810002752114087,10.198743,2.270362001581816,3.3211250010936055,0.17333030700683594,24375,24213,1.830543449456742e-07,-0.001,-0.05,-0.28,5,2,0,24375,18952277,30.6,-0.0009998169456550544,-0.001,0.03,-0.01,4,2,0,24375,18952277,30.6,-0.8049998169456551,-0.806,0.03,-0.04,2,2,0,24375,18952277,31.9,-0.814999816945655,-0.815,0.06,0.09,13,2,0,24375,18952277,30.6,-0.005999816945655054,-0.007,0.23,0.02,14,2,0,24375,18952277,31.9,-0.0019998169456550544,-0.002,0.04,-0.2,6,2,0,24213,18952277,29.9,0.0020001830543449456,0.001,-0.08,0.14,1,2,0,24213,18952277,29.9,-0.825999816945655,-0.829,-0.03,0.24,14,2,0,24213,18952277,30.6,-0.003999816945655054,-0.006,0.03,0.13,15,2,0,24213,18952277,29.9,-0.8099998169456551,-0.81,0.02,-0.01,15,2,0,24213,18952277,29.9
276,18927755233150,18927764667639,sine_0.7hz,0.020077345998288365,19.281218,0.07734599785180762,9.434489,1.4819790012552403,2.572358996985713,0.17380714416503906,24376,24214,0.0017638012327778757,0.0,-0.09,0.13,10,2,0,24376,18952297,30.6,0.0007638012327778757,-0.001,-0.07,0.06,9,2,0,24376,18952297,30.6,-0.8032361987672222,-0.805,0.08,0.16,7,2,0,24376,18952297,31.9,-0.8132361987672221,-0.815,0.12,0.05,3,2,0,24376,18952297,31.3,-0.004236198767222124,-0.007,0.08,0.07,4,2,0,24376,18952297,31.9,-0.00023619876722212434,-0.002,0.07,0.14,11,2,0,24214,18952297,29.9,0.0037638012327778757,0.002,-0.02,0.07,6,2,0,24214,18952297,29.9,-0.8242361987672221,-0.829,0.0,0.13,4,2,0,24214,18952297,30.6,-0.0022361987672221244,-0.006,-0.08,0.16,5,2,0,24214,18952297,29.9,-0.8082361987672222,-0.811,0.01,-0.17,5,2,0,24214,18952297,29.9
277,18927775228861,18927784283014,sine_0.7hz,0.04007395299777272,19.615375,0.07395299689960666,9.054153,1.5091480017872527,2.548709999246057,0.21696090698242188,24377,24215,0.0035068658268798563,-0.001,-0.02,0.12,0,2,0,24377,18952317,30.6,0.0025068658268798563,-0.001,0.0,-0.01,14,2,0,24377,18952317,30.6,-0.8014931341731202,-0.805,0.06,-0.17,12,2,0,24377,18952317,31.9,-0.8114931341731201,-0.815,0.0,-0.04,8,2,0,24377,18952317,30.6,-0.002493134173120144,-0.007,0.03,0.09,9,2,0,24377,18952317,31.9,0.0015068658268798563,-0.002,-0.13,0.01,0,2,0,24215,18952316,29.9,0.005506865826879856,0.002,0.08,0.0,10,2,0,24215,18952316,29.9,-0.8224931341731201,-0.829,0.05,0.21,7,2,0,24215,18952316,30.6,-0.0004931341731201438,-0.006,0.01,0.14,8,2,0,24215,18952316,29.9,-0.8064931341731202,-0.811,-0.05,0.17,9,2,0,24215,18952316,29.9
278,18927795230364,18927804292197,sine_0.7hz,0.060075039000366814,20.009183,0.07503899905714206,9.061833,1.5403500001411885,2.590887997939717,0.21576881408691406,24378,24216,0.005223202108762422,0.0,-0.01,0.19,5,2,0,24378,18952337,30.6,0.004223202108762422,-0.001,0.04,-0.04,4,2,0,24378,18952337,30.6,-0.7997767978912377,-0.805,-0.04,0.05,2,2,0,24378,18952337,31.9,-0.8097767978912376,-0.816,-0.08,-0.05,13,2,0,24378,18952337,30.6,-0.0007767978912375777,-0.007,-0.01,-0.05,14,2,0,24378,18952337,31.9,0.0032232021087624223,-0.002,0.06,0.03,5,2,0,24216,18952336,29.9,0.007223202108762422,0.001,-0.03,0.03,15,2,0,24216,18952336,29.9,-0.8207767978912376,-0.829,0.21,0.15,12,2,0,24216,18952336,30.6,0.0012232021087624223,-0.006,0.04,0.31,13,2,0,24216,18952336,29.9,-0.8047767978912377,-0.811,0.02,0.0,14,2,0,24216,18952336,29.9
279,18927815230362,18927824267395,sine_0.7hz,0.08007606200044393,19.975198,0.07606199869769625,9.037033,1.5274210018105805,2.5710469999467023,0.2129077911376953,24379,24217,0.006899138923435111,0.0,0.17,-0.06,10,2,0,24379,18952357,30.6,0.005899138923435111,0.0,0.11,-0.05,9,2,0,24379,18952357,30.6,-0.798100861076565,-0.805,0.0,0.08,7,2,0,24379,18952357,31.9,-0.8081008610765649,-0.814,0.11,0.15,3,2,0,24379,18952357,30.6,0.0008991389234351112,-0.005,0.18,0.1,4,2,0,24379,18952357,31.9,0.004899138923435111,-0.002,0.09,0.18,10,2,0,24217,18952356,29.9,0.00889913892343511,0.002,-0.1,0.21,5,2,0,24217,18952356,29.9,-0.8191008610765649,-0.828,0.14,0.26,2,2,0,24217,18952356,30.6,0.0028991389234351113,-0.004,-0.06,0.08,3,2,0,24217,18952356,29.9,-0.803100861076565,-0.809,0.04,0.21,4,2,0,24217,18952356,29.9
280,18927835232825,18927845802847,sine_0.7hz,0.10007849300018279,21.535452,0.07849299800000153,10.570022,2.6738029991975054,3.7193489988567308,0.17309188842773438,24380,24218,0.008521832797031944,0.001,0.01,0.0,15,2,0,24380,18952377,30.6,0.007521832797031944,0.001,0.2,0.12,14,2,0,24380,18952377,30.6,-0.7964781672029682,-0.804,0.07,0.04,12,2,0,24380,18952377,31.9,-0.806478167202968,-0.814,0.06,0.24,8,2,0,24380,18952377,30.6,0.002521832797031944,-0.004,0.06,0.27,9,2,0,24380,18952377,31.9,0.006521832797031944,0.0,0.29,0.34,15,2,0,24218,18952376,29.9,0.010521832797031944,0.003,0.01,0.07,10,2,0,24218,18952376,29.9,-0.8174781672029681,-0.826,0.17,0.05,7,2,0,24218,18952376,30.6,0.004521832797031944,-0.003,0.1,0.11,8,2,0,24218,18952376,29.9,-0.8014781672029682,-0.808,-0.11,0.47,9,2,0,24218,18952376,29.9
281,18927855231959,18927864982845,sine_0.7hz,0.1200743949993921,19.179998,0.07439499677275307,9.750886,1.8247129992232658,2.9159240002627485,0.17762184143066406,24381,24219,0.010078117117059596,0.005,0.22,-0.04,6,2,0,24381,18952398,30.6,0.009078117117059595,0.002,0.05,0.24,5,2,0,24381,18952398,30.6,-0.7949218828829404,-0.802,0.0,0.09,3,2,0,24381,18952398,31.9,-0.8049218828829403,-0.813,0.09,0.22,14,2,0,24381,18952398,31.3,0.0040781171170595956,-0.004,0.06,0.28,15,2,0,24381,18952398,31.9,0.008078117117059596,0.001,0.12,0.18,6,2,0,24219,18952397,29.9,0.012078117117059596,0.006,0.07,0.11,0,2,0,24219,18952397,29.9,-0.8159218828829403,-0.825,-0.04,0.16,13,2,0,24219,18952397,30.6,0.006078117117059596,-0.002,0.08,0.14,14,2,0,24219,18952397,29.9,-0.7999218828829404,-0.806,0.21,0.16,0,2,0,24219,18952397,29.9
282,18927875233334,18927884223901,sine_0.7hz,0.14008060199921601,19.241056,0.08060199616011232,8.990567,1.4863629985484295,2.536485997552518,0.2143383026123047,24382,24220,0.011557241287474332,0.006,-0.11,0.04,10,2,0,24382,18952417,30.6,0.010557241287474331,0.002,-0.02,0.13,9,2,0,24382,18952417,30.6,-0.7934427587125257,-0.8,0.1,0.0,7,2,0,24382,18952417,31.9,-0.8034427587125256,-0.811,0.01,0.11,2,2,0,24382,18952417,30.6,0.005557241287474332,-0.002,0.11,0.26,4,2,0,24382,18952417,31.9,0.009557241287474332,0.002,0.0,0.13,11,2,0,24220,18952417,29.9,0.013557241287474332,0.007,0.08,0.15,5,2,0,24220,18952417,29.9,-0.8144427587125256,-0.822,0.12,0.35,3,2,0,24220,18952417,30.6,0.007557241287474332,0.001,0.04,-0.06,4,2,0,24220,18952417,29.9,-0.7984427587125257,-0.805,0.07,-0.18,5,2,0,24220,18952417,29.9
283,18927895230101,18927904251773,sine_0.7hz,0.1600752560007095,20.027872,0.07525599721702747,9.021672,1.55059000098845,2.606056001241086,0.21314620971679688,24383,24221,0.012946165787808663,0.007,0.07,-0.07,15,2,0,24383,18952437,30.6,0.011946165787808664,0.003,-0.05,0.24,14,2,0,24383,18952437,30.6,-0.7920538342121913,-0.8,0.02,0.31,12,2,0,24383,18952437,31.9,-0.8020538342121912,-0.81,0.11,0.27,7,2,0,24383,18952437,30.6,0.006946165787808663,-0.001,0.21,0.0,9,2,0,24383,18952437,31.9,0.010946165787808663,0.003,0.26,0.22,15,2,0,24221,18952436,29.9,0.014946165787808663,0.007,-0.01,0.16,9,2,0,24221,18952436,29.9,-0.8130538342121912,-0.821,-0.1,0.34,7,2,0,24221,18952436,30.6,0.008946165787808663,0.002,0.03,0.06,8,2,0,24221,18952436,29.9,-0.7970538342121913,-0.803,0.13,-0.22,9,2,0,24221,18952436,29.9
284,18927915240116,18927925081917,sine_0.7hz,0.18008463099977234,20.830144,0.08463099584332667,9.841801,1.8921709997812286,2.9832559994247276,0.1728534698486328,24384,24222,0.01423594345808952,0.01,0.12,0.23,5,2,0,24384,18952457,30.6,0.013235943458089521,0.006,-0.02,0.26,4,2,0,24384,18952457,30.6,-0.7907640565419105,-0.798,-0.03,0.29,2,2,0,24384,18952457,31.9,-0.8007640565419104,-0.809,-0.02,0.24,12,2,0,24384,18952457,30.6,0.00823594345808952,0.0,0.06,-0.12,14,2,0,24384,18952457,31.9,0.01223594345808952,0.005,0.07,0.19,5,2,0,24222,18952456,29.9,0.01623594345808952,0.008,0.23,0.19,14,2,0,24222,18952456,29.9,-0.8117640565419104,-0.821,0.1,0.52,12,2,0,24222,18952456,30.6,0.01023594345808952,0.003,0.22,0.23,13,2,0,24222,18952456,29.9,-0.7957640565419105,-0.802,0.08,0.08,14,2,0,24222,18952456,29.9
285,18927935463451,18927945230625,sine_0.7hz,0.20029350199911278,20.148708,0.29350199474720284,9.767174,1.8555620008555707,2.9582940005639102,0.17881393432617188,24385,24223,0.01542670888621427,0.01,0.07,0.13,10,2,0,24385,18952477,30.6,0.014426708886214269,0.007,0.15,0.17,9,2,0,24385,18952477,30.6,-0.7895732911137858,-0.797,0.16,0.15,7,2,0,24385,18952477,31.9,-0.7995732911137857,-0.807,0.03,0.3,2,2,0,24385,18952477,30.6,0.00942670888621427,0.004,0.08,0.02,4,2,0,24385,18952477,31.9,0.01342670888621427,0.006,0.19,0.25,11,2,0,24223,18952477,29.9,0.017426708886214268,0.009,0.0,0.09,5,2,0,24223,18952477,29.9,-0.8105732911137857,-0.82,-0.07,0.4,3,2,0,24223,18952477,30.6,0.01142670888621427,0.005,-0.01,0.18,4,2,0,24223,18952477,29.9,-0.7945732911137858,-0.8,-0.06,0.03,5,2,0,24223,18952477,29.9
286,18927955249009,18927964929236,sine_0.7hz,0.22008696500051883,19.698611,0.08696499571669847,9.680227,2.115445000526961,3.2006399997044355,0.1747608184814453,24386,24224,0.016474990264891985,0.012,0.05,0.17,1,2,0,24386,18952498,30.6,0.015474990264891984,0.009,0.21,0.06,15,2,0,24386,18952498,30.6,-0.7885250097351081,-0.795,0.13,0.06,13,2,0,24386,18952498,31.9,-0.798525009735108,-0.805,0.19,0.29,8,2,0,24386,18952498,30.6,0.010474990264891985,0.005,-0.03,0.17,10,2,0,24386,18952498,31.9,0.014474990264891985,0.008,-0.04,0.29,1,2,0,24224,18952497,29.9,0.018474990264891987,0.011,0.02,0.18,10,2,0,24224,18952497,29.9,-0.809525009735108,-0.819,-0.06,0.12,8,2,0,24224,18952497,30.6,0.012474990264891985,0.006,0.03,0.0,9,2,0,24224,18952497,29.9,-0.7935250097351081,-0.799,0.08,0.18,10,2,0,24224,18952497,29.9
287,18927975238159,18927984734891,sine_0.7hz,0.24008398699879763,19.805655,0.08398699355893768,9.496732,2.0607539991033264,3.146365997963585,0.17523765563964844,24387,24225,0.01740731411751791,0.012,0.12,-0.01,5,2,0,24387,18952517,30.6,0.016407314117517908,0.012,-0.02,-0.01,4,2,0,24387,18952517,30.6,-0.7875926858824821,-0.794,0.16,0.07,2,2,0,24387,18952517,31.9,-0.797592685882482,-0.804,0.08,0.07,12,2,0,24387,18952517,30.6,0.011407314117517909,0.006,0.14,0.2,14,2,0,24387,18952517,31.9,0.015407314117517909,0.008,0.04,0.27,6,2,0,24225,18952517,29.9,0.019407314117517907,0.012,-0.04,0.16,15,2,0,24225,18952517,29.9,-0.808592685882482,-0.818,0.03,0.39,13,2,0,24225,18952517,30.6,0.013407314117517909,0.007,0.05,0.23,14,2,0,24225,18952517,29.9,-0.7925926858824821,-0.799,0.09,0.34,15,2,0,24225,18952517,29.9
288,18927995238350,18928004223957,sine_0.7hz,0.2600834099976055,19.489066,0.0834099919302389,8.985607,1.5579179998894688,2.5997189986810554,0.20694732666015625,24388,24226,0.01820515851487634,0.014,0.24,0.0,10,2,0,24388,18952537,30.6,0.017205158514876338,0.012,0.05,0.09,9,2,0,24388,18952537,30.6,-0.7867948414851237,-0.792,0.13,0.24,7,2,0,24388,18952537,31.9,-0.7967948414851236,-0.803,-0.02,0.0,2,2,0,24388,18952537,30.6,0.012205158514876338,0.007,0.04,0.09,4,2,0,24388,18952537,31.9,0.01620515851487634,0.009,0.1,0.43,10,2,0,24226,18952536,29.9,0.020205158514876337,0.014,0.06,0.13,4,2,0,24226,18952536,29.9,-0.8077948414851236,-0.816,0.01,0.33,2,2,0,24226,18952536,30.6,0.014205158514876338,0.01,0.09,0.04,3,2,0,24226,18952536,29.9,-0.7917948414851237,-0.797,0.02,0.08,4,2,0,24226,18952536,29.9
289,18928015239437,18928024830604,sine_0.7hz,0.2800838240000303,20.606647,0.08382399391848594,9.591167,2.131732999259839,3.2078080002975184,0.17404556274414062,24389,24227,0.018862263495669076,0.015,-0.09,0.08,15,2,0,24389,18952557,30.6,0.017862263495669075,0.013,0.07,0.12,14,2,0,24389,18952557,30.6,-0.7861377365043309,-0.792,0.13,0.11,12,2,0,24389,18952557,31.9,-0.7961377365043308,-0.802,0.11,0.16,7,2,0,24389,18952557,30.6,0.012862263495669076,0.008,0.1,0.16,9,2,0,24389,18952557,31.9,0.016862263495669078,0.01,0.05,0.37,15,2,0,24227,18952556,29.9,0.020862263495669074,0.016,0.07,0.1,9,2,0,24227,18952556,29.9,-0.8071377365043308,-0.814,0.17,0.13,7,2,0,24227,18952556,30.6,0.014862263495669076,0.011,0.15,0.18,8,2,0,24227,18952556,29.9,-0.791137736504331,-0.796,0.16,0.1,9,2,0,24227,18952556,29.9
290,18928035237611,18928044216146,sine_0.7hz,0.3000835989987536,19.385542,0.08359899220522493,8.978535,1.5710070001659915,2.6127439996344037,0.20885467529296875,24390,24228,0.019373490716820877,0.016,-0.01,0.03,5,2,0,24390,18952577,30.6,0.018373490716820876,0.013,0.08,0.09,4,2,0,24390,18952577,30.6,-0.7856265092831791,-0.79,-0.06,0.16,2,2,0,24390,18952577,31.9,-0.795626509283179,-0.801,0.05,0.14,12,2,0,24390,18952577,30.6,0.013373490716820877,0.008,-0.09,0.08,14,2,0,24390,18952577,31.9,0.01737349071682088,0.011,0.06,0.23,5,2,0,24228,18952576,29.9,0.021373490716820875,0.017,-0.05,0.03,14,2,0,24228,18952576,29.9,-0.806626509283179,-0.812,0.14,0.2,12,2,0,24228,18952576,30.6,0.015373490716820877,0.011,0.14,0.15,13,2,0,24228,18952576,29.9,-0.7906265092831791,-0.795,0.15,0.1,14,2,0,24228,18952576,29.9
291,18928055239050,18928064829641,sine_0.7hz,0.3200827649998246,20.613495,0.08276499283965677,9.590591,2.1619420003844425,3.2352970010833815,0.17261505126953125,24391,24229,0.019734901638603114,0.017,-0.07,0.02,10,2,0,24391,18952597,30.6,0.018734901638603113,0.014,0.09,0.12,9,2,0,24391,18952597,30.6,-0.7852650983613969,-0.789,0.18,0.21,7,2,0,24391,18952597,31.9,-0.7952650983613968,-0.8,0.12,0.15,2,2,0,24391,18952597,30.6,0.013734901638603114,0.009,0.08,0.33,4,2,0,24391,18952597,31.9,0.017734901638603112,0.012,0.06,0.1,10,2,0,24229,18952596,29.9,0.021734901638603116,0.018,0.1,0.25,4,2,0,24229,18952596,29.9,-0.8062650983613968,-0.812,0.0,0.41,2,2,0,24229,18952596,30.6,0.015734901638603114,0.012,0.0,-0.01,3,2,0,24229,18952596,29.9,-0.7902650983613969,-0.794,-0.07,0.07,4,2,0,24229,18952596,29.9
292,18928075240808,18928084137068,sine_0.7hz,0.3400850359976175,19.307427,0.08503599019604735,8.89626,1.5168279969657306,2.554470000177389,0.20122528076171875,24392,24230,0.019943740066688632,0.017,-0.02,0.04,15,2,0,24392,18952617,30.6,0.01894374006668863,0.014,0.02,0.35,14,2,0,24392,18952617,30.6,-0.7850562599333114,-0.789,-0.01,0.0,12,2,0,24392,18952617,31.9,-0.7950562599333113,-0.8,-0.03,0.22,7,2,0,24392,18952617,30.6,0.013943740066688632,0.01,0.01,0.22,9,2,0,24392,18952617,31.9,0.017943740066688633,0.014,0.14,-0.03,0,2,0,24230,18952616,29.9,0.02194374006668863,0.018,0.07,0.29,9,2,0,24230,18952616,29.9,-0.8060562599333113,-0.812,-0.06,0.3,7,2,0,24230,18952616,30.6,0.01594374006668863,0.012,-0.09,0.16,8,2,0,24230,18952616,29.9,-0.7900562599333114,-0.794,0.03,0.15,9,2,0,24230,18952616,29.9
293,18928095235783,18928104220558,sine_0.7hz,0.36008250699887867,20.08349,0.08250699102063663,8.984775,1.5448939993802924,2.5924239998857956,0.21004676818847656,24393,24231,0.01999832836684816,0.017,-0.24,0.17,5,2,0,24393,18952637,30.6,0.018998328366848158,0.014,-0.06,0.12,4,2,0,24393,18952637,30.6,-0.7850016716331519,-0.787,0.03,0.14,2,2,0,24393,18952637,31.9,-0.7950016716331518,-0.8,-0.07,0.29,12,2,0,24393,18952637,30.6,0.013998328366848159,0.01,0.0,0.33,14,2,0,24393,18952637,31.9,0.017998328366848157,0.014,-0.05,-0.06,5,2,0,24231,18952636,29.9,0.02199832836684816,0.018,-0.04,0.35,14,2,0,24231,18952636,29.9,-0.8060016716331518,-0.812,-0.03,0.22,12,2,0,24231,18952636,30.6,0.01599832836684816,0.013,0.04,0.13,13,2,0,24231,18952636,29.9,-0.7900016716331519,-0.793,0.03,0.09,14,2,0,24231,18952636,29.9
294,18928115234917,18928124787939,sine_0.7hz,0.3800816410002881,20.567381,0.0816409919934813,9.553022,2.1099410005263053,3.1910399993648753,0.17333030700683594,24394,24232,0.019898298307388224,0.018,-0.04,0.05,10,2,0,24394,18952657,30.6,0.018898298307388223,0.014,-0.1,0.14,9,2,0,24394,18952657,30.6,-0.7851017016926118,-0.786,-0.01,0.07,7,2,0,24394,18952657,31.9,-0.7951017016926117,-0.799,-0.01,0.16,2,2,0,24394,18952657,30.6,0.013898298307388224,0.011,0.18,0.28,3,2,0,24394,18952657,31.9,0.017898298307388226,0.015,-0.07,0.17,10,2,0,24232,18952656,29.9,0.021898298307388223,0.019,-0.07,0.29,4,2,0,24232,18952656,29.9,-0.8061017016926117,-0.811,0.06,0.33,2,2,0,24232,18952656,30.6,0.015898298307388224,0.014,-0.05,-0.1,3,2,0,24232,18952656,29.9,-0.7901017016926118,-0.793,0.01,0.18,3,2,0,24232,18952656,29.9
295,18928135240228,18928144918567,sine_0.7hz,0.40008557599867345,20.130628,0.0855759899422992,9.678339,2.2360250004567206,3.320163999887882,0.1728534698486328,24395,24233,0.019644333080606063,0.018,0.12,0.11,15,2,0,24395,18952677,30.6,0.018644333080606063,0.015,0.02,0.26,14,2,0,24395,18952677,30.6,-0.785355666919394,-0.786,0.15,0.02,12,2,0,24395,18952677,31.9,-0.7953556669193939,-0.799,0.01,0.11,7,2,0,24395,18952677,30.6,0.013644333080606063,0.011,-0.03,0.06,8,2,0,24395,18952677,31.9,0.01764433308060606,0.015,-0.08,0.13,0,2,0,24233,18952676,29.9,0.021644333080606065,0.019,0.05,-0.02,9,2,0,24233,18952676,29.9,-0.8063556669193939,-0.811,0.0,0.38,7,2,0,24233,18952676,30.6,0.015644333080606063,0.014,-0.07,0.15,8,2,0,24233,18952676,29.9,-0.790355666919394,-0.793,0.09,0.16,8,2,0,24233,18952676,29.9
296,18928155238115,18928164790560,sine_0.7hz,0.4200846139974601,19.871993,0.08461398829240352,9.552445,2.1398620010586455,3.2183689982048236,0.1735687255859375,24396,24234,0.019238520508318483,0.018,0.16,0.16,5,2,0,24396,18952697,30.6,0.018238520508318482,0.015,-0.08,0.13,3,2,0,24396,18952697,30.6,-0.7857614794916815,-0.785,0.02,-0.11,2,2,0,24396,18952697,31.9,-0.7957614794916814,-0.798,0.08,0.08,12,2,0,24396,18952697,30.6,0.013238520508318483,0.011,0.01,0.01,13,2,0,24396,18952697,31.9,0.017238520508318485,0.015,0.03,0.18,6,2,0,24234,18952697,29.9,0.02123852050831848,0.019,0.14,0.21,15,2,0,24234,18952697,29.9,-0.8067614794916814,-0.811,0.01,0.31,13,2,0,24234,18952697,30.6,0.015238520508318483,0.014,0.04,-0.05,14,2,0,24234,18952697,29.9,-0.7907614794916815,-0.793,-0.02,0.15,14,2,0,24234,18952697,29.9
297,18928175240033,18928184792639,sine_0.7hz,0.44008486899838317,20.002079,0.0848689887789078,9.552606,2.051154002401745,3.127453001070535,0.1742839813232422,24397,24235,0.018683916766242526,0.018,-0.07,0.15,10,2,0,24397,18952717,30.6,0.017683916766242525,0.015,0.11,0.25,8,2,0,24397,18952717,30.6,-0.7863160832337576,-0.785,0.0,-0.15,7,2,0,24397,18952717,31.9,-0.7963160832337575,-0.798,0.16,0.15,2,2,0,24397,18952717,30.6,0.012683916766242526,0.011,-0.1,0.08,3,2,0,24397,18952717,31.9,0.016683916766242528,0.015,0.03,0.07,10,2,0,24235,18952716,29.9,0.020683916766242524,0.019,-0.05,0.21,4,2,0,24235,18952716,29.9,-0.8073160832337575,-0.811,0.03,0.31,2,2,0,24235,18952716,30.6,0.014683916766242526,0.014,-0.05,-0.15,3,2,0,24235,18952716,29.9,-0.7913160832337576,-0.793,0.1,0.12,3,2,0,24235,18952716,29.9
298,18928195239264,18928205070665,sine_0.7hz,0.46008425999752944,20.278026,0.08425998748862185,9.831401,2.394783001363976,3.4706350015767384,0.1728534698486328,24398,24236,0.01798486393933346,0.018,-0.03,0.08,15,2,0,24398,18952737,30.6,0.016984863939333458,0.015,-0.1,0.2,13,2,0,24398,18952737,30.6,-0.7870151360606666,-0.785,0.03,-0.01,12,2,0,24398,18952737,31.9,-0.7970151360606665,-0.798,0.06,0.15,7,2,0,24398,18952737,30.6,0.011984863939333458,0.012,-0.04,-0.03,8,2,0,24398,18952737,31.9,0.01598486393933346,0.015,-0.08,0.11,0,2,0,24236,18952736,29.9,0.019984863939333457,0.018,-0.02,0.17,9,2,0,24236,18952736,29.9,-0.8080151360606666,-0.811,-0.04,0.21,7,2,0,24236,18952736,30.6,0.013984863939333458,0.014,-0.06,-0.01,8,2,0,24236,18952736,29.9,-0.7920151360606666,-0.793,0.0,-0.02,8,2,0,24236,18952736,29.9
299,18928215237791,18928224722425,sine_0.7hz,0.48008339399893885,19.65176,0.0833939884614665,9.484634,2.0798910009034444,3.1579180031258147,0.1728534698486328,24399,24237,0.01714675818630211,0.018,-0.04,0.16,4,2,0,24399,18952757,30.6,0.01614675818630211,0.015,-0.08,0.24,3,2,0,24399,18952757,30.6,-0.787853241813698,-0.786,0.09,-0.1,2,2,0,24399,18952757,31.9,-0.7978532418136979,-0.798,0.1,0.31,12,2,0,24399,18952757,31.3,0.01114675818630211,0.012,0.04,-0.2,13,2,0,24399,18952757,31.9,0.01514675818630211,0.015,-0.1,0.08,6,2,0,24237,18952757,29.9,0.019146758186302112,0.019,-0.01,-0.02,15,2,0,24237,18952757,29.9,-0.8088532418136979,-0.811,-0.09,0.13,13,2,0,24237,18952757,30.6,0.01314675818630211,0.014,-0.02,0.06,14,2,0,24237,18952757,29.9,-0.792853241813698,-0.793,-0.11,0.08,14,2,0,24237,18952757,29.9
300,18928235238461,18928244824060,sine_0.7hz,0.5000852489974932,20.101635,0.08524898657924496,9.585599,2.1629029979521874,3.243970000767149,0.17452239990234375,24400,24238,0.01617593101126229,0.018,-0.05,-0.01,9,2,0,24400,18952777,30.6,0.01517593101126229,0.015,-0.1,0.21,8,2,0,24400,18952777,30.6,-0.7888240689887378,-0.786,-0.11,-0.11,7,2,0,24400,18952777,31.9,-0.7988240689887377,-0.798,0.04,0.3,2,2,0,24400,18952777,30.6,0.01017593101126229,0.012,-0.05,-0.13,3,2,0,24400,18952777,31.9,0.01417593101126229,0.015,0.04,0.18,10,2,0,24238,18952776,29.9,0.01817593101126229,0.018,0.02,0.1,4,2,0,24238,18952776,29.9,-0.8098240689887377,-0.811,-0.05,0.23,2,2,0,24238,18952776,30.6,0.01217593101126229,0.014,-0.04,-0.14,3,2,0,24238,18952776,29.9,-0.7938240689887378,-0.793,0.01,0.08,3,2,0,24238,18952776,29.9
301,18928255240028,18928264839579,sine_0.7hz,0.5200831669972104,20.015519,0.0831669858598616,9.599551,2.1617179991153535,3.253696999308886,0.17261505126953125,24401,24239,0.015080223187626734,0.018,0.15,-0.01,14,2,0,24401,18952797,30.6,0.014080223187626733,0.015,0.06,0.22,13,2,0,24401,18952797,30.6,-0.7899197768123734,-0.786,0.05,-0.21,12,2,0,24401,18952797,31.9,-0.7999197768123733,-0.798,0.04,0.05,7,2,0,24401,18952797,30.6,0.009080223187626734,0.012,-0.07,0.0,8,2,0,24401,18952797,31.9,0.013080223187626734,0.015,0.0,0.02,0,2,0,24239,18952796,29.9,0.017080223187626732,0.018,0.01,0.28,9,2,0,24239,18952796,29.9,-0.8109197768123733,-0.811,0.13,0.24,7,2,0,24239,18952796,30.6,0.011080223187626734,0.013,-0.04,0.06,8,2,0,24239,18952796,29.9,-0.7949197768123734,-0.793,-0.08,-0.09,8,2,0,24239,18952796,29.9
302,18928275239642,18928284734198,sine_0.7hz,0.5400859500005026,19.894619,0.08594998871558346,9.494556,2.0789310001418926,3.1604139985574875,0.17333030700683594,24402,24240,0.01386761918773442,0.017,-0.09,-0.16,4,2,0,24402,18952817,30.6,0.012867619187734419,0.014,0.01,0.04,3,2,0,24402,18952817,30.6,-0.7911323808122657,-0.787,0.02,-0.06,2,2,0,24402,18952817,31.9,-0.8011323808122656,-0.799,-0.12,0.25,12,2,0,24402,18952817,30.6,0.00786761918773442,0.012,0.05,-0.31,13,2,0,24402,18952817,31.9,0.01186761918773442,0.014,0.0,-0.06,5,2,0,24240,18952816,29.9,0.015867619187734418,0.018,-0.1,-0.23,14,2,0,24240,18952816,29.9,-0.8121323808122656,-0.812,0.01,0.15,12,2,0,24240,18952816,30.6,0.00986761918773442,0.014,0.01,-0.28,13,2,0,24240,18952816,29.9,-0.7961323808122657,-0.793,-0.13,-0.16,13,2,0,24240,18952816,29.9
303,18928295237113,18928304923132,sine_0.7hz,0.5600844449982105,20.188934,0.08444498598692007,9.686019,2.217944998847088,3.2902429993555415,0.17309188842773438,24403,24241,0.012548043809761584,0.017,-0.06,-0.02,9,2,0,24403,18952837,30.6,0.011548043809761585,0.014,-0.13,0.07,8,2,0,24403,18952837,30.6,-0.7924519561902384,-0.787,0.01,-0.23,7,2,0,24403,18952837,31.9,-0.8024519561902383,-0.8,0.04,0.09,2,2,0,24403,18952837,30.6,0.006548043809761584,0.011,-0.07,-0.11,3,2,0,24403,18952837,31.9,0.010548043809761584,0.014,-0.06,-0.01,10,2,0,24241,18952836,29.9,0.014548043809761584,0.018,0.0,0.06,4,2,0,24241,18952836,29.9,-0.8134519561902384,-0.812,0.15,-0.02,2,2,0,24241,18952836,30.6,0.008548043809761584,0.013,0.18,-0.24,3,2,0,24241,18952836,29.9,-0.7974519561902385,-0.794,-0.09,0.06,3,2,0,24241,18952836,29.9
304,18928315238456,18928324255104,sine_0.7hz,0.5800846349993662,19.331972,0.08463498670607805,9.016648,1.6470420014229603,2.6816110002982896,0.2071857452392578,24404,24242,0.011131327868660053,0.017,0.14,-0.08,14,2,0,24404,18952857,30.6,0.010131327868660053,0.013,0.06,-0.05,13,2,0,24404,18952857,30.6,-0.79386867213134,-0.787,-0.09,-0.16,12,2,0,24404,18952857,31.9,-0.80386867213134,-0.8,-0.14,0.12,7,2,0,24404,18952857,30.6,0.005131327868660053,0.01,-0.17,-0.2,8,2,0,24404,18952857,31.9,0.009131327868660053,0.014,0.0,-0.2,1,2,0,24242,18952857,29.9,0.013131327868660054,0.017,0.07,0.08,10,2,0,24242,18952857,29.9,-0.81486867213134,-0.812,-0.01,0.17,8,2,0,24242,18952857,30.6,0.007131327868660053,0.012,-0.17,-0.18,9,2,0,24242,18952857,29.9,-0.79886867213134,-0.794,-0.05,-0.37,9,2,0,24242,18952857,29.9
305,18928335238038,18928344274239,sine_0.7hz,0.600084377998428,20.019135,0.08437798533122987,9.036201,1.6414740020991303,2.675082996574929,0.2110004425048828,24405,24243,0.009628568628296011,0.016,0.08,-0.19,4,2,0,24405,18952877,30.6,0.008628568628296012,0.012,-0.13,0.0,3,2,0,24405,18952877,30.6,-0.7953714313717041,-0.789,0.06,-0.06,2,2,0,24405,18952877,31.9,-0.805371431371704,-0.801,-0.04,0.01,12,2,0,24405,18952877,30.6,0.003628568628296011,0.009,-0.15,-0.14,13,2,0,24405,18952877,31.9,0.007628568628296011,0.013,-0.11,-0.04,5,2,0,24243,18952876,29.9,0.011628568628296011,0.017,0.02,-0.14,14,2,0,24243,18952876,29.9,-0.816371431371704,-0.812,0.05,-0.31,12,2,0,24243,18952876,30.6,0.005628568628296011,0.012,0.1,-0.16,13,2,0,24243,18952876,29.9,-0.8003714313717041,-0.794,0.09,-0.14,13,2,0,24243,18952876,29.9
306,18928355236629,18928364102711,sine_0.7hz,0.6200829679983144,19.828472,0.08296798478113487,8.866082,1.493051997385919,2.5324529997305945,0.171661376953125,24406,24244,0.008051448522394925,0.015,0.03,-0.32,9,2,0,24406,18952897,30.6,0.007051448522394925,0.012,-0.12,-0.16,8,2,0,24406,18952897,30.6,-0.7969485514776051,-0.79,-0.11,-0.27,7,2,0,24406,18952897,31.9,-0.806948551477605,-0.802,-0.18,-0.09,2,2,0,24406,18952897,30.6,0.002051448522394925,0.007,0.08,-0.15,3,2,0,24406,18952897,31.9,0.006051448522394925,0.012,-0.12,-0.12,9,2,0,24244,18952896,29.9,0.010051448522394925,0.016,-0.08,-0.15,4,2,0,24244,18952896,29.9,-0.817948551477605,-0.813,-0.06,-0.4,2,2,0,24244,18952896,30.6,0.004051448522394925,0.01,-0.01,-0.25,3,2,0,24244,18952896,29.9,-0.8019485514776051,-0.796,-0.22,-0.18,3,2,0,24244,18952896,29.9
307,18928375235507,18928384126390,sine_0.7hz,0.6400820389972068,20.023679,0.08203898323699832,8.890883,1.5059479992487468,2.54570100150886,0.2071857452392578,24407,24245,0.006412037017847704,0.014,-0.13,-0.16,14,2,0,24407,18952917,30.6,0.005412037017847704,0.012,-0.07,-0.04,13,2,0,24407,18952917,30.6,-0.7985879629821524,-0.792,-0.24,0.03,12,2,0,24407,18952917,31.9,-0.8085879629821523,-0.803,-0.07,-0.21,7,2,0,24407,18952917,30.6,0.00041203701784770386,0.006,-0.03,-0.36,8,2,0,24407,18952917,31.9,0.004412037017847704,0.011,-0.16,-0.03,14,2,0,24245,18952916,29.9,0.008412037017847703,0.015,0.06,-0.14,9,2,0,24245,18952916,29.9,-0.8195879629821523,-0.814,-0.08,-0.03,7,2,0,24245,18952916,30.6,0.002412037017847704,0.009,-0.08,-0.18,8,2,0,24245,18952916,29.9,-0.8035879629821524,-0.797,-0.11,0.0,8,2,0,24245,18952916,29.9
308,18928395244210,18928404552358,sine_0.7hz,0.6600848220004991,20.425968,0.08482198609272018,9.308148,1.811624999390915,2.8981959985685535,0.17404556274414062,24408,24246,0.004722729943708161,0.012,-0.06,-0.21,4,2,0,24408,18952937,30.6,0.0037227299437081612,0.01,-0.13,-0.18,3,2,0,24408,18952937,30.6,-0.8002772700562919,-0.795,-0.12,-0.04,1,2,0,24408,18952937,31.9,-0.8102772700562918,-0.804,-0.03,-0.16,12,2,0,24408,18952937,30.6,-0.0012772700562918389,0.005,-0.13,-0.19,13,2,0,24408,18952937,31.9,0.0027227299437081612,0.008,-0.17,-0.13,4,2,0,24246,18952936,29.9,0.006722729943708161,0.014,-0.09,-0.11,14,2,0,24246,18952936,29.9,-0.8212772700562918,-0.815,-0.08,-0.1,12,2,0,24246,18952936,30.6,0.0007227299437081612,0.009,-0.03,-0.12,13,2,0,24246,18952936,29.9,-0.8052772700562919,-0.798,-0.04,0.01,13,2,0,24246,18952936,29.9
309,18928415239505,18928424127316,sine_0.7hz,0.6800847880003857,19.574958,0.0847879855427891,8.887811,1.5001240026322193,2.5360699983139057,0.17213821411132812,24409,24247,0.002997137870785576,0.011,-0.22,-0.11,9,2,0,24409,18952957,30.6,0.001997137870785576,0.01,-0.07,-0.18,8,2,0,24409,18952957,30.6,-0.8020028621292145,-0.797,-0.05,0.02,6,2,0,24409,18952957,31.9,-0.8120028621292144,-0.805,0.08,-0.2,2,2,0,24409,18952957,30.6,-0.003002862129214424,0.004,-0.07,-0.15,3,2,0,24409,18952957,31.9,0.000997137870785576,0.007,-0.08,-0.01,9,2,0,24247,18952956,29.9,0.004997137870785576,0.011,-0.11,-0.09,4,2,0,24247,18952956,29.9,-0.8230028621292144,-0.819,-0.2,0.32,2,2,0,24247,18952956,30.6,-0.001002862129214424,0.006,-0.15,-0.21,3,2,0,24247,18952956,29.9,-0.8070028621292145,-0.802,-0.08,-0.26,3,2,0,24247,18952956,29.9
310,18928435235983,18928445015670,sine_0.7hz,0.7000825149989396,20.888354,0.08251498366007581,9.779687,2.2039280011085793,3.2848349983396474,0.17499923706054688,24410,24248,0.0012485662324291545,0.01,-0.05,-0.23,14,2,0,24410,18952977,30.6,0.00024856623242915446,0.009,-0.06,-0.34,13,2,0,24410,18952977,30.6,-0.8037514337675709,-0.797,-0.01,-0.04,11,2,0,24410,18952977,31.9,-0.8137514337675708,-0.807,-0.06,-0.13,7,2,0,24410,18952977,30.6,-0.004751433767570846,0.003,-0.1,-0.22,8,2,0,24410,18952977,31.9,-0.0007514337675708456,0.006,-0.06,-0.04,14,2,0,24248,18952976,29.9,0.0032485662324291545,0.009,-0.19,-0.1,9,2,0,24248,18952976,29.9,-0.8247514337675708,-0.821,-0.15,0.19,7,2,0,24248,18952976,30.6,-0.0027514337675708456,0.005,-0.13,-0.08,8,2,0,24248,18952976,29.9,-0.8087514337675709,-0.802,0.18,-0.14,8,2,0,24248,18952976,29.9
311,18928455238574,18928464679207,sine_0.7hz,0.7200817769989953,19.663537,0.08177698327926919,9.440633,2.0053919979545753,3.0855950026307255,0.17380714416503906,24411,24249,-0.0005097930849635414,0.008,-0.08,-0.49,4,2,0,24411,18952997,30.6,-0.0015097930849635416,0.006,-0.16,-0.24,3,2,0,24411,18952997,30.6,-0.8055097930849636,-0.801,0.0,-0.04,1,2,0,24411,18952997,31.9,-0.8155097930849635,-0.808,-0.07,-0.22,12,2,0,24411,18952997,30.6,-0.006509793084963541,0.002,-0.22,-0.56,13,2,0,24411,18952997,31.9,-0.0025097930849635416,0.004,-0.07,-0.23,5,2,0,24249,18952997,29.9,0.0014902069150364585,0.008,-0.15,-0.11,15,2,0,24249,18952997,29.9,-0.8265097930849635,-0.822,0.0,-0.2,13,2,0,24249,18952997,30.6,-0.004509793084963541,0.003,-0.12,-0.25,14,2,0,24249,18952997,29.9,-0.8105097930849636,-0.803,-0.06,-0.4,14,2,0,24249,18952997,29.9
312,18928475237740,18928484144752,sine_0.7hz,0.740084303997719,19.465545,0.084303981566336,8.907012,1.4963159992475994,2.5368050010001753,0.17261505126953125,24412,24250,-0.0022644959320662333,0.007,-0.14,-0.05,9,2,0,24412,18953017,30.6,-0.0032644959320662333,0.004,-0.22,-0.1,8,2,0,24412,18953017,30.6,-0.8072644959320663,-0.802,-0.02,-0.17,6,2,0,24412,18953017,31.9,-0.8172644959320662,-0.812,0.0,-0.08,2,2,0,24412,18953017,30.6,-0.008264495932066233,-0.001,-0.18,-0.08,3,2,0,24412,18953017,31.9,-0.004264495932066233,0.003,-0.12,-0.3,9,2,0,24250,18953016,29.9,-0.00026449593206623323,0.006,-0.18,-0.11,4,2,0,24250,18953016,29.9,-0.8282644959320662,-0.823,-0.13,-0.15,2,2,0,24250,18953016,30.6,-0.006264495932066233,0.001,-0.15,-0.3,3,2,0,24250,18953016,29.9,-0.8122644959320663,-0.805,-0.13,-0.04,3,2,0,24250,18953016,29.9
313,18928495238283,18928504257683,sine_0.7hz,0.7600847829999111,20.112931,0.08478298332192935,9.0194,1.561343000503257,2.6192410005023703,0.21004676818847656,24413,24251,-0.004001506995562338,0.006,-0.01,-0.24,14,2,0,24413,18953037,30.6,-0.005001506995562338,0.002,-0.27,0.09,13,2,0,24413,18953037,30.6,-0.8090015069955624,-0.803,-0.09,-0.22,11,2,0,24413,18953037,31.9,-0.8190015069955623,-0.813,-0.1,-0.05,7,2,0,24413,18953037,30.6,-0.010001506995562338,-0.003,-0.11,0.02,8,2,0,24413,18953037,31.9,-0.006001506995562338,0.001,-0.04,-0.1,14,2,0,24251,18953036,29.9,-0.0020015069955623375,0.005,-0.07,0.03,9,2,0,24251,18953036,29.9,-0.8300015069955623,-0.823,-0.31,-0.22,7,2,0,24251,18953036,30.6,-0.008001506995562338,-0.001,-0.12,-0.1,8,2,0,24251,18953036,29.9,-0.8140015069955624,-0.806,-0.11,-0.21,8,2,0,24251,18953036,29.9
314,18928515239914,18928524203664,sine_0.7hz,0.7800877890003903,19.945981,0.08778898336458951,8.96375,1.516347998403944,2.5655110002844594,0.20575523376464844,24414,24252,-0.005707786839919994,0.004,-0.16,-0.36,4,2,0,24414,18953057,30.6,-0.006707786839919994,-0.001,-0.17,-0.31,3,2,0,24414,18953057,30.6,-0.8107077868399201,-0.805,0.02,-0.08,1,2,0,24414,18953057,31.9,-0.82070778683992,-0.814,-0.1,-0.29,12,2,0,24414,18953057,30.6,-0.011707786839919994,-0.004,-0.08,-0.17,13,2,0,24414,18953057,31.9,-0.007707786839919994,-0.001,0.1,0.05,4,2,0,24252,18953056,29.9,-0.003707786839919994,0.004,-0.07,-0.23,14,2,0,24252,18953056,29.9,-0.83170778683992,-0.824,-0.05,-0.13,12,2,0,24252,18953056,30.6,-0.009707786839919994,-0.002,-0.21,-0.11,13,2,0,24252,18953056,29.9,-0.8157077868399201,-0.808,0.09,0.07,13,2,0,24252,18953056,29.9
315,18928535235848,18928544234799,sine_0.7hz,0.8000821239984361,20.031135,0.08212398097384721,8.998951,1.5744629999971949,2.6134489999094512,0.20694732666015625,24415,24253,-0.007369207282515189,0.002,-0.03,-0.29,9,2,0,24415,18953077,30.6,-0.008369207282515188,-0.001,-0.1,-0.06,8,2,0,24415,18953077,30.6,-0.8123692072825153,-0.806,-0.1,0.2,6,2,0,24415,18953077,31.9,-0.8223692072825152,-0.816,-0.09,-0.36,2,2,0,24415,18953077,30.6,-0.01336920728251519,-0.006,0.03,-0.25,3,2,0,24415,18953077,31.9,-0.00936920728251519,-0.002,-0.02,-0.22,9,2,0,24253,18953076,29.9,-0.005369207282515189,0.002,-0.09,-0.16,4,2,0,24253,18953076,29.9,-0.8333692072825152,-0.828,-0.18,-0.22,2,2,0,24253,18953076,30.6,-0.01136920728251519,-0.005,-0.18,-0.2,3,2,0,24253,18953076,29.9,-0.8173692072825153,-0.811,-0.08,-0.28,3,2,0,24253,18953076,29.9
316,18928555236519,18928564904425,sine_0.7hz,0.8200824739978998,20.669626,0.08247398000094108,9.667906,2.148502000636654,3.2362249985453673,0.17452239990234375,24416,24254,-0.008974148365079447,0.0,-0.05,-0.28,14,2,0,24416,18953097,30.6,-0.009974148365079448,-0.002,-0.01,-0.34,13,2,0,24416,18953097,30.6,-0.8139741483650795,-0.807,0.02,-0.16,11,2,0,24416,18953097,31.9,-0.8239741483650794,-0.817,-0.1,-0.08,7,2,0,24416,18953097,30.6,-0.014974148365079447,-0.007,-0.09,-0.2,8,2,0,24416,18953097,31.9,-0.010974148365079447,-0.003,-0.02,-0.21,14,2,0,24254,18953096,29.9,-0.006974148365079447,0.001,-0.07,-0.17,9,2,0,24254,18953096,29.9,-0.8349741483650794,-0.83,-0.16,0.02,7,2,0,24254,18953096,30.6,-0.012974148365079447,-0.007,-0.15,-0.15,8,2,0,24254,18953096,29.9,-0.8189741483650795,-0.811,-0.11,-0.36,8,2,0,24254,18953096,29.9
317,18928575240133,18928584378066,sine_0.7hz,0.8400863129973004,19.473641,0.08631297896499746,9.137933,1.6599699993093964,2.735918002144899,0.17571449279785156,24417,24255,-0.010509953007429724,-0.004,-0.15,-0.25,4,2,0,24417,18953117,30.6,-0.011509953007429723,-0.006,-0.22,0.08,3,2,0,24417,18953117,30.6,-0.8155099530074298,-0.81,-0.02,-0.14,1,2,0,24417,18953117,31.9,-0.8255099530074297,-0.818,-0.06,0.09,12,2,0,24417,18953117,30.6,-0.016509953007429724,-0.008,-0.25,-0.26,13,2,0,24417,18953117,31.9,-0.012509953007429724,-0.004,-0.11,-0.13,4,2,0,24255,18953116,29.9,-0.008509953007429724,-0.001,-0.06,-0.38,14,2,0,24255,18953116,29.9,-0.8365099530074297,-0.831,-0.18,-0.31,12,2,0,24255,18953116,30.6,-0.014509953007429724,-0.008,-0.11,-0.18,13,2,0,24255,18953116,29.9,-0.8205099530074298,-0.812,-0.04,-0.23,13,2,0,24255,18953116,29.9
318,18928595237732,18928604704702,sine_0.7hz,0.8600830479990691,20.326636,0.08304798029712401,9.46697,2.053713997156592,3.1450219976250082,0.17261505126953125,24418,24256,-0.011963954537413049,-0.004,0.0,-0.3,9,2,0,24418,18953137,30.6,-0.012963954537413048,-0.007,-0.18,-0.21,8,2,0,24418,18953137,30.6,-0.8169639545374131,-0.812,-0.16,-0.07,6,2,0,24418,18953137,31.9,-0.826963954537413,-0.822,-0.03,-0.25,2,2,0,24418,18953137,30.6,-0.01796395453741305,-0.012,-0.14,-0.1,3,2,0,24418,18953137,31.9,-0.013963954537413049,-0.006,-0.01,-0.33,9,2,0,24256,18953136,29.9,-0.009963954537413049,-0.002,0.08,-0.29,4,2,0,24256,18953136,29.9,-0.837963954537413,-0.832,0.0,-0.21,2,2,0,24256,18953136,30.6,-0.015963954537413047,-0.01,-0.07,-0.23,3,2,0,24256,18953136,29.9,-0.8219639545374131,-0.815,0.0,-0.15,3,2,0,24256,18953136,29.9
319,18928615238275,18928624775295,sine_0.7hz,0.8800853180000558,20.070593,0.08531798084732145,9.53702,2.127445000951411,3.2116160000441596,0.1761913299560547,24419,24257,-0.01332583467162607,-0.006,-0.08,-0.18,14,2,0,24419,18953157,30.6,-0.01432583467162607,-0.009,-0.04,-0.28,13,2,0,24419,18953157,30.6,-0.8183258346716261,-0.813,0.02,-0.05,11,2,0,24419,18953157,31.9,-0.828325834671626,-0.822,-0.12,0.04,7,2,0,24419,18953157,30.6,-0.01932583467162607,-0.014,-0.25,-0.07,8,2,0,24419,18953157,31.9,-0.01532583467162607,-0.006,-0.15,-0.4,14,2,0,24257,18953156,29.9,-0.01132583467162607,-0.003,-0.17,-0.24,9,2,0,24257,18953156,29.9,-0.839325834671626,-0.832,0.03,-0.19,7,2,0,24257,18953156,30.6,-0.017325834671626072,-0.011,-0.14,-0.4,8,2,0,24257,18953156,29.9,-0.8233258346716261,-0.816,-0.16,-0.15,8,2,0,24257,18953156,29.9
320,18928635239777,18928644260842,sine_0.7hz,0.9000836529994558,19.485547,0.08365297981072217,9.021065,1.568735002365429,2.6174810009251814,0.20575523376464844,24420,24258,-0.014584408802874904,-0.009,-0.23,0.0,4,2,0,24420,18953177,30.6,-0.015584408802874903,-0.009,-0.01,-0.25,3,2,0,24420,18953177,30.6,-0.819584408802875,-0.814,-0.13,-0.11,1,2,0,24420,18953177,31.9,-0.8295844088028749,-0.823,-0.12,0.04,12,2,0,24420,18953177,30.6,-0.020584408802874904,-0.016,-0.21,-0.11,13,2,0,24420,18953177,31.9,-0.016584408802874904,-0.009,-0.12,-0.31,4,2,0,24258,18953176,29.9,-0.012584408802874904,-0.004,-0.03,0.15,14,2,0,24258,18953176,29.9,-0.8405844088028749,-0.833,-0.18,-0.24,12,2,0,24258,18953176,30.6,-0.018584408802874902,-0.012,-0.06,-0.22,13,2,0,24258,18953176,29.9,-0.824584408802875,-0.817,-0.1,-0.13,13,2,0,24258,18953176,29.9
321,18928655238336,18928664149476,sine_0.7hz,0.9200828840002941,19.888634,0.08288398021250032,8.91114,1.5246049988490995,2.5740870005392935,0.1971721649169922,24421,24259,-0.015730272324091327,-0.011,-0.16,0.02,9,2,0,24421,18953197,30.6,-0.016730272324091328,-0.01,-0.09,-0.29,8,2,0,24421,18953197,30.6,-0.8207302723240913,-0.815,-0.21,-0.24,6,2,0,24421,18953197,31.9,-0.8307302723240912,-0.824,-0.01,-0.22,2,2,0,24421,18953197,30.6,-0.021730272324091325,-0.016,-0.06,-0.13,3,2,0,24421,18953197,31.9,-0.01773027232409133,-0.01,-0.05,-0.01,9,2,0,24259,18953196,29.9,-0.013730272324091327,-0.008,0.02,-0.13,4,2,0,24259,18953196,29.9,-0.8417302723240913,-0.835,-0.05,-0.25,2,2,0,24259,18953196,30.6,-0.019730272324091327,-0.015,-0.25,-0.3,3,2,0,24259,18953196,29.9,-0.8257302723240914,-0.821,-0.15,-0.11,3,2,0,24259,18953196,29.9
322,18928675234878,18928684088352,sine_0.7hz,0.9400820499977272,19.938876,0.08204997720895335,8.853474,1.463802000216674,2.5110130009124987,0.16927719116210938,24422,24260,-0.016754503308375423,-0.012,-0.14,0.01,14,2,0,24422,18953217,30.6,-0.017754503308375424,-0.01,0.1,-0.14,13,2,0,24422,18953217,30.6,-0.8217545033083755,-0.816,-0.17,-0.28,11,2,0,24422,18953217,31.9,-0.8317545033083754,-0.825,-0.18,-0.22,7,2,0,24422,18953217,30.6,-0.022754503308375425,-0.017,-0.14,-0.19,8,2,0,24422,18953217,31.9,-0.01875450330837542,-0.011,-0.11,-0.05,14,2,0,24260,18953216,29.9,-0.014754503308375423,-0.009,-0.13,-0.3,9,2,0,24260,18953216,29.9,-0.8427545033083754,-0.835,-0.03,-0.25,7,2,0,24260,18953216,30.6,-0.020754503308375423,-0.016,-0.05,-0.1,8,2,0,24260,18953216,29.9,-0.8267545033083755,-0.822,-0.15,-0.03,8,2,0,24260,18953216,29.9
323,18928695237405,18928704180034,sine_0.7hz,0.9600828809998347,20.091682,0.08288097887998447,8.942629,1.5437420006492175,2.5849669982562773,0.20313262939453125,24423,24261,-0.01764925506725822,-0.014,-0.01,0.11,4,2,0,24423,18953237,30.6,-0.01864925506725822,-0.012,-0.11,-0.45,3,2,0,24423,18953237,30.6,-0.8226492550672583,-0.817,0.0,-0.02,1,2,0,24423,18953237,31.9,-0.8326492550672582,-0.827,-0.19,-0.13,12,2,0,24423,18953237,30.6,-0.02364925506725822,-0.018,-0.14,0.0,13,2,0,24423,18953237,31.9,-0.019649255067258217,-0.012,-0.02,-0.49,4,2,0,24261,18953236,29.9,-0.01564925506725822,-0.009,-0.08,-0.18,14,2,0,24261,18953236,29.9,-0.8436492550672582,-0.836,-0.03,-0.39,12,2,0,24261,18953236,30.6,-0.02164925506725822,-0.016,0.0,0.0,13,2,0,24261,18953236,29.9,-0.8276492550672583,-0.823,-0.04,-0.1,13,2,0,24261,18953236,29.9
324,18928715236060,18928724737975,sine_0.7hz,0.9800826869977755,20.557941,0.08268697638413869,9.501915,2.107060001435457,3.1827510028961115,0.17142295837402344,24424,24262,-0.018407482397558794,-0.015,-0.22,-0.27,9,2,0,24424,18953257,30.6,-0.019407482397558795,-0.013,-0.05,-0.42,8,2,0,24424,18953257,30.6,-0.8234074823975588,-0.819,-0.02,-0.13,6,2,0,24424,18953257,31.9,-0.8334074823975588,-0.829,-0.17,0.04,2,2,0,24424,18953257,30.6,-0.024407482397558793,-0.021,-0.15,0.0,3,2,0,24424,18953257,31.9,-0.020407482397558796,-0.013,-0.09,-0.29,9,2,0,24262,18953256,29.9,-0.016407482397558792,-0.011,-0.07,-0.16,3,2,0,24262,18953256,29.9,-0.8444074823975587,-0.838,-0.16,-0.22,2,2,0,24262,18953256,30.6,-0.022407482397558794,-0.018,-0.16,-0.17,3,2,0,24262,18953256,29.9,-0.8284074823975589,-0.824,0.11,-0.13,3,2,0,24262,18953256,29.9
325,18928735237562,18928744172543,sine_0.7hz,1.000082750000729,19.434568,0.0827499789011199,8.934981,1.544413000374334,2.5969670023187064,0.20456314086914062,24425,24263,-0.01902337842247161,-0.016,-0.1,-0.01,14,2,0,24425,18953277,30.6,-0.02002337842247161,-0.014,-0.17,-0.29,13,2,0,24425,18953277,30.6,-0.8240233784224716,-0.82,-0.13,-0.15,11,2,0,24425,18953277,31.9,-0.8340233784224715,-0.83,-0.06,-0.15,7,2,0,24425,18953277,30.6,-0.025023378422471612,-0.022,-0.17,0.0,8,2,0,24425,18953277,31.9,-0.02102337842247161,-0.014,0.05,-0.26,14,2,0,24263,18953276,29.9,-0.017023378422471612,-0.012,-0.09,-0.32,8,2,0,24263,18953276,29.9,-0.8450233784224715,-0.839,-0.04,-0.39,7,2,0,24263,18953276,30.6,-0.02302337842247161,-0.019,-0.07,-0.23,7,2,0,24263,18953276,29.9,-0.8290233784224716,-0.825,-0.16,-0.24,8,2,0,24263,18953276,29.9
326,18928755237817,18928764107867,sine_0.7hz,1.0200822049991984,19.935324,0.0822049769340083,8.87005,1.5069080000102986,2.5706940032250714,0.202178955078125,24426,24264,-0.019492157912658622,-0.018,-0.08,0.16,4,2,0,24426,18953297,30.6,-0.020492157912658623,-0.016,0.14,-0.42,3,2,0,24426,18953297,30.6,-0.8244921579126586,-0.822,-0.08,-0.23,1,2,0,24426,18953297,31.9,-0.8344921579126585,-0.83,-0.02,-0.27,12,2,0,24426,18953297,30.6,-0.025492157912658624,-0.022,-0.14,-0.06,13,2,0,24426,18953297,31.9,-0.02149215791265862,-0.016,-0.09,-0.18,4,2,0,24264,18953296,29.9,-0.017492157912658624,-0.012,0.0,-0.25,13,2,0,24264,18953296,29.9,-0.8454921579126585,-0.839,0.07,-0.36,11,2,0,24264,18953296,30.6,-0.023492157912658622,-0.019,-0.08,-0.14,12,2,0,24264,18953296,29.9,-0.8294921579126586,-0.825,-0.18,-0.28,13,2,0,24264,18953296,29.9
327,18928775234647,18928784093753,sine_0.7hz,1.040081402999931,19.985886,0.08140297723002732,8.859106,1.5175000007729977,2.564581998740323,0.16999244689941406,24427,24265,-0.01981021390294713,-0.019,-0.09,-0.04,9,2,0,24427,18953317,30.6,-0.02081021390294713,-0.016,-0.1,-0.15,8,2,0,24427,18953317,30.6,-0.8248102139029472,-0.822,0.09,-0.21,6,2,0,24427,18953317,31.9,-0.8348102139029471,-0.831,-0.06,-0.12,2,2,0,24427,18953317,30.6,-0.025810213902947132,-0.024,-0.04,0.11,3,2,0,24427,18953317,31.9,-0.02181021390294713,-0.017,-0.11,-0.31,9,2,0,24265,18953316,29.9,-0.017810213902947132,-0.014,-0.09,-0.23,3,2,0,24265,18953316,29.9,-0.8458102139029471,-0.84,0.02,-0.36,1,2,0,24265,18953316,30.6,-0.02381021390294713,-0.02,-0.05,-0.14,2,2,0,24265,18953316,29.9,-0.8298102139029472,-0.828,-0.08,0.03,3,2,0,24265,18953316,29.9
328,18928795236534,18928805654102,sine_0.7hz,1.0600830339972163,21.560349,0.08303397407871671,10.417568,3.089628000452649,4.135684997891076,0.1735687255859375,24428,24266,-0.019975104787173993,-0.019,-0.17,0.08,14,2,0,24428,18953337,30.6,-0.020975104787173994,-0.017,-0.08,-0.16,13,2,0,24428,18953337,30.6,-0.8249751047871741,-0.822,-0.15,0.04,11,2,0,24428,18953337,31.9,-0.834975104787174,-0.831,0.12,-0.06,7,2,0,24428,18953337,30.6,-0.02597510478717399,-0.024,-0.11,-0.24,8,2,0,24428,18953337,31.9,-0.021975104787173995,-0.019,-0.05,-0.06,14,2,0,24266,18953336,29.9,-0.01797510478717399,-0.015,-0.09,-0.23,8,2,0,24266,18953336,29.9,-0.845975104787174,-0.84,-0.01,-0.22,6,2,0,24266,18953336,30.6,-0.023975104787173993,-0.021,-0.1,-0.23,7,2,0,24266,18953336,29.9,-0.8299751047871741,-0.829,-0.1,-0.09,8,2,0,24266,18953336,29.9
329,18928815240341,18928824653581,sine_0.7hz,1.0800841210002545,18.999479,0.08412097668042406,9.41324,2.00075199973071,3.0783949987380765,0.17380714416503906,24429,24267,-0.01998550919001185,-0.02,-0.14,-0.17,4,2,0,24429,18953357,30.6,-0.02098550919001185,-0.018,0.0,-0.04,3,2,0,24429,18953357,30.6,-0.8249855091900119,-0.823,-0.12,0.04,1,2,0,24429,18953357,31.9,-0.8349855091900118,-0.832,-0.03,-0.04,11,2,0,24429,18953357,30.6,-0.02598550919001185,-0.024,0.06,-0.02,13,2,0,24429,18953357,31.9,-0.021985509190011847,-0.02,-0.18,-0.03,5,2,0,24267,18953357,29.9,-0.01798550919001185,-0.016,-0.03,0.02,14,2,0,24267,18953357,29.9,-0.8459855091900118,-0.84,-0.04,-0.01,12,2,0,24267,18953357,30.6,-0.02398550919001185,-0.021,0.01,-0.07,13,2,0,24267,18953357,29.9,-0.8299855091900119,-0.83,-0.11,-0.09,14,2,0,24267,18953357,29.9
330,18928835232339,18928844179000,sine_0.7hz,1.1000763429983635,19.525419,0.07634297435288318,8.946661,1.5638390032108873,2.602696000394644,0.20360946655273438,24430,24268,-0.019841451234820045,-0.02,0.1,-0.03,9,2,0,24430,18953377,30.6,-0.020841451234820046,-0.018,-0.09,-0.19,8,2,0,24430,18953377,30.6,-0.8248414512348201,-0.824,-0.03,-0.01,6,2,0,24430,18953377,31.9,-0.83484145123482,-0.833,-0.02,-0.14,1,2,0,24430,18953377,30.6,-0.025841451234820047,-0.024,0.0,-0.18,3,2,0,24430,18953377,31.9,-0.021841451234820043,-0.02,-0.05,-0.22,9,2,0,24268,18953376,29.9,-0.017841451234820047,-0.017,0.19,-0.07,3,2,0,24268,18953376,29.9,-0.84584145123482,-0.84,0.04,-0.33,1,2,0,24268,18953376,30.6,-0.023841451234820045,-0.022,0.02,-0.05,2,2,0,24268,18953376,29.9,-0.8298414512348201,-0.83,0.07,0.01,3,2,0,24268,18953376,29.9
331,18928855235858,18928864107796,sine_0.7hz,1.120082037999964,19.928796,0.08203797551686876,8.871938,1.4686350004922133,2.5077479986066464,0.17142295837402344,24431,24269,-0.0195438312626096,-0.02,-0.1,-0.12,14,2,0,24431,18953397,30.6,-0.0205438312626096,-0.018,-0.14,-0.34,13,2,0,24431,18953397,30.6,-0.8245438312626097,-0.824,0.03,0.0,11,2,0,24431,18953397,31.9,-0.8345438312626096,-0.833,-0.07,-0.01,6,2,0,24431,18953397,30.6,-0.025543831262609597,-0.025,0.02,-0.21,8,2,0,24431,18953397,31.9,-0.0215438312626096,-0.02,0.07,-0.03,14,2,0,24269,18953396,29.9,-0.017543831262609597,-0.017,-0.04,-0.13,8,2,0,24269,18953396,29.9,-0.8455438312626096,-0.84,-0.01,-0.36,6,2,0,24269,18953396,30.6,-0.0235438312626096,-0.022,0.04,-0.15,7,2,0,24269,18953396,29.9,-0.8295438312626097,-0.83,-0.08,-0.01,8,2,0,24269,18953396,29.9
332,18928875236209,18928884706955,sine_0.7hz,1.1400809160004428,20.599159,0.08091597555903718,9.470746,2.061105999018764,3.153182002279209,0.17142295837402344,24432,24270,-0.019095175419904485,-0.021,-0.02,0.07,4,2,0,24432,18953417,30.6,-0.020095175419904486,-0.019,0.03,-0.15,3,2,0,24432,18953417,30.6,-0.8240951754199045,-0.824,-0.11,-0.2,1,2,0,24432,18953417,31.9,-0.8340951754199044,-0.833,0.11,-0.03,11,2,0,24432,18953417,30.6,-0.025095175419904484,-0.025,-0.09,-0.17,13,2,0,24432,18953417,31.9,-0.021095175419904487,-0.021,-0.1,-0.28,4,2,0,24270,18953416,29.9,-0.017095175419904483,-0.018,-0.04,0.05,13,2,0,24270,18953416,29.9,-0.8450951754199044,-0.841,-0.04,-0.19,11,2,0,24270,18953416,30.6,-0.023095175419904485,-0.023,-0.08,-0.1,12,2,0,24270,18953416,29.9,-0.8290951754199045,-0.831,-0.07,0.15,13,2,0,24270,18953416,29.9
333,18928895239535,18928904895537,sine_0.7hz,1.1600854909993359,20.188582,0.08549097401555628,9.656002,2.1955760021228343,3.275778999523027,0.17142295837402344,24433,24271,-0.018498686821290303,-0.02,0.0,0.16,9,2,0,24433,18953437,30.6,-0.019498686821290304,-0.019,0.03,-0.16,8,2,0,24433,18953437,30.6,-0.8234986868212903,-0.824,0.09,0.17,6,2,0,24433,18953437,31.9,-0.8334986868212902,-0.833,-0.08,0.06,1,2,0,24433,18953437,30.6,-0.024498686821290305,-0.025,-0.08,0.08,3,2,0,24433,18953437,31.9,-0.0204986868212903,-0.02,-0.01,-0.08,9,2,0,24271,18953436,29.9,-0.016498686821290305,-0.018,-0.07,-0.14,3,2,0,24271,18953436,29.9,-0.8444986868212903,-0.84,0.03,-0.53,1,2,0,24271,18953436,30.6,-0.022498686821290304,-0.023,-0.1,0.02,2,2,0,24271,18953436,29.9,-0.8284986868212904,-0.83,0.02,0.26,3,2,0,24271,18953436,29.9
334,18928915238414,18928924128625,sine_0.7hz,1.1800850740000897,19.233088,0.0850739743327722,8.890211,1.4828120001766365,2.5223410011676606,0.17070770263671875,24434,24272,-0.017759288467056038,-0.021,-0.03,-0.2,14,2,0,24434,18953457,30.6,-0.01875928846705604,-0.019,0.05,-0.07,13,2,0,24434,18953457,30.6,-0.822759288467056,-0.823,-0.05,-0.01,11,2,0,24434,18953457,31.9,-0.8327592884670559,-0.833,0.01,-0.11,6,2,0,24434,18953457,30.6,-0.023759288467056036,-0.025,0.15,-0.03,8,2,0,24434,18953457,31.9,-0.01975928846705604,-0.02,-0.04,-0.13,15,2,0,24272,18953457,29.9,-0.015759288467056036,-0.017,-0.05,0.09,9,2,0,24272,18953457,29.9,-0.843759288467056,-0.841,-0.04,-0.43,7,2,0,24272,18953457,30.6,-0.021759288467056038,-0.023,-0.02,0.02,8,2,0,24272,18953457,29.9,-0.827759288467056,-0.83,0.0,-0.01,9,2,0,24272,18953457,29.9
335,18928935237837,18928944817579,sine_0.7hz,1.200083439998707,20.688954,0.08343997251358815,9.579742,2.208024001447484,3.276961997471517,0.1723766326904297,24435,24273,-0.016882624529888444,-0.02,-0.02,-0.05,4,2,0,24435,18953477,30.6,-0.017882624529888445,-0.019,-0.02,-0.22,3,2,0,24435,18953477,30.6,-0.8218826245298885,-0.824,0.18,0.0,1,2,0,24435,18953477,31.9,-0.8318826245298884,-0.833,-0.02,-0.25,11,2,0,24435,18953477,30.6,-0.022882624529888443,-0.025,0.04,-0.02,13,2,0,24435,18953477,31.9,-0.018882624529888446,-0.02,0.07,-0.13,4,2,0,24273,18953476,29.9,-0.014882624529888444,-0.017,0.03,-0.07,13,2,0,24273,18953476,29.9,-0.8428826245298884,-0.84,0.15,-0.1,11,2,0,24273,18953476,30.6,-0.020882624529888445,-0.023,-0.01,0.02,12,2,0,24273,18953476,29.9,-0.8268826245298885,-0.83,-0.02,-0.02,13,2,0,24273,18953476,29.9
336,18928955239307,18928964901101,sine_0.7hz,1.2200856470008148,20.083522,0.08564697418478318,9.661794,2.161046002584044,3.246496999054216,0.17452239990234375,24436,24274,-0.01587522675809171,-0.02,0.04,0.08,9,2,0,24436,18953497,30.6,-0.01687522675809171,-0.019,-0.02,-0.11,8,2,0,24436,18953497,30.6,-0.8208752267580918,-0.824,-0.01,-0.08,6,2,0,24436,18953497,31.9,-0.8308752267580917,-0.833,0.13,0.0,1,2,0,24436,18953497,30.6,-0.021875226758091712,-0.025,-0.01,0.02,3,2,0,24436,18953497,31.9,-0.01787522675809171,-0.02,0.06,0.04,10,2,0,24274,18953497,29.9,-0.01387522675809171,-0.017,-0.04,0.21,4,2,0,24274,18953497,29.9,-0.8418752267580917,-0.84,0.12,-0.5,2,2,0,24274,18953497,30.6,-0.01987522675809171,-0.023,0.05,-0.09,3,2,0,24274,18953497,29.9,-0.8258752267580918,-0.83,0.0,0.29,4,2,0,24274,18953497,29.9
337,18928975240874,18928984262610,sine_0.7hz,1.2400820289985859,19.361509,0.0820289715193212,9.021736,1.514780000434257,2.5613510006223805,0.21457672119140625,24437,24275,-0.014745388423749568,-0.02,0.06,0.08,14,2,0,24437,18953517,30.6,-0.01574538842374957,-0.018,-0.05,-0.08,13,2,0,24437,18953517,30.6,-0.8197453884237497,-0.823,0.07,-0.01,11,2,0,24437,18953517,31.9,-0.8297453884237496,-0.833,-0.17,-0.04,6,2,0,24437,18953517,30.6,-0.020745388423749567,-0.024,0.14,0.13,8,2,0,24437,18953517,31.9,-0.01674538842374957,-0.02,-0.01,-0.08,14,2,0,24275,18953516,29.9,-0.012745388423749568,-0.017,0.1,0.24,8,2,0,24275,18953516,29.9,-0.8407453884237496,-0.84,0.05,-0.02,6,2,0,24275,18953516,30.6,-0.01874538842374957,-0.022,-0.08,0.08,7,2,0,24275,18953516,29.9,-0.8247453884237497,-0.83,0.05,0.09,8,2,0,24275,18953516,29.9
338,18928995239336,18929005166293,sine_0.7hz,1.2600833719989168,20.903683,0.08337197141372599,9.926957,2.2339770002872683,3.320388001156971,0.17523765563964844,24438,24276,-0.013501246492537986,-0.02,-0.05,0.4,4,2,0,24438,18953537,30.6,-0.014501246492537985,-0.018,-0.05,0.11,3,2,0,24438,18953537,30.6,-0.8185012464925381,-0.823,0.07,0.08,1,2,0,24438,18953537,31.9,-0.828501246492538,-0.832,0.13,-0.07,11,2,0,24438,18953537,30.6,-0.019501246492537986,-0.024,0.24,-0.01,13,2,0,24438,18953537,31.9,-0.015501246492537986,-0.019,0.12,0.11,4,2,0,24276,18953536,29.9,-0.011501246492537986,-0.017,-0.1,0.15,13,2,0,24276,18953536,29.9,-0.839501246492538,-0.84,0.09,-0.06,11,2,0,24276,18953536,30.6,-0.017501246492537988,-0.022,0.17,0.14,12,2,0,24276,18953536,29.9,-0.8235012464925381,-0.83,0.0,0.08,13,2,0,24276,18953536,29.9
339,18929015240423,18929024145515,sine_0.7hz,1.2800865389981482,18.979222,0.08653897020849399,8.905092,1.4951640005165245,2.5320369968540035,0.2033710479736328,24439,24277,-0.012152560926332823,-0.019,0.12,0.41,9,2,0,24439,18953557,30.6,-0.013152560926332824,-0.017,-0.04,0.15,7,2,0,24439,18953557,30.6,-0.8171525609263328,-0.822,0.01,-0.01,6,2,0,24439,18953557,31.9,-0.8271525609263328,-0.831,0.27,0.1,1,2,0,24439,18953557,30.6,-0.01815256092633282,-0.024,-0.07,0.34,3,2,0,24439,18953557,31.9,-0.014152560926332823,-0.019,0.22,0.08,10,2,0,24277,18953557,29.9,-0.010152560926332823,-0.016,-0.07,0.17,4,2,0,24277,18953557,29.9,-0.8381525609263327,-0.84,0.11,0.1,2,2,0,24277,18953557,30.6,-0.016152560926332823,-0.022,-0.04,0.13,3,2,0,24277,18953557,29.9,-0.8221525609263329,-0.829,-0.08,0.19,4,2,0,24277,18953557,29.9
340,18929035234758,18929044231693,sine_0.7hz,1.3000815769992187,20.086178,0.0815769708424341,8.996935,1.5461099974345416,2.5912400014931336,0.21076202392578125,24440,24278,-0.010710476407596687,-0.019,0.13,0.33,14,2,0,24440,18953577,30.6,-0.011710476407596686,-0.017,0.04,0.11,12,2,0,24440,18953577,30.6,-0.8157104764075968,-0.822,0.2,0.25,11,2,0,24440,18953577,31.9,-0.8257104764075966,-0.83,0.05,-0.07,6,2,0,24440,18953577,30.6,-0.016710476407596687,-0.023,0.08,0.05,7,2,0,24440,18953577,31.9,-0.012710476407596687,-0.019,-0.08,-0.01,14,2,0,24278,18953576,29.9,-0.008710476407596687,-0.016,0.07,0.1,8,2,0,24278,18953576,29.9,-0.8367104764075967,-0.839,0.12,-0.06,6,2,0,24278,18953576,30.6,-0.014710476407596687,-0.022,0.08,0.2,7,2,0,24278,18953576,29.9,-0.8207104764075968,-0.828,0.13,0.09,8,2,0,24278,18953576,29.9
341,18929055236932,18929064728799,sine_0.7hz,1.3200832399998035,20.497106,0.08323997099068947,9.491867,2.1197649984969757,3.1992639997042716,0.17499923706054688,24441,24279,-0.009185093508015598,-0.017,0.01,0.23,4,2,0,24441,18953597,30.6,-0.010185093508015598,-0.015,0.16,-0.1,2,2,0,24441,18953597,30.6,-0.8141850935080156,-0.82,-0.07,0.12,1,2,0,24441,18953597,31.9,-0.8241850935080155,-0.83,0.13,-0.03,11,2,0,24441,18953597,30.6,-0.015185093508015599,-0.022,0.18,0.08,12,2,0,24441,18953597,31.9,-0.011185093508015598,-0.017,0.12,0.25,4,2,0,24279,18953596,29.9,-0.007185093508015598,-0.016,0.12,0.27,13,2,0,24279,18953596,29.9,-0.8351850935080155,-0.838,0.16,-0.37,11,2,0,24279,18953596,30.6,-0.013185093508015598,-0.021,-0.07,0.15,12,2,0,24279,18953596,29.9,-0.8191850935080156,-0.827,0.09,0.38,12,2,0,24279,18953596,29.9
342,18929075238339,18929084780256,sine_0.7hz,1.340085318999627,20.051457,0.08531897037755698,9.541917,2.093748000334017,3.181599000527058,0.1742839813232422,24442,24280,-0.007588638624024572,-0.017,-0.07,0.32,9,2,0,24442,18953617,30.6,-0.00858863862402457,-0.014,0.01,0.07,7,2,0,24442,18953617,30.6,-0.8125886386240246,-0.819,0.15,0.14,6,2,0,24442,18953617,31.9,-0.8225886386240245,-0.828,-0.02,0.3,1,2,0,24442,18953617,30.6,-0.013588638624024572,-0.021,0.11,0.09,2,2,0,24442,18953617,31.9,-0.009588638624024572,-0.017,0.11,-0.01,9,2,0,24280,18953616,29.9,-0.0055886386240245715,-0.012,0.24,-0.09,3,2,0,24280,18953616,29.9,-0.8335886386240245,-0.836,0.19,0.03,1,2,0,24280,18953616,30.6,-0.011588638624024572,-0.019,0.14,0.16,2,2,0,24280,18953616,29.9,-0.8175886386240246,-0.825,0.2,0.23,2,2,0,24280,18953616,29.9
343,18929095242210,18929104363694,sine_0.7hz,1.3600855090007826,19.583438,0.08550897109671496,9.121484,1.5564459972665645,2.6381530005892273,0.1785755157470703,24443,24281,-0.005933648945272382,-0.016,0.25,0.39,14,2,0,24443,18953637,30.6,-0.006933648945272382,-0.013,0.08,-0.22,12,2,0,24443,18953637,30.6,-0.8109336489452724,-0.818,0.02,0.11,11,2,0,24443,18953637,31.9,-0.8209336489452723,-0.828,-0.05,0.26,6,2,0,24443,18953637,30.6,-0.011933648945272383,-0.02,0.1,0.37,7,2,0,24443,18953637,31.9,-0.007933648945272383,-0.015,0.16,0.05,14,2,0,24281,18953636,29.9,-0.003933648945272382,-0.011,-0.01,0.22,8,2,0,24281,18953636,29.9,-0.8319336489452723,-0.835,0.19,-0.15,6,2,0,24281,18953636,30.6,-0.009933648945272381,-0.017,0.2,0.29,7,2,0,24281,18953636,29.9,-0.8159336489452724,-0.822,0.09,0.02,7,2,0,24281,18953636,29.9
344,18929115237888,18929124469137,sine_0.7hz,1.3800831720000133,20.105443,0.08317196989082731,9.231249,1.8098969994753134,2.9020039983151946,0.17595291137695312,24444,24282,-0.0042329920344166315,-0.012,0.06,0.36,4,2,0,24444,18953657,30.6,-0.0052329920344166315,-0.009,0.11,0.03,2,2,0,24444,18953657,30.6,-0.8092329920344167,-0.815,0.03,-0.14,1,2,0,24444,18953657,31.9,-0.8192329920344166,-0.827,0.01,0.14,11,2,0,24444,18953657,30.6,-0.010232992034416633,-0.018,0.21,0.03,12,2,0,24444,18953657,31.9,-0.006232992034416632,-0.012,0.28,-0.11,4,2,0,24282,18953656,29.9,-0.0022329920344166315,-0.009,0.11,0.2,13,2,0,24282,18953656,29.9,-0.8302329920344166,-0.834,0.05,0.03,11,2,0,24282,18953656,30.6,-0.00823299203441663,-0.016,0.04,0.03,12,2,0,24282,18953656,29.9,-0.8142329920344167,-0.822,0.08,0.26,12,2,0,24282,18953656,29.9
345,18929135237919,18929144723642,sine_0.7hz,1.4000831379999,20.254505,0.08313796934089623,9.485723,2.030800998909399,3.1112279975786805,0.1735687255859375,24445,24283,-0.0024994089702057637,-0.011,0.02,0.23,9,2,0,24445,18953677,30.6,-0.0034994089702057637,-0.009,0.02,0.02,7,2,0,24445,18953677,30.6,-0.8074994089702058,-0.814,0.02,0.07,6,2,0,24445,18953677,31.9,-0.8174994089702057,-0.823,0.09,0.02,1,2,0,24445,18953677,30.6,-0.008499408970205763,-0.015,0.03,0.13,2,2,0,24445,18953677,31.9,-0.004499408970205764,-0.01,0.07,-0.02,9,2,0,24283,18953676,29.9,-0.0004994089702057636,-0.007,0.19,0.1,3,2,0,24283,18953676,29.9,-0.8284994089702057,-0.832,0.2,-0.08,1,2,0,24283,18953676,30.6,-0.006499408970205764,-0.014,0.25,0.22,2,2,0,24283,18953676,29.9,-0.8124994089702058,-0.82,0.01,0.05,2,2,0,24283,18953676,29.9
346,18929155239293,18929164137857,sine_0.7hz,1.4200844490005693,19.414215,0.08444896957371384,8.898564,1.4780429992242716,2.532197002437897,0.17070770263671875,24446,24284,-0.0007463803576670164,-0.01,0.09,0.22,13,2,0,24446,18953697,30.6,-0.0017463803576670163,-0.008,0.01,0.15,12,2,0,24446,18953697,30.6,-0.8057463803576671,-0.813,0.16,0.02,11,2,0,24446,18953697,31.9,-0.815746380357667,-0.822,0.21,0.0,6,2,0,24446,18953697,30.6,-0.006746380357667016,-0.014,0.02,0.18,7,2,0,24446,18953697,31.9,-0.0027463803576670163,-0.009,0.0,0.01,14,2,0,24284,18953696,29.9,0.0012536196423329838,-0.006,0.14,0.41,8,2,0,24284,18953696,29.9,-0.826746380357667,-0.831,0.1,0.1,6,2,0,24284,18953696,30.6,-0.004746380357667016,-0.013,0.06,0.2,7,2,0,24284,18953696,29.9,-0.8107463803576671,-0.819,0.11,0.15,7,2,0,24284,18953696,29.9
347,18929175236380,18929184701878,sine_0.7hz,1.440082720000646,20.564021,0.0827199692139402,9.465498,2.0317290000093635,3.1185879997792654,0.17261505126953125,24447,24285,0.001012153537777487,-0.007,0.07,0.31,3,2,0,24447,18953717,30.6,1.2153537777487029e-05,-0.007,0.13,0.21,2,2,0,24447,18953717,30.6,-0.8039878464622225,-0.811,-0.08,0.06,1,2,0,24447,18953717,31.9,-0.8139878464622224,-0.821,0.05,-0.04,11,2,0,24447,18953717,30.6,-0.004987846462222513,-0.014,0.02,0.4,12,2,0,24447,18953717,31.9,-0.000987846462222513,-0.007,-0.04,-0.03,4,2,0,24285,18953716,29.9,0.003012153537777487,-0.005,0.18,0.16,13,2,0,24285,18953716,29.9,-0.8249878464622225,-0.831,0.04,0.33,11,2,0,24285,18953716,30.6,-0.002987846462222513,-0.011,0.01,0.01,12,2,0,24285,18953716,29.9,-0.8089878464622225,-0.818,0.16,0.14,12,2,0,24285,18953716,29.9
348,18929195241019,18929204960095,sine_0.7hz,1.4600843179978256,20.258217,0.08431796595687047,9.719076,2.2466499976872,3.3342770002491307,0.17404556274414062,24448,24286,0.002763151874901782,-0.006,-0.03,0.3,8,2,0,24448,18953737,30.6,0.0017631518749017818,-0.006,0.07,0.13,7,2,0,24448,18953737,30.6,-0.8022368481250982,-0.809,0.19,0.01,6,2,0,24448,18953737,31.9,-0.8122368481250981,-0.819,0.03,0.14,1,2,0,24448,18953737,30.6,-0.0032368481250982183,-0.012,0.23,0.17,2,2,0,24448,18953737,31.9,0.0007631518749017818,-0.005,0.02,-0.07,9,2,0,24286,18953736,29.9,0.004763151874901781,-0.001,0.07,0.32,3,2,0,24286,18953736,29.9,-0.8232368481250981,-0.83,0.12,0.22,1,2,0,24286,18953736,30.6,-0.0012368481250982183,-0.008,0.13,0.28,2,2,0,24286,18953736,29.9,-0.8072368481250982,-0.814,0.16,0.06,2,2,0,24286,18953736,29.9
349,18929215239673,18929224746677,sine_0.7hz,1.4800856929978181,19.786582,0.08569296551286243,9.507004,2.1090440022817347,3.1879029993433505,0.17309188842773438,24449,24287,0.004492760834866831,-0.004,-0.04,0.22,13,2,0,24449,18953757,30.6,0.003492760834866831,-0.005,0.07,0.21,12,2,0,24449,18953757,30.6,-0.8005072391651332,-0.808,0.15,0.1,10,2,0,24449,18953757,31.9,-0.8105072391651331,-0.818,0.11,0.17,6,2,0,24449,18953757,30.6,-0.001507239165133169,-0.011,0.03,0.19,7,2,0,24449,18953757,31.9,0.002492760834866831,-0.003,0.08,0.04,15,2,0,24287,18953757,29.9,0.006492760834866831,0.0,0.21,0.26,9,2,0,24287,18953757,29.9,-0.8215072391651331,-0.829,0.18,0.14,7,2,0,24287,18953757,30.6,0.0004927608348668311,-0.007,0.12,-0.03,8,2,0,24287,18953757,29.9,-0.8055072391651332,-0.812,0.09,-0.01,8,2,0,24287,18953757,29.9
350,18929235237944,18929244227647,sine_0.7hz,1.5000834189995658,19.48097,0.083418966823956,8.989703,1.5753269981360063,2.6198809973720927,0.21004676818847656,24450,24288,0.006187318246527996,-0.001,0.05,0.19,3,2,0,24450,18953777,30.6,0.005187318246527996,-0.002,0.08,-0.01,2,2,0,24450,18953777,30.6,-0.7988126817534721,-0.805,0.05,0.21,0,2,0,24450,18953777,31.9,-0.808812681753472,-0.817,0.05,0.19,11,2,0,24450,18953777,30.6,0.00018731824652799562,-0.009,0.26,0.28,12,2,0,24450,18953777,31.9,0.004187318246527996,-0.002,0.05,-0.04,4,2,0,24288,18953776,29.9,0.008187318246527995,0.001,0.13,0.21,13,2,0,24288,18953776,29.9,-0.819812681753472,-0.829,0.16,0.28,11,2,0,24288,18953776,30.6,0.0021873182465279957,-0.006,0.15,0.28,12,2,0,24288,18953776,29.9,-0.8038126817534721,-0.811,0.09,0.13,12,2,0,24288,18953776,29.9
351,18929255236726,18929264246014,sine_0.7hz,1.520082425999135,20.018367,0.08242596595664509,9.009288,1.6106240000226535,2.6469529984751716,0.21076202392578125,24451,24289,0.007834145027260916,0.001,0.11,0.07,8,2,0,24451,18953797,30.6,0.006834145027260916,0.0,0.17,0.1,7,2,0,24451,18953797,30.6,-0.7971658549727392,-0.804,0.04,0.1,5,2,0,24451,18953797,31.9,-0.8071658549727391,-0.814,0.06,0.25,1,2,0,24451,18953797,30.6,0.0018341450272609163,-0.005,0.08,0.18,2,2,0,24451,18953797,31.9,0.005834145027260916,-0.001,0.13,0.12,8,2,0,24289,18953796,29.9,0.009834145027260916,0.003,0.18,0.07,3,2,0,24289,18953796,29.9,-0.8181658549727391,-0.826,0.26,0.13,1,2,0,24289,18953796,30.6,0.0038341450272609164,-0.004,0.12,0.06,2,2,0,24289,18953796,29.9,-0.8021658549727392,-0.808,0.05,0.22,2,2,0,24289,18953796,29.9
352,18929275235893,18929284716560,sine_0.7hz,1.5400829049976892,20.470546,0.08290496407425962,9.480667,2.082003997202264,3.1589739992341492,0.17333030700683594,24452,24290,0.00942051230650761,0.002,0.2,0.0,13,2,0,24452,18953817,30.6,0.008420512306507609,0.001,-0.13,-0.12,12,2,0,24452,18953817,30.6,-0.7955794876934924,-0.803,0.05,0.18,10,2,0,24452,18953817,31.9,-0.8055794876934923,-0.813,0.05,0.03,6,2,0,24452,18953817,30.6,0.0034205123065076098,-0.004,0.13,0.08,7,2,0,24452,18953817,31.9,0.00742051230650761,-0.001,0.07,0.13,13,2,0,24290,18953816,29.9,0.01142051230650761,0.005,0.22,0.16,8,2,0,24290,18953816,29.9,-0.8165794876934923,-0.825,-0.07,0.13,6,2,0,24290,18953816,30.6,0.00542051230650761,-0.003,0.03,0.39,7,2,0,24290,18953816,29.9,-0.8005794876934924,-0.807,0.14,0.02,7,2,0,24290,18953816,29.9
353,18929295238996,18929304947287,sine_0.7hz,1.5600843110005371,20.230727,0.08431096648564562,9.708291,2.259738997963723,3.337284997542156,0.17309188842773438,24453,24291,0.010934097611895873,0.006,0.13,-0.17,3,2,0,24453,18953837,30.6,0.009934097611895874,0.002,-0.05,0.15,2,2,0,24453,18953837,30.6,-0.7940659023881042,-0.801,0.02,0.05,0,2,0,24453,18953837,31.9,-0.804065902388104,-0.812,0.04,0.17,11,2,0,24453,18953837,30.6,0.004934097611895873,-0.003,0.13,0.21,12,2,0,24453,18953837,31.9,0.008934097611895873,0.001,0.08,0.28,3,2,0,24291,18953836,29.9,0.012934097611895873,0.006,0.04,0.13,13,2,0,24291,18953836,29.9,-0.8150659023881041,-0.823,0.01,0.16,11,2,0,24291,18953836,30.6,0.006934097611895873,-0.002,0.12,0.1,12,2,0,24291,18953836,29.9,-0.7990659023881042,-0.806,0.12,0.03,12,2,0,24291,18953836,29.9
354,18929315237682,18929324143254,sine_0.7hz,1.5800842459975684,19.195967,0.08424596308032051,8.905572,1.5298210018954705,2.5754620000952855,0.20313262939453125,24454,24292,0.012363018333545688,0.007,0.24,-0.13,8,2,0,24454,18953857,30.6,0.011363018333545687,0.003,0.08,0.3,7,2,0,24454,18953857,30.6,-0.7926369816664544,-0.8,0.14,0.18,5,2,0,24454,18953857,31.9,-0.8026369816664543,-0.81,0.0,0.32,1,2,0,24454,18953857,30.6,0.006363018333545687,-0.001,0.05,0.3,2,2,0,24454,18953857,31.9,0.010363018333545687,0.002,0.11,0.13,9,2,0,24292,18953857,29.9,0.014363018333545688,0.008,0.04,0.09,4,2,0,24292,18953857,29.9,-0.8136369816664543,-0.821,0.05,0.13,2,2,0,24292,18953857,30.6,0.008363018333545687,0.002,0.01,0.17,3,2,0,24292,18953857,29.9,-0.7976369816664544,-0.803,0.05,0.18,3,2,0,24292,18953857,29.9
355,18929335237553,18929344166293,sine_0.7hz,1.600083924997307,20.023039,0.08392496238229796,8.92874,1.5369899992947467,2.576167000370333,0.20456314086914062,24455,24293,0.013696322744405775,0.009,0.21,0.03,13,2,0,24455,18953877,30.6,0.012696322744405776,0.004,0.16,0.2,12,2,0,24455,18953877,30.6,-0.7913036772555943,-0.799,-0.06,0.22,10,2,0,24455,18953877,31.9,-0.8013036772555941,-0.81,0.07,0.25,6,2,0,24455,18953877,30.6,0.007696322744405775,0.0,0.04,0.11,7,2,0,24455,18953877,31.9,0.011696322744405775,0.004,0.04,0.13,13,2,0,24293,18953876,29.9,0.015696322744405775,0.009,0.07,0.26,8,2,0,24293,18953876,29.9,-0.8123036772555942,-0.821,-0.05,0.4,6,2,0,24293,18953876,30.6,0.009696322744405775,0.003,-0.01,0.09,7,2,0,24293,18953876,29.9,-0.7963036772555943,-0.802,0.02,0.23,7,2,0,24293,18953876,29.9
356,18929355237264,18929364078993,sine_0.7hz,1.620081843000662,19.9127,0.08184296530089341,8.841729,1.4890190032019746,2.5246760014852043,0.171661376953125,24456,24294,0.014923616751977887,0.011,0.05,-0.09,3,2,0,24456,18953897,30.6,0.013923616751977886,0.007,0.12,0.16,2,2,0,24456,18953897,30.6,-0.7900763832480222,-0.797,0.11,0.11,0,2,0,24456,18953897,31.9,-0.8000763832480221,-0.808,0.1,0.33,11,2,0,24456,18953897,30.6,0.008923616751977887,0.002,0.23,0.17,12,2,0,24456,18953897,31.9,0.012923616751977887,0.006,-0.09,0.16,3,2,0,24294,18953896,29.9,0.016923616751977885,0.009,0.01,0.26,13,2,0,24294,18953896,29.9,-0.8110763832480221,-0.82,-0.02,0.39,11,2,0,24294,18953896,30.6,0.010923616751977887,0.004,0.1,-0.01,12,2,0,24294,18953896,29.9,-0.7950763832480222,-0.801,0.15,0.06,12,2,0,24294,18953896,29.9
357,18929375237902,18929384168755,sine_0.7hz,1.6400835379972705,20.089762,0.08353796147275716,8.930853,1.5588150017720181,2.598023998871213,0.2117156982421875,24457,24295,0.016035732251857653,0.011,0.06,0.13,8,2,0,24457,18953917,30.6,0.015035732251857652,0.008,0.13,0.06,7,2,0,24457,18953917,30.6,-0.7889642677481424,-0.795,0.04,0.02,5,2,0,24457,18953917,31.9,-0.7989642677481423,-0.807,0.08,0.3,1,2,0,24457,18953917,30.6,0.010035732251857653,0.005,0.07,0.03,2,2,0,24457,18953917,31.9,0.014035732251857653,0.007,0.05,0.2,8,2,0,24295,18953916,29.9,0.01803573225185765,0.011,0.09,0.19,3,2,0,24295,18953916,29.9,-0.8099642677481423,-0.819,0.08,0.2,1,2,0,24295,18953916,30.6,0.012035732251857653,0.006,-0.16,0.17,2,2,0,24295,18953916,29.9,-0.7939642677481424,-0.799,-0.07,0.05,2,2,0,24295,18953916,29.9
358,18929395253165,18929404940144,sine_0.7hz,1.6600863530002243,20.771389,0.0863529639900662,9.686979,2.2410179990401957,3.325796998979058,0.1728534698486328,24458,24296,0.01702387763822475,0.012,0.06,0.2,13,2,0,24458,18953937,30.6,0.01602387763822475,0.01,-0.12,-0.01,12,2,0,24458,18953937,30.6,-0.7879761223617753,-0.794,0.13,0.23,10,2,0,24458,18953937,31.9,-0.7979761223617752,-0.805,0.0,0.31,6,2,0,24458,18953937,30.6,0.01102387763822475,0.006,0.15,0.14,7,2,0,24458,18953937,31.9,0.01502387763822475,0.007,-0.04,0.36,13,2,0,24296,18953936,29.9,0.019023877638224752,0.012,0.15,0.21,8,2,0,24296,18953936,29.9,-0.8089761223617752,-0.818,0.21,0.39,6,2,0,24296,18953936,30.6,0.01302387763822475,0.006,0.02,0.33,7,2,0,24296,18953936,29.9,-0.7929761223617753,-0.799,-0.07,0.23,7,2,0,24296,18953936,29.9
359,18929415237611,18929424184433,sine_0.7hz,1.6800828310006182,19.244289,0.08283096394734457,8.946822,1.5051160007715225,2.5442940022912808,0.2079010009765625,24459,24297,0.017880094304343078,0.014,-0.04,0.15,3,2,0,24459,18953957,30.6,0.016880094304343077,0.012,-0.03,0.1,2,2,0,24459,18953957,30.6,-0.7871199056956569,-0.793,0.09,0.26,0,2,0,24459,18953957,31.9,-0.7971199056956568,-0.804,0.24,0.23,11,2,0,24459,18953957,30.6,0.011880094304343078,0.007,0.19,0.11,12,2,0,24459,18953957,31.9,0.015880094304343076,0.009,0.04,0.26,4,2,0,24297,18953957,29.9,0.01988009430434308,0.013,0.05,0.06,14,2,0,24297,18953957,29.9,-0.8081199056956568,-0.817,0.14,0.26,12,2,0,24297,18953957,30.6,0.013880094304343078,0.008,0.17,0.19,13,2,0,24297,18953957,29.9,-0.7921199056956569,-0.798,0.11,0.13,13,2,0,24297,18953957,29.9
360,18929435236778,18929444296180,sine_0.7hz,1.7000827659976494,20.111747,0.08276596054201946,9.059402,1.5486379998037592,2.596903999801725,0.2071857452392578,24460,24298,0.018598208608115705,0.015,0.03,0.15,8,2,0,24460,18953977,30.6,0.017598208608115704,0.012,-0.07,0.11,7,2,0,24460,18953977,30.6,-0.7864017913918844,-0.792,0.02,0.16,5,2,0,24460,18953977,31.9,-0.7964017913918843,-0.802,-0.04,0.14,1,2,0,24460,18953977,30.6,0.012598208608115705,0.008,-0.04,0.15,2,2,0,24460,18953977,31.9,0.016598208608115707,0.01,-0.03,0.13,8,2,0,24298,18953976,29.9,0.020598208608115703,0.016,0.25,0.15,3,2,0,24298,18953976,29.9,-0.8074017913918843,-0.815,0.21,0.36,1,2,0,24298,18953976,30.6,0.014598208608115705,0.01,-0.1,-0.01,2,2,0,24298,18953976,29.9,-0.7914017913918844,-0.797,0.05,0.31,2,2,0,24298,18953976,29.9
361,18929455236713,18929464645760,sine_0.7hz,1.7200822199993127,20.34958,0.08221996176871471,9.409047,1.9983519996458199,3.0818189989076927,0.1728534698486328,24461,24299,0.01917249591408253,0.016,0.09,-0.04,13,2,0,24461,18953997,30.6,0.01817249591408253,0.013,0.23,0.2,12,2,0,24461,18953997,30.6,-0.7858275040859175,-0.791,0.07,0.24,10,2,0,24461,18953997,31.9,-0.7958275040859174,-0.802,0.15,0.33,6,2,0,24461,18953997,30.6,0.01317249591408253,0.008,0.04,0.24,7,2,0,24461,18953997,31.9,0.017172495914082528,0.01,0.06,0.17,13,2,0,24299,18953996,29.9,0.02117249591408253,0.017,0.02,0.25,8,2,0,24299,18953996,29.9,-0.8068275040859174,-0.813,0.07,0.27,6,2,0,24299,18953996,30.6,0.01517249591408253,0.011,-0.03,0.02,7,2,0,24299,18953996,29.9,-0.7908275040859175,-0.796,0.12,0.12,7,2,0,24299,18953996,29.9
362,18929475238215,18929484597501,sine_0.7hz,1.7400838829998975,19.951741,0.08388296191697009,9.359286,1.9315009994897991,3.0158970002958085,0.17213821411132812,24462,24300,0.019598573320763053,0.017,-0.22,0.04,3,2,0,24462,18954017,30.6,0.01859857332076305,0.014,-0.02,0.33,2,2,0,24462,18954017,30.6,-0.785401426679237,-0.789,-0.03,0.15,0,2,0,24462,18954017,31.9,-0.7954014266792369,-0.8,0.25,0.36,11,2,0,24462,18954017,30.6,0.013598573320763052,0.008,0.03,0.02,12,2,0,24462,18954017,31.9,0.017598573320763054,0.012,-0.01,0.15,3,2,0,24300,18954016,29.9,0.02159857332076305,0.017,-0.14,0.21,13,2,0,24300,18954016,29.9,-0.8064014266792369,-0.812,0.16,0.15,11,2,0,24300,18954016,30.6,0.015598573320763053,0.012,0.16,0.11,12,2,0,24300,18954016,29.9,-0.790401426679237,-0.795,0.09,0.09,12,2,0,24300,18954016,29.9
363,18929495239814,18929504623197,sine_0.7hz,1.7600851299976057,20.025696,0.08512995918863453,9.383383,1.9911519993911497,3.060570001252927,0.17595291137695312,24463,24301,0.01987306993407698,0.017,0.07,0.06,8,2,0,24463,18954037,30.6,0.018873069934076978,0.014,0.01,0.03,7,2,0,24463,18954037,30.6,-0.785126930065923,-0.789,0.05,0.0,5,2,0,24463,18954037,31.9,-0.7951269300659229,-0.8,-0.01,0.09,1,2,0,24463,18954037,30.6,0.013873069934076979,0.009,0.09,0.22,2,2,0,24463,18954037,31.9,0.01787306993407698,0.013,-0.11,0.1,8,2,0,24301,18954036,29.9,0.021873069934076977,0.018,0.01,0.29,3,2,0,24301,18954036,29.9,-0.806126930065923,-0.812,0.04,0.43,1,2,0,24301,18954036,30.6,0.01587306993407698,0.013,-0.13,0.08,2,2,0,24301,18954036,29.9,-0.790126930065923,-0.794,0.16,0.17,2,2,0,24301,18954036,29.9
364,18929515237572,18929524176969,sine_0.7hz,1.7800835279995226,19.553772,0.08352796066901647,8.939397,1.5169889993558172,2.5646459980634972,0.2014636993408203,24464,24302,0.019993867079983664,0.017,-0.02,-0.01,13,2,0,24464,18954057,30.6,0.018993867079983663,0.014,-0.01,0.22,12,2,0,24464,18954057,30.6,-0.7850061329200164,-0.787,0.05,-0.03,10,2,0,24464,18954057,31.9,-0.7950061329200163,-0.799,-0.08,0.25,6,2,0,24464,18954057,30.6,0.013993867079983664,0.01,-0.01,0.12,7,2,0,24464,18954057,31.9,0.017993867079983662,0.014,-0.03,0.26,13,2,0,24302,18954056,29.9,0.021993867079983666,0.018,-0.08,0.31,8,2,0,24302,18954056,29.9,-0.8060061329200163,-0.812,-0.01,0.16,6,2,0,24302,18954056,30.6,0.015993867079983664,0.013,-0.01,0.23,7,2,0,24302,18954056,29.9,-0.7900061329200164,-0.793,0.18,0.06,7,2,0,24302,18954056,29.9
365,18929535235363,18929545014570,sine_0.7hz,1.8000821189998533,20.837601,0.08211896056309342,9.779207,2.2891789994901046,3.3809990018198732,0.17499923706054688,24465,24303,0.019960079695284117,0.018,0.14,-0.1,3,2,0,24465,18954077,30.6,0.018960079695284116,0.015,-0.04,0.21,2,2,0,24465,18954077,30.6,-0.7850399203047159,-0.786,0.04,-0.03,0,2,0,24465,18954077,31.9,-0.7950399203047158,-0.799,0.06,0.13,11,2,0,24465,18954077,30.6,0.013960079695284117,0.01,0.02,0.05,12,2,0,24465,18954077,31.9,0.01796007969528412,0.015,-0.14,0.0,3,2,0,24303,18954076,29.9,0.021960079695284115,0.019,0.1,0.12,13,2,0,24303,18954076,29.9,-0.8060399203047158,-0.811,-0.06,0.42,11,2,0,24303,18954076,30.6,0.015960079695284117,0.013,0.05,0.02,12,2,0,24303,18954076,29.9,-0.7900399203047159,-0.793,0.09,0.15,12,2,0,24303,18954076,29.9
366,18929555239874,18929564144933,sine_0.7hz,1.8200857339979848,19.130363,0.08573395825806074,8.905059,1.5088279978954233,2.5671110015537124,0.202178955078125,24466,24304,0.019771900554298522,0.018,-0.02,-0.03,8,2,0,24466,18954097,30.6,0.01877190055429852,0.015,0.02,0.16,7,2,0,24466,18954097,30.6,-0.7852280994457015,-0.786,-0.12,0.02,5,2,0,24466,18954097,31.9,-0.7952280994457014,-0.799,-0.09,0.0,1,2,0,24466,18954097,30.6,0.013771900554298522,0.011,0.0,0.2,2,2,0,24466,18954097,31.9,0.017771900554298524,0.015,0.04,0.05,9,2,0,24304,18954097,29.9,0.02177190055429852,0.019,0.01,0.2,4,2,0,24304,18954097,29.9,-0.8062280994457014,-0.811,0.01,0.02,2,2,0,24304,18954097,30.6,0.015771900554298522,0.014,0.07,0.11,3,2,0,24304,18954097,29.9,-0.7902280994457015,-0.793,-0.06,0.07,3,2,0,24304,18954097,29.9
367,18929575236160,18929584653240,sine_0.7hz,1.8400822439980402,20.508307,0.08224395787692629,9.41708,2.038000999164069,3.1154850003076717,0.17333030700683594,24467,24305,0.01943092242081316,0.018,-0.08,0.04,13,2,0,24467,18954117,30.6,0.018430922420813158,0.015,0.09,0.35,12,2,0,24467,18954117,30.6,-0.7855690775791869,-0.786,-0.07,0.01,10,2,0,24467,18954117,31.9,-0.7955690775791868,-0.798,0.03,0.1,6,2,0,24467,18954117,30.6,0.013430922420813158,0.012,0.06,-0.03,7,2,0,24467,18954117,31.9,0.017430922420813157,0.015,-0.01,0.18,13,2,0,24305,18954116,29.9,0.02143092242081316,0.019,-0.2,0.03,8,2,0,24305,18954116,29.9,-0.8065690775791868,-0.811,-0.1,0.24,6,2,0,24305,18954116,30.6,0.015430922420813158,0.014,0.15,0.0,7,2,0,24305,18954116,29.9,-0.7905690775791869,-0.793,-0.01,0.13,7,2,0,24305,18954116,29.9
368,18929595238431,18929604735130,sine_0.7hz,1.8600821149993862,20.08189,0.08211495878640562,9.496699,2.0976519990654197,3.1729260008432902,0.17309188842773438,24468,24306,0.018939646620650175,0.018,0.09,0.04,3,2,0,24468,18954137,30.6,0.017939646620650174,0.016,-0.03,-0.04,2,2,0,24468,18954137,30.6,-0.7860603533793499,-0.786,0.0,0.0,0,2,0,24468,18954137,31.9,-0.7960603533793498,-0.798,0.04,0.14,11,2,0,24468,18954137,30.6,0.012939646620650174,0.012,0.07,0.1,12,2,0,24468,18954137,31.9,0.016939646620650173,0.015,-0.01,0.09,3,2,0,24306,18954136,29.9,0.020939646620650176,0.019,0.05,0.26,13,2,0,24306,18954136,29.9,-0.8070603533793498,-0.811,-0.14,0.18,11,2,0,24306,18954136,30.6,0.014939646620650174,0.014,-0.05,0.11,12,2,0,24306,18954136,29.9,-0.7910603533793499,-0.792,0.02,0.29,12,2,0,24306,18954136,29.9
369,18929615237950,18929624122912,sine_0.7hz,1.880084160999104,19.387782,0.084160958067514,8.884962,1.509788002294954,2.5559099995007273,0.20122528076171875,24469,24307,0.018301839406294203,0.018,-0.03,0.08,8,2,0,24469,18954157,30.6,0.017301839406294203,0.016,-0.03,0.39,7,2,0,24469,18954157,30.6,-0.7866981605937059,-0.786,0.01,-0.06,5,2,0,24469,18954157,31.9,-0.7966981605937058,-0.798,0.0,0.02,1,2,0,24469,18954157,30.6,0.012301839406294203,0.012,0.02,-0.04,2,2,0,24469,18954157,31.9,0.016301839406294205,0.015,0.06,0.06,8,2,0,24307,18954156,29.9,0.020301839406294202,0.019,0.11,0.0,3,2,0,24307,18954156,29.9,-0.8076981605937058,-0.811,-0.13,0.37,1,2,0,24307,18954156,30.6,0.014301839406294203,0.014,0.05,0.1,2,2,0,24307,18954156,29.9,-0.7916981605937059,-0.793,0.02,0.13,2,2,0,24307,18954156,29.9
370,18929635238716,18929644129279,sine_0.7hz,1.9000836800005345,20.006367,0.08367995906155556,8.890563,1.56335800056695,2.612423999380553,0.20360946655273438,24470,24308,0.017522586284261902,0.018,-0.01,-0.01,13,2,0,24470,18954177,30.6,0.0165225862842619,0.016,-0.23,0.2,12,2,0,24470,18954177,30.6,-0.7874774137157381,-0.786,0.01,0.13,10,2,0,24470,18954177,31.9,-0.797477413715738,-0.798,-0.06,0.26,6,2,0,24470,18954177,30.6,0.011522586284261902,0.012,0.02,0.09,7,2,0,24470,18954177,31.9,0.015522586284261902,0.015,0.02,0.07,13,2,0,24308,18954176,29.9,0.0195225862842619,0.019,0.03,0.25,8,2,0,24308,18954176,29.9,-0.808477413715738,-0.812,-0.1,0.13,5,2,0,24308,18954176,30.6,0.013522586284261902,0.014,0.16,0.03,7,2,0,24308,18954176,29.9,-0.7924774137157381,-0.793,-0.09,0.16,7,2,0,24308,18954176,29.9
371,18929655236635,18929664105981,sine_0.7hz,1.9200821109989192,19.976702,0.08211095700971782,8.869346,1.5188440011115745,2.5618949985073414,0.17189979553222656,24471,24309,0.016607894665695552,0.018,0.01,-0.1,3,2,0,24471,18954197,30.6,0.015607894665695551,0.016,0.05,-0.06,2,2,0,24471,18954197,30.6,-0.7883921053343045,-0.786,-0.15,0.07,0,2,0,24471,18954197,31.9,-0.7983921053343044,-0.798,-0.04,0.16,11,2,0,24471,18954197,30.6,0.010607894665695552,0.012,-0.01,0.06,12,2,0,24471,18954197,31.9,0.014607894665695552,0.015,0.06,-0.1,3,2,0,24309,18954196,29.9,0.018607894665695554,0.019,-0.04,0.02,13,2,0,24309,18954196,29.9,-0.8093921053343044,-0.811,0.0,0.24,10,2,0,24309,18954196,30.6,0.012607894665695552,0.014,-0.01,0.31,12,2,0,24309,18954196,29.9,-0.7933921053343045,-0.793,-0.01,0.01,12,2,0,24309,18954196,29.9
372,18929675237530,18929684081851,sine_0.7hz,1.9400834849984676,19.97587,0.08348495612153783,8.844321,1.5005079985712655,2.5378289974469226,0.1697540283203125,24472,24310,0.015564635389749485,0.017,-0.12,0.11,8,2,0,24472,18954217,30.6,0.014564635389749486,0.016,0.22,-0.06,7,2,0,24472,18954217,30.6,-0.7894353646102505,-0.786,0.0,-0.11,5,2,0,24472,18954217,31.9,-0.7994353646102504,-0.799,-0.12,0.08,1,2,0,24472,18954217,30.6,0.009564635389749485,0.012,-0.05,0.05,2,2,0,24472,18954217,31.9,0.013564635389749485,0.015,0.1,0.06,8,2,0,24310,18954216,29.9,0.017564635389749485,0.018,0.06,0.3,2,2,0,24310,18954216,29.9,-0.8104353646102505,-0.811,0.02,0.14,0,2,0,24310,18954216,30.6,0.011564635389749485,0.013,0.05,0.17,2,2,0,24310,18954216,29.9,-0.7944353646102505,-0.793,-0.15,-0.09,2,2,0,24310,18954216,29.9
373,18929695234808,18929704851288,sine_0.7hz,1.9600809240000672,20.769437,0.08092395728453994,9.61648,2.1513819992833305,3.2355530020140577,0.17499923706054688,24473,24311,0.014401241851190386,0.017,0.05,-0.05,13,2,0,24473,18954237,30.6,0.013401241851190387,0.016,0.04,0.12,12,2,0,24473,18954237,30.6,-0.7905987581488096,-0.786,0.04,0.01,10,2,0,24473,18954237,31.9,-0.8005987581488095,-0.799,-0.09,0.23,6,2,0,24473,18954237,30.6,0.008401241851190386,0.012,0.08,0.02,7,2,0,24473,18954237,31.9,0.012401241851190386,0.015,-0.07,0.08,13,2,0,24311,18954236,29.9,0.016401241851190386,0.018,-0.07,0.1,7,2,0,24311,18954236,29.9,-0.8115987581488096,-0.812,-0.01,-0.15,5,2,0,24311,18954236,30.6,0.010401241851190386,0.013,-0.12,-0.05,6,2,0,24311,18954236,29.9,-0.7955987581488096,-0.793,0.15,0.08,7,2,0,24311,18954236,29.9
374,18929715238583,18929724134010,sine_0.7hz,1.9800837069997215,19.282722,0.08370695650228299,8.895427,1.5209250013867859,2.5692229974083602,0.20456314086914062,24474,24312,0.013126160482032108,0.017,0.02,-0.05,3,2,0,24474,18954257,30.6,0.012126160482032109,0.014,-0.01,-0.13,2,2,0,24474,18954257,30.6,-0.791873839517968,-0.787,-0.04,-0.22,15,2,0,24474,18954257,31.9,-0.8018738395179679,-0.799,0.06,-0.06,11,2,0,24474,18954257,30.6,0.007126160482032108,0.012,0.09,0.09,12,2,0,24474,18954257,31.9,0.011126160482032108,0.014,0.02,-0.04,3,2,0,24312,18954256,29.9,0.015126160482032108,0.018,-0.04,-0.02,12,2,0,24312,18954256,29.9,-0.8128738395179679,-0.812,-0.03,0.13,10,2,0,24312,18954256,30.6,0.009126160482032108,0.013,-0.07,0.08,11,2,0,24312,18954256,29.9,-0.796873839517968,-0.794,0.04,-0.02,12,2,0,24312,18954256,29.9
375,18929735237397,18929744166874,sine_0.7hz,2.0000825850002,20.032864,0.08258495654445142,8.929477,1.5556780017504934,2.5956239987863228,0.20360946655273438,24475,24313,0.011749827121196278,0.017,-0.05,-0.21,8,2,0,24475,18954277,30.6,0.010749827121196279,0.014,0.12,-0.18,7,2,0,24475,18954277,30.6,-0.7932501728788037,-0.787,0.09,-0.38,5,2,0,24475,18954277,31.9,-0.8032501728788036,-0.8,-0.01,0.05,0,2,0,24475,18954277,30.6,0.005749827121196278,0.011,-0.09,-0.09,2,2,0,24475,18954277,31.9,0.009749827121196278,0.014,0.13,0.01,8,2,0,24313,18954276,29.9,0.013749827121196278,0.017,-0.09,-0.07,2,2,0,24313,18954276,29.9,-0.8142501728788036,-0.812,-0.01,-0.03,0,2,0,24313,18954276,30.6,0.007749827121196278,0.012,-0.11,-0.19,1,2,0,24313,18954276,29.9,-0.7982501728788037,-0.794,-0.06,-0.03,2,2,0,24313,18954276,29.9
376,18929755235540,18929764207034,sine_0.7hz,2.0200820719983312,20.04016,0.08207195423892699,8.971494,1.535070001409622,2.573926998593379,0.2105236053466797,24476,24314,0.01028259915174874,0.016,0.0,-0.17,13,2,0,24476,18954297,30.6,0.009282599151748741,0.013,-0.04,-0.08,12,2,0,24476,18954297,30.6,-0.7947174008482513,-0.788,0.05,-0.15,10,2,0,24476,18954297,31.9,-0.8047174008482512,-0.801,-0.15,-0.04,5,2,0,24476,18954297,30.6,0.00428259915174874,0.009,-0.23,-0.01,7,2,0,24476,18954297,31.9,0.00828259915174874,0.014,-0.05,-0.05,13,2,0,24314,18954296,29.9,0.01228259915174874,0.017,-0.13,-0.07,7,2,0,24314,18954296,29.9,-0.8157174008482512,-0.812,0.13,-0.2,5,2,0,24314,18954296,30.6,0.00628259915174874,0.012,-0.02,-0.12,6,2,0,24314,18954296,29.9,-0.7997174008482513,-0.794,0.01,-0.11,7,2,0,24314,18954296,29.9
377,18929775237715,18929784137718,sine_0.7hz,2.040083093997964,19.930684,0.08309395343530923,8.900003,1.4961229971959256,2.548102002037922,0.1709461212158203,24477,24315,0.008735740699702744,0.015,0.04,-0.24,3,2,0,24477,18954317,30.6,0.007735740699702744,0.012,-0.15,-0.22,2,2,0,24477,18954317,30.6,-0.7962642593002973,-0.789,-0.22,-0.11,15,2,0,24477,18954317,31.9,-0.8062642593002972,-0.802,-0.09,-0.09,10,2,0,24477,18954317,30.6,0.002735740699702744,0.008,-0.17,-0.06,12,2,0,24477,18954317,31.9,0.006735740699702744,0.012,-0.04,-0.09,3,2,0,24315,18954316,29.9,0.010735740699702744,0.016,-0.2,-0.24,12,2,0,24315,18954316,29.9,-0.8172642593002972,-0.813,-0.15,-0.15,10,2,0,24315,18954316,30.6,0.004735740699702744,0.011,-0.13,-0.23,11,2,0,24315,18954316,29.9,-0.8012642593002973,-0.795,-0.12,-0.11,12,2,0,24315,18954316,29.9
378,18929795239153,18929804978678,sine_0.7hz,2.060083221000241,20.84096,0.0832209552754648,9.739525,2.236890002677683,3.347685997141525,0.17523765563964844,24478,24316,0.00712139734047056,0.014,-0.05,-0.13,8,2,0,24478,18954337,30.6,0.00612139734047056,0.011,-0.09,-0.11,7,2,0,24478,18954337,30.6,-0.7978786026595295,-0.792,-0.03,-0.08,5,2,0,24478,18954337,31.9,-0.8078786026595294,-0.803,-0.02,-0.24,0,2,0,24478,18954337,30.6,0.0011213973404705603,0.007,-0.06,-0.28,2,2,0,24478,18954337,31.9,0.00512139734047056,0.011,-0.16,-0.15,8,2,0,24316,18954336,29.9,0.009121397340470561,0.016,-0.17,-0.15,2,2,0,24316,18954336,29.9,-0.8188786026595294,-0.814,-0.06,-0.14,0,2,0,24316,18954336,30.6,0.0031213973404705603,0.01,-0.11,-0.18,1,2,0,24316,18954336,29.9,-0.8028786026595295,-0.797,-0.1,0.1,2,2,0,24316,18954336,29.9
379,18929815241552,18929824900146,sine_0.7hz,2.080085875997611,19.921468,0.08587595220888034,9.658594,2.119636999850627,3.2149440012290142,0.1728534698486328,24479,24317,0.00545177111860317,0.013,-0.18,-0.4,13,2,0,24479,18954357,30.6,0.00445177111860317,0.011,0.06,-0.05,12,2,0,24479,18954357,30.6,-0.7995482288813969,-0.794,-0.16,0.0,10,2,0,24479,18954357,31.9,-0.8095482288813968,-0.804,-0.15,-0.09,5,2,0,24479,18954357,30.6,-0.0005482288813968301,0.006,-0.06,-0.2,7,2,0,24479,18954357,31.9,0.00345177111860317,0.01,-0.22,-0.12,14,2,0,24317,18954357,29.9,0.00745177111860317,0.014,-0.01,-0.03,8,2,0,24317,18954357,29.9,-0.8205482288813968,-0.815,-0.11,-0.02,6,2,0,24317,18954357,30.6,0.00145177111860317,0.009,-0.11,-0.41,7,2,0,24317,18954357,29.9,-0.8045482288813969,-0.799,-0.26,-0.16,8,2,0,24317,18954357,29.9
380,18929835237903,18929845370659,sine_0.7hz,2.100084882000374,20.470513,0.08488195453537628,10.132756,2.7198530005989596,3.7617499983753078,0.17380714416503906,24480,24318,0.0037402916741982664,0.011,-0.07,-0.13,3,2,0,24480,18954377,30.6,0.0027402916741982664,0.01,-0.12,-0.33,2,2,0,24480,18954377,30.6,-0.8012597083258017,-0.795,-0.04,-0.21,15,2,0,24480,18954377,31.9,-0.8112597083258016,-0.805,-0.21,-0.06,10,2,0,24480,18954377,30.6,-0.0022597083258017337,0.005,0.07,-0.02,12,2,0,24480,18954377,31.9,0.0017402916741982664,0.007,-0.1,-0.09,3,2,0,24318,18954376,29.9,0.0057402916741982665,0.013,-0.01,-0.11,12,2,0,24318,18954376,29.9,-0.8222597083258016,-0.816,-0.27,-0.01,10,2,0,24318,18954376,30.6,-0.00025970832580173367,0.008,0.12,-0.12,11,2,0,24318,18954376,29.9,-0.8062597083258017,-0.8,-0.1,0.05,12,2,0,24318,18954376,29.9
381,18929855234125,18929864154161,sine_0.7hz,2.1200810089976585,18.783502,0.08100895138341002,8.920036,1.5108769985090476,2.549477998400107,0.19979476928710938,24481,24319,0.002000144224821753,0.01,-0.27,-0.33,8,2,0,24481,18954397,30.6,0.001000144224821753,0.009,0.09,-0.21,7,2,0,24481,18954397,30.6,-0.8029998557751783,-0.797,-0.05,-0.03,5,2,0,24481,18954397,31.9,-0.8129998557751782,-0.807,-0.18,-0.12,0,2,0,24481,18954397,30.6,-0.003999855775178247,0.003,-0.06,-0.08,2,2,0,24481,18954397,31.9,1.4422482175289325e-07,0.006,-0.21,-0.04,9,2,0,24319,18954397,29.9,0.004000144224821753,0.01,-0.19,0.02,3,2,0,24319,18954397,29.9,-0.8239998557751782,-0.82,-0.02,0.0,1,2,0,24319,18954397,30.6,-0.001999855775178247,0.006,-0.14,-0.13,2,2,0,24319,18954397,29.9,-0.8079998557751783,-0.802,0.04,-0.21,3,2,0,24319,18954397,29.9
382,18929875236044,18929884141520,sine_0.7hz,2.1400826719982433,19.987359,0.0826719515316654,8.905476,1.5002519976405893,2.548710002884036,0.2014636993408203,24482,24320,0.00024404914661094326,0.009,-0.11,-0.36,13,2,0,24482,18954417,30.6,-0.0007559508533890567,0.008,-0.15,-0.29,12,2,0,24482,18954417,30.6,-0.8047559508533891,-0.798,-0.25,0.04,10,2,0,24482,18954417,31.9,-0.814755950853389,-0.808,-0.09,-0.01,5,2,0,24482,18954417,30.6,-0.005755950853389057,0.002,-0.13,-0.11,7,2,0,24482,18954417,31.9,-0.0017559508533890567,0.005,-0.08,-0.32,13,2,0,24320,18954416,29.9,0.002244049146610943,0.008,-0.23,-0.03,7,2,0,24320,18954416,29.9,-0.825755950853389,-0.822,-0.02,0.0,5,2,0,24320,18954416,30.6,-0.003755950853389057,0.003,-0.19,-0.02,6,2,0,24320,18954416,29.9,-0.8097559508533891,-0.803,-0.16,-0.18,7,2,0,24320,18954416,29.9
383,18929895237099,18929904787688,sine_0.7hz,2.1600833739976224,20.646168,0.08337395047419704,9.550589,2.14654900264577,3.219841000827728,0.1735687255859375,24483,24321,-0.0015138491324693181,0.007,0.02,-0.13,3,2,0,24483,18954437,30.6,-0.002513849132469318,0.004,-0.23,0.1,2,2,0,24483,18954437,30.6,-0.8065138491324694,-0.8,-0.26,-0.07,15,2,0,24483,18954437,31.9,-0.8165138491324693,-0.81,-0.02,0.0,10,2,0,24483,18954437,30.6,-0.007513849132469318,0.001,-0.22,-0.24,11,2,0,24483,18954437,31.9,-0.003513849132469318,0.003,-0.06,-0.12,3,2,0,24321,18954436,29.9,0.0004861508675306819,0.007,-0.06,-0.22,12,2,0,24321,18954436,29.9,-0.8275138491324693,-0.822,0.02,-0.14,10,2,0,24321,18954436,30.6,-0.005513849132469318,0.002,-0.12,-0.11,11,2,0,24321,18954436,29.9,-0.8115138491324694,-0.804,0.0,-0.15,12,2,0,24321,18954436,29.9
384,18929915237449,18929924736389,sine_0.7hz,2.1800838529998146,19.948701,0.08385295222979039,9.49894,2.096372001687996,3.1728939975437243,0.1728534698486328,24484,24322,-0.00326002097188633,0.006,-0.07,-0.16,8,2,0,24484,18954457,30.6,-0.00426002097188633,0.001,-0.13,0.0,7,2,0,24484,18954457,30.6,-0.8082600209718864,-0.803,-0.16,-0.21,5,2,0,24484,18954457,31.9,-0.8182600209718863,-0.813,-0.19,-0.08,0,2,0,24484,18954457,30.6,-0.009260020971886329,-0.002,0.02,0.11,1,2,0,24484,18954457,31.9,-0.00526002097188633,0.002,-0.09,-0.09,8,2,0,24322,18954456,29.9,-0.0012600209718863298,0.005,-0.02,-0.32,2,2,0,24322,18954456,29.9,-0.8292600209718863,-0.823,0.03,-0.23,0,2,0,24322,18954456,30.6,-0.00726002097188633,-0.001,-0.22,-0.14,1,2,0,24322,18954456,29.9,-0.8132600209718864,-0.805,-0.11,-0.24,2,2,0,24322,18954456,29.9
385,18929935239016,18929944196206,sine_0.7hz,2.2000833399979456,19.459817,0.08333994992426597,8.95719,1.5636150019417983,2.6184409980487544,0.20837783813476562,24485,24323,-0.004980898062236942,0.005,-0.18,-0.32,13,2,0,24485,18954477,30.6,-0.005980898062236942,0.0,-0.1,-0.13,11,2,0,24485,18954477,30.6,-0.8099808980622369,-0.804,-0.07,0.16,10,2,0,24485,18954477,31.9,-0.8199808980622368,-0.814,-0.07,-0.18,5,2,0,24485,18954477,30.6,-0.010980898062236942,-0.004,0.05,-0.24,6,2,0,24485,18954477,31.9,-0.006980898062236942,0.0,-0.15,-0.26,13,2,0,24323,18954476,29.9,-0.0029808980622369422,0.004,-0.23,0.05,7,2,0,24323,18954476,29.9,-0.8309808980622369,-0.824,0.03,-0.14,5,2,0,24323,18954476,30.6,-0.008980898062236942,-0.002,-0.11,-0.18,6,2,0,24323,18954476,29.9,-0.814980898062237,-0.807,-0.16,-0.18,7,2,0,24323,18954476,29.9
386,18929955234470,18929964160331,sine_0.7hz,2.220082249998086,19.964125,0.08224994962802157,8.925861,1.5147170015552547,2.5529979975544848,0.20766258239746094,24486,24324,-0.006663213074002076,0.002,-0.2,-0.08,3,2,0,24486,18954497,30.6,-0.007663213074002076,-0.001,0.0,-0.21,1,2,0,24486,18954497,30.6,-0.8116632130740021,-0.806,-0.09,-0.18,15,2,0,24486,18954497,31.9,-0.821663213074002,-0.815,-0.09,0.01,10,2,0,24486,18954497,30.6,-0.012663213074002075,-0.005,-0.04,-0.11,11,2,0,24486,18954497,31.9,-0.008663213074002075,-0.002,-0.1,-0.34,3,2,0,24324,18954496,29.9,-0.0046632130740020756,0.003,-0.11,-0.25,12,2,0,24324,18954496,29.9,-0.832663213074002,-0.826,-0.18,-0.11,10,2,0,24324,18954496,30.6,-0.010663213074002077,-0.003,-0.12,0.0,11,2,0,24324,18954496,29.9,-0.8166632130740021,-0.809,-0.2,-0.03,12,2,0,24324,18954496,29.9
387,18929975238053,18929984416724,sine_0.7hz,2.2400820570001088,20.256393,0.08205695121432655,9.178671,1.5013720003480557,2.5551740000082646,0.20885467529296875,24487,24325,-0.008294080325654317,-0.001,-0.04,-0.03,8,2,0,24487,18954517,30.6,-0.009294080325654316,-0.002,-0.19,-0.32,6,2,0,24487,18954517,30.6,-0.8132940803256543,-0.808,0.01,-0.15,5,2,0,24487,18954517,31.9,-0.8232940803256542,-0.817,-0.2,-0.03,0,2,0,24487,18954517,30.6,-0.014294080325654317,-0.007,-0.09,-0.15,1,2,0,24487,18954517,31.9,-0.010294080325654317,-0.003,-0.13,-0.05,8,2,0,24325,18954516,29.9,-0.0062940803256543165,0.001,0.01,-0.05,2,2,0,24325,18954516,29.9,-0.8342940803256542,-0.827,-0.02,-0.08,15,2,0,24325,18954516,30.6,-0.012294080325654317,-0.007,0.06,0.12,1,2,0,24325,18954516,29.9,-0.8182940803256543,-0.812,-0.14,-0.07,1,2,0,24325,18954516,29.9
388,18929995238820,18930005146831,sine_0.7hz,2.260083814999234,20.730107,0.08381494990317151,9.908011,2.2662349983875174,3.358597998158075,0.17595291137695312,24488,24326,-0.009860961810604234,-0.002,-0.13,-0.18,13,2,0,24488,18954537,30.6,-0.010860961810604235,-0.004,-0.04,-0.18,11,2,0,24488,18954537,30.6,-0.8148609618106043,-0.809,-0.08,0.01,10,2,0,24488,18954537,31.9,-0.8248609618106042,-0.819,-0.09,0.04,5,2,0,24488,18954537,30.6,-0.015860961810604236,-0.008,-0.09,-0.27,6,2,0,24488,18954537,31.9,-0.011860961810604235,-0.004,-0.18,-0.44,13,2,0,24326,18954536,29.9,-0.007860961810604234,-0.001,-0.17,-0.11,7,2,0,24326,18954536,29.9,-0.8358609618106042,-0.83,-0.08,-0.05,5,2,0,24326,18954536,30.6,-0.013860961810604235,-0.008,-0.12,-0.05,6,2,0,24326,18954536,29.9,-0.8198609618106043,-0.812,0.03,-0.24,6,2,0,24326,18954536,29.9
389,18930015239778,18930024305581,sine_0.7hz,2.280085094000242,19.15875,0.08509395047440194,9.065803,1.5210519995889626,2.568646999861812,0.21409988403320312,24489,24327,-0.011351542542761984,-0.005,-0.15,-0.25,3,2,0,24489,18954557,30.6,-0.012351542542761985,-0.007,0.12,0.01,1,2,0,24489,18954557,30.6,-0.816351542542762,-0.81,-0.04,0.11,15,2,0,24489,18954557,31.9,-0.8263515425427619,-0.82,-0.1,-0.35,10,2,0,24489,18954557,30.6,-0.017351542542761986,-0.01,-0.18,-0.1,11,2,0,24489,18954557,31.9,-0.013351542542761984,-0.005,0.03,-0.38,4,2,0,24327,18954557,29.9,-0.009351542542761984,-0.002,-0.14,-0.1,13,2,0,24327,18954557,29.9,-0.8373515425427619,-0.831,-0.1,-0.24,11,2,0,24327,18954557,30.6,-0.015351542542761984,-0.009,-0.04,-0.15,12,2,0,24327,18954557,29.9,-0.821351542542762,-0.813,-0.12,-0.1,12,2,0,24327,18954557,29.9
390,18930035236609,18930044274090,sine_0.7hz,2.3000814449987956,19.968509,0.08144494859152474,9.037481,1.5984950005076826,2.662570997927105,0.20647048950195312,24490,24328,-0.012753999146677757,-0.006,-0.01,-0.17,8,2,0,24490,18954577,30.6,-0.013753999146677756,-0.007,-0.15,-0.07,6,2,0,24490,18954577,30.6,-0.8177539991466778,-0.812,0.0,-0.1,5,2,0,24490,18954577,31.9,-0.8277539991466777,-0.822,-0.09,0.23,0,2,0,24490,18954577,30.6,-0.018753999146677757,-0.014,-0.16,-0.01,1,2,0,24490,18954577,31.9,-0.014753999146677757,-0.006,-0.15,-0.39,8,2,0,24328,18954576,29.9,-0.010753999146677757,-0.004,-0.14,-0.14,2,2,0,24328,18954576,29.9,-0.8387539991466777,-0.831,-0.06,-0.12,15,2,0,24328,18954576,30.6,-0.01675399914667776,-0.011,-0.04,-0.38,1,2,0,24328,18954576,29.9,-0.8227539991466778,-0.816,-0.08,-0.23,1,2,0,24328,18954576,29.9
391,18930055236064,18930064385005,sine_0.7hz,2.320082114998513,20.110915,0.0821149478724692,9.148941,1.767463003488956,2.85256200004369,0.1735687255859375,24491,24329,-0.014058138052769039,-0.008,-0.19,-0.19,13,2,0,24491,18954597,30.6,-0.015058138052769038,-0.009,-0.17,-0.17,11,2,0,24491,18954597,30.6,-0.8190581380527691,-0.813,-0.03,-0.06,10,2,0,24491,18954597,31.9,-0.829058138052769,-0.823,-0.12,-0.22,5,2,0,24491,18954597,30.6,-0.02005813805276904,-0.015,0.03,-0.01,6,2,0,24491,18954597,31.9,-0.01605813805276904,-0.007,-0.2,-0.48,13,2,0,24329,18954596,29.9,-0.012058138052769039,-0.005,-0.17,-0.27,7,2,0,24329,18954596,29.9,-0.840058138052769,-0.833,-0.11,-0.25,5,2,0,24329,18954596,30.6,-0.01805813805276904,-0.011,0.01,-0.45,6,2,0,24329,18954596,29.9,-0.8240581380527691,-0.817,-0.07,-0.12,6,2,0,24329,18954596,29.9
392,18930075239422,18930084897408,sine_0.7hz,2.340084161998675,20.512403,0.08416194759774953,9.657986,2.2309689993562642,3.3211250010936055,0.17404556274414062,24492,24330,-0.015253639509326946,-0.011,0.01,-0.02,3,2,0,24492,18954617,30.6,-0.016253639509326945,-0.01,-0.05,-0.48,1,2,0,24492,18954617,30.6,-0.820253639509327,-0.814,-0.16,-0.22,15,2,0,24492,18954617,31.9,-0.8302536395093268,-0.824,0.08,-0.47,10,2,0,24492,18954617,30.6,-0.021253639509326946,-0.016,0.0,-0.21,11,2,0,24492,18954617,31.9,-0.017253639509326946,-0.01,-0.09,-0.36,3,2,0,24330,18954616,29.9,-0.013253639509326946,-0.006,-0.28,-0.32,12,2,0,24330,18954616,29.9,-0.8412536395093269,-0.833,0.06,-0.41,10,2,0,24330,18954616,30.6,-0.019253639509326945,-0.012,-0.01,-0.21,11,2,0,24330,18954616,29.9,-0.825253639509327,-0.819,-0.05,0.04,11,2,0,24330,18954616,29.9
393,18930095238493,18930104895359,sine_0.7hz,2.360084416999598,19.997951,0.08441694808425382,9.656866,2.2487940004793927,3.329989001940703,0.17547607421875,24493,24331,-0.016331072774635618,-0.012,-0.2,0.05,8,2,0,24493,18954637,30.6,-0.01733107277463562,-0.011,0.01,-0.22,6,2,0,24493,18954637,30.6,-0.8213310727746357,-0.816,0.07,-0.16,4,2,0,24493,18954637,31.9,-0.8313310727746356,-0.825,0.05,-0.49,0,2,0,24493,18954637,30.6,-0.02233107277463562,-0.017,-0.04,-0.06,1,2,0,24493,18954637,31.9,-0.018331072774635616,-0.01,-0.17,-0.51,9,2,0,24331,18954637,29.9,-0.014331072774635618,-0.008,0.07,-0.26,3,2,0,24331,18954637,29.9,-0.8423310727746356,-0.835,-0.02,-0.41,1,2,0,24331,18954637,30.6,-0.020331072774635618,-0.016,-0.11,-0.27,2,2,0,24331,18954637,29.9,-0.8263310727746357,-0.822,0.01,-0.07,2,2,0,24331,18954637,29.9
394,18930115240220,18930124743607,sine_0.7hz,2.3800866549972852,19.848248,0.08665494533488527,9.503387,2.0740030013257638,3.1574379972880706,0.17499923706054688,24494,24332,-0.01728230599279161,-0.014,-0.1,-0.02,13,2,0,24494,18954657,30.6,-0.01828230599279161,-0.011,-0.08,-0.5,11,2,0,24494,18954657,30.6,-0.8222823059927916,-0.817,-0.01,-0.36,9,2,0,24494,18954657,31.9,-0.8322823059927915,-0.826,-0.15,-0.22,5,2,0,24494,18954657,30.6,-0.02328230599279161,-0.017,0.0,-0.29,6,2,0,24494,18954657,31.9,-0.019282305992791612,-0.011,-0.04,-0.21,14,2,0,24332,18954657,29.9,-0.01528230599279161,-0.009,-0.23,-0.09,8,2,0,24332,18954657,29.9,-0.8432823059927915,-0.836,-0.04,-0.34,6,2,0,24332,18954657,30.6,-0.02128230599279161,-0.016,0.02,-0.18,7,2,0,24332,18954657,29.9,-0.8272823059927916,-0.823,-0.02,-0.23,7,2,0,24332,18954657,29.9
395,18930135243642,18930144967807,sine_0.7hz,2.4000868779985467,20.2242,0.08687794615980238,9.724165,2.2457209997810423,3.3240359989576973,0.17380714416503906,24495,24333,-0.01809979361347334,-0.015,-0.06,-0.12,2,2,0,24495,18954677,30.6,-0.019099793613473342,-0.012,-0.17,-0.47,1,2,0,24495,18954677,30.6,-0.8230997936134734,-0.817,-0.04,-0.19,14,2,0,24495,18954677,31.9,-0.8330997936134733,-0.827,-0.16,-0.35,10,2,0,24495,18954677,30.6,-0.024099793613473343,-0.019,-0.05,0.03,11,2,0,24495,18954677,31.9,-0.02009979361347334,-0.013,-0.16,-0.51,3,2,0,24333,18954676,29.9,-0.016099793613473343,-0.01,0.06,-0.13,12,2,0,24333,18954676,29.9,-0.8440997936134733,-0.837,0.06,-0.29,10,2,0,24333,18954676,30.6,-0.02209979361347334,-0.017,-0.21,-0.14,11,2,0,24333,18954676,29.9,-0.8280997936134734,-0.823,-0.1,-0.32,11,2,0,24333,18954676,29.9
396,18930155241145,18930164718803,sine_0.7hz,2.4200853729998926,19.750996,0.0853729470691178,9.477658,2.051698000286706,3.1381090011564083,0.1761913299560547,24496,24334,-0.01877726402934204,-0.016,-0.12,-0.01,7,2,0,24496,18954697,30.6,-0.019777264029342042,-0.014,-0.23,-0.55,6,2,0,24496,18954697,30.6,-0.823777264029342,-0.82,-0.04,-0.12,4,2,0,24496,18954697,31.9,-0.8337772640293419,-0.83,0.04,-0.11,0,2,0,24496,18954697,30.6,-0.024777264029342043,-0.022,-0.19,-0.18,1,2,0,24496,18954697,31.9,-0.02077726402934204,-0.014,-0.02,-0.39,9,2,0,24334,18954697,29.9,-0.016777264029342043,-0.011,-0.02,-0.21,3,2,0,24334,18954697,29.9,-0.844777264029342,-0.838,0.07,-0.13,1,2,0,24334,18954697,30.6,-0.02277726402934204,-0.018,-0.05,-0.19,2,2,0,24334,18954697,29.9,-0.828777264029342,-0.824,0.0,-0.05,2,2,0,24334,18954697,29.9
397,18930175236599,18930184758100,sine_0.7hz,2.4400837709981715,20.039297,0.08377094491152093,9.521501,2.1283089990902226,3.2030080001277383,0.17333030700683594,24497,24335,-0.01930955357635249,-0.017,-0.04,0.07,12,2,0,24497,18954717,30.6,-0.02030955357635249,-0.015,-0.17,-0.16,11,2,0,24497,18954717,30.6,-0.8243095535763525,-0.821,-0.09,-0.14,9,2,0,24497,18954717,31.9,-0.8343095535763524,-0.83,-0.13,-0.1,5,2,0,24497,18954717,30.6,-0.025309553576352492,-0.023,-0.15,-0.31,6,2,0,24497,18954717,31.9,-0.02130955357635249,-0.015,-0.03,-0.23,13,2,0,24335,18954716,29.9,-0.017309553576352492,-0.012,-0.16,-0.24,7,2,0,24335,18954716,29.9,-0.8453095535763524,-0.838,0.08,-0.19,5,2,0,24335,18954716,30.6,-0.02330955357635249,-0.019,-0.09,-0.12,6,2,0,24335,18954716,29.9,-0.8293095535763525,-0.825,-0.19,-0.27,6,2,0,24335,18954716,29.9
398,18930195238390,18930204881079,sine_0.7hz,2.46008530600011,20.122979,0.08530594641342759,9.642689,2.2147130002849735,3.2916839991230518,0.17333030700683594,24498,24336,-0.019692598661444932,-0.019,-0.04,-0.15,2,2,0,24498,18954737,30.6,-0.020692598661444933,-0.017,-0.07,-0.18,1,2,0,24498,18954737,30.6,-0.824692598661445,-0.822,0.04,-0.06,14,2,0,24498,18954737,31.9,-0.8346925986614449,-0.831,-0.12,-0.37,10,2,0,24498,18954737,30.6,-0.02569259866144493,-0.024,-0.2,-0.25,11,2,0,24498,18954737,31.9,-0.021692598661444934,-0.017,-0.05,-0.17,3,2,0,24336,18954736,29.9,-0.01769259866144493,-0.013,0.0,-0.24,12,2,0,24336,18954736,29.9,-0.8456925986614449,-0.839,-0.03,-0.43,10,2,0,24336,18954736,30.6,-0.023692598661444932,-0.019,-0.08,-0.19,11,2,0,24336,18954736,29.9,-0.829692598661445,-0.827,-0.25,0.09,11,2,0,24336,18954736,29.9
399,18930215238837,18930224030644,sine_0.7hz,2.4800846649995947,19.149565,0.08466494546155445,8.791807,1.4467449982475955,2.4892840010579675,0.17213821411132812,24499,24337,-0.01992332507531889,-0.019,-0.02,0.05,7,2,0,24499,18954757,30.6,-0.02092332507531889,-0.017,0.05,-0.45,6,2,0,24499,18954757,30.6,-0.824923325075319,-0.823,-0.08,-0.16,4,2,0,24499,18954757,31.9,-0.8349233250753189,-0.832,-0.03,-0.31,0,2,0,24499,18954757,30.6,-0.025923325075318887,-0.024,-0.19,-0.14,1,2,0,24499,18954757,31.9,-0.02192332507531889,-0.018,-0.08,-0.07,8,2,0,24337,18954756,29.9,-0.017923325075318887,-0.014,-0.07,0.03,2,2,0,24337,18954756,29.9,-0.8459233250753189,-0.841,-0.12,-0.13,0,2,0,24337,18954756,30.6,-0.02392332507531889,-0.021,-0.07,-0.09,1,2,0,24337,18954756,29.9,-0.829923325075319,-0.829,-0.02,-0.1,1,2,0,24337,18954756,29.9
400,18930235234163,18930244394945,sine_0.7hz,2.5000815269995655,20.364301,0.08152694499585778,9.160782,1.8074960025842302,2.8904190003231633,0.17404556274414062,24500,24338,-0.019999998714243496,-0.02,-0.12,-0.11,12,2,0,24500,18954777,30.6,-0.020999998714243497,-0.018,-0.02,-0.08,11,2,0,24500,18954777,30.6,-0.8249999987142436,-0.823,-0.1,0.01,9,2,0,24500,18954777,31.9,-0.8349999987142435,-0.832,-0.09,-0.18,5,2,0,24500,18954777,30.6,-0.025999998714243494,-0.024,0.11,0.05,6,2,0,24500,18954777,31.9,-0.021999998714243497,-0.019,0.03,-0.01,12,2,0,24338,18954776,29.9,-0.017999998714243494,-0.016,0.01,0.04,7,2,0,24338,18954776,29.9,-0.8459999987142435,-0.841,0.04,-0.16,5,2,0,24338,18954776,30.6,-0.023999998714243496,-0.021,0.09,-0.16,6,2,0,24338,18954776,29.9,-0.8299999987142436,-0.829,0.05,0.06,6,2,0,24338,18954776,29.9
401,18930255238130,18930264751886,sine_0.7hz,2.520083989998966,20.356941,0.08398994395975024,9.513756,2.089331999741262,3.1705909968877677,0.17380714416503906,24501,24339,-0.019922021766054187,-0.02,0.03,-0.11,2,2,0,24501,18954797,30.6,-0.020922021766054188,-0.018,0.0,-0.22,1,2,0,24501,18954797,30.6,-0.8249220217660542,-0.823,0.07,-0.09,14,2,0,24501,18954797,31.9,-0.8349220217660541,-0.833,-0.05,-0.15,10,2,0,24501,18954797,30.6,-0.02592202176605419,-0.024,0.05,-0.11,11,2,0,24501,18954797,31.9,-0.021922021766054185,-0.02,0.04,-0.1,2,2,0,24339,18954796,29.9,-0.01792202176605419,-0.017,-0.02,0.07,12,2,0,24339,18954796,29.9,-0.8459220217660541,-0.84,0.08,-0.04,10,2,0,24339,18954796,30.6,-0.023922021766054187,-0.022,-0.09,-0.23,11,2,0,24339,18954796,29.9,-0.8299220217660542,-0.83,-0.08,0.21,11,2,0,24339,18954796,29.9
402,18930275231152,18930284431680,sine_0.7hz,2.5400774279987672,19.679794,0.07742794332443736,9.200528,1.8126799986930564,2.889298997615697,0.1742839813232422,24502,24340,-0.0196900934803013,-0.021,-0.07,0.02,7,2,0,24502,18954817,30.6,-0.020690093480301302,-0.019,0.02,-0.13,6,2,0,24502,18954817,30.6,-0.8246900934803013,-0.824,-0.16,-0.09,4,2,0,24502,18954817,31.9,-0.8346900934803012,-0.833,0.01,-0.09,15,2,0,24502,18954817,30.6,-0.025690093480301303,-0.025,0.0,-0.06,1,2,0,24502,18954817,31.9,-0.0216900934803013,-0.02,0.0,-0.19,7,2,0,24340,18954816,29.9,-0.017690093480301303,-0.017,-0.06,-0.07,2,2,0,24340,18954816,29.9,-0.8456900934803012,-0.841,0.05,-0.44,0,2,0,24340,18954816,30.6,-0.0236900934803013,-0.023,-0.18,-0.12,1,2,0,24340,18954816,29.9,-0.8296900934803013,-0.83,-0.11,0.04,1,2,0,24340,18954816,29.9
403,18930295236719,18930304176084,sine_0.7hz,2.560083570999268,19.744404,0.08357094338862225,8.939365,1.5517100000579376,2.5930310002877377,0.2067089080810547,24503,24341,-0.019305713951135166,-0.02,0.09,0.08,12,2,0,24503,18954837,30.6,-0.020305713951135167,-0.019,-0.06,-0.11,11,2,0,24503,18954837,30.6,-0.8243057139511352,-0.824,0.14,-0.27,9,2,0,24503,18954837,31.9,-0.8343057139511351,-0.833,-0.02,0.09,5,2,0,24503,18954837,30.6,-0.025305713951135164,-0.025,-0.09,-0.18,6,2,0,24503,18954837,31.9,-0.021305713951135168,-0.02,0.14,0.04,12,2,0,24341,18954836,29.9,-0.017305713951135164,-0.017,-0.06,-0.02,7,2,0,24341,18954836,29.9,-0.8453057139511351,-0.841,0.07,-0.32,5,2,0,24341,18954836,30.6,-0.023305713951135166,-0.023,0.09,0.07,6,2,0,24341,18954836,29.9,-0.8293057139511352,-0.83,-0.04,0.06,6,2,0,24341,18954836,29.9
404,18930315235278,18930324122993,sine_0.7hz,2.5800814579997677,19.946909,0.08145794345182367,8.887715,1.492668001446873,2.529605000745505,0.17213821411132812,24504,24342,-0.018772206436928493,-0.021,0.01,-0.13,2,2,0,24504,18954857,30.6,-0.019772206436928494,-0.019,0.02,-0.16,1,2,0,24504,18954857,30.6,-0.8237722064369285,-0.824,-0.08,-0.03,14,2,0,24504,18954857,31.9,-0.8337722064369284,-0.833,-0.09,-0.16,10,2,0,24504,18954857,30.6,-0.02477220643692849,-0.025,0.01,-0.18,11,2,0,24504,18954857,31.9,-0.020772206436928495,-0.02,0.13,-0.04,2,2,0,24342,18954856,29.9,-0.01677220643692849,-0.017,-0.11,-0.1,12,2,0,24342,18954856,29.9,-0.8447722064369284,-0.84,0.05,-0.43,10,2,0,24342,18954856,30.6,-0.022772206436928493,-0.023,0.0,-0.12,11,2,0,24342,18954856,29.9,-0.8287722064369285,-0.83,-0.02,0.24,11,2,0,24342,18954856,29.9
405,18930335237613,18930344943792,sine_0.7hz,2.6000818719985546,20.820799,0.0818719418020919,9.706179,2.2632899999734946,3.3432370000809897,0.1747608184814453,24505,24343,-0.018093473483017982,-0.02,-0.04,0.05,7,2,0,24505,18954877,30.6,-0.019093473483017983,-0.019,0.07,-0.17,6,2,0,24505,18954877,30.6,-0.823093473483018,-0.824,0.04,0.15,4,2,0,24505,18954877,31.9,-0.8330934734830179,-0.833,0.04,-0.14,15,2,0,24505,18954877,30.6,-0.024093473483017984,-0.025,0.32,0.07,1,2,0,24505,18954877,31.9,-0.02009347348301798,-0.02,0.1,-0.21,7,2,0,24343,18954876,29.9,-0.016093473483017984,-0.017,0.0,-0.09,2,2,0,24343,18954876,29.9,-0.8440934734830179,-0.841,0.02,-0.34,15,2,0,24343,18954876,30.6,-0.022093473483017982,-0.023,-0.01,-0.11,1,2,0,24343,18954876,29.9,-0.828093473483018,-0.83,-0.02,0.19,1,2,0,24343,18954876,29.9
406,18930355237611,18930364120366,sine_0.7hz,2.6200836949974473,19.176574,0.08369494025828317,8.882755,1.4990669988037553,2.5440060016990174,0.17213821411132812,24506,24344,-0.01727475940031228,-0.02,-0.01,-0.04,12,2,0,24506,18954897,30.6,-0.01827475940031228,-0.019,-0.01,0.01,11,2,0,24506,18954897,30.6,-0.8222747594003124,-0.824,-0.02,-0.16,9,2,0,24506,18954897,31.9,-0.8322747594003123,-0.833,-0.04,-0.17,5,2,0,24506,18954897,30.6,-0.023274759400312282,-0.025,0.15,0.11,6,2,0,24506,18954897,31.9,-0.01927475940031228,-0.02,0.01,-0.08,13,2,0,24344,18954897,29.9,-0.01527475940031228,-0.017,0.04,-0.02,8,2,0,24344,18954897,29.9,-0.8432747594003123,-0.841,0.01,-0.08,6,2,0,24344,18954897,30.6,-0.02127475940031228,-0.023,-0.13,-0.07,7,2,0,24344,18954897,29.9,-0.8272747594003124,-0.83,-0.06,0.1,7,2,0,24344,18954897,29.9
407,18930375236618,18930384120685,sine_0.7hz,2.6400828619989625,20.000319,0.08286194133688696,8.884067,1.4986839996709023,2.5464700011070818,0.17309188842773438,24507,24345,-0.016322574047712375,-0.02,-0.01,-0.19,2,2,0,24507,18954917,30.6,-0.017322574047712376,-0.019,0.03,-0.08,1,2,0,24507,18954917,30.6,-0.8213225740477125,-0.823,0.07,-0.01,14,2,0,24507,18954917,31.9,-0.8313225740477124,-0.833,0.17,-0.05,10,2,0,24507,18954917,30.6,-0.022322574047712374,-0.025,-0.12,-0.21,11,2,0,24507,18954917,31.9,-0.018322574047712377,-0.02,0.04,-0.12,2,2,0,24345,18954916,29.9,-0.014322574047712375,-0.017,0.13,-0.03,12,2,0,24345,18954916,29.9,-0.8423225740477124,-0.84,0.11,-0.28,10,2,0,24345,18954916,30.6,-0.020322574047712375,-0.023,-0.14,0.05,11,2,0,24345,18954916,29.9,-0.8263225740477125,-0.83,0.02,0.16,11,2,0,24345,18954916,29.9
408,18930395246473,18930404305811,sine_0.7hz,2.660086859999865,20.185126,0.08685994180268608,9.059338,1.5633900002285372,2.6112720006494783,0.2110004425048828,24508,24346,-0.015243905208798357,-0.02,0.0,0.03,7,2,0,24508,18954937,30.6,-0.016243905208798357,-0.018,0.0,-0.17,6,2,0,24508,18954937,30.6,-0.8202439052087984,-0.823,0.09,-0.03,4,2,0,24508,18954937,31.9,-0.8302439052087983,-0.833,-0.02,-0.26,15,2,0,24508,18954937,30.6,-0.021243905208798358,-0.024,0.09,-0.14,1,2,0,24508,18954937,31.9,-0.017243905208798357,-0.02,0.17,0.01,7,2,0,24346,18954936,29.9,-0.013243905208798357,-0.017,0.07,0.1,2,2,0,24346,18954936,29.9,-0.8412439052087983,-0.84,0.03,-0.19,15,2,0,24346,18954936,30.6,-0.01924390520879836,-0.023,0.14,0.13,1,2,0,24346,18954936,29.9,-0.8252439052087984,-0.83,0.21,0.32,1,2,0,24346,18954936,29.9
409,18930415231943,18930424162156,sine_0.7hz,2.6800779629993485,19.856345,0.07796294084982947,8.930213,1.519549001386622,2.561062003223924,0.2071857452392578,24509,24347,-0.014048118869886952,-0.02,0.01,0.15,12,2,0,24509,18954957,30.6,-0.015048118869886953,-0.018,0.12,0.07,11,2,0,24509,18954957,30.6,-0.819048118869887,-0.823,-0.03,-0.07,9,2,0,24509,18954957,31.9,-0.8290481188698869,-0.832,0.1,0.25,5,2,0,24509,18954957,30.6,-0.02004811886988695,-0.024,0.05,-0.23,6,2,0,24509,18954957,31.9,-0.016048118869886954,-0.02,0.16,0.02,12,2,0,24347,18954956,29.9,-0.012048118869886952,-0.017,-0.04,0.17,7,2,0,24347,18954956,29.9,-0.840048118869887,-0.84,0.12,-0.08,5,2,0,24347,18954956,30.6,-0.018048118869886953,-0.023,0.05,-0.05,6,2,0,24347,18954956,29.9,-0.824048118869887,-0.83,-0.08,0.05,6,2,0,24347,18954956,29.9
410,18930435236966,18930445016492,sine_0.7hz,2.700082792998728,20.854336,0.08279293979285285,9.779526,2.241465997940395,3.3230769986403175,0.17452239990234375,24510,24348,-0.012742867415544184,-0.019,0.07,0.29,2,2,0,24510,18954977,30.6,-0.013742867415544185,-0.017,0.05,0.13,1,2,0,24510,18954977,30.6,-0.8177428674155443,-0.823,0.16,0.11,14,2,0,24510,18954977,31.9,-0.8277428674155441,-0.832,0.0,0.02,10,2,0,24510,18954977,30.6,-0.018742867415544186,-0.024,-0.07,0.05,11,2,0,24510,18954977,31.9,-0.014742867415544184,-0.019,0.16,0.22,2,2,0,24348,18954976,29.9,-0.010742867415544184,-0.017,-0.01,0.11,12,2,0,24348,18954976,29.9,-0.8387428674155442,-0.84,0.04,-0.25,10,2,0,24348,18954976,30.6,-0.016742867415544184,-0.022,-0.01,0.21,11,2,0,24348,18954976,29.9,-0.8227428674155443,-0.829,0.2,0.1,11,2,0,24348,18954976,29.9
411,18930455241541,18930464716703,sine_0.7hz,2.72008483999889,19.700211,0.08483993951813318,9.475162,2.003728001000127,3.0983320029918104,0.17499923706054688,24511,24349,-0.011339232238157462,-0.019,-0.01,0.35,7,2,0,24511,18954997,30.6,-0.012339232238157461,-0.016,0.23,-0.09,6,2,0,24511,18954997,30.6,-0.8163392322381575,-0.822,0.08,0.07,4,2,0,24511,18954997,31.9,-0.8263392322381574,-0.832,0.04,0.19,15,2,0,24511,18954997,30.6,-0.017339232238157462,-0.023,0.0,0.17,1,2,0,24511,18954997,31.9,-0.013339232238157462,-0.019,0.03,0.24,8,2,0,24349,18954997,29.9,-0.009339232238157462,-0.016,0.03,0.22,3,2,0,24349,18954997,29.9,-0.8373392322381574,-0.839,-0.04,-0.01,1,2,0,24349,18954997,30.6,-0.015339232238157462,-0.021,0.2,0.15,2,2,0,24349,18954997,29.9,-0.8213392322381575,-0.828,0.03,0.02,2,2,0,24349,18954997,29.9
412,18930475238019,18930484173192,sine_0.7hz,2.740083462998882,19.456489,0.08346293907379732,8.935173,1.4986839996709023,2.5593339996703435,0.20194053649902344,24512,24350,-0.009848157461761193,-0.019,0.07,0.35,12,2,0,24512,18955017,30.6,-0.010848157461761192,-0.016,0.09,0.03,11,2,0,24512,18955017,30.6,-0.8148481574617612,-0.821,0.05,0.07,9,2,0,24512,18955017,31.9,-0.8248481574617611,-0.83,-0.02,0.13,5,2,0,24512,18955017,30.6,-0.015848157461761193,-0.022,0.1,0.15,6,2,0,24512,18955017,31.9,-0.011848157461761193,-0.019,-0.1,0.25,12,2,0,24350,18955016,29.9,-0.007848157461761193,-0.015,0.07,0.17,7,2,0,24350,18955016,29.9,-0.8358481574617611,-0.839,0.03,-0.1,5,2,0,24350,18955016,30.6,-0.013848157461761193,-0.021,-0.12,0.21,6,2,0,24350,18955016,29.9,-0.8198481574617612,-0.828,0.07,0.29,6,2,0,24350,18955016,29.9
413,18930495236418,18930504225193,sine_0.7hz,2.7600820529987686,20.052001,0.08205293852370232,8.988775,1.5646390020265244,2.6131280028494075,0.2067089080810547,24513,24351,-0.008280942154993734,-0.017,0.01,0.25,2,2,0,24513,18955037,30.6,-0.009280942154993733,-0.014,-0.02,-0.07,1,2,0,24513,18955037,30.6,-0.8132809421549938,-0.82,0.07,0.12,14,2,0,24513,18955037,31.9,-0.8232809421549937,-0.829,-0.02,0.27,10,2,0,24513,18955037,30.6,-0.014280942154993734,-0.022,-0.11,0.15,11,2,0,24513,18955037,31.9,-0.010280942154993734,-0.017,0.2,0.14,2,2,0,24351,18955036,29.9,-0.006280942154993734,-0.014,0.08,0.13,12,2,0,24351,18955036,29.9,-0.8342809421549937,-0.838,0.13,0.04,10,2,0,24351,18955036,30.6,-0.012280942154993734,-0.02,0.01,0.15,11,2,0,24351,18955036,29.9,-0.8182809421549938,-0.827,0.02,0.43,11,2,0,24351,18955036,29.9
414,18930515237280,18930524267145,sine_0.7hz,2.7800803239988454,20.041952,0.08032393816392869,9.029865,1.5379809992737137,2.581159998953808,0.21028518676757812,24514,24352,-0.006649727617182632,-0.016,0.12,0.47,7,2,0,24514,18955057,30.6,-0.007649727617182632,-0.013,0.02,-0.06,6,2,0,24514,18955057,30.6,-0.8116497276171827,-0.818,0.03,-0.06,4,2,0,24514,18955057,31.9,-0.8216497276171826,-0.829,0.12,0.22,15,2,0,24514,18955057,30.6,-0.012649727617182631,-0.019,0.18,0.0,1,2,0,24514,18955057,31.9,-0.00864972761718263,-0.016,0.1,0.15,7,2,0,24352,18955056,29.9,-0.004649727617182632,-0.011,0.05,-0.01,2,2,0,24352,18955056,29.9,-0.8326497276171826,-0.837,0.1,-0.29,15,2,0,24352,18955056,30.6,-0.010649727617182633,-0.017,0.12,-0.16,1,2,0,24352,18955056,29.9,-0.8166497276171827,-0.823,0.32,0.09,1,2,0,24352,18955056,29.9
415,18930535239007,18930554216117,sine_0.7hz,2.8000845789974846,29.948972,0.08457893636659719,18.97711,2.2461049993580673,3.3272689979639836,0.17595291137695312,24515,24353,-0.004966591182056752,-0.014,0.12,0.32,12,2,0,24515,18955077,30.6,-0.005966591182056752,-0.011,0.12,-0.01,11,2,0,24515,18955077,30.6,-0.8099665911820568,-0.817,0.18,0.01,9,2,0,24515,18955077,31.9,-0.8199665911820567,-0.827,0.22,0.24,5,2,0,24515,18955077,30.6,-0.010966591182056753,-0.018,0.18,-0.05,6,2,0,24515,18955077,31.9,-0.006966591182056752,-0.014,0.18,0.15,12,2,0,24353,18955076,29.9,-0.002966591182056752,-0.009,-0.07,-0.11,7,2,0,24353,18955076,29.9,-0.8309665911820567,-0.834,0.06,-0.16,4,2,0,24353,18955076,30.6,-0.008966591182056751,-0.016,-0.03,0.38,6,2,0,24353,18955076,29.9,-0.8149665911820568,-0.821,-0.08,0.1,6,2,0,24353,18955076,29.9
416,18930555237854,18930564209732,sine_0.7hz,2.820083648999571,9.993615,0.0836489380162675,8.971878,1.529692999611143,2.577318999101408,0.20551681518554688,24516,24354,-0.0032454829004352603,-0.011,-0.03,0.09,2,2,0,24516,18955097,30.6,-0.00424548290043526,-0.009,0.16,0.13,1,2,0,24516,18955097,30.6,-0.8082454829004353,-0.815,-0.03,0.08,14,2,0,24516,18955097,31.9,-0.8182454829004352,-0.825,0.2,0.19,10,2,0,24516,18955097,30.6,-0.00924548290043526,-0.017,0.16,0.11,11,2,0,24516,18955097,31.9,-0.00524548290043526,-0.011,-0.01,-0.07,3,2,0,24354,18955097,29.9,-0.0012454829004352602,-0.007,0.26,0.19,13,2,0,24354,18955097,29.9,-0.8292454829004352,-0.834,-0.09,0.0,10,2,0,24354,18955097,30.6,-0.00724548290043526,-0.015,0.16,0.08,12,2,0,24354,18955097,29.9,-0.8132454829004353,-0.82,-0.01,0.14,12,2,0,24354,18955097,29.9
417,18930575236988,18930584173441,sine_0.7hz,2.8400827839977865,19.963709,0.0827839357953053,8.936453,1.5017559999250807,2.5440700010221917,0.1723766326904297,24517,24355,-0.0014992746391387147,-0.01,-0.07,0.3,7,2,0,24517,18955117,30.6,-0.0024992746391387147,-0.008,-0.04,0.23,6,2,0,24517,18955117,30.6,-0.8064992746391387,-0.813,0.13,0.16,4,2,0,24517,18955117,31.9,-0.8164992746391386,-0.823,0.19,0.15,15,2,0,24517,18955117,30.6,-0.007499274639138714,-0.014,0.21,-0.04,1,2,0,24517,18955117,31.9,-0.0034992746391387147,-0.009,0.26,-0.1,7,2,0,24355,18955116,29.9,0.0005007253608612853,-0.006,0.01,0.14,2,2,0,24355,18955116,29.9,-0.8274992746391386,-0.833,0.22,0.11,14,2,0,24355,18955116,30.6,-0.005499274639138714,-0.013,0.13,0.43,1,2,0,24355,18955116,29.9,-0.8114992746391387,-0.818,0.1,0.14,1,2,0,24355,18955116,29.9
418,18930595236667,18930604851771,sine_0.7hz,2.860082527000486,20.67833,0.08252693805843592,9.615104,2.1468690028996207,3.2351370027754456,0.17452239990234375,24518,24356,0.00025857966189262837,-0.009,0.1,0.27,12,2,0,24518,18955137,30.6,-0.0007414203381073716,-0.008,0.13,0.12,11,2,0,24518,18955137,30.6,-0.8047414203381075,-0.812,0.04,0.2,9,2,0,24518,18955137,31.9,-0.8147414203381074,-0.821,-0.07,0.2,5,2,0,24518,18955137,30.6,-0.005741420338107372,-0.014,0.01,0.24,6,2,0,24518,18955137,31.9,-0.0017414203381073716,-0.008,0.01,-0.08,12,2,0,24356,18955136,29.9,0.0022585796618926285,-0.004,0.14,-0.15,7,2,0,24356,18955136,29.9,-0.8257414203381074,-0.831,0.0,0.14,4,2,0,24356,18955136,30.6,-0.0037414203381073716,-0.012,0.13,0.41,6,2,0,24356,18955136,29.9,-0.8097414203381075,-0.817,0.18,0.07,6,2,0,24356,18955136,29.9
419,18930615237562,18930624847033,sine_0.7hz,2.8800842210002884,19.995262,0.08422093742410652,9.609471,2.109108001604909,3.1855029992584605,0.1747608184814453,24519,24357,0.0020146052200482704,-0.006,0.14,0.21,2,2,0,24519,18955157,30.6,0.0010146052200482704,-0.007,0.02,0.09,1,2,0,24519,18955157,30.6,-0.8029853947799518,-0.811,0.0,0.12,14,2,0,24519,18955157,31.9,-0.8129853947799517,-0.82,0.15,0.25,10,2,0,24519,18955157,30.6,-0.00398539477995173,-0.013,-0.05,0.3,11,2,0,24519,18955157,31.9,1.4605220048270404e-05,-0.005,0.06,-0.1,2,2,0,24357,18955156,29.9,0.0040146052200482705,-0.002,0.14,0.34,11,2,0,24357,18955156,29.9,-0.8239853947799517,-0.831,0.11,0.23,9,2,0,24357,18955156,30.6,-0.0019853947799517296,-0.009,0.25,0.19,11,2,0,24357,18955156,29.9,-0.8079853947799518,-0.816,0.27,0.01,11,2,0,24357,18955156,29.9
420,18930635240088,18930644914715,sine_0.7hz,2.900084731998504,20.067682,0.08473193520330824,9.674627,2.2473540011560544,3.32992499897955,0.17547607421875,24520,24358,0.0037549474266893846,-0.004,0.13,0.13,7,2,0,24520,18955177,30.6,0.0027549474266893846,-0.006,0.01,0.07,6,2,0,24520,18955177,30.6,-0.8012450525733107,-0.809,0.1,0.1,4,2,0,24520,18955177,31.9,-0.8112450525733106,-0.819,0.05,0.13,15,2,0,24520,18955177,30.6,-0.0022450525733106155,-0.011,0.03,0.18,1,2,0,24520,18955177,31.9,0.0017549474266893845,-0.004,-0.01,0.18,7,2,0,24358,18955176,29.9,0.005754947426689385,0.0,0.2,0.16,1,2,0,24358,18955176,29.9,-0.8222450525733106,-0.83,-0.01,0.22,14,2,0,24358,18955176,30.6,-0.0002450525733106155,-0.007,0.1,-0.16,0,2,0,24358,18955176,29.9,-0.8062450525733107,-0.812,0.08,0.02,1,2,0,24358,18955176,29.9
421,18930655239319,18930664120346,sine_0.7hz,2.9200840269986656,19.205631,0.08402693492826074,8.881027,1.499642999988282,2.5402300016139634,0.17142295837402344,24521,24359,0.005466149069528845,-0.003,0.06,0.3,12,2,0,24521,18955197,30.6,0.004466149069528845,-0.004,0.09,0.13,11,2,0,24521,18955197,30.6,-0.7995338509304712,-0.807,0.15,-0.04,9,2,0,24521,18955197,31.9,-0.8095338509304711,-0.817,0.06,0.14,5,2,0,24521,18955197,30.6,-0.0005338509304711548,-0.009,0.15,0.17,6,2,0,24521,18955197,31.9,0.0034661490695288453,-0.003,0.04,0.29,13,2,0,24359,18955197,29.9,0.007466149069528845,0.001,0.13,0.15,7,2,0,24359,18955197,29.9,-0.8205338509304712,-0.829,0.07,0.26,5,2,0,24359,18955197,30.6,0.0014661490695288453,-0.006,0.02,0.04,6,2,0,24359,18955197,29.9,-0.8045338509304713,-0.811,-0.04,0.04,7,2,0,24359,18955197,29.9
422,18930675234197,18930684200315,sine_0.7hz,2.940081144999567,20.079969,0.0811449353932403,8.966118,1.5084439983183984,2.5555259999237023,0.202178955078125,24522,24360,0.0071349062545296065,0.001,0.31,-0.01,2,2,0,24522,18955217,30.6,0.0061349062545296065,0.0,0.02,0.25,1,2,0,24522,18955217,30.6,-0.7978650937454704,-0.805,0.04,0.14,14,2,0,24522,18955217,31.9,-0.8078650937454703,-0.815,0.03,0.11,10,2,0,24522,18955217,30.6,0.0011349062545296064,-0.007,0.11,0.04,11,2,0,24522,18955217,31.9,0.0051349062545296064,-0.001,0.04,0.13,2,2,0,24360,18955216,29.9,0.009134906254529607,0.002,0.17,0.15,11,2,0,24360,18955216,29.9,-0.8188650937454703,-0.828,0.03,0.23,9,2,0,24360,18955216,30.6,0.0031349062545296064,-0.005,-0.03,0.03,10,2,0,24360,18955216,29.9,-0.8028650937454704,-0.81,0.07,0.05,11,2,0,24360,18955216,29.9
423,18930695234388,18930704212731,sine_0.7hz,2.960081271998206,20.012416,0.08127193359541707,8.978343,1.5547180009889416,2.5976079996326007,0.2090930938720703,24523,24361,0.00874874467499151,0.002,0.05,0.11,7,2,0,24523,18955237,30.6,0.00774874467499151,0.001,0.02,0.3,6,2,0,24523,18955237,30.6,-0.7962512553250085,-0.803,-0.03,0.22,4,2,0,24523,18955237,31.9,-0.8062512553250084,-0.814,0.21,0.21,14,2,0,24523,18955237,30.6,0.0027487446749915097,-0.004,-0.13,0.19,1,2,0,24523,18955237,31.9,0.00674874467499151,0.0,-0.17,0.08,7,2,0,24361,18955236,29.9,0.01074874467499151,0.005,-0.04,-0.03,1,2,0,24361,18955236,29.9,-0.8172512553250084,-0.826,0.14,0.3,14,2,0,24361,18955236,30.6,0.00474874467499151,-0.002,0.09,0.05,0,2,0,24361,18955236,29.9,-0.8012512553250085,-0.808,0.14,0.08,1,2,0,24361,18955236,29.9
424,18930715237971,18930724939158,sine_0.7hz,2.980080821998854,20.726427,0.08082193380687386,9.701187,2.144086000043899,3.222688999812817,0.17452239990234375,24524,24362,0.01029488658920574,0.004,0.25,0.12,12,2,0,24524,18955257,30.6,0.009294886589205738,0.002,0.14,0.2,11,2,0,24524,18955257,30.6,-0.7947051134107943,-0.802,0.1,-0.09,9,2,0,24524,18955257,31.9,-0.8047051134107942,-0.812,0.18,0.21,4,2,0,24524,18955257,30.6,0.004294886589205739,-0.003,0.16,0.23,6,2,0,24524,18955257,31.9,0.00829488658920574,0.001,0.1,0.24,12,2,0,24362,18955256,29.9,0.01229488658920574,0.006,0.16,0.02,6,2,0,24362,18955256,29.9,-0.8157051134107942,-0.824,0.17,0.23,4,2,0,24362,18955256,30.6,0.006294886589205739,-0.001,0.2,0.12,5,2,0,24362,18955256,29.9,-0.7997051134107943,-0.807,0.05,-0.13,6,2,0,24362,18955256,29.9
425,18930735235249,18930744216024,sine_0.7hz,3.0000822929978312,19.276866,0.08229293234762736,8.980775,1.569086998642888,2.610633000585949,0.20837783813476562,24525,24363,0.011761560644690663,0.007,0.01,-0.12,2,2,0,24525,18955277,30.6,0.010761560644690662,0.003,0.02,0.29,1,2,0,24525,18955277,30.6,-0.7932384393553094,-0.801,0.04,0.3,14,2,0,24525,18955277,31.9,-0.8032384393553093,-0.811,0.15,0.23,9,2,0,24525,18955277,30.6,0.005761560644690663,-0.002,0.09,0.1,11,2,0,24525,18955277,31.9,0.009761560644690663,0.003,0.03,0.05,3,2,0,24363,18955277,29.9,0.013761560644690663,0.007,0.22,0.04,12,2,0,24363,18955277,29.9,-0.8142384393553093,-0.822,0.09,0.27,10,2,0,24363,18955277,30.6,0.007761560644690663,0.0,0.18,-0.02,11,2,0,24363,18955277,29.9,-0.7982384393553094,-0.804,0.32,0.05,12,2,0,24363,18955277,29.9
426,18930755238288,18930764381117,sine_0.7hz,3.020083123999939,20.165093,0.08312393401865847,9.142829,1.6926759999478236,2.7674070006469265,0.17786026000976562,24526,24364,0.013137229299991433,0.009,0.05,-0.14,7,2,0,24526,18955297,30.6,0.012137229299991434,0.004,0.2,0.34,6,2,0,24526,18955297,30.6,-0.7918627707000087,-0.799,0.13,0.22,4,2,0,24526,18955297,31.9,-0.8018627707000086,-0.81,0.23,0.29,14,2,0,24526,18955297,30.6,0.007137229299991433,0.0,0.02,0.11,1,2,0,24526,18955297,31.9,0.011137229299991433,0.004,-0.15,0.02,7,2,0,24364,18955296,29.9,0.015137229299991433,0.008,-0.02,0.16,1,2,0,24364,18955296,29.9,-0.8128627707000086,-0.821,0.08,0.24,14,2,0,24364,18955296,30.6,0.009137229299991433,0.003,0.1,0.11,0,2,0,24364,18955296,29.9,-0.7968627707000087,-0.802,0.05,0.21,1,2,0,24364,18955296,29.9
427,18930775237007,18930784920722,sine_0.7hz,3.0400822579977103,20.539605,0.08225793135352433,9.683715,2.2590980006498285,3.3441969972045626,0.1747608184814453,24527,24365,0.014411198685446363,0.009,0.11,-0.09,12,2,0,24527,18955317,30.6,0.013411198685446362,0.005,0.08,0.1,11,2,0,24527,18955317,30.6,-0.7905888013145537,-0.798,0.21,0.07,9,2,0,24527,18955317,31.9,-0.8005888013145536,-0.808,0.03,0.17,4,2,0,24527,18955317,30.6,0.008411198685446363,0.001,0.19,-0.09,6,2,0,24527,18955317,31.9,0.012411198685446363,0.006,0.04,0.17,12,2,0,24365,18955316,29.9,0.01641119868544636,0.009,0.0,0.3,6,2,0,24365,18955316,29.9,-0.8115888013145536,-0.82,0.1,0.38,4,2,0,24365,18955316,30.6,0.010411198685446363,0.004,0.07,0.11,5,2,0,24365,18955316,29.9,-0.7955888013145537,-0.801,0.11,0.04,6,2,0,24365,18955316,29.9
428,18930795239054,18930804174578,sine_0.7hz,3.0600848809990566,19.253856,0.08488093226333149,8.935524,1.5545259993814398,2.599240000563441,0.20575523376464844,24528,24366,0.015573931618033682,0.011,-0.02,0.13,2,2,0,24528,18955337,30.6,0.014573931618033682,0.009,0.12,0.01,1,2,0,24528,18955337,30.6,-0.7894260683819664,-0.797,0.22,0.04,14,2,0,24528,18955337,31.9,-0.7994260683819663,-0.807,0.18,0.1,9,2,0,24528,18955337,30.6,0.009573931618033682,0.003,0.19,0.29,10,2,0,24528,18955337,31.9,0.013573931618033682,0.006,0.03,0.17,3,2,0,24366,18955337,29.9,0.01757393161803368,0.01,0.07,0.08,12,2,0,24366,18955337,29.9,-0.8104260683819663,-0.82,0.02,0.35,10,2,0,24366,18955337,30.6,0.011573931618033682,0.005,0.14,0.18,11,2,0,24366,18955337,29.9,-0.7944260683819664,-0.801,-0.07,0.04,12,2,0,24366,18955337,29.9
429,18930815236268,18930824702470,sine_0.7hz,3.0800809119973565,20.527892,0.08091193012660369,9.466202,2.075633998174453,3.152125998894917,0.17213821411132812,24529,24367,0.01661588043345278,0.011,0.03,-0.05,7,2,0,24529,18955357,30.6,0.01561588043345278,0.011,0.06,-0.1,6,2,0,24529,18955357,30.6,-0.7883841195665473,-0.794,0.2,0.16,4,2,0,24529,18955357,31.9,-0.7983841195665472,-0.806,0.05,0.19,14,2,0,24529,18955357,30.6,0.01061588043345278,0.006,0.01,-0.04,0,2,0,24529,18955357,31.9,0.01461588043345278,0.007,-0.11,0.18,7,2,0,24367,18955356,29.9,0.018615880433452782,0.012,0.14,0.22,1,2,0,24367,18955356,29.9,-0.8093841195665472,-0.819,0.13,0.25,14,2,0,24367,18955356,30.6,0.01261588043345278,0.006,0.02,0.09,0,2,0,24367,18955356,29.9,-0.7933841195665473,-0.799,0.08,0.17,1,2,0,24367,18955356,29.9
430,18930835238347,18930844187024,sine_0.7hz,3.1000840790002258,19.484554,0.0840789325593505,8.948677,1.5447019977727905,2.5917839993780944,0.20575523376464844,24530,24368,0.01752969544063608,0.012,0.2,-0.03,12,2,0,24530,18955377,30.6,0.01652969544063608,0.011,0.09,0.18,10,2,0,24530,18955377,30.6,-0.787470304559364,-0.793,-0.02,0.18,9,2,0,24530,18955377,31.9,-0.7974703045593639,-0.803,-0.01,0.36,4,2,0,24530,18955377,30.6,0.011529695440636081,0.007,0.06,0.07,5,2,0,24530,18955377,31.9,0.015529695440636081,0.007,0.04,0.29,12,2,0,24368,18955376,29.9,0.019529695440636083,0.013,0.13,0.05,6,2,0,24368,18955376,29.9,-0.8084703045593639,-0.817,0.05,0.24,4,2,0,24368,18955376,30.6,0.013529695440636081,0.008,0.17,0.08,5,2,0,24368,18955376,29.9,-0.792470304559364,-0.798,0.01,-0.04,6,2,0,24368,18955376,29.9
431,18930855234697,18930864127564,sine_0.7hz,3.120081229000789,19.94054,0.08122893268591724,8.892867,1.4704909990541637,2.514628002245445,0.17309188842773438,24531,24369,0.01830770116189242,0.015,0.11,0.24,2,2,0,24531,18955397,30.6,0.017307701161892418,0.012,0.08,0.18,0,2,0,24531,18955397,30.6,-0.7866922988381077,-0.792,0.03,0.1,14,2,0,24531,18955397,31.9,-0.7966922988381075,-0.803,0.0,0.18,9,2,0,24531,18955397,30.6,0.012307701161892419,0.007,0.15,-0.2,10,2,0,24531,18955397,31.9,0.016307701161892417,0.009,0.01,0.29,2,2,0,24369,18955396,29.9,0.02030770116189242,0.014,0.28,-0.01,11,2,0,24369,18955396,29.9,-0.8076922988381076,-0.817,0.0,0.25,9,2,0,24369,18955396,30.6,0.014307701161892419,0.009,0.0,-0.13,10,2,0,24369,18955396,29.9,-0.7916922988381077,-0.798,-0.11,0.49,11,2,0,24369,18955396,29.9
432,18930875237192,18930884804870,sine_0.7hz,3.140082731999428,20.677306,0.08273193088825792,9.567678,2.0984840011806227,3.1807990017114207,0.17595291137695312,24532,24370,0.018944300508715047,0.016,0.17,0.06,7,2,0,24532,18955417,30.6,0.017944300508715046,0.013,0.16,0.25,5,2,0,24532,18955417,30.6,-0.786055699491285,-0.791,-0.03,0.23,4,2,0,24532,18955417,31.9,-0.7960556994912849,-0.802,-0.07,0.04,14,2,0,24532,18955417,30.6,0.012944300508715046,0.008,0.05,0.39,0,2,0,24532,18955417,31.9,0.016944300508715045,0.01,0.12,0.2,7,2,0,24370,18955416,29.9,0.02094430050871505,0.017,-0.13,0.1,1,2,0,24370,18955416,29.9,-0.8070556994912849,-0.815,0.1,0.22,14,2,0,24370,18955416,30.6,0.014944300508715046,0.01,-0.03,-0.01,15,2,0,24370,18955416,29.9,-0.791055699491285,-0.796,0.09,0.14,1,2,0,24370,18955416,29.9
433,18930895239815,18930904182892,sine_0.7hz,3.1600849389978976,19.378022,0.08493892892147414,8.943077,1.5358380005636718,2.5948239999706857,0.20456314086914062,24533,24371,0.01943440033391277,0.016,0.07,0.05,12,2,0,24533,18955437,30.6,0.01843440033391277,0.014,0.05,0.31,10,2,0,24533,18955437,30.6,-0.7855655996660873,-0.79,0.04,0.09,9,2,0,24533,18955437,31.9,-0.7955655996660872,-0.8,0.15,0.25,4,2,0,24533,18955437,30.6,0.01343440033391277,0.009,0.04,0.1,5,2,0,24533,18955437,31.9,0.017434400333912768,0.01,-0.04,0.19,12,2,0,24371,18955436,29.9,0.02143440033391277,0.017,0.05,0.06,6,2,0,24371,18955436,29.9,-0.8065655996660872,-0.812,0.05,0.02,4,2,0,24371,18955436,30.6,0.01543440033391277,0.012,0.06,0.21,5,2,0,24371,18955436,29.9,-0.7905655996660873,-0.795,0.06,0.2,6,2,0,24371,18955436,29.9
434,18930915241670,18930924162442,sine_0.7hz,3.1800840409996454,19.97955,0.08404093023273163,8.920772,1.493084000685485,2.5398780016985256,0.2009868621826172,24534,24372,0.019774144106525702,0.017,0.16,0.09,2,2,0,24534,18955457,30.6,0.0187741441065257,0.014,-0.03,0.18,0,2,0,24534,18955457,30.6,-0.7852258558934744,-0.79,0.07,0.24,14,2,0,24534,18955457,31.9,-0.7952258558934743,-0.8,0.14,0.24,9,2,0,24534,18955457,30.6,0.013774144106525702,0.009,-0.02,0.08,10,2,0,24534,18955457,31.9,0.017774144106525704,0.012,0.21,0.29,2,2,0,24372,18955456,29.9,0.0217741441065257,0.017,0.04,0.25,11,2,0,24372,18955456,29.9,-0.8062258558934743,-0.812,-0.01,0.28,9,2,0,24372,18955456,30.6,0.015774144106525702,0.013,0.05,0.32,10,2,0,24372,18955456,29.9,-0.7902258558934744,-0.794,-0.12,0.04,11,2,0,24372,18955456,29.9
435,18930935238116,18930944238700,sine_0.7hz,3.200082248000399,20.076258,0.08224793054978363,9.000584,1.5335970019805245,2.588294999441132,0.2067089080810547,24535,24373,0.01996098754642139,0.017,-0.04,0.02,7,2,0,24535,18955477,30.6,0.01896098754642139,0.014,0.13,0.15,5,2,0,24535,18955477,30.6,-0.7850390124535787,-0.788,0.0,0.04,4,2,0,24535,18955477,31.9,-0.7950390124535786,-0.8,-0.07,0.07,14,2,0,24535,18955477,30.6,0.01396098754642139,0.01,-0.06,0.26,0,2,0,24535,18955477,31.9,0.017960987546421392,0.013,0.1,0.23,7,2,0,24373,18955476,29.9,0.02196098754642139,0.018,0.05,0.3,1,2,0,24373,18955476,29.9,-0.8060390124535786,-0.812,-0.17,0.48,14,2,0,24373,18955476,30.6,0.01596098754642139,0.013,0.11,0.27,15,2,0,24373,18955476,29.9,-0.7900390124535787,-0.793,-0.02,-0.02,0,2,0,24373,18955476,29.9
436,18930955237443,18930964378288,sine_0.7hz,3.2200819899990165,20.139588,0.0819899287307635,9.140845,1.6505619969393592,2.7437579992692918,0.1766681671142578,24536,24374,0.0199935012419772,0.018,0.13,0.03,12,2,0,24536,18955497,30.6,0.018993501241977198,0.014,-0.08,0.2,10,2,0,24536,18955497,30.6,-0.7850064987580229,-0.787,-0.02,0.06,9,2,0,24536,18955497,31.9,-0.7950064987580228,-0.799,0.06,0.4,4,2,0,24536,18955497,30.6,0.013993501241977199,0.011,0.1,0.37,5,2,0,24536,18955497,31.9,0.017993501241977197,0.014,0.13,0.2,12,2,0,24374,18955496,29.9,0.0219935012419772,0.018,-0.06,0.11,6,2,0,24374,18955496,29.9,-0.8060064987580228,-0.811,0.11,0.36,4,2,0,24374,18955496,30.6,0.0159935012419772,0.014,-0.09,0.35,5,2,0,24374,18955496,29.9,-0.7900064987580229,-0.793,0.1,-0.01,5,2,0,24374,18955496,29.9
437,18930975237153,18930984307724,sine_0.7hz,3.2400823409989243,19.929436,0.08234092820202932,9.070571,1.6539860007469542,2.741198000876466,0.17976760864257812,24537,24375,0.019871407477995297,0.018,-0.07,0.23,2,2,0,24537,18955517,30.6,0.018871407477995296,0.015,-0.08,0.37,0,2,0,24537,18955517,30.6,-0.7851285925220047,-0.786,0.11,-0.06,14,2,0,24537,18955517,31.9,-0.7951285925220046,-0.799,0.02,0.3,9,2,0,24537,18955517,30.6,0.013871407477995297,0.011,-0.04,0.07,10,2,0,24537,18955517,31.9,0.017871407477995295,0.015,0.08,0.24,2,2,0,24375,18955516,29.9,0.0218714074779953,0.018,0.01,0.18,11,2,0,24375,18955516,29.9,-0.8061285925220046,-0.811,0.15,0.25,9,2,0,24375,18955516,30.6,0.015871407477995297,0.014,-0.04,0.14,10,2,0,24375,18955516,29.9,-0.7901285925220047,-0.793,0.16,0.27,10,2,0,24375,18955516,29.9
438,18930995238048,18931005045896,sine_0.7hz,3.2600837479985785,20.738172,0.08374792741960846,9.807848,2.31852499928209,3.407815998798469,0.17499923706054688,24538,24376,0.019595628483073894,0.018,-0.13,-0.05,7,2,0,24538,18955537,30.6,0.018595628483073893,0.015,0.05,0.28,5,2,0,24538,18955537,30.6,-0.7854043715169261,-0.786,-0.12,-0.02,4,2,0,24538,18955537,31.9,-0.795404371516926,-0.799,0.01,0.36,14,2,0,24538,18955537,30.6,0.013595628483073894,0.012,0.16,0.23,0,2,0,24538,18955537,31.9,0.017595628483073895,0.015,0.01,0.15,7,2,0,24376,18955536,29.9,0.021595628483073892,0.019,0.04,0.25,1,2,0,24376,18955536,29.9,-0.806404371516926,-0.811,0.08,0.07,14,2,0,24376,18955536,30.6,0.015595628483073894,0.014,-0.17,0.11,0,2,0,24376,18955536,29.9,-0.7904043715169261,-0.793,-0.04,0.16,0,2,0,24376,18955536,29.9
439,18931015242943,18931025091880,sine_0.7hz,3.280078177998803,20.045984,0.07817792720743455,9.848937,2.3014990001684055,3.38256699978956,0.18906593322753906,24539,24377,0.019168474599321927,0.018,-0.02,0.17,12,2,0,24539,18955557,30.6,0.018168474599321926,0.015,0.01,0.29,10,2,0,24539,18955557,30.6,-0.7858315254006781,-0.786,0.08,0.01,9,2,0,24539,18955557,31.9,-0.795831525400678,-0.799,-0.13,0.24,4,2,0,24539,18955557,30.6,0.013168474599321927,0.012,0.14,0.27,5,2,0,24539,18955557,31.9,0.01716847459932193,0.015,-0.04,0.23,13,2,0,24377,18955557,29.9,0.021168474599321925,0.019,-0.02,0.32,7,2,0,24377,18955557,29.9,-0.806831525400678,-0.811,-0.11,0.32,5,2,0,24377,18955557,30.6,0.015168474599321927,0.014,-0.02,-0.02,6,2,0,24377,18955557,29.9,-0.7908315254006781,-0.793,0.0,-0.02,6,2,0,24377,18955557,29.9
440,18931035241790,18931044935585,sine_0.7hz,3.3000848649971886,19.843705,0.08486492515658028,9.693795,2.1869040028832387,3.2704990007914603,0.1747608184814453,24540,24378,0.018592780330327806,0.018,-0.19,0.03,2,2,0,24540,18955577,30.6,0.017592780330327806,0.015,-0.02,0.12,0,2,0,24540,18955577,30.6,-0.7864072196696722,-0.786,-0.04,0.03,14,2,0,24540,18955577,31.9,-0.7964072196696721,-0.799,-0.07,0.34,9,2,0,24540,18955577,30.6,0.012592780330327806,0.012,0.05,0.05,10,2,0,24540,18955577,31.9,0.016592780330327808,0.015,0.0,0.07,3,2,0,24378,18955577,29.9,0.020592780330327805,0.019,0.09,0.09,12,2,0,24378,18955577,29.9,-0.8074072196696721,-0.811,-0.03,0.24,10,2,0,24378,18955577,30.6,0.014592780330327806,0.014,-0.09,0.11,11,2,0,24378,18955577,29.9,-0.7914072196696722,-0.793,0.0,-0.06,11,2,0,24378,18955577,29.9
441,18931055238620,18931064141856,sine_0.7hz,3.320083872000396,19.206271,0.08387192792724818,8.903236,1.4874199987389147,2.5300529996457044,0.2040863037109375,24541,24379,0.01787351920010801,0.018,0.01,0.13,7,2,0,24541,18955597,30.6,0.01687351920010801,0.015,0.08,0.2,5,2,0,24541,18955597,30.6,-0.787126480799892,-0.786,-0.04,0.03,3,2,0,24541,18955597,31.9,-0.7971264807998919,-0.799,0.05,-0.15,14,2,0,24541,18955597,30.6,0.01187351920010801,0.012,-0.11,-0.01,0,2,0,24541,18955597,31.9,0.01587351920010801,0.015,-0.03,0.04,8,2,0,24379,18955597,29.9,0.019873519200108013,0.019,0.08,0.27,2,2,0,24379,18955597,29.9,-0.8081264807998919,-0.811,0.06,0.18,15,2,0,24379,18955597,30.6,0.01387351920010801,0.014,-0.18,-0.08,1,2,0,24379,18955597,29.9,-0.792126480799892,-0.793,0.09,0.02,1,2,0,24379,18955597,29.9
442,18931075236763,18931084755895,sine_0.7hz,3.3400824620002822,20.614039,0.08246192737715319,9.519132,2.1022280016040895,3.1803189995116554,0.1742839813232422,24542,24380,0.017016079038234787,0.018,-0.12,0.16,11,2,0,24542,18955617,30.6,0.016016079038234786,0.015,0.03,0.12,10,2,0,24542,18955617,30.6,-0.7879839209617653,-0.786,0.11,0.03,8,2,0,24542,18955617,31.9,-0.7979839209617652,-0.799,-0.13,-0.06,4,2,0,24542,18955617,30.6,0.011016079038234787,0.012,-0.01,-0.05,5,2,0,24542,18955617,31.9,0.015016079038234787,0.015,-0.02,0.18,12,2,0,24380,18955616,29.9,0.01901607903823479,0.019,0.0,0.03,6,2,0,24380,18955616,29.9,-0.8089839209617652,-0.811,-0.05,0.29,4,2,0,24380,18955616,30.6,0.013016079038234787,0.014,0.03,-0.1,5,2,0,24380,18955616,29.9,-0.7929839209617653,-0.793,-0.03,-0.05,5,2,0,24380,18955616,29.9
443,18931095238297,18931104559854,sine_0.7hz,3.3600846369990904,19.803959,0.08463692574878223,9.321557,1.8653550032468047,2.9404699998849537,0.17452239990234375,24543,24381,0.016026887148723457,0.018,-0.06,-0.01,1,2,0,24543,18955637,30.6,0.015026887148723456,0.015,0.15,-0.05,0,2,0,24543,18955637,30.6,-0.7889731128512766,-0.786,0.04,0.07,13,2,0,24543,18955637,31.9,-0.7989731128512765,-0.799,0.04,0.33,9,2,0,24543,18955637,30.6,0.010026887148723457,0.012,-0.05,-0.2,10,2,0,24543,18955637,31.9,0.014026887148723457,0.015,-0.04,0.03,2,2,0,24381,18955636,29.9,0.018026887148723456,0.018,-0.11,-0.05,11,2,0,24381,18955636,29.9,-0.8099731128512765,-0.811,0.04,0.11,9,2,0,24381,18955636,30.6,0.012026887148723457,0.014,-0.02,0.07,10,2,0,24381,18955636,29.9,-0.7939731128512766,-0.793,-0.16,-0.07,10,2,0,24381,18955636,29.9
444,18931115238776,18931124256672,sine_0.7hz,3.380083387997729,19.696818,0.08338792395079508,9.017896,1.5283809989341535,2.5776069996936712,0.2090930938720703,24544,24382,0.014913936580693002,0.017,-0.15,-0.15,6,2,0,24544,18955657,30.6,0.013913936580693002,0.014,-0.17,0.07,5,2,0,24544,18955657,30.6,-0.7900860634193071,-0.786,0.01,-0.2,3,2,0,24544,18955657,31.9,-0.800086063419307,-0.799,-0.16,0.05,14,2,0,24544,18955657,30.6,0.008913936580693001,0.012,-0.02,0.04,0,2,0,24544,18955657,31.9,0.012913936580693001,0.015,0.07,-0.01,6,2,0,24382,18955656,29.9,0.016913936580693,0.018,0.02,0.23,1,2,0,24382,18955656,29.9,-0.811086063419307,-0.812,-0.06,0.19,14,2,0,24382,18955656,30.6,0.010913936580693001,0.013,-0.11,-0.22,0,2,0,24382,18955656,29.9,-0.7950860634193071,-0.793,-0.03,0.06,0,2,0,24382,18955656,29.9
445,18931135236983,18931144801365,sine_0.7hz,3.400081241998123,20.544693,0.08124192390823737,9.564382,2.1530140002141707,3.232800998375751,0.17213821411132812,24545,24383,0.013685731729122021,0.017,-0.04,-0.13,11,2,0,24545,18955677,30.6,0.012685731729122022,0.014,-0.11,-0.04,10,2,0,24545,18955677,30.6,-0.791314268270878,-0.787,-0.03,-0.07,8,2,0,24545,18955677,31.9,-0.8013142682708779,-0.8,0.02,-0.26,4,2,0,24545,18955677,30.6,0.007685731729122021,0.012,0.05,-0.18,5,2,0,24545,18955677,31.9,0.011685731729122021,0.014,-0.18,-0.01,11,2,0,24383,18955676,29.9,0.01568573172912202,0.018,-0.01,0.0,6,2,0,24383,18955676,29.9,-0.8123142682708779,-0.812,-0.02,0.09,4,2,0,24383,18955676,30.6,0.009685731729122021,0.013,0.07,-0.26,5,2,0,24383,18955676,29.9,-0.796314268270878,-0.794,0.01,-0.17,5,2,0,24383,18955676,29.9
446,18931155239573,18931164805683,sine_0.7hz,3.4200859449993004,20.004318,0.08594492464908399,9.56611,2.093779999995604,3.170143001625547,0.17976760864257812,24546,24384,0.012351246946559159,0.017,0.02,-0.11,1,2,0,24546,18955697,30.6,0.01135124694655916,0.014,0.01,-0.06,0,2,0,24546,18955697,30.6,-0.7926487530534408,-0.787,0.07,-0.06,13,2,0,24546,18955697,31.9,-0.8026487530534407,-0.8,0.09,0.22,9,2,0,24546,18955697,30.6,0.006351246946559159,0.011,-0.04,-0.04,10,2,0,24546,18955697,31.9,0.010351246946559159,0.014,0.03,-0.09,1,2,0,24384,18955696,29.9,0.014351246946559159,0.017,-0.09,0.0,11,2,0,24384,18955696,29.9,-0.8136487530534408,-0.812,0.04,-0.04,9,2,0,24384,18955696,30.6,0.008351246946559159,0.013,-0.07,-0.1,10,2,0,24384,18955696,29.9,-0.7976487530534409,-0.794,0.04,-0.11,10,2,0,24384,18955696,29.9
447,18931175239284,18931184117303,sine_0.7hz,3.4400851120008156,19.31162,0.08511192572768778,8.878019,1.470521998271579,2.511875998607138,0.17118453979492188,24547,24385,0.010921615728531169,0.017,0.01,-0.32,6,2,0,24547,18955717,30.6,0.009921615728531168,0.014,0.0,0.03,5,2,0,24547,18955717,30.6,-0.7940783842714689,-0.788,0.06,-0.15,3,2,0,24547,18955717,31.9,-0.8040783842714688,-0.8,-0.01,-0.21,14,2,0,24547,18955717,30.6,0.004921615728531168,0.009,-0.06,0.05,0,2,0,24547,18955717,31.9,0.008921615728531168,0.014,0.07,-0.04,6,2,0,24385,18955716,29.9,0.012921615728531169,0.017,0.05,-0.2,1,2,0,24385,18955716,29.9,-0.8150783842714688,-0.812,-0.15,-0.17,14,2,0,24385,18955716,30.6,0.0069216157285311684,0.012,-0.18,-0.12,0,2,0,24385,18955716,29.9,-0.7990783842714689,-0.795,-0.03,-0.2,0,2,0,24385,18955716,29.9
448,18931195237011,18931204853875,sine_0.7hz,3.4600828379989252,20.736572,0.08283792340080254,9.616864,2.2123770031612366,3.288162999524502,0.1761913299560547,24548,24386,0.009407648929231635,0.016,-0.08,-0.19,11,2,0,24548,18955737,30.6,0.008407648929231636,0.013,-0.17,-0.29,10,2,0,24548,18955737,30.6,-0.7955923510707684,-0.789,-0.05,-0.24,8,2,0,24548,18955737,31.9,-0.8055923510707683,-0.802,0.02,-0.05,4,2,0,24548,18955737,30.6,0.0034076489292316353,0.007,0.05,-0.21,5,2,0,24548,18955737,31.9,0.007407648929231635,0.013,-0.11,-0.21,11,2,0,24386,18955736,29.9,0.011407648929231635,0.016,-0.02,-0.07,6,2,0,24386,18955736,29.9,-0.8165923510707683,-0.813,0.1,-0.14,4,2,0,24386,18955736,30.6,0.005407648929231635,0.012,-0.05,-0.21,5,2,0,24386,18955736,29.9,-0.8005923510707684,-0.795,-0.11,-0.07,5,2,0,24386,18955736,29.9
449,18931215239537,18931224765582,sine_0.7hz,3.48008542900061,19.911707,0.08542892464902252,9.526045,2.0947080010955688,3.171038999425946,0.17523765563964844,24549,24387,0.007820557492914467,0.015,0.1,-0.41,1,2,0,24549,18955757,30.6,0.006820557492914467,0.012,0.07,-0.18,0,2,0,24549,18955757,30.6,-0.7971794425070856,-0.79,-0.19,-0.08,13,2,0,24549,18955757,31.9,-0.8071794425070855,-0.802,-0.08,-0.22,9,2,0,24549,18955757,30.6,0.0018205574929144666,0.007,-0.03,-0.13,10,2,0,24549,18955757,31.9,0.005820557492914467,0.012,0.11,-0.23,2,2,0,24387,18955757,29.9,0.009820557492914467,0.016,-0.1,-0.18,12,2,0,24387,18955757,29.9,-0.8181794425070855,-0.813,-0.03,-0.03,10,2,0,24387,18955757,30.6,0.0038205574929144667,0.011,-0.07,-0.15,11,2,0,24387,18955757,29.9,-0.8021794425070856,-0.796,-0.08,-0.12,11,2,0,24387,18955757,29.9
450,18931235236848,18931244929907,sine_0.7hz,3.5000839559979795,20.164325,0.08395592158194631,9.693059,2.2455940015788656,3.3202599988726433,0.1761913299560547,24550,24388,0.006173315766236673,0.014,-0.1,-0.14,6,2,0,24550,18955777,30.6,0.005173315766236673,0.011,0.07,-0.19,5,2,0,24550,18955777,30.6,-0.7988266842337634,-0.794,0.01,0.05,3,2,0,24550,18955777,31.9,-0.8088266842337632,-0.803,-0.08,-0.15,14,2,0,24550,18955777,30.6,0.00017331576623667248,0.006,-0.09,-0.21,0,2,0,24550,18955777,31.9,0.0041733157662366726,0.01,-0.04,-0.01,6,2,0,24388,18955776,29.9,0.008173315766236672,0.015,0.04,-0.14,1,2,0,24388,18955776,29.9,-0.8198266842337633,-0.814,-0.13,0.04,14,2,0,24388,18955776,30.6,0.0021733157662366725,0.01,0.01,-0.36,0,2,0,24388,18955776,29.9,-0.8038266842337634,-0.799,0.06,-0.07,0,2,0,24388,18955776,29.9
451,18931255239631,18931264854991,sine_0.7hz,3.5200848819986277,19.925084,0.08488192179356702,9.61536,2.140789001714438,3.220320002583321,0.17642974853515625,24551,24389,0.004478138493926027,0.012,-0.16,-0.11,11,2,0,24551,18955797,30.6,0.0034781384939260272,0.01,-0.16,-0.12,10,2,0,24551,18955797,30.6,-0.8005218615060741,-0.795,-0.05,-0.09,8,2,0,24551,18955797,31.9,-0.810521861506074,-0.805,-0.05,-0.29,4,2,0,24551,18955797,30.6,-0.0015218615060739729,0.006,0.02,-0.26,5,2,0,24551,18955797,31.9,0.002478138493926027,0.008,-0.12,-0.01,12,2,0,24389,18955797,29.9,0.006478138493926027,0.014,-0.24,-0.21,7,2,0,24389,18955797,29.9,-0.821521861506074,-0.817,0.01,0.08,5,2,0,24389,18955797,30.6,0.00047813849392602716,0.009,-0.01,-0.07,6,2,0,24389,18955797,29.9,-0.8055218615060741,-0.8,-0.05,-0.13,6,2,0,24389,18955797,29.9
452,18931275240301,18931284134513,sine_0.7hz,3.5400843690003967,19.279522,0.0843689231260214,8.894212,1.4873559994157404,2.5310769997304305,0.1742839813232422,24552,24390,0.002748454929623251,0.01,-0.02,-0.33,1,2,0,24552,18955817,30.6,0.0017484549296232512,0.009,-0.09,-0.22,0,2,0,24552,18955817,30.6,-0.8022515450703768,-0.796,-0.15,-0.07,13,2,0,24552,18955817,31.9,-0.8122515450703767,-0.806,0.08,-0.2,9,2,0,24552,18955817,30.6,-0.003251545070376749,0.005,-0.09,-0.22,10,2,0,24552,18955817,31.9,0.0007484549296232512,0.006,-0.04,0.02,1,2,0,24390,18955816,29.9,0.004748454929623251,0.012,-0.2,-0.11,11,2,0,24390,18955816,29.9,-0.8232515450703767,-0.818,-0.03,0.14,9,2,0,24390,18955816,30.6,-0.0012515450703767489,0.008,-0.06,-0.25,10,2,0,24390,18955816,29.9,-0.8072515450703768,-0.8,-0.06,0.04,10,2,0,24390,18955816,29.9
453,18931295235628,18931304181745,sine_0.7hz,3.5600824799985276,20.047232,0.08247992082033306,8.946117,1.5439659982803278,2.589351999631617,0.21219253540039062,24553,24391,0.0009976401418083573,0.009,-0.04,-0.31,6,2,0,24553,18955837,30.6,-2.3598581916427046e-06,0.007,-0.18,-0.11,5,2,0,24553,18955837,30.6,-0.8040023598581917,-0.798,-0.01,-0.02,3,2,0,24553,18955837,31.9,-0.8140023598581916,-0.807,-0.07,-0.32,14,2,0,24553,18955837,30.6,-0.005002359858191642,0.004,-0.2,-0.2,15,2,0,24553,18955837,31.9,-0.0010023598581916427,0.005,-0.01,-0.23,6,2,0,24391,18955836,29.9,0.0029976401418083574,0.009,-0.1,0.06,1,2,0,24391,18955836,29.9,-0.8250023598581916,-0.82,-0.19,0.12,14,2,0,24391,18955836,30.6,-0.0030023598581916428,0.006,-0.13,-0.33,15,2,0,24391,18955836,29.9,-0.8090023598581917,-0.802,0.03,-0.13,15,2,0,24391,18955836,29.9
454,18931315239787,18931324203377,sine_0.7hz,3.580081005999091,20.021632,0.08100592094706371,8.96359,1.5088599975570105,2.556229999754578,0.21076202392578125,24554,24392,-0.000760924202274707,0.008,-0.04,-0.32,11,2,0,24554,18955857,30.6,-0.001760924202274707,0.006,-0.32,-0.12,10,2,0,24554,18955857,30.6,-0.8057609242022747,-0.8,-0.13,0.08,8,2,0,24554,18955857,31.9,-0.8157609242022746,-0.81,0.06,-0.05,4,2,0,24554,18955857,30.6,-0.006760924202274707,0.002,-0.15,-0.37,5,2,0,24554,18955857,31.9,-0.002760924202274707,0.004,0.01,-0.11,11,2,0,24392,18955856,29.9,0.001239075797725293,0.007,-0.09,0.02,6,2,0,24392,18955856,29.9,-0.8267609242022746,-0.822,-0.12,-0.1,4,2,0,24392,18955856,30.6,-0.004760924202274707,0.002,-0.15,-0.24,5,2,0,24392,18955856,29.9,-0.8107609242022747,-0.804,-0.04,-0.19,5,2,0,24392,18955856,29.9
455,18931335238569,18931344185167,sine_0.7hz,3.600083724999422,19.98179,0.08372492084163241,8.946598,1.5615990014339332,2.6097680020029657,0.20956993103027344,24555,24393,-0.0025139712628449835,0.006,-0.09,-0.28,1,2,0,24555,18955877,30.6,-0.0035139712628449835,0.004,-0.22,-0.03,15,2,0,24555,18955877,30.6,-0.8075139712628451,-0.802,-0.09,-0.07,13,2,0,24555,18955877,31.9,-0.817513971262845,-0.812,-0.14,-0.16,9,2,0,24555,18955877,30.6,-0.008513971262844984,0.0,-0.07,-0.15,10,2,0,24555,18955877,31.9,-0.004513971262844984,0.002,-0.13,0.02,1,2,0,24393,18955876,29.9,-0.0005139712628449834,0.006,-0.09,-0.21,11,2,0,24393,18955876,29.9,-0.828513971262845,-0.823,-0.07,-0.07,9,2,0,24393,18955876,30.6,-0.006513971262844984,0.001,-0.11,-0.09,10,2,0,24393,18955876,29.9,-0.8125139712628451,-0.804,-0.09,-0.13,10,2,0,24393,18955876,29.9
456,18931355236168,18931364198094,sine_0.7hz,3.620082763998653,20.012927,0.08276391963590868,8.961926,1.54678199760383,2.6059599986183457,0.2105236053466797,24556,24394,-0.004247256724008385,0.005,-0.08,-0.5,6,2,0,24556,18955897,30.6,-0.005247256724008385,0.0,0.0,-0.1,5,2,0,24556,18955897,30.6,-0.8092472567240084,-0.804,-0.07,-0.27,3,2,0,24556,18955897,31.9,-0.8192472567240083,-0.813,-0.05,-0.09,14,2,0,24556,18955897,30.6,-0.010247256724008384,-0.003,-0.33,-0.02,15,2,0,24556,18955897,31.9,-0.006247256724008385,0.0,-0.06,-0.23,6,2,0,24394,18955896,29.9,-0.002247256724008385,0.005,-0.16,-0.03,1,2,0,24394,18955896,29.9,-0.8302472567240083,-0.823,-0.02,-0.27,14,2,0,24394,18955896,30.6,-0.008247256724008386,-0.001,-0.09,-0.16,15,2,0,24394,18955896,29.9,-0.8142472567240084,-0.805,-0.07,-0.16,15,2,0,24394,18955896,29.9
457,18931375234534,18931384674559,sine_0.7hz,3.640080522000062,20.476465,0.08052192060858943,9.440025,1.9256449995737057,3.015608999703545,0.17213821411132812,24557,24395,-0.005947594645632789,0.004,-0.11,-0.36,11,2,0,24557,18955917,30.6,-0.006947594645632789,-0.001,-0.06,-0.19,10,2,0,24557,18955917,30.6,-0.8109475946456328,-0.805,-0.06,0.04,8,2,0,24557,18955917,31.9,-0.8209475946456327,-0.815,-0.18,-0.25,4,2,0,24557,18955917,30.6,-0.01194759464563279,-0.006,0.01,0.04,5,2,0,24557,18955917,31.9,-0.007947594645632789,-0.001,-0.1,-0.39,11,2,0,24395,18955916,29.9,-0.003947594645632789,0.003,-0.06,-0.06,6,2,0,24395,18955916,29.9,-0.8319475946456327,-0.826,-0.13,-0.18,4,2,0,24395,18955916,30.6,-0.009947594645632789,-0.004,-0.19,-0.17,5,2,0,24395,18955916,29.9,-0.8159475946456328,-0.81,-0.24,-0.32,5,2,0,24395,18955916,29.9
458,18931395247430,18931404244781,sine_0.7hz,3.6600876249976864,19.570222,0.08762491779634729,8.997351,1.518108998425305,2.574215002823621,0.21147727966308594,24558,24396,-0.00760271174634813,0.001,-0.09,-0.18,1,2,0,24558,18955937,30.6,-0.00860271174634813,-0.001,-0.04,-0.08,15,2,0,24558,18955937,30.6,-0.8126027117463481,-0.806,-0.04,-0.34,13,2,0,24558,18955937,31.9,-0.822602711746348,-0.816,-0.02,-0.26,9,2,0,24558,18955937,30.6,-0.013602711746348129,-0.006,-0.25,-0.18,10,2,0,24558,18955937,31.9,-0.009602711746348129,-0.002,0.16,-0.23,1,2,0,24396,18955936,29.9,-0.00560271174634813,0.002,-0.21,-0.42,11,2,0,24396,18955936,29.9,-0.833602711746348,-0.827,-0.23,-0.07,9,2,0,24396,18955936,30.6,-0.01160271174634813,-0.006,-0.01,-0.08,10,2,0,24396,18955936,29.9,-0.8176027117463481,-0.811,-0.09,-0.01,10,2,0,24396,18955936,29.9
459,18931415235716,18931424164712,sine_0.7hz,3.680079399000533,19.919931,0.0793989202065859,8.928996,1.5297249992727302,2.5763270023162477,0.20742416381835938,24559,24397,-0.009197799664012669,-0.002,-0.1,-0.23,6,2,0,24559,18955957,30.6,-0.010197799664012668,-0.002,0.01,-0.15,5,2,0,24559,18955957,30.6,-0.8141977996640127,-0.808,-0.03,-0.31,3,2,0,24559,18955957,31.9,-0.8241977996640126,-0.817,-0.2,-0.34,14,2,0,24559,18955957,30.6,-0.01519779966401267,-0.007,-0.01,-0.27,15,2,0,24559,18955957,31.9,-0.011197799664012669,-0.004,-0.08,-0.21,6,2,0,24397,18955956,29.9,-0.007197799664012669,0.0,-0.07,-0.26,1,2,0,24397,18955956,29.9,-0.8351977996640126,-0.829,-0.2,-0.23,14,2,0,24397,18955956,30.6,-0.01319779966401267,-0.006,-0.09,-0.19,15,2,0,24397,18955956,29.9,-0.8191977996640127,-0.812,-0.11,-0.16,15,2,0,24397,18955956,29.9
460,18931435236066,18931444257195,sine_0.7hz,3.700082597999426,20.092483,0.08259791866294108,9.021129,1.5708149985584896,2.607367998280097,0.20647048950195312,24560,24398,-0.0107226698252766,-0.003,-0.12,-0.25,11,2,0,24560,18955977,30.6,-0.011722669825276599,-0.004,-0.14,-0.18,10,2,0,24560,18955977,30.6,-0.8157226698252766,-0.809,-0.13,-0.26,8,2,0,24560,18955977,31.9,-0.8257226698252765,-0.82,0.01,-0.21,4,2,0,24560,18955977,30.6,-0.0167226698252766,-0.01,-0.08,-0.3,5,2,0,24560,18955977,31.9,-0.0127226698252766,-0.004,-0.02,-0.15,11,2,0,24398,18955976,29.9,-0.0087226698252766,-0.001,-0.05,0.0,6,2,0,24398,18955976,29.9,-0.8367226698252765,-0.831,-0.02,0.02,4,2,0,24398,18955976,30.6,-0.0147226698252766,-0.009,-0.11,-0.16,5,2,0,24398,18955976,29.9,-0.8207226698252766,-0.813,0.05,-0.14,5,2,0,24398,18955976,29.9
461,18931455234977,18931464181158,sine_0.7hz,3.720080868999503,19.923963,0.08086891830316745,8.946181,1.5195160012808628,2.5627260001783725,0.20551681518554688,24561,24399,-0.012164253321722645,-0.006,-0.3,-0.11,1,2,0,24561,18955997,30.6,-0.013164253321722646,-0.007,-0.27,-0.1,15,2,0,24561,18955997,30.6,-0.8171642533217227,-0.81,-0.19,-0.18,13,2,0,24561,18955997,31.9,-0.8271642533217226,-0.821,-0.25,-0.15,9,2,0,24561,18955997,30.6,-0.018164253321722647,-0.012,0.02,-0.21,10,2,0,24561,18955997,31.9,-0.014164253321722645,-0.005,0.09,-0.33,1,2,0,24399,18955996,29.9,-0.010164253321722645,-0.002,-0.16,-0.18,11,2,0,24399,18955996,29.9,-0.8381642533217226,-0.831,-0.1,-0.2,9,2,0,24399,18955996,30.6,-0.016164253321722645,-0.01,0.0,0.1,10,2,0,24399,18955996,29.9,-0.8221642533217227,-0.814,-0.14,-0.19,10,2,0,24399,18955996,29.9
462,18931475236544,18931484146532,sine_0.7hz,3.740082274998713,19.965374,0.08227491707657464,8.909988,1.5050199981487822,2.5597820022085216,0.20694732666015625,24562,24400,-0.013511992871994219,-0.007,-0.03,0.01,6,2,0,24562,18956017,30.6,-0.014511992871994218,-0.009,-0.01,-0.15,5,2,0,24562,18956017,30.6,-0.8185119928719943,-0.812,-0.07,-0.11,3,2,0,24562,18956017,31.9,-0.8285119928719942,-0.822,0.04,-0.17,14,2,0,24562,18956017,30.6,-0.01951199287199422,-0.014,-0.17,-0.24,15,2,0,24562,18956017,31.9,-0.015511992871994219,-0.006,-0.03,-0.31,6,2,0,24400,18956016,29.9,-0.011511992871994219,-0.004,0.02,-0.33,0,2,0,24400,18956016,29.9,-0.8395119928719942,-0.832,-0.01,-0.13,13,2,0,24400,18956016,30.6,-0.017511992871994217,-0.011,-0.18,-0.28,15,2,0,24400,18956016,29.9,-0.8235119928719943,-0.815,-0.07,-0.14,15,2,0,24400,18956016,29.9
463,18931495238014,18931504273767,sine_0.7hz,3.760081762000482,20.127235,0.08176191840902902,9.035753,1.6022399977373425,2.639882000949001,0.20766258239746094,24563,24401,-0.014755118495742611,-0.009,-0.16,0.06,11,2,0,24563,18956037,30.6,-0.015755118495742612,-0.01,0.05,-0.43,10,2,0,24563,18956037,30.6,-0.8197551184957427,-0.814,-0.17,-0.1,8,2,0,24563,18956037,31.9,-0.8297551184957426,-0.823,0.0,-0.19,4,2,0,24563,18956037,30.6,-0.02075511849574261,-0.016,-0.09,-0.02,5,2,0,24563,18956037,31.9,-0.016755118495742613,-0.007,0.05,-0.25,11,2,0,24401,18956036,29.9,-0.012755118495742611,-0.006,-0.15,-0.24,5,2,0,24401,18956036,29.9,-0.8407551184957426,-0.834,-0.18,-0.45,3,2,0,24401,18956036,30.6,-0.01875511849574261,-0.012,-0.18,-0.12,5,2,0,24401,18956036,29.9,-0.8247551184957427,-0.819,0.05,-0.09,5,2,0,24401,18956036,29.9
464,18931515237437,18931524164482,sine_0.7hz,3.780082944998867,19.890715,0.0829449163575191,8.927045,1.5213730002869852,2.567206996900495,0.1995563507080078,24564,24402,-0.015884242511285444,-0.012,-0.07,0.03,1,2,0,24564,18956057,30.6,-0.016884242511285445,-0.01,-0.06,-0.24,15,2,0,24564,18956057,30.6,-0.8208842425112854,-0.815,-0.07,-0.16,13,2,0,24564,18956057,31.9,-0.8308842425112853,-0.824,-0.04,-0.17,9,2,0,24564,18956057,30.6,-0.021884242511285443,-0.016,-0.06,-0.16,10,2,0,24564,18956057,31.9,-0.017884242511285446,-0.01,0.09,-0.12,1,2,0,24402,18956056,29.9,-0.013884242511285444,-0.007,-0.23,-0.29,10,2,0,24402,18956056,29.9,-0.8418842425112854,-0.835,0.02,-0.24,8,2,0,24402,18956056,30.6,-0.019884242511285444,-0.014,-0.06,-0.17,10,2,0,24402,18956056,29.9,-0.8258842425112854,-0.821,-0.07,-0.04,10,2,0,24402,18956056,29.9
465,18931535236892,18931544325255,sine_0.7hz,3.8000829109987535,20.160773,0.08291091580758803,9.088363,1.5518059990426991,2.6073369990626816,0.20575523376464844,24565,24403,-0.01689046529650751,-0.014,-0.05,-0.02,6,2,0,24565,18956077,30.6,-0.01789046529650751,-0.011,-0.1,-0.14,5,2,0,24565,18956077,30.6,-0.8218904652965076,-0.817,0.0,-0.06,3,2,0,24565,18956077,31.9,-0.8318904652965075,-0.825,0.05,-0.24,14,2,0,24565,18956077,30.6,-0.02289046529650751,-0.017,-0.16,-0.15,15,2,0,24565,18956077,31.9,-0.018890465296507508,-0.011,0.1,-0.38,6,2,0,24403,18956076,29.9,-0.01489046529650751,-0.009,-0.03,-0.47,0,2,0,24403,18956076,29.9,-0.8428904652965075,-0.835,-0.1,-0.32,13,2,0,24403,18956076,30.6,-0.02089046529650751,-0.016,-0.17,0.02,15,2,0,24403,18956076,29.9,-0.8268904652965076,-0.822,-0.17,-0.12,15,2,0,24403,18956076,29.9
466,18931555235834,18931564173919,sine_0.7hz,3.8200823019978998,19.848664,0.08230191451730207,8.938085,1.5150049985095393,2.5607419993320946,0.1704692840576172,24566,24404,-0.017766055015243865,-0.014,0.02,0.06,11,2,0,24566,18956097,30.6,-0.018766055015243865,-0.012,-0.07,-0.48,10,2,0,24566,18956097,30.6,-0.8227660550152439,-0.818,-0.05,-0.09,8,2,0,24566,18956097,31.9,-0.8327660550152438,-0.826,-0.06,-0.36,3,2,0,24566,18956097,30.6,-0.023766055015243863,-0.019,0.02,-0.07,5,2,0,24566,18956097,31.9,-0.019766055015243866,-0.012,-0.07,-0.37,11,2,0,24404,18956096,29.9,-0.015766055015243863,-0.01,-0.17,-0.22,5,2,0,24404,18956096,29.9,-0.8437660550152438,-0.836,0.14,-0.4,3,2,0,24404,18956096,30.6,-0.021766055015243865,-0.017,0.01,-0.17,5,2,0,24404,18956096,29.9,-0.8277660550152439,-0.823,0.03,-0.16,5,2,0,24404,18956096,29.9
467,18931575235897,18931584198591,sine_0.7hz,3.8400827170007688,20.024672,0.08271691694972105,8.962694,1.4852430031169206,2.5402290011697914,0.16999244689941406,24567,24405,-0.018504306248507615,-0.015,-0.03,-0.05,1,2,0,24567,18956117,30.6,-0.019504306248507616,-0.012,-0.04,-0.37,15,2,0,24567,18956117,30.6,-0.8235043062485077,-0.819,-0.24,-0.09,13,2,0,24567,18956117,31.9,-0.8335043062485076,-0.828,-0.07,-0.33,8,2,0,24567,18956117,30.6,-0.024504306248507614,-0.02,-0.05,-0.05,10,2,0,24567,18956117,31.9,-0.020504306248507617,-0.014,-0.01,-0.27,1,2,0,24405,18956116,29.9,-0.016504306248507614,-0.01,-0.08,-0.43,10,2,0,24405,18956116,29.9,-0.8445043062485076,-0.838,-0.06,-0.35,8,2,0,24405,18956116,30.6,-0.022504306248507615,-0.018,-0.04,-0.24,10,2,0,24405,18956116,29.9,-0.8285043062485077,-0.824,-0.03,0.03,10,2,0,24405,18956116,29.9
468,18931595235736,18931604180605,sine_0.7hz,3.8600819149978634,19.982014,0.08191491360776126,8.944869,1.5297249992727302,2.5691259979794268,0.20623207092285156,24568,24406,-0.019099430024078247,-0.017,-0.04,0.17,6,2,0,24568,18956137,30.6,-0.020099430024078248,-0.015,0.0,-0.2,5,2,0,24568,18956137,30.6,-0.8240994300240783,-0.821,0.02,-0.08,3,2,0,24568,18956137,31.9,-0.8340994300240782,-0.829,-0.05,-0.21,13,2,0,24568,18956137,30.6,-0.025099430024078245,-0.021,-0.14,-0.19,15,2,0,24568,18956137,31.9,-0.02109943002407825,-0.015,-0.05,-0.25,6,2,0,24406,18956136,29.9,-0.017099430024078245,-0.012,0.0,-0.31,0,2,0,24406,18956136,29.9,-0.8450994300240782,-0.838,-0.27,-0.42,13,2,0,24406,18956136,30.6,-0.023099430024078247,-0.019,-0.22,-0.18,15,2,0,24406,18956136,29.9,-0.8290994300240783,-0.825,-0.04,-0.26,15,2,0,24406,18956136,29.9
469,18931615233686,18931624130106,sine_0.7hz,3.88008111399904,19.949501,0.08111391434795223,8.89642,1.5154210013861302,2.5559099995007273,0.17023086547851562,24569,24407,-0.019546873932155543,-0.019,-0.14,0.16,11,2,0,24569,18956157,30.6,-0.020546873932155544,-0.016,0.11,-0.24,10,2,0,24569,18956157,30.6,-0.8245468739321556,-0.822,0.03,-0.16,8,2,0,24569,18956157,31.9,-0.8345468739321555,-0.831,-0.1,-0.29,3,2,0,24569,18956157,30.6,-0.025546873932155545,-0.023,0.06,-0.02,5,2,0,24569,18956157,31.9,-0.02154687393215554,-0.016,0.01,-0.23,11,2,0,24407,18956156,29.9,-0.017546873932155545,-0.012,-0.01,-0.26,5,2,0,24407,18956156,29.9,-0.8455468739321556,-0.839,-0.05,-0.33,3,2,0,24407,18956156,30.6,-0.023546873932155543,-0.02,-0.12,-0.13,4,2,0,24407,18956156,29.9,-0.8295468739321556,-0.826,-0.09,-0.09,5,2,0,24407,18956156,29.9
470,18931635236981,18931644230876,sine_0.7hz,3.9000821049994556,20.10077,0.08210491432691924,8.993895,1.5770550016895868,2.6222160013276152,0.20194053649902344,24570,24408,-0.019843197930845057,-0.02,-0.03,0.23,1,2,0,24570,18956177,30.6,-0.020843197930845058,-0.017,-0.06,-0.04,15,2,0,24570,18956177,30.6,-0.8248431979308452,-0.822,-0.14,-0.14,13,2,0,24570,18956177,31.9,-0.834843197930845,-0.831,0.09,-0.19,8,2,0,24570,18956177,30.6,-0.02584319793084506,-0.023,0.03,0.19,9,2,0,24570,18956177,31.9,-0.021843197930845056,-0.017,-0.05,-0.21,1,2,0,24408,18956176,29.9,-0.01784319793084506,-0.013,0.02,-0.35,10,2,0,24408,18956176,29.9,-0.8458431979308451,-0.839,0.01,-0.42,8,2,0,24408,18956176,30.6,-0.023843197930845057,-0.02,-0.05,-0.32,9,2,0,24408,18956176,29.9,-0.8298431979308452,-0.828,0.09,0.2,10,2,0,24408,18956176,29.9
471,18931655238068,18931664184761,sine_0.7hz,3.920082614997227,19.953885,0.08261491166194901,8.946693,1.488508001784794,2.5314609993074555,0.2090930938720703,24571,24409,-0.019986062035337187,-0.021,0.06,-0.26,6,2,0,24571,18956197,30.6,-0.020986062035337188,-0.017,-0.01,-0.08,5,2,0,24571,18956197,30.6,-0.8249860620353372,-0.823,-0.05,0.11,3,2,0,24571,18956197,31.9,-0.8349860620353371,-0.832,0.02,-0.26,13,2,0,24571,18956197,30.6,-0.02598606203533719,-0.024,-0.02,-0.01,14,2,0,24571,18956197,31.9,-0.021986062035337185,-0.019,-0.09,-0.13,6,2,0,24409,18956196,29.9,-0.01798606203533719,-0.015,-0.14,-0.02,0,2,0,24409,18956196,29.9,-0.8459860620353371,-0.84,0.1,-0.31,13,2,0,24409,18956196,30.6,-0.023986062035337187,-0.021,-0.11,-0.26,14,2,0,24409,18956196,29.9,-0.8299860620353372,-0.828,0.04,-0.1,15,2,0,24409,18956196,29.9
472,18931675239795,18931684202777,sine_0.7hz,3.940083509998658,20.018016,0.08350991265615448,8.962982,1.5156129993556533,2.5649670023994986,0.2009868621826172,24572,24410,-0.019974368693867744,-0.02,-0.05,0.19,11,2,0,24572,18956217,30.6,-0.020974368693867745,-0.017,0.0,-0.02,10,2,0,24572,18956217,30.6,-0.8249743686938678,-0.823,-0.15,-0.03,8,2,0,24572,18956217,31.9,-0.8349743686938677,-0.833,-0.02,-0.08,3,2,0,24572,18956217,30.6,-0.025974368693867746,-0.024,-0.03,-0.18,4,2,0,24572,18956217,31.9,-0.021974368693867742,-0.019,-0.18,-0.2,11,2,0,24410,18956216,29.9,-0.017974368693867745,-0.017,-0.07,0.08,5,2,0,24410,18956216,29.9,-0.8459743686938677,-0.84,-0.08,-0.49,3,2,0,24410,18956216,30.6,-0.023974368693867744,-0.021,0.0,-0.29,4,2,0,24410,18956216,29.9,-0.8299743686938678,-0.83,-0.05,-0.26,5,2,0,24410,18956216,29.9
473,18931695238193,18931704195703,sine_0.7hz,3.960083604997635,19.992926,0.08360491119674407,8.95751,1.5538219995505642,2.59946400183253,0.20432472229003906,24573,24411,-0.019808213826380153,-0.021,0.03,0.01,1,2,0,24573,18956237,30.6,-0.020808213826380154,-0.018,-0.11,-0.18,15,2,0,24573,18956237,30.6,-0.8248082138263803,-0.823,0.05,-0.13,13,2,0,24573,18956237,31.9,-0.8348082138263802,-0.833,-0.02,-0.16,8,2,0,24573,18956237,30.6,-0.025808213826380155,-0.025,-0.1,-0.24,9,2,0,24573,18956237,31.9,-0.02180821382638015,-0.02,0.03,-0.04,1,2,0,24411,18956236,29.9,-0.017808213826380155,-0.017,0.05,-0.14,10,2,0,24411,18956236,29.9,-0.8458082138263802,-0.84,0.0,-0.31,8,2,0,24411,18956236,30.6,-0.023808213826380153,-0.022,0.02,-0.19,9,2,0,24411,18956236,29.9,-0.8298082138263803,-0.83,-0.14,-0.04,10,2,0,24411,18956236,29.9
474,18931715233456,18931724740715,sine_0.7hz,3.980080531000567,20.545012,0.08053091369220056,9.507259,2.092755999910878,3.178879000188317,0.1735687255859375,24574,24412,-0.019488947526749942,-0.021,0.17,0.13,6,2,0,24574,18956257,30.6,-0.020488947526749943,-0.019,0.06,-0.21,5,2,0,24574,18956257,30.6,-0.82448894752675,-0.824,0.0,-0.17,3,2,0,24574,18956257,31.9,-0.8344889475267498,-0.833,-0.13,-0.21,13,2,0,24574,18956257,30.6,-0.02548894752674994,-0.025,-0.04,0.01,14,2,0,24574,18956257,31.9,-0.021488947526749944,-0.02,0.16,0.01,6,2,0,24412,18956256,29.9,-0.01748894752674994,-0.017,-0.05,-0.02,0,2,0,24412,18956256,29.9,-0.8454889475267499,-0.841,0.06,-0.65,13,2,0,24412,18956256,30.6,-0.023488947526749942,-0.022,-0.04,-0.1,14,2,0,24412,18956256,29.9,-0.82948894752675,-0.83,-0.07,0.12,15,2,0,24412,18956256,29.9
475,18931735240207,18931744212053,sine_0.7hz,4.000085330000729,19.471338,0.08532991341780871,8.971846,1.5805430011823773,2.6210319992969744,0.20551681518554688,24575,24413,-0.019018809498987942,-0.021,-0.07,0.03,11,2,0,24575,18956277,30.6,-0.020018809498987943,-0.019,0.2,-0.01,10,2,0,24575,18956277,30.6,-0.824018809498988,-0.824,-0.06,-0.18,8,2,0,24575,18956277,31.9,-0.8340188094989879,-0.833,-0.13,-0.26,3,2,0,24575,18956277,30.6,-0.025018809498987944,-0.025,0.03,-0.25,4,2,0,24575,18956277,31.9,-0.02101880949898794,-0.02,-0.03,-0.31,11,2,0,24413,18956276,29.9,-0.017018809498987944,-0.017,-0.01,-0.13,5,2,0,24413,18956276,29.9,-0.8450188094989879,-0.841,0.07,-0.32,3,2,0,24413,18956276,30.6,-0.023018809498987942,-0.022,-0.07,-0.17,4,2,0,24413,18956276,29.9,-0.829018809498988,-0.83,-0.01,-0.2,5,2,0,24413,18956276,29.9
476,18931755237645,18931764061806,sine_0.7hz,4.02008436899996,19.849753,0.08436891221208498,8.824161,1.4653700018243399,2.501699997083051,0.17213821411132812,24576,24414,-0.018401731106520467,-0.021,0.25,0.2,1,2,0,24576,18956297,30.6,-0.019401731106520468,-0.019,0.0,-0.15,15,2,0,24576,18956297,30.6,-0.8234017311065205,-0.823,-0.01,-0.02,13,2,0,24576,18956297,31.9,-0.8334017311065204,-0.833,0.09,-0.06,8,2,0,24576,18956297,30.6,-0.02440173110652047,-0.025,0.07,-0.01,9,2,0,24576,18956297,31.9,-0.020401731106520465,-0.02,0.09,-0.26,1,2,0,24414,18956296,29.9,-0.01640173110652047,-0.018,0.06,-0.12,10,2,0,24414,18956296,29.9,-0.8444017311065204,-0.84,-0.03,-0.38,8,2,0,24414,18956296,30.6,-0.022401731106520467,-0.023,0.04,-0.09,9,2,0,24414,18956296,29.9,-0.8284017311065205,-0.83,0.03,-0.2,10,2,0,24414,18956296,29.9
477,18931775237452,18931784709382,sine_0.7hz,4.040083343999868,20.647576,0.08334391168318689,9.47193,2.083731997117866,3.1948159994499292,0.17499923706054688,24577,24415,-0.017642372461549146,-0.021,0.0,-0.2,6,2,0,24577,18956317,30.6,-0.018642372461549147,-0.019,0.11,-0.15,4,2,0,24577,18956317,30.6,-0.8226423724615491,-0.824,-0.01,-0.21,3,2,0,24577,18956317,31.9,-0.832642372461549,-0.833,-0.07,-0.22,13,2,0,24577,18956317,30.6,-0.023642372461549148,-0.025,-0.03,0.05,14,2,0,24577,18956317,31.9,-0.019642372461549144,-0.02,0.04,-0.04,6,2,0,24415,18956316,29.9,-0.015642372461549148,-0.017,-0.02,-0.05,15,2,0,24415,18956316,29.9,-0.843642372461549,-0.841,0.07,-0.29,13,2,0,24415,18956316,30.6,-0.021642372461549146,-0.023,0.04,0.02,14,2,0,24415,18956316,29.9,-0.8276423724615491,-0.83,0.18,0.0,15,2,0,24415,18956316,29.9
478,18931795236618,18931804149198,sine_0.7hz,4.0600826059999235,19.439816,0.08260591130238026,8.91258,1.5547180009889416,2.600488001917256,0.20194053649902344,24578,24416,-0.016746589373712435,-0.02,0.0,-0.25,11,2,0,24578,18956337,30.6,-0.017746589373712436,-0.019,0.04,-0.06,9,2,0,24578,18956337,30.6,-0.8217465893737125,-0.823,0.02,0.09,8,2,0,24578,18956337,31.9,-0.8317465893737124,-0.833,0.03,-0.09,3,2,0,24578,18956337,30.6,-0.022746589373712434,-0.025,-0.08,0.1,4,2,0,24578,18956337,31.9,-0.018746589373712437,-0.02,0.09,0.02,11,2,0,24416,18956336,29.9,-0.014746589373712435,-0.017,-0.04,0.08,5,2,0,24416,18956336,29.9,-0.8427465893737124,-0.84,-0.07,-0.38,3,2,0,24416,18956336,30.6,-0.020746589373712435,-0.023,0.02,0.08,4,2,0,24416,18956336,29.9,-0.8267465893737125,-0.83,0.04,0.22,5,2,0,24416,18956336,29.9
479,18931815236681,18931824265874,sine_0.7hz,4.080082380998647,20.116676,0.08238090958911926,9.029193,1.6510419991391245,2.7009069999621715,0.2071857452392578,24579,24417,-0.015721290222218597,-0.02,-0.1,0.16,1,2,0,24579,18956357,30.6,-0.016721290222218597,-0.019,-0.08,-0.14,14,2,0,24579,18956357,30.6,-0.8207212902222186,-0.823,0.07,0.13,13,2,0,24579,18956357,31.9,-0.8307212902222185,-0.833,0.07,0.01,8,2,0,24579,18956357,30.6,-0.021721290222218595,-0.025,-0.12,-0.01,9,2,0,24579,18956357,31.9,-0.0177212902222186,-0.02,-0.03,0.11,1,2,0,24417,18956356,29.9,-0.013721290222218597,-0.017,0.02,-0.09,10,2,0,24417,18956356,29.9,-0.8417212902222185,-0.84,0.03,-0.08,8,2,0,24417,18956356,30.6,-0.019721290222218597,-0.023,0.07,0.11,9,2,0,24417,18956356,29.9,-0.8257212902222186,-0.83,-0.02,-0.03,10,2,0,24417,18956356,29.9
480,18931835236520,18931844254096,sine_0.7hz,4.100082859997201,19.988222,0.08285990770673379,9.017576,1.5590379989589565,2.60842399802641,0.20456314086914062,24580,24418,-0.014574382090356471,-0.02,0.02,0.13,6,2,0,24580,18956377,30.6,-0.01557438209035647,-0.018,0.03,-0.03,4,2,0,24580,18956377,30.6,-0.8195743820903565,-0.823,-0.02,0.02,3,2,0,24580,18956377,31.9,-0.8295743820903564,-0.833,0.03,-0.07,13,2,0,24580,18956377,30.6,-0.02057438209035647,-0.024,0.08,-0.01,14,2,0,24580,18956377,31.9,-0.01657438209035647,-0.02,0.0,0.11,6,2,0,24418,18956376,29.9,-0.01257438209035647,-0.017,-0.04,0.02,0,2,0,24418,18956376,29.9,-0.8405743820903564,-0.84,0.15,-0.16,13,2,0,24418,18956376,30.6,-0.018574382090356473,-0.023,0.01,-0.05,14,2,0,24418,18956376,29.9,-0.8245743820903565,-0.829,0.07,0.08,15,2,0,24418,18956376,29.9
481,18931855238439,18931864157707,sine_0.7hz,4.120081577999372,19.903611,0.08157790944096632,8.919268,1.496860000770539,2.5464700011070818,0.20170211791992188,24581,24419,-0.013314883635926644,-0.02,-0.06,0.16,11,2,0,24581,18956397,30.6,-0.014314883635926645,-0.017,0.19,-0.1,9,2,0,24581,18956397,30.6,-0.8183148836359266,-0.823,0.03,0.11,8,2,0,24581,18956397,31.9,-0.8283148836359266,-0.832,0.07,0.06,3,2,0,24581,18956397,30.6,-0.019314883635926643,-0.024,0.16,0.24,4,2,0,24581,18956397,31.9,-0.015314883635926644,-0.019,0.03,0.1,11,2,0,24419,18956396,29.9,-0.011314883635926644,-0.017,0.15,0.2,5,2,0,24419,18956396,29.9,-0.8393148836359265,-0.84,-0.21,0.15,3,2,0,24419,18956396,30.6,-0.017314883635926644,-0.022,-0.05,0.1,4,2,0,24419,18956396,29.9,-0.8233148836359268,-0.829,-0.08,-0.02,4,2,0,24419,18956396,29.9
482,18931875237157,18931884125032,sine_0.7hz,4.14008285700038,19.967325,0.08285691001219675,8.887875,1.5120280004339293,2.557285999500891,0.17309188842773438,24582,24420,-0.011952256660351998,-0.019,0.18,0.31,1,2,0,24582,18956417,30.6,-0.012952256660351998,-0.017,0.09,-0.04,14,2,0,24582,18956417,30.6,-0.8169522566603521,-0.822,0.14,0.07,13,2,0,24582,18956417,31.9,-0.826952256660352,-0.831,-0.01,0.2,8,2,0,24582,18956417,30.6,-0.017952256660352,-0.024,-0.02,0.29,9,2,0,24582,18956417,31.9,-0.013952256660351998,-0.019,0.09,0.17,1,2,0,24420,18956416,29.9,-0.009952256660351998,-0.017,0.05,0.1,10,2,0,24420,18956416,29.9,-0.837952256660352,-0.839,0.06,0.14,8,2,0,24420,18956416,30.6,-0.015952256660352,-0.022,-0.04,0.24,9,2,0,24420,18956416,29.9,-0.8219522566603521,-0.829,-0.15,0.13,9,2,0,24420,18956416,29.9
483,18931895236644,18931904219371,sine_0.7hz,4.160080966998066,20.094339,0.08096690726233646,8.982727,1.5795510007592384,2.6248089998262003,0.21195411682128906,24583,24421,-0.010497430955658563,-0.019,0.12,0.37,6,2,0,24583,18956437,30.6,-0.011497430955658562,-0.016,-0.06,0.02,4,2,0,24583,18956437,30.6,-0.8154974309556586,-0.821,0.11,0.18,3,2,0,24583,18956437,31.9,-0.8254974309556585,-0.831,0.15,0.1,13,2,0,24583,18956437,30.6,-0.016497430955658563,-0.024,0.03,0.46,14,2,0,24583,18956437,31.9,-0.012497430955658563,-0.019,0.17,0.1,6,2,0,24421,18956436,29.9,-0.008497430955658563,-0.016,0.09,0.34,15,2,0,24421,18956436,29.9,-0.8364974309556585,-0.839,0.07,-0.28,13,2,0,24421,18956436,30.6,-0.014497430955658563,-0.021,0.16,0.05,14,2,0,24421,18956436,29.9,-0.8204974309556586,-0.828,0.17,0.33,14,2,0,24421,18956436,29.9
484,18931915247939,18931924213897,sine_0.7hz,4.1800900229973195,19.994526,0.09002290607895702,8.965958,1.5119010022317525,2.5603260000934824,0.21004676818847656,24584,24422,-0.008960585435017156,-0.018,0.0,0.35,10,2,0,24584,18956457,30.6,-0.009960585435017155,-0.015,0.14,-0.16,9,2,0,24584,18956457,30.6,-0.8139605854350173,-0.82,-0.02,0.07,8,2,0,24584,18956457,31.9,-0.8239605854350172,-0.83,0.14,0.07,3,2,0,24584,18956457,30.6,-0.014960585435017156,-0.022,0.0,0.07,4,2,0,24584,18956457,31.9,-0.010960585435017156,-0.018,0.11,0.1,11,2,0,24422,18956456,29.9,-0.006960585435017156,-0.014,0.12,0.16,5,2,0,24422,18956456,29.9,-0.8349605854350172,-0.838,0.08,-0.16,3,2,0,24422,18956456,30.6,-0.012960585435017156,-0.019,0.02,0.07,4,2,0,24422,18956456,29.9,-0.8189605854350173,-0.826,0.16,0.19,4,2,0,24422,18956456,29.9
485,18931935232545,18931944239817,sine_0.7hz,4.200076900997374,20.02592,0.07690090569667518,9.007272,1.5535019992967136,2.597831000457518,0.2143383026123047,24585,24423,-0.007356201099177986,-0.015,0.09,0.2,0,2,0,24585,18956477,30.6,-0.008356201099177986,-0.014,0.08,-0.04,14,2,0,24585,18956477,30.6,-0.812356201099178,-0.82,-0.03,0.08,13,2,0,24585,18956477,31.9,-0.822356201099178,-0.829,-0.05,0.29,8,2,0,24585,18956477,30.6,-0.013356201099177987,-0.021,-0.03,0.26,9,2,0,24585,18956477,31.9,-0.009356201099177987,-0.016,0.05,0.06,1,2,0,24423,18956476,29.9,-0.005356201099177986,-0.013,0.2,0.17,10,2,0,24423,18956476,29.9,-0.833356201099178,-0.837,0.09,-0.04,8,2,0,24423,18956476,30.6,-0.011356201099177985,-0.018,0.09,0.36,9,2,0,24423,18956476,29.9,-0.8173562010991781,-0.825,0.26,0.21,9,2,0,24423,18956476,29.9
486,18931955236480,18931964428591,sine_0.7hz,4.220081891999143,20.188774,0.08189190702978522,9.192111,1.7264689995499793,2.807503999065375,0.1735687255859375,24586,24424,-0.005693480075608294,-0.014,0.05,0.16,5,2,0,24586,18956497,30.6,-0.006693480075608294,-0.012,0.16,-0.04,4,2,0,24586,18956497,30.6,-0.8106934800756084,-0.818,0.03,0.02,3,2,0,24586,18956497,31.9,-0.8206934800756083,-0.828,0.06,0.13,13,2,0,24586,18956497,30.6,-0.011693480075608293,-0.02,0.14,-0.05,14,2,0,24586,18956497,31.9,-0.007693480075608294,-0.014,0.11,-0.09,6,2,0,24424,18956496,29.9,-0.003693480075608294,-0.011,0.15,0.19,15,2,0,24424,18956496,29.9,-0.8316934800756083,-0.836,0.06,0.02,13,2,0,24424,18956496,30.6,-0.009693480075608295,-0.017,-0.05,0.08,14,2,0,24424,18956496,29.9,-0.8156934800756084,-0.823,-0.01,-0.16,14,2,0,24424,18956496,29.9
487,18931975238335,18931984159523,sine_0.7hz,4.24008416200013,19.730932,0.08416190757998265,8.921188,1.4831309999863151,2.5337010010844097,0.17380714416503906,24587,24425,-0.003986945199222899,-0.012,0.1,0.34,10,2,0,24587,18956517,30.6,-0.004986945199222899,-0.01,0.02,-0.15,9,2,0,24587,18956517,30.6,-0.808986945199223,-0.816,0.2,0.19,8,2,0,24587,18956517,31.9,-0.8189869451992229,-0.824,0.12,-0.19,3,2,0,24587,18956517,30.6,-0.0099869451992229,-0.017,0.02,0.16,4,2,0,24587,18956517,31.9,-0.005986945199222899,-0.012,0.13,-0.04,10,2,0,24425,18956516,29.9,-0.001986945199222899,-0.008,0.08,0.1,5,2,0,24425,18956516,29.9,-0.8299869451992229,-0.834,0.21,0.14,3,2,0,24425,18956516,30.6,-0.007986945199222899,-0.015,0.03,0.05,4,2,0,24425,18956516,29.9,-0.813986945199223,-0.821,0.03,0.33,4,2,0,24425,18956516,29.9
488,18931995236765,18932004899103,sine_0.7hz,4.260083137000038,20.73958,0.08313690705108456,9.662338,2.2383610012184363,3.3256370006711222,0.1742839813232422,24588,24426,-0.002249861155463121,-0.011,0.05,0.3,0,2,0,24588,18956537,30.6,-0.003249861155463121,-0.009,0.06,0.05,14,2,0,24588,18956537,30.6,-0.8072498611554632,-0.815,0.11,-0.07,13,2,0,24588,18956537,31.9,-0.817249861155463,-0.823,0.24,0.1,8,2,0,24588,18956537,30.6,-0.00824986115546312,-0.016,0.05,-0.15,9,2,0,24588,18956537,31.9,-0.00424986115546312,-0.009,0.17,-0.28,0,2,0,24426,18956536,29.9,-0.00024986115546312077,-0.007,0.03,0.31,10,2,0,24426,18956536,29.9,-0.8282498611554631,-0.833,-0.07,0.05,8,2,0,24426,18956536,30.6,-0.0062498611554631205,-0.014,-0.03,0.07,9,2,0,24426,18956536,29.9,-0.8122498611554632,-0.82,0.25,0.12,9,2,0,24426,18956536,29.9
489,18932015240060,18932024683029,sine_0.7hz,4.280085727998085,19.783926,0.08572790466132574,9.442969,2.097715998388594,3.1988479968276806,0.17547607421875,24589,24427,-0.0004950632262844465,-0.009,0.08,0.27,5,2,0,24589,18956557,30.6,-0.0014950632262844465,-0.008,-0.01,0.13,4,2,0,24589,18956557,30.6,-0.8054950632262845,-0.812,-0.07,0.07,2,2,0,24589,18956557,31.9,-0.8154950632262844,-0.822,0.2,0.05,13,2,0,24589,18956557,30.6,-0.006495063226284447,-0.015,0.04,0.16,14,2,0,24589,18956557,31.9,-0.0024950632262844465,-0.008,0.09,0.05,6,2,0,24427,18956557,29.9,0.0015049367737155536,-0.004,0.12,0.12,1,2,0,24427,18956557,29.9,-0.8264950632262844,-0.832,0.21,0.01,14,2,0,24427,18956557,30.6,-0.004495063226284447,-0.014,0.06,0.21,15,2,0,24427,18956557,29.9,-0.8104950632262845,-0.819,0.01,0.1,15,2,0,24427,18956557,29.9
490,18932035234426,18932045161639,sine_0.7hz,4.300075229999493,20.47861,0.07522990563302301,9.927213,2.2723789988958742,3.372197999851778,0.17404556274414062,24590,24428,0.001262414839831436,-0.008,0.02,0.28,10,2,0,24590,18956577,30.6,0.00026241483983143604,-0.007,0.13,0.05,9,2,0,24590,18956577,30.6,-0.8037375851601686,-0.811,0.19,0.13,7,2,0,24590,18956577,31.9,-0.8137375851601685,-0.82,-0.01,0.21,3,2,0,24590,18956577,30.6,-0.004737585160168564,-0.013,0.08,0.25,4,2,0,24590,18956577,31.9,-0.000737585160168564,-0.007,0.16,-0.1,10,2,0,24428,18956576,29.9,0.003262414839831436,-0.002,0.26,-0.24,5,2,0,24428,18956576,29.9,-0.8247375851601685,-0.831,0.06,0.1,3,2,0,24428,18956576,30.6,-0.002737585160168564,-0.01,0.23,0.15,4,2,0,24428,18956576,29.9,-0.8087375851601686,-0.816,0.17,0.03,4,2,0,24428,18956576,29.9
491,18932055241593,18932064600463,sine_0.7hz,4.320084380997287,19.438824,0.08438090299023315,9.35887,1.764231001288863,2.8464500028348994,0.1735687255859375,24591,24429,0.003011849882645227,-0.004,0.2,0.04,0,2,0,24591,18956597,30.6,0.002011849882645227,-0.006,0.06,0.27,14,2,0,24591,18956597,30.6,-0.8019881501173548,-0.81,-0.07,0.1,12,2,0,24591,18956597,31.9,-0.8119881501173547,-0.819,-0.03,0.0,8,2,0,24591,18956597,30.6,-0.002988150117354773,-0.012,0.12,0.29,9,2,0,24591,18956597,31.9,0.0010118498826452269,-0.003,0.09,-0.04,1,2,0,24429,18956597,29.9,0.0050118498826452265,-0.001,0.05,0.07,11,2,0,24429,18956597,29.9,-0.8229881501173547,-0.831,-0.04,0.29,9,2,0,24429,18956597,30.6,-0.0009881501173547732,-0.009,0.08,0.04,10,2,0,24429,18956597,29.9,-0.8069881501173548,-0.814,0.2,0.11,10,2,0,24429,18956597,29.9
492,18932075237848,18932084160636,sine_0.7hz,4.340084539999225,19.560173,0.0845399044919759,8.922788,1.5041560000099707,2.547044998209458,0.20384788513183594,24592,24430,0.004737205178694122,-0.003,0.13,0.14,5,2,0,24592,18956617,30.6,0.0037372051786941224,-0.004,0.09,0.09,4,2,0,24592,18956617,30.6,-0.8002627948213059,-0.807,0.23,0.06,2,2,0,24592,18956617,31.9,-0.8102627948213058,-0.818,0.09,0.25,13,2,0,24592,18956617,30.6,-0.0012627948213058777,-0.011,0.08,0.31,14,2,0,24592,18956617,31.9,0.0027372051786941224,-0.002,0.07,0.1,5,2,0,24430,18956616,29.9,0.0067372051786941224,0.001,0.11,0.04,0,2,0,24430,18956616,29.9,-0.8212627948213058,-0.83,0.06,0.33,13,2,0,24430,18956616,30.6,0.0007372051786941223,-0.007,0.09,0.28,14,2,0,24430,18956616,29.9,-0.8052627948213059,-0.813,0.17,-0.11,14,2,0,24430,18956616,29.9
493,18932095238167,18932104221661,sine_0.7hz,4.36008399399725,20.061025,0.08399390208069235,8.983494,1.5606390006723814,2.6066639984492213,0.20956993103027344,24593,24431,0.006425869391807813,-0.001,0.12,0.08,10,2,0,24593,18956637,30.6,0.005425869391807813,-0.002,0.15,0.19,9,2,0,24593,18956637,30.6,-0.7985741306081923,-0.805,0.02,-0.04,7,2,0,24593,18956637,31.9,-0.8085741306081922,-0.815,0.11,0.2,3,2,0,24593,18956637,30.6,0.0004258693918078125,-0.007,0.19,-0.12,4,2,0,24593,18956637,31.9,0.004425869391807813,-0.002,0.18,0.09,10,2,0,24431,18956636,29.9,0.008425869391807813,0.002,0.03,0.1,5,2,0,24431,18956636,29.9,-0.8195741306081922,-0.828,0.26,0.24,3,2,0,24431,18956636,30.6,0.0024258693918078125,-0.005,0.19,0.2,4,2,0,24431,18956636,29.9,-0.8035741306081923,-0.81,0.15,0.18,4,2,0,24431,18956636,29.9
494,18932115236821,18932124238589,sine_0.7hz,4.380082424999273,20.016928,0.08242490366683342,9.001768,1.5246689981722739,2.561478002462536,0.20456314086914062,24594,24432,0.008064764123914448,0.002,0.0,0.23,0,2,0,24594,18956657,30.6,0.007064764123914448,0.0,0.0,0.08,14,2,0,24594,18956657,30.6,-0.7969352358760856,-0.804,0.08,0.19,12,2,0,24594,18956657,31.9,-0.8069352358760855,-0.814,0.12,0.01,8,2,0,24594,18956657,30.6,0.0020647641239144483,-0.005,0.25,0.29,9,2,0,24594,18956657,31.9,0.006064764123914448,0.0,0.02,-0.23,0,2,0,24432,18956656,29.9,0.010064764123914448,0.003,0.02,0.25,10,2,0,24432,18956656,29.9,-0.8179352358760855,-0.826,0.12,0.34,8,2,0,24432,18956656,30.6,0.004064764123914448,-0.004,0.07,0.3,9,2,0,24432,18956656,29.9,-0.8019352358760856,-0.809,0.11,-0.04,9,2,0,24432,18956656,29.9
495,18932135237300,18932144294942,sine_0.7hz,4.400082231997658,20.056353,0.08223190161515959,9.057642,1.681603000179166,2.74682999952347,0.20885467529296875,24595,24433,0.009641411619868317,0.003,0.18,-0.12,5,2,0,24595,18956677,30.6,0.008641411619868318,0.001,0.02,0.03,4,2,0,24595,18956677,30.6,-0.7953585883801317,-0.803,0.12,0.04,2,2,0,24595,18956677,31.9,-0.8053585883801316,-0.813,-0.04,0.07,13,2,0,24595,18956677,30.6,0.003641411619868317,-0.004,0.07,0.15,14,2,0,24595,18956677,31.9,0.007641411619868317,0.001,0.13,0.07,5,2,0,24433,18956676,29.9,0.011641411619868317,0.004,0.18,0.18,15,2,0,24433,18956676,29.9,-0.8163585883801316,-0.825,0.1,0.11,13,2,0,24433,18956676,30.6,0.005641411619868317,-0.003,0.08,0.05,14,2,0,24433,18956676,29.9,-0.8003585883801317,-0.808,0.05,0.34,14,2,0,24433,18956676,29.9
496,18932155237363,18932164109941,sine_0.7hz,4.42008392599746,19.814999,0.08392590098083019,8.872578,1.4830030013399664,2.524453000660287,0.1690387725830078,24596,24434,0.011143643458639295,0.005,0.13,-0.05,10,2,0,24596,18956697,30.6,0.010143643458639294,0.002,-0.03,0.34,9,2,0,24596,18956697,30.6,-0.7938563565413608,-0.801,0.05,0.29,7,2,0,24596,18956697,31.9,-0.8038563565413607,-0.811,-0.02,0.13,3,2,0,24596,18956697,30.6,0.005143643458639295,-0.002,0.11,0.19,4,2,0,24596,18956697,31.9,0.009143643458639295,0.002,0.0,0.1,10,2,0,24434,18956696,29.9,0.013143643458639295,0.006,0.19,0.12,5,2,0,24434,18956696,29.9,-0.8148563565413607,-0.822,0.13,0.2,3,2,0,24434,18956696,30.6,0.007143643458639295,0.0,0.07,0.29,4,2,0,24434,18956696,29.9,-0.7988563565413608,-0.805,-0.02,0.16,4,2,0,24434,18956696,29.9
497,18932175235761,18932184107540,sine_0.7hz,4.440081652999652,19.997599,0.08165290273609571,8.871779,1.51215699952445,2.555046001361916,0.17261505126953125,24597,24435,0.012559417778438262,0.009,0.07,-0.18,0,2,0,24597,18956717,30.6,0.01155941777843826,0.003,0.03,0.39,14,2,0,24597,18956717,30.6,-0.7924405822215618,-0.8,0.23,0.03,12,2,0,24597,18956717,31.9,-0.8024405822215617,-0.81,0.04,0.35,8,2,0,24597,18956717,30.6,0.0065594177784382614,-0.002,0.18,0.3,9,2,0,24597,18956717,31.9,0.010559417778438262,0.004,0.18,-0.01,0,2,0,24435,18956716,29.9,0.014559417778438262,0.007,0.08,0.15,10,2,0,24435,18956716,29.9,-0.8134405822215617,-0.822,0.13,0.29,8,2,0,24435,18956716,30.6,0.008559417778438261,0.002,0.12,0.26,9,2,0,24435,18956716,29.9,-0.7974405822215618,-0.803,0.15,-0.06,9,2,0,24435,18956716,29.9
498,18932195237456,18932204890225,sine_0.7hz,4.460082612000406,20.782685,0.08261190305347554,9.652769,2.2117040025477763,3.285156002675649,0.17142295837402344,24598,24436,0.013878299636429463,0.01,0.08,0.12,5,2,0,24598,18956737,30.6,0.012878299636429464,0.005,0.14,0.21,4,2,0,24598,18956737,30.6,-0.7911217003635705,-0.798,0.06,-0.01,2,2,0,24598,18956737,31.9,-0.8011217003635704,-0.81,0.02,0.28,13,2,0,24598,18956737,30.6,0.007878299636429463,-0.001,0.06,0.19,14,2,0,24598,18956737,31.9,0.011878299636429463,0.006,-0.18,0.1,5,2,0,24436,18956736,29.9,0.015878299636429463,0.008,0.12,0.23,15,2,0,24436,18956736,29.9,-0.8121217003635705,-0.821,0.09,0.32,13,2,0,24436,18956736,30.6,0.009878299636429463,0.002,0.15,0.19,14,2,0,24436,18956736,29.9,-0.7961217003635706,-0.802,0.28,-0.08,14,2,0,24436,18956736,29.9
499,18932215238447,18932224140402,sine_0.7hz,4.480084209997585,19.250177,0.08420989979640581,8.901955,1.4898839981469791,2.533765000407584,0.20456314086914062,24599,24437,0.01508989023779936,0.011,0.14,0.11,10,2,0,24599,18956757,30.6,0.01408989023779936,0.006,0.02,0.27,9,2,0,24599,18956757,30.6,-0.7899101097622007,-0.797,0.03,0.26,7,2,0,24599,18956757,31.9,-0.7999101097622006,-0.808,0.01,0.28,3,2,0,24599,18956757,30.6,0.00908989023779936,0.003,0.16,0.19,4,2,0,24599,18956757,31.9,0.01308989023779936,0.006,-0.11,0.21,10,2,0,24437,18956756,29.9,0.01708989023779936,0.009,-0.05,0.28,5,2,0,24437,18956756,29.9,-0.8109101097622006,-0.82,0.21,0.54,3,2,0,24437,18956756,30.6,0.01108989023779936,0.005,-0.03,0.18,4,2,0,24437,18956756,29.9,-0.7949101097622007,-0.801,0.13,0.31,4,2,0,24437,18956756,29.9
500,18932235237517,18932244981618,sine_0.7hz,4.50008267299927,20.841216,0.08267290104413405,9.744101,2.221369002654683,3.300899999885587,0.1742839813232422,24600,24438,0.016184613366589894,0.012,-0.01,0.11,0,2,0,24600,18956777,30.6,0.015184613366589893,0.007,0.23,0.14,14,2,0,24600,18956777,30.6,-0.7888153866334101,-0.796,0.18,0.21,12,2,0,24600,18956777,31.9,-0.79881538663341,-0.806,0.04,0.11,8,2,0,24600,18956777,30.6,0.010184613366589894,0.005,0.25,-0.01,9,2,0,24600,18956777,31.9,0.014184613366589894,0.007,0.07,0.17,15,2,0,24438,18956776,29.9,0.018184613366589893,0.011,0.05,0.18,10,2,0,24438,18956776,29.9,-0.80981538663341,-0.819,-0.11,0.33,8,2,0,24438,18956776,30.6,0.012184613366589894,0.006,0.11,0.15,9,2,0,24438,18956776,29.9,-0.7938153866334101,-0.8,0.07,0.09,9,2,0,24438,18956776,29.9
501,18932255238956,18932264167793,sine_0.7hz,4.520082959999854,19.186175,0.08295990119222552,8.928837,1.5217889995255973,2.5575740000931546,0.20503997802734375,24601,24439,0.01715428612659882,0.012,-0.11,0.23,5,2,0,24601,18956797,30.6,0.01615428612659882,0.011,0.1,0.4,4,2,0,24601,18956797,30.6,-0.7878457138734012,-0.794,0.16,0.11,2,2,0,24601,18956797,31.9,-0.7978457138734011,-0.804,0.18,0.29,13,2,0,24601,18956797,30.6,0.01115428612659882,0.006,0.02,0.11,14,2,0,24601,18956797,31.9,0.01515428612659882,0.008,0.11,0.29,6,2,0,24439,18956797,29.9,0.01915428612659882,0.013,0.06,0.04,1,2,0,24439,18956797,29.9,-0.8088457138734011,-0.818,-0.05,0.37,14,2,0,24439,18956797,30.6,0.01315428612659882,0.007,0.14,0.03,15,2,0,24439,18956797,29.9,-0.7928457138734012,-0.799,-0.01,0.02,15,2,0,24439,18956797,29.9
502,18932275235467,18932284132590,sine_0.7hz,4.54008174199771,19.964797,0.0817418986116536,8.897123,1.504219999333145,2.544932998716831,0.16880035400390625,24602,24440,0.01799124690667296,0.013,0.03,0.38,10,2,0,24602,18956817,30.6,0.01699124690667296,0.012,0.07,0.11,9,2,0,24602,18956817,30.6,-0.7870087530933271,-0.793,-0.04,0.14,7,2,0,24602,18956817,31.9,-0.797008753093327,-0.803,0.05,0.06,3,2,0,24602,18956817,30.6,0.011991246906672961,0.007,0.1,0.37,4,2,0,24602,18956817,31.9,0.01599124690667296,0.009,-0.06,0.23,10,2,0,24440,18956816,29.9,0.019991246906672963,0.014,0.16,0.2,5,2,0,24440,18956816,29.9,-0.808008753093327,-0.816,0.05,0.25,3,2,0,24440,18956816,30.6,0.013991246906672961,0.01,0.1,0.07,4,2,0,24440,18956816,29.9,-0.7920087530933271,-0.798,0.13,0.28,4,2,0,24440,18956816,29.9
503,18932295236009,18932304173902,sine_0.7hz,4.560081772997364,20.041312,0.08177289782906882,8.937893,1.5431660031026695,2.5772230001166463,0.20122528076171875,24603,24441,0.018689141356952852,0.016,0.02,0.19,0,2,0,24603,18956837,30.6,0.01768914135695285,0.013,0.19,0.17,14,2,0,24603,18956837,30.6,-0.7863108586430472,-0.792,0.09,0.29,12,2,0,24603,18956837,31.9,-0.7963108586430471,-0.802,0.05,0.23,8,2,0,24603,18956837,30.6,0.012689141356952852,0.008,0.12,0.22,9,2,0,24603,18956837,31.9,0.016689141356952854,0.009,0.02,0.31,15,2,0,24441,18956836,29.9,0.02068914135695285,0.015,0.02,0.1,10,2,0,24441,18956836,29.9,-0.8073108586430471,-0.815,0.1,0.19,7,2,0,24441,18956836,30.6,0.014689141356952852,0.011,0.09,0.04,9,2,0,24441,18956836,29.9,-0.7913108586430472,-0.797,0.15,0.05,9,2,0,24441,18956836,29.9
504,18932315236360,18932324316851,sine_0.7hz,4.580082635999133,20.142949,0.08263589916168712,9.080491,1.471771000069566,2.546053998230491,0.21409988403320312,24604,24442,0.0192425362599852,0.016,-0.12,0.04,5,2,0,24604,18956857,30.6,0.0182425362599852,0.013,0.12,0.25,4,2,0,24604,18956857,30.6,-0.7857574637400149,-0.79,0.07,0.15,2,2,0,24604,18956857,31.9,-0.7957574637400148,-0.802,0.02,0.1,13,2,0,24604,18956857,30.6,0.013242536259985201,0.008,-0.07,0.19,14,2,0,24604,18956857,31.9,0.017242536259985203,0.011,0.13,0.24,5,2,0,24442,18956856,29.9,0.0212425362599852,0.016,-0.04,0.17,15,2,0,24442,18956856,29.9,-0.8067574637400148,-0.813,0.35,0.0,12,2,0,24442,18956856,30.6,0.015242536259985201,0.011,0.16,0.16,14,2,0,24442,18956856,29.9,-0.7907574637400149,-0.796,0.08,0.17,14,2,0,24442,18956856,29.9
505,18932335229798,18932345067855,sine_0.7hz,4.600074025998765,20.751004,0.07402589835692197,9.838057,2.2668749988952186,3.3541499979037326,0.17452239990234375,24605,24443,0.019646964137996437,0.017,0.19,0.1,10,2,0,24605,18956877,30.6,0.018646964137996436,0.013,0.04,0.04,9,2,0,24605,18956877,30.6,-0.7853530358620036,-0.79,0.04,0.24,7,2,0,24605,18956877,31.9,-0.7953530358620036,-0.801,-0.03,0.22,3,2,0,24605,18956877,30.6,0.013646964137996436,0.009,-0.09,0.28,4,2,0,24605,18956877,31.9,0.017646964137996435,0.012,0.04,0.28,10,2,0,24443,18956876,29.9,0.02164696413799644,0.017,-0.09,0.07,5,2,0,24443,18956876,29.9,-0.8063530358620035,-0.812,0.02,0.2,2,2,0,24443,18956876,30.6,0.015646964137996437,0.012,0.02,0.1,4,2,0,24443,18956876,29.9,-0.7903530358620037,-0.794,0.13,0.13,4,2,0,24443,18956876,29.9
506,18932355238053,18932364651805,sine_0.7hz,4.620080713000789,19.58395,0.08071289994404651,9.413752,1.5124439996725414,2.602120002848096,0.17333030700683594,24606,24444,0.01989973164253542,0.017,0.2,0.19,0,2,0,24606,18956897,30.6,0.01889973164253542,0.014,0.06,0.39,14,2,0,24606,18956897,30.6,-0.7851002683574646,-0.79,0.13,0.22,12,2,0,24606,18956897,31.9,-0.7951002683574645,-0.8,0.07,0.32,8,2,0,24606,18956897,30.6,0.013899731642535421,0.01,0.22,0.15,9,2,0,24606,18956897,31.9,0.017899731642535423,0.014,0.13,0.03,1,2,0,24444,18956897,29.9,0.02189973164253542,0.018,0.02,0.18,11,2,0,24444,18956897,29.9,-0.8061002683574645,-0.811,0.07,0.28,8,2,0,24444,18956897,30.6,0.01589973164253542,0.012,0.06,0.1,10,2,0,24444,18956897,29.9,-0.7901002683574646,-0.794,0.03,0.07,10,2,0,24444,18956897,29.9
507,18932375231812,18932384239116,sine_0.7hz,4.64007664699966,19.587311,0.07664689837838523,9.007304,1.5144290009629913,2.5565819996700156,0.2086162567138672,24607,24445,0.01999850447075888,0.017,-0.02,0.07,5,2,0,24607,18956917,30.6,0.01899850447075888,0.015,-0.03,0.23,4,2,0,24607,18956917,30.6,-0.7850014955292411,-0.787,0.13,0.09,2,2,0,24607,18956917,31.9,-0.795001495529241,-0.8,0.12,0.26,13,2,0,24607,18956917,30.6,0.01399850447075888,0.01,0.01,0.1,14,2,0,24607,18956917,31.9,0.017998504470758882,0.015,0.07,0.06,5,2,0,24445,18956916,29.9,0.02199850447075888,0.018,-0.12,0.22,15,2,0,24445,18956916,29.9,-0.806001495529241,-0.811,0.12,0.08,12,2,0,24445,18956916,30.6,0.01599850447075888,0.013,0.02,0.13,14,2,0,24445,18956916,29.9,-0.7900014955292411,-0.794,0.03,0.09,14,2,0,24445,18956916,29.9
508,18932395230370,18932404401201,sine_0.7hz,4.660075493997283,20.162085,0.07549389556515962,9.170831,1.5651829999114852,2.6595300005283207,0.1728534698486328,24608,24446,0.019942676675685573,0.018,0.02,0.2,10,2,0,24608,18956937,30.6,0.018942676675685572,0.015,-0.01,0.29,9,2,0,24608,18956937,30.6,-0.7850573233243144,-0.786,-0.01,0.09,7,2,0,24608,18956937,31.9,-0.7950573233243143,-0.8,0.02,0.16,3,2,0,24608,18956937,30.6,0.013942676675685573,0.011,-0.03,0.11,4,2,0,24608,18956937,31.9,0.017942676675685575,0.015,-0.05,0.15,10,2,0,24446,18956936,29.9,0.02194267667568557,0.018,0.11,-0.02,5,2,0,24446,18956936,29.9,-0.8060573233243143,-0.811,0.04,0.11,2,2,0,24446,18956936,30.6,0.015942676675685573,0.014,0.11,0.02,4,2,0,24446,18956936,29.9,-0.7900573233243144,-0.793,0.0,0.19,4,2,0,24446,18956936,29.9
509,18932415231777,18932424185255,sine_0.7hz,4.6800775730007445,19.784054,0.07757289859000593,8.953478,1.476539000577759,2.5206770005752333,0.21409988403320312,24609,24447,0.019732607952041775,0.018,0.07,-0.01,0,2,0,24609,18956957,30.6,0.018732607952041774,0.015,0.05,0.12,14,2,0,24609,18956957,30.6,-0.7852673920479583,-0.786,0.17,0.02,12,2,0,24609,18956957,31.9,-0.7952673920479582,-0.8,0.01,0.31,8,2,0,24609,18956957,30.6,0.013732607952041774,0.012,0.13,0.19,9,2,0,24609,18956957,31.9,0.017732607952041776,0.015,0.08,0.15,15,2,0,24447,18956956,29.9,0.021732607952041773,0.018,-0.02,0.26,9,2,0,24447,18956956,29.9,-0.8062673920479582,-0.811,-0.01,0.35,7,2,0,24447,18956956,30.6,0.015732607952041774,0.014,0.11,0.17,9,2,0,24447,18956956,29.9,-0.7902673920479583,-0.793,0.1,0.16,9,2,0,24447,18956956,29.9
510,18932435231360,18932444264521,sine_0.7hz,4.700077539997437,20.079266,0.077539894846268,9.033161,1.5074209986778442,2.555686001869617,0.2357959747314453,24610,24448,0.0193699658384515,0.018,0.09,0.08,5,2,0,24610,18956977,30.6,0.018369965838451498,0.015,0.09,-0.05,4,2,0,24610,18956977,30.6,-0.7856300341615485,-0.785,0.14,-0.09,2,2,0,24610,18956977,31.9,-0.7956300341615484,-0.799,0.01,0.29,13,2,0,24610,18956977,30.6,0.013369965838451498,0.012,-0.18,-0.08,14,2,0,24610,18956977,31.9,0.017369965838451497,0.015,-0.05,0.09,5,2,0,24448,18956976,29.9,0.0213699658384515,0.018,-0.06,0.19,14,2,0,24448,18956976,29.9,-0.8066300341615484,-0.811,0.03,0.37,12,2,0,24448,18956976,30.6,0.015369965838451499,0.014,-0.09,0.31,14,2,0,24448,18956976,29.9,-0.7906300341615485,-0.793,0.03,0.09,14,2,0,24448,18956976,29.9
511,18932455233087,18932464785756,sine_0.7hz,4.720076769997831,20.521235,0.0767698948038742,9.552669,1.6416650032624602,2.732494001975283,0.1735687255859375,24611,24449,0.018857562098539282,0.018,0.01,0.22,10,2,0,24611,18956997,30.6,0.01785756209853928,0.015,0.07,0.37,9,2,0,24611,18956997,30.6,-0.7861424379014608,-0.785,-0.04,-0.14,7,2,0,24611,18956997,31.9,-0.7961424379014607,-0.799,-0.13,0.27,3,2,0,24611,18956997,30.6,0.012857562098539282,0.012,-0.04,-0.03,4,2,0,24611,18956997,31.9,0.01685756209853928,0.015,-0.03,0.0,10,2,0,24449,18956996,29.9,0.020857562098539284,0.019,0.08,0.23,4,2,0,24449,18956996,29.9,-0.8071424379014607,-0.811,0.05,0.3,2,2,0,24449,18956996,30.6,0.014857562098539282,0.014,0.04,0.24,4,2,0,24449,18956996,29.9,-0.7911424379014608,-0.793,0.07,0.0,4,2,0,24449,18956996,29.9
512,18932475237885,18932484775386,sine_0.7hz,4.740081025000109,19.98963,0.0810248966445215,9.537501,1.616479999938747,2.708715997869149,0.17499923706054688,24612,24450,0.01819916486592106,0.018,-0.08,0.1,0,2,0,24612,18957017,30.6,0.01719916486592106,0.016,-0.12,0.06,14,2,0,24612,18957017,30.6,-0.786800835134079,-0.785,0.06,0.12,12,2,0,24612,18957017,31.9,-0.7968008351340788,-0.799,0.06,0.08,8,2,0,24612,18957017,30.6,0.01219916486592106,0.012,0.03,-0.09,9,2,0,24612,18957017,31.9,0.01619916486592106,0.015,0.1,0.18,0,2,0,24450,18957016,29.9,0.020199164865921063,0.019,0.07,0.25,9,2,0,24450,18957016,29.9,-0.8078008351340789,-0.811,0.04,0.43,7,2,0,24450,18957016,30.6,0.01419916486592106,0.014,-0.02,0.15,9,2,0,24450,18957016,29.9,-0.791800835134079,-0.792,0.02,0.24,9,2,0,24450,18957016,29.9
513,18932495231964,18932504282981,sine_0.7hz,4.760077791997901,19.507595,0.07779189400025643,9.051017,1.5666869985579979,2.6037839998025447,0.21457672119140625,24613,24451,0.017400302370387987,0.018,0.02,-0.02,5,2,0,24613,18957037,30.6,0.016400302370387986,0.015,-0.08,-0.13,4,2,0,24613,18957037,30.6,-0.787599697629612,-0.786,-0.07,-0.09,2,2,0,24613,18957037,31.9,-0.7975996976296119,-0.799,-0.03,0.17,12,2,0,24613,18957037,30.6,0.011400302370387987,0.013,0.03,0.08,14,2,0,24613,18957037,31.9,0.015400302370387987,0.015,-0.03,0.1,5,2,0,24451,18957036,29.9,0.019400302370387985,0.019,0.03,-0.06,14,2,0,24451,18957036,29.9,-0.8085996976296119,-0.811,0.18,0.33,12,2,0,24451,18957036,30.6,0.013400302370387987,0.014,0.08,0.09,13,2,0,24451,18957036,29.9,-0.792599697629612,-0.793,0.14,0.12,14,2,0,24451,18957036,29.9
514,18932515228826,18932524188800,sine_0.7hz,4.780075389997364,19.905819,0.07538989302702248,8.959974,1.5152930027397815,2.5547900004312396,0.21600723266601562,24614,24452,0.01646688911775982,0.018,-0.05,-0.01,10,2,0,24614,18957057,30.6,0.01546688911775982,0.015,-0.14,0.28,9,2,0,24614,18957057,30.6,-0.7885331108822402,-0.786,0.02,-0.12,7,2,0,24614,18957057,31.9,-0.7985331108822401,-0.8,-0.18,0.15,2,2,0,24614,18957057,30.6,0.010466889117759821,0.012,0.01,-0.13,4,2,0,24614,18957057,31.9,0.014466889117759821,0.015,0.03,0.09,10,2,0,24452,18957056,29.9,0.018466889117759823,0.018,0.06,0.08,4,2,0,24452,18957056,29.9,-0.8095331108822401,-0.811,0.05,0.5,2,2,0,24452,18957056,30.6,0.012466889117759821,0.014,0.08,0.09,3,2,0,24452,18957056,29.9,-0.7935331108822402,-0.793,0.01,0.09,4,2,0,24452,18957056,29.9
515,18932535230457,18932544223648,sine_0.7hz,4.800075900999218,20.034848,0.075900894444203,8.993191,1.5655989991500974,2.607623999210773,0.21791458129882812,24615,24453,0.015406008171521273,0.018,0.07,0.0,15,2,0,24615,18957077,30.6,0.014406008171521274,0.015,-0.05,-0.01,14,2,0,24615,18957077,30.6,-0.7895939918284788,-0.786,0.04,-0.08,12,2,0,24615,18957077,31.9,-0.7995939918284787,-0.8,-0.27,0.21,7,2,0,24615,18957077,30.6,0.009406008171521273,0.012,-0.04,-0.03,9,2,0,24615,18957077,31.9,0.013406008171521273,0.015,0.05,0.01,15,2,0,24453,18957076,29.9,0.017406008171521273,0.018,-0.01,0.08,9,2,0,24453,18957076,29.9,-0.8105939918284787,-0.812,-0.17,0.33,7,2,0,24453,18957076,30.6,0.011406008171521273,0.014,-0.06,-0.06,8,2,0,24453,18957076,29.9,-0.7945939918284788,-0.793,-0.09,0.08,9,2,0,24453,18957076,29.9
516,18932555230296,18932565240616,sine_0.7hz,4.820074011000543,21.016968,0.07401089533232152,10.01032,2.098548000503797,3.1795510003576055,0.1723766326904297,24616,24454,0.014226138294742013,0.017,0.08,-0.07,5,2,0,24616,18957097,30.6,0.013226138294742014,0.014,-0.02,0.25,4,2,0,24616,18957097,30.6,-0.790773861705258,-0.787,0.0,-0.07,2,2,0,24616,18957097,31.9,-0.8007738617052579,-0.8,-0.01,0.13,12,2,0,24616,18957097,30.6,0.008226138294742013,0.012,0.0,-0.08,14,2,0,24616,18957097,31.9,0.012226138294742013,0.014,-0.05,-0.04,5,2,0,24454,18957096,29.9,0.016226138294742013,0.018,-0.03,0.0,14,2,0,24454,18957096,29.9,-0.8117738617052579,-0.812,0.04,0.13,12,2,0,24454,18957096,30.6,0.010226138294742013,0.013,0.02,0.03,13,2,0,24454,18957096,29.9,-0.795773861705258,-0.793,-0.21,-0.06,14,2,0,24454,18957096,29.9
517,18932575238839,18932584711537,sine_0.7hz,4.840079129997321,19.470921,0.07912989167380147,9.472698,1.4881559982313775,2.5738629992702045,0.17499923706054688,24617,24455,0.012935811361341887,0.017,-0.02,-0.31,10,2,0,24617,18957117,30.6,0.011935811361341888,0.014,0.01,0.1,9,2,0,24617,18957117,30.6,-0.7920641886386581,-0.787,-0.05,-0.12,7,2,0,24617,18957117,31.9,-0.802064188638658,-0.8,0.14,0.16,2,2,0,24617,18957117,30.6,0.006935811361341887,0.011,-0.21,-0.28,3,2,0,24617,18957117,31.9,0.010935811361341887,0.014,0.01,-0.05,11,2,0,24455,18957117,29.9,0.014935811361341887,0.017,0.01,-0.23,5,2,0,24455,18957117,29.9,-0.813064188638658,-0.812,0.04,0.14,3,2,0,24455,18957117,30.6,0.008935811361341887,0.013,0.0,-0.02,4,2,0,24455,18957117,29.9,-0.7970641886386581,-0.794,-0.02,-0.08,5,2,0,24455,18957117,29.9
518,18932595232309,18932605371562,sine_0.7hz,4.860077368997736,20.660025,0.07736889165244065,10.139253,2.2206649991858285,3.2671059998392593,0.17404556274414062,24618,24456,0.011545897613184933,0.017,0.05,-0.08,0,2,0,24618,18957137,30.6,0.010545897613184932,0.013,-0.1,0.01,14,2,0,24618,18957137,30.6,-0.7934541023868151,-0.787,-0.04,-0.14,12,2,0,24618,18957137,31.9,-0.803454102386815,-0.8,0.04,0.02,7,2,0,24618,18957137,30.6,0.005545897613184933,0.011,0.07,-0.06,8,2,0,24618,18957137,31.9,0.009545897613184933,0.014,-0.09,0.07,15,2,0,24456,18957136,29.9,0.013545897613184933,0.017,-0.04,-0.12,9,2,0,24456,18957136,29.9,-0.814454102386815,-0.812,0.15,0.05,7,2,0,24456,18957136,30.6,0.007545897613184933,0.012,0.02,-0.27,8,2,0,24456,18957136,29.9,-0.7984541023868151,-0.794,-0.03,-0.16,9,2,0,24456,18957136,29.9
519,18932615231508,18932624147672,sine_0.7hz,4.880075991997728,18.77611,0.07599189120810479,8.916164,1.4950679978937842,2.5353010023536626,0.17333030700683594,24619,24457,0.01006668848321559,0.016,-0.01,-0.28,5,2,0,24619,18957157,30.6,0.009066688483215589,0.012,-0.02,-0.14,4,2,0,24619,18957157,30.6,-0.7949333115167845,-0.788,-0.07,-0.24,2,2,0,24619,18957157,31.9,-0.8049333115167844,-0.801,0.02,-0.05,12,2,0,24619,18957157,30.6,0.00406668848321559,0.01,-0.2,-0.02,13,2,0,24619,18957157,31.9,0.00806668848321559,0.014,-0.07,-0.16,6,2,0,24457,18957157,29.9,0.01206668848321559,0.016,0.0,0.01,0,2,0,24457,18957157,29.9,-0.8159333115167844,-0.812,0.12,0.01,13,2,0,24457,18957157,30.6,0.00606668848321559,0.012,-0.08,-0.04,14,2,0,24457,18957157,29.9,-0.7999333115167845,-0.795,-0.17,-0.11,15,2,0,24457,18957157,29.9
520,18932635232211,18932644281116,sine_0.7hz,4.900077621998207,20.133444,0.07762189125060104,9.048905,1.5527340001426637,2.6267929970344994,0.2105236053466797,24620,24458,0.008509407187283376,0.016,-0.02,-0.15,10,2,0,24620,18957177,30.6,0.007509407187283376,0.012,-0.06,-0.23,9,2,0,24620,18957177,30.6,-0.7964905928127167,-0.789,-0.15,-0.05,7,2,0,24620,18957177,31.9,-0.8064905928127166,-0.802,-0.02,-0.12,2,2,0,24620,18957177,30.6,0.0025094071872833763,0.007,-0.05,0.01,3,2,0,24620,18957177,31.9,0.006509407187283376,0.013,-0.01,-0.1,10,2,0,24458,18957176,29.9,0.010509407187283376,0.016,0.03,-0.17,4,2,0,24458,18957176,29.9,-0.8174905928127166,-0.813,-0.06,0.13,2,2,0,24458,18957176,30.6,0.004509407187283376,0.011,0.02,-0.14,3,2,0,24458,18957176,29.9,-0.8014905928127167,-0.796,0.06,-0.17,4,2,0,24458,18957176,29.9
521,18932655233585,18932664973622,sine_0.7hz,4.920075092999468,20.692506,0.07509289207519032,9.740037,1.8211919996247161,2.9097799997543916,0.17547607421875,24621,24459,0.0068866572574744775,0.014,-0.1,-0.09,15,2,0,24621,18957197,30.6,0.0058866572574744775,0.011,0.01,-0.18,13,2,0,24621,18957197,30.6,-0.7981133427425255,-0.792,-0.12,-0.25,12,2,0,24621,18957197,31.9,-0.8081133427425254,-0.802,-0.02,0.12,7,2,0,24621,18957197,30.6,0.0008866572574744774,0.007,-0.04,-0.18,8,2,0,24621,18957197,31.9,0.0048866572574744775,0.012,-0.18,-0.19,15,2,0,24459,18957196,29.9,0.008886657257474478,0.016,-0.15,-0.2,9,2,0,24459,18957196,29.9,-0.8191133427425255,-0.814,0.11,-0.24,7,2,0,24459,18957196,30.6,0.0028866572574744774,0.011,-0.21,-0.23,8,2,0,24459,18957196,29.9,-0.8031133427425255,-0.797,-0.03,-0.2,9,2,0,24459,18957196,29.9
522,18932675234416,18932684600038,sine_0.7hz,4.9400793479981076,19.626416,0.07934789027785882,9.365622,1.4684099987789523,2.56189500214532,0.17452239990234375,24622,24460,0.00521009162351993,0.012,0.07,-0.3,5,2,0,24622,18957217,30.6,0.00421009162351993,0.011,0.04,-0.13,3,2,0,24622,18957217,30.6,-0.7997899083764801,-0.794,-0.15,-0.04,2,2,0,24622,18957217,31.9,-0.80978990837648,-0.804,-0.14,0.12,12,2,0,24622,18957217,30.6,-0.00078990837648007,0.006,-0.22,-0.12,13,2,0,24622,18957217,31.9,0.00321009162351993,0.008,-0.12,0.08,6,2,0,24460,18957217,29.9,0.00721009162351993,0.015,0.02,-0.3,15,2,0,24460,18957217,29.9,-0.82078990837648,-0.815,-0.02,-0.16,13,2,0,24460,18957217,30.6,0.00121009162351993,0.009,-0.11,-0.31,14,2,0,24460,18957217,29.9,-0.8047899083764801,-0.799,-0.28,-0.06,15,2,0,24460,18957217,29.9
523,18932695232143,18932704307385,sine_0.7hz,4.9600768179989245,19.707347,0.07681789065827616,9.075242,1.5530860000581015,2.5963600019167643,0.23555755615234375,24623,24461,0.003493808018598496,0.012,0.04,-0.13,10,2,0,24623,18957237,30.6,0.002493808018598496,0.01,0.01,-0.09,8,2,0,24623,18957237,30.6,-0.8015061919814016,-0.796,-0.16,-0.2,7,2,0,24623,18957237,31.9,-0.8115061919814015,-0.805,0.01,-0.12,2,2,0,24623,18957237,30.6,-0.002506191981401504,0.004,0.06,-0.69,3,2,0,24623,18957237,31.9,0.0014938080185984961,0.007,0.01,-0.14,10,2,0,24461,18957236,29.9,0.005493808018598496,0.012,-0.18,-0.11,4,2,0,24461,18957236,29.9,-0.8225061919814015,-0.818,-0.21,0.04,2,2,0,24461,18957236,30.6,-0.0005061919814015039,0.007,-0.05,-0.11,3,2,0,24461,18957236,29.9,-0.8065061919814016,-0.8,0.0,-0.17,3,2,0,24461,18957236,29.9
524,18932715230637,18932724311992,sine_0.7hz,4.980076624997309,20.004607,0.07662488860660233,9.081355,1.531293000880396,2.5756869981705677,0.2410411834716797,24624,24462,0.0017503096051434,0.011,-0.13,-0.25,15,2,0,24624,18957257,30.6,0.0007503096051434,0.009,-0.04,-0.32,13,2,0,24624,18957257,30.6,-0.8032496903948566,-0.797,-0.19,0.08,12,2,0,24624,18957257,31.9,-0.8132496903948565,-0.807,-0.11,-0.16,7,2,0,24624,18957257,30.6,-0.0042496903948566,0.004,-0.04,-0.13,8,2,0,24624,18957257,31.9,-0.0002496903948566,0.006,-0.12,-0.21,15,2,0,24462,18957256,29.9,0.0037503096051434,0.011,-0.06,-0.15,9,2,0,24462,18957256,29.9,-0.8242496903948565,-0.821,-0.1,0.05,7,2,0,24462,18957256,30.6,-0.0022496903948566,0.006,-0.12,-0.13,8,2,0,24462,18957256,29.9,-0.8082496903948566,-0.801,-0.09,-0.05,8,2,0,24462,18957256,29.9
525,18932735235532,18932744406811,sine_0.7hz,5.000080847999925,20.094819,0.08084789078566246,9.171279,1.5621099992131349,2.6511140022194013,0.17452239990234375,24625,24463,-7.111761363525116e-06,0.008,-0.09,-0.08,5,2,0,24625,18957277,30.6,-0.0010071117613635252,0.007,-0.06,-0.27,3,2,0,24625,18957277,30.6,-0.8050071117613635,-0.8,-0.03,-0.31,2,2,0,24625,18957277,31.9,-0.8150071117613634,-0.808,-0.19,-0.2,12,2,0,24625,18957277,30.6,-0.006007111761363525,0.003,0.04,-0.31,13,2,0,24625,18957277,31.9,-0.002007111761363525,0.004,-0.12,-0.16,5,2,0,24463,18957276,29.9,0.001992888238636475,0.009,-0.11,0.03,14,2,0,24463,18957276,29.9,-0.8260071117613634,-0.822,0.0,0.01,12,2,0,24463,18957276,30.6,-0.004007111761363525,0.004,-0.1,-0.14,13,2,0,24463,18957276,29.9,-0.8100071117613635,-0.803,-0.01,-0.16,13,2,0,24463,18957276,29.9
526,18932755231339,18932764611681,sine_0.7hz,5.020076749999134,20.20487,0.076749889558414,9.380342,1.8726829985098448,2.9739430028712377,0.17333030700683594,24626,24464,-0.0017637490102204525,0.007,-0.29,-0.2,10,2,0,24626,18957297,30.6,-0.0027637490102204523,0.005,-0.27,-0.09,8,2,0,24626,18957297,30.6,-0.8067637490102205,-0.802,-0.19,-0.03,7,2,0,24626,18957297,31.9,-0.8167637490102204,-0.811,-0.15,-0.03,2,2,0,24626,18957297,30.6,-0.007763749010220452,-0.001,-0.16,-0.15,3,2,0,24626,18957297,31.9,-0.0037637490102204523,0.003,-0.18,-0.19,10,2,0,24464,18957296,29.9,0.00023625098977954752,0.006,0.01,-0.2,4,2,0,24464,18957296,29.9,-0.8277637490102204,-0.822,0.02,-0.17,2,2,0,24464,18957296,30.6,-0.005763749010220452,0.001,0.01,-0.17,3,2,0,24464,18957296,29.9,-0.8117637490102205,-0.804,0.06,-0.06,3,2,0,24464,18957296,29.9
527,18932775231081,18932784124749,sine_0.7hz,5.040075468998111,19.513068,0.07546888809883967,8.893668,1.481339000747539,2.5338929990539327,0.17118453979492188,24627,24465,-0.00350699711514484,0.006,-0.01,-0.42,14,2,0,24627,18957317,30.6,-0.00450699711514484,0.002,-0.17,0.04,13,2,0,24627,18957317,30.6,-0.8085069971151448,-0.802,-0.09,0.21,12,2,0,24627,18957317,31.9,-0.8185069971151447,-0.813,-0.11,-0.13,7,2,0,24627,18957317,30.6,-0.00950699711514484,-0.002,0.03,-0.1,8,2,0,24627,18957317,31.9,-0.005506997115144839,0.002,-0.04,-0.2,15,2,0,24465,18957316,29.9,-0.0015069971151448398,0.006,0.0,-0.39,9,2,0,24465,18957316,29.9,-0.8295069971151448,-0.823,-0.05,0.0,7,2,0,24465,18957316,30.6,-0.0075069971151448395,-0.001,-0.17,0.02,8,2,0,24465,18957316,29.9,-0.8135069971151448,-0.805,0.0,-0.49,8,2,0,24465,18957316,29.9
528,18932795231336,18932805780909,sine_0.7hz,5.06007700400005,21.65616,0.07700388960074633,10.549573,2.6170969977101777,3.6588020011549816,0.17142295837402344,24628,24466,-0.005223368960280258,0.004,0.02,-0.56,4,2,0,24628,18957337,30.6,-0.006223368960280258,0.0,0.04,-0.35,3,2,0,24628,18957337,30.6,-0.8102233689602804,-0.805,-0.13,0.11,2,2,0,24628,18957337,31.9,-0.8202233689602803,-0.814,-0.12,-0.08,12,2,0,24628,18957337,30.6,-0.011223368960280259,-0.004,-0.21,-0.2,13,2,0,24628,18957337,31.9,-0.007223368960280258,-0.001,0.02,-0.22,5,2,0,24466,18957336,29.9,-0.003223368960280258,0.005,-0.15,-0.31,14,2,0,24466,18957336,29.9,-0.8312233689602803,-0.824,-0.04,-0.19,12,2,0,24466,18957336,30.6,-0.009223368960280257,-0.002,-0.07,-0.24,13,2,0,24466,18957336,29.9,-0.8152233689602804,-0.807,-0.22,-0.26,13,2,0,24466,18957336,29.9
529,18932815233607,18932824799045,sine_0.7hz,5.0800788269989425,19.018136,0.0788268880569376,9.565438,2.0830590001423843,3.1652140023652464,0.1761913299560547,24629,24467,-0.00689936721556885,0.002,-0.12,-0.28,10,2,0,24629,18957358,30.6,-0.00789936721556885,-0.001,-0.19,-0.27,9,2,0,24629,18957358,30.6,-0.8118993672155689,-0.806,-0.18,-0.26,8,2,0,24629,18957358,31.9,-0.8218993672155688,-0.816,0.06,-0.14,3,2,0,24629,18957358,30.6,-0.01289936721556885,-0.006,-0.12,-0.14,4,2,0,24629,18957358,31.9,-0.00889936721556885,-0.001,-0.08,-0.14,11,2,0,24467,18957357,29.9,-0.00489936721556885,0.001,-0.22,-0.2,5,2,0,24467,18957357,29.9,-0.8328993672155688,-0.826,-0.02,-0.03,3,2,0,24467,18957357,30.6,-0.010899367215568851,-0.004,-0.12,-0.18,4,2,0,24467,18957357,29.9,-0.8168993672155689,-0.81,-0.08,-0.32,4,2,0,24467,18957357,29.9
530,18932835232806,18932844284303,sine_0.7hz,5.100075881000521,19.485258,0.0758808891987428,9.051497,1.5385899969260208,2.5895750004565343,0.2219676971435547,24630,24468,-0.008521624934033382,0.001,-0.31,-0.36,14,2,0,24630,18957377,30.6,-0.009521624934033381,-0.002,-0.18,-0.15,13,2,0,24630,18957377,30.6,-0.8135216249340335,-0.807,-0.01,-0.01,12,2,0,24630,18957377,31.9,-0.8235216249340334,-0.817,-0.1,-0.23,7,2,0,24630,18957377,30.6,-0.014521624934033382,-0.007,-0.08,-0.33,8,2,0,24630,18957377,31.9,-0.010521624934033382,-0.002,-0.04,-0.24,15,2,0,24468,18957376,29.9,-0.006521624934033382,0.001,0.01,-0.28,9,2,0,24468,18957376,29.9,-0.8345216249340334,-0.828,-0.1,-0.08,7,2,0,24468,18957376,30.6,-0.012521624934033382,-0.006,-0.21,-0.11,8,2,0,24468,18957376,29.9,-0.8185216249340335,-0.811,-0.03,-0.26,8,2,0,24468,18957376,29.9
531,18932855231812,18932864628700,sine_0.7hz,5.120077159997891,20.344397,0.07715988613199443,9.396888,1.4951960001781117,2.57674300155486,0.17571449279785156,24631,24469,-0.010078327201379357,-0.003,-0.01,-0.13,4,2,0,24631,18957397,30.6,-0.011078327201379357,-0.005,-0.08,0.03,3,2,0,24631,18957397,30.6,-0.8150783272013794,-0.809,-0.06,0.02,2,2,0,24631,18957397,31.9,-0.8250783272013793,-0.818,-0.06,0.09,12,2,0,24631,18957397,30.6,-0.016078327201379358,-0.008,-0.14,-0.07,13,2,0,24631,18957397,31.9,-0.012078327201379357,-0.004,-0.02,-0.35,4,2,0,24469,18957396,29.9,-0.008078327201379357,0.001,-0.09,-0.42,14,2,0,24469,18957396,29.9,-0.8360783272013793,-0.83,-0.17,0.06,12,2,0,24469,18957396,30.6,-0.014078327201379357,-0.007,-0.25,-0.47,13,2,0,24469,18957396,29.9,-0.8200783272013794,-0.812,-0.12,-0.36,13,2,0,24469,18957396,29.9
532,18932875230755,18932885204177,sine_0.7hz,5.140075750998221,20.575477,0.07575088602607138,9.973422,2.062130999547662,3.151133998471778,0.17690658569335938,24632,24470,-0.01155689302694446,-0.004,-0.19,-0.33,9,2,0,24632,18957417,30.6,-0.01255689302694446,-0.007,0.02,0.2,8,2,0,24632,18957417,30.6,-0.8165568930269445,-0.811,-0.03,-0.27,7,2,0,24632,18957417,31.9,-0.8265568930269445,-0.822,0.03,0.02,2,2,0,24632,18957417,30.6,-0.017556893026944458,-0.011,0.04,-0.14,3,2,0,24632,18957417,31.9,-0.01355689302694446,-0.005,0.13,-0.45,9,2,0,24470,18957416,29.9,-0.00955689302694446,-0.002,0.05,-0.21,4,2,0,24470,18957416,29.9,-0.8375568930269444,-0.831,0.06,-0.19,2,2,0,24470,18957416,30.6,-0.01555689302694446,-0.009,0.1,-0.45,3,2,0,24470,18957416,29.9,-0.8215568930269446,-0.814,-0.21,-0.2,3,2,0,24470,18957416,29.9
533,18932895231714,18932905096140,sine_0.7hz,5.1600770609984465,19.891963,0.07706088581471704,9.864426,2.3917440012155566,3.4830190015782136,0.1735687255859375,24633,24471,-0.012946286810879906,-0.006,-0.11,-0.33,14,2,0,24633,18957437,30.6,-0.013946286810879907,-0.008,0.01,0.02,13,2,0,24633,18957437,30.6,-0.81794628681088,-0.812,0.0,-0.23,12,2,0,24633,18957437,31.9,-0.8279462868108799,-0.822,-0.09,-0.26,7,2,0,24633,18957437,30.6,-0.018946286810879905,-0.013,-0.17,-0.12,8,2,0,24633,18957437,31.9,-0.014946286810879906,-0.006,-0.09,-0.42,0,2,0,24471,18957437,29.9,-0.010946286810879906,-0.003,-0.01,-0.11,10,2,0,24471,18957437,29.9,-0.8389462868108799,-0.832,-0.03,-0.15,8,2,0,24471,18957437,30.6,-0.016946286810879906,-0.01,-0.1,-0.36,9,2,0,24471,18957437,29.9,-0.82294628681088,-0.815,-0.15,-0.2,9,2,0,24471,18957437,29.9
534,18932915232864,18932924777470,sine_0.7hz,5.180078307999793,19.68133,0.07830788672436029,9.544606,2.0924359996570274,3.175647001626203,0.17333030700683594,24634,24472,-0.01423555278591947,-0.009,-0.03,-0.09,4,2,0,24634,18957457,30.6,-0.015235552785919471,-0.009,0.07,-0.09,3,2,0,24634,18957457,30.6,-0.8192355527859195,-0.813,-0.08,-0.24,1,2,0,24634,18957457,31.9,-0.8292355527859194,-0.823,-0.14,-0.29,12,2,0,24634,18957457,30.6,-0.020235552785919472,-0.015,-0.12,-0.12,13,2,0,24634,18957457,31.9,-0.01623555278591947,-0.007,-0.02,-0.21,5,2,0,24472,18957457,29.9,-0.01223555278591947,-0.004,0.08,-0.28,15,2,0,24472,18957457,29.9,-0.8402355527859194,-0.833,-0.01,-0.28,13,2,0,24472,18957457,30.6,-0.01823555278591947,-0.011,-0.04,-0.49,14,2,0,24472,18957457,29.9,-0.8242355527859195,-0.817,-0.09,-0.01,14,2,0,24472,18957457,29.9
535,18932935231615,18932944528658,sine_0.7hz,5.200076706998516,19.751188,0.07670688501093537,9.297043,1.8602659984026104,2.944725998531794,0.17523765563964844,24635,24473,-0.015414564996795124,-0.01,-0.18,-0.16,9,2,0,24635,18957477,30.6,-0.016414564996795125,-0.009,-0.12,0.14,8,2,0,24635,18957477,30.6,-0.8204145649967952,-0.815,-0.09,-0.33,6,2,0,24635,18957477,31.9,-0.8304145649967951,-0.824,-0.21,0.01,2,2,0,24635,18957477,30.6,-0.021414564996795123,-0.017,-0.12,-0.19,3,2,0,24635,18957477,31.9,-0.017414564996795126,-0.008,0.02,-0.23,9,2,0,24473,18957476,29.9,-0.013414564996795124,-0.007,-0.17,-0.15,4,2,0,24473,18957476,29.9,-0.8414145649967951,-0.834,0.02,-0.23,2,2,0,24473,18957476,30.6,-0.019414564996795124,-0.013,-0.24,-0.2,3,2,0,24473,18957476,29.9,-0.8254145649967952,-0.82,-0.16,-0.11,3,2,0,24473,18957476,29.9
536,18932955231742,18932964835613,sine_0.7hz,5.220077280999249,20.306955,0.0772808853071183,9.603871,2.0856830014963634,3.1764150007802527,0.17690658569335938,24636,24474,-0.0164745072906868,-0.012,-0.09,-0.05,14,2,0,24636,18957497,30.6,-0.0174745072906868,-0.01,-0.11,-0.38,13,2,0,24636,18957497,30.6,-0.8214745072906868,-0.815,-0.17,-0.15,11,2,0,24636,18957497,31.9,-0.8314745072906867,-0.825,0.01,-0.02,7,2,0,24636,18957497,30.6,-0.0224745072906868,-0.017,-0.06,-0.1,8,2,0,24636,18957497,31.9,-0.018474507290686802,-0.01,-0.16,-0.23,14,2,0,24474,18957496,29.9,-0.0144745072906868,-0.008,0.02,-0.08,9,2,0,24474,18957496,29.9,-0.8424745072906867,-0.835,-0.01,-0.29,7,2,0,24474,18957496,30.6,-0.0204745072906868,-0.015,-0.08,-0.18,8,2,0,24474,18957496,29.9,-0.8264745072906868,-0.822,-0.16,-0.14,8,2,0,24474,18957496,29.9
537,18932975232348,18932984767545,sine_0.7hz,5.240077791997464,19.931932,0.07779188308632001,9.535197,1.627841000299668,2.7240130002610385,0.17786026000976562,24637,24475,-0.01740704577901948,-0.014,0.01,-0.14,4,2,0,24637,18957517,30.6,-0.01840704577901948,-0.011,-0.01,-0.05,3,2,0,24637,18957517,30.6,-0.8224070457790196,-0.817,-0.18,-0.03,1,2,0,24637,18957517,31.9,-0.8324070457790195,-0.826,-0.15,-0.44,12,2,0,24637,18957517,30.6,-0.023407045779019482,-0.018,-0.17,-0.34,13,2,0,24637,18957517,31.9,-0.01940704577901948,-0.011,-0.01,-0.39,4,2,0,24475,18957516,29.9,-0.01540704577901948,-0.009,-0.11,-0.08,14,2,0,24475,18957516,29.9,-0.8434070457790195,-0.836,-0.02,-0.31,12,2,0,24475,18957516,30.6,-0.02140704577901948,-0.016,-0.13,-0.33,13,2,0,24475,18957516,29.9,-0.8274070457790196,-0.822,-0.01,-0.08,13,2,0,24475,18957516,29.9
538,18932995232635,18933005404657,sine_0.7hz,5.260077758997795,20.637112,0.07775888298056088,10.172022,2.2834190021967515,3.330981002363842,0.1735687255859375,24638,24476,-0.01820495269414421,-0.015,-0.15,-0.01,9,2,0,24638,18957537,30.6,-0.01920495269414421,-0.012,-0.04,-0.45,8,2,0,24638,18957537,30.6,-0.8232049526941443,-0.818,-0.15,-0.15,6,2,0,24638,18957537,31.9,-0.8332049526941442,-0.826,-0.09,-0.12,2,2,0,24638,18957537,30.6,-0.02420495269414421,-0.021,-0.04,0.1,3,2,0,24638,18957537,31.9,-0.020204952694144213,-0.012,-0.25,-0.33,9,2,0,24476,18957536,29.9,-0.01620495269414421,-0.01,0.03,-0.29,4,2,0,24476,18957536,29.9,-0.8442049526941442,-0.838,0.0,-0.12,2,2,0,24476,18957536,30.6,-0.02220495269414421,-0.018,-0.05,-0.09,3,2,0,24476,18957536,29.9,-0.8282049526941443,-0.823,-0.01,-0.14,3,2,0,24476,18957536,29.9
539,18933015234586,18933025273067,sine_0.7hz,5.280076540999289,19.86841,0.07654088403796777,10.038481,2.0970440018572845,3.183038999850396,0.17499923706054688,24639,24477,-0.01886205048915479,-0.016,-0.14,-0.03,14,2,0,24639,18957557,30.6,-0.019862050489154792,-0.013,-0.09,-0.22,13,2,0,24639,18957557,30.6,-0.8238620504891548,-0.82,-0.04,-0.18,11,2,0,24639,18957557,31.9,-0.8338620504891547,-0.828,-0.01,-0.25,7,2,0,24639,18957557,30.6,-0.02486205048915479,-0.021,0.05,-0.31,8,2,0,24639,18957557,31.9,-0.020862050489154793,-0.014,-0.1,-0.49,0,2,0,24477,18957557,29.9,-0.01686205048915479,-0.011,-0.08,-0.23,10,2,0,24477,18957557,29.9,-0.8448620504891547,-0.838,0.03,-0.15,8,2,0,24477,18957557,30.6,-0.02286205048915479,-0.019,-0.02,-0.14,9,2,0,24477,18957557,29.9,-0.8288620504891548,-0.825,-0.02,-0.18,9,2,0,24477,18957557,29.9
540,18933035232825,18933044584686,sine_0.7hz,5.300077915999282,19.311619,0.07791588359395973,9.351861,1.9010680007340852,2.9997359997651074,0.1747608184814453,24640,24478,-0.019373366568054058,-0.018,-0.15,-0.13,4,2,0,24640,18957577,30.6,-0.02037336656805406,-0.015,0.0,-0.18,3,2,0,24640,18957577,30.6,-0.8243733665680542,-0.822,-0.01,-0.09,1,2,0,24640,18957577,31.9,-0.834373366568054,-0.83,-0.04,-0.16,12,2,0,24640,18957577,30.6,-0.025373366568054057,-0.022,0.08,-0.07,13,2,0,24640,18957577,31.9,-0.02137336656805406,-0.016,-0.04,-0.24,5,2,0,24478,18957577,29.9,-0.017373366568054056,-0.012,-0.04,-0.13,15,2,0,24478,18957577,29.9,-0.8453733665680541,-0.839,0.01,-0.31,13,2,0,24478,18957577,30.6,-0.023373366568054058,-0.019,-0.07,-0.41,14,2,0,24478,18957577,29.9,-0.8293733665680542,-0.825,-0.21,-0.08,14,2,0,24478,18957577,29.9
541,18933055243160,18933065144355,sine_0.7hz,5.320084602997667,20.559669,0.08460288154310547,9.901195,2.118227999744704,3.2279050028591882,0.17762184143066406,24641,24479,-0.019734927874856967,-0.019,0.0,0.26,9,2,0,24641,18957597,30.6,-0.02073492787485697,-0.016,-0.2,-0.18,8,2,0,24641,18957597,30.6,-0.824734927874857,-0.822,0.09,-0.08,6,2,0,24641,18957597,31.9,-0.8347349278748569,-0.831,-0.05,-0.24,2,2,0,24641,18957597,30.6,-0.02573492787485697,-0.024,0.09,-0.17,3,2,0,24641,18957597,31.9,-0.021734927874856966,-0.016,-0.16,-0.2,9,2,0,24479,18957596,29.9,-0.01773492787485697,-0.013,-0.02,-0.19,4,2,0,24479,18957596,29.9,-0.8457349278748569,-0.84,-0.07,-0.43,2,2,0,24479,18957596,30.6,-0.023734927874856968,-0.02,0.0,-0.22,3,2,0,24479,18957596,29.9,-0.829734927874857,-0.828,-0.02,-0.24,3,2,0,24479,18957596,29.9
542,18933075244630,18933084744242,sine_0.7hz,5.340084793999267,19.599887,0.0847938827064354,9.499612,1.506587999756448,2.6074959969264455,0.17571449279785156,24642,24480,-0.019943738471113134,-0.019,-0.15,-0.11,14,2,0,24642,18957617,30.6,-0.020943738471113135,-0.017,-0.07,-0.17,13,2,0,24642,18957617,30.6,-0.8249437384711131,-0.823,-0.15,-0.08,11,2,0,24642,18957617,31.9,-0.834943738471113,-0.832,0.01,-0.21,7,2,0,24642,18957617,30.6,-0.025943738471113136,-0.024,-0.01,-0.07,8,2,0,24642,18957617,31.9,-0.021943738471113132,-0.017,-0.08,-0.15,15,2,0,24480,18957617,29.9,-0.017943738471113135,-0.014,-0.04,-0.28,10,2,0,24480,18957617,29.9,-0.845943738471113,-0.84,-0.08,-0.16,8,2,0,24480,18957617,30.6,-0.023943738471113134,-0.021,-0.13,-0.19,9,2,0,24480,18957617,29.9,-0.8299437384711131,-0.828,0.12,0.05,9,2,0,24480,18957617,29.9
543,18933095233653,18933104305375,sine_0.7hz,5.360078295998392,19.561133,0.07829588139429688,9.071722,1.537628999358276,2.5926160014932975,0.2186298370361328,24643,24481,-0.01999833315252594,-0.02,-0.04,0.11,4,2,0,24643,18957637,30.6,-0.02099833315252594,-0.017,0.19,-0.22,3,2,0,24643,18957637,30.6,-0.824998333152526,-0.824,-0.04,-0.01,1,2,0,24643,18957637,31.9,-0.8349983331525259,-0.832,0.04,-0.3,12,2,0,24643,18957637,30.6,-0.025998333152525942,-0.024,0.0,-0.1,13,2,0,24643,18957637,31.9,-0.021998333152525938,-0.02,-0.06,-0.18,4,2,0,24481,18957636,29.9,-0.01799833315252594,-0.014,0.0,-0.29,14,2,0,24481,18957636,29.9,-0.8459983331525259,-0.84,-0.13,-0.38,12,2,0,24481,18957636,30.6,-0.02399833315252594,-0.021,0.02,-0.12,13,2,0,24481,18957636,29.9,-0.829998333152526,-0.829,-0.1,0.14,13,2,0,24481,18957636,29.9
544,18933115229139,18933124764912,sine_0.7hz,5.380074295000668,20.459537,0.07429488323396072,9.535773,2.0883069992123637,3.1801590012037195,0.17976760864257812,24644,24482,-0.019898363380380483,-0.02,0.01,-0.02,9,2,0,24644,18957657,30.6,-0.020898363380380484,-0.018,-0.05,-0.11,8,2,0,24644,18957657,30.6,-0.8248983633803806,-0.824,-0.14,-0.07,6,2,0,24644,18957657,31.9,-0.8348983633803805,-0.833,-0.07,-0.24,2,2,0,24644,18957657,30.6,-0.025898363380380485,-0.024,-0.03,-0.17,3,2,0,24644,18957657,31.9,-0.02189836338038048,-0.02,0.1,-0.02,9,2,0,24482,18957656,29.9,-0.017898363380380485,-0.017,0.0,0.01,4,2,0,24482,18957656,29.9,-0.8458983633803805,-0.841,0.01,-0.6,2,2,0,24482,18957656,30.6,-0.023898363380380483,-0.022,0.08,-0.15,3,2,0,24482,18957656,29.9,-0.8298983633803806,-0.83,-0.14,-0.06,3,2,0,24482,18957656,29.9
545,18933135232242,18933144366431,sine_0.7hz,5.400078422000661,19.601519,0.0784218827902805,9.134189,1.7016669989970978,2.787440000247443,0.17595291137695312,24645,24483,-0.019644451222321495,-0.02,-0.1,0.05,14,2,0,24645,18957677,30.6,-0.020644451222321496,-0.018,0.12,0.04,13,2,0,24645,18957677,30.6,-0.8246444512223216,-0.824,-0.02,0.04,11,2,0,24645,18957677,31.9,-0.8346444512223214,-0.833,0.07,-0.24,7,2,0,24645,18957677,30.6,-0.025644451222321493,-0.024,0.03,-0.16,8,2,0,24645,18957677,31.9,-0.021644451222321497,-0.021,-0.2,-0.23,14,2,0,24483,18957676,29.9,-0.017644451222321493,-0.017,-0.18,0.02,9,2,0,24483,18957676,29.9,-0.8456444512223215,-0.841,-0.02,-0.51,6,2,0,24483,18957676,30.6,-0.023644451222321495,-0.022,-0.06,-0.15,8,2,0,24483,18957676,29.9,-0.8296444512223216,-0.83,-0.09,0.05,8,2,0,24483,18957676,29.9
546,18933155233009,18933164790606,sine_0.7hz,5.420077716000378,20.424175,0.07771588207106106,9.557597,2.1287250019668136,3.2235529979516286,0.1723766326904297,24646,24484,-0.019238686338335313,-0.02,0.03,-0.11,4,2,0,24646,18957697,30.6,-0.020238686338335313,-0.019,-0.17,-0.13,3,2,0,24646,18957697,30.6,-0.8242386863383354,-0.824,0.02,-0.1,1,2,0,24646,18957697,31.9,-0.8342386863383353,-0.833,-0.06,-0.25,12,2,0,24646,18957697,30.6,-0.025238686338335314,-0.025,0.01,-0.05,13,2,0,24646,18957697,31.9,-0.02123868633833531,-0.021,-0.04,-0.03,4,2,0,24484,18957696,29.9,-0.017238686338335314,-0.018,0.05,-0.13,14,2,0,24484,18957696,29.9,-0.8452386863383353,-0.841,0.11,-0.36,11,2,0,24484,18957696,30.6,-0.023238686338335313,-0.023,-0.04,-0.17,13,2,0,24484,18957696,29.9,-0.8292386863383354,-0.83,0.0,0.05,13,2,0,24484,18957696,29.9
547,18933175231631,18933184708714,sine_0.7hz,5.440075442998932,19.918108,0.07544288018834777,9.477083,1.5231649995257612,2.622793002956314,0.17642974853515625,24647,24485,-0.018684212559753773,-0.021,-0.07,0.06,9,2,0,24647,18957717,30.6,-0.019684212559753774,-0.019,0.16,-0.16,8,2,0,24647,18957717,30.6,-0.8236842125597538,-0.824,-0.03,-0.07,6,2,0,24647,18957717,31.9,-0.8336842125597537,-0.833,0.0,0.03,2,2,0,24647,18957717,30.6,-0.024684212559753775,-0.025,-0.11,0.09,3,2,0,24647,18957717,31.9,-0.02068421255975377,-0.021,0.0,-0.12,9,2,0,24485,18957716,29.9,-0.016684212559753775,-0.017,-0.02,0.04,4,2,0,24485,18957716,29.9,-0.8446842125597537,-0.841,-0.06,-0.19,1,2,0,24485,18957716,30.6,-0.022684212559753773,-0.023,-0.03,0.01,3,2,0,24485,18957716,29.9,-0.8286842125597538,-0.83,-0.09,-0.11,3,2,0,24485,18957716,29.9
548,18933195232110,18933204692040,sine_0.7hz,5.460075249997317,19.983326,0.07524987813667394,9.45993,1.5592620002280455,2.6532579977356363,0.17261505126953125,24648,24486,-0.0179852106302754,-0.021,-0.06,0.1,14,2,0,24648,18957737,30.6,-0.0189852106302754,-0.019,0.07,-0.12,13,2,0,24648,18957737,30.6,-0.8229852106302754,-0.824,-0.08,0.02,11,2,0,24648,18957737,31.9,-0.8329852106302753,-0.833,0.13,-0.12,7,2,0,24648,18957737,30.6,-0.0239852106302754,-0.025,0.03,-0.16,8,2,0,24648,18957737,31.9,-0.019985210630275398,-0.021,-0.1,-0.12,14,2,0,24486,18957736,29.9,-0.0159852106302754,-0.017,0.09,0.06,9,2,0,24486,18957736,29.9,-0.8439852106302753,-0.84,0.06,-0.4,6,2,0,24486,18957736,30.6,-0.0219852106302754,-0.023,0.01,-0.11,8,2,0,24486,18957736,29.9,-0.8279852106302754,-0.83,-0.16,-0.25,8,2,0,24486,18957736,29.9
549,18933215233901,18933224753545,sine_0.7hz,5.4800765279978805,20.061505,0.07652787826373242,9.519644,1.523899998574052,2.6141529997403268,0.1761913299560547,24649,24487,-0.01714706907189894,-0.021,0.05,-0.04,4,2,0,24649,18957757,30.6,-0.01814706907189894,-0.019,-0.18,-0.1,3,2,0,24649,18957757,30.6,-0.8221470690718989,-0.824,-0.15,-0.06,1,2,0,24649,18957757,31.9,-0.8321470690718988,-0.833,-0.04,-0.09,12,2,0,24649,18957757,30.6,-0.023147069071898937,-0.025,0.12,0.07,13,2,0,24649,18957757,31.9,-0.01914706907189894,-0.02,0.04,-0.18,4,2,0,24487,18957756,29.9,-0.015147069071898939,-0.017,-0.04,0.02,14,2,0,24487,18957756,29.9,-0.8431470690718988,-0.84,0.03,-0.31,11,2,0,24487,18957756,30.6,-0.02114706907189894,-0.023,0.05,-0.14,13,2,0,24487,18957756,29.9,-0.8271470690718989,-0.83,0.0,0.02,13,2,0,24487,18957756,29.9
550,18933235230891,18933244977585,sine_0.7hz,5.500076494998211,20.22404,0.07649487815797329,9.746694,2.2153520003485028,3.3051560021704063,0.1742839813232422,24650,24488,-0.016176383852151123,-0.02,0.03,0.21,9,2,0,24650,18957777,30.6,-0.017176383852151124,-0.019,-0.01,-0.01,8,2,0,24650,18957777,30.6,-0.8211763838521512,-0.823,0.01,0.01,6,2,0,24650,18957777,31.9,-0.8311763838521511,-0.832,0.15,-0.06,2,2,0,24650,18957777,30.6,-0.02217638385215112,-0.024,0.16,0.03,3,2,0,24650,18957777,31.9,-0.018176383852151125,-0.02,0.02,0.0,9,2,0,24488,18957776,29.9,-0.014176383852151123,-0.017,0.04,-0.05,4,2,0,24488,18957776,29.9,-0.8421763838521511,-0.84,-0.13,-0.25,1,2,0,24488,18957776,30.6,-0.020176383852151123,-0.023,-0.09,0.04,3,2,0,24488,18957776,29.9,-0.8261763838521512,-0.83,0.18,0.39,3,2,0,24488,18957776,29.9
551,18933255232234,18933265344286,sine_0.7hz,5.5200760459993035,20.366701,0.07604587881360203,10.112052,2.1081480008433573,3.203903997928137,0.17380714416503906,24651,24489,-0.015080634635511512,-0.02,0.09,0.28,14,2,0,24651,18957797,30.6,-0.01608063463551151,-0.018,0.04,0.02,13,2,0,24651,18957797,30.6,-0.8200806346355115,-0.823,0.1,0.05,11,2,0,24651,18957797,31.9,-0.8300806346355114,-0.832,0.13,-0.04,7,2,0,24651,18957797,30.6,-0.021080634635511512,-0.024,0.01,-0.04,8,2,0,24651,18957797,31.9,-0.017080634635511512,-0.02,-0.02,0.06,15,2,0,24489,18957797,29.9,-0.013080634635511512,-0.017,0.17,0.13,10,2,0,24489,18957797,29.9,-0.8410806346355114,-0.84,0.1,-0.13,7,2,0,24489,18957797,30.6,-0.01908063463551151,-0.022,0.15,-0.04,9,2,0,24489,18957797,29.9,-0.8250806346355115,-0.83,0.12,-0.09,9,2,0,24489,18957797,29.9
552,18933275231241,18933284716292,sine_0.7hz,5.540076620000036,19.372006,0.07661987910978496,9.485051,1.5175330008787569,2.6376740024716128,0.17786026000976562,24652,24490,-0.01386821055583078,-0.02,-0.02,-0.03,4,2,0,24652,18957817,30.6,-0.01486821055583078,-0.018,0.02,-0.14,3,2,0,24652,18957817,30.6,-0.8188682105558308,-0.823,-0.06,0.18,1,2,0,24652,18957817,31.9,-0.8288682105558307,-0.832,0.01,-0.1,12,2,0,24652,18957817,30.6,-0.01986821055583078,-0.024,0.11,0.1,13,2,0,24652,18957817,31.9,-0.015868210555830778,-0.02,0.22,0.07,5,2,0,24490,18957817,29.9,-0.01186821055583078,-0.017,-0.08,0.05,15,2,0,24490,18957817,29.9,-0.8398682105558307,-0.84,-0.02,-0.06,12,2,0,24490,18957817,30.6,-0.01786821055583078,-0.023,0.01,0.13,14,2,0,24490,18957817,29.9,-0.8238682105558308,-0.829,0.14,0.19,14,2,0,24490,18957817,29.9
553,18933295229255,18933304694337,sine_0.7hz,5.560075243000028,19.978045,0.0752428786654491,9.465082,1.9626070024969522,3.0524739995598793,0.17523765563964844,24653,24491,-0.012548674114486666,-0.019,0.15,-0.07,9,2,0,24653,18957837,30.6,-0.013548674114486667,-0.017,-0.1,-0.06,8,2,0,24653,18957837,30.6,-0.8175486741144867,-0.823,0.07,0.03,6,2,0,24653,18957837,31.9,-0.8275486741144866,-0.831,0.07,0.1,2,2,0,24653,18957837,30.6,-0.018548674114486664,-0.024,-0.09,0.27,3,2,0,24653,18957837,31.9,-0.014548674114486666,-0.019,0.03,0.11,9,2,0,24491,18957836,29.9,-0.010548674114486666,-0.017,0.0,0.18,4,2,0,24491,18957836,29.9,-0.8385486741144866,-0.84,0.05,-0.15,1,2,0,24491,18957836,30.6,-0.016548674114486666,-0.022,0.1,0.11,3,2,0,24491,18957836,29.9,-0.8225486741144867,-0.829,-0.02,0.23,3,2,0,24491,18957836,29.9
554,18933315230150,18933324182476,sine_0.7hz,5.5800762660001055,19.488139,0.07626587830600329,8.952326,1.5025239990791306,2.5507579994155094,0.20599365234375,24654,24492,-0.011131939478136208,-0.019,0.23,0.26,14,2,0,24654,18957857,30.6,-0.012131939478136209,-0.017,0.18,0.09,13,2,0,24654,18957857,30.6,-0.8161319394781362,-0.822,0.11,0.1,11,2,0,24654,18957857,31.9,-0.8261319394781361,-0.831,0.07,0.11,7,2,0,24654,18957857,30.6,-0.01713193947813621,-0.023,0.25,0.1,8,2,0,24654,18957857,31.9,-0.013131939478136208,-0.019,0.03,0.19,14,2,0,24492,18957856,29.9,-0.009131939478136208,-0.016,0.09,0.15,9,2,0,24492,18957856,29.9,-0.8371319394781361,-0.839,0.09,-0.02,6,2,0,24492,18957856,30.6,-0.015131939478136208,-0.022,0.07,0.17,8,2,0,24492,18957856,29.9,-0.8211319394781362,-0.829,0.08,0.29,8,2,0,24492,18957856,29.9
555,18933335232325,18933344254701,sine_0.7hz,5.600075719998131,20.072225,0.07571987589471973,9.022376,1.5491489975829609,2.5925840018317103,0.2193450927734375,24655,24493,-0.00962923615039376,-0.018,-0.08,0.19,4,2,0,24655,18957877,30.6,-0.01062923615039376,-0.015,0.04,0.02,3,2,0,24655,18957877,30.6,-0.8146292361503938,-0.82,0.03,0.04,1,2,0,24655,18957877,31.9,-0.8246292361503937,-0.831,-0.04,0.11,12,2,0,24655,18957877,30.6,-0.015629236150393758,-0.023,0.05,0.23,13,2,0,24655,18957877,31.9,-0.01162923615039376,-0.018,-0.05,0.11,4,2,0,24493,18957876,29.9,-0.007629236150393759,-0.016,0.0,0.15,14,2,0,24493,18957876,29.9,-0.8356292361503938,-0.839,-0.11,0.09,11,2,0,24493,18957876,30.6,-0.01362923615039376,-0.021,0.04,0.05,13,2,0,24493,18957876,29.9,-0.8196292361503938,-0.828,0.21,0.4,13,2,0,24493,18957876,29.9
556,18933355231236,18933364197546,sine_0.7hz,5.620076038998377,19.942845,0.07603887570439838,8.96631,1.5140120012802072,2.5630780000938103,0.21600723266601562,24656,24494,-0.008052006453829785,-0.018,-0.07,0.37,9,2,0,24656,18957897,30.6,-0.009052006453829784,-0.014,0.12,-0.07,8,2,0,24656,18957897,30.6,-0.8130520064538298,-0.819,-0.01,0.1,6,2,0,24656,18957897,31.9,-0.8230520064538297,-0.828,-0.07,0.18,2,2,0,24656,18957897,30.6,-0.014052006453829785,-0.021,0.06,0.25,3,2,0,24656,18957897,31.9,-0.010052006453829785,-0.017,0.14,0.23,9,2,0,24494,18957896,29.9,-0.006052006453829785,-0.013,0.21,0.18,3,2,0,24494,18957896,29.9,-0.8340520064538297,-0.837,0.16,-0.04,1,2,0,24494,18957896,30.6,-0.012052006453829785,-0.018,0.08,-0.02,2,2,0,24494,18957896,29.9,-0.8180520064538298,-0.826,0.12,0.06,3,2,0,24494,18957896,29.9
557,18933375232674,18933384212105,sine_0.7hz,5.640076965999469,20.014559,0.07696587636019103,8.979431,1.5120280004339293,2.567813997302437,0.21147727966308594,24657,24495,-0.006412459705015334,-0.017,0.19,0.34,14,2,0,24657,18957917,30.6,-0.007412459705015334,-0.014,0.16,0.05,13,2,0,24657,18957917,30.6,-0.8114124597050154,-0.819,0.11,0.12,11,2,0,24657,18957917,31.9,-0.8214124597050153,-0.828,0.08,0.0,7,2,0,24657,18957917,30.6,-0.012412459705015335,-0.02,-0.04,0.07,8,2,0,24657,18957917,31.9,-0.008412459705015335,-0.016,0.07,0.12,14,2,0,24495,18957916,29.9,-0.004412459705015334,-0.011,0.1,-0.07,8,2,0,24495,18957916,29.9,-0.8324124597050153,-0.836,-0.11,-0.16,6,2,0,24495,18957916,30.6,-0.010412459705015333,-0.017,0.09,0.15,7,2,0,24495,18957916,29.9,-0.8164124597050154,-0.824,0.1,0.07,8,2,0,24495,18957916,29.9
558,18933395234337,18933404402671,sine_0.7hz,5.660075493000477,20.190566,0.07549287693109363,9.168334,1.5471330007130746,2.6420260001032148,0.17595291137695312,24658,24496,-0.004723527354166883,-0.013,0.17,0.39,4,2,0,24658,18957937,30.6,-0.005723527354166883,-0.011,0.02,-0.09,3,2,0,24658,18957937,30.6,-0.809723527354167,-0.816,0.11,0.01,1,2,0,24658,18957937,31.9,-0.8197235273541669,-0.826,0.02,-0.06,11,2,0,24658,18957937,30.6,-0.010723527354166883,-0.019,0.1,0.11,13,2,0,24658,18957937,31.9,-0.006723527354166883,-0.012,0.09,0.22,4,2,0,24496,18957936,29.9,-0.002723527354166883,-0.009,0.09,-0.18,13,2,0,24496,18957936,29.9,-0.8307235273541669,-0.835,-0.03,0.08,11,2,0,24496,18957936,30.6,-0.008723527354166883,-0.016,0.12,0.21,12,2,0,24496,18957936,29.9,-0.814723527354167,-0.822,0.07,0.15,13,2,0,24496,18957936,29.9
559,18933415232960,18933424250504,sine_0.7hz,5.680076835000364,19.847833,0.07683487638132647,9.017544,1.521340000181226,2.570855001977179,0.21910667419433594,24659,24497,-0.0029978295514761283,-0.012,0.15,0.18,9,2,0,24659,18957957,30.6,-0.003997829551476128,-0.009,0.0,0.19,8,2,0,24659,18957957,30.6,-0.8079978295514761,-0.815,0.06,0.0,6,2,0,24659,18957957,31.9,-0.817997829551476,-0.823,0.04,-0.09,1,2,0,24659,18957957,30.6,-0.008997829551476128,-0.016,0.31,0.2,3,2,0,24659,18957957,31.9,-0.004997829551476128,-0.011,0.12,-0.02,9,2,0,24497,18957956,29.9,-0.0009978295514761282,-0.007,0.07,-0.13,3,2,0,24497,18957956,29.9,-0.828997829551476,-0.833,-0.04,0.0,1,2,0,24497,18957956,30.6,-0.006997829551476128,-0.015,0.19,0.11,2,2,0,24497,18957956,29.9,-0.8129978295514761,-0.82,0.1,-0.01,3,2,0,24497,18957956,29.9
560,18933435229918,18933444237382,sine_0.7hz,5.700075617998664,19.986878,0.0756178742449265,9.007464,1.5599990001646802,2.612552998471074,0.217437744140625,24660,24498,-0.0012491717403034003,-0.011,0.16,0.1,14,2,0,24660,18957977,30.6,-0.0022491717403034005,-0.009,0.08,0.1,13,2,0,24660,18957977,30.6,-0.8062491717403034,-0.813,0.16,0.0,11,2,0,24660,18957977,31.9,-0.8162491717403033,-0.822,0.05,-0.15,6,2,0,24660,18957977,30.6,-0.007249171740303401,-0.014,0.01,0.21,8,2,0,24660,18957977,31.9,-0.0032491717403034005,-0.009,0.0,-0.09,14,2,0,24498,18957976,29.9,0.0007508282596965998,-0.006,-0.02,0.1,8,2,0,24498,18957976,29.9,-0.8272491717403033,-0.832,0.08,0.29,6,2,0,24498,18957976,30.6,-0.005249171740303401,-0.014,0.0,0.14,7,2,0,24498,18957976,29.9,-0.8112491717403034,-0.819,0.05,0.29,8,2,0,24498,18957976,29.9
561,18933455228893,18933464818076,sine_0.7hz,5.720074081000348,20.580694,0.07408087549265474,9.589183,2.0942920018569566,3.184991001035087,0.17452239990234375,24661,24499,0.0005091163292316465,-0.008,0.06,0.31,4,2,0,24661,18957997,30.6,-0.0004908836707683535,-0.007,0.11,-0.07,3,2,0,24661,18957997,30.6,-0.8044908836707684,-0.811,0.07,-0.08,1,2,0,24661,18957997,31.9,-0.8144908836707683,-0.821,0.05,0.2,11,2,0,24661,18957997,30.6,-0.005490883670768353,-0.014,0.0,0.17,13,2,0,24661,18957997,31.9,-0.0014908836707683535,-0.007,0.09,-0.1,4,2,0,24499,18957996,29.9,0.0025091163292316468,-0.005,0.06,0.01,13,2,0,24499,18957996,29.9,-0.8254908836707683,-0.831,0.1,0.13,11,2,0,24499,18957996,30.6,-0.0034908836707683534,-0.012,0.16,-0.03,12,2,0,24499,18957996,29.9,-0.8094908836707684,-0.818,0.14,0.19,13,2,0,24499,18957996,29.9
562,18933475230620,18933485126247,sine_0.7hz,5.74007734299812,20.308171,0.07734287282801233,9.895627,1.927084998897044,3.0230640004447196,0.1723766326904297,24662,24500,0.002263887547096233,-0.006,0.2,0.32,9,2,0,24662,18958017,30.6,0.001263887547096233,-0.006,0.21,0.23,8,2,0,24662,18958017,30.6,-0.8027361124529038,-0.81,0.1,0.07,6,2,0,24662,18958017,31.9,-0.8127361124529037,-0.819,0.09,0.14,1,2,0,24662,18958017,30.6,-0.003736112452903767,-0.012,0.16,0.14,3,2,0,24662,18958017,31.9,0.0002638875470962329,-0.005,0.13,-0.07,9,2,0,24500,18958016,29.9,0.004263887547096233,-0.002,-0.02,0.18,3,2,0,24500,18958016,29.9,-0.8237361124529037,-0.831,0.08,0.25,1,2,0,24500,18958016,30.6,-0.0017361124529037672,-0.008,0.18,0.07,2,2,0,24500,18958016,29.9,-0.8077361124529038,-0.815,0.2,0.0,3,2,0,24500,18958016,29.9
563,18933495230746,18933504312101,sine_0.7hz,5.7600758699991275,19.185854,0.07586987339891493,9.081355,1.5004759989096783,2.546661999076605,0.21076202392578125,24663,24501,0.0040007388166436115,-0.004,0.18,0.16,15,2,0,24663,18958038,30.6,0.0030007388166436114,-0.005,-0.07,0.44,13,2,0,24663,18958038,30.6,-0.8009992611833564,-0.809,0.16,0.32,12,2,0,24663,18958038,31.9,-0.8109992611833563,-0.818,0.15,0.04,7,2,0,24663,18958038,30.6,-0.0019992611833563887,-0.011,0.03,0.12,9,2,0,24663,18958038,31.9,0.0020007388166436114,-0.004,0.11,0.11,15,2,0,24501,18958037,29.9,0.0060007388166436115,-0.001,-0.04,-0.06,9,2,0,24501,18958037,29.9,-0.8219992611833563,-0.83,0.1,0.18,7,2,0,24501,18958037,30.6,7.388166436113688e-07,-0.007,0.16,-0.03,8,2,0,24501,18958037,29.9,-0.8059992611833564,-0.813,0.19,0.1,9,2,0,24501,18958037,29.9
564,18933515231321,18933524820952,sine_0.7hz,5.780076413000643,20.508851,0.07641287447768264,9.589631,2.1182929995120503,3.209471997251967,0.17333030700683594,24664,24502,0.005706827764402701,-0.001,0.11,0.26,4,2,0,24664,18958057,30.6,0.004706827764402701,-0.003,0.02,0.12,2,2,0,24664,18958057,30.6,-0.7992931722355974,-0.806,0.04,-0.12,1,2,0,24664,18958057,31.9,-0.8092931722355973,-0.816,0.12,-0.03,11,2,0,24664,18958057,30.6,-0.000293172235597299,-0.01,0.06,-0.02,13,2,0,24664,18958057,31.9,0.003706827764402701,-0.002,-0.13,-0.01,4,2,0,24502,18958056,29.9,0.007706827764402701,0.001,0.16,0.15,13,2,0,24502,18958056,29.9,-0.8202931722355973,-0.829,-0.03,0.28,11,2,0,24502,18958056,30.6,0.001706827764402701,-0.007,0.0,0.2,12,2,0,24502,18958056,29.9,-0.8042931722355974,-0.811,0.06,-0.02,13,2,0,24502,18958056,29.9
565,18933535237720,18933544888729,sine_0.7hz,5.8000800919980975,20.067777,0.08009187149582431,9.651009,2.1653349976986647,3.25475400313735,0.17452239990234375,24665,24503,0.007369041113951147,0.0,0.02,0.16,9,2,0,24665,18958077,30.6,0.006369041113951147,-0.001,0.13,-0.18,7,2,0,24665,18958077,30.6,-0.7976309588860488,-0.805,0.02,0.21,6,2,0,24665,18958077,31.9,-0.8076309588860489,-0.814,0.14,-0.01,1,2,0,24665,18958077,30.6,0.0013690411139511468,-0.006,0.09,0.14,2,2,0,24665,18958077,31.9,0.005369041113951147,-0.001,0.19,0.19,9,2,0,24503,18958076,29.9,0.009369041113951147,0.003,0.08,0.17,3,2,0,24503,18958076,29.9,-0.8186309588860488,-0.826,0.15,0.18,1,2,0,24503,18958076,30.6,0.003369041113951147,-0.004,0.06,0.15,2,2,0,24503,18958076,29.9,-0.802630958886049,-0.808,0.1,0.05,3,2,0,24503,18958076,29.9
566,18933555233207,18933565292616,sine_0.7hz,5.820077625998238,20.403887,0.077625871199416,10.059409,2.103091999742901,3.2132480009749997,0.17189979553222656,24666,24504,0.008973767251673278,0.001,0.04,0.12,14,2,0,24666,18958097,30.6,0.007973767251673279,0.0,-0.08,0.18,12,2,0,24666,18958097,30.6,-0.7960262327483267,-0.803,0.0,-0.05,11,2,0,24666,18958097,31.9,-0.8060262327483266,-0.813,0.1,0.24,6,2,0,24666,18958097,30.6,0.002973767251673278,-0.004,0.02,0.33,7,2,0,24666,18958097,31.9,0.006973767251673278,0.0,-0.07,-0.01,14,2,0,24504,18958096,29.9,0.010973767251673278,0.004,-0.08,0.08,8,2,0,24504,18958096,29.9,-0.8170262327483266,-0.825,0.08,0.06,6,2,0,24504,18958096,30.6,0.004973767251673278,-0.003,-0.04,0.19,7,2,0,24504,18958096,29.9,-0.8010262327483267,-0.807,0.09,0.23,8,2,0,24504,18958096,29.9
567,18933575231701,18933584627052,sine_0.7hz,5.840076697000768,19.334436,0.07669687329325825,9.395351,1.4820750002400018,2.576197999587748,0.17380714416503906,24667,24505,0.01050923333837357,0.005,0.05,0.17,4,2,0,24667,18958117,30.6,0.009509233338373571,0.002,0.05,0.26,2,2,0,24667,18958117,30.6,-0.7944907666616264,-0.801,0.24,0.1,1,2,0,24667,18958117,31.9,-0.8044907666616263,-0.812,0.1,0.37,11,2,0,24667,18958117,30.6,0.00450923333837357,-0.004,0.04,0.29,12,2,0,24667,18958117,31.9,0.00850923333837357,0.002,-0.01,0.2,5,2,0,24505,18958117,29.9,0.01250923333837357,0.005,-0.02,0.07,14,2,0,24505,18958117,29.9,-0.8154907666616263,-0.824,0.03,0.12,12,2,0,24505,18958117,30.6,0.00650923333837357,-0.002,0.13,0.23,13,2,0,24505,18958117,29.9,-0.7994907666616264,-0.807,0.03,-0.04,14,2,0,24505,18958117,29.9
568,18933595233972,18933604987578,sine_0.7hz,5.860076951998053,20.360526,0.07695187014178373,9.753606,1.8017359980149195,2.8973959997529164,0.17523765563964844,24668,24506,0.011963524824178213,0.007,-0.1,-0.27,9,2,0,24668,18958137,30.6,0.010963524824178214,0.003,0.07,0.26,7,2,0,24668,18958137,30.6,-0.7930364751758219,-0.8,-0.05,0.15,6,2,0,24668,18958137,31.9,-0.8030364751758218,-0.81,0.08,0.08,1,2,0,24668,18958137,30.6,0.005963524824178213,-0.001,0.04,-0.01,2,2,0,24668,18958137,31.9,0.009963524824178213,0.002,0.12,0.16,9,2,0,24506,18958136,29.9,0.013963524824178213,0.007,0.1,0.29,3,2,0,24506,18958136,29.9,-0.8140364751758218,-0.822,-0.02,0.3,1,2,0,24506,18958136,30.6,0.007963524824178213,0.001,0.04,0.18,2,2,0,24506,18958136,29.9,-0.7980364751758219,-0.804,-0.02,0.05,2,2,0,24506,18958136,29.9
569,18933615232883,18933624882388,sine_0.7hz,5.880078261998278,19.89481,0.07826186993042938,9.649505,1.6779229990788735,2.784783999231877,0.17523765563964844,24669,24507,0.013325371830854168,0.009,0.08,0.04,14,2,0,24669,18958157,30.6,0.012325371830854168,0.004,-0.09,0.17,12,2,0,24669,18958157,30.6,-0.7916746281691459,-0.8,-0.07,0.21,11,2,0,24669,18958157,31.9,-0.8016746281691458,-0.81,0.0,0.19,6,2,0,24669,18958157,30.6,0.007325371830854167,0.0,0.04,0.24,7,2,0,24669,18958157,31.9,0.011325371830854167,0.004,0.21,0.08,15,2,0,24507,18958157,29.9,0.015325371830854168,0.008,0.0,0.26,9,2,0,24507,18958157,29.9,-0.8126746281691458,-0.821,0.1,0.46,7,2,0,24507,18958157,30.6,0.009325371830854167,0.002,0.1,0.13,8,2,0,24507,18958157,29.9,-0.7966746281691459,-0.802,0.19,0.23,8,2,0,24507,18958157,29.9
570,18933635233457,18933644276027,sine_0.7hz,5.900077268997848,19.393639,0.07726886906311847,9.04257,1.5532780016656034,2.6056080023408867,0.21219253540039062,24670,24508,0.01458402452931075,0.01,0.0,0.4,4,2,0,24670,18958177,30.6,0.013584024529310752,0.006,0.16,0.12,2,2,0,24670,18958177,30.6,-0.7904159754706893,-0.797,0.09,0.0,1,2,0,24670,18958177,31.9,-0.8004159754706892,-0.808,0.07,0.27,11,2,0,24670,18958177,30.6,0.00858402452931075,0.001,0.07,0.16,12,2,0,24670,18958177,31.9,0.01258402452931075,0.006,-0.1,0.11,4,2,0,24508,18958176,29.9,0.01658402452931075,0.009,-0.02,0.3,13,2,0,24508,18958176,29.9,-0.8114159754706892,-0.821,-0.02,0.32,11,2,0,24508,18958176,30.6,0.01058402452931075,0.004,0.09,0.11,12,2,0,24508,18958176,29.9,-0.7954159754706893,-0.801,-0.01,0.0,12,2,0,24508,18958176,29.9
571,18933655231440,18933664224599,sine_0.7hz,5.9200763720000396,19.948572,0.0763718708185479,8.993159,1.515932999609504,2.5598140018701088,0.2155303955078125,24671,24509,0.015729918556137843,0.011,0.17,-0.11,9,2,0,24671,18958197,30.6,0.014729918556137842,0.008,0.07,0.01,7,2,0,24671,18958197,30.6,-0.7892700814438622,-0.795,0.2,0.19,6,2,0,24671,18958197,31.9,-0.7992700814438621,-0.806,0.08,0.09,1,2,0,24671,18958197,30.6,0.009729918556137843,0.005,0.09,0.09,2,2,0,24671,18958197,31.9,0.013729918556137843,0.007,0.14,0.26,9,2,0,24509,18958196,29.9,0.01772991855613784,0.011,0.03,0.23,3,2,0,24509,18958196,29.9,-0.8102700814438621,-0.819,0.11,0.39,1,2,0,24509,18958196,30.6,0.011729918556137843,0.005,-0.01,0.21,2,2,0,24509,18958196,29.9,-0.7942700814438622,-0.8,-0.02,0.03,2,2,0,24509,18958196,29.9
572,18933675231247,18933684676968,sine_0.7hz,5.940074194000772,20.452369,0.07419387111440301,9.445721,1.5058839999255724,2.6083279990416486,0.17523765563964844,24672,24510,0.01675412592167686,0.012,0.11,-0.12,13,2,0,24672,18958217,30.6,0.01575412592167686,0.01,0.24,0.07,12,2,0,24672,18958217,30.6,-0.7882458740783231,-0.794,0.24,0.14,11,2,0,24672,18958217,31.9,-0.798245874078323,-0.805,0.1,0.19,6,2,0,24672,18958217,30.6,0.010754125921676861,0.006,0.06,-0.11,7,2,0,24672,18958217,31.9,0.014754125921676861,0.007,0.0,0.33,14,2,0,24510,18958216,29.9,0.018754125921676863,0.012,0.11,0.34,8,2,0,24510,18958216,29.9,-0.809245874078323,-0.819,0.14,0.39,6,2,0,24510,18958216,30.6,0.012754125921676861,0.006,0.11,0.17,7,2,0,24510,18958216,29.9,-0.7932458740783231,-0.799,0.02,0.25,7,2,0,24510,18958216,29.9
573,18933695232301,18933704935665,sine_0.7hz,5.960077009000088,20.258697,0.07700886999373324,9.703364,2.145108999684453,3.2289609989675228,0.1723766326904297,24673,24511,0.0176490120957186,0.014,-0.07,-0.05,3,2,0,24673,18958237,30.6,0.016649012095718597,0.012,0.04,0.01,2,2,0,24673,18958237,30.6,-0.7873509879042815,-0.793,-0.05,0.21,1,2,0,24673,18958237,31.9,-0.7973509879042814,-0.804,0.08,0.23,11,2,0,24673,18958237,30.6,0.011649012095718598,0.006,0.06,0.26,12,2,0,24673,18958237,31.9,0.015649012095718597,0.009,0.16,0.23,4,2,0,24511,18958236,29.9,0.0196490120957186,0.013,0.05,0.3,13,2,0,24511,18958236,29.9,-0.8083509879042814,-0.817,0.19,0.47,11,2,0,24511,18958236,30.6,0.013649012095718598,0.008,0.2,0.22,12,2,0,24511,18958236,29.9,-0.7923509879042815,-0.798,0.09,0.02,12,2,0,24511,18958236,29.9
574,18933715231468,18933724792810,sine_0.7hz,5.9800776800002495,19.857145,0.07767986971884966,9.561342,2.109108001604909,3.1940469998517074,0.17189979553222656,24674,24512,0.018407310164473636,0.015,0.11,0.15,8,2,0,24674,18958257,30.6,0.017407310164473635,0.012,0.19,0.3,7,2,0,24674,18958257,30.6,-0.7865926898355264,-0.792,0.08,0.2,6,2,0,24674,18958257,31.9,-0.7965926898355263,-0.803,0.14,0.31,1,2,0,24674,18958257,30.6,0.012407310164473636,0.007,-0.08,0.23,2,2,0,24674,18958257,31.9,0.016407310164473637,0.009,0.06,0.37,9,2,0,24512,18958256,29.9,0.020407310164473634,0.015,0.15,0.03,3,2,0,24512,18958256,29.9,-0.8075926898355263,-0.815,0.17,0.27,1,2,0,24512,18958256,30.6,0.014407310164473636,0.01,-0.04,0.14,2,2,0,24512,18958256,29.9,-0.7915926898355264,-0.797,-0.01,0.31,2,2,0,24512,18958256,29.9
575,18933735231403,18933744264020,sine_0.7hz,6.000075982999988,19.47121,0.0759828690206632,9.032617,1.5566379988740664,2.5989510031649843,0.22101402282714844,24675,24513,0.019023194675733678,0.016,0.05,-0.05,13,2,0,24675,18958277,30.6,0.018023194675733677,0.012,-0.1,-0.03,12,2,0,24675,18958277,30.6,-0.7859768053242664,-0.792,-0.03,0.12,11,2,0,24675,18958277,31.9,-0.7959768053242663,-0.802,0.01,0.14,6,2,0,24675,18958277,30.6,0.013023194675733677,0.008,0.0,0.14,7,2,0,24675,18958277,31.9,0.017023194675733676,0.01,-0.07,0.36,13,2,0,24513,18958276,29.9,0.02102319467573368,0.016,0.18,0.08,8,2,0,24513,18958276,29.9,-0.8069768053242663,-0.813,0.14,0.26,6,2,0,24513,18958276,30.6,0.015023194675733677,0.011,-0.01,0.09,7,2,0,24513,18958276,29.9,-0.7909768053242664,-0.797,0.18,0.16,7,2,0,24513,18958276,29.9
576,18933755231530,18933764175343,sine_0.7hz,6.020076972999959,19.911323,0.07697286855545826,8.943813,1.5021080034784973,2.5527739999233745,0.21338462829589844,24676,24514,0.019492054853378026,0.017,0.01,0.18,3,2,0,24676,18958297,30.6,0.018492054853378025,0.014,0.03,0.08,2,2,0,24676,18958297,30.6,-0.785507945146622,-0.79,0.07,0.19,1,2,0,24676,18958297,31.9,-0.7955079451466219,-0.801,0.07,0.47,11,2,0,24676,18958297,30.6,0.013492054853378026,0.008,-0.08,0.21,12,2,0,24676,18958297,31.9,0.017492054853378028,0.011,0.11,0.31,3,2,0,24514,18958296,29.9,0.021492054853378025,0.017,-0.1,0.08,13,2,0,24514,18958296,29.9,-0.8065079451466219,-0.812,0.03,0.17,11,2,0,24514,18958296,30.6,0.015492054853378026,0.011,0.04,0.16,12,2,0,24514,18958296,29.9,-0.790507945146622,-0.795,0.17,0.19,12,2,0,24514,18958296,29.9
577,18933775231336,18933784677506,sine_0.7hz,6.04007601199919,20.502163,0.07601186734973453,9.44617,1.5017559999250807,2.5904399990395177,0.17642974853515625,24677,24515,0.019810148723021802,0.017,-0.1,0.04,8,2,0,24677,18958317,30.6,0.0188101487230218,0.014,-0.04,0.09,7,2,0,24677,18958317,30.6,-0.7851898512769783,-0.789,0.12,0.08,6,2,0,24677,18958317,31.9,-0.7951898512769782,-0.8,0.12,0.02,1,2,0,24677,18958317,30.6,0.013810148723021802,0.009,-0.04,0.4,2,2,0,24677,18958317,31.9,0.0178101487230218,0.012,-0.04,0.22,8,2,0,24515,18958316,29.9,0.021810148723021804,0.017,-0.07,0.22,3,2,0,24515,18958316,29.9,-0.8061898512769782,-0.812,-0.03,0.37,1,2,0,24515,18958316,30.6,0.0158101487230218,0.012,0.16,0.0,2,2,0,24515,18958316,29.9,-0.7901898512769783,-0.794,-0.03,0.19,2,2,0,24515,18958316,29.9
578,18933795233415,18933804266128,sine_0.7hz,6.060074891000113,19.588622,0.0748908678360749,9.032713,1.5272290002030786,2.571141998487292,0.22101402282714844,24678,24516,0.019975069045852105,0.017,-0.07,0.14,13,2,0,24678,18958337,30.6,0.018975069045852104,0.014,0.11,0.22,12,2,0,24678,18958337,30.6,-0.7850249309541479,-0.788,0.12,0.19,11,2,0,24678,18958337,31.9,-0.7950249309541478,-0.8,-0.11,0.16,6,2,0,24678,18958337,30.6,0.013975069045852105,0.01,0.07,0.11,7,2,0,24678,18958337,31.9,0.017975069045852103,0.014,0.1,0.31,13,2,0,24516,18958336,29.9,0.021975069045852107,0.018,0.02,-0.06,8,2,0,24516,18958336,29.9,-0.8060249309541478,-0.811,0.09,0.12,6,2,0,24516,18958336,30.6,0.015975069045852105,0.013,0.09,0.06,7,2,0,24516,18958336,29.9,-0.7900249309541479,-0.793,0.08,-0.07,7,2,0,24516,18958336,29.9
579,18933815231942,18933824624093,sine_0.7hz,6.080076040998392,20.357965,0.07604086567880586,9.392151,1.4716100013174582,2.558886000770144,0.1747608184814453,24679,24517,0.01998553622862162,0.018,-0.07,0.03,3,2,0,24679,18958357,30.6,0.01898553622862162,0.014,0.09,-0.09,2,2,0,24679,18958357,30.6,-0.7850144637713784,-0.786,0.03,0.04,1,2,0,24679,18958357,31.9,-0.7950144637713783,-0.799,-0.05,0.21,11,2,0,24679,18958357,30.6,0.01398553622862162,0.01,-0.02,0.17,12,2,0,24679,18958357,31.9,0.017985536228621618,0.015,-0.01,0.25,3,2,0,24517,18958356,29.9,0.02198553622862162,0.018,-0.04,0.26,13,2,0,24517,18958356,29.9,-0.8060144637713783,-0.811,-0.11,0.25,11,2,0,24517,18958356,30.6,0.01598553622862162,0.013,0.04,0.05,12,2,0,24517,18958356,29.9,-0.7900144637713784,-0.793,-0.05,0.02,12,2,0,24517,18958356,29.9
580,18933835233477,18933844359089,sine_0.7hz,6.100078311999823,19.734996,0.07831186667317525,9.125612,1.612479998584604,2.7219959993090015,0.23674964904785156,24680,24518,0.01984142946836027,0.018,-0.05,0.3,8,2,0,24680,18958377,30.6,0.01884142946836027,0.015,0.08,0.24,7,2,0,24680,18958377,30.6,-0.7851585705316397,-0.786,0.02,-0.01,6,2,0,24680,18958377,31.9,-0.7951585705316396,-0.799,0.02,0.34,1,2,0,24680,18958377,30.6,0.013841429468360271,0.011,0.09,0.2,2,2,0,24680,18958377,31.9,0.017841429468360273,0.015,-0.07,0.16,8,2,0,24518,18958376,29.9,0.02184142946836027,0.018,0.12,0.22,3,2,0,24518,18958376,29.9,-0.8061585705316396,-0.811,-0.03,0.16,1,2,0,24518,18958376,30.6,0.01584142946836027,0.014,0.08,0.12,2,2,0,24518,18958376,29.9,-0.7901585705316397,-0.793,-0.05,0.19,2,2,0,24518,18958376,29.9
581,18933855231043,18933865258196,sine_0.7hz,6.120076038998377,20.899107,0.07603886479046196,10.027153,2.5760710013855714,3.6177760011923965,0.17404556274414062,24681,24519,0.019543943317973746,0.018,0.02,0.15,13,2,0,24681,18958397,30.6,0.018543943317973745,0.016,-0.1,0.36,12,2,0,24681,18958397,30.6,-0.7854560566820263,-0.786,0.02,-0.2,11,2,0,24681,18958397,31.9,-0.7954560566820262,-0.798,-0.04,0.19,6,2,0,24681,18958397,30.6,0.013543943317973746,0.011,-0.06,0.01,7,2,0,24681,18958397,31.9,0.017543943317973744,0.015,0.01,0.2,13,2,0,24519,18958396,29.9,0.021543943317973747,0.019,0.21,0.41,8,2,0,24519,18958396,29.9,-0.8064560566820262,-0.811,-0.09,0.39,6,2,0,24519,18958396,30.6,0.015543943317973746,0.014,-0.09,-0.02,7,2,0,24519,18958396,29.9,-0.7904560566820263,-0.793,0.01,0.17,7,2,0,24519,18958396,29.9
582,18933875232994,18933884658362,sine_0.7hz,6.140078981999977,19.400166,0.07898186595411971,9.425368,1.5188449979177676,2.611208001326304,0.1735687255859375,24682,24520,0.019095226010795743,0.018,-0.01,0.04,3,2,0,24682,18958417,30.6,0.018095226010795742,0.015,0.05,0.22,2,2,0,24682,18958417,30.6,-0.7859047739892043,-0.786,-0.04,-0.03,1,2,0,24682,18958417,31.9,-0.7959047739892042,-0.798,-0.05,0.34,11,2,0,24682,18958417,30.6,0.013095226010795743,0.012,0.07,-0.02,12,2,0,24682,18958417,31.9,0.017095226010795744,0.015,0.02,0.17,4,2,0,24520,18958417,29.9,0.02109522601079574,0.018,-0.16,0.25,14,2,0,24520,18958417,29.9,-0.8069047739892042,-0.811,0.07,0.11,12,2,0,24520,18958417,30.6,0.015095226010795743,0.014,-0.02,0.21,13,2,0,24520,18958417,29.9,-0.7909047739892043,-0.793,0.03,0.08,13,2,0,24520,18958417,29.9
583,18933895233601,18933904281226,sine_0.7hz,6.1600784359980025,19.622864,0.07843586354283616,9.047625,1.5497259992116597,2.591528002085397,0.21910667419433594,24683,24521,0.018498922715466836,0.018,0.09,0.06,8,2,0,24683,18958437,30.6,0.017498922715466835,0.015,-0.06,0.08,7,2,0,24683,18958437,30.6,-0.7865010772845332,-0.786,0.0,-0.06,5,2,0,24683,18958437,31.9,-0.7965010772845331,-0.799,0.09,0.09,1,2,0,24683,18958437,30.6,0.012498922715466836,0.013,0.0,0.09,2,2,0,24683,18958437,31.9,0.016498922715466838,0.015,-0.1,0.13,8,2,0,24521,18958436,29.9,0.020498922715466834,0.019,0.03,0.19,3,2,0,24521,18958436,29.9,-0.8075010772845331,-0.811,0.01,0.38,1,2,0,24521,18958436,30.6,0.014498922715466836,0.014,-0.02,0.01,2,2,0,24521,18958436,29.9,-0.7915010772845332,-0.793,0.11,0.11,2,2,0,24521,18958436,29.9
584,18933915229695,18933924524210,sine_0.7hz,6.180075746997318,20.242984,0.07574686242151074,9.294515,1.7946000007214025,2.88379500125302,0.17499923706054688,24684,24522,0.01775966578520112,0.018,0.02,0.08,13,2,0,24684,18958457,30.6,0.01675966578520112,0.016,0.18,0.0,12,2,0,24684,18958457,30.6,-0.7872403342147989,-0.786,-0.04,-0.02,10,2,0,24684,18958457,31.9,-0.7972403342147988,-0.798,0.25,-0.06,6,2,0,24684,18958457,30.6,0.01175966578520112,0.013,0.03,-0.13,7,2,0,24684,18958457,31.9,0.01575966578520112,0.015,0.02,0.18,13,2,0,24522,18958456,29.9,0.019759665785201122,0.019,0.02,0.12,8,2,0,24522,18958456,29.9,-0.8082403342147988,-0.811,0.08,0.42,6,2,0,24522,18958456,30.6,0.01375966578520112,0.014,-0.1,-0.04,7,2,0,24522,18958456,29.9,-0.7922403342147989,-0.793,-0.08,0.1,7,2,0,24522,18958456,29.9
585,18933935241470,18933945064007,sine_0.7hz,6.200085794000188,20.539797,0.08579386485507712,9.822537,2.2387129974958953,3.327588998217834,0.17833709716796875,24685,24523,0.016882513511825518,0.018,-0.03,0.01,3,2,0,24685,18958477,30.6,0.015882513511825517,0.016,-0.04,0.12,2,2,0,24685,18958477,30.6,-0.7881174864881745,-0.786,-0.03,-0.16,0,2,0,24685,18958477,31.9,-0.7981174864881744,-0.799,-0.12,0.25,11,2,0,24685,18958477,30.6,0.010882513511825518,0.013,0.04,-0.05,12,2,0,24685,18958477,31.9,0.014882513511825518,0.015,0.1,0.11,3,2,0,24523,18958476,29.9,0.018882513511825516,0.018,-0.04,0.04,13,2,0,24523,18958476,29.9,-0.8091174864881744,-0.811,0.05,0.29,11,2,0,24523,18958476,30.6,0.012882513511825518,0.014,-0.09,0.08,12,2,0,24523,18958476,29.9,-0.7931174864881745,-0.793,-0.15,0.09,12,2,0,24523,18958476,29.9
586,18933955236445,18933964794011,sine_0.7hz,6.220081600997219,19.730004,0.08160086144926026,9.557566,2.085780000925297,3.170527001202572,0.1728534698486328,24686,24524,0.015875443227483275,0.018,-0.09,-0.02,8,2,0,24686,18958497,30.6,0.014875443227483274,0.015,-0.02,0.07,7,2,0,24686,18958497,30.6,-0.7891245567725168,-0.786,0.05,-0.1,5,2,0,24686,18958497,31.9,-0.7991245567725167,-0.8,-0.01,-0.09,1,2,0,24686,18958497,30.6,0.009875443227483275,0.013,-0.06,-0.07,2,2,0,24686,18958497,31.9,0.013875443227483275,0.015,0.0,0.02,9,2,0,24524,18958497,29.9,0.017875443227483273,0.018,-0.04,0.13,4,2,0,24524,18958497,29.9,-0.8101245567725167,-0.812,0.05,0.15,2,2,0,24524,18958497,30.6,0.011875443227483275,0.014,-0.12,0.06,3,2,0,24524,18958497,29.9,-0.7941245567725168,-0.793,0.06,0.16,3,2,0,24524,18958497,29.9
587,18933975241276,18933984353800,sine_0.7hz,6.240085662997444,19.559789,0.08566286123823375,9.112524,1.7068530032702256,2.7867030003108084,0.1742839813232422,24687,24525,0.014745172457753333,0.018,0.03,-0.01,13,2,0,24687,18958517,30.6,0.013745172457753332,0.015,-0.01,-0.05,12,2,0,24687,18958517,30.6,-0.7902548275422467,-0.787,-0.03,-0.06,10,2,0,24687,18958517,31.9,-0.8002548275422466,-0.799,0.09,0.15,6,2,0,24687,18958517,30.6,0.008745172457753332,0.012,0.02,-0.18,7,2,0,24687,18958517,31.9,0.012745172457753333,0.015,-0.04,0.01,13,2,0,24525,18958516,29.9,0.01674517245775333,0.018,0.01,0.1,8,2,0,24525,18958516,29.9,-0.8112548275422466,-0.812,0.01,0.12,6,2,0,24525,18958516,30.6,0.010745172457753333,0.014,0.09,0.15,7,2,0,24525,18958516,29.9,-0.7952548275422467,-0.793,-0.02,0.11,7,2,0,24525,18958516,29.9
588,18933995237114,18934004434122,sine_0.7hz,6.260080701998959,20.080322,0.0807018623163458,9.197008,1.7951439986063633,2.868691000912804,0.1747608184814453,24688,24526,0.013501419766116705,0.017,0.09,-0.1,3,2,0,24688,18958537,30.6,0.012501419766116705,0.014,-0.03,0.37,2,2,0,24688,18958537,30.6,-0.7914985802338833,-0.787,0.05,-0.22,0,2,0,24688,18958537,31.9,-0.8014985802338832,-0.8,-0.21,-0.03,11,2,0,24688,18958537,30.6,0.007501419766116705,0.012,-0.03,-0.16,12,2,0,24688,18958537,31.9,0.011501419766116705,0.014,0.01,0.05,3,2,0,24526,18958536,29.9,0.015501419766116705,0.017,-0.09,-0.12,13,2,0,24526,18958536,29.9,-0.8124985802338832,-0.812,-0.13,0.02,11,2,0,24526,18958536,30.6,0.009501419766116705,0.013,-0.06,-0.01,12,2,0,24526,18958536,29.9,-0.7964985802338833,-0.794,0.0,-0.19,12,2,0,24526,18958536,29.9
589,18934015237497,18934024188159,sine_0.7hz,6.280083196998021,19.754037,0.08319686094182543,8.950662,1.5345249994425103,2.573639001639094,0.20503997802734375,24689,24527,0.012152794408486023,0.017,-0.02,0.03,8,2,0,24689,18958557,30.6,0.011152794408486023,0.014,0.01,0.0,7,2,0,24689,18958557,30.6,-0.792847205591514,-0.787,-0.03,-0.3,5,2,0,24689,18958557,31.9,-0.8028472055915139,-0.8,0.1,0.01,1,2,0,24689,18958557,30.6,0.006152794408486022,0.011,-0.02,0.01,2,2,0,24689,18958557,31.9,0.010152794408486022,0.014,-0.08,-0.07,8,2,0,24527,18958556,29.9,0.014152794408486023,0.017,0.0,-0.04,3,2,0,24527,18958556,29.9,-0.8138472055915139,-0.812,0.04,0.14,0,2,0,24527,18958556,30.6,0.008152794408486022,0.013,0.02,-0.11,2,2,0,24527,18958556,29.9,-0.797847205591514,-0.794,-0.02,-0.09,2,2,0,24527,18958556,29.9
590,18934035236440,18934044892249,sine_0.7hz,6.300082490997738,20.70409,0.08249086022260599,9.655809,2.2425530005421024,3.3186609980475623,0.17261505126953125,24690,24528,0.010710408508507002,0.016,-0.06,-0.18,13,2,0,24690,18958577,30.6,0.009710408508507,0.013,-0.04,0.07,12,2,0,24690,18958577,30.6,-0.794289591491493,-0.788,0.05,-0.03,10,2,0,24690,18958577,31.9,-0.8042895914914929,-0.801,0.05,0.05,6,2,0,24690,18958577,30.6,0.004710408508507001,0.009,-0.19,0.11,7,2,0,24690,18958577,31.9,0.008710408508507001,0.014,-0.13,-0.25,13,2,0,24528,18958576,29.9,0.012710408508507002,0.017,-0.01,-0.1,8,2,0,24528,18958576,29.9,-0.8152895914914929,-0.812,-0.04,-0.12,5,2,0,24528,18958576,30.6,0.0067104085085070014,0.012,-0.03,-0.17,7,2,0,24528,18958576,29.9,-0.799289591491493,-0.794,-0.08,-0.05,7,2,0,24528,18958576,29.9
591,18934055239031,18934064706385,sine_0.7hz,6.320085145998746,19.814136,0.08514586079400033,9.467354,2.080210997519316,3.1562219992338214,0.1723766326904297,24691,24529,0.009184944574159649,0.015,-0.03,-0.22,3,2,0,24691,18958597,30.6,0.00818494457415965,0.012,0.1,-0.14,2,2,0,24691,18958597,30.6,-0.7958150554258404,-0.79,0.04,-0.05,0,2,0,24691,18958597,31.9,-0.8058150554258403,-0.801,-0.03,0.11,11,2,0,24691,18958597,30.6,0.003184944574159649,0.008,-0.1,-0.04,12,2,0,24691,18958597,31.9,0.007184944574159649,0.013,-0.04,-0.15,4,2,0,24529,18958597,29.9,0.011184944574159649,0.016,-0.18,-0.12,14,2,0,24529,18958597,29.9,-0.8168150554258403,-0.813,-0.11,0.05,11,2,0,24529,18958597,30.6,0.005184944574159649,0.012,0.11,-0.13,13,2,0,24529,18958597,29.9,-0.8008150554258404,-0.795,-0.09,-0.13,13,2,0,24529,18958597,29.9
592,18934075238069,18934084821364,sine_0.7hz,6.340083864997723,20.114979,0.083864859334426,9.583295,2.0905150013277307,3.1741429993417114,0.1697540283203125,24692,24530,0.007588756960099445,0.014,-0.16,-0.24,8,2,0,24692,18958617,30.6,0.006588756960099445,0.012,-0.2,-0.03,7,2,0,24692,18958617,30.6,-0.7974112430399006,-0.792,-0.16,-0.11,5,2,0,24692,18958617,31.9,-0.8074112430399005,-0.803,-0.16,-0.02,1,2,0,24692,18958617,30.6,0.0015887569600994446,0.007,0.0,-0.15,2,2,0,24692,18958617,31.9,0.005588756960099445,0.012,-0.02,-0.11,8,2,0,24530,18958616,29.9,0.009588756960099445,0.015,-0.08,-0.11,3,2,0,24530,18958616,29.9,-0.8184112430399005,-0.814,0.01,-0.13,0,2,0,24530,18958616,30.6,0.0035887569600994446,0.01,-0.13,-0.23,2,2,0,24530,18958616,29.9,-0.8024112430399006,-0.797,0.06,-0.09,2,2,0,24530,18958616,29.9
593,18934095239764,18934104979097,sine_0.7hz,6.360085079999408,20.157733,0.08507986058248207,9.739333,2.2579460019187536,3.350502000103006,0.1728534698486328,24693,24531,0.00593368498313335,0.014,-0.14,-0.22,13,2,0,24693,18958637,30.6,0.00493368498313335,0.011,0.03,-0.01,12,2,0,24693,18958637,30.6,-0.7990663150168666,-0.794,-0.04,-0.08,10,2,0,24693,18958637,31.9,-0.8090663150168665,-0.804,0.02,-0.22,6,2,0,24693,18958637,30.6,-6.631501686665039e-05,0.006,-0.09,0.01,7,2,0,24693,18958637,31.9,0.00393368498313335,0.011,-0.03,-0.11,13,2,0,24531,18958636,29.9,0.007933684983133349,0.015,-0.06,-0.14,8,2,0,24531,18958636,29.9,-0.8200663150168666,-0.815,-0.16,-0.01,5,2,0,24531,18958636,30.6,0.0019336849831333497,0.01,0.07,-0.11,7,2,0,24531,18958636,29.9,-0.8040663150168667,-0.799,-0.13,-0.06,7,2,0,24531,18958636,29.9
594,18934115240979,18934124938806,sine_0.7hz,6.38008677399921,19.959709,0.08677385994815268,9.697827,2.1155089998501353,3.202879997843411,0.17070770263671875,24694,24532,0.00423268236349385,0.012,0.1,-0.31,3,2,0,24694,18958657,30.6,0.00323268236349385,0.01,0.13,-0.22,2,2,0,24694,18958657,30.6,-0.8007673176365062,-0.796,0.0,-0.07,0,2,0,24694,18958657,31.9,-0.8107673176365061,-0.805,-0.04,-0.09,11,2,0,24694,18958657,30.6,-0.0017673176365061499,0.006,-0.01,0.17,12,2,0,24694,18958657,31.9,0.00223268236349385,0.007,-0.16,0.01,4,2,0,24532,18958657,29.9,0.00623268236349385,0.014,-0.26,-0.18,14,2,0,24532,18958657,29.9,-0.8217673176365061,-0.816,-0.1,0.11,11,2,0,24532,18958657,30.6,0.00023268236349385015,0.009,-0.19,-0.37,13,2,0,24532,18958657,29.9,-0.8057673176365062,-0.8,-0.15,-0.19,13,2,0,24532,18958657,29.9
595,18934135234833,18934144495939,sine_0.7hz,6.400078228998609,19.557133,0.07822885891073383,9.261106,1.6837790026329458,2.7790230014943518,0.17523765563964844,24695,24533,0.00249983740267512,0.01,-0.15,-0.35,8,2,0,24695,18958677,30.6,0.0014998374026751198,0.009,-0.09,-0.26,7,2,0,24695,18958677,30.6,-0.8025001625973249,-0.797,-0.01,-0.08,5,2,0,24695,18958677,31.9,-0.8125001625973248,-0.807,0.0,-0.05,1,2,0,24695,18958677,30.6,-0.0035001625973248803,0.004,-0.11,-0.48,2,2,0,24695,18958677,31.9,0.0004998374026751197,0.006,-0.12,-0.13,8,2,0,24533,18958676,29.9,0.00449983740267512,0.011,-0.02,0.0,3,2,0,24533,18958676,29.9,-0.8235001625973248,-0.82,-0.14,0.2,0,2,0,24533,18958676,30.6,-0.0015001625973248803,0.006,-0.16,-0.13,2,2,0,24533,18958676,29.9,-0.8075001625973249,-0.801,0.08,-0.34,2,2,0,24533,18958676,29.9
596,18934155239600,18934164802862,sine_0.7hz,6.420079251998686,20.306923,0.07925185855128802,9.563262,2.0721149994642474,3.1562219992338214,0.17333030700683594,24696,24534,0.0007468371911832975,0.009,-0.08,-0.24,13,2,0,24696,18958697,30.6,-0.00025316280881670255,0.008,-0.01,-0.26,12,2,0,24696,18958697,30.6,-0.8042531628088168,-0.797,0.0,-0.08,10,2,0,24696,18958697,31.9,-0.8142531628088167,-0.808,-0.1,0.01,6,2,0,24696,18958697,30.6,-0.0052531628088167024,0.003,0.06,-0.34,7,2,0,24696,18958697,31.9,-0.0012531628088167026,0.006,0.06,-0.07,13,2,0,24534,18958696,29.9,0.0027468371911832977,0.009,-0.19,0.01,8,2,0,24534,18958696,29.9,-0.8252531628088167,-0.822,0.03,-0.17,5,2,0,24534,18958696,30.6,-0.0032531628088167024,0.004,-0.04,-0.15,7,2,0,24534,18958696,29.9,-0.8092531628088168,-0.802,-0.1,-0.35,7,2,0,24534,18958696,29.9
597,18934175234639,18934185306913,sine_0.7hz,6.44007941000018,20.504051,0.07940985960885882,10.072274,2.1308369978214614,3.220225000404753,0.17571449279785156,24697,24535,-0.0010118627479151552,0.007,0.07,-0.32,3,2,0,24697,18958717,30.6,-0.0020118627479151553,0.004,-0.26,0.01,2,2,0,24697,18958717,30.6,-0.8060118627479153,-0.801,-0.01,-0.06,0,2,0,24697,18958717,31.9,-0.8160118627479152,-0.81,0.06,0.05,11,2,0,24697,18958717,30.6,-0.007011862747915156,0.002,-0.13,-0.17,12,2,0,24697,18958717,31.9,-0.0030118627479151553,0.004,-0.08,-0.14,3,2,0,24535,18958716,29.9,0.0009881372520848448,0.008,0.09,-0.24,13,2,0,24535,18958716,29.9,-0.8270118627479152,-0.822,-0.18,0.09,10,2,0,24535,18958716,30.6,-0.005011862747915156,0.003,-0.05,-0.06,12,2,0,24535,18958716,29.9,-0.8110118627479153,-0.803,-0.02,-0.39,12,2,0,24535,18958716,29.9
598,18934195234861,18934205408484,sine_0.7hz,6.460076945000765,20.101571,0.07694485975662246,10.173623,2.2555780014954507,3.3021800009009894,0.17333030700683594,24698,24536,-0.0027625095303026427,0.006,-0.06,-0.26,8,2,0,24698,18958737,30.6,-0.0037625095303026428,0.002,-0.07,-0.06,7,2,0,24698,18958737,30.6,-0.8077625095303027,-0.802,-0.06,-0.13,5,2,0,24698,18958737,31.9,-0.8177625095303026,-0.813,-0.25,-0.17,1,2,0,24698,18958737,30.6,-0.008762509530302644,-0.002,-0.2,-0.25,2,2,0,24698,18958737,31.9,-0.004762509530302643,0.003,-0.15,-0.18,9,2,0,24536,18958737,29.9,-0.0007625095303026427,0.006,-0.13,-0.37,4,2,0,24536,18958737,29.9,-0.8287625095303026,-0.823,0.12,-0.15,1,2,0,24536,18958737,30.6,-0.006762509530302643,-0.001,-0.09,-0.28,3,2,0,24536,18958737,29.9,-0.8127625095303027,-0.806,-0.1,-0.3,3,2,0,24536,18958737,29.9
599,18934215231756,18934224633059,sine_0.7hz,6.480076847998134,19.224575,0.07684785668971017,9.401303,1.520573001471348,2.6230160001432523,0.17547607421875,24699,24537,-0.0044920026697638305,0.005,-0.27,-0.5,13,2,0,24699,18958757,30.6,-0.0054920026697638305,0.001,0.0,-0.09,12,2,0,24699,18958757,30.6,-0.8094920026697638,-0.803,0.0,-0.35,10,2,0,24699,18958757,31.9,-0.8194920026697637,-0.814,-0.1,-0.01,6,2,0,24699,18958757,30.6,-0.010492002669763831,-0.004,-0.16,-0.29,7,2,0,24699,18958757,31.9,-0.0064920026697638305,0.002,-0.07,0.18,14,2,0,24537,18958757,29.9,-0.0024920026697638304,0.005,-0.23,-0.13,9,2,0,24537,18958757,29.9,-0.8304920026697638,-0.824,0.0,-0.09,6,2,0,24537,18958757,30.6,-0.00849200266976383,-0.001,0.1,-0.19,8,2,0,24537,18958757,29.9,-0.8144920026697638,-0.807,-0.08,-0.06,8,2,0,24537,18958757,29.9
600,18934235229835,18934244657667,sine_0.7hz,6.5000755340006435,20.024608,0.07553385876235552,9.427832,1.9357899982423987,3.0359609991137404,0.1742839813232422,24700,24538,-0.006186658667994976,0.003,-0.24,-0.43,3,2,0,24700,18958777,30.6,-0.007186658667994976,-0.001,-0.09,-0.42,2,2,0,24700,18958777,30.6,-0.811186658667995,-0.805,-0.2,-0.19,0,2,0,24700,18958777,31.9,-0.8211866586679949,-0.815,-0.05,-0.16,11,2,0,24700,18958777,30.6,-0.012186658667994975,-0.005,-0.2,-0.01,12,2,0,24700,18958777,31.9,-0.008186658667994975,-0.002,-0.09,-0.06,3,2,0,24538,18958776,29.9,-0.0041866586679949755,0.003,-0.1,-0.29,13,2,0,24538,18958776,29.9,-0.8321866586679949,-0.826,-0.3,-0.16,10,2,0,24538,18958776,30.6,-0.010186658667994977,-0.002,-0.18,-0.11,12,2,0,24538,18958776,29.9,-0.816186658667995,-0.808,-0.22,0.02,12,2,0,24538,18958776,29.9
601,18934255231433,18934264563582,sine_0.7hz,6.520077452998521,19.905915,0.07745285620330833,9.332149,1.881163003417896,2.974423001433024,0.17309188842773438,24701,24539,-0.00783374253391622,0.001,0.0,-0.12,8,2,0,24701,18958797,30.6,-0.008833742533916219,-0.001,-0.1,-0.12,7,2,0,24701,18958797,30.6,-0.8128337425339163,-0.807,-0.12,0.15,5,2,0,24701,18958797,31.9,-0.8228337425339162,-0.816,-0.07,-0.13,1,2,0,24701,18958797,30.6,-0.01383374253391622,-0.007,-0.07,-0.15,2,2,0,24701,18958797,31.9,-0.00983374253391622,-0.002,-0.04,-0.4,8,2,0,24539,18958796,29.9,-0.00583374253391622,0.001,-0.01,-0.09,3,2,0,24539,18958796,29.9,-0.8338337425339162,-0.828,-0.05,-0.22,0,2,0,24539,18958796,30.6,-0.01183374253391622,-0.006,0.02,-0.15,2,2,0,24539,18958796,29.9,-0.8178337425339163,-0.811,0.03,-0.09,2,2,0,24539,18958796,29.9
602,18934275232744,18934284156204,sine_0.7hz,6.540076427998429,19.592622,0.07642785567441024,8.92346,1.4969559997553006,2.5376690027769655,0.21076202392578125,24702,24540,-0.0094200097180699,-0.002,-0.19,-0.16,13,2,0,24702,18958817,30.6,-0.0104200097180699,-0.002,-0.19,-0.38,12,2,0,24702,18958817,30.6,-0.8144200097180699,-0.808,-0.04,-0.31,10,2,0,24702,18958817,31.9,-0.8244200097180698,-0.817,-0.1,-0.04,6,2,0,24702,18958817,30.6,-0.0154200097180699,-0.007,-0.09,-0.29,7,2,0,24702,18958817,31.9,-0.0114200097180699,-0.003,-0.04,-0.61,13,2,0,24540,18958816,29.9,-0.0074200097180699,0.0,-0.11,-0.35,8,2,0,24540,18958816,29.9,-0.8354200097180698,-0.83,0.14,-0.16,5,2,0,24540,18958816,30.6,-0.0134200097180699,-0.007,-0.15,0.01,6,2,0,24540,18958816,29.9,-0.8194200097180699,-0.812,-0.12,-0.24,7,2,0,24540,18958816,29.9
603,18934295229927,18934305057263,sine_0.7hz,6.5600743779978075,20.901059,0.07437785461661406,9.827336,1.8611619998409878,2.952086000732379,0.17523765563964844,24703,24541,-0.010933365986280884,-0.004,0.05,-0.19,3,2,0,24703,18958837,30.6,-0.011933365986280885,-0.006,-0.02,-0.14,2,2,0,24703,18958837,30.6,-0.815933365986281,-0.811,-0.04,-0.03,0,2,0,24703,18958837,31.9,-0.8259333659862809,-0.82,-0.09,-0.14,11,2,0,24703,18958837,30.6,-0.016933365986280882,-0.009,-0.16,-0.15,12,2,0,24703,18958837,31.9,-0.012933365986280884,-0.004,0.02,-0.45,3,2,0,24541,18958836,29.9,-0.008933365986280884,-0.001,0.04,-0.38,13,2,0,24541,18958836,29.9,-0.8369333659862809,-0.831,-0.03,-0.24,10,2,0,24541,18958836,30.6,-0.014933365986280884,-0.008,-0.18,-0.08,11,2,0,24541,18958836,29.9,-0.820933365986281,-0.813,0.05,-0.26,12,2,0,24541,18958836,29.9
604,18934315232709,18934324948586,sine_0.7hz,6.5800780249992386,19.891323,0.07802485561114736,9.715877,1.7931599977600854,2.877778999391012,0.1735687255859375,24704,24542,-0.012362588175501342,-0.006,-0.11,-0.27,8,2,0,24704,18958857,30.6,-0.01336258817550134,-0.008,-0.04,0.0,7,2,0,24704,18958857,30.6,-0.8173625881755013,-0.812,-0.03,-0.01,5,2,0,24704,18958857,31.9,-0.8273625881755012,-0.822,-0.03,-0.28,1,2,0,24704,18958857,30.6,-0.018362588175501342,-0.013,-0.17,-0.18,2,2,0,24704,18958857,31.9,-0.014362588175501342,-0.005,-0.2,-0.33,9,2,0,24542,18958857,29.9,-0.010362588175501342,-0.003,-0.09,-0.33,3,2,0,24542,18958857,29.9,-0.8383625881755012,-0.832,-0.04,-0.25,1,2,0,24542,18958857,30.6,-0.01636258817550134,-0.01,0.02,-0.31,2,2,0,24542,18958857,29.9,-0.8223625881755013,-0.815,0.05,-0.17,3,2,0,24542,18958857,29.9
605,18934335231716,18934344332272,sine_0.7hz,6.600076647999231,19.383686,0.0766478551668115,9.100556,1.622079998924164,2.6606829997035675,0.2124309539794922,24705,24543,-0.013695856273094616,-0.007,-0.05,-0.25,13,2,0,24705,18958877,30.6,-0.014695856273094617,-0.009,0.09,-0.19,12,2,0,24705,18958877,30.6,-0.8186958562730947,-0.812,-0.11,-0.1,10,2,0,24705,18958877,31.9,-0.8286958562730946,-0.822,-0.17,-0.33,6,2,0,24705,18958877,30.6,-0.019695856273094614,-0.014,0.02,-0.15,7,2,0,24705,18958877,31.9,-0.015695856273094617,-0.006,-0.03,-0.33,13,2,0,24543,18958876,29.9,-0.011695856273094616,-0.004,-0.13,-0.3,7,2,0,24543,18958876,29.9,-0.8396958562730946,-0.832,0.07,-0.17,5,2,0,24543,18958876,30.6,-0.017695856273094616,-0.011,-0.06,-0.52,6,2,0,24543,18958876,29.9,-0.8236958562730947,-0.816,-0.09,-0.24,7,2,0,24543,18958876,29.9
606,18934355230851,18934364674300,sine_0.7hz,6.620075717997679,20.342028,0.07571785317850299,9.443449,2.0038879993080627,3.0968909995863214,0.1728534698486328,24706,24544,-0.014923258055115851,-0.011,-0.1,-0.05,3,2,0,24706,18958897,30.6,-0.015923258055115852,-0.01,-0.08,-0.11,2,2,0,24706,18958897,30.6,-0.8199232580551159,-0.814,-0.07,-0.12,0,2,0,24706,18958897,31.9,-0.8299232580551158,-0.823,-0.13,-0.18,11,2,0,24706,18958897,30.6,-0.02092325805511585,-0.015,-0.15,-0.22,12,2,0,24706,18958897,31.9,-0.016923258055115853,-0.009,-0.12,-0.33,3,2,0,24544,18958896,29.9,-0.012923258055115851,-0.004,-0.04,-0.39,12,2,0,24544,18958896,29.9,-0.8409232580551158,-0.833,-0.08,-0.38,10,2,0,24544,18958896,30.6,-0.01892325805511585,-0.012,0.02,-0.34,11,2,0,24544,18958896,29.9,-0.8249232580551159,-0.818,-0.09,-0.07,12,2,0,24544,18958896,29.9
607,18934375235074,18934384226857,sine_0.7hz,6.640075652998348,19.552557,0.07565285341115668,8.991783,1.5163169991865288,2.56067800000892,0.21409988403320312,24707,24545,-0.016035317739182292,-0.012,0.02,-0.02,8,2,0,24707,18958917,30.6,-0.017035317739182293,-0.011,-0.01,0.01,7,2,0,24707,18958917,30.6,-0.8210353177391824,-0.815,-0.09,-0.14,5,2,0,24707,18958917,31.9,-0.8310353177391823,-0.825,-0.07,-0.45,1,2,0,24707,18958917,30.6,-0.02203531773918229,-0.017,-0.01,-0.13,2,2,0,24707,18958917,31.9,-0.018035317739182294,-0.011,-0.04,-0.32,8,2,0,24545,18958916,29.9,-0.014035317739182292,-0.008,-0.11,-0.23,2,2,0,24545,18958916,29.9,-0.8420353177391823,-0.835,-0.02,-0.07,0,2,0,24545,18958916,30.6,-0.020035317739182292,-0.015,-0.15,-0.02,1,2,0,24545,18958916,29.9,-0.8260353177391824,-0.821,-0.13,-0.13,2,2,0,24545,18958916,29.9
608,18934395231072,18934404439792,sine_0.7hz,6.660075619998679,20.212935,0.07561985330539756,9.20872,1.5175000007729977,2.6276249991497025,0.17380714416503906,24708,24546,-0.01702338209440211,-0.013,-0.22,0.08,13,2,0,24708,18958937,30.6,-0.018023382094402112,-0.011,0.11,-0.06,12,2,0,24708,18958937,30.6,-0.8220233820944022,-0.816,-0.1,-0.24,10,2,0,24708,18958937,31.9,-0.8320233820944021,-0.825,-0.05,-0.32,6,2,0,24708,18958937,30.6,-0.023023382094402113,-0.017,-0.1,-0.26,7,2,0,24708,18958937,31.9,-0.01902338209440211,-0.011,0.0,-0.44,13,2,0,24546,18958936,29.9,-0.015023382094402111,-0.009,0.05,-0.15,7,2,0,24546,18958936,29.9,-0.8430233820944021,-0.836,0.05,-0.46,5,2,0,24546,18958936,30.6,-0.02102338209440211,-0.016,-0.1,-0.14,6,2,0,24546,18958936,29.9,-0.8270233820944022,-0.822,-0.02,0.0,7,2,0,24546,18958936,29.9
609,18934415232991,18934424209286,sine_0.7hz,6.680078018998756,19.769494,0.07801885294611566,8.976295,1.505979998910334,2.547301999584306,0.21457672119140625,24709,24547,-0.017879904643943373,-0.015,0.02,-0.06,3,2,0,24709,18958957,30.6,-0.018879904643943374,-0.012,-0.19,-0.4,2,2,0,24709,18958957,30.6,-0.8228799046439434,-0.818,-0.22,-0.15,0,2,0,24709,18958957,31.9,-0.8328799046439433,-0.825,0.08,-0.43,11,2,0,24709,18958957,30.6,-0.02387990464394337,-0.018,-0.09,-0.15,11,2,0,24709,18958957,31.9,-0.019879904643943375,-0.012,-0.14,-0.37,3,2,0,24547,18958956,29.9,-0.01587990464394337,-0.01,-0.1,-0.31,12,2,0,24547,18958956,29.9,-0.8438799046439434,-0.836,-0.05,-0.21,10,2,0,24547,18958956,30.6,-0.021879904643943373,-0.017,-0.01,-0.29,11,2,0,24547,18958956,29.9,-0.8278799046439435,-0.823,-0.14,-0.18,12,2,0,24547,18958956,29.9
610,18934435231806,18934444245766,sine_0.7hz,6.70007836899822,20.03648,0.07836885197320953,9.01396,1.5719990005891304,2.610791998449713,0.21839141845703125,24710,24548,-0.018598066352243033,-0.016,-0.05,-0.11,8,2,0,24710,18958977,30.6,-0.019598066352243034,-0.013,-0.05,-0.53,6,2,0,24710,18958977,30.6,-0.8235980663522431,-0.82,0.04,-0.12,5,2,0,24710,18958977,31.9,-0.833598066352243,-0.828,-0.06,-0.23,0,2,0,24710,18958977,30.6,-0.024598066352243035,-0.021,0.02,-0.21,1,2,0,24710,18958977,31.9,-0.02059806635224303,-0.012,-0.01,-0.39,8,2,0,24548,18958976,29.9,-0.016598066352243035,-0.011,0.01,-0.12,2,2,0,24548,18958976,29.9,-0.844598066352243,-0.837,-0.19,-0.46,15,2,0,24548,18958976,30.6,-0.022598066352243033,-0.018,-0.14,-0.09,1,2,0,24548,18958976,29.9,-0.8285980663522431,-0.824,-0.1,-0.1,2,2,0,24548,18958976,29.9
611,18934455230268,18934465546872,sine_0.7hz,6.720075871999143,21.301106,0.07587185245938599,10.316604,2.7723990024242084,3.8111290014057886,0.17404556274414062,24711,24549,-0.019172336945629122,-0.016,-0.03,-0.02,13,2,0,24711,18958997,30.6,-0.020172336945629123,-0.014,0.09,-0.31,11,2,0,24711,18958997,30.6,-0.8241723369456292,-0.821,-0.1,-0.07,10,2,0,24711,18958997,31.9,-0.8341723369456291,-0.83,0.02,-0.37,5,2,0,24711,18958997,30.6,-0.02517233694562912,-0.022,-0.06,-0.07,6,2,0,24711,18958997,31.9,-0.021172336945629124,-0.014,-0.04,0.02,13,2,0,24549,18958996,29.9,-0.01717233694562912,-0.012,0.0,-0.27,7,2,0,24549,18958996,29.9,-0.8451723369456291,-0.839,0.06,-0.16,5,2,0,24549,18958996,30.6,-0.023172336945629122,-0.019,-0.08,-0.27,6,2,0,24549,18958996,29.9,-0.8291723369456292,-0.825,-0.06,-0.21,7,2,0,24549,18958996,29.9
612,18934475232091,18934485266188,sine_0.7hz,6.740077310998458,19.719316,0.07731085133855231,10.034097,2.088979999825824,3.178463000949705,0.17595291137695312,24712,24550,-0.019598458068543715,-0.019,-0.05,0.07,3,2,0,24712,18959017,30.6,-0.020598458068543716,-0.016,-0.17,-0.15,1,2,0,24712,18959017,30.6,-0.8245984580685438,-0.822,0.01,-0.01,0,2,0,24712,18959017,31.9,-0.8345984580685437,-0.83,0.04,-0.3,10,2,0,24712,18959017,30.6,-0.025598458068543717,-0.022,-0.09,-0.06,11,2,0,24712,18959017,31.9,-0.021598458068543713,-0.016,0.02,-0.28,4,2,0,24550,18959017,29.9,-0.017598458068543717,-0.012,0.01,-0.27,13,2,0,24550,18959017,29.9,-0.8455984580685437,-0.84,-0.32,-0.14,11,2,0,24550,18959017,30.6,-0.023598458068543715,-0.02,-0.14,-0.06,12,2,0,24550,18959017,29.9,-0.8295984580685438,-0.826,-0.04,-0.09,13,2,0,24550,18959017,29.9
613,18934495232186,18934505410000,sine_0.7hz,6.760077245999128,20.143812,0.077245851571206,10.177814,2.2465540023404174,3.2926429994404316,0.17690658569335938,24713,24551,-0.019872991912802486,-0.02,-0.07,0.26,8,2,0,24713,18959037,30.6,-0.020872991912802487,-0.017,-0.16,-0.2,6,2,0,24713,18959037,30.6,-0.8248729919128025,-0.822,-0.2,-0.28,5,2,0,24713,18959037,31.9,-0.8348729919128024,-0.831,-0.18,-0.2,0,2,0,24713,18959037,30.6,-0.025872991912802484,-0.024,-0.01,0.17,1,2,0,24713,18959037,31.9,-0.021872991912802488,-0.017,-0.08,-0.1,9,2,0,24551,18959037,29.9,-0.017872991912802484,-0.014,-0.07,-0.22,3,2,0,24551,18959037,29.9,-0.8458729919128024,-0.84,0.1,-0.29,1,2,0,24551,18959037,30.6,-0.023872991912802486,-0.021,0.0,-0.26,2,2,0,24551,18959037,29.9,-0.8298729919128025,-0.828,-0.09,0.2,2,2,0,24551,18959037,29.9
614,18934515235513,18934525316875,sine_0.7hz,6.780078299998422,19.906875,0.07829985042917542,10.081362,2.1675099997082725,3.2158080030058045,0.17905235290527344,24714,24552,-0.01999385568679063,-0.02,-0.13,-0.01,13,2,0,24714,18959057,30.6,-0.02099385568679063,-0.017,0.17,-0.38,11,2,0,24714,18959057,30.6,-0.8249938556867906,-0.823,-0.08,0.01,10,2,0,24714,18959057,31.9,-0.8349938556867906,-0.832,-0.04,-0.01,5,2,0,24714,18959057,30.6,-0.025993855686790628,-0.024,0.0,-0.18,6,2,0,24714,18959057,31.9,-0.02199385568679063,-0.019,-0.12,-0.06,14,2,0,24552,18959057,29.9,-0.017993855686790627,-0.014,-0.09,-0.08,8,2,0,24552,18959057,29.9,-0.8459938556867905,-0.84,-0.13,-0.17,6,2,0,24552,18959057,30.6,-0.02399385568679063,-0.021,-0.1,-0.22,7,2,0,24552,18959057,29.9,-0.8299938556867907,-0.829,0.09,0.25,7,2,0,24552,18959057,29.9
615,18934535233527,18934544959484,sine_0.7hz,6.800078427000699,19.642609,0.078426852269331,9.725957,2.2262330021476373,3.307235998363467,0.17642974853515625,24715,24553,-0.019960100201894017,-0.02,0.07,0.12,3,2,0,24715,18959077,30.6,-0.020960100201894018,-0.018,-0.02,0.03,1,2,0,24715,18959077,30.6,-0.824960100201894,-0.823,0.01,-0.11,0,2,0,24715,18959077,31.9,-0.8349601002018939,-0.833,0.0,-0.08,10,2,0,24715,18959077,30.6,-0.025960100201894015,-0.024,0.11,-0.02,11,2,0,24715,18959077,31.9,-0.02196010020189402,-0.02,-0.12,-0.2,4,2,0,24553,18959077,29.9,-0.017960100201894015,-0.016,-0.08,0.02,13,2,0,24553,18959077,29.9,-0.8459601002018939,-0.84,0.14,-0.27,11,2,0,24553,18959077,30.6,-0.023960100201894017,-0.022,-0.15,-0.2,12,2,0,24553,18959077,29.9,-0.829960100201894,-0.83,-0.06,0.12,12,2,0,24553,18959077,29.9
616,18934555235542,18934564508008,sine_0.7hz,6.820078426000691,19.548524,0.07842585182515904,9.272466,1.6503059996466618,2.7424770014476962,0.1747608184814453,24716,24554,-0.01977199735550137,-0.021,-0.04,-0.08,8,2,0,24716,18959097,30.6,-0.020771997355501372,-0.019,0.01,-0.15,6,2,0,24716,18959097,30.6,-0.8247719973555014,-0.824,0.1,0.09,5,2,0,24716,18959097,31.9,-0.8347719973555013,-0.833,-0.02,-0.08,0,2,0,24716,18959097,30.6,-0.02577199735550137,-0.025,-0.1,-0.3,1,2,0,24716,18959097,31.9,-0.021771997355501373,-0.02,-0.1,0.0,9,2,0,24554,18959097,29.9,-0.01777199735550137,-0.017,-0.09,-0.14,3,2,0,24554,18959097,29.9,-0.8457719973555013,-0.84,-0.09,-0.55,1,2,0,24554,18959097,30.6,-0.02377199735550137,-0.022,-0.18,-0.09,2,2,0,24554,18959097,29.9,-0.8297719973555014,-0.83,0.01,-0.04,2,2,0,24554,18959097,29.9
617,18934575232693,18934584816660,sine_0.7hz,6.8400752559973625,20.308652,0.07525584805989638,9.583967,2.0676029998867307,3.154365997033892,0.1747608184814453,24717,24555,-0.019431068002811244,-0.021,-0.05,0.07,13,2,0,24717,18959117,30.6,-0.020431068002811244,-0.019,0.11,-0.21,11,2,0,24717,18959117,30.6,-0.8244310680028113,-0.824,-0.04,-0.24,10,2,0,24717,18959117,31.9,-0.8344310680028112,-0.833,-0.29,-0.17,5,2,0,24717,18959117,30.6,-0.025431068002811245,-0.025,-0.1,-0.19,6,2,0,24717,18959117,31.9,-0.021431068002811242,-0.02,0.04,-0.12,13,2,0,24555,18959116,29.9,-0.017431068002811245,-0.017,0.07,0.13,7,2,0,24555,18959116,29.9,-0.8454310680028112,-0.841,-0.04,-0.31,5,2,0,24555,18959116,30.6,-0.023431068002811244,-0.023,-0.07,-0.14,6,2,0,24555,18959116,29.9,-0.8294310680028113,-0.83,0.04,-0.02,6,2,0,24555,18959116,29.9
618,18934595234004,18934604695117,sine_0.7hz,6.860079286998371,19.878457,0.07928684863145463,9.461113,1.540253000712255,2.6233999997202773,0.17523765563964844,24718,24556,-0.01893972654347473,-0.021,0.03,-0.1,2,2,0,24718,18959137,30.6,-0.019939726543474732,-0.019,-0.07,-0.24,1,2,0,24718,18959137,30.6,-0.8239397265434748,-0.824,0.0,-0.11,15,2,0,24718,18959137,31.9,-0.8339397265434747,-0.833,-0.13,-0.2,10,2,0,24718,18959137,30.6,-0.024939726543474733,-0.025,-0.03,-0.02,11,2,0,24718,18959137,31.9,-0.02093972654347473,-0.02,0.13,-0.16,3,2,0,24556,18959136,29.9,-0.016939726543474733,-0.017,0.08,0.1,12,2,0,24556,18959136,29.9,-0.8449397265434747,-0.841,0.07,-0.31,10,2,0,24556,18959136,30.6,-0.02293972654347473,-0.023,-0.04,-0.18,11,2,0,24556,18959136,29.9,-0.8289397265434748,-0.83,0.15,-0.14,11,2,0,24556,18959136,29.9
619,18934615232850,18934625067803,sine_0.7hz,6.880078133999632,20.372686,0.07813384945620783,9.834953,1.888108003186062,2.9764710016024765,0.17642974853515625,24719,24557,-0.018302053185369323,-0.021,-0.2,0.11,7,2,0,24719,18959157,30.6,-0.019302053185369324,-0.019,0.18,-0.06,6,2,0,24719,18959157,30.6,-0.8233020531853694,-0.824,0.06,-0.21,5,2,0,24719,18959157,31.9,-0.8333020531853693,-0.833,-0.04,-0.21,0,2,0,24719,18959157,30.6,-0.02430205318536932,-0.025,-0.04,0.13,1,2,0,24719,18959157,31.9,-0.020302053185369325,-0.02,-0.02,-0.03,7,2,0,24557,18959156,29.9,-0.01630205318536932,-0.017,0.11,-0.1,2,2,0,24557,18959156,29.9,-0.8443020531853693,-0.841,0.0,-0.41,0,2,0,24557,18959156,30.6,-0.022302053185369323,-0.023,-0.06,0.02,1,2,0,24557,18959156,29.9,-0.8283020531853694,-0.83,-0.06,0.09,1,2,0,24557,18959156,29.9
620,18934635237649,18934644308795,sine_0.7hz,6.900080212999455,19.240992,0.08021284884307534,9.071146,1.565918999403948,2.612393000163138,0.21505355834960938,24720,24558,-0.017522733302603198,-0.02,0.11,0.23,12,2,0,24720,18959177,30.6,-0.0185227333026032,-0.019,-0.13,-0.24,11,2,0,24720,18959177,30.6,-0.8225227333026033,-0.824,-0.01,0.07,10,2,0,24720,18959177,31.9,-0.8325227333026032,-0.833,0.04,-0.08,5,2,0,24720,18959177,30.6,-0.023522733302603197,-0.025,-0.01,-0.11,6,2,0,24720,18959177,31.9,-0.0195227333026032,-0.02,-0.05,-0.11,13,2,0,24558,18959177,29.9,-0.015522733302603198,-0.017,0.03,-0.09,8,2,0,24558,18959177,29.9,-0.8435227333026032,-0.84,0.11,-0.23,6,2,0,24558,18959177,30.6,-0.021522733302603198,-0.023,-0.02,-0.12,7,2,0,24558,18959177,29.9,-0.8275227333026033,-0.83,0.04,-0.03,7,2,0,24558,18959177,29.9
621,18934655231472,18934664293402,sine_0.7hz,6.9200760509993415,19.984607,0.07605084829265252,9.06193,1.5622379978594836,2.6138959983654786,0.2219676971435547,24721,24559,-0.016608191670803105,-0.02,-0.08,0.02,2,2,0,24721,18959197,30.6,-0.017608191670803106,-0.018,0.18,0.15,1,2,0,24721,18959197,30.6,-0.8216081916708031,-0.824,-0.01,-0.05,15,2,0,24721,18959197,31.9,-0.831608191670803,-0.833,-0.07,0.05,10,2,0,24721,18959197,30.6,-0.022608191670803107,-0.025,0.0,-0.09,11,2,0,24721,18959197,31.9,-0.018608191670803104,-0.02,-0.2,0.0,2,2,0,24559,18959196,29.9,-0.014608191670803105,-0.017,0.07,0.11,12,2,0,24559,18959196,29.9,-0.842608191670803,-0.84,0.1,-0.5,10,2,0,24559,18959196,30.6,-0.020608191670803105,-0.023,0.01,0.03,11,2,0,24559,18959196,29.9,-0.8266081916708031,-0.83,0.01,0.18,11,2,0,24559,18959196,29.9
622,18934675230446,18934685136858,sine_0.7hz,6.940075473998149,20.843456,0.07547384666395374,9.906412,1.929068999743322,3.053850003198022,0.17523765563964844,24722,24560,-0.015565077905791523,-0.02,-0.05,0.34,7,2,0,24722,18959217,30.6,-0.016565077905791523,-0.018,0.04,0.04,6,2,0,24722,18959217,30.6,-0.8205650779057916,-0.823,0.02,0.08,5,2,0,24722,18959217,31.9,-0.8305650779057915,-0.833,0.13,-0.02,0,2,0,24722,18959217,30.6,-0.021565077905791524,-0.025,-0.1,0.06,1,2,0,24722,18959217,31.9,-0.017565077905791524,-0.02,0.08,-0.02,7,2,0,24560,18959216,29.9,-0.013565077905791523,-0.017,-0.06,0.07,2,2,0,24560,18959216,29.9,-0.8415650779057915,-0.84,0.01,-0.28,15,2,0,24560,18959216,30.6,-0.019565077905791525,-0.023,-0.02,0.19,1,2,0,24560,18959216,29.9,-0.8255650779057916,-0.83,0.04,0.21,1,2,0,24560,18959216,29.9
623,18934695233965,18934704697735,sine_0.7hz,6.960078608997719,19.560877,0.07860884579713456,9.46377,1.5483820025110617,2.6425699979881756,0.17523765563964844,24723,24561,-0.014401383156982504,-0.02,0.11,0.14,12,2,0,24723,18959237,30.6,-0.015401383156982505,-0.018,-0.18,-0.24,11,2,0,24723,18959237,30.6,-0.8194013831569825,-0.823,0.06,-0.09,10,2,0,24723,18959237,31.9,-0.8294013831569824,-0.832,-0.07,0.0,5,2,0,24723,18959237,30.6,-0.020401383156982505,-0.024,0.13,-0.03,6,2,0,24723,18959237,31.9,-0.016401383156982502,-0.02,0.16,0.0,13,2,0,24561,18959237,29.9,-0.012401383156982504,-0.017,-0.05,0.04,8,2,0,24561,18959237,29.9,-0.8404013831569824,-0.84,0.02,-0.22,6,2,0,24561,18959237,30.6,-0.018401383156982504,-0.023,-0.05,0.25,7,2,0,24561,18959237,29.9,-0.8244013831569825,-0.829,0.08,0.29,7,2,0,24561,18959237,29.9
624,18934715231308,18934724704486,sine_0.7hz,6.980076174997521,20.006751,0.07617484516231343,9.473178,1.5137250011321157,2.604231998702744,0.17404556274414062,24724,24562,-0.013126660363842607,-0.019,0.04,0.23,2,2,0,24724,18959257,30.6,-0.014126660363842608,-0.017,-0.09,-0.05,1,2,0,24724,18959257,30.6,-0.8181266603638426,-0.823,0.03,0.08,14,2,0,24724,18959257,31.9,-0.8281266603638425,-0.832,0.09,-0.08,10,2,0,24724,18959257,30.6,-0.019126660363842606,-0.024,0.05,-0.08,11,2,0,24724,18959257,31.9,-0.015126660363842607,-0.02,-0.04,0.07,2,2,0,24562,18959256,29.9,-0.011126660363842607,-0.017,-0.03,0.12,12,2,0,24562,18959256,29.9,-0.8391266603638425,-0.84,0.13,-0.1,10,2,0,24562,18959256,30.6,-0.017126660363842607,-0.022,-0.01,0.16,11,2,0,24562,18959256,29.9,-0.8231266603638426,-0.829,0.05,0.06,11,2,0,24562,18959256,29.9
625,18934735233867,18934744405721,sine_0.7hz,7.000076301999798,19.701235,0.076301847002469,9.171854,1.597950998984743,2.680715999304084,0.21338462829589844,24725,24563,-0.01175027436346971,-0.019,0.06,0.22,7,2,0,24725,18959277,30.6,-0.012750274363469712,-0.016,0.09,0.01,6,2,0,24725,18959277,30.6,-0.8167502743634698,-0.822,0.04,0.11,4,2,0,24725,18959277,31.9,-0.8267502743634697,-0.831,0.09,0.13,0,2,0,24725,18959277,30.6,-0.01775027436346971,-0.024,0.07,0.44,1,2,0,24725,18959277,31.9,-0.01375027436346971,-0.019,0.06,0.2,7,2,0,24563,18959276,29.9,-0.00975027436346971,-0.016,-0.15,0.26,2,2,0,24563,18959276,29.9,-0.8377502743634697,-0.84,0.14,-0.01,15,2,0,24563,18959276,30.6,-0.01575027436346971,-0.022,-0.09,0.12,1,2,0,24563,18959276,29.9,-0.8217502743634698,-0.828,0.05,0.09,1,2,0,24563,18959276,29.9
626,18934755231433,18934764376342,sine_0.7hz,7.020076716999029,19.970621,0.07671684579690918,9.144909,1.5651829999114852,2.6079439994646236,0.21958351135253906,24726,24564,-0.010283003174567453,-0.019,0.08,0.27,12,2,0,24726,18959297,30.6,-0.011283003174567454,-0.016,0.08,0.1,11,2,0,24726,18959297,30.6,-0.8152830031745675,-0.821,-0.05,0.08,9,2,0,24726,18959297,31.9,-0.8252830031745674,-0.83,0.02,-0.06,5,2,0,24726,18959297,30.6,-0.016283003174567455,-0.023,0.01,0.2,6,2,0,24726,18959297,31.9,-0.012283003174567453,-0.019,0.02,0.04,12,2,0,24564,18959296,29.9,-0.008283003174567453,-0.016,-0.03,0.18,7,2,0,24564,18959296,29.9,-0.8362830031745674,-0.838,0.04,0.11,5,2,0,24564,18959296,30.6,-0.014283003174567453,-0.021,0.1,0.14,6,2,0,24564,18959296,29.9,-0.8202830031745675,-0.828,0.07,0.27,6,2,0,24564,18959296,29.9
627,18934775230440,18934784836456,sine_0.7hz,7.040075755998259,20.460114,0.07575584459118545,9.606016,2.0448499999474734,3.1639339977118652,0.17499923706054688,24727,24565,-0.008736321350080676,-0.018,-0.01,0.21,2,2,0,24727,18959317,30.6,-0.009736321350080675,-0.014,0.05,-0.18,1,2,0,24727,18959317,30.6,-0.8137363213500807,-0.821,0.06,0.16,14,2,0,24727,18959317,31.9,-0.8237363213500806,-0.83,0.05,0.03,10,2,0,24727,18959317,30.6,-0.014736321350080676,-0.022,-0.03,0.15,11,2,0,24727,18959317,31.9,-0.010736321350080676,-0.017,0.08,0.15,2,2,0,24565,18959316,29.9,-0.006736321350080676,-0.015,0.04,0.12,12,2,0,24565,18959316,29.9,-0.8347363213500806,-0.838,0.13,-0.05,10,2,0,24565,18959316,30.6,-0.012736321350080676,-0.02,0.07,0.06,11,2,0,24565,18959316,29.9,-0.8187363213500807,-0.827,0.03,0.21,11,2,0,24565,18959316,29.9
628,18934795233383,18934804724610,sine_0.7hz,7.060077449998062,19.888154,0.07744984395685606,9.491227,1.558333999128081,2.650025999173522,0.17333030700683594,24728,24566,-0.007121871710725714,-0.016,0.23,0.46,7,2,0,24728,18959337,30.6,-0.008121871710725714,-0.012,0.07,-0.03,6,2,0,24728,18959337,30.6,-0.8121218717107258,-0.819,0.23,0.16,4,2,0,24728,18959337,31.9,-0.8221218717107257,-0.828,0.03,0.16,0,2,0,24728,18959337,30.6,-0.013121871710725715,-0.02,0.03,0.22,1,2,0,24728,18959337,31.9,-0.009121871710725715,-0.016,0.12,0.17,7,2,0,24566,18959336,29.9,-0.005121871710725714,-0.012,0.02,0.03,2,2,0,24566,18959336,29.9,-0.8331218717107257,-0.837,0.17,-0.08,15,2,0,24566,18959336,30.6,-0.011121871710725713,-0.017,0.07,0.12,1,2,0,24566,18959336,29.9,-0.8171218717107258,-0.824,0.19,-0.12,1,2,0,24566,18959336,29.9
629,18934815234566,18934824661086,sine_0.7hz,7.080079400999239,19.936476,0.07940084469737485,9.42652,1.5136930014705285,2.6007439992099535,0.17547607421875,24729,24567,-0.005452319117755713,-0.015,0.04,0.11,12,2,0,24729,18959357,30.6,-0.006452319117755713,-0.011,0.13,0.0,11,2,0,24729,18959357,30.6,-0.8104523191177557,-0.818,0.07,-0.07,9,2,0,24729,18959357,31.9,-0.8204523191177556,-0.827,0.02,-0.01,5,2,0,24729,18959357,30.6,-0.011452319117755714,-0.019,0.01,0.25,6,2,0,24729,18959357,31.9,-0.007452319117755713,-0.015,0.27,0.0,12,2,0,24567,18959356,29.9,-0.003452319117755713,-0.01,-0.01,-0.01,7,2,0,24567,18959356,29.9,-0.8314523191177556,-0.835,0.07,-0.26,5,2,0,24567,18959356,30.6,-0.009452319117755712,-0.016,0.03,0.23,6,2,0,24567,18959356,29.9,-0.8154523191177557,-0.822,0.16,0.04,6,2,0,24567,18959356,29.9
630,18934835231524,18934845435100,sine_0.7hz,7.100076679998892,20.774014,0.07667984391446225,10.203576,2.2891150001669303,3.3234600014111493,0.1742839813232422,24730,24568,-0.0037410004284235605,-0.012,-0.01,0.36,2,2,0,24730,18959377,30.6,-0.004741000428423561,-0.009,0.11,-0.05,1,2,0,24730,18959377,30.6,-0.8087410004284236,-0.817,0.09,0.06,14,2,0,24730,18959377,31.9,-0.8187410004284235,-0.825,0.15,0.15,10,2,0,24730,18959377,30.6,-0.00974100042842356,-0.018,0.16,0.03,11,2,0,24730,18959377,31.9,-0.00574100042842356,-0.011,0.15,-0.13,2,2,0,24568,18959376,29.9,-0.0017410004284235604,-0.008,0.09,0.23,12,2,0,24568,18959376,29.9,-0.8297410004284235,-0.834,0.2,-0.05,10,2,0,24568,18959376,30.6,-0.00774100042842356,-0.015,0.01,0.16,11,2,0,24568,18959376,29.9,-0.8137410004284236,-0.821,-0.04,0.18,11,2,0,24568,18959376,29.9
631,18934855234339,18934864494837,sine_0.7hz,7.120077126997785,19.059737,0.07712684237048961,9.260498,1.7817989973991644,2.8586420012288727,0.1742839813232422,24731,24569,-0.0020004839911439676,-0.011,0.11,0.13,7,2,0,24731,18959397,30.6,-0.0030004839911439676,-0.008,-0.01,0.0,6,2,0,24731,18959397,30.6,-0.807000483991144,-0.813,0.12,0.06,4,2,0,24731,18959397,31.9,-0.8170004839911439,-0.823,0.04,0.36,0,2,0,24731,18959397,30.6,-0.008000483991143968,-0.015,0.1,0.01,1,2,0,24731,18959397,31.9,-0.004000483991143968,-0.009,0.1,-0.17,8,2,0,24569,18959397,29.9,-4.839911439675874e-07,-0.006,0.08,0.14,3,2,0,24569,18959397,29.9,-0.8280004839911439,-0.832,0.16,0.16,1,2,0,24569,18959397,30.6,-0.006000483991143968,-0.014,0.13,-0.06,2,2,0,24569,18959397,29.9,-0.812000483991144,-0.819,0.09,0.17,2,2,0,24569,18959397,29.9
632,18934875230498,18934884250282,sine_0.7hz,7.1400768690000405,19.755445,0.07686884418944828,9.019784,1.5162850031629205,2.5675590004539117,0.21219253540039062,24732,24570,-0.00024455956690903994,-0.01,0.17,0.28,12,2,0,24732,18959417,30.6,-0.00124455956690904,-0.008,0.16,0.13,11,2,0,24732,18959417,30.6,-0.8052445595669091,-0.812,0.12,0.1,9,2,0,24732,18959417,31.9,-0.815244559566909,-0.822,-0.05,-0.04,5,2,0,24732,18959417,30.6,-0.00624455956690904,-0.014,0.14,0.25,6,2,0,24732,18959417,31.9,-0.00224455956690904,-0.008,0.19,-0.16,12,2,0,24570,18959416,29.9,0.00175544043309096,-0.005,0.09,0.13,7,2,0,24570,18959416,29.9,-0.826244559566909,-0.831,0.05,0.17,5,2,0,24570,18959416,30.6,-0.00424455956690904,-0.012,0.02,0.21,6,2,0,24570,18959416,29.9,-0.8102445595669091,-0.818,0.03,0.19,6,2,0,24570,18959416,29.9
633,18934895229504,18934904740348,sine_0.7hz,7.160074915998848,20.490066,0.07491584256058559,9.510844,1.5552299992123153,2.645706001203507,0.17762184143066406,24733,24571,0.0015131072613829447,-0.007,0.14,0.32,2,2,0,24733,18959437,30.6,0.0005131072613829446,-0.006,0.15,0.05,1,2,0,24733,18959437,30.6,-0.8034868927386171,-0.811,0.11,0.07,14,2,0,24733,18959437,31.9,-0.813486892738617,-0.82,0.05,0.0,10,2,0,24733,18959437,30.6,-0.004486892738617056,-0.013,0.23,0.18,11,2,0,24733,18959437,31.9,-0.0004868927386170554,-0.006,0.14,-0.17,2,2,0,24571,18959436,29.9,0.0035131072613829445,-0.003,0.22,0.13,12,2,0,24571,18959436,29.9,-0.824486892738617,-0.831,0.08,0.2,9,2,0,24571,18959436,30.6,-0.0024868927386170556,-0.011,0.18,0.24,11,2,0,24571,18959436,29.9,-0.8084868927386171,-0.817,0.04,0.12,11,2,0,24571,18959436,29.9
634,18934915230495,18934924472912,sine_0.7hz,7.180076258999179,19.732564,0.07625884245499037,9.242417,1.7529659999127034,2.8450729987525847,0.17571449279785156,24734,24572,0.0032593619008272835,-0.005,0.02,0.05,7,2,0,24734,18959457,30.6,0.0022593619008272835,-0.005,0.23,0.19,6,2,0,24734,18959457,30.6,-0.8017406380991727,-0.809,-0.08,0.19,4,2,0,24734,18959457,31.9,-0.8117406380991726,-0.819,-0.01,-0.06,0,2,0,24734,18959457,30.6,-0.0027406380991727166,-0.011,0.16,0.18,1,2,0,24734,18959457,31.9,0.0012593619008272835,-0.004,0.12,-0.17,7,2,0,24572,18959456,29.9,0.005259361900827283,0.0,0.0,0.26,2,2,0,24572,18959456,29.9,-0.8227406380991726,-0.83,-0.09,-0.05,14,2,0,24572,18959456,30.6,-0.0007406380991727165,-0.008,0.12,0.05,1,2,0,24572,18959456,29.9,-0.8067406380991727,-0.813,0.11,0.0,1,2,0,24572,18959456,29.9
635,18934935232990,18934944699960,sine_0.7hz,7.200074336997204,20.227048,0.0743368400435429,9.46697,1.8969400007335935,2.990903001773404,0.1773834228515625,24735,24573,0.004980131065685443,-0.003,0.06,0.03,12,2,0,24735,18959477,30.6,0.003980131065685443,-0.004,-0.02,0.1,11,2,0,24735,18959477,30.6,-0.8000198689343146,-0.808,0.1,0.11,9,2,0,24735,18959477,31.9,-0.8100198689343145,-0.817,0.11,0.04,5,2,0,24735,18959477,30.6,-0.0010198689343145573,-0.009,-0.02,0.31,6,2,0,24735,18959477,31.9,0.0029801310656854428,-0.003,0.12,0.12,12,2,0,24573,18959476,29.9,0.006980131065685443,0.001,0.23,0.09,7,2,0,24573,18959476,29.9,-0.8210198689343146,-0.829,0.12,0.25,4,2,0,24573,18959476,30.6,0.0009801310656854427,-0.006,0.17,0.08,6,2,0,24573,18959476,29.9,-0.8050198689343147,-0.811,0.14,-0.17,6,2,0,24573,18959476,29.9
636,18934955231741,18934964783002,sine_0.7hz,7.220076831999904,20.083042,0.07683184230700135,9.551261,2.0480179991864134,3.165118003380485,0.17523765563964844,24736,24574,0.0066627637077640535,0.0,0.03,-0.09,2,2,0,24736,18959497,30.6,0.0056627637077640534,-0.001,0.16,0.19,1,2,0,24736,18959497,30.6,-0.798337236292236,-0.805,0.03,0.19,14,2,0,24736,18959497,31.9,-0.8083372362922359,-0.816,0.17,0.04,10,2,0,24736,18959497,30.6,0.0006627637077640533,-0.008,0.28,-0.01,11,2,0,24736,18959497,31.9,0.004662763707764053,-0.001,0.04,0.21,2,2,0,24574,18959496,29.9,0.008662763707764053,0.002,-0.02,0.15,12,2,0,24574,18959496,29.9,-0.8193372362922359,-0.828,0.02,0.14,9,2,0,24574,18959496,30.6,0.0026627637077640534,-0.006,0.08,0.37,11,2,0,24574,18959496,29.9,-0.803337236292236,-0.81,0.03,0.35,11,2,0,24574,18959496,29.9
637,18934975233211,18934984680373,sine_0.7hz,7.240077694998035,19.897371,0.07769484000164084,9.447162,1.5060759978950955,2.6019920005637687,0.17404556274414062,24737,24575,0.008293731172286444,0.001,0.04,0.1,7,2,0,24737,18959517,30.6,0.007293731172286444,0.001,0.13,0.07,6,2,0,24737,18959517,30.6,-0.7967062688277136,-0.803,-0.01,0.34,4,2,0,24737,18959517,31.9,-0.8067062688277135,-0.814,0.09,0.25,15,2,0,24737,18959517,30.6,0.002293731172286444,-0.004,0.0,0.04,1,2,0,24737,18959517,31.9,0.006293731172286444,0.0,0.18,0.15,7,2,0,24575,18959516,29.9,0.010293731172286444,0.004,-0.07,0.12,2,2,0,24575,18959516,29.9,-0.8177062688277135,-0.826,0.2,0.08,14,2,0,24575,18959516,30.6,0.004293731172286444,-0.003,0.13,0.2,1,2,0,24575,18959516,29.9,-0.8017062688277136,-0.808,0.04,-0.03,1,2,0,24575,18959516,29.9
638,18934995233434,18935004304196,sine_0.7hz,7.26007842999752,19.623823,0.07842983904993162,9.070762,1.5424619996338151,2.6013199967565015,0.2143383026123047,24738,24576,0.009860549697006527,0.004,0.13,0.13,12,2,0,24738,18959537,30.6,0.008860549697006528,0.001,-0.01,0.41,11,2,0,24738,18959537,30.6,-0.7951394503029935,-0.803,-0.04,0.22,9,2,0,24738,18959537,31.9,-0.8051394503029934,-0.812,0.02,0.17,5,2,0,24738,18959537,30.6,0.0038605496970065267,-0.003,-0.02,0.24,6,2,0,24738,18959537,31.9,0.007860549697006527,0.001,0.06,0.15,12,2,0,24576,18959536,29.9,0.011860549697006527,0.004,-0.07,0.05,7,2,0,24576,18959536,29.9,-0.8161394503029934,-0.824,0.13,0.0,4,2,0,24576,18959536,30.6,0.005860549697006527,-0.001,0.11,0.1,6,2,0,24576,18959536,29.9,-0.8001394503029935,-0.807,0.05,0.1,6,2,0,24576,18959536,29.9
639,18935015233049,18935024978302,sine_0.7hz,7.280077019997407,20.674106,0.07701983849983662,9.745253,2.1341969986679032,3.2366730010835454,0.1742839813232422,24739,24577,0.011350957791853382,0.008,0.2,-0.23,2,2,0,24739,18959557,30.6,0.010350957791853382,0.003,0.14,0.27,1,2,0,24739,18959557,30.6,-0.7936490422081467,-0.802,-0.03,0.38,14,2,0,24739,18959557,31.9,-0.8036490422081466,-0.812,-0.03,0.25,10,2,0,24739,18959557,30.6,0.005350957791853381,-0.002,0.14,0.21,11,2,0,24739,18959557,31.9,0.009350957791853381,0.002,0.02,0.35,2,2,0,24577,18959556,29.9,0.013350957791853382,0.006,0.24,0.19,12,2,0,24577,18959556,29.9,-0.8146490422081466,-0.822,0.33,0.05,9,2,0,24577,18959556,30.6,0.0073509577918533815,0.001,0.16,0.12,11,2,0,24577,18959556,29.9,-0.7986490422081467,-0.805,0.27,0.03,11,2,0,24577,18959556,29.9
640,18935035232951,18935044761748,sine_0.7hz,7.300077978998161,19.783446,0.07797883881721646,9.528797,1.5567979971820023,2.6534819990047254,0.17333030700683594,24740,24578,0.01275376429663481,0.009,0.02,0.04,7,2,0,24740,18959577,30.6,0.01175376429663481,0.004,0.06,0.3,6,2,0,24740,18959577,30.6,-0.7922462357033653,-0.8,0.02,0.24,4,2,0,24740,18959577,31.9,-0.8022462357033652,-0.811,0.02,0.15,15,2,0,24740,18959577,30.6,0.006753764296634809,-0.001,0.05,0.47,1,2,0,24740,18959577,31.9,0.01075376429663481,0.004,0.19,0.09,8,2,0,24578,18959577,29.9,0.01475376429663481,0.008,-0.04,0.29,3,2,0,24578,18959577,29.9,-0.8132462357033652,-0.822,0.22,0.26,15,2,0,24578,18959577,30.6,0.00875376429663481,0.002,0.04,0.13,2,2,0,24578,18959577,29.9,-0.7972462357033653,-0.802,0.12,0.06,2,2,0,24578,18959577,29.9
641,18935055234134,18935064847126,sine_0.7hz,7.320078778000607,20.085378,0.0787778408266604,9.612992,2.108275999489706,3.1909110002743546,0.17452239990234375,24741,24579,0.014057929263236731,0.009,0.02,-0.13,12,2,0,24741,18959597,30.6,0.01305792926323673,0.004,0.15,0.17,11,2,0,24741,18959597,30.6,-0.7909420707367634,-0.798,0.2,0.08,9,2,0,24741,18959597,31.9,-0.8009420707367633,-0.809,0.01,0.05,5,2,0,24741,18959597,30.6,0.008057929263236731,0.001,0.06,0.42,6,2,0,24741,18959597,31.9,0.012057929263236731,0.005,0.15,0.08,12,2,0,24579,18959596,29.9,0.01605792926323673,0.009,-0.01,0.29,7,2,0,24579,18959596,29.9,-0.8119420707367633,-0.821,0.03,0.31,4,2,0,24579,18959596,30.6,0.010057929263236731,0.003,0.18,0.09,6,2,0,24579,18959596,29.9,-0.7959420707367634,-0.802,0.0,0.07,6,2,0,24579,18959596,29.9
642,18935075232053,18935085208835,sine_0.7hz,7.340076761000091,20.361709,0.07676083987462334,9.976782,2.0492980002018157,3.1347809999715537,0.1709461212158203,24742,24580,0.015253218434863167,0.011,0.07,-0.11,2,2,0,24742,18959617,30.6,0.014253218434863168,0.007,0.21,0.18,1,2,0,24742,18959617,30.6,-0.7897467815651369,-0.797,0.17,0.06,14,2,0,24742,18959617,31.9,-0.7997467815651368,-0.808,-0.2,0.2,10,2,0,24742,18959617,30.6,0.009253218434863167,0.002,0.12,0.05,11,2,0,24742,18959617,31.9,0.013253218434863167,0.006,0.02,0.19,2,2,0,24580,18959616,29.9,0.017253218434863167,0.009,0.05,0.41,12,2,0,24580,18959616,29.9,-0.8107467815651368,-0.82,0.1,0.31,9,2,0,24580,18959616,30.6,0.011253218434863167,0.004,0.01,0.22,11,2,0,24580,18959616,29.9,-0.7947467815651369,-0.8,0.03,0.2,11,2,0,24580,18959616,29.9
643,18935095233172,18935105395562,sine_0.7hz,7.360077430999809,20.186727,0.07743083915556781,10.16239,2.231320999271702,3.281602999777533,0.17404556274414062,24743,24581,0.016330718022863337,0.012,0.16,0.03,7,2,0,24743,18959637,30.6,0.015330718022863336,0.009,0.11,0.09,6,2,0,24743,18959637,30.6,-0.7886692819771367,-0.795,0.09,0.11,4,2,0,24743,18959637,31.9,-0.7986692819771366,-0.805,0.1,0.22,0,2,0,24743,18959637,30.6,0.010330718022863337,0.006,0.03,-0.11,1,2,0,24743,18959637,31.9,0.014330718022863337,0.007,0.09,0.22,8,2,0,24581,18959637,29.9,0.01833071802286334,0.011,0.03,0.24,3,2,0,24581,18959637,29.9,-0.8096692819771366,-0.82,0.11,0.4,15,2,0,24581,18959637,30.6,0.012330718022863337,0.007,0.15,0.16,2,2,0,24581,18959637,29.9,-0.7936692819771367,-0.8,-0.01,0.21,2,2,0,24581,18959637,29.9
644,18935115240499,18935124915989,sine_0.7hz,7.380080725997686,19.520427,0.08072583659668453,9.67549,2.1657180004694965,3.2549459974688943,0.17547607421875,24744,24582,0.017282043497986434,0.012,-0.03,0.14,12,2,0,24744,18959657,30.6,0.016282043497986433,0.011,-0.02,0.1,11,2,0,24744,18959657,30.6,-0.7877179565020136,-0.794,-0.08,0.11,9,2,0,24744,18959657,31.9,-0.7977179565020135,-0.804,0.05,0.22,5,2,0,24744,18959657,30.6,0.011282043497986434,0.006,0.13,0.19,6,2,0,24744,18959657,31.9,0.015282043497986434,0.007,0.05,0.27,13,2,0,24582,18959657,29.9,0.019282043497986436,0.013,0.17,0.07,8,2,0,24582,18959657,29.9,-0.8087179565020135,-0.818,0.04,0.4,5,2,0,24582,18959657,30.6,0.013282043497986434,0.008,0.11,0.05,7,2,0,24582,18959657,29.9,-0.7927179565020136,-0.799,0.01,0.29,7,2,0,24582,18959657,29.9
645,18935135233553,18935144734797,sine_0.7hz,7.400075540997932,19.818808,0.07554083640570752,9.501244,1.5548459996352904,2.6521060026425403,0.17309188842773438,24745,24583,0.018099369325415036,0.015,0.03,-0.19,2,2,0,24745,18959677,30.6,0.017099369325415035,0.012,-0.18,-0.08,1,2,0,24745,18959677,30.6,-0.786900630674585,-0.793,-0.07,0.11,14,2,0,24745,18959677,31.9,-0.7969006306745849,-0.803,0.04,0.14,10,2,0,24745,18959677,30.6,0.012099369325415036,0.007,0.1,0.39,11,2,0,24745,18959677,31.9,0.016099369325415037,0.009,0.04,0.35,2,2,0,24583,18959676,29.9,0.020099369325415034,0.014,0.03,0.15,12,2,0,24583,18959676,29.9,-0.807900630674585,-0.817,0.22,0.19,9,2,0,24583,18959676,30.6,0.014099369325415036,0.009,0.14,0.03,11,2,0,24583,18959676,29.9,-0.791900630674585,-0.798,0.06,0.27,11,2,0,24583,18959676,29.9
646,18935155231504,18935164227319,sine_0.7hz,7.420076722999511,19.492522,0.07672283754800446,8.995815,1.495451000664616,2.5496050002402626,0.2162456512451172,24746,24584,0.018777002047320735,0.016,-0.06,0.18,7,2,0,24746,18959697,30.6,0.017777002047320734,0.012,-0.04,0.16,6,2,0,24746,18959697,30.6,-0.7862229979526794,-0.791,0.07,0.06,4,2,0,24746,18959697,31.9,-0.7962229979526793,-0.802,0.11,0.27,0,2,0,24746,18959697,30.6,0.012777002047320735,0.008,0.05,0.37,1,2,0,24746,18959697,31.9,0.016777002047320737,0.01,0.03,0.16,7,2,0,24584,18959696,29.9,0.020777002047320733,0.016,0.03,0.21,2,2,0,24584,18959696,29.9,-0.8072229979526793,-0.816,0.04,0.25,14,2,0,24584,18959696,30.6,0.014777002047320735,0.011,0.01,-0.03,1,2,0,24584,18959696,29.9,-0.7912229979526794,-0.797,0.11,0.0,1,2,0,24584,18959696,29.9
647,18935175232847,18935184227734,sine_0.7hz,7.440076785998826,20.000415,0.07678583642700687,8.994887,1.5085730010468978,2.5502460011921357,0.21266937255859375,24747,24585,0.019309393516264386,0.016,-0.01,0.08,12,2,0,24747,18959717,30.6,0.018309393516264386,0.013,0.04,0.29,11,2,0,24747,18959717,30.6,-0.7856906064837357,-0.79,0.11,0.15,9,2,0,24747,18959717,31.9,-0.7956906064837356,-0.802,0.05,0.17,5,2,0,24747,18959717,30.6,0.013309393516264386,0.009,0.01,0.23,6,2,0,24747,18959717,31.9,0.017309393516264385,0.011,0.09,0.19,12,2,0,24585,18959716,29.9,0.02130939351626439,0.017,0.09,0.0,6,2,0,24585,18959716,29.9,-0.8066906064837356,-0.812,0.14,-0.02,4,2,0,24585,18959716,30.6,0.015309393516264386,0.012,0.0,-0.17,5,2,0,24585,18959716,29.9,-0.7906906064837357,-0.795,0.05,-0.03,6,2,0,24585,18959716,29.9
648,18935195230925,18935204830541,sine_0.7hz,7.460075249000511,20.602807,0.07524883767473511,9.599616,1.652322000154527,2.736045997153269,0.17523765563964844,24748,24586,0.019692444133107875,0.017,-0.11,0.06,2,2,0,24748,18959737,30.6,0.018692444133107874,0.014,0.11,0.13,1,2,0,24748,18959737,30.6,-0.7853075558668922,-0.79,0.13,0.24,14,2,0,24748,18959737,31.9,-0.7953075558668921,-0.8,0.19,0.15,10,2,0,24748,18959737,30.6,0.013692444133107875,0.009,0.06,0.07,11,2,0,24748,18959737,31.9,0.017692444133107874,0.012,0.11,0.27,2,2,0,24586,18959736,29.9,0.021692444133107877,0.017,0.02,0.12,12,2,0,24586,18959736,29.9,-0.8063075558668921,-0.812,-0.01,0.22,9,2,0,24586,18959736,30.6,0.015692444133107875,0.012,0.05,0.16,10,2,0,24586,18959736,29.9,-0.7903075558668922,-0.794,-0.15,0.21,11,2,0,24586,18959736,29.9
649,18935215231148,18935224931119,sine_0.7hz,7.4800763679995725,20.100578,0.07636783630005084,9.699971,1.7627910019655246,2.8579700010595843,0.17213821411132812,24749,24587,0.019923261215268526,0.017,0.12,-0.03,7,2,0,24749,18959757,30.6,0.018923261215268525,0.014,0.06,0.22,6,2,0,24749,18959757,30.6,-0.7850767387847315,-0.789,0.1,-0.07,4,2,0,24749,18959757,31.9,-0.7950767387847314,-0.8,-0.06,-0.09,0,2,0,24749,18959757,30.6,0.013923261215268526,0.01,-0.02,0.04,1,2,0,24749,18959757,31.9,0.017923261215268528,0.013,0.1,0.04,7,2,0,24587,18959756,29.9,0.021923261215268525,0.018,-0.06,0.1,1,2,0,24587,18959756,29.9,-0.8060767387847314,-0.812,-0.13,0.26,14,2,0,24587,18959756,30.6,0.015923261215268526,0.012,-0.01,0.14,0,2,0,24587,18959756,29.9,-0.7900767387847315,-0.794,-0.14,0.11,1,2,0,24587,18959756,29.9
650,18935235231467,18935244753959,sine_0.7hz,7.500076558000728,19.82284,0.07655783701920882,9.522492,1.5539179985353258,2.684715000214055,0.17499923706054688,24750,24588,0.019999998866198625,0.017,0.03,0.15,12,2,0,24750,18959777,30.6,0.018999998866198624,0.014,-0.08,0.14,11,2,0,24750,18959777,30.6,-0.7850000011338014,-0.788,0.1,0.08,9,2,0,24750,18959777,31.9,-0.7950000011338013,-0.799,0.07,0.1,5,2,0,24750,18959777,30.6,0.013999998866198625,0.011,-0.02,0.11,6,2,0,24750,18959777,31.9,0.017999998866198623,0.014,-0.12,0.2,12,2,0,24588,18959776,29.9,0.021999998866198626,0.018,-0.03,0.13,6,2,0,24588,18959776,29.9,-0.8060000011338013,-0.811,0.02,0.23,4,2,0,24588,18959776,30.6,0.015999998866198625,0.013,0.0,-0.03,5,2,0,24588,18959776,29.9,-0.7900000011338014,-0.793,0.16,0.17,6,2,0,24588,18959776,29.9
651,18935255236618,18935264276371,sine_0.7hz,7.52007905299979,19.522412,0.07905283564468846,9.039753,1.5437410002050456,2.5814799992076587,0.2148151397705078,24751,24589,0.019922060073278184,0.018,-0.07,0.1,2,2,0,24751,18959797,30.6,0.018922060073278183,0.014,0.02,0.08,1,2,0,24751,18959797,30.6,-0.7850779399267218,-0.787,0.13,-0.24,14,2,0,24751,18959797,31.9,-0.7950779399267217,-0.799,0.13,0.19,10,2,0,24751,18959797,30.6,0.013922060073278184,0.011,0.02,0.08,11,2,0,24751,18959797,31.9,0.017922060073278186,0.015,-0.1,0.22,2,2,0,24589,18959796,29.9,0.021922060073278182,0.018,-0.13,0.23,11,2,0,24589,18959796,29.9,-0.8060779399267217,-0.811,-0.01,0.14,9,2,0,24589,18959796,30.6,0.015922060073278184,0.014,0.11,0.06,10,2,0,24589,18959796,29.9,-0.7900779399267218,-0.793,0.08,0.09,11,2,0,24589,18959796,29.9
652,18935275230536,18935284846088,sine_0.7hz,7.540075499997329,20.569717,0.07549983274657279,9.615552,2.1193489992583636,3.2036480006354395,0.17499923706054688,24752,24590,0.019690123219642346,0.018,-0.03,0.18,7,2,0,24752,18959817,30.6,0.018690123219642345,0.015,0.04,0.28,6,2,0,24752,18959817,30.6,-0.7853098767803577,-0.786,-0.06,-0.11,4,2,0,24752,18959817,31.9,-0.7953098767803576,-0.799,-0.19,0.24,14,2,0,24752,18959817,30.6,0.013690123219642346,0.012,0.03,0.16,1,2,0,24752,18959817,31.9,0.017690123219642348,0.015,0.06,0.23,7,2,0,24590,18959816,29.9,0.021690123219642345,0.018,0.06,0.14,1,2,0,24590,18959816,29.9,-0.8063098767803576,-0.811,-0.02,0.18,14,2,0,24590,18959816,30.6,0.015690123219642346,0.014,0.07,0.07,0,2,0,24590,18959816,29.9,-0.7903098767803577,-0.793,-0.03,0.07,1,2,0,24590,18959816,29.9
653,18935295232423,18935304763780,sine_0.7hz,7.560077002999606,19.917692,0.07700283458689228,9.531357,1.6520980025234167,2.743598000961356,0.17023086547851562,24753,24591,0.019305864849631153,0.018,0.11,0.27,12,2,0,24753,18959837,30.6,0.01830586484963115,0.015,0.01,0.24,11,2,0,24753,18959837,30.6,-0.7856941351503689,-0.786,-0.01,0.16,9,2,0,24753,18959837,31.9,-0.7956941351503688,-0.798,0.0,0.24,4,2,0,24753,18959837,30.6,0.013305864849631152,0.012,-0.04,-0.06,6,2,0,24753,18959837,31.9,0.017305864849631154,0.015,-0.2,0.14,12,2,0,24591,18959836,29.9,0.02130586484963115,0.019,0.14,0.25,6,2,0,24591,18959836,29.9,-0.8066941351503688,-0.811,-0.1,0.21,4,2,0,24591,18959836,30.6,0.015305864849631153,0.014,-0.05,0.12,5,2,0,24591,18959836,29.9,-0.7906941351503689,-0.792,0.17,0.04,6,2,0,24591,18959836,29.9
654,18935315232582,18935324179275,sine_0.7hz,7.5800785049978,19.415495,0.078504832345061,8.946693,1.5168280006037094,2.560037999501219,0.2148151397705078,24754,24592,0.018772296047016825,0.018,0.12,0.05,2,2,0,24754,18959857,30.6,0.017772296047016824,0.015,0.01,0.26,1,2,0,24754,18959857,30.6,-0.7862277039529832,-0.786,-0.07,0.13,14,2,0,24754,18959857,31.9,-0.7962277039529831,-0.799,0.19,0.15,9,2,0,24754,18959857,30.6,0.012772296047016825,0.013,0.04,0.07,11,2,0,24754,18959857,31.9,0.016772296047016827,0.015,0.01,0.14,2,2,0,24592,18959856,29.9,0.020772296047016824,0.018,0.04,0.11,11,2,0,24592,18959856,29.9,-0.8072277039529832,-0.811,-0.04,0.06,9,2,0,24592,18959856,30.6,0.014772296047016825,0.014,-0.05,-0.03,10,2,0,24592,18959856,29.9,-0.7912277039529833,-0.793,-0.01,0.22,11,2,0,24592,18959856,29.9
655,18935335233284,18935344275854,sine_0.7hz,7.600076007998723,20.096579,0.07600783283123747,9.04257,1.5654380003979895,2.6037839998025447,0.21648406982421875,24755,24593,0.01809369327238545,0.018,0.11,0.0,7,2,0,24755,18959877,30.6,0.017093693272385448,0.015,-0.01,0.14,6,2,0,24755,18959877,30.6,-0.7869063067276146,-0.786,0.05,-0.06,4,2,0,24755,18959877,31.9,-0.7969063067276145,-0.799,0.01,0.11,14,2,0,24755,18959877,30.6,0.012093693272385448,0.013,0.01,-0.02,0,2,0,24755,18959877,31.9,0.016093693272385447,0.015,0.0,-0.03,7,2,0,24593,18959876,29.9,0.02009369327238545,0.019,0.08,0.11,1,2,0,24593,18959876,29.9,-0.8079063067276145,-0.811,-0.1,0.32,14,2,0,24593,18959876,30.6,0.014093693272385448,0.014,0.0,-0.06,0,2,0,24593,18959876,29.9,-0.7919063067276146,-0.793,-0.06,0.15,1,2,0,24593,18959876,29.9
656,18935355230435,18935364147911,sine_0.7hz,7.620075143000577,19.872057,0.07514283424825408,8.917476,1.51158000153373,2.55261399797746,0.217437744140625,24756,24594,0.017275138489407458,0.018,-0.12,-0.07,12,2,0,24756,18959897,30.6,0.016275138489407457,0.015,0.1,0.25,11,2,0,24756,18959897,30.6,-0.7877248615105926,-0.786,-0.01,-0.01,9,2,0,24756,18959897,31.9,-0.7977248615105925,-0.799,0.14,0.02,4,2,0,24756,18959897,30.6,0.011275138489407458,0.013,0.02,0.01,5,2,0,24756,18959897,31.9,0.015275138489407458,0.015,0.04,0.13,12,2,0,24594,18959896,29.9,0.019275138489407456,0.018,0.02,0.28,6,2,0,24594,18959896,29.9,-0.8087248615105925,-0.812,-0.07,0.15,4,2,0,24594,18959896,30.6,0.013275138489407458,0.014,-0.02,0.1,5,2,0,24594,18959896,29.9,-0.7927248615105926,-0.793,0.07,0.15,6,2,0,24594,18959896,29.9
657,18935375231042,18935384173063,sine_0.7hz,7.640074916998856,20.025152,0.07491683209082112,8.942021,1.517565000540344,2.560837998316856,0.2086162567138672,24757,24595,0.016322977898911017,0.018,-0.03,-0.01,2,2,0,24757,18959917,30.6,0.015322977898911017,0.015,-0.18,0.12,0,2,0,24757,18959917,30.6,-0.788677022101089,-0.786,0.06,0.1,14,2,0,24757,18959917,31.9,-0.7986770221010889,-0.799,0.03,0.14,9,2,0,24757,18959917,30.6,0.010322977898911017,0.013,-0.01,0.02,10,2,0,24757,18959917,31.9,0.014322977898911017,0.015,0.0,-0.01,2,2,0,24595,18959916,29.9,0.01832297789891102,0.018,0.0,0.12,11,2,0,24595,18959916,29.9,-0.8096770221010889,-0.811,0.19,0.08,9,2,0,24595,18959916,30.6,0.012322977898911017,0.014,0.0,-0.01,10,2,0,24595,18959916,29.9,-0.793677022101089,-0.793,-0.01,0.1,11,2,0,24595,18959916,29.9
658,18935395231713,18935404472530,sine_0.7hz,7.660076227999525,20.299467,0.07622783232363872,9.240817,1.6154559998540208,2.7130369999213144,0.17571449279785156,24758,24596,0.015244510616856524,0.017,-0.11,-0.02,7,2,0,24758,18959937,30.6,0.014244510616856523,0.015,-0.07,0.11,5,2,0,24758,18959937,30.6,-0.7897554893831435,-0.786,0.02,-0.26,4,2,0,24758,18959937,31.9,-0.7997554893831434,-0.799,-0.14,0.22,14,2,0,24758,18959937,30.6,0.009244510616856523,0.012,0.05,-0.25,0,2,0,24758,18959937,31.9,0.013244510616856523,0.015,0.0,-0.22,7,2,0,24596,18959936,29.9,0.017244510616856522,0.018,0.07,0.04,1,2,0,24596,18959936,29.9,-0.8107554893831435,-0.811,0.15,0.45,14,2,0,24596,18959936,30.6,0.011244510616856523,0.014,-0.14,-0.1,15,2,0,24596,18959936,29.9,-0.7947554893831436,-0.793,0.02,0.03,1,2,0,24596,18959936,29.9
659,18935415231103,18935424378861,sine_0.7hz,7.680074722997233,19.906331,0.07472282959497534,9.147758,1.6108170020743273,2.648841997142881,0.21076202392578125,24759,24597,0.014048321728678599,0.017,-0.07,-0.14,12,2,0,24759,18959957,30.6,0.013048321728678598,0.014,0.04,0.15,10,2,0,24759,18959957,30.6,-0.7909516782713214,-0.786,0.01,-0.11,9,2,0,24759,18959957,31.9,-0.8009516782713213,-0.8,-0.15,-0.04,4,2,0,24759,18959957,30.6,0.008048321728678599,0.012,-0.11,-0.21,5,2,0,24759,18959957,31.9,0.012048321728678599,0.015,-0.17,-0.08,12,2,0,24597,18959956,29.9,0.0160483217286786,0.018,-0.03,0.17,6,2,0,24597,18959956,29.9,-0.8119516782713213,-0.812,0.16,-0.07,4,2,0,24597,18959956,30.6,0.010048321728678599,0.013,0.15,-0.16,5,2,0,24597,18959956,29.9,-0.7959516782713214,-0.793,0.0,-0.01,6,2,0,24597,18959956,29.9
660,18935435233150,18935445442230,sine_0.7hz,7.70007779399748,21.063369,0.0777938294049818,10.20908,2.287291001266567,3.3290610008407384,0.1766681671142578,24760,24598,0.012743206336240794,0.017,-0.15,-0.22,2,2,0,24760,18959977,30.6,0.011743206336240795,0.014,0.09,-0.05,0,2,0,24760,18959977,30.6,-0.7922567936637592,-0.787,0.16,-0.09,14,2,0,24760,18959977,31.9,-0.8022567936637591,-0.8,0.04,0.13,9,2,0,24760,18959977,30.6,0.006743206336240794,0.012,-0.06,-0.18,10,2,0,24760,18959977,31.9,0.010743206336240794,0.014,0.2,-0.05,2,2,0,24598,18959976,29.9,0.014743206336240794,0.017,0.01,-0.18,11,2,0,24598,18959976,29.9,-0.8132567936637591,-0.812,-0.07,0.34,9,2,0,24598,18959976,30.6,0.008743206336240794,0.013,-0.16,-0.06,10,2,0,24598,18959976,29.9,-0.7972567936637592,-0.794,-0.08,-0.08,10,2,0,24598,18959976,29.9
661,18935455232541,18935464264869,sine_0.7hz,7.7200776639983815,18.822639,0.07766382987028919,9.032328,1.519323999673361,2.563461999670835,0.217437744140625,24761,24599,0.011339752207843145,0.017,0.04,-0.13,7,2,0,24761,18959997,30.6,0.010339752207843146,0.013,-0.07,-0.04,5,2,0,24761,18959997,30.6,-0.7936602477921569,-0.788,-0.05,-0.12,4,2,0,24761,18959997,31.9,-0.8036602477921568,-0.8,-0.01,-0.11,14,2,0,24761,18959997,30.6,0.005339752207843145,0.01,-0.22,-0.06,0,2,0,24761,18959997,31.9,0.009339752207843145,0.014,0.01,0.04,8,2,0,24599,18959997,29.9,0.013339752207843145,0.017,-0.08,-0.2,2,2,0,24599,18959997,29.9,-0.8146602477921568,-0.812,0.11,-0.36,15,2,0,24599,18959997,30.6,0.007339752207843145,0.012,0.01,-0.28,1,2,0,24599,18959997,29.9,-0.7986602477921569,-0.794,0.06,0.01,1,2,0,24599,18959997,29.9
662,18935475231387,18935484221698,sine_0.7hz,7.7400758389994735,19.956829,0.07583883052575402,8.990311,1.5235800019581802,2.571015000285115,0.2110004425048828,24762,24600,0.009848741159274059,0.016,0.04,-0.18,12,2,0,24762,18960017,30.6,0.00884874115927406,0.012,0.05,-0.13,10,2,0,24762,18960017,30.6,-0.795151258840726,-0.789,-0.04,-0.19,9,2,0,24762,18960017,31.9,-0.8051512588407259,-0.801,0.13,-0.05,4,2,0,24762,18960017,30.6,0.0038487411592740585,0.008,-0.15,-0.19,5,2,0,24762,18960017,31.9,0.007848741159274059,0.014,0.02,-0.19,12,2,0,24600,18960016,29.9,0.011848741159274059,0.016,0.04,-0.1,6,2,0,24600,18960016,29.9,-0.8161512588407259,-0.813,-0.04,-0.21,4,2,0,24600,18960016,30.6,0.0058487411592740585,0.012,-0.07,0.14,5,2,0,24600,18960016,29.9,-0.800151258840726,-0.795,-0.09,-0.12,5,2,0,24600,18960016,29.9
663,18935495230554,18935504870459,sine_0.7hz,7.760075197998958,20.648761,0.07519782957388088,9.639905,1.6940829991654027,2.7856469969265163,0.17714500427246094,24763,24601,0.00828149103279059,0.015,-0.15,-0.24,2,2,0,24763,18960037,30.6,0.00728149103279059,0.012,-0.09,-0.1,0,2,0,24763,18960037,30.6,-0.7967185089672094,-0.789,-0.12,-0.11,14,2,0,24763,18960037,31.9,-0.8067185089672093,-0.802,-0.15,-0.1,9,2,0,24763,18960037,30.6,0.0022814910327905898,0.008,0.05,-0.19,10,2,0,24763,18960037,31.9,0.00628149103279059,0.012,0.06,-0.18,2,2,0,24601,18960036,29.9,0.01028149103279059,0.016,-0.01,-0.29,11,2,0,24601,18960036,29.9,-0.8177185089672093,-0.813,0.09,-0.11,9,2,0,24601,18960036,30.6,0.00428149103279059,0.011,-0.01,-0.2,10,2,0,24601,18960036,29.9,-0.8017185089672094,-0.795,-0.1,-0.38,10,2,0,24601,18960036,29.9
664,18935515231577,18935524865946,sine_0.7hz,7.780077308998443,19.995487,0.07730882862233557,9.634369,2.109427998220781,3.235968997614691,0.1735687255859375,24764,24602,0.006649977741385912,0.014,-0.11,-0.23,6,2,0,24764,18960057,30.6,0.005649977741385912,0.011,0.09,-0.12,5,2,0,24764,18960057,30.6,-0.7983500222586142,-0.793,-0.08,-0.1,4,2,0,24764,18960057,31.9,-0.8083500222586141,-0.802,-0.12,-0.12,14,2,0,24764,18960057,30.6,0.0006499777413859122,0.007,0.02,-0.11,0,2,0,24764,18960057,31.9,0.004649977741385912,0.01,-0.12,-0.08,6,2,0,24602,18960056,29.9,0.008649977741385912,0.014,-0.03,-0.15,1,2,0,24602,18960056,29.9,-0.8193500222586141,-0.813,0.02,-0.17,14,2,0,24602,18960056,30.6,0.0026499777413859123,0.01,-0.12,-0.32,0,2,0,24602,18960056,29.9,-0.8033500222586142,-0.798,-0.28,0.07,0,2,0,24602,18960056,29.9
665,18935535233912,18935544756180,sine_0.7hz,7.800075546998414,19.890234,0.0755468281568028,9.522268,1.5563179986202158,2.6467930001672357,0.1766681671142578,24765,24603,0.00496736078716193,0.013,-0.22,-0.21,11,2,0,24765,18960077,30.6,0.00396736078716193,0.011,0.07,-0.23,10,2,0,24765,18960077,30.6,-0.8000326392128381,-0.794,-0.12,0.09,9,2,0,24765,18960077,31.9,-0.810032639212838,-0.804,0.09,-0.11,4,2,0,24765,18960077,30.6,-0.0010326392128380702,0.006,-0.11,-0.19,5,2,0,24765,18960077,31.9,0.00296736078716193,0.008,-0.2,-0.07,11,2,0,24603,18960076,29.9,0.00696736078716193,0.013,-0.13,-0.14,6,2,0,24603,18960076,29.9,-0.821032639212838,-0.816,-0.07,-0.19,4,2,0,24603,18960076,30.6,0.0009673607871619298,0.009,-0.1,-0.04,5,2,0,24603,18960076,29.9,-0.8050326392128381,-0.8,-0.2,-0.01,5,2,0,24603,18960076,29.9
666,18935555234774,18935574733889,sine_0.7hz,7.820077114000014,29.977709,0.07711382932029665,19.499115,1.5278049977496266,2.5793029999476857,0.21600723266601562,24766,24604,0.0032460501284711407,0.011,-0.17,-0.12,1,2,0,24766,18960097,30.6,0.0022460501284711407,0.009,-0.03,-0.24,0,2,0,24766,18960097,30.6,-0.8017539498715289,-0.796,-0.18,-0.22,14,2,0,24766,18960097,31.9,-0.8117539498715288,-0.805,0.05,-0.21,9,2,0,24766,18960097,30.6,-0.0027539498715288594,0.005,-0.04,-0.29,10,2,0,24766,18960097,31.9,0.0012460501284711407,0.006,-0.02,-0.02,1,2,0,24604,18960096,29.9,0.00524605012847114,0.012,-0.16,-0.06,11,2,0,24604,18960096,29.9,-0.8227539498715288,-0.818,-0.05,0.1,9,2,0,24604,18960096,30.6,-0.0007539498715288593,0.007,0.0,-0.24,10,2,0,24604,18960096,29.9,-0.8067539498715289,-0.801,0.02,-0.38,10,2,0,24604,18960096,29.9
667,18935575234933,18935584211772,sine_0.7hz,7.840080632999161,9.477883,0.08063282803050242,8.976839,1.5026520013634581,2.5494460023764987,0.21004676818847656,24767,24605,0.0014994633184006673,0.009,-0.06,-0.43,6,2,0,24767,18960117,30.6,0.0004994633184006673,0.008,-0.02,-0.18,5,2,0,24767,18960117,30.6,-0.8035005366815994,-0.798,-0.11,-0.1,4,2,0,24767,18960117,31.9,-0.8135005366815993,-0.806,-0.19,-0.11,14,2,0,24767,18960117,30.6,-0.004500536681599333,0.004,-0.29,-0.35,0,2,0,24767,18960117,31.9,-0.0005005366815993327,0.005,0.01,-0.08,6,2,0,24605,18960116,29.9,0.0034994633184006673,0.009,-0.02,0.03,1,2,0,24605,18960116,29.9,-0.8245005366815993,-0.82,-0.08,-0.07,14,2,0,24605,18960116,30.6,-0.0025005366815993328,0.006,-0.18,-0.17,15,2,0,24605,18960116,29.9,-0.8085005366815994,-0.802,-0.08,-0.33,0,2,0,24605,18960116,29.9
668,18935595231668,18935604707566,sine_0.7hz,7.8600758309985395,20.495794,0.07583082697237842,9.475898,1.5580780018353835,2.6435620020492934,0.1728534698486328,24768,24606,-0.0002579906999170985,0.009,0.03,-0.32,11,2,0,24768,18960137,30.6,-0.0012579906999170985,0.007,-0.1,-0.34,10,2,0,24768,18960137,30.6,-0.8052579906999171,-0.8,-0.07,-0.1,9,2,0,24768,18960137,31.9,-0.815257990699917,-0.809,-0.16,0.04,4,2,0,24768,18960137,30.6,-0.006257990699917099,0.002,-0.08,-0.05,5,2,0,24768,18960137,31.9,-0.0022579906999170988,0.004,-0.1,-0.31,11,2,0,24606,18960136,29.9,0.0017420093000829015,0.008,0.08,-0.21,6,2,0,24606,18960136,29.9,-0.826257990699917,-0.822,-0.13,-0.17,4,2,0,24606,18960136,30.6,-0.004257990699917099,0.002,-0.21,-0.11,5,2,0,24606,18960136,29.9,-0.8102579906999171,-0.803,-0.01,-0.05,5,2,0,24606,18960136,29.9
669,18935615233043,18935624623978,sine_0.7hz,7.8800777819997165,19.916412,0.07778182771289721,9.390935,1.4581699979316909,2.5487740022072103,0.1747608184814453,24769,24607,-0.002014041696027417,0.006,-0.12,-0.34,1,2,0,24769,18960157,30.6,-0.003014041696027417,0.002,-0.11,-0.06,0,2,0,24769,18960157,30.6,-0.8070140416960274,-0.801,-0.01,-0.05,14,2,0,24769,18960157,31.9,-0.8170140416960273,-0.811,-0.26,-0.05,9,2,0,24769,18960157,30.6,-0.008014041696027418,0.0,-0.26,-0.04,10,2,0,24769,18960157,31.9,-0.0040140416960274174,0.002,-0.12,0.0,1,2,0,24607,18960156,29.9,-1.4041696027416919e-05,0.007,-0.03,-0.08,11,2,0,24607,18960156,29.9,-0.8280140416960273,-0.822,0.08,-0.16,9,2,0,24607,18960156,30.6,-0.0060140416960274175,0.001,-0.19,-0.06,10,2,0,24607,18960156,29.9,-0.8120140416960274,-0.804,-0.23,-0.2,10,2,0,24607,18960156,29.9
670,18935635231121,18935644712588,sine_0.7hz,7.900075860998186,20.08861,0.0758608257456217,9.481467,1.5723510005045682,2.6624740021361504,0.17189979553222656,24770,24608,-0.003754180966292141,0.006,-0.05,-0.12,6,2,0,24770,18960177,30.6,-0.004754180966292141,0.001,0.01,0.0,5,2,0,24770,18960177,30.6,-0.8087541809662921,-0.803,0.16,-0.29,4,2,0,24770,18960177,31.9,-0.818754180966292,-0.812,-0.19,-0.08,14,2,0,24770,18960177,30.6,-0.009754180966292141,-0.004,-0.14,0.11,0,2,0,24770,18960177,31.9,-0.005754180966292141,0.001,-0.12,-0.07,6,2,0,24608,18960176,29.9,-0.001754180966292141,0.005,-0.23,-0.04,1,2,0,24608,18960176,29.9,-0.829754180966292,-0.822,-0.07,-0.22,14,2,0,24608,18960176,30.6,-0.007754180966292141,-0.001,-0.16,-0.19,0,2,0,24608,18960176,29.9,-0.8137541809662922,-0.806,0.04,-0.2,0,2,0,24608,18960176,29.9
671,18935655231408,18935664182934,sine_0.7hz,7.920075795998855,19.470346,0.07579582597827539,8.951526,1.4869070000713691,2.532196998799918,0.20647048950195312,24771,24609,-0.005465452595826682,0.004,-0.08,-0.23,11,2,0,24771,18960197,30.6,-0.006465452595826682,0.0,-0.05,-0.3,10,2,0,24771,18960197,30.6,-0.8104654525958267,-0.804,-0.15,0.1,9,2,0,24771,18960197,31.9,-0.8204654525958266,-0.814,-0.14,-0.2,4,2,0,24771,18960197,30.6,-0.011465452595826682,-0.005,-0.06,-0.07,5,2,0,24771,18960197,31.9,-0.007465452595826682,0.0,-0.04,-0.14,11,2,0,24609,18960196,29.9,-0.003465452595826682,0.003,-0.14,-0.3,6,2,0,24609,18960196,29.9,-0.8314654525958266,-0.825,-0.26,0.0,4,2,0,24609,18960196,30.6,-0.009465452595826682,-0.002,-0.09,-0.22,5,2,0,24609,18960196,29.9,-0.8154654525958267,-0.808,-0.18,-0.22,5,2,0,24609,18960196,29.9
672,18935675230351,18935684160275,sine_0.7hz,7.940075634000095,19.977341,0.0756338267819956,8.929924,1.485274999140529,2.5290939993283246,0.21219253540039062,24772,24610,-0.00713445337683824,0.001,-0.12,-0.35,1,2,0,24772,18960217,30.6,-0.008134453376838241,-0.001,-0.09,-0.33,0,2,0,24772,18960217,30.6,-0.8121344533768383,-0.805,-0.07,0.08,14,2,0,24772,18960217,31.9,-0.8221344533768382,-0.815,-0.06,-0.23,9,2,0,24772,18960217,30.6,-0.01313445337683824,-0.006,-0.13,-0.33,10,2,0,24772,18960217,31.9,-0.00913445337683824,-0.002,-0.12,-0.03,1,2,0,24610,18960216,29.9,-0.00513445337683824,0.002,-0.13,-0.2,11,2,0,24610,18960216,29.9,-0.8331344533768382,-0.826,-0.04,-0.15,9,2,0,24610,18960216,30.6,-0.01113445337683824,-0.004,-0.21,-0.12,10,2,0,24610,18960216,29.9,-0.8171344533768383,-0.81,-0.19,-0.29,10,2,0,24610,18960216,29.9
673,18935695229934,18935704698760,sine_0.7hz,7.960075152997888,20.538485,0.07515282413805835,9.468826,1.5672629997425247,2.655050000612391,0.1761913299560547,24773,24611,-0.008748260646239753,-0.001,-0.13,0.01,6,2,0,24773,18960237,30.6,-0.009748260646239754,-0.002,0.05,-0.28,5,2,0,24773,18960237,30.6,-0.8137482606462398,-0.807,-0.11,-0.17,3,2,0,24773,18960237,31.9,-0.8237482606462397,-0.816,-0.01,-0.37,14,2,0,24773,18960237,30.6,-0.014748260646239754,-0.007,0.08,-0.1,0,2,0,24773,18960237,31.9,-0.010748260646239753,-0.003,0.0,-0.1,6,2,0,24611,18960236,29.9,-0.006748260646239753,0.001,0.01,-0.47,1,2,0,24611,18960236,29.9,-0.8347482606462397,-0.828,-0.16,-0.13,14,2,0,24611,18960236,30.6,-0.012748260646239754,-0.006,-0.13,-0.11,15,2,0,24611,18960236,29.9,-0.8187482606462398,-0.811,-0.06,-0.18,15,2,0,24611,18960236,29.9
674,18935715232460,18935724340216,sine_0.7hz,7.980074511997373,19.641456,0.07451182318618521,9.107756,1.562910998472944,2.6186640025116503,0.21910667419433594,24774,24612,-0.010294410710840939,-0.003,-0.11,-0.16,11,2,0,24774,18960257,30.6,-0.01129441071084094,-0.004,-0.08,-0.19,10,2,0,24774,18960257,30.6,-0.815294410710841,-0.808,0.05,-0.32,8,2,0,24774,18960257,31.9,-0.8252944107108409,-0.82,-0.19,-0.02,4,2,0,24774,18960257,30.6,-0.016294410710840937,-0.009,0.03,-0.15,5,2,0,24774,18960257,31.9,-0.012294410710840939,-0.004,0.04,-0.4,11,2,0,24612,18960256,29.9,-0.008294410710840939,0.0,0.1,-0.15,6,2,0,24612,18960256,29.9,-0.8362944107108409,-0.831,-0.05,-0.16,4,2,0,24612,18960256,30.6,-0.014294410710840939,-0.008,-0.04,-0.17,5,2,0,24612,18960256,29.9,-0.820294410710841,-0.813,-0.04,-0.18,5,2,0,24612,18960256,29.9
675,18935735233099,18935744329270,sine_0.7hz,8.000076686999819,19.989054,0.07668682519579306,9.096171,1.5928959983284585,2.64644200069597,0.2110004425048828,24775,24613,-0.011761161796035367,-0.005,-0.06,-0.19,1,2,0,24775,18960277,30.6,-0.012761161796035366,-0.007,-0.16,-0.03,0,2,0,24775,18960277,30.6,-0.8167611617960354,-0.81,0.01,-0.07,13,2,0,24775,18960277,31.9,-0.8267611617960353,-0.822,-0.21,-0.27,9,2,0,24775,18960277,30.6,-0.017761161796035367,-0.011,-0.2,-0.23,10,2,0,24775,18960277,31.9,-0.013761161796035367,-0.005,-0.11,-0.33,1,2,0,24613,18960276,29.9,-0.009761161796035367,-0.001,-0.02,-0.26,11,2,0,24613,18960276,29.9,-0.8377611617960353,-0.831,-0.08,-0.32,9,2,0,24613,18960276,30.6,-0.015761161796035365,-0.009,-0.07,-0.19,10,2,0,24613,18960276,29.9,-0.8217611617960354,-0.814,-0.14,-0.33,10,2,0,24613,18960276,29.9
676,18935755233322,18935764250162,sine_0.7hz,8.020077933997527,19.920892,0.0779338224674575,9.01684,1.5135650028241798,2.564423000876559,0.21529197692871094,24776,24614,-0.01313688506292921,-0.006,-0.07,-0.24,6,2,0,24776,18960297,30.6,-0.014136885062929209,-0.008,-0.07,-0.31,5,2,0,24776,18960297,30.6,-0.8181368850629293,-0.812,-0.12,-0.21,3,2,0,24776,18960297,31.9,-0.8281368850629292,-0.822,-0.16,-0.1,14,2,0,24776,18960297,30.6,-0.01913688506292921,-0.014,0.02,0.02,0,2,0,24776,18960297,31.9,-0.01513688506292921,-0.007,-0.18,-0.24,6,2,0,24614,18960296,29.9,-0.01113688506292921,-0.003,-0.09,-0.15,1,2,0,24614,18960296,29.9,-0.8391368850629292,-0.832,-0.11,-0.19,14,2,0,24614,18960296,30.6,-0.017136885062929208,-0.01,0.07,-0.02,15,2,0,24614,18960296,29.9,-0.8231368850629293,-0.815,-0.13,-0.21,15,2,0,24614,18960296,29.9
677,18935775231113,18935784318867,sine_0.7hz,8.040073771997413,20.068705,0.07377182191703469,9.087754,1.5151320003496949,2.597894999780692,0.17380714416503906,24777,24615,-0.014410681080272473,-0.008,-0.31,-0.13,11,2,0,24777,18960317,30.6,-0.015410681080272472,-0.009,-0.02,-0.25,10,2,0,24777,18960317,30.6,-0.8194106810802725,-0.813,-0.04,-0.25,8,2,0,24777,18960317,31.9,-0.8294106810802724,-0.823,0.0,-0.54,4,2,0,24777,18960317,30.6,-0.020410681080272473,-0.015,-0.12,-0.1,5,2,0,24777,18960317,31.9,-0.016410681080272473,-0.007,0.04,-0.09,11,2,0,24615,18960316,29.9,-0.012410681080272472,-0.004,0.21,-0.23,6,2,0,24615,18960316,29.9,-0.8404106810802724,-0.833,-0.01,-0.52,4,2,0,24615,18960316,30.6,-0.018410681080272474,-0.012,-0.2,-0.23,5,2,0,24615,18960316,29.9,-0.8244106810802725,-0.818,-0.15,-0.11,5,2,0,24615,18960316,29.9
678,18935795230471,18935804703234,sine_0.7hz,8.060076714999013,20.384367,0.07671482308069244,9.472763,1.5431339998031035,2.670123001735192,0.1735687255859375,24778,24616,-0.015573480934222245,-0.011,-0.19,-0.02,1,2,0,24778,18960337,30.6,-0.016573480934222246,-0.01,-0.03,-0.39,0,2,0,24778,18960337,30.6,-0.8205734809342223,-0.814,-0.08,-0.15,13,2,0,24778,18960337,31.9,-0.8305734809342222,-0.823,-0.06,0.02,9,2,0,24778,18960337,30.6,-0.021573480934222247,-0.016,-0.1,-0.27,10,2,0,24778,18960337,31.9,-0.017573480934222244,-0.01,-0.1,-0.13,1,2,0,24616,18960336,29.9,-0.013573480934222245,-0.006,-0.1,-0.02,11,2,0,24616,18960336,29.9,-0.8415734809342222,-0.834,-0.12,-0.53,8,2,0,24616,18960336,30.6,-0.019573480934222245,-0.013,-0.15,-0.22,10,2,0,24616,18960336,29.9,-0.8255734809342223,-0.82,-0.19,-0.13,10,2,0,24616,18960336,29.9
679,18935815234758,18935824677663,sine_0.7hz,8.080079401999683,19.974429,0.07940182331367396,9.442905,1.5259809988492634,2.6150159974349663,0.1709461212158203,24779,24617,-0.016615806504606423,-0.013,-0.23,-0.18,6,2,0,24779,18960357,30.6,-0.017615806504606424,-0.011,-0.09,-0.15,5,2,0,24779,18960357,30.6,-0.8216158065046064,-0.816,-0.03,-0.21,3,2,0,24779,18960357,31.9,-0.8316158065046064,-0.824,0.0,-0.58,14,2,0,24779,18960357,30.6,-0.02261580650460642,-0.017,0.06,-0.36,0,2,0,24779,18960357,31.9,-0.018615806504606425,-0.011,0.03,-0.57,6,2,0,24617,18960356,29.9,-0.014615806504606423,-0.009,0.12,-0.19,1,2,0,24617,18960356,29.9,-0.8426158065046063,-0.835,-0.16,-0.19,13,2,0,24617,18960356,30.6,-0.020615806504606423,-0.015,-0.19,-0.02,15,2,0,24617,18960356,29.9,-0.8266158065046065,-0.822,-0.18,-0.14,0,2,0,24617,18960356,29.9
680,18935835230981,18935845274230,sine_0.7hz,8.100076263999654,20.596567,0.07626382284797728,10.043249,2.1384540013968945,3.2284809967677575,0.17213821411132812,24780,24618,-0.017529364474712622,-0.014,-0.12,-0.1,11,2,0,24780,18960377,30.6,-0.018529364474712623,-0.011,0.04,-0.3,10,2,0,24780,18960377,30.6,-0.8225293644747127,-0.817,-0.19,0.01,8,2,0,24780,18960377,31.9,-0.8325293644747126,-0.825,-0.09,-0.29,4,2,0,24780,18960377,30.6,-0.02352936447471262,-0.019,-0.12,-0.2,5,2,0,24780,18960377,31.9,-0.019529364474712624,-0.011,-0.11,-0.28,11,2,0,24618,18960376,29.9,-0.015529364474712622,-0.009,0.02,-0.16,6,2,0,24618,18960376,29.9,-0.8435293644747126,-0.837,0.09,-0.35,3,2,0,24618,18960376,30.6,-0.021529364474712622,-0.017,-0.09,-0.21,5,2,0,24618,18960376,29.9,-0.8275293644747127,-0.823,-0.1,-0.05,5,2,0,24618,18960376,29.9
681,18935855232196,18935864536887,sine_0.7hz,8.120077062998462,19.262657,0.07706282121944241,9.304691,1.7740550028975122,2.862834000552539,0.16951560974121094,24781,24619,-0.01830755362927851,-0.016,-0.2,0.06,1,2,0,24781,18960397,30.6,-0.01930755362927851,-0.013,0.0,-0.22,0,2,0,24781,18960397,30.6,-0.8233075536292785,-0.818,-0.21,-0.14,13,2,0,24781,18960397,31.9,-0.8333075536292784,-0.826,0.07,-0.26,9,2,0,24781,18960397,30.6,-0.024307553629278507,-0.02,-0.22,-0.22,10,2,0,24781,18960397,31.9,-0.02030755362927851,-0.013,-0.17,-0.29,2,2,0,24619,18960397,29.9,-0.016307553629278507,-0.009,-0.16,-0.16,12,2,0,24619,18960397,29.9,-0.8443075536292785,-0.837,-0.05,-0.11,9,2,0,24619,18960397,30.6,-0.02230755362927851,-0.017,-0.06,0.08,11,2,0,24619,18960397,29.9,-0.8283075536292785,-0.823,-0.1,-0.14,11,2,0,24619,18960397,29.9
682,18935875230690,18935884298156,sine_0.7hz,8.140075973999046,19.761269,0.07597382136736996,9.067466,1.5152929991018027,2.557830001023831,0.20813941955566406,24782,24620,-0.01894410991556003,-0.017,-0.01,0.09,6,2,0,24782,18960417,30.6,-0.019944109915560032,-0.014,-0.09,-0.24,5,2,0,24782,18960417,30.6,-0.8239441099155601,-0.821,0.03,-0.15,3,2,0,24782,18960417,31.9,-0.83394410991556,-0.828,0.0,-0.02,14,2,0,24782,18960417,30.6,-0.02494410991556003,-0.021,-0.08,0.18,15,2,0,24782,18960417,31.9,-0.020944109915560033,-0.014,0.02,-0.3,6,2,0,24620,18960416,29.9,-0.01694410991556003,-0.011,-0.17,-0.28,1,2,0,24620,18960416,29.9,-0.84494410991556,-0.838,0.04,-0.25,13,2,0,24620,18960416,30.6,-0.02294410991556003,-0.018,-0.07,-0.26,15,2,0,24620,18960416,29.9,-0.8289441099155601,-0.825,-0.09,-0.15,0,2,0,24620,18960416,29.9
683,18935895231521,18935904748029,sine_0.7hz,8.160075044997939,20.449873,0.07504481982323341,9.516508,1.5697909984737635,2.6616420000209473,0.17499923706054688,24783,24621,-0.019434194801231177,-0.019,-0.04,0.13,11,2,0,24783,18960437,30.6,-0.020434194801231178,-0.015,-0.04,-0.38,10,2,0,24783,18960437,30.6,-0.8244341948012313,-0.822,-0.12,-0.07,8,2,0,24783,18960437,31.9,-0.8344341948012312,-0.831,-0.12,0.02,4,2,0,24783,18960437,30.6,-0.02543419480123118,-0.022,-0.02,-0.27,5,2,0,24783,18960437,31.9,-0.021434194801231175,-0.015,-0.23,-0.33,11,2,0,24621,18960436,29.9,-0.01743419480123118,-0.012,-0.06,-0.35,6,2,0,24621,18960436,29.9,-0.8454341948012312,-0.84,-0.12,-0.34,3,2,0,24621,18960436,30.6,-0.023434194801231177,-0.02,-0.08,-0.2,5,2,0,24621,18960436,29.9,-0.8294341948012313,-0.825,0.0,-0.16,5,2,0,24621,18960436,29.9
684,18935915233024,18935924519123,sine_0.7hz,8.180077507000533,19.771094,0.07750682198093273,9.286099,1.7265009992115665,2.812655999150593,0.17595291137695312,24784,24622,-0.019774057964657973,-0.019,-0.01,-0.16,1,2,0,24784,18960457,30.6,-0.020774057964657974,-0.017,0.0,-0.04,0,2,0,24784,18960457,30.6,-0.824774057964658,-0.822,0.07,-0.15,13,2,0,24784,18960457,31.9,-0.8347740579646579,-0.831,-0.07,0.01,9,2,0,24784,18960457,30.6,-0.025774057964657975,-0.023,0.08,-0.02,10,2,0,24784,18960457,31.9,-0.02177405796465797,-0.017,-0.03,-0.22,1,2,0,24622,18960456,29.9,-0.017774057964657974,-0.013,-0.07,-0.33,11,2,0,24622,18960456,29.9,-0.8457740579646579,-0.84,-0.15,-0.37,8,2,0,24622,18960456,30.6,-0.023774057964657973,-0.021,0.04,-0.21,10,2,0,24622,18960456,29.9,-0.829774057964658,-0.827,-0.1,0.06,10,2,0,24622,18960456,29.9
685,18935935231935,18935944195813,sine_0.7hz,8.20007555399934,19.67669,0.07555382035207003,8.963878,1.5343019986175932,2.5836870008788537,0.21028518676757812,24785,24623,-0.019960950777099674,-0.02,-0.17,0.08,6,2,0,24785,18960477,30.6,-0.020960950777099675,-0.017,-0.02,-0.18,5,2,0,24785,18960477,30.6,-0.8249609507770997,-0.823,-0.04,0.02,3,2,0,24785,18960477,31.9,-0.8349609507770996,-0.831,0.01,0.05,14,2,0,24785,18960477,30.6,-0.025960950777099673,-0.024,-0.03,-0.15,15,2,0,24785,18960477,31.9,-0.021960950777099676,-0.019,-0.08,-0.14,6,2,0,24623,18960476,29.9,-0.017960950777099673,-0.014,-0.11,-0.16,1,2,0,24623,18960476,29.9,-0.8459609507770997,-0.84,-0.03,-0.29,13,2,0,24623,18960476,30.6,-0.023960950777099674,-0.021,0.08,-0.17,15,2,0,24623,18960476,29.9,-0.8299609507770997,-0.828,-0.14,0.04,15,2,0,24623,18960476,29.9
686,18935955229341,18935964308424,sine_0.7hz,8.220075168999756,20.112611,0.07516882033087313,9.079083,1.6134409997903276,2.651466002134839,0.21338462829589844,24786,24624,-0.01999351652749836,-0.02,-0.04,-0.04,11,2,0,24786,18960497,30.6,-0.02099351652749836,-0.018,0.1,-0.33,10,2,0,24786,18960497,30.6,-0.8249935165274984,-0.823,-0.1,-0.12,8,2,0,24786,18960497,31.9,-0.8349935165274983,-0.832,-0.01,-0.07,4,2,0,24786,18960497,30.6,-0.02599351652749836,-0.025,-0.04,-0.19,5,2,0,24786,18960497,31.9,-0.021993516527498362,-0.019,0.01,-0.24,11,2,0,24624,18960496,29.9,-0.01799351652749836,-0.016,-0.07,0.06,6,2,0,24624,18960496,29.9,-0.8459935165274983,-0.84,-0.05,-0.46,3,2,0,24624,18960496,30.6,-0.02399351652749836,-0.022,-0.13,-0.04,5,2,0,24624,18960496,29.9,-0.8299935165274984,-0.83,-0.1,-0.09,5,2,0,24624,18960496,29.9
687,18935975229276,18935984763641,sine_0.7hz,8.240075104000425,20.455217,0.07510382056352682,9.534365,2.0811399990634527,3.164926998579176,0.1766681671142578,24787,24625,-0.019871479541332476,-0.021,-0.03,-0.09,1,2,0,24787,18960517,30.6,-0.020871479541332477,-0.018,-0.08,-0.25,15,2,0,24787,18960517,30.6,-0.8248714795413326,-0.823,0.0,-0.17,13,2,0,24787,18960517,31.9,-0.8348714795413325,-0.833,-0.05,-0.22,9,2,0,24787,18960517,30.6,-0.025871479541332475,-0.025,0.01,0.07,10,2,0,24787,18960517,31.9,-0.021871479541332478,-0.02,0.06,-0.07,1,2,0,24625,18960516,29.9,-0.017871479541332475,-0.017,-0.05,-0.05,11,2,0,24625,18960516,29.9,-0.8458714795413325,-0.84,0.03,-0.18,8,2,0,24625,18960516,30.6,-0.023871479541332476,-0.021,0.17,-0.09,10,2,0,24625,18960516,29.9,-0.8298714795413326,-0.83,-0.04,0.13,10,2,0,24625,18960516,29.9
688,18935995231419,18936004321606,sine_0.7hz,8.260077118000481,19.557965,0.07711782018304802,9.090187,1.653570001508342,2.7341249988239724,0.179290771484375,24788,24626,-0.019595745157104365,-0.021,0.02,-0.09,6,2,0,24788,18960537,30.6,-0.020595745157104366,-0.018,0.04,-0.06,5,2,0,24788,18960537,30.6,-0.8245957451571044,-0.824,0.02,-0.17,3,2,0,24788,18960537,31.9,-0.8345957451571043,-0.833,0.07,-0.29,14,2,0,24788,18960537,30.6,-0.025595745157104367,-0.025,-0.04,-0.22,15,2,0,24788,18960537,31.9,-0.021595745157104364,-0.02,-0.02,-0.19,6,2,0,24626,18960536,29.9,-0.017595745157104367,-0.017,0.14,-0.01,1,2,0,24626,18960536,29.9,-0.8455957451571043,-0.841,-0.17,-0.44,13,2,0,24626,18960536,30.6,-0.023595745157104366,-0.021,0.04,-0.06,14,2,0,24626,18960536,29.9,-0.8295957451571044,-0.83,-0.01,0.14,0,2,0,24626,18960536,29.9
689,18936015231161,18936025236233,sine_0.7hz,8.280076093000389,20.914627,0.07609281965414993,10.005072,2.101748003042303,3.1803509991732426,0.171661376953125,24789,24627,-0.019168526933214466,-0.021,-0.06,0.02,11,2,0,24789,18960557,30.6,-0.020168526933214467,-0.018,0.08,-0.21,10,2,0,24789,18960557,30.6,-0.8241685269332145,-0.824,-0.02,-0.02,8,2,0,24789,18960557,31.9,-0.8341685269332144,-0.833,-0.1,-0.16,4,2,0,24789,18960557,30.6,-0.025168526933214468,-0.026,0.0,0.06,5,2,0,24789,18960557,31.9,-0.021168526933214464,-0.02,0.08,-0.07,11,2,0,24627,18960556,29.9,-0.017168526933214467,-0.018,0.06,-0.07,6,2,0,24627,18960556,29.9,-0.8451685269332144,-0.841,-0.04,-0.52,3,2,0,24627,18960556,30.6,-0.023168526933214466,-0.022,-0.16,-0.05,4,2,0,24627,18960556,29.9,-0.8291685269332145,-0.83,0.04,0.14,5,2,0,24627,18960556,29.9
690,18936035232344,18936044824087,sine_0.7hz,8.300076891999197,19.587854,0.07689181802561507,9.591743,1.673026999924332,2.777614998194622,0.17333030700683594,24790,24628,-0.018593038743313032,-0.021,0.07,-0.07,1,2,0,24790,18960577,30.6,-0.019593038743313033,-0.019,0.02,-0.14,0,2,0,24790,18960577,30.6,-0.8235930387433131,-0.824,0.06,-0.16,13,2,0,24790,18960577,31.9,-0.833593038743313,-0.833,0.04,-0.36,9,2,0,24790,18960577,30.6,-0.024593038743313034,-0.026,0.02,0.2,10,2,0,24790,18960577,31.9,-0.02059303874331303,-0.021,-0.13,-0.1,2,2,0,24628,18960577,29.9,-0.016593038743313034,-0.018,-0.01,-0.09,12,2,0,24628,18960577,29.9,-0.844593038743313,-0.84,0.18,-0.45,9,2,0,24628,18960577,30.6,-0.022593038743313032,-0.023,-0.07,-0.12,10,2,0,24628,18960577,29.9,-0.8285930387433131,-0.83,0.14,0.16,11,2,0,24628,18960577,29.9
691,18936055234423,18936064815766,sine_0.7hz,8.320076411000628,19.991679,0.07641081901965663,9.581343,2.102676000504289,3.1841269992582966,0.17309188842773438,24791,24629,-0.01787381368248254,-0.021,-0.1,0.01,6,2,0,24791,18960597,30.6,-0.018873813682482542,-0.019,0.02,-0.12,5,2,0,24791,18960597,30.6,-0.8228738136824826,-0.824,-0.04,-0.18,3,2,0,24791,18960597,31.9,-0.8328738136824825,-0.833,0.01,-0.13,14,2,0,24791,18960597,30.6,-0.023873813682482543,-0.026,0.02,0.14,0,2,0,24791,18960597,31.9,-0.01987381368248254,-0.02,-0.07,-0.05,6,2,0,24629,18960596,29.9,-0.015873813682482543,-0.018,-0.08,-0.07,1,2,0,24629,18960596,29.9,-0.8438738136824825,-0.84,0.09,-0.52,13,2,0,24629,18960596,30.6,-0.02187381368248254,-0.023,0.01,-0.13,14,2,0,24629,18960596,29.9,-0.8278738136824826,-0.83,0.08,-0.04,0,2,0,24629,18960596,29.9
692,18936075233622,18936084175131,sine_0.7hz,8.340077304997976,19.359365,0.07730481593171135,8.941509,1.4926679978088941,2.537316999223549,0.23102760314941406,24792,24630,-0.017016317410719798,-0.021,0.03,0.1,11,2,0,24792,18960617,30.6,-0.0180163174107198,-0.018,0.03,-0.08,10,2,0,24792,18960617,30.6,-0.8220163174107199,-0.824,-0.04,-0.07,8,2,0,24792,18960617,31.9,-0.8320163174107198,-0.833,-0.02,0.02,4,2,0,24792,18960617,30.6,-0.0230163174107198,-0.025,-0.05,0.02,5,2,0,24792,18960617,31.9,-0.019016317410719796,-0.02,0.21,-0.08,11,2,0,24630,18960616,29.9,-0.015016317410719798,-0.017,0.04,0.03,6,2,0,24630,18960616,29.9,-0.8430163174107198,-0.84,0.13,-0.33,3,2,0,24630,18960616,30.6,-0.021016317410719798,-0.023,-0.01,-0.06,4,2,0,24630,18960616,29.9,-0.8270163174107199,-0.83,-0.07,0.21,5,2,0,24630,18960616,29.9
693,18936095231540,18936104687790,sine_0.7hz,8.360075831998984,20.512659,0.07583181650261395,9.45625,1.567710998642724,2.6582499995129183,0.17499923706054688,24793,24631,-0.016027350462088842,-0.02,0.13,0.27,1,2,0,24793,18960637,30.6,-0.017027350462088843,-0.018,-0.24,-0.18,15,2,0,24793,18960637,30.6,-0.8210273504620889,-0.824,-0.05,-0.05,13,2,0,24793,18960637,31.9,-0.8310273504620888,-0.832,-0.1,-0.02,9,2,0,24793,18960637,30.6,-0.02202735046208884,-0.025,0.02,-0.02,10,2,0,24793,18960637,31.9,-0.018027350462088844,-0.02,0.1,0.03,1,2,0,24631,18960636,29.9,-0.014027350462088842,-0.017,-0.04,0.06,10,2,0,24631,18960636,29.9,-0.8420273504620888,-0.84,-0.07,-0.14,8,2,0,24631,18960636,30.6,-0.020027350462088842,-0.023,0.05,0.06,9,2,0,24631,18960636,29.9,-0.8260273504620889,-0.83,0.05,0.16,10,2,0,24631,18960636,29.9
694,18936115229875,18936124181753,sine_0.7hz,8.38007592699796,19.493963,0.07592681504320353,8.951878,1.4847960010229144,2.531333000661107,0.21123886108398438,24794,24632,-0.014914373858317086,-0.02,-0.01,0.41,6,2,0,24794,18960657,30.6,-0.015914373858317087,-0.018,-0.02,-0.06,5,2,0,24794,18960657,30.6,-0.8199143738583171,-0.823,0.12,0.06,3,2,0,24794,18960657,31.9,-0.829914373858317,-0.832,0.1,-0.05,14,2,0,24794,18960657,30.6,-0.020914373858317084,-0.024,-0.02,0.22,0,2,0,24794,18960657,31.9,-0.016914373858317087,-0.02,0.11,-0.11,6,2,0,24632,18960656,29.9,-0.012914373858317086,-0.017,0.05,0.17,0,2,0,24632,18960656,29.9,-0.840914373858317,-0.84,-0.09,-0.35,13,2,0,24632,18960656,30.6,-0.018914373858317086,-0.023,-0.08,0.08,14,2,0,24632,18960656,29.9,-0.8249143738583171,-0.83,0.11,0.2,15,2,0,24632,18960656,29.9
695,18936135234642,18936144971703,sine_0.7hz,8.400078997998207,20.78995,0.07899781485321,9.737061,2.287291001266567,3.3806470019044355,0.17547607421875,24795,24633,-0.013685875669699655,-0.02,0.2,0.34,11,2,0,24795,18960677,30.6,-0.014685875669699654,-0.018,-0.08,-0.02,10,2,0,24795,18960677,30.6,-0.8186858756696997,-0.823,0.13,0.12,8,2,0,24795,18960677,31.9,-0.8286858756696996,-0.832,0.0,0.01,4,2,0,24795,18960677,30.6,-0.019685875669699655,-0.024,0.04,0.07,5,2,0,24795,18960677,31.9,-0.015685875669699655,-0.02,0.16,-0.03,11,2,0,24633,18960676,29.9,-0.011685875669699655,-0.017,-0.01,0.21,5,2,0,24633,18960676,29.9,-0.8396858756696997,-0.84,0.02,-0.1,3,2,0,24633,18960676,30.6,-0.017685875669699654,-0.022,-0.06,0.1,4,2,0,24633,18960676,29.9,-0.8236858756696998,-0.829,0.16,0.22,5,2,0,24633,18960676,29.9
696,18936155234513,18936164690506,sine_0.7hz,8.420079219999025,19.718803,0.07921981523395516,9.455993,1.5189730002020951,2.6116879998880904,0.17523765563964844,24796,24634,-0.012351712217580347,-0.019,0.15,0.41,1,2,0,24796,18960697,30.6,-0.013351712217580348,-0.017,0.03,0.07,15,2,0,24796,18960697,30.6,-0.8173517122175804,-0.823,-0.03,0.05,13,2,0,24796,18960697,31.9,-0.8273517122175803,-0.831,0.07,0.28,9,2,0,24796,18960697,30.6,-0.01835171221758035,-0.024,0.02,0.19,10,2,0,24796,18960697,31.9,-0.014351712217580347,-0.019,-0.02,0.13,2,2,0,24634,18960697,29.9,-0.010351712217580347,-0.017,0.17,0.12,11,2,0,24634,18960697,29.9,-0.8383517122175803,-0.839,0.13,-0.23,9,2,0,24634,18960697,30.6,-0.016351712217580347,-0.022,0.07,0.11,10,2,0,24634,18960697,29.9,-0.8223517122175804,-0.829,0.09,-0.05,11,2,0,24634,18960697,29.9
697,18936175233040,18936184234071,sine_0.7hz,8.440077970997663,19.543565,0.07797081343596801,9.001031,1.5054360010253731,2.546693001931999,0.21004676818847656,24797,24635,-0.01092214194938819,-0.019,0.12,0.26,6,2,0,24797,18960717,30.6,-0.01192214194938819,-0.016,0.02,-0.02,5,2,0,24797,18960717,30.6,-0.8159221419493883,-0.822,0.1,0.25,3,2,0,24797,18960717,31.9,-0.8259221419493882,-0.831,-0.03,0.11,14,2,0,24797,18960717,30.6,-0.016922141949388188,-0.023,0.06,0.22,0,2,0,24797,18960717,31.9,-0.01292214194938819,-0.019,-0.13,0.05,6,2,0,24635,18960716,29.9,-0.00892214194938819,-0.016,-0.12,0.11,0,2,0,24635,18960716,29.9,-0.8369221419493882,-0.839,0.14,-0.06,13,2,0,24635,18960716,30.6,-0.01492214194938819,-0.022,-0.09,0.18,14,2,0,24635,18960716,29.9,-0.8209221419493883,-0.829,0.05,0.28,15,2,0,24635,18960716,29.9
698,18936195231598,18936204720617,sine_0.7hz,8.460074449998501,20.486546,0.07444981383741833,9.489019,1.5652459987904876,2.657002998603275,0.17642974853515625,24798,24636,-0.009408300045306824,-0.018,0.07,0.45,11,2,0,24798,18960737,30.6,-0.010408300045306823,-0.015,-0.13,-0.14,10,2,0,24798,18960737,30.6,-0.8144083000453068,-0.821,0.14,0.26,8,2,0,24798,18960737,31.9,-0.8244083000453067,-0.83,0.13,-0.15,4,2,0,24798,18960737,30.6,-0.015408300045306824,-0.022,0.07,0.07,5,2,0,24798,18960737,31.9,-0.011408300045306824,-0.019,0.11,0.3,11,2,0,24636,18960736,29.9,-0.007408300045306824,-0.015,-0.1,0.35,5,2,0,24636,18960736,29.9,-0.8354083000453068,-0.838,0.12,-0.22,3,2,0,24636,18960736,30.6,-0.013408300045306824,-0.02,-0.03,0.11,4,2,0,24636,18960736,29.9,-0.8194083000453068,-0.827,0.14,0.33,5,2,0,24636,18960736,29.9
699,18936215230605,18936224636357,sine_0.7hz,8.480075376999594,19.91574,0.07537681449321099,9.405752,1.4849550025246572,2.580551001301501,0.17595291137695312,24799,24637,-0.007821371302821414,-0.016,0.03,0.05,1,2,0,24799,18960757,30.6,-0.008821371302821415,-0.014,0.03,0.04,0,2,0,24799,18960757,30.6,-0.8128213713028215,-0.82,0.09,0.27,13,2,0,24799,18960757,31.9,-0.8228213713028214,-0.829,0.02,0.23,8,2,0,24799,18960757,30.6,-0.013821371302821414,-0.021,0.06,0.05,10,2,0,24799,18960757,31.9,-0.009821371302821414,-0.017,0.31,0.28,1,2,0,24637,18960756,29.9,-0.005821371302821414,-0.014,-0.06,0.22,10,2,0,24637,18960756,29.9,-0.8338213713028214,-0.836,-0.04,-0.2,8,2,0,24637,18960756,30.6,-0.011821371302821414,-0.019,0.16,0.14,9,2,0,24637,18960756,29.9,-0.8178213713028215,-0.826,0.11,0.31,10,2,0,24637,18960756,29.9
700,18936235231820,18936245418115,sine_0.7hz,8.50007623899728,20.781758,0.07623881174367853,10.186295,2.2915160006959923,3.3454139993409626,0.17642974853515625,24800,24638,-0.006173961438976407,-0.015,0.05,0.16,6,2,0,24800,18960777,30.6,-0.007173961438976407,-0.012,-0.07,-0.04,5,2,0,24800,18960777,30.6,-0.8111739614389765,-0.818,-0.05,0.2,3,2,0,24800,18960777,31.9,-0.8211739614389764,-0.828,0.13,0.0,13,2,0,24800,18960777,30.6,-0.012173961438976408,-0.02,-0.04,0.24,15,2,0,24800,18960777,31.9,-0.008173961438976408,-0.015,0.06,-0.02,6,2,0,24638,18960776,29.9,-0.004173961438976407,-0.01,0.13,0.25,0,2,0,24638,18960776,29.9,-0.8321739614389764,-0.836,0.15,-0.17,13,2,0,24638,18960776,30.6,-0.010173961438976406,-0.018,0.12,0.15,14,2,0,24638,18960776,29.9,-0.8161739614389765,-0.823,0.17,0.04,15,2,0,24638,18960776,29.9
701,18936255233035,18936265295036,sine_0.7hz,8.520075181997527,19.876921,0.07518181155319326,10.062001,2.1338460028346162,3.2225609975284897,0.17213821411132812,24801,24639,-0.00447897008277927,-0.014,-0.05,0.09,11,2,0,24801,18960797,30.6,-0.00547897008277927,-0.01,0.21,0.12,10,2,0,24801,18960797,30.6,-0.8094789700827794,-0.817,0.16,-0.02,8,2,0,24801,18960797,31.9,-0.8194789700827793,-0.826,0.07,-0.07,3,2,0,24801,18960797,30.6,-0.01047897008277927,-0.019,0.02,0.17,5,2,0,24801,18960797,31.9,-0.00647897008277927,-0.013,0.14,-0.11,12,2,0,24639,18960797,29.9,-0.00247897008277927,-0.008,0.09,-0.16,6,2,0,24639,18960797,29.9,-0.8304789700827793,-0.834,0.13,-0.21,4,2,0,24639,18960797,30.6,-0.00847897008277927,-0.016,0.22,0.22,5,2,0,24639,18960797,29.9,-0.8144789700827794,-0.821,0.05,0.14,6,2,0,24639,18960797,29.9
702,18936275237193,18936284306516,sine_0.7hz,8.54007866900065,19.01148,0.07866881423979066,9.069323,1.5091160021256655,2.5589180004317313,0.2181529998779297,24802,24640,-0.002748951569903633,-0.011,-0.04,0.13,1,2,0,24802,18960817,30.6,-0.003748951569903633,-0.01,0.09,0.01,15,2,0,24802,18960817,30.6,-0.8077489515699037,-0.815,0.04,0.07,13,2,0,24802,18960817,31.9,-0.8177489515699036,-0.824,0.07,0.12,8,2,0,24802,18960817,30.6,-0.008748951569903633,-0.017,0.27,0.16,10,2,0,24802,18960817,31.9,-0.0047489515699036325,-0.01,0.05,0.0,2,2,0,24640,18960817,29.9,-0.0007489515699036328,-0.007,0.12,0.09,11,2,0,24640,18960817,29.9,-0.8287489515699036,-0.833,-0.02,-0.1,9,2,0,24640,18960817,30.6,-0.0067489515699036325,-0.015,-0.04,0.3,10,2,0,24640,18960817,29.9,-0.8127489515699037,-0.821,0.04,0.13,11,2,0,24640,18960817,29.9
703,18936295231848,18936304292882,sine_0.7hz,8.560074731998611,19.986366,0.07473181176465005,9.061034,1.5691830012656283,2.6160720008192584,0.21719932556152344,24803,24641,-0.00099832084244926,-0.01,0.12,0.2,6,2,0,24803,18960837,30.6,-0.00199832084244926,-0.008,0.07,0.09,4,2,0,24803,18960837,30.6,-0.8059983208424493,-0.812,0.09,0.13,3,2,0,24803,18960837,31.9,-0.8159983208424492,-0.822,0.13,0.38,13,2,0,24803,18960837,30.6,-0.00699832084244926,-0.015,0.09,0.15,15,2,0,24803,18960837,31.9,-0.00299832084244926,-0.009,0.04,-0.15,6,2,0,24641,18960836,29.9,0.0010016791575507401,-0.006,0.05,-0.09,0,2,0,24641,18960836,29.9,-0.8269983208424492,-0.832,0.2,-0.08,13,2,0,24641,18960836,30.6,-0.00499832084244926,-0.014,0.14,0.21,14,2,0,24641,18960836,29.9,-0.8109983208424493,-0.82,0.09,0.27,15,2,0,24641,18960836,29.9
704,18936315230791,18936324229198,sine_0.7hz,8.58007543399799,19.936316,0.07543381070718169,8.998407,1.536477000627201,2.5850310012174305,0.21576881408691406,24804,24642,0.00076043441809991,-0.008,0.18,0.13,11,2,0,24804,18960857,30.6,-0.00023956558190009003,-0.007,0.07,0.16,9,2,0,24804,18960857,30.6,-0.8042395655819001,-0.811,0.07,0.0,8,2,0,24804,18960857,31.9,-0.8142395655819,-0.82,0.04,0.07,3,2,0,24804,18960857,30.6,-0.0052395655819000905,-0.013,0.14,0.27,4,2,0,24804,18960857,31.9,-0.00123956558190009,-0.007,0.22,0.1,11,2,0,24642,18960856,29.9,0.00276043441809991,-0.005,0.12,0.08,5,2,0,24642,18960856,29.9,-0.8252395655819,-0.831,0.01,0.2,3,2,0,24642,18960856,30.6,-0.00323956558190009,-0.011,0.11,0.0,4,2,0,24642,18960856,29.9,-0.8092395655819001,-0.817,0.21,0.19,4,2,0,24642,18960856,29.9
705,18936335231365,18936344206476,sine_0.7hz,8.600075048998406,19.977278,0.07504881068598479,8.975111,1.5620140002283733,2.5953359981940594,0.2067089080810547,24805,24643,0.0025132141332890536,-0.005,0.1,0.11,1,2,0,24805,18960877,30.6,0.0015132141332890535,-0.006,0.07,0.12,14,2,0,24805,18960877,30.6,-0.802486785866711,-0.81,0.16,0.16,13,2,0,24805,18960877,31.9,-0.8124867858667109,-0.82,0.05,0.24,8,2,0,24805,18960877,30.6,-0.0034867858667109466,-0.012,0.01,0.33,9,2,0,24805,18960877,31.9,0.0005132141332890535,-0.004,0.21,-0.14,1,2,0,24643,18960876,29.9,0.004513214133289053,-0.003,0.15,-0.03,10,2,0,24643,18960876,29.9,-0.8234867858667109,-0.831,0.0,0.05,8,2,0,24643,18960876,30.6,-0.0014867858667109465,-0.009,0.13,-0.01,9,2,0,24643,18960876,29.9,-0.807486785866711,-0.816,0.03,0.1,9,2,0,24643,18960876,29.9
706,18936355230660,18936365303222,sine_0.7hz,8.62007507999806,21.096746,0.07507980990340002,10.072562,2.1085970001877286,3.2209290002356283,0.17309188842773438,24806,24644,0.004246596218725068,-0.003,0.04,-0.06,6,2,0,24806,18960897,30.6,0.0032465962187250676,-0.004,0.1,0.33,4,2,0,24806,18960897,30.6,-0.800753403781275,-0.808,0.07,0.14,3,2,0,24806,18960897,31.9,-0.8107534037812749,-0.819,-0.06,0.16,13,2,0,24806,18960897,30.6,-0.0017534037812749325,-0.011,0.09,0.16,14,2,0,24806,18960897,31.9,0.0022465962187250676,-0.003,0.04,-0.01,6,2,0,24644,18960896,29.9,0.006246596218725068,-0.001,0.15,0.07,15,2,0,24644,18960896,29.9,-0.8217534037812749,-0.83,-0.13,0.12,13,2,0,24644,18960896,30.6,0.00024659621872506754,-0.008,0.29,0.2,14,2,0,24644,18960896,29.9,-0.805753403781275,-0.814,0.14,0.05,14,2,0,24644,18960896,29.9
707,18936375233187,18936384282828,sine_0.7hz,8.640077318999829,18.979606,0.07731881123618223,9.049641,1.5228129996103235,2.5617350001994055,0.21338462829589844,24807,24645,0.005947325641025473,-0.001,0.1,-0.13,11,2,0,24807,18960917,30.6,0.004947325641025473,-0.003,0.0,-0.19,9,2,0,24807,18960917,30.6,-0.7990526743589745,-0.806,0.04,0.12,8,2,0,24807,18960917,31.9,-0.8090526743589744,-0.816,0.03,-0.02,3,2,0,24807,18960917,30.6,-5.267435897452714e-05,-0.007,0.23,0.08,4,2,0,24807,18960917,31.9,0.003947325641025473,-0.002,0.19,-0.18,12,2,0,24645,18960917,29.9,0.007947325641025474,0.002,0.08,0.06,6,2,0,24645,18960917,29.9,-0.8200526743589744,-0.828,0.07,0.31,4,2,0,24645,18960917,30.6,0.001947325641025473,-0.006,0.21,0.29,5,2,0,24645,18960917,29.9,-0.8040526743589745,-0.81,-0.03,-0.02,5,2,0,24645,18960917,29.9
708,18936395230882,18936404339501,sine_0.7hz,8.66007437299777,20.056673,0.07437280874000862,9.108619,1.5407969985972159,2.598279002995696,0.2186298370361328,24808,24646,0.007601633535346378,0.002,0.15,0.11,0,2,0,24808,18960937,30.6,0.006601633535346378,-0.001,0.18,0.0,14,2,0,24808,18960937,30.6,-0.7973983664646537,-0.804,0.22,0.18,13,2,0,24808,18960937,31.9,-0.8073983664646536,-0.814,0.0,0.12,8,2,0,24808,18960937,30.6,0.0016016335353463782,-0.006,0.03,0.11,9,2,0,24808,18960937,31.9,0.005601633535346378,0.0,-0.01,0.21,1,2,0,24646,18960936,29.9,0.009601633535346378,0.003,0.12,0.04,10,2,0,24646,18960936,29.9,-0.8183983664646536,-0.827,0.14,0.16,8,2,0,24646,18960936,30.6,0.0036016335353463783,-0.005,0.1,0.21,9,2,0,24646,18960936,29.9,-0.8023983664646537,-0.809,-0.05,0.21,9,2,0,24646,18960936,29.9
709,18936415231744,18936425246320,sine_0.7hz,8.680076451997593,20.906819,0.07645180812687613,10.014576,2.083602998027345,3.1652139987272676,0.17499923706054688,24809,24647,0.00919756947154364,0.004,0.27,-0.09,5,2,0,24809,18960957,30.6,0.00819756947154364,0.001,0.05,0.14,4,2,0,24809,18960957,30.6,-0.7958024305284565,-0.802,0.08,-0.09,3,2,0,24809,18960957,31.9,-0.8058024305284563,-0.813,0.01,-0.01,13,2,0,24809,18960957,30.6,0.00319756947154364,-0.004,-0.13,0.22,14,2,0,24809,18960957,31.9,0.00719756947154364,0.001,-0.01,-0.1,5,2,0,24647,18960956,29.9,0.01119756947154364,0.004,-0.03,0.05,15,2,0,24647,18960956,29.9,-0.8168024305284564,-0.825,0.03,0.34,13,2,0,24647,18960956,30.6,0.00519756947154364,-0.004,0.15,0.34,14,2,0,24647,18960956,29.9,-0.8008024305284565,-0.808,0.04,0.11,14,2,0,24647,18960956,29.9
710,18936435239231,18936445390613,sine_0.7hz,8.70008089899784,20.144293,0.08089880793704651,10.151382,2.246074000140652,3.29571499969461,0.1735687255859375,24810,24648,0.010722543667592828,0.006,0.19,-0.35,10,2,0,24810,18960977,30.6,0.009722543667592828,0.002,0.02,0.15,9,2,0,24810,18960977,30.6,-0.7942774563324072,-0.801,0.13,0.31,8,2,0,24810,18960977,31.9,-0.8042774563324071,-0.812,0.01,0.15,3,2,0,24810,18960977,30.6,0.004722543667592827,-0.003,0.02,0.15,4,2,0,24810,18960977,31.9,0.008722543667592828,0.002,-0.03,0.26,11,2,0,24648,18960977,29.9,0.012722543667592828,0.006,0.16,0.0,6,2,0,24648,18960977,29.9,-0.8152774563324071,-0.823,0.13,0.17,4,2,0,24648,18960977,30.6,0.0067225436675928275,0.0,0.12,-0.11,5,2,0,24648,18960977,29.9,-0.7992774563324072,-0.806,0.0,0.04,5,2,0,24648,18960977,29.9
711,18936455235614,18936464655062,sine_0.7hz,8.720079905997409,19.264449,0.0799058070697356,9.419448,1.4918039996700827,2.5790149993554223,0.17523765563964844,24811,24649,0.012164186080937518,0.009,0.22,-0.15,0,2,0,24811,18960997,30.6,0.011164186080937517,0.002,0.01,0.3,14,2,0,24811,18960997,30.6,-0.7928358139190625,-0.8,0.12,0.22,13,2,0,24811,18960997,31.9,-0.8028358139190624,-0.811,0.04,0.22,8,2,0,24811,18960997,30.6,0.006164186080937517,-0.002,0.3,0.12,9,2,0,24811,18960997,31.9,0.010164186080937518,0.004,0.02,0.33,1,2,0,24649,18960997,29.9,0.014164186080937518,0.007,0.05,0.17,11,2,0,24649,18960997,29.9,-0.8138358139190625,-0.822,0.09,0.27,9,2,0,24649,18960997,30.6,0.008164186080937517,0.001,0.02,0.07,10,2,0,24649,18960997,29.9,-0.7978358139190626,-0.804,0.24,0.04,10,2,0,24649,18960997,29.9
712,18936475233021,18936484227780,sine_0.7hz,8.740073631997802,19.572718,0.07363180702668615,8.994759,1.5053399984026328,2.5509820006845985,0.21195411682128906,24812,24650,0.01351143233301569,0.01,0.14,0.29,5,2,0,24812,18961017,30.6,0.01251143233301569,0.005,0.07,0.37,4,2,0,24812,18961017,30.6,-0.7914885676669844,-0.798,-0.03,0.01,3,2,0,24812,18961017,31.9,-0.8014885676669843,-0.81,-0.09,0.07,13,2,0,24812,18961017,30.6,0.00751143233301569,-0.001,0.08,0.25,14,2,0,24812,18961017,31.9,0.01151143233301569,0.006,0.07,0.06,5,2,0,24650,18961016,29.9,0.01551143233301569,0.009,0.11,0.25,0,2,0,24650,18961016,29.9,-0.8124885676669843,-0.821,0.13,0.44,13,2,0,24650,18961016,30.6,0.00951143233301569,0.002,0.1,0.12,14,2,0,24650,18961016,29.9,-0.7964885676669844,-0.802,0.1,-0.02,14,2,0,24650,18961016,29.9
713,18936495231995,18936504210562,sine_0.7hz,8.760075966998556,19.982782,0.07596680734422989,8.978567,1.5441579998878296,2.586567999969702,0.21600723266601562,24813,24651,0.014754774371896142,0.01,0.03,0.11,10,2,0,24813,18961037,30.6,0.013754774371896143,0.006,0.01,0.21,9,2,0,24813,18961037,30.6,-0.790245225628104,-0.798,0.06,0.19,8,2,0,24813,18961037,31.9,-0.8002452256281039,-0.808,0.11,0.19,3,2,0,24813,18961037,30.6,0.008754774371896142,0.002,0.18,0.19,4,2,0,24813,18961037,31.9,0.012754774371896142,0.006,0.07,0.36,10,2,0,24651,18961036,29.9,0.016754774371896142,0.009,0.17,0.3,5,2,0,24651,18961036,29.9,-0.8112452256281039,-0.82,0.09,0.37,3,2,0,24651,18961036,30.6,0.010754774371896142,0.004,-0.07,0.17,4,2,0,24651,18961036,29.9,-0.795245225628104,-0.801,0.0,0.08,4,2,0,24651,18961036,29.9
714,18936515232442,18936524709941,sine_0.7hz,8.78007737399821,20.499379,0.07737380656180903,9.477499,2.0165919995633885,3.1111959979170933,0.17404556274414062,24814,24652,0.015883944731747087,0.011,-0.14,0.08,0,2,0,24814,18961057,30.6,0.014883944731747086,0.007,0.13,0.16,14,2,0,24814,18961057,30.6,-0.789116055268253,-0.796,0.18,0.13,13,2,0,24814,18961057,31.9,-0.7991160552682529,-0.806,0.07,0.11,8,2,0,24814,18961057,30.6,0.009883944731747087,0.004,0.13,-0.28,9,2,0,24814,18961057,31.9,0.013883944731747087,0.007,0.09,0.29,0,2,0,24652,18961056,29.9,0.017883944731747085,0.011,0.18,0.17,10,2,0,24652,18961056,29.9,-0.8101160552682529,-0.82,-0.06,0.5,8,2,0,24652,18961056,30.6,0.011883944731747087,0.005,-0.07,0.1,9,2,0,24652,18961056,29.9,-0.794116055268253,-0.8,0.07,0.33,9,2,0,24652,18961056,29.9
715,18936535230681,18936545313292,sine_0.7hz,8.800073243997758,20.603351,0.0732438056729734,10.082611,2.1591260010609403,3.2415370005765,0.17309188842773438,24815,24653,0.0168900099007275,0.012,0.03,-0.02,5,2,0,24815,18961077,30.6,0.0158900099007275,0.011,-0.09,0.12,4,2,0,24815,18961077,30.6,-0.7881099900992725,-0.794,0.08,0.16,3,2,0,24815,18961077,31.9,-0.7981099900992724,-0.805,0.17,0.22,13,2,0,24815,18961077,30.6,0.0108900099007275,0.006,0.06,0.07,14,2,0,24815,18961077,31.9,0.0148900099007275,0.007,0.02,0.36,5,2,0,24653,18961076,29.9,0.0188900099007275,0.012,0.12,0.13,0,2,0,24653,18961076,29.9,-0.8091099900992724,-0.819,0.0,0.49,13,2,0,24653,18961076,30.6,0.0128900099007275,0.006,0.01,0.13,14,2,0,24653,18961076,29.9,-0.7931099900992725,-0.799,0.11,0.0,14,2,0,24653,18961076,29.9
716,18936555235640,18936564641199,sine_0.7hz,8.820079322998936,19.327907,0.07932280641398393,9.405559,1.4686670001538005,2.5653179982327856,0.17452239990234375,24816,24654,0.017765934666707978,0.013,-0.11,-0.04,10,2,0,24816,18961097,30.6,0.016765934666707977,0.011,-0.01,0.09,9,2,0,24816,18961097,30.6,-0.7872340653332921,-0.793,0.02,0.2,7,2,0,24816,18961097,31.9,-0.797234065333292,-0.803,0.03,0.25,3,2,0,24816,18961097,30.6,0.011765934666707977,0.007,0.14,0.04,4,2,0,24816,18961097,31.9,0.015765934666707976,0.008,0.07,0.29,11,2,0,24654,18961097,29.9,0.01976593466670798,0.013,0.06,-0.06,6,2,0,24654,18961097,29.9,-0.808234065333292,-0.817,0.01,0.12,4,2,0,24654,18961097,30.6,0.013765934666707978,0.009,0.18,-0.05,5,2,0,24654,18961097,29.9,-0.7922340653332921,-0.797,-0.06,0.01,5,2,0,24654,18961097,29.9
717,18936575231350,18936584331842,sine_0.7hz,8.840075993997743,19.690643,0.07599380478495732,9.100492,1.507196000602562,2.5609990007069428,0.2105236053466797,24817,24655,0.018504081843335577,0.015,0.09,-0.02,0,2,0,24817,18961117,30.6,0.017504081843335576,0.012,0.31,0.23,14,2,0,24817,18961117,30.6,-0.7864959181566644,-0.792,-0.01,0.15,12,2,0,24817,18961117,31.9,-0.7964959181566643,-0.802,-0.12,0.06,8,2,0,24817,18961117,30.6,0.012504081843335577,0.008,-0.08,0.15,9,2,0,24817,18961117,31.9,0.01650408184333558,0.01,-0.07,0.2,0,2,0,24655,18961116,29.9,0.020504081843335575,0.014,0.23,0.17,10,2,0,24655,18961116,29.9,-0.8074959181566643,-0.816,0.02,0.1,8,2,0,24655,18961116,30.6,0.014504081843335577,0.01,0.11,0.03,9,2,0,24655,18961116,29.9,-0.7914959181566644,-0.797,0.04,0.17,9,2,0,24655,18961116,29.9
718,18936595233077,18936604217404,sine_0.7hz,8.860077592999005,19.885562,0.07759280561003834,8.984327,1.5346210020652507,2.5820230002864264,0.2155303955078125,24818,24656,0.01909931722130233,0.016,-0.04,-0.07,5,2,0,24818,18961137,30.6,0.01809931722130233,0.013,0.05,0.28,4,2,0,24818,18961137,30.6,-0.7859006827786977,-0.791,-0.04,0.06,2,2,0,24818,18961137,31.9,-0.7959006827786976,-0.802,-0.01,0.15,13,2,0,24818,18961137,30.6,0.013099317221302332,0.008,0.13,0.21,14,2,0,24818,18961137,31.9,0.017099317221302333,0.011,0.02,0.19,5,2,0,24656,18961136,29.9,0.02109931722130233,0.016,0.06,0.09,15,2,0,24656,18961136,29.9,-0.8069006827786976,-0.815,0.19,0.03,13,2,0,24656,18961136,30.6,0.015099317221302332,0.011,-0.01,0.15,14,2,0,24656,18961136,29.9,-0.7909006827786977,-0.796,0.17,0.22,14,2,0,24656,18961136,29.9
719,18936615230932,18936625362985,sine_0.7hz,8.880075863999082,21.145581,0.0758638052502647,10.132053,2.2180400010256562,3.2635860006848816,0.17380714416503906,24819,24657,0.019546776180085285,0.017,-0.01,-0.02,10,2,0,24819,18961157,30.6,0.018546776180085284,0.014,0.04,0.1,9,2,0,24819,18961157,30.6,-0.7854532238199148,-0.79,-0.07,0.21,7,2,0,24819,18961157,31.9,-0.7954532238199147,-0.801,0.03,0.35,3,2,0,24819,18961157,30.6,0.013546776180085285,0.009,0.1,0.14,4,2,0,24819,18961157,31.9,0.017546776180085287,0.011,0.06,0.35,10,2,0,24657,18961156,29.9,0.021546776180085284,0.017,-0.08,0.19,5,2,0,24657,18961156,29.9,-0.8064532238199147,-0.812,0.22,0.22,3,2,0,24657,18961156,30.6,0.015546776180085285,0.012,0.13,0.1,4,2,0,24657,18961156,29.9,-0.7904532238199148,-0.794,-0.11,0.22,4,2,0,24657,18961156,29.9
720,18936635235443,18936644757551,sine_0.7hz,8.900078806000238,19.394566,0.07880580596975051,9.522108,1.571294997120276,2.683147002244368,0.17213821411132812,24820,24658,0.019843161661632826,0.017,-0.12,0.03,1,2,0,24820,18961178,30.6,0.018843161661632826,0.014,0.09,0.14,15,2,0,24820,18961178,30.6,-0.7851568383383672,-0.789,-0.04,0.06,13,2,0,24820,18961178,31.9,-0.7951568383383671,-0.8,0.04,0.35,9,2,0,24820,18961178,30.6,0.013843161661632826,0.009,-0.12,0.18,10,2,0,24820,18961178,31.9,0.017843161661632828,0.014,0.11,0.02,1,2,0,24658,18961177,29.9,0.021843161661632825,0.017,-0.02,0.13,11,2,0,24658,18961177,29.9,-0.8061568383383672,-0.812,0.05,0.21,9,2,0,24658,18961177,30.6,0.015843161661632826,0.012,-0.06,0.05,10,2,0,24658,18961177,29.9,-0.7901568383383673,-0.794,0.06,0.06,10,2,0,24658,18961177,29.9
721,18936655232305,18936665441737,sine_0.7hz,8.92007787699913,20.684186,0.07787680442561395,10.209432,2.280538999912096,3.317061000416288,0.17189979553222656,24821,24659,0.01998604647396413,0.018,0.03,-0.02,5,2,0,24821,18961197,30.6,0.018986046473964128,0.014,-0.02,0.21,4,2,0,24821,18961197,30.6,-0.7850139535260359,-0.787,0.01,-0.03,2,2,0,24821,18961197,31.9,-0.7950139535260358,-0.8,0.04,-0.07,13,2,0,24821,18961197,30.6,0.013986046473964129,0.01,0.12,0.16,14,2,0,24821,18961197,31.9,0.01798604647396413,0.015,0.08,0.18,5,2,0,24659,18961196,29.9,0.021986046473964127,0.018,-0.01,0.16,0,2,0,24659,18961196,29.9,-0.8060139535260358,-0.812,0.08,0.42,13,2,0,24659,18961196,30.6,0.01598604647396413,0.013,0.03,0.13,14,2,0,24659,18961196,29.9,-0.7900139535260359,-0.794,-0.02,0.26,14,2,0,24659,18961196,29.9
722,18936675233072,18936684185334,sine_0.7hz,8.940077267998277,18.743597,0.077267803135328,8.952262,1.4842199998383876,2.5262449998990633,0.2117156982421875,24822,24660,0.01997439647565745,0.018,-0.04,0.04,10,2,0,24822,18961217,30.6,0.01897439647565745,0.015,0.17,0.1,9,2,0,24822,18961217,30.6,-0.7850256035243426,-0.787,0.09,0.15,7,2,0,24822,18961217,31.9,-0.7950256035243425,-0.8,0.05,0.34,3,2,0,24822,18961217,30.6,0.01397439647565745,0.011,0.16,0.14,4,2,0,24822,18961217,31.9,0.017974396475657448,0.015,-0.15,0.12,11,2,0,24660,18961217,29.9,0.02197439647565745,0.018,-0.03,0.13,6,2,0,24660,18961217,29.9,-0.8060256035243425,-0.811,0.02,-0.09,3,2,0,24660,18961217,30.6,0.01597439647565745,0.013,0.07,0.14,5,2,0,24660,18961217,29.9,-0.7900256035243426,-0.793,0.0,0.05,5,2,0,24660,18961217,29.9
723,18936695231759,18936704890865,sine_0.7hz,8.960075986997253,20.705531,0.07598680167575367,9.659106,2.238873999885982,3.320388997963164,0.17571449279785156,24823,24661,0.019808306394561194,0.018,-0.08,-0.09,0,2,0,24823,18961237,30.6,0.018808306394561193,0.015,0.05,0.19,14,2,0,24823,18961237,30.6,-0.7851916936054388,-0.786,-0.05,0.02,12,2,0,24823,18961237,31.9,-0.7951916936054387,-0.799,0.01,0.2,8,2,0,24823,18961237,30.6,0.013808306394561194,0.011,0.11,0.05,9,2,0,24823,18961237,31.9,0.017808306394561192,0.015,-0.05,0.2,15,2,0,24661,18961236,29.9,0.021808306394561196,0.018,0.06,0.13,10,2,0,24661,18961236,29.9,-0.8061916936054387,-0.811,0.05,0.28,7,2,0,24661,18961236,30.6,0.015808306394561194,0.014,0.0,0.11,9,2,0,24661,18961236,29.9,-0.7901916936054388,-0.793,0.01,0.22,9,2,0,24661,18961236,29.9
724,18936715233998,18936724738921,sine_0.7hz,8.980079377997754,19.848056,0.07937780173961073,9.504923,2.129012998921098,3.2076159986900166,0.16951560974121094,24824,24662,0.019488970307815018,0.018,0.0,0.04,5,2,0,24824,18961257,30.6,0.018488970307815017,0.014,0.09,0.27,4,2,0,24824,18961257,30.6,-0.785511029692185,-0.786,-0.1,-0.07,2,2,0,24824,18961257,31.9,-0.7955110296921849,-0.799,-0.14,0.27,13,2,0,24824,18961257,30.6,0.013488970307815018,0.012,0.12,0.05,14,2,0,24824,18961257,31.9,0.017488970307815016,0.015,0.06,0.18,6,2,0,24662,18961257,29.9,0.02148897030781502,0.018,0.13,0.08,1,2,0,24662,18961257,29.9,-0.8065110296921849,-0.811,0.08,0.35,13,2,0,24662,18961257,30.6,0.015488970307815018,0.014,0.07,-0.1,15,2,0,24662,18961257,29.9,-0.790511029692185,-0.793,-0.04,0.18,15,2,0,24662,18961257,29.9
725,18936735234989,18936745244732,sine_0.7hz,9.000079919998825,20.505811,0.07991980237420648,10.009743,2.0960520014341455,3.1854709995968733,0.171661376953125,24825,24663,0.019018956721125493,0.018,0.01,-0.05,10,2,0,24825,18961277,30.6,0.018018956721125492,0.015,0.02,0.15,9,2,0,24825,18961277,30.6,-0.7859810432788745,-0.786,0.02,0.15,7,2,0,24825,18961277,31.9,-0.7959810432788744,-0.798,0.04,0.08,3,2,0,24825,18961277,30.6,0.013018956721125493,0.012,0.03,-0.08,4,2,0,24825,18961277,31.9,0.017018956721125494,0.015,-0.02,0.2,10,2,0,24663,18961276,29.9,0.02101895672112549,0.019,-0.08,0.09,5,2,0,24663,18961276,29.9,-0.8069810432788744,-0.811,0.09,0.52,2,2,0,24663,18961276,30.6,0.015018956721125493,0.014,0.13,-0.18,4,2,0,24663,18961276,29.9,-0.7909810432788745,-0.792,0.1,0.13,4,2,0,24663,18961276,29.9
726,18936755231403,18936764664292,sine_0.7hz,9.020076846998563,19.41956,0.07684680167585611,9.432889,1.4975960002630018,2.585160000307951,0.17309188842773438,24826,24664,0.018401990282511695,0.018,0.01,-0.05,0,2,0,24826,18961297,30.6,0.017401990282511694,0.015,0.09,0.27,14,2,0,24826,18961297,30.6,-0.7865980097174884,-0.786,-0.02,-0.07,12,2,0,24826,18961297,31.9,-0.7965980097174883,-0.798,0.02,-0.22,8,2,0,24826,18961297,30.6,0.012401990282511694,0.012,-0.03,-0.16,9,2,0,24826,18961297,31.9,0.016401990282511693,0.015,-0.14,0.03,1,2,0,24664,18961297,29.9,0.020401990282511696,0.019,0.0,0.08,11,2,0,24664,18961297,29.9,-0.8075980097174883,-0.811,-0.01,0.09,8,2,0,24664,18961297,30.6,0.014401990282511695,0.014,-0.02,0.38,10,2,0,24664,18961297,29.9,-0.7915980097174884,-0.793,-0.07,0.18,10,2,0,24664,18961297,29.9
727,18936775230794,18936784766791,sine_0.7hz,9.040075053999317,20.102499,0.07505380199290812,9.535997,2.080978996673366,3.165886999340728,0.1735687255859375,24827,24665,0.017642715935441446,0.018,-0.01,-0.13,5,2,0,24827,18961317,30.6,0.016642715935441445,0.014,0.01,0.15,4,2,0,24827,18961317,30.6,-0.7873572840645586,-0.786,-0.06,-0.1,2,2,0,24827,18961317,31.9,-0.7973572840645585,-0.798,-0.14,0.39,13,2,0,24827,18961317,30.6,0.011642715935441446,0.012,-0.02,0.02,14,2,0,24827,18961317,31.9,0.015642715935441448,0.015,0.02,-0.08,5,2,0,24665,18961316,29.9,0.019642715935441445,0.019,0.0,0.3,15,2,0,24665,18961316,29.9,-0.8083572840645585,-0.811,-0.1,0.11,12,2,0,24665,18961316,30.6,0.013642715935441446,0.014,-0.03,0.13,14,2,0,24665,18961316,29.9,-0.7923572840645586,-0.792,0.06,0.09,14,2,0,24665,18961316,29.9
728,18936795233033,18936804933740,sine_0.7hz,9.060077932997956,20.166949,0.07793280019541271,9.700707,2.200631999585312,3.2860829996934626,0.17118453979492188,24828,24666,0.016746814095403954,0.018,-0.16,-0.09,10,2,0,24828,18961337,30.6,0.015746814095403953,0.014,-0.05,0.02,9,2,0,24828,18961337,30.6,-0.7882531859045961,-0.786,-0.07,0.09,7,2,0,24828,18961337,31.9,-0.798253185904596,-0.799,-0.14,0.19,3,2,0,24828,18961337,30.6,0.010746814095403954,0.012,0.03,-0.11,4,2,0,24828,18961337,31.9,0.014746814095403954,0.015,-0.04,0.01,10,2,0,24666,18961336,29.9,0.018746814095403956,0.019,-0.08,0.11,5,2,0,24666,18961336,29.9,-0.809253185904596,-0.811,-0.16,0.14,2,2,0,24666,18961336,30.6,0.012746814095403954,0.014,0.06,0.15,4,2,0,24666,18961336,29.9,-0.7932531859045961,-0.793,0.09,0.15,4,2,0,24666,18961336,29.9
729,18936815231880,18936825244183,sine_0.7hz,9.080077291000634,20.310443,0.07729080243734643,10.012303,2.078803001495544,3.169053998135496,0.17333030700683594,24829,24667,0.015721566986042556,0.018,-0.05,0.03,0,2,0,24829,18961357,30.6,0.014721566986042555,0.014,-0.17,0.32,14,2,0,24829,18961357,30.6,-0.7892784330139575,-0.786,-0.03,-0.1,12,2,0,24829,18961357,31.9,-0.7992784330139574,-0.799,0.05,0.14,8,2,0,24829,18961357,30.6,0.009721566986042556,0.012,-0.15,-0.02,9,2,0,24829,18961357,31.9,0.013721566986042556,0.015,-0.08,0.03,0,2,0,24667,18961356,29.9,0.017721566986042554,0.018,-0.04,0.03,10,2,0,24667,18961356,29.9,-0.8102784330139574,-0.811,0.16,0.08,7,2,0,24667,18961356,30.6,0.011721566986042556,0.014,-0.08,-0.14,9,2,0,24667,18961356,29.9,-0.7942784330139575,-0.793,-0.05,0.11,9,2,0,24667,18961356,29.9
730,18936835231206,18936844984972,sine_0.7hz,9.10007642599885,19.740789,0.07642580021638423,9.753766,2.2827789980510715,3.3711100004438777,0.1735687255859375,24830,24668,0.014574769663906782,0.017,0.07,-0.13,5,2,0,24830,18961377,30.6,0.01357476966390678,0.014,-0.13,0.2,4,2,0,24830,18961377,30.6,-0.7904252303360932,-0.787,-0.08,-0.27,2,2,0,24830,18961377,31.9,-0.8004252303360931,-0.799,0.01,0.03,13,2,0,24830,18961377,30.6,0.008574769663906781,0.012,0.05,-0.26,14,2,0,24830,18961377,31.9,0.012574769663906782,0.015,0.04,-0.06,6,2,0,24668,18961377,29.9,0.01657476966390678,0.018,0.02,-0.04,1,2,0,24668,18961377,29.9,-0.8114252303360932,-0.812,0.0,0.29,13,2,0,24668,18961377,30.6,0.010574769663906781,0.014,-0.22,-0.12,14,2,0,24668,18961377,29.9,-0.7954252303360932,-0.793,0.1,-0.1,15,2,0,24668,18961377,29.9
731,18936855231621,18936865221236,sine_0.7hz,9.120076297000196,20.236264,0.07629680112586357,9.989615,2.107349002471892,3.1907520024105906,0.17309188842773438,24831,24669,0.013315230263529668,0.017,0.03,-0.14,10,2,0,24831,18961397,30.6,0.012315230263529667,0.014,-0.09,0.1,9,2,0,24831,18961397,30.6,-0.7916847697364704,-0.787,-0.08,-0.09,7,2,0,24831,18961397,31.9,-0.8016847697364703,-0.8,-0.16,0.07,3,2,0,24831,18961397,30.6,0.0073152302635296675,0.012,-0.04,0.01,4,2,0,24831,18961397,31.9,0.011315230263529668,0.014,-0.06,-0.17,11,2,0,24669,18961397,29.9,0.015315230263529668,0.018,-0.03,-0.04,6,2,0,24669,18961397,29.9,-0.8126847697364703,-0.812,0.01,0.07,3,2,0,24669,18961397,30.6,0.009315230263529668,0.013,0.04,0.11,4,2,0,24669,18961397,29.9,-0.7966847697364704,-0.794,-0.08,-0.05,5,2,0,24669,18961397,29.9
732,18936875233476,18936884883621,sine_0.7hz,9.140076134997798,19.662385,0.07613479829160497,9.650145,2.111091998813208,3.1976630016288254,0.17952919006347656,24832,24670,0.011952730749074663,0.017,-0.04,-0.34,0,2,0,24832,18961417,30.6,0.010952730749074664,0.014,0.09,-0.16,14,2,0,24832,18961417,30.6,-0.7930472692509254,-0.787,0.1,-0.13,12,2,0,24832,18961417,31.9,-0.8030472692509253,-0.8,-0.17,0.01,8,2,0,24832,18961417,30.6,0.005952730749074663,0.011,0.14,0.01,9,2,0,24832,18961417,31.9,0.009952730749074663,0.014,-0.06,-0.19,1,2,0,24670,18961417,29.9,0.013952730749074663,0.017,-0.01,-0.09,11,2,0,24670,18961417,29.9,-0.8140472692509253,-0.812,0.02,-0.02,8,2,0,24670,18961417,30.6,0.007952730749074663,0.013,-0.02,-0.23,9,2,0,24670,18961417,29.9,-0.7980472692509254,-0.794,0.0,-0.32,10,2,0,24670,18961417,29.9
733,18936895236227,18936904575224,sine_0.7hz,9.160078693999822,19.691603,0.07869379987823777,9.338997,1.8747629983408842,2.9584859985334333,0.17499923706054688,24833,24671,0.010497601143219988,0.016,-0.11,-0.18,5,2,0,24833,18961437,30.6,0.00949760114321999,0.012,-0.22,0.06,4,2,0,24833,18961437,30.6,-0.7945023988567801,-0.789,-0.09,-0.13,2,2,0,24833,18961437,31.9,-0.80450239885678,-0.801,-0.08,-0.11,13,2,0,24833,18961437,30.6,0.004497601143219988,0.009,-0.06,-0.33,14,2,0,24833,18961437,31.9,0.008497601143219988,0.014,0.04,-0.19,5,2,0,24671,18961436,29.9,0.012497601143219988,0.017,-0.02,-0.08,0,2,0,24671,18961436,29.9,-0.81550239885678,-0.812,-0.03,0.04,12,2,0,24671,18961436,30.6,0.006497601143219988,0.012,-0.14,-0.34,13,2,0,24671,18961436,29.9,-0.7995023988567801,-0.794,0.05,-0.1,14,2,0,24671,18961436,29.9
734,18936915233025,18936924232073,sine_0.7hz,9.180076229000406,19.656849,0.07622880002600141,8.999048,1.5109090018086135,2.554885999416001,0.24008750915527344,24834,24672,0.008961670206151729,0.016,0.06,-0.26,10,2,0,24834,18961457,30.6,0.007961670206151728,0.012,0.05,-0.09,9,2,0,24834,18961457,30.6,-0.7960383297938484,-0.789,-0.11,-0.07,7,2,0,24834,18961457,31.9,-0.8060383297938483,-0.802,-0.05,0.09,3,2,0,24834,18961457,30.6,0.002961670206151729,0.008,-0.19,-0.07,4,2,0,24834,18961457,31.9,0.006961670206151729,0.013,-0.3,-0.34,10,2,0,24672,18961456,29.9,0.010961670206151729,0.016,-0.01,-0.12,5,2,0,24672,18961456,29.9,-0.8170383297938483,-0.813,0.09,-0.1,2,2,0,24672,18961456,30.6,0.004961670206151729,0.011,-0.11,-0.29,3,2,0,24672,18961456,29.9,-0.8010383297938484,-0.795,0.03,-0.07,4,2,0,24672,18961456,29.9
735,18936935230528,18936944832576,sine_0.7hz,9.200075619999552,20.600503,0.07561979873571545,9.602048,2.1756710011686664,3.2621469981677365,0.17380714416503906,24835,24673,0.007356305882581146,0.015,-0.17,-0.47,15,2,0,24835,18961477,30.6,0.006356305882581146,0.012,-0.01,-0.06,14,2,0,24835,18961477,30.6,-0.7976436941174189,-0.791,-0.14,-0.16,12,2,0,24835,18961477,31.9,-0.8076436941174188,-0.802,-0.01,-0.11,8,2,0,24835,18961477,30.6,0.0013563058825811457,0.007,-0.08,-0.09,9,2,0,24835,18961477,31.9,0.005356305882581146,0.012,-0.09,0.04,15,2,0,24673,18961476,29.9,0.009356305882581146,0.016,-0.1,-0.22,10,2,0,24673,18961476,29.9,-0.8186436941174188,-0.813,0.12,-0.06,7,2,0,24673,18961476,30.6,0.0033563058825811457,0.011,-0.14,-0.02,8,2,0,24673,18961476,29.9,-0.8026436941174189,-0.796,-0.16,-0.14,9,2,0,24673,18961476,29.9
736,18936955233055,18936965307889,sine_0.7hz,9.22007846699853,20.475313,0.07846679727663286,10.074834,2.1047879999969155,3.201311999873724,0.17595291137695312,24836,24674,0.005693768888156556,0.013,-0.06,-0.19,5,2,0,24836,18961497,30.6,0.004693768888156556,0.011,-0.15,-0.26,4,2,0,24836,18961497,30.6,-0.7993062311118435,-0.794,-0.04,-0.08,2,2,0,24836,18961497,31.9,-0.8093062311118434,-0.804,-0.2,0.12,13,2,0,24836,18961497,30.6,-0.0003062311118434439,0.006,-0.09,-0.17,14,2,0,24836,18961497,31.9,0.003693768888156556,0.009,0.03,0.04,5,2,0,24674,18961496,29.9,0.007693768888156556,0.015,-0.07,-0.11,15,2,0,24674,18961496,29.9,-0.8203062311118434,-0.814,-0.18,-0.23,12,2,0,24674,18961496,30.6,0.0016937688881565561,0.009,0.03,-0.3,13,2,0,24674,18961496,29.9,-0.8043062311118435,-0.798,-0.15,0.03,14,2,0,24674,18961496,29.9
737,18936975239262,18936984894080,sine_0.7hz,9.240080736999516,19.586191,0.0807367978268303,9.654818,2.1076039993204176,3.210112001397647,0.17452239990234375,24837,24675,0.003987240430566479,0.012,-0.09,-0.2,10,2,0,24837,18961517,30.6,0.0029872404305664787,0.01,-0.19,-0.2,9,2,0,24837,18961517,30.6,-0.8010127595694335,-0.795,-0.12,0.06,7,2,0,24837,18961517,31.9,-0.8110127595694334,-0.805,-0.17,-0.13,3,2,0,24837,18961517,30.6,-0.0020127595694335214,0.005,-0.03,-0.19,4,2,0,24837,18961517,31.9,0.0019872404305664787,0.007,-0.08,0.06,11,2,0,24675,18961517,29.9,0.005987240430566479,0.012,-0.01,-0.1,5,2,0,24675,18961517,29.9,-0.8220127595694334,-0.817,-0.19,-0.01,3,2,0,24675,18961517,30.6,-1.2759569433521377e-05,0.008,-0.05,-0.18,4,2,0,24675,18961517,29.9,-0.8060127595694335,-0.8,-0.13,-0.21,5,2,0,24675,18961517,29.9
738,18936995232988,18937004954721,sine_0.7hz,9.260077983999508,20.060641,0.07798379738233052,9.721733,2.201624000008451,3.3016039997164626,0.17404556274414062,24838,24676,0.0022503115592861223,0.011,0.13,-0.32,15,2,0,24838,18961537,30.6,0.0012503115592861222,0.009,0.14,-0.44,14,2,0,24838,18961537,30.6,-0.8027496884407139,-0.797,0.08,-0.29,12,2,0,24838,18961537,31.9,-0.8127496884407138,-0.806,0.07,-0.18,8,2,0,24838,18961537,30.6,-0.003749688440713878,0.004,-0.11,-0.3,9,2,0,24838,18961537,31.9,0.0002503115592861222,0.006,-0.04,-0.06,0,2,0,24676,18961536,29.9,0.004250311559286122,0.011,-0.17,-0.13,9,2,0,24676,18961536,29.9,-0.8237496884407138,-0.82,-0.17,0.12,7,2,0,24676,18961536,30.6,-0.0017496884407138778,0.006,-0.18,-0.3,8,2,0,24676,18961536,29.9,-0.8077496884407139,-0.801,-0.06,-0.09,9,2,0,24676,18961536,29.9
739,18937015232635,18937024186657,sine_0.7hz,9.280077887000516,19.231936,0.07788679795339704,8.954022,1.4909069977875333,2.54311000026064,0.20933151245117188,24839,24677,0.0004957527448221052,0.009,-0.21,-0.6,5,2,0,24839,18961557,30.6,-0.0005042472551778949,0.008,-0.1,-0.16,4,2,0,24839,18961557,30.6,-0.804504247255178,-0.799,-0.13,-0.11,2,2,0,24839,18961557,31.9,-0.8145042472551779,-0.807,0.02,-0.14,13,2,0,24839,18961557,30.6,-0.005504247255177895,0.003,-0.06,-0.39,14,2,0,24839,18961557,31.9,-0.0015042472551778949,0.005,-0.07,-0.18,5,2,0,24677,18961556,29.9,0.0024957527448221054,0.009,-0.13,-0.03,14,2,0,24677,18961556,29.9,-0.8255042472551779,-0.821,-0.12,-0.02,12,2,0,24677,18961556,30.6,-0.0035042472551778947,0.004,-0.06,-0.05,13,2,0,24677,18961556,29.9,-0.809504247255178,-0.802,0.01,-0.44,14,2,0,24677,18961556,29.9
740,18937035230938,18937044675891,sine_0.7hz,9.30007423799907,20.489234,0.07423779607051983,9.444953,1.553598001919454,2.6443940005265176,0.17261505126953125,24840,24678,-0.0012623277529118654,0.008,-0.01,-0.44,10,2,0,24840,18961577,30.6,-0.0022623277529118654,0.006,-0.34,-0.07,9,2,0,24840,18961577,30.6,-0.806262327752912,-0.8,0.03,-0.1,7,2,0,24840,18961577,31.9,-0.8162623277529119,-0.811,-0.14,-0.01,3,2,0,24840,18961577,30.6,-0.0072623277529118655,0.002,-0.07,-0.33,4,2,0,24840,18961577,31.9,-0.0032623277529118654,0.004,0.0,-0.32,10,2,0,24678,18961576,29.9,0.0007376722470881347,0.007,-0.08,-0.2,4,2,0,24678,18961576,29.9,-0.8272623277529119,-0.822,-0.13,-0.01,2,2,0,24678,18961576,30.6,-0.0052623277529118655,0.001,-0.13,-0.06,3,2,0,24678,18961576,29.9,-0.811262327752912,-0.803,0.02,-0.47,4,2,0,24678,18961576,29.9
741,18937055230873,18937064714291,sine_0.7hz,9.320073756000056,20.0384,0.07375579662038945,9.483418,1.5291179988707881,2.626568999403389,0.1735687255859375,24841,24679,-0.0030109259143044627,0.006,-0.05,-0.1,0,2,0,24841,18961597,30.6,-0.004010925914304462,0.003,-0.19,-0.03,14,2,0,24841,18961597,30.6,-0.8080109259143045,-0.802,-0.11,-0.12,12,2,0,24841,18961597,31.9,-0.8180109259143044,-0.812,-0.2,-0.09,8,2,0,24841,18961597,30.6,-0.009010925914304463,0.0,-0.14,-0.35,9,2,0,24841,18961597,31.9,-0.005010925914304463,0.004,0.08,-0.2,15,2,0,24679,18961596,29.9,-0.0010109259143044626,0.006,-0.07,-0.26,9,2,0,24679,18961596,29.9,-0.8290109259143044,-0.822,0.13,-0.17,7,2,0,24679,18961596,30.6,-0.007010925914304463,0.0,0.04,-0.12,8,2,0,24679,18961596,29.9,-0.8130109259143045,-0.805,-0.09,-0.36,9,2,0,24679,18961596,29.9
742,18937075232408,18937084267936,sine_0.7hz,9.340076155000133,19.553645,0.07615479626110755,9.035528,1.480730999901425,2.5265330004913267,0.21457672119140625,24842,24680,-0.0047364885812923715,0.004,-0.04,-0.22,5,2,0,24842,18961617,30.6,-0.0057364885812923715,0.0,0.0,-0.12,4,2,0,24842,18961617,30.6,-0.8097364885812924,-0.804,-0.04,-0.35,2,2,0,24842,18961617,31.9,-0.8197364885812923,-0.813,-0.08,-0.07,12,2,0,24842,18961617,30.6,-0.01073648858129237,-0.002,-0.29,-0.03,14,2,0,24842,18961617,31.9,-0.0067364885812923716,0.0,-0.03,0.06,5,2,0,24680,18961616,29.9,-0.0027364885812923715,0.005,-0.18,-0.23,14,2,0,24680,18961616,29.9,-0.8307364885812923,-0.823,-0.1,-0.19,12,2,0,24680,18961616,30.6,-0.008736488581292372,-0.001,-0.12,-0.2,13,2,0,24680,18961616,29.9,-0.8147364885812924,-0.806,-0.04,-0.18,14,2,0,24680,18961616,29.9
743,18937095230998,18937104289568,sine_0.7hz,9.360075289998349,20.021632,0.07528979404014535,9.05857,1.558174000820145,2.5963910011341795,0.21791458129882812,24843,24681,-0.0064251443380460614,0.004,0.11,-0.17,10,2,0,24843,18961637,30.6,-0.0074251443380460615,0.0,0.05,-0.12,9,2,0,24843,18961637,30.6,-0.8114251443380461,-0.805,-0.01,-0.19,7,2,0,24843,18961637,31.9,-0.821425144338046,-0.815,0.01,-0.21,2,2,0,24843,18961637,30.6,-0.012425144338046062,-0.006,-0.14,-0.28,4,2,0,24843,18961637,31.9,-0.008425144338046062,-0.001,-0.21,-0.19,10,2,0,24681,18961636,29.9,-0.004425144338046061,0.003,-0.17,-0.15,4,2,0,24681,18961636,29.9,-0.832425144338046,-0.827,-0.03,-0.07,2,2,0,24681,18961636,30.6,-0.01042514433804606,-0.004,-0.12,-0.13,3,2,0,24681,18961636,29.9,-0.8164251443380461,-0.81,-0.07,-0.25,4,2,0,24681,18961636,29.9
744,18937115228757,18937124170394,sine_0.7hz,9.380074360997241,19.880826,0.0743607924960088,8.941637,1.4854039982310496,2.52038899998297,0.20623207092285156,24844,24682,-0.008064114999218821,0.002,-0.08,-0.06,15,2,0,24844,18961657,30.6,-0.00906411499921882,-0.001,-0.01,-0.12,14,2,0,24844,18961657,30.6,-0.8130641149992188,-0.806,-0.03,-0.14,12,2,0,24844,18961657,31.9,-0.8230641149992187,-0.816,0.03,-0.13,7,2,0,24844,18961657,30.6,-0.014064114999218821,-0.007,-0.13,-0.39,9,2,0,24844,18961657,31.9,-0.010064114999218821,-0.002,-0.04,-0.4,15,2,0,24682,18961656,29.9,-0.006064114999218821,0.001,-0.05,-0.21,9,2,0,24682,18961656,29.9,-0.8340641149992187,-0.828,-0.21,-0.19,7,2,0,24682,18961656,30.6,-0.012064114999218821,-0.005,-0.29,-0.15,8,2,0,24682,18961656,29.9,-0.8180641149992188,-0.81,0.06,-0.15,9,2,0,24682,18961656,29.9
745,18937135231412,18937144916695,sine_0.7hz,9.400076055000682,20.746301,0.07605479549965821,9.685283,2.2252079979807604,3.312804998131469,0.1735687255859375,24845,24683,-0.009640935563617316,-0.002,-0.09,-0.22,5,2,0,24845,18961677,30.6,-0.010640935563617317,-0.003,-0.13,-0.12,4,2,0,24845,18961677,30.6,-0.8146409355636174,-0.808,-0.09,-0.14,2,2,0,24845,18961677,31.9,-0.8246409355636173,-0.817,-0.1,-0.32,12,2,0,24845,18961677,30.6,-0.015640935563617314,-0.007,0.03,-0.22,14,2,0,24845,18961677,31.9,-0.011640935563617316,-0.004,-0.07,-0.43,5,2,0,24683,18961676,29.9,-0.007640935563617316,0.001,-0.1,-0.34,14,2,0,24683,18961676,29.9,-0.8356409355636173,-0.829,-0.04,-0.12,12,2,0,24683,18961676,30.6,-0.013640935563617316,-0.006,-0.02,-0.21,13,2,0,24683,18961676,29.9,-0.8196409355636174,-0.812,-0.09,-0.19,14,2,0,24683,18961676,29.9
746,18937155236083,18937164756783,sine_0.7hz,9.420079733998136,19.840088,0.07973379251779988,9.5207,1.5433259977726266,2.642088998982217,0.17523765563964844,24846,24684,-0.011143337252387028,-0.004,-0.13,-0.23,10,2,0,24846,18961697,30.6,-0.012143337252387029,-0.006,-0.15,-0.11,9,2,0,24846,18961697,30.6,-0.8161433372523871,-0.81,-0.18,-0.15,7,2,0,24846,18961697,31.9,-0.826143337252387,-0.82,-0.16,-0.08,2,2,0,24846,18961697,30.6,-0.01714333725238703,-0.01,0.01,-0.05,4,2,0,24846,18961697,31.9,-0.013143337252387028,-0.004,0.01,-0.28,11,2,0,24684,18961697,29.9,-0.009143337252387028,-0.002,-0.15,-0.42,5,2,0,24684,18961697,29.9,-0.837143337252387,-0.831,-0.08,-0.29,3,2,0,24684,18961697,30.6,-0.015143337252387028,-0.008,-0.15,-0.21,4,2,0,24684,18961697,29.9,-0.8211433372523871,-0.813,-0.25,-0.29,5,2,0,24684,18961697,29.9
747,18937175233489,18937184650921,sine_0.7hz,9.440076980998128,19.894138,0.07698079207330011,9.417432,1.9011320000572596,3.0011119997652713,0.17523765563964844,24847,24685,-0.012559097943237703,-0.005,-0.13,-0.15,15,2,0,24847,18961717,30.6,-0.013559097943237702,-0.007,-0.05,-0.09,14,2,0,24847,18961717,30.6,-0.8175590979432378,-0.811,-0.12,-0.04,12,2,0,24847,18961717,31.9,-0.8275590979432377,-0.822,-0.13,-0.02,7,2,0,24847,18961717,30.6,-0.018559097943237703,-0.012,-0.1,-0.12,9,2,0,24847,18961717,31.9,-0.014559097943237703,-0.005,-0.09,-0.14,15,2,0,24685,18961716,29.9,-0.010559097943237703,-0.002,0.09,-0.31,9,2,0,24685,18961716,29.9,-0.8385590979432377,-0.832,-0.13,-0.25,7,2,0,24685,18961716,30.6,-0.016559097943237705,-0.009,0.02,-0.18,8,2,0,24685,18961716,29.9,-0.8225590979432378,-0.815,-0.15,-0.29,9,2,0,24685,18961716,29.9
748,18937195230160,18937204312187,sine_0.7hz,9.460075539998797,19.661266,0.07553979230578989,9.082027,1.553181999042863,2.6132880011573434,0.2434253692626953,24848,24686,-0.013877851692552236,-0.007,-0.05,-0.08,5,2,0,24848,18961737,30.6,-0.014877851692552235,-0.01,-0.12,-0.27,3,2,0,24848,18961737,30.6,-0.8188778516925523,-0.813,-0.03,-0.18,2,2,0,24848,18961737,31.9,-0.8288778516925522,-0.822,-0.1,-0.17,12,2,0,24848,18961737,30.6,-0.019877851692552236,-0.014,-0.05,-0.08,14,2,0,24848,18961737,31.9,-0.015877851692552236,-0.007,-0.07,-0.41,5,2,0,24686,18961736,29.9,-0.011877851692552236,-0.003,-0.08,-0.37,14,2,0,24686,18961736,29.9,-0.8398778516925522,-0.832,-0.03,-0.2,12,2,0,24686,18961736,30.6,-0.017877851692552238,-0.01,-0.02,-0.28,13,2,0,24686,18961736,29.9,-0.8238778516925523,-0.816,-0.1,-0.1,14,2,0,24686,18961736,29.9
749,18937215230959,18937225289505,sine_0.7hz,9.480076402000122,20.977318,0.07640179319423623,10.058546,2.0970120021956973,3.1941109991748817,0.1723766326904297,24849,24687,-0.015089439459760637,-0.009,-0.04,-0.16,10,2,0,24849,18961757,30.6,-0.016089439459760636,-0.01,-0.02,-0.27,8,2,0,24849,18961757,30.6,-0.8200894394597606,-0.814,-0.05,-0.11,7,2,0,24849,18961757,31.9,-0.8300894394597605,-0.823,0.1,-0.01,2,2,0,24849,18961757,30.6,-0.021089439459760637,-0.016,-0.04,-0.17,3,2,0,24849,18961757,31.9,-0.017089439459760637,-0.009,-0.14,-0.14,10,2,0,24687,18961756,29.9,-0.013089439459760637,-0.006,-0.13,-0.36,4,2,0,24687,18961756,29.9,-0.8410894394597606,-0.834,0.04,-0.42,2,2,0,24687,18961756,30.6,-0.01908943945976064,-0.013,-0.02,-0.28,3,2,0,24687,18961756,29.9,-0.8250894394597607,-0.82,-0.13,-0.18,4,2,0,24687,18961756,29.9
750,18937235233710,18937245449254,sine_0.7hz,9.50007675300003,20.159749,0.07675279266550206,10.215544,2.262810001411708,3.3218600001418963,0.1723766326904297,24850,24688,-0.016184307424948467,-0.011,-0.14,-0.06,15,2,0,24850,18961777,30.6,-0.017184307424948468,-0.01,-0.05,-0.18,13,2,0,24850,18961777,30.6,-0.8211843074249485,-0.815,-0.14,-0.05,12,2,0,24850,18961777,31.9,-0.8311843074249484,-0.824,0.0,-0.28,7,2,0,24850,18961777,30.6,-0.022184307424948466,-0.016,0.05,-0.25,8,2,0,24850,18961777,31.9,-0.01818430742494847,-0.011,-0.12,-0.34,1,2,0,24688,18961777,29.9,-0.014184307424948467,-0.008,-0.08,-0.12,10,2,0,24688,18961777,29.9,-0.8421843074249484,-0.835,0.01,-0.46,8,2,0,24688,18961777,30.6,-0.020184307424948467,-0.014,-0.22,0.03,9,2,0,24688,18961777,29.9,-0.8261843074249485,-0.821,0.07,-0.19,10,2,0,24688,18961777,29.9
751,18937255235212,18937265323295,sine_0.7hz,9.52007921599943,19.874041,0.07921579162939452,10.088083,2.136725997843314,3.222016999643529,0.17261505126953125,24851,24689,-0.017154116802084285,-0.014,0.0,0.07,4,2,0,24851,18961797,30.6,-0.018154116802084286,-0.011,-0.14,-0.51,3,2,0,24851,18961797,30.6,-0.8221541168020843,-0.817,-0.13,-0.07,2,2,0,24851,18961797,31.9,-0.8321541168020843,-0.825,-0.16,-0.04,12,2,0,24851,18961797,30.6,-0.023154116802084283,-0.017,-0.06,0.03,13,2,0,24851,18961797,31.9,-0.019154116802084287,-0.012,0.0,-0.32,5,2,0,24689,18961797,29.9,-0.015154116802084285,-0.009,-0.11,-0.3,0,2,0,24689,18961797,29.9,-0.8431541168020842,-0.835,-0.14,-0.27,13,2,0,24689,18961797,30.6,-0.021154116802084285,-0.016,-0.1,-0.29,14,2,0,24689,18961797,29.9,-0.8271541168020844,-0.822,0.02,-0.16,14,2,0,24689,18961797,29.9
752,18937275233643,18937284258484,sine_0.7hz,9.5400786709979,18.935189,0.07867078966228291,9.024841,1.5148769998631906,2.5691270020615775,0.21719932556152344,24852,24690,-0.0179911289102637,-0.015,-0.09,-0.16,9,2,0,24852,18961817,30.6,-0.0189911289102637,-0.011,-0.21,-0.36,8,2,0,24852,18961817,30.6,-0.8229911289102637,-0.818,-0.1,-0.03,7,2,0,24852,18961817,31.9,-0.8329911289102636,-0.827,-0.17,-0.23,2,2,0,24852,18961817,30.6,-0.023991128910263698,-0.021,-0.18,-0.07,3,2,0,24852,18961817,31.9,-0.0199911289102637,-0.012,-0.12,-0.46,10,2,0,24690,18961817,29.9,-0.015991128910263698,-0.01,-0.06,-0.17,5,2,0,24690,18961817,29.9,-0.8439911289102636,-0.837,0.03,-0.14,3,2,0,24690,18961817,30.6,-0.0219911289102637,-0.018,-0.15,-0.04,4,2,0,24690,18961817,29.9,-0.8279911289102637,-0.823,0.09,-0.07,4,2,0,24690,18961817,29.9
753,18937295233610,18937304464859,sine_0.7hz,9.560078701997554,20.206375,0.07870178887969814,9.231249,1.7445810008211993,2.8338730007817503,0.1766681671142578,24853,24691,-0.018689045165192725,-0.015,-0.08,0.02,14,2,0,24853,18961837,30.6,-0.019689045165192726,-0.012,-0.04,-0.54,13,2,0,24853,18961837,30.6,-0.8236890451651928,-0.819,-0.17,-0.09,12,2,0,24853,18961837,31.9,-0.8336890451651927,-0.828,0.05,-0.12,7,2,0,24853,18961837,30.6,-0.024689045165192727,-0.022,-0.05,-0.32,8,2,0,24853,18961837,31.9,-0.020689045165192724,-0.013,-0.06,-0.35,14,2,0,24691,18961836,29.9,-0.016689045165192727,-0.011,-0.07,-0.23,9,2,0,24691,18961836,29.9,-0.8446890451651927,-0.837,0.2,-0.39,7,2,0,24691,18961836,30.6,-0.022689045165192726,-0.018,-0.19,-0.3,8,2,0,24691,18961836,29.9,-0.8286890451651928,-0.824,-0.05,-0.19,8,2,0,24691,18961836,29.9
754,18937315230633,18937324325652,sine_0.7hz,9.580074891997356,19.860793,0.0748917882447131,9.095019,1.6487699977005832,2.7353730001777876,0.17642974853515625,24854,24692,-0.019242350552712,-0.018,0.0,-0.04,4,2,0,24854,18961857,30.6,-0.020242350552712,-0.016,-0.12,-0.32,3,2,0,24854,18961857,30.6,-0.824242350552712,-0.822,-0.05,-0.19,2,2,0,24854,18961857,31.9,-0.8342423505527119,-0.83,0.05,0.02,12,2,0,24854,18961857,30.6,-0.025242350552711998,-0.022,-0.06,-0.27,13,2,0,24854,18961857,31.9,-0.021242350552712,-0.015,-0.07,-0.3,4,2,0,24692,18961856,29.9,-0.017242350552711998,-0.012,-0.1,-0.28,14,2,0,24692,18961856,29.9,-0.8452423505527119,-0.838,-0.2,-0.48,12,2,0,24692,18961856,30.6,-0.023242350552712,-0.019,-0.05,-0.16,13,2,0,24692,18961856,29.9,-0.829242350552712,-0.825,-0.1,-0.07,13,2,0,24692,18961856,29.9
755,18937335230951,18937344381077,sine_0.7hz,9.600076490998617,20.055425,0.07649078906979412,9.150126,1.7139560004579835,2.800367998133879,0.1761913299560547,24855,24693,-0.019647004697891574,-0.019,0.03,0.15,9,2,0,24855,18961877,30.6,-0.020647004697891574,-0.016,-0.1,-0.4,8,2,0,24855,18961877,30.6,-0.8246470046978917,-0.822,0.04,-0.06,7,2,0,24855,18961877,31.9,-0.8346470046978915,-0.831,-0.12,-0.12,2,2,0,24855,18961877,30.6,-0.025647004697891572,-0.024,-0.14,-0.1,3,2,0,24855,18961877,31.9,-0.021647004697891575,-0.016,-0.05,-0.27,9,2,0,24693,18961876,29.9,-0.017647004697891572,-0.013,0.0,-0.29,4,2,0,24693,18961876,29.9,-0.8456470046978916,-0.84,-0.02,-0.43,2,2,0,24693,18961876,30.6,-0.023647004697891574,-0.02,-0.25,-0.17,3,2,0,24693,18961876,29.9,-0.8296470046978917,-0.826,-0.17,-0.17,3,2,0,24693,18961876,29.9
756,18937355231878,18937364131882,sine_0.7hz,9.620076073999371,19.750805,0.07607378938701004,8.900004,1.495835000241641,2.5414129995624535,0.1723766326904297,24856,24694,-0.019899690828134288,-0.02,-0.13,-0.02,14,2,0,24856,18961897,30.6,-0.02089969082813429,-0.016,0.07,-0.09,13,2,0,24856,18961897,30.6,-0.8248996908281343,-0.822,-0.13,-0.06,12,2,0,24856,18961897,31.9,-0.8348996908281342,-0.831,0.06,-0.33,7,2,0,24856,18961897,30.6,-0.025899690828134286,-0.024,0.02,-0.01,8,2,0,24856,18961897,31.9,-0.02189969082813429,-0.017,-0.13,-0.15,14,2,0,24694,18961896,29.9,-0.017899690828134286,-0.014,0.01,-0.38,9,2,0,24694,18961896,29.9,-0.8458996908281342,-0.84,-0.03,-0.58,7,2,0,24694,18961896,30.6,-0.023899690828134288,-0.021,0.11,-0.09,8,2,0,24694,18961896,29.9,-0.8298996908281343,-0.828,-0.11,0.41,8,2,0,24694,18961896,29.9
757,18937375228901,18937384791907,sine_0.7hz,9.640072743997735,20.660025,0.07274378731381148,9.563006,2.111219997459557,3.195166998921195,0.17189979553222656,24857,24695,-0.01999850026929442,-0.021,0.06,0.0,4,2,0,24857,18961917,30.6,-0.02099850026929442,-0.018,-0.05,-0.21,3,2,0,24857,18961917,30.6,-0.8249985002692944,-0.823,-0.19,0.01,2,2,0,24857,18961917,31.9,-0.8349985002692943,-0.831,-0.08,-0.16,12,2,0,24857,18961917,30.6,-0.02599850026929442,-0.025,-0.08,-0.17,13,2,0,24857,18961917,31.9,-0.021998500269294417,-0.019,0.03,-0.15,4,2,0,24695,18961916,29.9,-0.01799850026929442,-0.014,0.12,-0.23,14,2,0,24695,18961916,29.9,-0.8459985002692944,-0.84,0.0,-0.14,12,2,0,24695,18961916,30.6,-0.02399850026929442,-0.021,0.04,-0.09,13,2,0,24695,18961916,29.9,-0.8299985002692944,-0.829,0.04,0.33,13,2,0,24695,18961916,29.9
758,18937395235172,18937404330255,sine_0.7hz,9.660079814999335,19.538348,0.07981478847796097,9.095083,1.5212450016406365,2.5957520010706503,0.22459030151367188,24858,24696,-0.01994264791488083,-0.021,-0.14,0.0,9,2,0,24858,18961937,30.6,-0.020942647914880833,-0.018,0.01,-0.14,8,2,0,24858,18961937,30.6,-0.8249426479148809,-0.823,0.11,0.06,7,2,0,24858,18961937,31.9,-0.8349426479148808,-0.832,0.07,-0.2,2,2,0,24858,18961937,30.6,-0.02594264791488083,-0.026,-0.02,-0.15,3,2,0,24858,18961937,31.9,-0.021942647914880833,-0.02,0.0,-0.09,9,2,0,24696,18961936,29.9,-0.01794264791488083,-0.017,0.02,0.06,4,2,0,24696,18961936,29.9,-0.8459426479148808,-0.841,-0.12,-0.12,2,2,0,24696,18961936,30.6,-0.023942647914880832,-0.022,-0.24,-0.11,3,2,0,24696,18961936,29.9,-0.8299426479148809,-0.83,-0.08,0.03,3,2,0,24696,18961936,29.9
759,18937415233475,18937424301773,sine_0.7hz,9.680076101998566,19.971518,0.07610178727190942,9.068298,1.5396779999719001,2.58416699944064,0.2162456512451172,24859,24697,-0.019732629039804134,-0.021,0.07,0.09,14,2,0,24859,18961957,30.6,-0.020732629039804135,-0.019,0.0,-0.12,13,2,0,24859,18961957,30.6,-0.8247326290398042,-0.823,0.07,-0.09,12,2,0,24859,18961957,31.9,-0.834732629039804,-0.833,-0.12,-0.15,7,2,0,24859,18961957,30.6,-0.025732629039804132,-0.026,0.02,-0.3,8,2,0,24859,18961957,31.9,-0.021732629039804136,-0.02,-0.03,-0.13,14,2,0,24697,18961956,29.9,-0.017732629039804132,-0.017,-0.01,-0.14,9,2,0,24697,18961956,29.9,-0.8457326290398041,-0.841,0.09,-0.37,7,2,0,24697,18961956,30.6,-0.023732629039804134,-0.022,0.06,-0.09,8,2,0,24697,18961956,29.9,-0.8297326290398042,-0.83,0.09,-0.09,8,2,0,24697,18961956,29.9
760,18937435233569,18937444955462,sine_0.7hz,9.700077860998135,20.653689,0.07786078640492633,9.721893,2.161046002584044,3.2507859978068154,0.17404556274414062,24860,24698,-0.01936995880692455,-0.021,0.02,-0.17,4,2,0,24860,18961977,30.6,-0.020369958806924552,-0.019,0.1,-0.07,3,2,0,24860,18961977,30.6,-0.8243699588069247,-0.824,0.07,-0.16,2,2,0,24860,18961977,31.9,-0.8343699588069245,-0.833,-0.03,-0.07,12,2,0,24860,18961977,30.6,-0.025369958806924553,-0.025,0.1,0.03,13,2,0,24860,18961977,31.9,-0.02136995880692455,-0.02,0.07,-0.11,4,2,0,24698,18961976,29.9,-0.017369958806924553,-0.018,0.11,0.13,14,2,0,24698,18961976,29.9,-0.8453699588069246,-0.841,-0.01,-0.44,12,2,0,24698,18961976,30.6,-0.02336995880692455,-0.022,0.03,-0.1,13,2,0,24698,18961976,29.9,-0.8293699588069247,-0.83,-0.07,0.1,13,2,0,24698,18961976,29.9
761,18937455234176,18937465306130,sine_0.7hz,9.720078499998635,20.350668,0.07849978646845557,10.071954,2.1010119999118615,3.2004159984353464,0.17261505126953125,24861,24699,-0.01885751140145695,-0.021,-0.08,0.21,9,2,0,24861,18961997,30.6,-0.019857511401456952,-0.019,-0.03,-0.22,8,2,0,24861,18961997,30.6,-0.823857511401457,-0.824,0.07,0.08,7,2,0,24861,18961997,31.9,-0.8338575114014569,-0.833,0.08,-0.09,2,2,0,24861,18961997,30.6,-0.02485751140145695,-0.026,-0.15,-0.16,3,2,0,24861,18961997,31.9,-0.020857511401456953,-0.02,-0.04,-0.16,9,2,0,24699,18961996,29.9,-0.01685751140145695,-0.018,-0.08,0.01,4,2,0,24699,18961996,29.9,-0.8448575114014569,-0.841,0.0,-0.27,2,2,0,24699,18961996,30.6,-0.02285751140145695,-0.022,0.07,-0.13,3,2,0,24699,18961996,29.9,-0.828857511401457,-0.83,-0.08,-0.1,3,2,0,24699,18961996,29.9
762,18937475234207,18937484236550,sine_0.7hz,9.740079618997697,18.93042,0.0796187850937713,9.002343,1.4834190005785786,2.5237490008294117,0.2391338348388672,24862,24700,-0.018199216155004617,-0.021,-0.07,-0.11,14,2,0,24862,18962017,30.6,-0.01919921615500462,-0.019,-0.09,-0.21,13,2,0,24862,18962017,30.6,-0.8231992161550047,-0.824,0.02,-0.08,11,2,0,24862,18962017,31.9,-0.8331992161550046,-0.833,0.04,-0.1,7,2,0,24862,18962017,30.6,-0.024199216155004616,-0.026,-0.08,-0.26,8,2,0,24862,18962017,31.9,-0.02019921615500462,-0.021,-0.11,-0.15,0,2,0,24700,18962017,29.9,-0.016199216155004616,-0.018,0.01,-0.03,10,2,0,24700,18962017,29.9,-0.8441992161550046,-0.841,0.08,-0.31,7,2,0,24700,18962017,30.6,-0.022199216155004618,-0.022,0.04,-0.09,9,2,0,24700,18962017,29.9,-0.8281992161550047,-0.83,-0.09,-0.18,9,2,0,24700,18962017,29.9
763,18937495231742,18937504281799,sine_0.7hz,9.760075169000629,20.045249,0.07516878758906387,9.050057,1.5516780003963504,2.599046998511767,0.2219676971435547,24863,24701,-0.017400416125337565,-0.02,0.1,0.22,4,2,0,24863,18962037,30.6,-0.018400416125337566,-0.019,-0.11,-0.19,3,2,0,24863,18962037,30.6,-0.8224004161253377,-0.824,-0.03,-0.01,1,2,0,24863,18962037,31.9,-0.8324004161253375,-0.833,0.18,0.08,12,2,0,24863,18962037,30.6,-0.023400416125337567,-0.026,0.0,0.1,13,2,0,24863,18962037,31.9,-0.019400416125337563,-0.021,-0.03,-0.19,4,2,0,24701,18962036,29.9,-0.015400416125337565,-0.017,0.06,-0.05,14,2,0,24701,18962036,29.9,-0.8434004161253376,-0.841,0.08,-0.15,11,2,0,24701,18962036,30.6,-0.021400416125337565,-0.022,0.19,-0.15,13,2,0,24701,18962036,29.9,-0.8274004161253377,-0.83,0.0,0.07,13,2,0,24701,18962036,29.9
764,18937515230332,18937524818171,sine_0.7hz,9.780075743998168,20.536372,0.07574378469143994,9.587839,2.134292997652665,3.220480000891257,0.17404556274414062,24864,24702,-0.016466871444745113,-0.02,0.09,0.02,9,2,0,24864,18962057,30.6,-0.017466871444745114,-0.019,0.08,-0.02,8,2,0,24864,18962057,30.6,-0.8214668714447452,-0.823,0.01,-0.11,6,2,0,24864,18962057,31.9,-0.8314668714447451,-0.833,-0.01,-0.06,2,2,0,24864,18962057,30.6,-0.022466871444745115,-0.026,0.04,0.1,3,2,0,24864,18962057,31.9,-0.01846687144474511,-0.02,-0.03,-0.05,9,2,0,24702,18962056,29.9,-0.014466871444745113,-0.018,0.05,0.08,4,2,0,24702,18962056,29.9,-0.8424668714447451,-0.84,0.09,-0.55,1,2,0,24702,18962056,30.6,-0.020466871444745113,-0.023,0.05,-0.13,3,2,0,24702,18962056,29.9,-0.8264668714447452,-0.83,-0.01,0.05,3,2,0,24702,18962056,29.9
765,18937535231067,18937544284645,sine_0.7hz,9.800076062998414,19.466474,0.07606278450111859,9.053578,1.6372819991374854,2.678475000720937,0.2105236053466797,24865,24703,-0.015405999084437206,-0.02,0.08,0.22,14,2,0,24865,18962077,30.6,-0.016405999084437205,-0.018,0.09,0.11,13,2,0,24865,18962077,30.6,-0.8204059990844372,-0.823,0.0,0.05,11,2,0,24865,18962077,31.9,-0.8304059990844371,-0.833,-0.12,0.0,7,2,0,24865,18962077,30.6,-0.021405999084437206,-0.025,-0.04,0.03,8,2,0,24865,18962077,31.9,-0.017405999084437206,-0.02,0.06,0.02,14,2,0,24703,18962076,29.9,-0.013405999084437206,-0.017,-0.03,-0.01,9,2,0,24703,18962076,29.9,-0.8414059990844371,-0.84,0.13,-0.21,6,2,0,24703,18962076,30.6,-0.019405999084437207,-0.022,-0.07,0.05,8,2,0,24703,18962076,29.9,-0.8254059990844372,-0.83,0.04,-0.02,8,2,0,24703,18962076,29.9
766,18937555233434,18937564646738,sine_0.7hz,9.820077565000247,20.362093,0.07756478589726612,9.413304,1.4909710007486865,2.5796230002015363,0.1747608184814453,24866,24704,-0.014225918553856742,-0.02,0.06,0.14,4,2,0,24866,18962097,30.6,-0.015225918553856743,-0.018,0.05,0.03,3,2,0,24866,18962097,30.6,-0.8192259185538568,-0.823,-0.16,0.15,1,2,0,24866,18962097,31.9,-0.8292259185538566,-0.833,0.02,0.16,12,2,0,24866,18962097,30.6,-0.02022591855385674,-0.025,-0.08,-0.07,13,2,0,24866,18962097,31.9,-0.016225918553856744,-0.02,-0.01,0.1,4,2,0,24704,18962096,29.9,-0.012225918553856742,-0.017,0.05,0.05,14,2,0,24704,18962096,29.9,-0.8402259185538568,-0.84,0.01,-0.18,11,2,0,24704,18962096,30.6,-0.018225918553856742,-0.022,0.08,-0.02,13,2,0,24704,18962096,29.9,-0.8242259185538567,-0.829,0.06,0.04,13,2,0,24704,18962096,29.9
767,18937575233177,18937584807895,sine_0.7hz,9.840076540000155,20.161157,0.07653978536836803,9.574718,2.074866999464575,3.1630060002498794,0.17404556274414062,24867,24705,-0.012935985117588564,-0.02,0.04,-0.03,9,2,0,24867,18962117,30.6,-0.013935985117588565,-0.018,-0.15,0.08,8,2,0,24867,18962117,30.6,-0.8179359851175886,-0.822,0.18,-0.03,6,2,0,24867,18962117,31.9,-0.8279359851175885,-0.832,0.09,0.0,2,2,0,24867,18962117,30.6,-0.018935985117588566,-0.024,0.13,0.2,3,2,0,24867,18962117,31.9,-0.014935985117588564,-0.019,0.18,0.07,9,2,0,24705,18962116,29.9,-0.010935985117588564,-0.017,0.02,0.23,4,2,0,24705,18962116,29.9,-0.8389359851175885,-0.839,0.0,-0.21,1,2,0,24705,18962116,30.6,-0.016935985117588565,-0.021,0.05,0.08,3,2,0,24705,18962116,29.9,-0.8229359851175886,-0.829,0.0,0.02,3,2,0,24705,18962116,29.9
768,18937595232983,18937605061760,sine_0.7hz,9.860075738997693,20.253865,0.07573878247058019,9.828777,2.264986000227509,3.364807002071757,0.17786026000976562,24868,24706,-0.011546014689655073,-0.019,0.22,0.23,14,2,0,24868,18962137,30.6,-0.012546014689655074,-0.017,0.08,-0.05,13,2,0,24868,18962137,30.6,-0.8165460146896552,-0.822,0.14,-0.04,11,2,0,24868,18962137,31.9,-0.826546014689655,-0.831,0.05,0.2,7,2,0,24868,18962137,30.6,-0.017546014689655075,-0.024,-0.15,0.25,8,2,0,24868,18962137,31.9,-0.013546014689655073,-0.019,-0.01,0.17,14,2,0,24706,18962136,29.9,-0.009546014689655073,-0.017,0.06,0.3,9,2,0,24706,18962136,29.9,-0.8375460146896551,-0.839,0.0,0.04,6,2,0,24706,18962136,30.6,-0.015546014689655073,-0.021,0.11,0.08,8,2,0,24706,18962136,29.9,-0.8215460146896552,-0.828,0.05,0.34,8,2,0,24706,18962136,29.9
769,18937615235350,18937624664879,sine_0.7hz,9.880079962000309,19.603119,0.07996178464964032,9.429529,1.4941400004317984,2.599015999294352,0.1742839813232422,24869,24707,-0.01006638672386756,-0.019,0.03,0.19,4,2,0,24869,18962157,30.6,-0.01106638672386756,-0.015,0.02,0.11,3,2,0,24869,18962157,30.6,-0.8150663867238677,-0.82,-0.06,0.05,1,2,0,24869,18962157,31.9,-0.8250663867238675,-0.831,0.13,0.24,12,2,0,24869,18962157,30.6,-0.016066386723867558,-0.024,0.16,0.24,13,2,0,24869,18962157,31.9,-0.01206638672386756,-0.018,0.07,0.17,5,2,0,24707,18962157,29.9,-0.00806638672386756,-0.016,-0.06,0.1,15,2,0,24707,18962157,29.9,-0.8360663867238676,-0.839,0.1,0.04,12,2,0,24707,18962157,30.6,-0.01406638672386756,-0.021,0.13,0.2,14,2,0,24707,18962157,29.9,-0.8200663867238676,-0.828,0.11,0.03,14,2,0,24707,18962157,29.9
770,18937635230133,18937644645741,sine_0.7hz,9.90007717700064,19.980862,0.07717678454355337,9.415608,1.5461420007341076,2.6450969999132212,0.17547607421875,24870,24708,-0.00850944261153286,-0.017,0.15,0.18,9,2,0,24870,18962177,30.6,-0.009509442611532859,-0.015,-0.01,0.05,8,2,0,24870,18962177,30.6,-0.8135094426115329,-0.82,0.18,0.07,6,2,0,24870,18962177,31.9,-0.8235094426115328,-0.83,-0.02,-0.06,2,2,0,24870,18962177,30.6,-0.01450944261153286,-0.021,0.07,0.03,3,2,0,24870,18962177,31.9,-0.01050944261153286,-0.018,0.01,0.02,9,2,0,24708,18962176,29.9,-0.00650944261153286,-0.014,0.06,0.05,4,2,0,24708,18962176,29.9,-0.8345094426115328,-0.836,0.14,-0.18,1,2,0,24708,18962176,30.6,-0.01250944261153286,-0.019,0.03,0.03,3,2,0,24708,18962176,29.9,-0.8185094426115329,-0.826,0.06,0.07,3,2,0,24708,18962176,29.9
771,18937655230996,18937665187809,sine_0.7hz,9.920075095000357,20.542068,0.07509478382417001,9.956813,2.036178000707878,3.126908999547595,0.17452239990234375,24871,24709,-0.006886657092230359,-0.017,0.14,0.3,14,2,0,24871,18962197,30.6,-0.007886657092230359,-0.014,0.08,0.18,13,2,0,24871,18962197,30.6,-0.8118866570922304,-0.819,0.1,0.18,11,2,0,24871,18962197,31.9,-0.8218866570922303,-0.828,-0.05,0.15,7,2,0,24871,18962197,30.6,-0.012886657092230358,-0.021,-0.05,0.2,8,2,0,24871,18962197,31.9,-0.008886657092230358,-0.017,0.16,0.09,14,2,0,24709,18962196,29.9,-0.004886657092230359,-0.012,0.2,0.09,9,2,0,24709,18962196,29.9,-0.8328866570922303,-0.836,0.06,0.01,6,2,0,24709,18962196,30.6,-0.01088665709223036,-0.017,0.27,-0.05,8,2,0,24709,18962196,29.9,-0.8168866570922304,-0.825,0.19,0.09,8,2,0,24709,18962196,29.9
772,18937675234099,18937684723086,sine_0.7hz,9.940079157997388,19.535277,0.07915778041933663,9.488987,2.042770000116434,3.1333730003098026,0.171661376953125,24872,24710,-0.005210107759786412,-0.013,0.11,0.21,4,2,0,24872,18962217,30.6,-0.006210107759786412,-0.011,-0.08,-0.17,3,2,0,24872,18962217,30.6,-0.8102101077597864,-0.817,0.23,0.11,1,2,0,24872,18962217,31.9,-0.8202101077597863,-0.828,0.15,0.21,12,2,0,24872,18962217,30.6,-0.011210107759786411,-0.02,0.0,0.29,13,2,0,24872,18962217,31.9,-0.007210107759786412,-0.013,-0.01,0.08,5,2,0,24710,18962217,29.9,-0.003210107759786412,-0.011,0.09,0.1,15,2,0,24710,18962217,29.9,-0.8312101077597863,-0.835,0.17,-0.15,12,2,0,24710,18962217,30.6,-0.009210107759786413,-0.017,0.13,0.23,14,2,0,24710,18962217,29.9,-0.8152101077597864,-0.823,0.14,0.12,14,2,0,24710,18962217,29.9
773,18937695233521,18937704351421,sine_0.7hz,9.960077108997211,19.628335,0.0771087798057124,9.1179,1.5394849979202263,2.6312090012652334,0.1728534698486328,24873,24711,-0.0034937828146523703,-0.012,0.08,0.15,9,2,0,24873,18962237,30.6,-0.00449378281465237,-0.009,0.01,0.03,8,2,0,24873,18962237,30.6,-0.8084937828146525,-0.815,-0.02,0.23,6,2,0,24873,18962237,31.9,-0.8184937828146523,-0.824,0.06,-0.09,2,2,0,24873,18962237,30.6,-0.00949378281465237,-0.017,0.27,-0.07,3,2,0,24873,18962237,31.9,-0.005493782814652371,-0.011,0.14,-0.12,9,2,0,24711,18962236,29.9,-0.0014937828146523702,-0.007,0.12,0.14,4,2,0,24711,18962236,29.9,-0.8294937828146524,-0.833,0.11,-0.12,1,2,0,24711,18962236,30.6,-0.007493782814652371,-0.015,0.14,0.24,3,2,0,24711,18962236,29.9,-0.8134937828146525,-0.82,-0.12,0.04,3,2,0,24711,18962236,29.9
774,18937715229488,18937724211991,sine_0.7hz,9.980074867999065,19.86057,0.0748677812225651,8.982503,1.5148450002016034,2.5643260014476255,0.2155303955078125,24874,24712,-0.0017504635657313245,-0.012,0.0,0.25,14,2,0,24874,18962257,30.6,-0.0027504635657313245,-0.009,0.25,0.37,13,2,0,24874,18962257,30.6,-0.8067504635657313,-0.814,0.03,0.11,11,2,0,24874,18962257,31.9,-0.8167504635657312,-0.822,0.11,-0.19,7,2,0,24874,18962257,30.6,-0.007750463565731325,-0.015,0.13,0.16,8,2,0,24874,18962257,31.9,-0.0037504635657313245,-0.009,0.14,-0.04,14,2,0,24712,18962256,29.9,0.00024953643426867556,-0.007,0.01,-0.04,9,2,0,24712,18962256,29.9,-0.8277504635657312,-0.832,0.11,0.21,6,2,0,24712,18962256,30.6,-0.0057504635657313246,-0.014,0.03,0.22,7,2,0,24712,18962256,29.9,-0.8117504635657313,-0.82,0.08,0.3,8,2,0,24712,18962256,29.9
775,18937735230223,18937744835086,sine_0.7hz,10.000075762000051,20.623095,0.07576178177259862,9.604863,2.064690001134295,3.150782002194319,0.17309188842773438,24875,24713,6.664373474607277e-06,-0.009,0.12,0.26,4,2,0,24875,18962277,30.6,-0.0009933356265253927,-0.007,0.11,-0.07,3,2,0,24875,18962277,30.6,-0.8049933356265254,-0.811,0.11,0.18,1,2,0,24875,18962277,31.9,-0.8149933356265253,-0.821,0.13,-0.05,12,2,0,24875,18962277,30.6,-0.005993335626525393,-0.014,0.12,0.18,13,2,0,24875,18962277,31.9,-0.001993335626525393,-0.007,0.06,0.02,4,2,0,24713,18962276,29.9,0.002006664373474607,-0.006,0.02,0.08,14,2,0,24713,18962276,29.9,-0.8259933356265253,-0.831,0.05,0.0,11,2,0,24713,18962276,30.6,-0.003993335626525393,-0.012,0.08,0.16,12,2,0,24713,18962276,29.9,-0.8099933356265254,-0.819,0.13,0.16,13,2,0,24713,18962276,29.9
776,18937755231278,18937764732873,sine_0.7hz,10.02007707300072,19.897787,0.07707278200541623,9.501595,1.5127009974094108,2.629769001941895,0.1723766326904297,24876,24714,0.00176377731222335,-0.008,0.04,0.22,9,2,0,24876,18962297,30.6,0.00076377731222335,-0.006,-0.1,0.25,8,2,0,24876,18962297,30.6,-0.8032362226877767,-0.81,0.13,-0.11,6,2,0,24876,18962297,31.9,-0.8132362226877766,-0.82,0.04,0.09,2,2,0,24876,18962297,30.6,-0.00423622268777665,-0.012,0.09,0.05,3,2,0,24876,18962297,31.9,-0.00023622268777665,-0.006,0.08,-0.12,9,2,0,24714,18962296,29.9,0.00376377731222335,-0.002,0.14,0.06,4,2,0,24714,18962296,29.9,-0.8242362226877766,-0.831,0.03,0.14,1,2,0,24714,18962296,30.6,-0.0022362226877766503,-0.009,0.14,0.0,2,2,0,24714,18962296,29.9,-0.8082362226877767,-0.816,0.2,0.19,3,2,0,24714,18962296,29.9
777,18937775231372,18937784494494,sine_0.7hz,10.04007652799919,19.761621,0.07652778003830463,9.263122,1.7697029979899526,2.8550580027513206,0.17452239990234375,24877,24715,0.003507088826386823,-0.006,0.14,0.18,14,2,0,24877,18962317,30.6,0.002507088826386823,-0.006,0.07,0.15,13,2,0,24877,18962317,30.6,-0.8014929111736132,-0.808,0.14,0.02,11,2,0,24877,18962317,31.9,-0.8114929111736131,-0.819,0.1,0.25,7,2,0,24877,18962317,30.6,-0.0024929111736131772,-0.011,0.05,0.22,8,2,0,24877,18962317,31.9,0.0015070888263868229,-0.004,0.21,0.1,14,2,0,24715,18962316,29.9,0.005507088826386823,-0.001,0.02,0.03,9,2,0,24715,18962316,29.9,-0.8224929111736131,-0.83,0.14,0.22,6,2,0,24715,18962316,30.6,-0.0004929111736131772,-0.008,0.08,-0.13,7,2,0,24715,18962316,29.9,-0.8064929111736132,-0.814,0.1,0.01,8,2,0,24715,18962316,29.9
778,18937795235435,18937804218258,sine_0.7hz,10.060076878999098,19.723764,0.07687877950957045,8.982823,1.5201889982563443,2.5657670012151357,0.2181529998779297,24878,24716,0.005223358346245099,-0.002,0.13,-0.01,4,2,0,24878,18962337,30.6,0.004223358346245099,-0.004,-0.02,0.21,3,2,0,24878,18962337,30.6,-0.799776641653755,-0.806,0.09,0.1,1,2,0,24878,18962337,31.9,-0.8097766416537548,-0.818,0.12,0.16,12,2,0,24878,18962337,30.6,-0.0007766416537549007,-0.011,-0.01,0.26,13,2,0,24878,18962337,31.9,0.0032233583462450994,-0.002,0.13,-0.2,4,2,0,24716,18962336,29.9,0.0072233583462450995,0.001,0.15,0.15,14,2,0,24716,18962336,29.9,-0.8207766416537549,-0.83,0.02,0.21,11,2,0,24716,18962336,30.6,0.0012233583462450993,-0.007,-0.02,0.14,12,2,0,24716,18962336,29.9,-0.804776641653755,-0.812,0.11,0.02,13,2,0,24716,18962336,29.9
779,18937815232266,18937825272155,sine_0.7hz,10.080077005997737,21.053897,0.07700577771174721,10.039889,2.0846910010732245,3.1679990024713334,0.17261505126953125,24879,24717,0.006899216864697406,-0.001,0.14,-0.04,9,2,0,24879,18962357,30.6,0.005899216864697406,-0.001,0.35,-0.07,8,2,0,24879,18962357,30.6,-0.7981007831353026,-0.805,0.03,0.15,6,2,0,24879,18962357,31.9,-0.8081007831353025,-0.814,0.21,0.09,2,2,0,24879,18962357,30.6,0.0008992168646974061,-0.006,0.17,0.01,3,2,0,24879,18962357,31.9,0.004899216864697406,-0.001,-0.01,-0.08,9,2,0,24717,18962356,29.9,0.008899216864697405,0.003,0.12,-0.09,4,2,0,24717,18962356,29.9,-0.8191007831353025,-0.827,0.15,0.18,1,2,0,24717,18962356,30.6,0.002899216864697406,-0.004,0.14,0.05,2,2,0,24717,18962356,29.9,-0.8031007831353026,-0.809,-0.07,0.26,3,2,0,24717,18962356,29.9
780,18937835232361,18937844711203,sine_0.7hz,10.100077675997454,19.439048,0.07767577699269168,9.478842,1.5703339995525312,2.6567460008664057,0.17118453979492188,24880,24718,0.00852176778005514,0.001,0.09,0.16,14,2,0,24880,18962377,30.6,0.00752176778005514,0.001,0.06,0.07,13,2,0,24880,18962377,30.6,-0.796478232219945,-0.804,-0.01,-0.19,11,2,0,24880,18962377,31.9,-0.8064782322199449,-0.813,0.1,-0.05,7,2,0,24880,18962377,30.6,0.0025217677800551397,-0.005,0.11,0.24,8,2,0,24880,18962377,31.9,0.00652176778005514,0.0,0.08,0.12,15,2,0,24718,18962377,29.9,0.01052176778005514,0.004,0.02,0.01,9,2,0,24718,18962377,29.9,-0.8174782322199449,-0.826,0.08,0.26,7,2,0,24718,18962377,30.6,0.00452176778005514,-0.003,-0.01,0.07,8,2,0,24718,18962377,29.9,-0.801478232219945,-0.808,0.17,-0.1,9,2,0,24718,18962377,29.9
781,18937855230247,18937864645728,sine_0.7hz,10.1200757229999,19.934525,0.0757227790018078,9.415481,1.5174049985944293,2.5974160016630776,0.17261505126953125,24881,24719,0.010078218018596315,0.005,0.08,-0.2,4,2,0,24881,18962397,30.6,0.009078218018596314,0.002,0.06,0.03,3,2,0,24881,18962397,30.6,-0.7949217819814037,-0.802,0.0,0.04,1,2,0,24881,18962397,31.9,-0.8049217819814036,-0.813,0.06,0.28,12,2,0,24881,18962397,30.6,0.004078218018596315,-0.004,-0.01,0.37,13,2,0,24881,18962397,31.9,0.008078218018596315,0.002,-0.04,0.39,4,2,0,24719,18962396,29.9,0.012078218018596315,0.004,0.05,0.28,13,2,0,24719,18962396,29.9,-0.8159217819814036,-0.825,0.13,0.16,11,2,0,24719,18962396,30.6,0.006078218018596315,-0.002,0.1,0.24,12,2,0,24719,18962396,29.9,-0.7999217819814037,-0.807,-0.06,-0.03,13,2,0,24719,18962396,29.9
782,18937875231590,18937884160587,sine_0.7hz,10.140077513999131,19.514859,0.07751377779641189,8.928997,1.4954830003262032,2.5359100000059698,0.21076202392578125,24882,24720,0.01155701959599357,0.007,0.2,0.17,9,2,0,24882,18962417,30.6,0.010557019595993571,0.003,0.09,0.17,8,2,0,24882,18962417,30.6,-0.7934429804040065,-0.8,0.23,0.22,6,2,0,24882,18962417,31.9,-0.8034429804040064,-0.811,0.01,0.22,2,2,0,24882,18962417,30.6,0.00555701959599357,-0.002,-0.02,0.16,3,2,0,24882,18962417,31.9,0.00955701959599357,0.002,0.14,0.14,9,2,0,24720,18962416,29.9,0.01355701959599357,0.007,0.0,0.19,3,2,0,24720,18962416,29.9,-0.8144429804040064,-0.822,0.09,0.32,1,2,0,24720,18962416,30.6,0.00755701959599357,0.001,0.06,0.13,2,2,0,24720,18962416,29.9,-0.7984429804040065,-0.804,-0.05,0.25,3,2,0,24720,18962416,29.9
783,18937895232325,18937904402643,sine_0.7hz,10.160076872998616,20.242056,0.07687277684453875,9.170318,1.6817630021250807,2.7622870002232958,0.17786026000976562,24883,24721,0.01294627420574046,0.008,0.16,-0.02,14,2,0,24883,18962437,30.6,0.01194627420574046,0.004,0.14,0.05,13,2,0,24883,18962437,30.6,-0.7920537257942596,-0.8,0.02,0.22,11,2,0,24883,18962437,31.9,-0.8020537257942595,-0.81,0.09,0.24,7,2,0,24883,18962437,30.6,0.00694627420574046,-0.001,0.12,0.19,8,2,0,24883,18962437,31.9,0.01094627420574046,0.003,0.13,0.12,14,2,0,24721,18962436,29.9,0.01494627420574046,0.008,0.07,0.18,8,2,0,24721,18962436,29.9,-0.8130537257942595,-0.821,0.02,0.37,6,2,0,24721,18962436,30.6,0.00894627420574046,0.002,-0.05,0.16,7,2,0,24721,18962436,29.9,-0.7970537257942596,-0.802,0.08,-0.1,8,2,0,24721,18962436,29.9
784,18937915233988,18937924235499,sine_0.7hz,10.180076775999623,19.832856,0.07677577741560526,9.001511,1.5375969996966887,2.584134999779053,0.21839141845703125,24884,24722,0.014235458128271278,0.01,0.19,0.12,4,2,0,24884,18962457,30.6,0.013235458128271278,0.006,0.16,0.14,3,2,0,24884,18962457,30.6,-0.7907645418717287,-0.798,0.14,0.13,1,2,0,24884,18962457,31.9,-0.8007645418717286,-0.809,0.09,0.3,12,2,0,24884,18962457,30.6,0.008235458128271278,0.001,0.18,0.09,13,2,0,24884,18962457,31.9,0.012235458128271278,0.006,0.02,0.1,4,2,0,24722,18962456,29.9,0.016235458128271277,0.009,0.17,0.21,13,2,0,24722,18962456,29.9,-0.8117645418717286,-0.821,0.05,0.35,11,2,0,24722,18962456,30.6,0.010235458128271278,0.003,0.06,0.05,12,2,0,24722,18962456,29.9,-0.7957645418717287,-0.801,0.04,0.04,13,2,0,24722,18962456,29.9
785,18937935230179,18937944917573,sine_0.7hz,10.200073222000356,20.682074,0.07322177771129645,9.687394,2.2182639986567665,3.3064039998862427,0.17523765563964844,24885,24723,0.015414369668250383,0.011,-0.04,-0.1,9,2,0,24885,18962477,30.6,0.014414369668250382,0.007,0.04,0.14,8,2,0,24885,18962477,30.6,-0.7895856303317497,-0.796,0.06,0.2,6,2,0,24885,18962477,31.9,-0.7995856303317496,-0.807,0.12,0.16,2,2,0,24885,18962477,30.6,0.009414369668250383,0.005,0.11,0.05,3,2,0,24885,18962477,31.9,0.013414369668250383,0.007,0.07,0.28,9,2,0,24723,18962476,29.9,0.017414369668250385,0.01,-0.01,0.44,3,2,0,24723,18962476,29.9,-0.8105856303317496,-0.819,0.23,0.11,1,2,0,24723,18962476,30.6,0.011414369668250383,0.005,0.11,0.2,2,2,0,24723,18962476,29.9,-0.7945856303317497,-0.8,0.02,0.17,3,2,0,24723,18962476,29.9
786,18937955242178,18937965280979,sine_0.7hz,10.220079908998741,20.363406,0.07990877566044219,10.038801,2.161270000215154,3.2210879980993923,0.17333030700683594,24886,24724,0.016474638360948413,0.011,0.02,0.07,14,2,0,24886,18962497,30.6,0.015474638360948412,0.009,0.15,0.16,13,2,0,24886,18962497,30.6,-0.7885253616390516,-0.795,0.07,0.17,11,2,0,24886,18962497,31.9,-0.7985253616390515,-0.805,0.17,0.01,7,2,0,24886,18962497,30.6,0.010474638360948413,0.006,0.0,0.1,8,2,0,24886,18962497,31.9,0.014474638360948413,0.007,0.08,0.37,14,2,0,24724,18962496,29.9,0.01847463836094841,0.011,0.02,0.12,8,2,0,24724,18962496,29.9,-0.8095253616390515,-0.818,-0.02,0.34,6,2,0,24724,18962496,30.6,0.012474638360948413,0.006,0.12,0.03,7,2,0,24724,18962496,29.9,-0.7935253616390516,-0.799,0.08,-0.05,8,2,0,24724,18962496,29.9
787,18937975233856,18937984845696,sine_0.7hz,10.240078724000341,19.564717,0.0787237768236082,9.61184,2.1053960008430295,3.199966999090975,0.1709461212158203,24887,24725,0.017407086149853222,0.013,0.04,0.18,4,2,0,24887,18962517,30.6,0.01640708614985322,0.011,0.07,0.04,3,2,0,24887,18962517,30.6,-0.7875929138501468,-0.793,0.15,0.17,1,2,0,24887,18962517,31.9,-0.7975929138501467,-0.804,0.08,0.24,12,2,0,24887,18962517,30.6,0.011407086149853222,0.006,-0.13,0.28,13,2,0,24887,18962517,31.9,0.015407086149853222,0.008,-0.1,0.38,5,2,0,24725,18962517,29.9,0.019407086149853224,0.012,0.12,0.23,14,2,0,24725,18962517,29.9,-0.8085929138501468,-0.818,0.07,0.27,12,2,0,24725,18962517,30.6,0.013407086149853222,0.007,0.11,0.14,13,2,0,24725,18962517,29.9,-0.7925929138501469,-0.798,0.15,0.15,14,2,0,24725,18962517,29.9
788,18937995233023,18938004909698,sine_0.7hz,10.260076386999572,20.064002,0.07638677561772056,9.676675,2.2053039974707644,3.2971879991237074,0.1723766326904297,24888,24726,0.018204902721524155,0.014,0.27,-0.01,9,2,0,24888,18962537,30.6,0.017204902721524154,0.012,0.0,0.36,8,2,0,24888,18962537,30.6,-0.7867950972784759,-0.792,0.18,0.12,6,2,0,24888,18962537,31.9,-0.7967950972784758,-0.802,0.09,0.22,1,2,0,24888,18962537,30.6,0.012204902721524155,0.007,0.04,0.01,3,2,0,24888,18962537,31.9,0.016204902721524153,0.009,0.0,0.22,9,2,0,24726,18962536,29.9,0.020204902721524157,0.014,0.02,0.08,3,2,0,24726,18962536,29.9,-0.8077950972784758,-0.815,0.23,0.32,1,2,0,24726,18962536,30.6,0.014204902721524155,0.011,-0.07,0.06,2,2,0,24726,18962536,29.9,-0.7917950972784759,-0.797,-0.04,0.26,3,2,0,24726,18962536,29.9
789,18938015232126,18938024714520,sine_0.7hz,10.280077376999543,19.804822,0.07737677515251562,9.482394,1.5092440007720143,2.616999998281244,0.17380714416503906,24889,24727,0.0188620749407054,0.015,0.06,0.18,14,2,0,24889,18962557,30.6,0.017862074940705398,0.013,0.03,-0.01,13,2,0,24889,18962557,30.6,-0.7861379250592947,-0.792,-0.04,0.17,11,2,0,24889,18962557,31.9,-0.7961379250592946,-0.802,0.01,0.17,6,2,0,24889,18962557,30.6,0.012862074940705398,0.008,-0.07,0.03,8,2,0,24889,18962557,31.9,0.0168620749407054,0.01,0.2,0.13,14,2,0,24727,18962556,29.9,0.020862074940705397,0.016,0.08,0.08,8,2,0,24727,18962556,29.9,-0.8071379250592946,-0.813,0.03,0.19,6,2,0,24727,18962556,30.6,0.014862074940705398,0.011,0.04,-0.01,7,2,0,24727,18962556,29.9,-0.7911379250592947,-0.797,-0.1,0.14,8,2,0,24727,18962556,29.9
790,18938035231005,18938044286278,sine_0.7hz,10.300076735999028,19.571758,0.07673577420064248,9.055273,1.5522219982813112,2.5945989982574247,0.24080276489257812,24890,24728,0.019373340788674517,0.016,0.02,0.08,4,2,0,24890,18962577,30.6,0.018373340788674516,0.014,-0.1,0.19,3,2,0,24890,18962577,30.6,-0.7856266592113256,-0.79,0.06,0.19,1,2,0,24890,18962577,31.9,-0.7956266592113255,-0.801,0.07,0.42,11,2,0,24890,18962577,30.6,0.013373340788674517,0.009,-0.04,0.05,13,2,0,24890,18962577,31.9,0.017373340788674516,0.011,0.06,0.31,4,2,0,24728,18962576,29.9,0.02137334078867452,0.017,0.05,0.16,13,2,0,24728,18962576,29.9,-0.8066266592113255,-0.812,0.1,0.21,11,2,0,24728,18962576,30.6,0.015373340788674517,0.012,0.03,0.16,12,2,0,24728,18962576,29.9,-0.7906266592113256,-0.795,0.19,0.12,13,2,0,24728,18962576,29.9
791,18938055233115,18938064188993,sine_0.7hz,10.320076894997328,19.902715,0.07689477206440642,8.955878,1.5096600000106264,2.5493489993095864,0.20432472229003906,24891,24729,0.019734817839402664,0.016,0.01,0.14,9,2,0,24891,18962597,30.6,0.018734817839402663,0.014,0.1,0.32,8,2,0,24891,18962597,30.6,-0.7852651821605974,-0.789,-0.06,0.08,6,2,0,24891,18962597,31.9,-0.7952651821605973,-0.801,0.01,0.09,1,2,0,24891,18962597,30.6,0.013734817839402664,0.009,-0.02,0.19,3,2,0,24891,18962597,31.9,0.017734817839402665,0.011,-0.04,0.26,9,2,0,24729,18962596,29.9,0.021734817839402662,0.018,-0.06,0.16,3,2,0,24729,18962596,29.9,-0.8062651821605973,-0.812,-0.11,0.61,1,2,0,24729,18962596,30.6,0.015734817839402664,0.012,-0.03,0.18,2,2,0,24729,18962596,29.9,-0.7902651821605974,-0.794,-0.01,0.05,2,2,0,24729,18962596,29.9
792,18938075231130,18938085247146,sine_0.7hz,10.34007644599842,21.058153,0.07644577272003517,10.016016,2.1066119988972787,3.19401500019012,0.17404556274414062,24892,24730,0.01994368341613821,0.017,0.11,0.19,14,2,0,24892,18962617,30.6,0.01894368341613821,0.014,0.1,0.22,13,2,0,24892,18962617,30.6,-0.7850563165838619,-0.789,0.09,0.04,11,2,0,24892,18962617,31.9,-0.7950563165838618,-0.8,-0.13,0.31,6,2,0,24892,18962617,30.6,0.01394368341613821,0.01,-0.08,0.11,7,2,0,24892,18962617,31.9,0.01794368341613821,0.012,-0.07,0.33,14,2,0,24730,18962616,29.9,0.021943683416138213,0.018,-0.02,0.19,8,2,0,24730,18962616,29.9,-0.8060563165838618,-0.812,-0.04,0.24,6,2,0,24730,18962616,30.6,0.01594368341613821,0.013,0.09,0.04,7,2,0,24730,18962616,29.9,-0.7900563165838619,-0.793,0.1,0.18,7,2,0,24730,18962616,29.9
793,18938095233049,18938104302339,sine_0.7hz,10.360077724999428,19.055193,0.07772477329126559,9.06929,1.5471660008188337,2.5917830025719013,0.21839141845703125,24893,24731,0.019998333800921256,0.017,-0.14,-0.06,3,2,0,24893,18962637,30.6,0.018998333800921256,0.015,0.05,0.24,3,2,0,24893,18962637,30.6,-0.7850016661990787,-0.787,0.11,0.11,1,2,0,24893,18962637,31.9,-0.7950016661990786,-0.799,0.12,0.27,11,2,0,24893,18962637,30.6,0.013998333800921256,0.01,-0.01,0.26,12,2,0,24893,18962637,31.9,0.017998333800921258,0.014,0.11,0.07,4,2,0,24731,18962637,29.9,0.021998333800921255,0.018,0.04,0.16,14,2,0,24731,18962637,29.9,-0.8060016661990786,-0.812,-0.05,0.29,12,2,0,24731,18962637,30.6,0.015998333800921256,0.013,-0.09,-0.05,13,2,0,24731,18962637,29.9,-0.7900016661990787,-0.793,0.02,0.18,13,2,0,24731,18962637,29.9
794,18938115230776,18938124285537,sine_0.7hz,10.380075130997284,19.983198,0.07513077071052976,9.054761,1.5061080011946615,2.542182002798654,0.21457672119140625,24894,24732,0.019898355975927772,0.018,0.05,0.07,8,2,0,24894,18962657,30.6,0.01889835597592777,0.015,0.13,0.28,7,2,0,24894,18962657,30.6,-0.7851016440240722,-0.786,-0.04,0.04,6,2,0,24894,18962657,31.9,-0.7951016440240721,-0.799,0.03,0.22,1,2,0,24894,18962657,30.6,0.013898355975927772,0.011,0.07,0.01,2,2,0,24894,18962657,31.9,0.017898355975927774,0.015,-0.03,0.23,8,2,0,24732,18962656,29.9,0.02189835597592777,0.019,0.02,0.14,3,2,0,24732,18962656,29.9,-0.8061016440240721,-0.811,-0.01,0.22,1,2,0,24732,18962656,30.6,0.015898355975927772,0.014,0.0,0.24,2,2,0,24732,18962656,29.9,-0.7901016440240722,-0.793,-0.09,0.03,2,2,0,24732,18962656,29.9
795,18938135232150,18938144249631,sine_0.7hz,10.400076729998545,19.964094,0.07672977153561078,9.017481,1.551773999381112,2.5892550002026837,0.21195411682128906,24895,24733,0.019644479161340624,0.018,-0.12,0.09,13,2,0,24895,18962677,30.6,0.018644479161340623,0.015,0.06,0.39,12,2,0,24895,18962677,30.6,-0.7853555208386594,-0.786,-0.01,0.14,11,2,0,24895,18962677,31.9,-0.7953555208386593,-0.799,0.1,0.1,6,2,0,24895,18962677,30.6,0.013644479161340624,0.012,0.17,0.15,7,2,0,24895,18962677,31.9,0.017644479161340626,0.015,-0.07,0.23,13,2,0,24733,18962676,29.9,0.021644479161340623,0.019,0.04,0.33,8,2,0,24733,18962676,29.9,-0.8063555208386594,-0.811,-0.14,0.37,6,2,0,24733,18962676,30.6,0.015644479161340624,0.014,0.11,0.36,7,2,0,24733,18962676,29.9,-0.7903555208386595,-0.793,0.03,0.0,7,2,0,24733,18962676,29.9
796,18938155230741,18938164933241,sine_0.7hz,10.420074457000737,20.68361,0.0744567732908763,9.7025,1.7995919988607056,2.8863240004284307,0.1747608184814453,24896,24734,0.019238764679550907,0.018,0.05,0.08,3,2,0,24896,18962697,30.6,0.018238764679550906,0.015,0.01,0.33,2,2,0,24896,18962697,30.6,-0.7857612353204492,-0.786,-0.15,-0.02,1,2,0,24896,18962697,31.9,-0.7957612353204491,-0.799,0.05,0.08,11,2,0,24896,18962697,30.6,0.013238764679550907,0.012,-0.07,0.1,12,2,0,24896,18962697,31.9,0.017238764679550905,0.015,0.09,0.06,3,2,0,24734,18962696,29.9,0.02123876467955091,0.019,0.13,0.25,13,2,0,24734,18962696,29.9,-0.8067612353204491,-0.811,-0.15,0.26,11,2,0,24734,18962696,30.6,0.015238764679550907,0.014,0.02,0.09,12,2,0,24734,18962696,29.9,-0.7907612353204492,-0.793,0.09,0.16,12,2,0,24734,18962696,29.9
797,18938175233076,18938185329031,sine_0.7hz,10.440077687999292,20.39579,0.07768777140881866,10.095955,2.1243410010356456,3.215936001652153,0.1742839813232422,24897,24735,0.018684142113210563,0.018,0.03,0.08,8,2,0,24897,18962717,30.6,0.017684142113210562,0.015,0.09,0.26,7,2,0,24897,18962717,30.6,-0.7863158578867895,-0.786,0.03,0.11,6,2,0,24897,18962717,31.9,-0.7963158578867894,-0.798,-0.09,0.03,1,2,0,24897,18962717,30.6,0.012684142113210563,0.013,0.04,-0.06,2,2,0,24897,18962717,31.9,0.016684142113210565,0.015,0.0,0.08,8,2,0,24735,18962716,29.9,0.02068414211321056,0.018,0.02,0.29,3,2,0,24735,18962716,29.9,-0.8073158578867894,-0.811,0.01,0.37,1,2,0,24735,18962716,30.6,0.014684142113210563,0.014,-0.01,-0.01,2,2,0,24735,18962716,29.9,-0.7913158578867895,-0.793,0.01,0.01,2,2,0,24735,18962716,29.9
798,18938195235987,18938204377216,sine_0.7hz,10.460078422998777,19.048185,0.07842277045710944,9.141229,1.566302998980973,2.6075599998875987,0.2186298370361328,24898,24736,0.01798508854128422,0.018,0.1,0.25,13,2,0,24898,18962737,30.6,0.016985088541284218,0.015,0.02,0.09,12,2,0,24898,18962737,30.6,-0.7870149114587158,-0.786,-0.09,-0.01,11,2,0,24898,18962737,31.9,-0.7970149114587157,-0.799,0.03,-0.15,6,2,0,24898,18962737,30.6,0.011985088541284218,0.013,0.13,-0.04,7,2,0,24898,18962737,31.9,0.01598508854128422,0.015,0.06,0.05,14,2,0,24736,18962737,29.9,0.019985088541284217,0.018,0.03,0.15,9,2,0,24736,18962737,29.9,-0.8080149114587157,-0.811,-0.11,0.14,7,2,0,24736,18962737,30.6,0.013985088541284219,0.014,-0.07,-0.02,8,2,0,24736,18962737,29.9,-0.7920149114587158,-0.793,0.08,0.28,8,2,0,24736,18962737,29.9
799,18938215232306,18938224714924,sine_0.7hz,10.480075668998325,20.337708,0.07566876956843771,9.482618,1.982832000066992,3.0772430000070017,0.17714500427246094,24899,24737,0.017147107965431185,0.018,-0.09,0.21,3,2,0,24899,18962757,30.6,0.016147107965431184,0.015,0.01,0.02,2,2,0,24899,18962757,30.6,-0.7878528920345689,-0.786,-0.02,-0.09,1,2,0,24899,18962757,31.9,-0.7978528920345688,-0.799,0.1,0.21,11,2,0,24899,18962757,30.6,0.011147107965431184,0.013,0.07,0.09,12,2,0,24899,18962757,31.9,0.015147107965431185,0.015,-0.03,0.0,3,2,0,24737,18962756,29.9,0.019147107965431183,0.019,-0.01,0.1,13,2,0,24737,18962756,29.9,-0.8088528920345688,-0.811,0.04,0.21,11,2,0,24737,18962756,30.6,0.013147107965431185,0.014,0.0,0.08,12,2,0,24737,18962756,29.9,-0.7928528920345689,-0.793,-0.02,0.12,12,2,0,24737,18962756,29.9
800,18938235231600,18938245054873,sine_0.7hz,10.500077651999163,20.339949,0.07765176997054368,9.823273,1.8676580002647825,2.965013998618815,0.1735687255859375,24900,24738,0.016176324002328945,0.018,-0.05,-0.26,8,2,0,24900,18962777,30.6,0.015176324002328944,0.015,-0.09,0.09,7,2,0,24900,18962777,30.6,-0.7888236759976711,-0.786,-0.02,-0.08,6,2,0,24900,18962777,31.9,-0.798823675997671,-0.799,0.03,0.41,1,2,0,24900,18962777,30.6,0.010176324002328945,0.013,0.04,-0.14,2,2,0,24900,18962777,31.9,0.014176324002328945,0.015,0.08,0.16,8,2,0,24738,18962776,29.9,0.018176324002328943,0.018,-0.04,-0.08,3,2,0,24738,18962776,29.9,-0.809823675997671,-0.811,-0.04,0.06,1,2,0,24738,18962776,30.6,0.012176324002328945,0.014,-0.02,-0.03,2,2,0,24738,18962776,29.9,-0.7938236759976711,-0.793,0.17,0.1,2,2,0,24738,18962776,29.9
801,18938255233039,18938264837775,sine_0.7hz,10.520077010998648,19.782902,0.07701076901867054,9.604736,1.6623379997326992,2.7638549981929827,0.1761913299560547,24901,24739,0.015080578879173199,0.017,-0.25,-0.04,13,2,0,24901,18962797,30.6,0.0140805788791732,0.014,0.0,0.17,12,2,0,24901,18962797,30.6,-0.7899194211208268,-0.786,-0.06,-0.12,11,2,0,24901,18962797,31.9,-0.7999194211208267,-0.8,0.02,0.0,6,2,0,24901,18962797,30.6,0.009080578879173198,0.012,0.07,-0.15,7,2,0,24901,18962797,31.9,0.013080578879173198,0.015,-0.01,-0.02,14,2,0,24739,18962797,29.9,0.0170805788791732,0.018,0.02,0.03,9,2,0,24739,18962797,29.9,-0.8109194211208267,-0.812,-0.03,0.12,7,2,0,24739,18962797,30.6,0.011080578879173198,0.013,0.03,-0.18,8,2,0,24739,18962797,29.9,-0.7949194211208268,-0.793,0.04,0.12,8,2,0,24739,18962797,29.9
802,18938275231054,18938285245118,sine_0.7hz,10.540076721998048,20.407343,0.07672176798223518,10.014064,2.0738749990414362,3.177470000082394,0.17380714416503906,24902,24740,0.01386820409096596,0.017,0.11,0.04,3,2,0,24902,18962817,30.6,0.012868204090965962,0.014,0.22,0.12,2,2,0,24902,18962817,30.6,-0.791131795909034,-0.787,0.04,-0.12,1,2,0,24902,18962817,31.9,-0.8011317959090339,-0.8,0.02,0.03,11,2,0,24902,18962817,30.6,0.00786820409096596,0.012,0.07,-0.27,12,2,0,24902,18962817,31.9,0.01186820409096596,0.015,0.02,-0.03,3,2,0,24740,18962816,29.9,0.01586820409096596,0.018,0.01,-0.05,13,2,0,24740,18962816,29.9,-0.812131795909034,-0.812,0.05,0.02,11,2,0,24740,18962816,30.6,0.00986820409096596,0.013,-0.18,-0.09,12,2,0,24740,18962816,29.9,-0.796131795909034,-0.794,0.0,-0.16,12,2,0,24740,18962816,29.9
803,18938295233229,18938304810699,sine_0.7hz,10.56007863999912,19.565581,0.07863976861699484,9.57747,2.0918599984725006,3.1868789992586244,0.17404556274414062,24903,24741,0.012548441434310949,0.017,0.0,-0.12,8,2,0,24903,18962837,30.6,0.011548441434310948,0.014,-0.11,0.15,7,2,0,24903,18962837,30.6,-0.792451558565689,-0.787,0.03,-0.24,6,2,0,24903,18962837,31.9,-0.802451558565689,-0.8,-0.07,-0.08,1,2,0,24903,18962837,30.6,0.006548441434310949,0.012,-0.06,-0.34,2,2,0,24903,18962837,31.9,0.010548441434310949,0.014,0.0,-0.08,9,2,0,24741,18962837,29.9,0.014548441434310949,0.017,-0.07,0.02,4,2,0,24741,18962837,29.9,-0.813451558565689,-0.812,0.01,-0.12,2,2,0,24741,18962837,30.6,0.008548441434310949,0.013,-0.04,-0.13,3,2,0,24741,18962837,29.9,-0.7974515585656891,-0.794,-0.02,-0.12,3,2,0,24741,18962837,29.9
804,18938315235628,18938324842955,sine_0.7hz,10.580079662999196,20.032256,0.07966276825754903,9.607327,2.0810749992961064,3.221055998437805,0.1773834228515625,24904,24742,0.011131691226039383,0.017,-0.03,-0.15,13,2,0,24904,18962857,30.6,0.010131691226039383,0.013,0.02,0.02,12,2,0,24904,18962857,30.6,-0.7938683087739606,-0.788,-0.11,-0.19,11,2,0,24904,18962857,31.9,-0.8038683087739605,-0.801,0.03,0.13,6,2,0,24904,18962857,30.6,0.005131691226039382,0.011,-0.07,0.11,7,2,0,24904,18962857,31.9,0.009131691226039382,0.014,0.09,0.04,13,2,0,24742,18962856,29.9,0.013131691226039383,0.017,-0.19,-0.18,8,2,0,24742,18962856,29.9,-0.8148683087739605,-0.812,-0.09,0.1,6,2,0,24742,18962856,30.6,0.007131691226039382,0.012,0.05,-0.04,7,2,0,24742,18962856,29.9,-0.7988683087739606,-0.794,-0.02,-0.33,7,2,0,24742,18962856,29.9
805,18938335234186,18938344203121,sine_0.7hz,10.60007969399885,19.360166,0.07969376747496426,8.968935,1.5439980015798938,2.588168001238955,0.2186298370361328,24905,24743,0.009628929761135697,0.016,-0.08,-0.34,3,2,0,24905,18962877,30.6,0.008628929761135697,0.012,-0.13,-0.01,2,2,0,24905,18962877,30.6,-0.7953710702388643,-0.789,-0.21,-0.11,1,2,0,24905,18962877,31.9,-0.8053710702388642,-0.801,-0.01,-0.01,11,2,0,24905,18962877,30.6,0.0036289297611356974,0.009,-0.18,-0.05,12,2,0,24905,18962877,31.9,0.0076289297611356974,0.013,-0.07,-0.13,3,2,0,24743,18962876,29.9,0.011628929761135698,0.017,-0.25,0.04,13,2,0,24743,18962876,29.9,-0.8163710702388642,-0.813,0.01,0.02,11,2,0,24743,18962876,30.6,0.005628929761135697,0.012,-0.02,-0.07,12,2,0,24743,18962876,29.9,-0.8003710702388643,-0.795,-0.18,-0.18,12,2,0,24743,18962876,29.9
806,18938355232009,18938365227864,sine_0.7hz,10.62007665299825,21.024743,0.07665276643820107,9.995855,2.09774800168816,3.182271000696346,0.17380714416503906,24906,24744,0.008051957014121213,0.015,0.06,-0.12,8,2,0,24906,18962897,30.6,0.007051957014121213,0.012,0.02,-0.28,7,2,0,24906,18962897,30.6,-0.7969480429858788,-0.791,0.01,-0.07,6,2,0,24906,18962897,31.9,-0.8069480429858787,-0.803,-0.04,-0.17,1,2,0,24906,18962897,30.6,0.002051957014121213,0.006,-0.07,0.02,2,2,0,24906,18962897,31.9,0.006051957014121213,0.012,-0.14,-0.28,8,2,0,24744,18962896,29.9,0.010051957014121213,0.016,0.12,-0.29,3,2,0,24744,18962896,29.9,-0.8179480429858788,-0.813,-0.12,-0.1,1,2,0,24744,18962896,30.6,0.004051957014121213,0.011,-0.06,-0.11,2,2,0,24744,18962896,29.9,-0.8019480429858789,-0.797,-0.12,0.08,2,2,0,24744,18962896,29.9
807,18938375232456,18938384241648,sine_0.7hz,10.640077226998983,19.013784,0.077226766734384,9.009192,1.5359969984274358,2.574983001977671,0.2193450927734375,24907,24745,0.006412437958356672,0.014,-0.1,-0.14,13,2,0,24907,18962917,30.6,0.005412437958356672,0.011,-0.05,-0.01,12,2,0,24907,18962917,30.6,-0.7985875620416434,-0.792,-0.03,-0.05,11,2,0,24907,18962917,31.9,-0.8085875620416433,-0.803,0.16,-0.13,6,2,0,24907,18962917,30.6,0.00041243795835667167,0.006,0.02,-0.09,7,2,0,24907,18962917,31.9,0.004412437958356672,0.012,0.0,-0.2,14,2,0,24745,18962917,29.9,0.008412437958356672,0.015,-0.02,-0.22,9,2,0,24745,18962917,29.9,-0.8195875620416433,-0.814,-0.18,0.05,7,2,0,24745,18962917,30.6,0.0024124379583566717,0.01,-0.17,-0.21,8,2,0,24745,18962917,29.9,-0.8035875620416434,-0.798,0.01,-0.01,8,2,0,24745,18962917,29.9
808,18938395231783,18938404409205,sine_0.7hz,10.660074537998298,20.167557,0.07453776561305858,9.177422,1.537470001494512,2.5888070013024844,0.22339820861816406,24908,24746,0.004723608983981191,0.011,-0.2,-0.19,3,2,0,24908,18962937,30.6,0.0037236089839811906,0.01,-0.02,-0.21,2,2,0,24908,18962937,30.6,-0.8002763910160189,-0.795,-0.11,0.0,1,2,0,24908,18962937,31.9,-0.8102763910160188,-0.804,0.0,-0.15,11,2,0,24908,18962937,30.6,-0.0012763910160188095,0.006,-0.04,-0.05,12,2,0,24908,18962937,31.9,0.0027236089839811906,0.008,0.0,-0.09,3,2,0,24746,18962936,29.9,0.006723608983981191,0.014,-0.1,-0.31,13,2,0,24746,18962936,29.9,-0.8212763910160188,-0.815,0.05,0.05,10,2,0,24746,18962936,30.6,0.0007236089839811905,0.009,-0.14,-0.24,12,2,0,24746,18962936,29.9,-0.8052763910160189,-0.799,0.02,-0.46,12,2,0,24746,18962936,29.9
809,18938415234149,18938424284047,sine_0.7hz,10.680077320997952,19.874842,0.07732076483080164,9.049898,1.4909389974491205,2.5501489981252234,0.2155303955078125,24909,24747,0.002997787283865151,0.011,0.07,-0.05,8,2,0,24909,18962957,30.6,0.001997787283865151,0.009,-0.1,-0.27,7,2,0,24909,18962957,30.6,-0.8020022127161349,-0.796,-0.06,-0.13,6,2,0,24909,18962957,31.9,-0.8120022127161348,-0.806,-0.15,-0.05,1,2,0,24909,18962957,30.6,-0.003002212716134849,0.004,-0.13,0.06,2,2,0,24909,18962957,31.9,0.000997787283865151,0.006,-0.05,-0.1,8,2,0,24747,18962956,29.9,0.004997787283865151,0.011,-0.07,-0.08,3,2,0,24747,18962956,29.9,-0.8230022127161348,-0.819,-0.05,0.04,0,2,0,24747,18962956,30.6,-0.001002212716134849,0.006,-0.05,-0.13,2,2,0,24747,18962956,29.9,-0.8070022127161349,-0.801,-0.13,-0.04,2,2,0,24747,18962956,29.9
810,18938435230116,18938444288942,sine_0.7hz,10.700075303997437,20.004895,0.07530376387876458,9.058826,1.5560940009891056,2.6136720007343683,0.22220611572265625,24910,24748,0.0012491993073643801,0.01,-0.07,-0.39,13,2,0,24910,18962977,30.6,0.0002491993073643801,0.009,-0.04,-0.29,12,2,0,24910,18962977,30.6,-0.8037508006926357,-0.797,0.08,-0.17,10,2,0,24910,18962977,31.9,-0.8137508006926356,-0.807,0.0,-0.11,6,2,0,24910,18962977,30.6,-0.00475080069263562,0.004,-0.05,-0.26,7,2,0,24910,18962977,31.9,-0.0007508006926356199,0.006,0.09,-0.04,13,2,0,24748,18962976,29.9,0.00324919930736438,0.009,-0.11,-0.11,8,2,0,24748,18962976,29.9,-0.8247508006926356,-0.821,-0.26,-0.06,5,2,0,24748,18962976,30.6,-0.00275080069263562,0.005,-0.09,-0.17,7,2,0,24748,18962976,29.9,-0.8087508006926357,-0.802,-0.16,-0.43,7,2,0,24748,18962976,29.9
811,18938455233635,18938464633114,sine_0.7hz,10.720077926998783,20.344172,0.07792676478857175,9.399479,1.493243998993421,2.585542999440804,0.1728534698486328,24911,24749,-0.0005094545312203802,0.008,-0.12,-0.43,3,2,0,24911,18962997,30.6,-0.00150945453122038,0.006,-0.1,-0.15,2,2,0,24911,18962997,30.6,-0.8055094545312205,-0.8,-0.19,0.29,0,2,0,24911,18962997,31.9,-0.8155094545312204,-0.808,-0.19,-0.12,11,2,0,24911,18962997,30.6,-0.006509454531220381,0.003,0.0,-0.61,12,2,0,24911,18962997,31.9,-0.00250945453122038,0.004,0.08,-0.17,3,2,0,24749,18962996,29.9,0.00149054546877962,0.008,-0.02,-0.02,13,2,0,24749,18962996,29.9,-0.8265094545312204,-0.822,0.0,-0.18,10,2,0,24749,18962996,30.6,-0.004509454531220381,0.003,-0.22,-0.07,12,2,0,24749,18962996,29.9,-0.8105094545312205,-0.803,0.08,-0.35,12,2,0,24749,18962996,29.9
812,18938475230114,18938485655074,sine_0.7hz,10.740076580997993,21.02196,0.07658076356165111,10.42496,2.518371999030933,3.5560460019041784,0.1704692840576172,24912,24750,-0.0022638209488563166,0.007,-0.04,-0.36,8,2,0,24912,18963017,30.6,-0.0032638209488563166,0.003,-0.23,-0.06,7,2,0,24912,18963017,30.6,-0.8072638209488564,-0.802,-0.01,-0.16,5,2,0,24912,18963017,31.9,-0.8172638209488563,-0.812,-0.21,-0.04,1,2,0,24912,18963017,30.6,-0.008263820948856316,0.001,-0.09,0.0,2,2,0,24912,18963017,31.9,-0.004263820948856316,0.003,-0.12,-0.16,8,2,0,24750,18963016,29.9,-0.00026382094885631655,0.006,-0.14,-0.26,3,2,0,24750,18963016,29.9,-0.8282638209488563,-0.823,-0.05,-0.01,0,2,0,24750,18963016,30.6,-0.006263820948856316,0.0,0.0,-0.24,2,2,0,24750,18963016,29.9,-0.8122638209488564,-0.805,-0.07,-0.38,2,2,0,24750,18963016,29.9
813,18938495233697,18938504696122,sine_0.7hz,10.760077667997393,19.041048,0.07766776252537966,9.462425,1.970893998077372,3.0646029990748502,0.17499923706054688,24913,24751,-0.0040008937800291525,0.006,0.15,-0.17,14,2,0,24913,18963038,30.6,-0.0050008937800291526,0.001,-0.2,-0.04,13,2,0,24913,18963038,30.6,-0.8090008937800292,-0.803,-0.04,-0.14,11,2,0,24913,18963038,31.9,-0.819000893780029,-0.813,-0.01,-0.12,7,2,0,24913,18963038,30.6,-0.010000893780029153,-0.002,-0.25,0.21,8,2,0,24913,18963038,31.9,-0.006000893780029153,0.002,-0.19,0.07,14,2,0,24751,18963037,29.9,-0.0020008937800291525,0.006,-0.18,-0.05,9,2,0,24751,18963037,29.9,-0.8300008937800291,-0.824,-0.09,-0.05,6,2,0,24751,18963037,30.6,-0.008000893780029153,-0.001,0.0,-0.09,8,2,0,24751,18963037,29.9,-0.8140008937800292,-0.807,-0.17,-0.36,8,2,0,24751,18963037,29.9
814,18938515231071,18938524180709,sine_0.7hz,10.780076258997724,19.484587,0.07625876241945662,8.949638,1.4903949995641597,2.5341180007671937,0.21648406982421875,24914,24752,-0.005706814780792678,0.004,-0.15,-0.51,3,2,0,24914,18963057,30.6,-0.006706814780792678,0.0,0.03,-0.1,2,2,0,24914,18963057,30.6,-0.8107068147807928,-0.805,-0.03,0.08,0,2,0,24914,18963057,31.9,-0.8207068147807927,-0.815,-0.08,0.01,11,2,0,24914,18963057,30.6,-0.011706814780792678,-0.004,-0.09,-0.16,12,2,0,24914,18963057,31.9,-0.007706814780792678,-0.001,0.0,-0.29,3,2,0,24752,18963056,29.9,-0.003706814780792678,0.004,-0.15,-0.1,13,2,0,24752,18963056,29.9,-0.8317068147807927,-0.825,-0.08,-0.13,10,2,0,24752,18963056,30.6,-0.009706814780792678,-0.002,0.0,-0.2,12,2,0,24752,18963056,29.9,-0.8157068147807928,-0.808,-0.29,-0.02,12,2,0,24752,18963056,29.9
815,18938535231870,18938544292072,sine_0.7hz,10.80007680199924,20.111363,0.07680176349822432,9.060202,1.556574999995064,2.598279999801889,0.21409988403320312,24915,24753,-0.007368772070235137,0.002,-0.2,-0.28,8,2,0,24915,18963077,30.6,-0.008368772070235137,-0.001,0.09,-0.12,7,2,0,24915,18963077,30.6,-0.8123687720702352,-0.806,-0.06,-0.28,5,2,0,24915,18963077,31.9,-0.8223687720702351,-0.816,0.0,-0.38,1,2,0,24915,18963077,30.6,-0.013368772070235138,-0.007,-0.17,-0.37,2,2,0,24915,18963077,31.9,-0.009368772070235138,-0.002,-0.39,-0.2,8,2,0,24753,18963076,29.9,-0.005368772070235137,0.001,-0.25,-0.12,3,2,0,24753,18963076,29.9,-0.8333687720702351,-0.827,0.07,-0.34,0,2,0,24753,18963076,30.6,-0.011368772070235136,-0.005,-0.18,0.0,1,2,0,24753,18963076,29.9,-0.8173687720702352,-0.811,0.27,-0.34,2,2,0,24753,18963076,29.9
816,18938555231581,18938564758617,sine_0.7hz,10.820077152999147,20.466545,0.07715276296949014,9.527036,1.611520001461031,2.6996599990525283,0.1747608184814453,24916,24754,-0.008973730067810612,-0.001,-0.11,-0.13,13,2,0,24916,18963097,30.6,-0.009973730067810611,-0.002,-0.14,-0.24,12,2,0,24916,18963097,30.6,-0.8139737300678107,-0.807,0.01,-0.33,10,2,0,24916,18963097,31.9,-0.8239737300678106,-0.817,-0.05,-0.19,6,2,0,24916,18963097,30.6,-0.014973730067810612,-0.007,0.03,-0.26,7,2,0,24916,18963097,31.9,-0.010973730067810612,-0.003,-0.08,-0.47,13,2,0,24754,18963096,29.9,-0.006973730067810612,0.0,-0.22,-0.3,8,2,0,24754,18963096,29.9,-0.8349737300678106,-0.829,-0.3,-0.07,5,2,0,24754,18963096,30.6,-0.012973730067810612,-0.007,-0.08,0.04,6,2,0,24754,18963096,29.9,-0.8189737300678107,-0.812,-0.02,-0.24,7,2,0,24754,18963096,29.9
817,18938575235068,18938584846012,sine_0.7hz,10.84007654299785,20.087395,0.07654276123503223,9.610944,1.6442889973404817,2.7343490000930615,0.17571449279785156,24917,24755,-0.01050922181251603,-0.004,-0.05,-0.13,3,2,0,24917,18963117,30.6,-0.01150922181251603,-0.005,-0.23,-0.22,2,2,0,24917,18963117,30.6,-0.8155092218125161,-0.809,-0.11,0.11,0,2,0,24917,18963117,31.9,-0.825509221812516,-0.819,-0.2,-0.25,11,2,0,24917,18963117,30.6,-0.01650922181251603,-0.009,-0.02,-0.11,12,2,0,24917,18963117,31.9,-0.01250922181251603,-0.004,0.04,-0.14,3,2,0,24755,18963116,29.9,-0.00850922181251603,-0.001,-0.13,-0.13,13,2,0,24755,18963116,29.9,-0.836509221812516,-0.831,-0.06,-0.26,10,2,0,24755,18963116,30.6,-0.01450922181251603,-0.008,-0.09,-0.28,11,2,0,24755,18963116,29.9,-0.8205092218125161,-0.812,-0.05,-0.16,12,2,0,24755,18963116,29.9
818,18938595233595,18938604276644,sine_0.7hz,10.860078781999619,19.430632,0.07878176256781444,9.043049,1.511548998678336,2.5581179979781155,0.24247169494628906,24918,24756,-0.011963653823730125,-0.005,0.04,-0.09,8,2,0,24918,18963137,30.6,-0.012963653823730124,-0.007,-0.22,-0.01,7,2,0,24918,18963137,30.6,-0.8169636538237302,-0.811,-0.05,0.0,5,2,0,24918,18963137,31.9,-0.82696365382373,-0.822,-0.02,-0.24,1,2,0,24918,18963137,30.6,-0.017963653823730125,-0.012,-0.11,0.12,2,2,0,24918,18963137,31.9,-0.013963653823730125,-0.006,-0.13,-0.09,8,2,0,24756,18963136,29.9,-0.009963653823730125,-0.002,-0.15,-0.37,3,2,0,24756,18963136,29.9,-0.8379636538237301,-0.832,-0.31,-0.14,0,2,0,24756,18963136,30.6,-0.015963653823730127,-0.01,-0.16,-0.09,1,2,0,24756,18963136,29.9,-0.8219636538237302,-0.815,-0.04,-0.22,2,2,0,24756,18963136,29.9
819,18938615232377,18938624398439,sine_0.7hz,10.880077884998173,20.121795,0.07788476068526506,9.166062,1.626465000299504,2.711564000492217,0.21147727966308594,24919,24757,-0.013325347101046306,-0.006,-0.11,-0.27,13,2,0,24919,18963157,30.6,-0.014325347101046305,-0.008,-0.14,0.01,12,2,0,24919,18963157,30.6,-0.8183253471010463,-0.812,-0.04,-0.05,10,2,0,24919,18963157,31.9,-0.8283253471010462,-0.823,-0.08,-0.18,6,2,0,24919,18963157,30.6,-0.019325347101046306,-0.014,-0.08,0.02,7,2,0,24919,18963157,31.9,-0.015325347101046306,-0.006,-0.08,-0.27,13,2,0,24757,18963156,29.9,-0.011325347101046306,-0.003,-0.14,-0.15,8,2,0,24757,18963156,29.9,-0.8393253471010462,-0.833,-0.01,-0.25,5,2,0,24757,18963156,30.6,-0.017325347101046308,-0.011,-0.09,-0.38,6,2,0,24757,18963156,29.9,-0.8233253471010463,-0.816,-0.07,-0.27,7,2,0,24757,18963156,29.9
820,18938635232408,18938644276289,sine_0.7hz,10.90007685999808,19.87785,0.07685976015636697,9.043881,1.6112010016513523,2.6647140002751257,0.21004676818847656,24920,24758,-0.014583999909909003,-0.009,-0.1,-0.11,3,2,0,24920,18963177,30.6,-0.015583999909909003,-0.01,-0.11,-0.44,2,2,0,24920,18963177,30.6,-0.819583999909909,-0.814,-0.06,-0.19,0,2,0,24920,18963177,31.9,-0.8295839999099089,-0.823,-0.25,-0.11,11,2,0,24920,18963177,30.6,-0.020583999909909,-0.015,-0.01,-0.27,12,2,0,24920,18963177,31.9,-0.016583999909909004,-0.009,0.03,-0.21,3,2,0,24758,18963176,29.9,-0.012583999909909003,-0.004,-0.1,-0.48,13,2,0,24758,18963176,29.9,-0.840583999909909,-0.833,-0.17,-0.29,10,2,0,24758,18963176,30.6,-0.018583999909909003,-0.012,-0.17,-0.28,11,2,0,24758,18963176,29.9,-0.824583999909909,-0.817,-0.08,-0.24,12,2,0,24758,18963176,29.9
821,18938655233335,18938665283144,sine_0.7hz,10.92007887499858,21.006855,0.07887476022006012,10.049809,2.0991880010114983,3.196992001903709,0.1735687255859375,24921,24759,-0.015730054534420782,-0.011,-0.2,-0.05,8,2,0,24921,18963197,30.6,-0.016730054534420783,-0.01,0.08,-0.17,7,2,0,24921,18963197,30.6,-0.8207300545344208,-0.815,-0.07,-0.09,5,2,0,24921,18963197,31.9,-0.8307300545344207,-0.825,-0.04,-0.16,1,2,0,24921,18963197,30.6,-0.021730054534420784,-0.016,0.01,-0.23,2,2,0,24921,18963197,31.9,-0.01773005453442078,-0.01,0.0,-0.29,8,2,0,24759,18963196,29.9,-0.013730054534420782,-0.008,-0.04,-0.17,3,2,0,24759,18963196,29.9,-0.8417300545344207,-0.834,-0.16,-0.34,15,2,0,24759,18963196,30.6,-0.019730054534420782,-0.015,-0.06,-0.16,1,2,0,24759,18963196,29.9,-0.8257300545344208,-0.821,-0.19,-0.05,2,2,0,24759,18963196,29.9
822,18938675234358,18938685197924,sine_0.7hz,10.940077688999736,19.91478,0.07768876093905419,9.963566,2.059058999293484,3.1449900016014,0.17070770263671875,24922,24760,-0.016754293817047995,-0.013,-0.13,-0.06,13,2,0,24922,18963217,30.6,-0.017754293817047996,-0.011,0.04,-0.45,12,2,0,24922,18963217,30.6,-0.821754293817048,-0.816,-0.08,-0.14,10,2,0,24922,18963217,31.9,-0.8317542938170479,-0.825,-0.05,-0.08,6,2,0,24922,18963217,30.6,-0.022754293817047994,-0.017,-0.09,-0.25,7,2,0,24922,18963217,31.9,-0.018754293817047997,-0.01,0.03,-0.63,14,2,0,24760,18963217,29.9,-0.014754293817047995,-0.009,0.01,-0.18,8,2,0,24760,18963217,29.9,-0.8427542938170479,-0.835,0.05,-0.07,6,2,0,24760,18963217,30.6,-0.020754293817047995,-0.016,-0.13,-0.28,7,2,0,24760,18963217,29.9,-0.826754293817048,-0.822,-0.08,-0.08,8,2,0,24760,18963217,29.9
823,18938695232148,18938704282750,sine_0.7hz,10.960077815998375,19.084826,0.07781575914123096,9.050602,1.5612780007359106,2.5980559985328,0.21076202392578125,24923,24761,-0.01764904548838241,-0.014,-0.04,-0.01,3,2,0,24923,18963237,30.6,-0.01864904548838241,-0.012,-0.06,-0.33,2,2,0,24923,18963237,30.6,-0.8226490454883825,-0.818,-0.07,-0.18,0,2,0,24923,18963237,31.9,-0.8326490454883824,-0.826,-0.08,-0.21,11,2,0,24923,18963237,30.6,-0.02364904548838241,-0.019,-0.09,-0.11,12,2,0,24923,18963237,31.9,-0.019649045488382408,-0.012,0.02,-0.26,4,2,0,24761,18963237,29.9,-0.01564904548838241,-0.009,-0.09,-0.44,13,2,0,24761,18963237,29.9,-0.8436490454883824,-0.836,-0.05,-0.08,11,2,0,24761,18963237,30.6,-0.02164904548838241,-0.017,-0.02,-0.21,12,2,0,24761,18963237,29.9,-0.8276490454883825,-0.823,-0.14,-0.12,13,2,0,24761,18963237,29.9
824,18938715230931,18938724753904,sine_0.7hz,10.980074167000566,20.471154,0.07416676089633256,9.522973,2.103891998558538,3.1895360007183626,0.171661376953125,24924,24762,-0.01840718931730886,-0.015,0.06,-0.03,8,2,0,24924,18963257,30.6,-0.01940718931730886,-0.013,-0.17,-0.37,7,2,0,24924,18963257,30.6,-0.8234071893173089,-0.819,-0.13,0.06,5,2,0,24924,18963257,31.9,-0.8334071893173088,-0.827,0.04,-0.17,1,2,0,24924,18963257,30.6,-0.024407189317308862,-0.021,-0.06,0.07,2,2,0,24924,18963257,31.9,-0.02040718931730886,-0.012,0.06,-0.53,8,2,0,24762,18963256,29.9,-0.016407189317308862,-0.011,0.01,-0.15,2,2,0,24762,18963256,29.9,-0.8444071893173088,-0.837,-0.1,-0.39,15,2,0,24762,18963256,30.6,-0.02240718931730886,-0.018,-0.17,-0.14,1,2,0,24762,18963256,29.9,-0.828407189317309,-0.824,-0.08,-0.1,2,2,0,24762,18963256,29.9
825,18938735232178,18938744537478,sine_0.7hz,11.00007688599726,19.783574,0.07688575715292245,9.3053,1.8819639990397263,2.974166996864369,0.1723766326904297,24925,24763,-0.019023219196108714,-0.016,-0.04,0.31,13,2,0,24925,18963277,30.6,-0.020023219196108714,-0.014,-0.16,-0.31,12,2,0,24925,18963277,30.6,-0.8240232191961088,-0.82,0.03,-0.03,10,2,0,24925,18963277,31.9,-0.8340232191961087,-0.828,-0.2,-0.18,6,2,0,24925,18963277,30.6,-0.025023219196108712,-0.022,0.03,-0.13,7,2,0,24925,18963277,31.9,-0.021023219196108715,-0.014,-0.09,-0.27,13,2,0,24763,18963276,29.9,-0.017023219196108712,-0.011,0.07,-0.19,7,2,0,24763,18963276,29.9,-0.8450232191961087,-0.838,-0.01,-0.28,5,2,0,24763,18963276,30.6,-0.023023219196108714,-0.019,0.0,-0.11,6,2,0,24763,18963276,29.9,-0.8290232191961088,-0.825,-0.11,-0.19,7,2,0,24763,18963276,29.9
826,18938755233617,18938764768654,sine_0.7hz,11.02007605199833,20.231176,0.07605175778735429,9.535037,2.125620998413069,3.2034559990279377,0.1709461212158203,24926,24764,-0.019492036710532297,-0.019,-0.19,-0.01,3,2,0,24926,18963297,30.6,-0.020492036710532298,-0.015,0.05,-0.36,2,2,0,24926,18963297,30.6,-0.8244920367105324,-0.822,0.08,-0.18,0,2,0,24926,18963297,31.9,-0.8344920367105323,-0.83,-0.17,-0.31,11,2,0,24926,18963297,30.6,-0.025492036710532295,-0.022,-0.08,-0.03,12,2,0,24926,18963297,31.9,-0.0214920367105323,-0.016,-0.12,-0.28,3,2,0,24764,18963296,29.9,-0.017492036710532295,-0.012,-0.33,-0.17,12,2,0,24764,18963296,29.9,-0.8454920367105323,-0.84,-0.1,-0.13,10,2,0,24764,18963296,30.6,-0.023492036710532297,-0.019,-0.07,-0.1,11,2,0,24764,18963296,29.9,-0.8294920367105324,-0.825,0.01,-0.19,12,2,0,24764,18963296,29.9
827,18938775230704,18938785293153,sine_0.7hz,11.040075698998407,20.524499,0.07569875742774457,10.062449,2.0992190002289135,3.208161000657128,0.1742839813232422,24927,24765,-0.019810144938341944,-0.019,0.22,0.08,8,2,0,24927,18963317,30.6,-0.020810144938341945,-0.016,0.05,-0.22,7,2,0,24927,18963317,30.6,-0.824810144938342,-0.822,-0.06,-0.02,5,2,0,24927,18963317,31.9,-0.8348101449383419,-0.831,0.18,-0.24,1,2,0,24927,18963317,30.6,-0.025810144938341946,-0.024,-0.01,-0.2,2,2,0,24927,18963317,31.9,-0.021810144938341942,-0.017,-0.12,-0.26,8,2,0,24765,18963316,29.9,-0.017810144938341946,-0.013,0.07,-0.24,2,2,0,24765,18963316,29.9,-0.845810144938342,-0.84,-0.04,-0.27,0,2,0,24765,18963316,30.6,-0.023810144938341944,-0.021,0.06,-0.2,1,2,0,24765,18963316,29.9,-0.829810144938342,-0.828,0.07,0.23,2,2,0,24765,18963316,29.9
828,18938795233679,18938804591300,sine_0.7hz,11.060077297999669,19.298147,0.07729775825282559,9.357621,1.8772910007101018,2.9744539970124606,0.1747608184814453,24928,24766,-0.019975079613345378,-0.02,0.01,-0.05,13,2,0,24928,18963337,30.6,-0.02097507961334538,-0.017,0.0,-0.23,12,2,0,24928,18963337,30.6,-0.8249750796133454,-0.822,0.03,0.02,10,2,0,24928,18963337,31.9,-0.8349750796133453,-0.831,0.0,-0.17,6,2,0,24928,18963337,30.6,-0.02597507961334538,-0.024,-0.05,0.16,7,2,0,24928,18963337,31.9,-0.021975079613345376,-0.018,-0.05,-0.12,14,2,0,24766,18963337,29.9,-0.01797507961334538,-0.014,-0.01,-0.23,8,2,0,24766,18963337,29.9,-0.8459750796133453,-0.84,0.11,-0.41,6,2,0,24766,18963337,30.6,-0.023975079613345378,-0.021,-0.17,-0.14,7,2,0,24766,18963337,29.9,-0.8299750796133454,-0.829,0.0,-0.17,8,2,0,24766,18963337,29.9
829,18938815230445,18938824348153,sine_0.7hz,11.080075920999661,19.756853,0.07592075780848972,9.117708,1.6336010012309998,2.725260997976875,0.21386146545410156,24929,24767,-0.019985536629990586,-0.02,0.09,-0.02,3,2,0,24929,18963357,30.6,-0.020985536629990587,-0.018,0.02,-0.11,2,2,0,24929,18963357,30.6,-0.8249855366299906,-0.823,0.05,-0.07,0,2,0,24929,18963357,31.9,-0.8349855366299905,-0.832,0.09,-0.16,11,2,0,24929,18963357,30.6,-0.025985536629990584,-0.025,-0.1,0.01,12,2,0,24929,18963357,31.9,-0.021985536629990587,-0.02,0.0,-0.07,3,2,0,24767,18963356,29.9,-0.017985536629990584,-0.014,0.04,-0.16,12,2,0,24767,18963356,29.9,-0.8459855366299905,-0.84,0.0,-0.37,10,2,0,24767,18963356,30.6,-0.023985536629990586,-0.021,0.08,-0.15,11,2,0,24767,18963356,29.9,-0.8299855366299906,-0.829,0.02,-0.3,12,2,0,24767,18963356,29.9
830,18938835230220,18938844661765,sine_0.7hz,11.100075663998723,20.313612,0.07566375643364154,9.431545,1.5484779978578445,2.6431769983901177,0.17523765563964844,24930,24768,-0.019841458740522434,-0.02,-0.08,-0.06,8,2,0,24930,18963377,30.6,-0.020841458740522435,-0.019,-0.11,-0.14,7,2,0,24930,18963377,30.6,-0.8248414587405225,-0.823,-0.09,-0.04,5,2,0,24930,18963377,31.9,-0.8348414587405224,-0.833,-0.11,-0.17,1,2,0,24930,18963377,30.6,-0.025841458740522433,-0.025,0.03,0.0,2,2,0,24930,18963377,31.9,-0.021841458740522436,-0.02,-0.04,-0.11,8,2,0,24768,18963376,29.9,-0.017841458740522433,-0.017,-0.08,-0.11,2,2,0,24768,18963376,29.9,-0.8458414587405224,-0.841,0.02,-0.4,15,2,0,24768,18963376,30.6,-0.023841458740522434,-0.022,-0.05,-0.08,1,2,0,24768,18963376,29.9,-0.8298414587405225,-0.83,0.08,0.03,2,2,0,24768,18963376,29.9
831,18938855231659,18938864636418,sine_0.7hz,11.120076526000048,19.974653,0.07652575732208788,9.404759,1.5049239991640206,2.6111119987035636,0.17642974853515625,24931,24769,-0.019543934221775888,-0.02,-0.05,0.08,13,2,0,24931,18963397,30.6,-0.02054393422177589,-0.019,-0.14,-0.08,12,2,0,24931,18963397,30.6,-0.824543934221776,-0.824,-0.12,-0.08,10,2,0,24931,18963397,31.9,-0.8345439342217759,-0.833,-0.04,-0.22,6,2,0,24931,18963397,30.6,-0.025543934221775887,-0.026,-0.23,0.18,7,2,0,24931,18963397,31.9,-0.02154393422177589,-0.02,-0.01,-0.09,13,2,0,24769,18963396,29.9,-0.017543934221775886,-0.017,0.06,0.01,7,2,0,24769,18963396,29.9,-0.8455439342217759,-0.841,-0.08,-0.48,5,2,0,24769,18963396,30.6,-0.02354393422177589,-0.022,0.11,-0.09,6,2,0,24769,18963396,29.9,-0.829543934221776,-0.83,0.01,-0.04,7,2,0,24769,18963396,29.9
832,18938875230058,18938884636225,sine_0.7hz,11.140075244999025,19.999807,0.07524475586251356,9.406167,1.4984920017013792,2.6103119998879265,0.17404556274414062,24932,24770,-0.01909532376187818,-0.021,-0.02,0.09,3,2,0,24932,18963417,30.6,-0.02009532376187818,-0.019,-0.06,-0.41,2,2,0,24932,18963417,30.6,-0.8240953237618782,-0.824,0.03,0.01,0,2,0,24932,18963417,31.9,-0.8340953237618781,-0.833,0.03,-0.19,11,2,0,24932,18963417,30.6,-0.02509532376187818,-0.025,0.26,-0.09,12,2,0,24932,18963417,31.9,-0.021095323761878178,-0.02,0.1,-0.12,3,2,0,24770,18963416,29.9,-0.01709532376187818,-0.018,0.02,-0.22,12,2,0,24770,18963416,29.9,-0.8450953237618781,-0.84,-0.01,-0.48,10,2,0,24770,18963416,30.6,-0.02309532376187818,-0.022,0.05,-0.08,11,2,0,24770,18963416,29.9,-0.8290953237618782,-0.83,-0.02,0.01,12,2,0,24770,18963416,29.9
833,18938895233032,18938904967117,sine_0.7hz,11.160078795997833,20.330892,0.07879575423430651,9.734085,2.2035440015315544,3.290371001639869,0.17523765563964844,24933,24771,-0.018498910678782877,-0.021,0.08,0.05,8,2,0,24933,18963437,30.6,-0.01949891067878288,-0.019,0.18,-0.15,7,2,0,24933,18963437,30.6,-0.8234989106787829,-0.824,0.07,-0.2,5,2,0,24933,18963437,31.9,-0.8334989106787828,-0.833,0.0,-0.15,1,2,0,24933,18963437,30.6,-0.024498910678782876,-0.026,-0.02,-0.03,2,2,0,24933,18963437,31.9,-0.02049891067878288,-0.02,0.0,-0.21,8,2,0,24771,18963436,29.9,-0.016498910678782876,-0.017,0.06,-0.18,2,2,0,24771,18963436,29.9,-0.8444989106787828,-0.841,-0.04,-0.19,0,2,0,24771,18963436,30.6,-0.022498910678782878,-0.023,0.0,-0.04,1,2,0,24771,18963436,29.9,-0.8284989106787829,-0.83,0.0,0.41,2,2,0,24771,18963436,29.9
834,18938915232039,18938924862760,sine_0.7hz,11.180077226999856,19.895643,0.07722675582044758,9.630721,2.131989000190515,3.2259840008919127,0.1742839813232422,24934,24772,-0.01775960591460609,-0.021,0.11,-0.06,13,2,0,24934,18963457,30.6,-0.01875960591460609,-0.019,-0.1,-0.19,12,2,0,24934,18963457,30.6,-0.8227596059146062,-0.824,-0.05,-0.1,10,2,0,24934,18963457,31.9,-0.8327596059146061,-0.833,0.0,0.02,6,2,0,24934,18963457,30.6,-0.02375960591460609,-0.025,0.06,-0.05,7,2,0,24934,18963457,31.9,-0.019759605914606092,-0.02,0.1,0.03,13,2,0,24772,18963456,29.9,-0.015759605914606088,-0.018,-0.09,-0.03,7,2,0,24772,18963456,29.9,-0.8437596059146061,-0.841,0.11,-0.4,5,2,0,24772,18963456,30.6,-0.02175960591460609,-0.023,0.03,-0.04,6,2,0,24772,18963456,29.9,-0.8277596059146062,-0.83,0.04,0.14,7,2,0,24772,18963456,29.9
835,18938935234854,18938944904488,sine_0.7hz,11.200076361998072,20.041728,0.07636175359948538,9.669634,2.223384999524569,3.315427999041276,0.17213821411132812,24935,24773,-0.016882958327579127,-0.021,0.09,0.08,3,2,0,24935,18963477,30.6,-0.017882958327579128,-0.019,-0.11,-0.21,2,2,0,24935,18963477,30.6,-0.8218829583275792,-0.823,0.09,-0.01,15,2,0,24935,18963477,31.9,-0.8318829583275791,-0.833,0.15,-0.05,11,2,0,24935,18963477,30.6,-0.022882958327579125,-0.025,0.01,0.13,12,2,0,24935,18963477,31.9,-0.01888295832757913,-0.02,0.02,-0.08,3,2,0,24773,18963476,29.9,-0.014882958327579127,-0.018,-0.03,0.01,12,2,0,24773,18963476,29.9,-0.8428829583275791,-0.84,-0.09,-0.08,10,2,0,24773,18963476,30.6,-0.020882958327579127,-0.023,-0.01,0.05,11,2,0,24773,18963476,29.9,-0.8268829583275792,-0.83,0.0,-0.19,12,2,0,24773,18963476,29.9
836,18938955235429,18938965327352,sine_0.7hz,11.220079816997895,20.422864,0.0798167529865168,10.091923,2.210073002061108,3.260866000346141,0.17118453979492188,24936,24774,-0.015875538673465316,-0.021,-0.12,0.31,8,2,0,24936,18963497,30.6,-0.016875538673465317,-0.018,0.04,-0.28,7,2,0,24936,18963497,30.6,-0.8208755386734654,-0.823,0.06,0.07,5,2,0,24936,18963497,31.9,-0.8308755386734653,-0.832,0.0,-0.04,0,2,0,24936,18963497,30.6,-0.021875538673465318,-0.025,-0.01,0.1,2,2,0,24936,18963497,31.9,-0.017875538673465315,-0.02,0.05,0.03,8,2,0,24774,18963496,29.9,-0.013875538673465316,-0.017,0.05,0.17,2,2,0,24774,18963496,29.9,-0.8418755386734653,-0.84,-0.09,-0.14,0,2,0,24774,18963496,30.6,-0.019875538673465316,-0.022,0.0,0.11,1,2,0,24774,18963496,29.9,-0.8258755386734654,-0.83,0.04,-0.06,2,2,0,24774,18963496,29.9
837,18938975233124,18938985234931,sine_0.7hz,11.240079334998882,19.907579,0.07933475353638642,10.001807,2.0588340012182016,3.1534059999103192,0.171661376953125,24937,24775,-0.014745548523825855,-0.02,0.08,0.06,13,2,0,24937,18963517,30.6,-0.015745548523825856,-0.018,-0.1,-0.07,12,2,0,24937,18963517,30.6,-0.8197455485238259,-0.823,0.02,0.15,10,2,0,24937,18963517,31.9,-0.8297455485238258,-0.832,0.06,0.05,5,2,0,24937,18963517,30.6,-0.020745548523825853,-0.025,-0.03,-0.01,7,2,0,24937,18963517,31.9,-0.016745548523825857,-0.02,0.01,-0.1,14,2,0,24775,18963517,29.9,-0.012745548523825855,-0.017,-0.19,0.11,8,2,0,24775,18963517,29.9,-0.8407455485238258,-0.84,0.06,-0.14,6,2,0,24775,18963517,30.6,-0.018745548523825855,-0.022,0.06,0.01,7,2,0,24775,18963517,29.9,-0.8247455485238259,-0.83,0.04,0.06,8,2,0,24775,18963517,29.9
838,18938995231650,18939004275916,sine_0.7hz,11.260076389997266,19.040985,0.07638975148438476,9.044266,1.5320290003728587,2.578342999186134,0.2148151397705078,24938,24776,-0.013501699595884098,-0.02,0.11,0.33,3,2,0,24938,18963537,30.6,-0.014501699595884099,-0.018,-0.1,0.08,1,2,0,24938,18963537,30.6,-0.8185016995958841,-0.823,0.05,0.0,0,2,0,24938,18963537,31.9,-0.828501699595884,-0.832,-0.03,0.12,10,2,0,24938,18963537,30.6,-0.019501699595884096,-0.024,0.07,0.03,11,2,0,24938,18963537,31.9,-0.015501699595884098,-0.02,-0.05,0.04,4,2,0,24776,18963537,29.9,-0.011501699595884098,-0.017,-0.18,0.11,13,2,0,24776,18963537,29.9,-0.839501699595884,-0.84,0.08,0.06,11,2,0,24776,18963537,30.6,-0.017501699595884098,-0.022,0.11,0.21,12,2,0,24776,18963537,29.9,-0.8235016995958842,-0.829,0.06,-0.12,13,2,0,24776,18963537,29.9
839,18939015234657,18939024894435,sine_0.7hz,11.280078628999036,20.618519,0.07862875281716697,9.659778,2.134164999006316,3.2270720002998132,0.17499923706054688,24939,24777,-0.012153113538349589,-0.019,0.01,0.2,8,2,0,24939,18963557,30.6,-0.013153113538349588,-0.017,0.07,-0.16,6,2,0,24939,18963557,30.6,-0.8171531135383496,-0.822,0.04,0.19,5,2,0,24939,18963557,31.9,-0.8271531135383495,-0.831,-0.07,0.13,0,2,0,24939,18963557,30.6,-0.01815311353834959,-0.024,-0.12,0.22,1,2,0,24939,18963557,31.9,-0.014153113538349589,-0.019,0.08,0.15,8,2,0,24777,18963556,29.9,-0.010153113538349589,-0.016,0.04,0.23,2,2,0,24777,18963556,29.9,-0.8381531135383495,-0.84,0.12,-0.15,15,2,0,24777,18963556,30.6,-0.01615311353834959,-0.021,0.0,-0.02,1,2,0,24777,18963556,29.9,-0.8221531135383496,-0.828,0.03,0.06,2,2,0,24777,18963556,29.9
840,18939035236448,18939044260873,sine_0.7hz,11.300079299999197,19.366438,0.07929975254228339,9.024425,1.5423020013258792,2.585959999123588,0.21338462829589844,24940,24778,-0.010710645560541144,-0.018,0.0,0.38,13,2,0,24940,18963577,30.6,-0.011710645560541143,-0.016,0.1,0.03,11,2,0,24940,18963577,30.6,-0.8157106455605412,-0.822,0.05,0.0,10,2,0,24940,18963577,31.9,-0.8257106455605411,-0.831,0.02,-0.03,5,2,0,24940,18963577,30.6,-0.016710645560541144,-0.024,0.11,0.24,6,2,0,24940,18963577,31.9,-0.012710645560541144,-0.019,0.1,0.22,13,2,0,24778,18963576,29.9,-0.008710645560541144,-0.016,0.22,0.29,7,2,0,24778,18963576,29.9,-0.8367106455605411,-0.839,-0.15,-0.14,5,2,0,24778,18963576,30.6,-0.014710645560541144,-0.02,0.11,0.2,6,2,0,24778,18963576,29.9,-0.8207106455605412,-0.828,0.09,0.09,7,2,0,24778,18963576,29.9
841,18939055227999,18939064155587,sine_0.7hz,11.320073345999845,19.894714,0.07334575275308453,8.927588,1.5003160006017424,2.540741999837337,0.20647048950195312,24941,24779,-0.009185866610121059,-0.017,0.07,0.41,2,2,0,24941,18963597,30.6,-0.01018586661012106,-0.014,0.08,0.08,1,2,0,24941,18963597,30.6,-0.8141858666101212,-0.822,0.07,0.11,15,2,0,24941,18963597,31.9,-0.824185866610121,-0.83,0.01,-0.04,10,2,0,24941,18963597,30.6,-0.015185866610121059,-0.023,-0.05,0.37,11,2,0,24941,18963597,31.9,-0.011185866610121059,-0.018,0.07,0.21,2,2,0,24779,18963596,29.9,-0.007185866610121059,-0.016,0.02,0.29,12,2,0,24779,18963596,29.9,-0.8351858666101211,-0.838,0.01,0.03,10,2,0,24779,18963596,30.6,-0.013185866610121059,-0.02,0.09,0.18,11,2,0,24779,18963596,29.9,-0.8191858666101212,-0.827,0.03,0.06,12,2,0,24779,18963596,29.9
842,18939075229982,18939085193035,sine_0.7hz,11.34007523299806,21.037448,0.07523275053245015,9.963053,2.0588020015566144,3.1407330025103875,0.17213821411132812,24942,24780,-0.007589459481645992,-0.017,0.07,0.23,7,2,0,24942,18963617,30.6,-0.008589459481645991,-0.014,0.0,0.33,6,2,0,24942,18963617,30.6,-0.8125894594816461,-0.819,0.11,0.1,5,2,0,24942,18963617,31.9,-0.822589459481646,-0.829,0.16,0.21,0,2,0,24942,18963617,30.6,-0.013589459481645992,-0.021,0.14,0.27,1,2,0,24942,18963617,31.9,-0.009589459481645992,-0.017,0.01,0.06,7,2,0,24780,18963616,29.9,-0.005589459481645992,-0.013,0.0,-0.02,2,2,0,24780,18963616,29.9,-0.833589459481646,-0.838,-0.08,-0.18,15,2,0,24780,18963616,30.6,-0.011589459481645992,-0.018,0.05,0.15,1,2,0,24780,18963616,29.9,-0.8175894594816461,-0.824,0.2,0.08,1,2,0,24780,18963616,29.9
843,18939095233628,18939104314951,sine_0.7hz,11.360078527999576,19.121916,0.07852775161154568,9.081323,1.5294049990188796,2.5676859986560885,0.20933151245117188,24943,24781,-0.005934235375151413,-0.016,0.05,0.31,12,2,0,24943,18963637,30.6,-0.006934235375151413,-0.012,-0.02,-0.08,11,2,0,24943,18963637,30.6,-0.8109342353751514,-0.818,0.04,0.19,10,2,0,24943,18963637,31.9,-0.8209342353751513,-0.828,0.16,0.15,5,2,0,24943,18963637,30.6,-0.011934235375151413,-0.02,-0.01,0.18,6,2,0,24943,18963637,31.9,-0.007934235375151413,-0.016,0.15,0.08,13,2,0,24781,18963637,29.9,-0.003934235375151413,-0.011,0.08,0.11,8,2,0,24781,18963637,29.9,-0.8319342353751513,-0.835,0.19,-0.09,6,2,0,24781,18963637,30.6,-0.009934235375151413,-0.017,0.13,0.14,7,2,0,24781,18963637,29.9,-0.8159342353751514,-0.822,0.08,-0.07,7,2,0,24781,18963637,29.9
844,18939115231451,18939124674036,sine_0.7hz,11.380076958997961,20.359085,0.07695874955970794,9.442585,1.9155959998897742,3.0055600000196137,0.1773834228515625,24944,24782,-0.004233526175869965,-0.012,-0.03,0.23,2,2,0,24944,18963657,30.6,-0.005233526175869965,-0.01,-0.03,-0.03,1,2,0,24944,18963657,30.6,-0.80923352617587,-0.817,0.23,0.25,15,2,0,24944,18963657,31.9,-0.8192335261758699,-0.826,0.2,0.23,10,2,0,24944,18963657,30.6,-0.010233526175869964,-0.019,0.19,0.05,11,2,0,24944,18963657,31.9,-0.006233526175869965,-0.011,0.28,-0.14,2,2,0,24782,18963656,29.9,-0.002233526175869965,-0.009,0.01,-0.1,12,2,0,24782,18963656,29.9,-0.8302335261758699,-0.834,0.09,-0.11,10,2,0,24782,18963656,30.6,-0.008233526175869966,-0.016,0.06,0.07,11,2,0,24782,18963656,29.9,-0.81423352617587,-0.821,0.1,0.27,11,2,0,24782,18963656,29.9
845,18939135234650,18939144312389,sine_0.7hz,11.400076062000153,19.638353,0.07606175131513737,9.077739,1.5431979991262779,2.591880002000835,0.2167224884033203,24945,24783,-0.0025000265268217674,-0.011,0.15,0.27,7,2,0,24945,18963677,30.6,-0.0035000265268217675,-0.009,0.12,-0.04,6,2,0,24945,18963677,30.6,-0.8075000265268218,-0.814,-0.04,-0.01,5,2,0,24945,18963677,31.9,-0.8175000265268217,-0.823,0.01,0.06,0,2,0,24945,18963677,30.6,-0.008500026526821768,-0.015,0.17,0.04,1,2,0,24945,18963677,31.9,-0.0045000265268217675,-0.01,0.17,0.18,7,2,0,24783,18963676,29.9,-0.0005000265268217674,-0.006,0.16,-0.23,2,2,0,24783,18963676,29.9,-0.8285000265268218,-0.833,-0.05,-0.02,15,2,0,24783,18963676,30.6,-0.0065000265268217675,-0.014,0.02,0.24,1,2,0,24783,18963676,29.9,-0.8125000265268219,-0.82,0.04,0.22,1,2,0,24783,18963676,29.9
846,18939155233017,18939165291979,sine_0.7hz,11.42007692399784,20.97959,0.07692374856560491,10.058962,2.1300689986674115,3.230784997867886,0.17499923706054688,24946,24784,-0.0007470418299690909,-0.01,0.1,0.33,12,2,0,24946,18963697,30.6,-0.0017470418299690908,-0.009,0.12,-0.11,11,2,0,24946,18963697,30.6,-0.8057470418299691,-0.812,0.13,-0.05,10,2,0,24946,18963697,31.9,-0.815747041829969,-0.822,0.07,0.1,5,2,0,24946,18963697,30.6,-0.006747041829969091,-0.014,0.05,0.04,6,2,0,24946,18963697,31.9,-0.002747041829969091,-0.009,0.11,0.02,12,2,0,24784,18963696,29.9,0.0012529581700309093,-0.005,0.01,0.07,7,2,0,24784,18963696,29.9,-0.826747041829969,-0.831,0.02,-0.04,5,2,0,24784,18963696,30.6,-0.004747041829969091,-0.013,0.19,0.14,6,2,0,24784,18963696,29.9,-0.8107470418299692,-0.819,0.12,0.31,6,2,0,24784,18963696,29.9
847,18939175234200,18939185286057,sine_0.7hz,11.44007781899927,19.994078,0.07781874955981039,10.051857,2.098932000080822,3.193599000951508,0.1723766326904297,24947,24785,0.0010117229753703646,-0.008,0.06,0.15,2,2,0,24947,18963717,30.6,1.1722975370364588e-05,-0.007,0.02,0.12,1,2,0,24947,18963717,30.6,-0.8039882770246297,-0.81,0.13,0.08,0,2,0,24947,18963717,31.9,-0.8139882770246296,-0.821,-0.05,0.15,10,2,0,24947,18963717,30.6,-0.004988277024629635,-0.014,0.03,0.24,11,2,0,24947,18963717,31.9,-0.0009882770246296354,-0.007,0.08,-0.09,3,2,0,24785,18963717,29.9,0.003011722975370365,-0.004,0.03,0.14,13,2,0,24785,18963717,29.9,-0.8249882770246296,-0.831,0.05,0.18,11,2,0,24785,18963717,30.6,-0.0029882770246296353,-0.012,0.17,0.0,12,2,0,24785,18963717,29.9,-0.8089882770246297,-0.818,0.11,-0.03,12,2,0,24785,18963717,29.9
848,18939195232534,18939204835990,sine_0.7hz,11.460077625997656,19.549933,0.07762574750813656,9.603456,2.0592180007952265,3.1488610002270434,0.17333030700683594,24948,24786,0.0027625688597135963,-0.006,0.13,0.19,7,2,0,24948,18963737,30.6,0.0017625688597135963,-0.006,0.2,0.09,6,2,0,24948,18963737,30.6,-0.8022374311402864,-0.809,0.21,-0.09,5,2,0,24948,18963737,31.9,-0.8122374311402863,-0.819,0.11,-0.2,0,2,0,24948,18963737,30.6,-0.003237431140286404,-0.012,0.07,0.15,1,2,0,24948,18963737,31.9,0.0007625688597135962,-0.004,0.2,-0.11,8,2,0,24786,18963737,29.9,0.004762568859713596,-0.001,0.03,-0.09,3,2,0,24786,18963737,29.9,-0.8232374311402864,-0.83,-0.06,0.13,1,2,0,24786,18963737,30.6,-0.0012374311402864038,-0.009,-0.15,0.03,2,2,0,24786,18963737,29.9,-0.8072374311402865,-0.814,0.08,-0.06,2,2,0,24786,18963737,29.9
849,18939215238805,18939224256574,sine_0.7hz,11.480079160999594,19.420584,0.07916074901004322,9.017769,1.5318059995479416,2.5781190015550237,0.2186298370361328,24949,24787,0.00449220093351272,-0.004,0.2,0.23,12,2,0,24949,18963757,30.6,0.0034922009335127202,-0.005,0.1,0.19,11,2,0,24949,18963757,30.6,-0.8005077990664873,-0.808,0.2,0.15,10,2,0,24949,18963757,31.9,-0.8105077990664872,-0.818,0.05,0.06,5,2,0,24949,18963757,30.6,-0.0015077990664872799,-0.01,0.04,0.14,6,2,0,24949,18963757,31.9,0.0024922009335127202,-0.003,0.02,0.03,12,2,0,24787,18963756,29.9,0.00649220093351272,0.001,0.0,-0.05,7,2,0,24787,18963756,29.9,-0.8215077990664872,-0.83,0.07,0.21,5,2,0,24787,18963756,30.6,0.0004922009335127202,-0.007,0.1,0.18,6,2,0,24787,18963756,29.9,-0.8055077990664873,-0.812,0.26,0.07,6,2,0,24787,18963756,29.9
850,18939235231796,18939245358024,sine_0.7hz,11.500077303997386,21.10145,0.07730374636594206,10.126228,2.214551997894887,3.2596189994364977,0.1685619354248047,24950,24788,0.006186806728504974,-0.001,-0.06,-0.04,2,2,0,24950,18963777,30.6,0.005186806728504974,-0.002,0.14,0.09,1,2,0,24950,18963777,30.6,-0.798813193271495,-0.807,0.15,0.01,15,2,0,24950,18963777,31.9,-0.8088131932714949,-0.817,0.09,0.02,10,2,0,24950,18963777,30.6,0.00018680672850497366,-0.009,0.2,0.18,11,2,0,24950,18963777,31.9,0.004186806728504974,-0.002,0.1,0.09,2,2,0,24788,18963776,29.9,0.008186806728504973,0.002,0.08,0.08,12,2,0,24788,18963776,29.9,-0.8198131932714949,-0.829,0.19,0.21,10,2,0,24788,18963776,30.6,0.0021868067285049737,-0.006,0.1,0.04,11,2,0,24788,18963776,29.9,-0.803813193271495,-0.811,0.12,0.09,11,2,0,24788,18963776,29.9
851,18939255234195,18939265337542,sine_0.7hz,11.520079126999917,19.979518,0.07912674846011214,10.103347,2.159030998882372,3.2055679985205643,0.17333030700683594,24951,24789,0.007833878020829271,0.001,0.1,0.06,7,2,0,24951,18963797,30.6,0.006833878020829271,0.0,0.11,0.12,6,2,0,24951,18963797,30.6,-0.7971661219791708,-0.805,-0.03,0.02,5,2,0,24951,18963797,31.9,-0.8071661219791707,-0.814,0.06,-0.02,0,2,0,24951,18963797,30.6,0.0018338780208292712,-0.005,-0.04,0.04,1,2,0,24951,18963797,31.9,0.005833878020829271,-0.001,0.16,0.26,8,2,0,24789,18963797,29.9,0.009833878020829271,0.003,0.24,0.2,3,2,0,24789,18963797,29.9,-0.8181661219791707,-0.826,0.1,0.19,1,2,0,24789,18963797,30.6,0.0038338780208292712,-0.004,0.06,0.22,2,2,0,24789,18963797,29.9,-0.8021661219791708,-0.808,0.09,0.11,2,2,0,24789,18963797,29.9
852,18939275233394,18939285267330,sine_0.7hz,11.54007896499752,19.929788,0.07896474562585354,10.033936,2.0701310022559483,3.1564780001644976,0.17261505126953125,24952,24790,0.009420206579649985,0.002,0.11,0.21,12,2,0,24952,18963817,30.6,0.008420206579649984,0.001,0.07,0.2,11,2,0,24952,18963817,30.6,-0.79557979342035,-0.803,0.0,0.18,10,2,0,24952,18963817,31.9,-0.8055797934203499,-0.813,0.02,0.28,5,2,0,24952,18963817,30.6,0.0034202065796499845,-0.004,0.18,0.0,6,2,0,24952,18963817,31.9,0.007420206579649985,0.0,0.0,0.18,13,2,0,24790,18963817,29.9,0.011420206579649985,0.004,0.03,0.07,8,2,0,24790,18963817,29.9,-0.8165797934203499,-0.825,0.1,0.28,6,2,0,24790,18963817,30.6,0.005420206579649985,-0.003,0.15,0.13,7,2,0,24790,18963817,29.9,-0.80057979342035,-0.807,-0.04,-0.03,7,2,0,24790,18963817,29.9
853,18939295232304,18939304803631,sine_0.7hz,11.560077235997596,19.536301,0.0772357452660799,9.571327,2.101075999235036,3.1922870002745185,0.1728534698486328,24953,24791,0.01093357649735695,0.006,0.19,-0.28,2,2,0,24953,18963837,30.6,0.00993357649735695,0.002,0.07,0.15,1,2,0,24953,18963837,30.6,-0.7940664235026431,-0.802,0.12,0.15,15,2,0,24953,18963837,31.9,-0.804066423502643,-0.812,0.07,0.28,10,2,0,24953,18963837,30.6,0.004933576497356949,-0.003,0.04,0.14,11,2,0,24953,18963837,31.9,0.00893357649735695,0.002,0.13,0.18,3,2,0,24791,18963837,29.9,0.01293357649735695,0.006,0.16,0.02,13,2,0,24791,18963837,29.9,-0.815066423502643,-0.823,0.08,0.21,10,2,0,24791,18963837,30.6,0.006933576497356949,-0.001,0.16,0.07,12,2,0,24791,18963837,29.9,-0.7990664235026431,-0.806,0.0,0.29,12,2,0,24791,18963837,29.9
854,18939315235503,18939324756332,sine_0.7hz,11.58007864299725,19.952701,0.07864274448365904,9.520829,2.086548000079347,3.1719029975647572,0.17261505126953125,24954,24792,0.012362630908094717,0.008,0.04,-0.01,7,2,0,24954,18963857,30.6,0.011362630908094716,0.004,-0.01,0.36,6,2,0,24954,18963857,30.6,-0.7926373690919053,-0.8,0.02,0.13,5,2,0,24954,18963857,31.9,-0.8026373690919052,-0.81,0.1,0.16,0,2,0,24954,18963857,30.6,0.006362630908094717,-0.001,0.29,0.15,1,2,0,24954,18963857,31.9,0.010362630908094717,0.003,0.05,0.13,7,2,0,24792,18963856,29.9,0.014362630908094717,0.008,-0.06,0.2,2,2,0,24792,18963856,29.9,-0.8136373690919052,-0.822,0.19,0.28,14,2,0,24792,18963856,30.6,0.008362630908094717,0.002,0.05,-0.08,1,2,0,24792,18963856,29.9,-0.7976373690919053,-0.803,0.14,0.11,1,2,0,24792,18963856,29.9
855,18939335234222,18939344292824,sine_0.7hz,11.600075602000288,19.536492,0.07560174708487466,9.058602,1.5711670021119062,2.618824000819586,0.2129077911376953,24955,24793,0.013695789221147408,0.009,0.07,-0.01,12,2,0,24955,18963877,30.6,0.012695789221147408,0.005,0.04,0.11,11,2,0,24955,18963877,30.6,-0.7913042107788526,-0.799,0.03,0.23,10,2,0,24955,18963877,31.9,-0.8013042107788525,-0.809,0.18,0.17,5,2,0,24955,18963877,30.6,0.007695789221147407,0.001,0.1,0.09,6,2,0,24955,18963877,31.9,0.011695789221147408,0.004,-0.02,-0.09,12,2,0,24793,18963876,29.9,0.015695789221147408,0.009,0.04,0.15,7,2,0,24793,18963876,29.9,-0.8123042107788525,-0.821,0.01,0.43,4,2,0,24793,18963876,30.6,0.009695789221147407,0.003,0.07,0.07,6,2,0,24793,18963876,29.9,-0.7963042107788526,-0.802,0.03,0.13,6,2,0,24793,18963876,29.9
856,18939355231053,18939365125272,sine_0.7hz,11.620075599999836,20.832448,0.07559974619653076,9.894219,1.9564939975680318,3.047066002181964,0.17595291137695312,24956,24794,0.0149232511447344,0.01,0.03,-0.04,2,2,0,24956,18963897,30.6,0.0139232511447344,0.007,0.18,0.18,1,2,0,24956,18963897,30.6,-0.7900767488552657,-0.798,0.04,0.25,14,2,0,24956,18963897,31.9,-0.8000767488552656,-0.808,0.05,0.23,10,2,0,24956,18963897,30.6,0.0089232511447344,0.002,0.23,-0.03,11,2,0,24956,18963897,31.9,0.0129232511447344,0.006,0.1,0.41,2,2,0,24794,18963896,29.9,0.0169232511447344,0.009,-0.01,0.27,12,2,0,24794,18963896,29.9,-0.8110767488552656,-0.82,0.09,0.34,9,2,0,24794,18963896,30.6,0.0109232511447344,0.004,0.15,0.21,11,2,0,24794,18963896,29.9,-0.7950767488552657,-0.802,0.1,0.29,11,2,0,24794,18963896,29.9
857,18939375231852,18939384278645,sine_0.7hz,11.64007700699949,19.153373,0.0770067454141099,9.046793,1.5181090020632837,2.5659580023784656,0.21529197692871094,24957,24795,0.016035388920098873,0.011,0.1,-0.02,8,2,0,24957,18963918,30.6,0.015035388920098872,0.009,0.19,-0.06,7,2,0,24957,18963918,30.6,-0.7889646110799011,-0.795,0.01,0.01,5,2,0,24957,18963918,31.9,-0.798964611079901,-0.805,0.14,0.17,1,2,0,24957,18963918,30.6,0.010035388920098873,0.006,0.24,0.35,2,2,0,24957,18963918,31.9,0.014035388920098873,0.007,0.11,0.28,8,2,0,24795,18963917,29.9,0.01803538892009887,0.011,0.06,0.22,3,2,0,24795,18963917,29.9,-0.809964611079901,-0.819,0.04,0.37,0,2,0,24795,18963917,30.6,0.012035388920098873,0.006,0.05,0.12,2,2,0,24795,18963917,29.9,-0.7939646110799011,-0.799,0.11,0.17,2,2,0,24795,18963917,29.9
858,18939395230346,18939404564511,sine_0.7hz,11.660075597999821,20.285866,0.07559774530818686,9.334165,1.8001680000452325,2.8864839987363666,0.17404556274414062,24958,24796,0.017023381078673513,0.012,0.02,0.06,12,2,0,24958,18963937,30.6,0.016023381078673512,0.01,0.1,0.14,11,2,0,24958,18963937,30.6,-0.7879766189213265,-0.794,0.06,0.17,9,2,0,24958,18963937,31.9,-0.7979766189213264,-0.805,0.05,0.12,5,2,0,24958,18963937,30.6,0.011023381078673513,0.006,0.08,0.02,6,2,0,24958,18963937,31.9,0.015023381078673513,0.007,0.03,0.33,12,2,0,24796,18963936,29.9,0.01902338107867351,0.012,-0.07,0.07,7,2,0,24796,18963936,29.9,-0.8089766189213264,-0.818,0.21,0.19,4,2,0,24796,18963936,30.6,0.013023381078673513,0.007,0.0,0.05,6,2,0,24796,18963936,29.9,-0.7929766189213265,-0.798,-0.06,0.06,6,2,0,24796,18963936,30.6
859,18939415232521,18939424850793,sine_0.7hz,11.680076780998206,20.286282,0.07678074325667694,9.618272,2.086963002511766,3.1773109985806514,0.17523765563964844,24959,24797,0.017879855848053693,0.014,0.1,0.04,2,2,0,24959,18963957,30.6,0.016879855848053692,0.012,-0.02,0.15,1,2,0,24959,18963957,30.6,-0.7871201441519463,-0.794,0.07,0.21,14,2,0,24959,18963957,31.9,-0.7971201441519462,-0.803,0.18,0.08,10,2,0,24959,18963957,30.6,0.011879855848053693,0.006,0.07,0.19,11,2,0,24959,18963957,31.9,0.015879855848053695,0.009,0.18,0.35,2,2,0,24797,18963956,29.9,0.01987985584805369,0.013,-0.05,0.14,12,2,0,24797,18963956,29.9,-0.8081201441519462,-0.817,0.22,0.37,9,2,0,24797,18963956,30.6,0.013879855848053693,0.008,0.05,0.17,11,2,0,24797,18963956,29.9,-0.7921201441519463,-0.798,-0.02,0.31,11,2,0,24797,18963956,29.9
860,18939435233480,18939444288530,sine_0.7hz,11.700078443998791,19.437737,0.07844374340493232,9.05505,1.5552940021734685,2.6220250001642853,0.2429485321044922,24960,24798,0.018598068778790534,0.016,0.09,0.13,7,2,0,24960,18963977,30.6,0.017598068778790533,0.012,-0.08,0.27,6,2,0,24960,18963977,30.6,-0.7864019312212095,-0.792,-0.01,0.24,4,2,0,24960,18963977,31.9,-0.7964019312212094,-0.802,0.08,0.25,0,2,0,24960,18963977,30.6,0.012598068778790534,0.008,0.01,-0.02,1,2,0,24960,18963977,31.9,0.016598068778790533,0.01,0.17,0.28,7,2,0,24798,18963976,29.9,0.020598068778790536,0.016,0.19,0.15,2,2,0,24798,18963976,29.9,-0.8074019312212094,-0.817,0.07,-0.01,14,2,0,24798,18963976,30.6,0.014598068778790534,0.011,0.01,0.1,1,2,0,24798,18963976,29.9,-0.7914019312212095,-0.797,0.1,0.35,1,2,0,24798,18963976,29.9
861,18939455234247,18939465065552,sine_0.7hz,11.720078955000645,20.777022,0.07895474482211284,9.831305,1.8726829985098448,2.965398001833819,0.17523765563964844,24961,24799,0.019172414152909663,0.016,-0.1,-0.04,12,2,0,24961,18963997,30.6,0.018172414152909662,0.012,0.01,0.07,11,2,0,24961,18963997,30.6,-0.7858275858470903,-0.791,0.09,0.2,9,2,0,24961,18963997,31.9,-0.7958275858470902,-0.8,-0.06,0.06,5,2,0,24961,18963997,30.6,0.013172414152909663,0.008,-0.07,0.15,6,2,0,24961,18963997,31.9,0.01717241415290966,0.011,0.05,0.27,12,2,0,24799,18963996,29.9,0.021172414152909665,0.016,0.09,0.26,7,2,0,24799,18963996,29.9,-0.8068275858470902,-0.813,0.23,0.33,4,2,0,24799,18963996,30.6,0.015172414152909663,0.011,0.0,0.28,6,2,0,24799,18963996,29.9,-0.7908275858470903,-0.796,-0.06,-0.07,6,2,0,24799,18963996,29.9
862,18939475234374,18939484696704,sine_0.7hz,11.740079144998163,19.631152,0.07914474190329202,9.46233,1.510940997832222,2.6188890005869325,0.17261505126953125,24962,24800,0.019598490232773044,0.017,0.11,0.09,2,2,0,24962,18964017,30.6,0.018598490232773043,0.014,-0.06,0.24,1,2,0,24962,18964017,30.6,-0.785401509767227,-0.79,0.09,0.12,14,2,0,24962,18964017,31.9,-0.7954015097672269,-0.8,0.04,0.11,10,2,0,24962,18964017,30.6,0.013598490232773043,0.009,0.0,0.24,11,2,0,24962,18964017,31.9,0.017598490232773045,0.012,0.06,0.21,3,2,0,24800,18964017,29.9,0.021598490232773042,0.017,0.03,0.24,13,2,0,24800,18964017,29.9,-0.8064015097672269,-0.812,0.03,0.26,10,2,0,24800,18964017,30.6,0.015598490232773043,0.012,0.05,0.02,12,2,0,24800,18964017,29.9,-0.790401509767227,-0.795,-0.03,-0.02,12,2,0,24800,18964017,29.9
863,18939495233764,18939505355193,sine_0.7hz,11.760077479997562,20.658489,0.07747974086669274,10.121429,2.663529998244485,3.714037000463577,0.17118453979492188,24963,24801,0.01987299422883146,0.017,-0.06,0.11,7,2,0,24963,18964037,30.6,0.018872994228831458,0.014,0.1,0.31,6,2,0,24963,18964037,30.6,-0.7851270057711686,-0.789,0.11,0.05,4,2,0,24963,18964037,31.9,-0.7951270057711685,-0.8,-0.16,0.24,0,2,0,24963,18964037,30.6,0.013872994228831459,0.009,-0.04,0.25,1,2,0,24963,18964037,31.9,0.017872994228831457,0.013,-0.14,0.09,7,2,0,24801,18964036,29.9,0.02187299422883146,0.018,0.1,0.25,2,2,0,24801,18964036,29.9,-0.8061270057711685,-0.812,-0.05,0.16,14,2,0,24801,18964036,30.6,0.01587299422883146,0.013,0.15,0.06,0,2,0,24801,18964036,29.9,-0.7901270057711686,-0.794,-0.07,0.13,1,2,0,24801,18964036,30.6
864,18939515235779,18939524682237,sine_0.7hz,11.78007875899857,19.327044,0.07875874143792316,9.446458,1.9692950008902699,3.062170999328373,0.17762184143066406,24964,24802,0.019993856687496307,0.017,0.16,-0.01,12,2,0,24964,18964057,30.6,0.018993856687496306,0.014,0.04,0.15,11,2,0,24964,18964057,30.6,-0.7850061433125037,-0.788,0.12,-0.05,9,2,0,24964,18964057,31.9,-0.7950061433125036,-0.8,-0.01,0.33,5,2,0,24964,18964057,30.6,0.013993856687496307,0.01,-0.08,0.13,6,2,0,24964,18964057,31.9,0.017993856687496305,0.014,0.01,0.11,13,2,0,24802,18964057,29.9,0.02199385668749631,0.018,0.05,0.38,8,2,0,24802,18964057,29.9,-0.8060061433125036,-0.812,-0.07,0.28,5,2,0,24802,18964057,30.6,0.015993856687496307,0.014,0.06,0.17,6,2,0,24802,18964057,29.9,-0.7900061433125037,-0.794,-0.09,-0.01,7,2,0,24802,18964057,30.6
865,18939535233410,18939544392208,sine_0.7hz,11.8000759739989,19.709971,0.07597374133183621,9.158798,1.5618549987266306,2.6389539998490363,0.21386146545410156,24965,24803,0.019960113823784154,0.018,-0.1,0.09,2,2,0,24965,18964077,30.6,0.018960113823784153,0.015,0.05,0.18,1,2,0,24965,18964077,30.6,-0.7850398861762159,-0.787,0.13,0.02,14,2,0,24965,18964077,31.9,-0.7950398861762158,-0.8,0.03,0.4,10,2,0,24965,18964077,30.6,0.013960113823784153,0.01,0.01,0.19,11,2,0,24965,18964077,31.9,0.017960113823784152,0.015,0.03,0.24,2,2,0,24803,18964076,29.9,0.021960113823784155,0.018,0.06,0.43,12,2,0,24803,18964076,29.9,-0.8060398861762158,-0.811,-0.1,0.29,9,2,0,24803,18964076,30.6,0.015960113823784153,0.014,-0.1,0.16,10,2,0,24803,18964076,29.9,-0.7900398861762159,-0.793,-0.03,0.09,11,2,0,24803,18964076,29.9
866,18939555232641,18939565151917,sine_0.7hz,11.820077763997688,20.759709,0.07776373968226835,9.919276,1.9228290002502035,3.017719998752,0.1766681671142578,24966,24804,0.019772006123336204,0.018,0.09,-0.01,7,2,0,24966,18964097,30.6,0.018772006123336203,0.015,-0.19,0.16,6,2,0,24966,18964097,30.6,-0.7852279938766639,-0.786,-0.03,0.1,4,2,0,24966,18964097,31.9,-0.7952279938766638,-0.799,0.08,0.3,15,2,0,24966,18964097,30.6,0.013772006123336204,0.011,-0.01,-0.05,1,2,0,24966,18964097,31.9,0.017772006123336202,0.015,0.02,0.2,7,2,0,24804,18964096,29.9,0.021772006123336206,0.018,-0.17,0.11,2,2,0,24804,18964096,29.9,-0.8062279938766638,-0.811,0.02,0.55,14,2,0,24804,18964096,30.6,0.015772006123336204,0.014,-0.03,0.11,0,2,0,24804,18964096,29.9,-0.7902279938766639,-0.793,-0.08,0.11,1,2,0,24804,18964096,29.9
867,18939575233280,18939585219983,sine_0.7hz,11.840077922999626,20.068066,0.0779227411840111,9.986703,1.983214999199845,3.0806039976596367,0.17380714416503906,24967,24805,0.01943101244294494,0.018,0.06,0.0,12,2,0,24967,18964117,30.6,0.018431012442944938,0.015,-0.15,0.23,11,2,0,24967,18964117,30.6,-0.7855689875570551,-0.786,0.04,0.07,9,2,0,24967,18964117,31.9,-0.795568987557055,-0.799,0.11,0.22,5,2,0,24967,18964117,30.6,0.013431012442944939,0.011,0.07,0.19,6,2,0,24967,18964117,31.9,0.01743101244294494,0.015,0.19,0.2,13,2,0,24805,18964117,29.9,0.021431012442944937,0.018,-0.01,0.27,8,2,0,24805,18964117,29.9,-0.806568987557055,-0.811,0.06,0.54,5,2,0,24805,18964117,30.6,0.015431012442944939,0.014,-0.1,0.03,6,2,0,24805,18964117,29.9,-0.7905689875570551,-0.793,-0.21,0.13,7,2,0,24805,18964117,30.6
868,18939595231614,18939604950499,sine_0.7hz,11.860077154000464,19.730516,0.07715374158578925,9.718885,2.2124720017018262,3.3029480000550393,0.17261505126953125,24968,24806,0.0189397868227089,0.018,-0.01,0.04,2,2,0,24968,18964137,30.6,0.0179397868227089,0.015,-0.04,0.19,1,2,0,24968,18964137,30.6,-0.7860602131772911,-0.786,-0.06,-0.25,14,2,0,24968,18964137,31.9,-0.796060213177291,-0.799,-0.01,0.37,10,2,0,24968,18964137,30.6,0.012939786822708901,0.012,0.03,0.24,11,2,0,24968,18964137,31.9,0.0169397868227089,0.015,0.15,0.03,3,2,0,24806,18964137,29.9,0.020939786822708903,0.019,0.11,0.03,13,2,0,24806,18964137,29.9,-0.807060213177291,-0.811,0.09,0.09,10,2,0,24806,18964137,30.6,0.014939786822708901,0.014,-0.15,0.09,11,2,0,24806,18964137,29.9,-0.7910602131772911,-0.793,-0.04,0.21,12,2,0,24806,18964137,29.9
869,18939615231933,18939624763418,sine_0.7hz,11.880076129000372,19.812919,0.07612874105689116,9.531485,2.063505999103654,3.1552299988106824,0.1735687255859375,24969,24807,0.018302124300309353,0.018,-0.05,0.22,7,2,0,24969,18964157,30.6,0.017302124300309352,0.015,0.06,0.23,6,2,0,24969,18964157,30.6,-0.7866978756996907,-0.786,0.11,0.01,4,2,0,24969,18964157,31.9,-0.7966978756996906,-0.799,0.14,0.15,15,2,0,24969,18964157,30.6,0.012302124300309353,0.012,0.06,-0.04,1,2,0,24969,18964157,31.9,0.016302124300309355,0.015,0.0,0.35,7,2,0,24807,18964156,29.9,0.02030212430030935,0.019,-0.01,0.35,1,2,0,24807,18964156,29.9,-0.8076978756996906,-0.811,0.09,0.28,14,2,0,24807,18964156,30.6,0.014302124300309353,0.014,-0.01,0.16,0,2,0,24807,18964156,29.9,-0.7916978756996907,-0.792,-0.02,0.07,1,2,0,24807,18964156,29.9
870,18939635235292,18939644698614,sine_0.7hz,11.900079455997911,19.935196,0.07945573815959506,9.463322,1.565310998557834,2.6547300003585406,0.17499923706054688,24970,24808,0.017522765402746845,0.018,-0.03,0.24,12,2,0,24970,18964177,30.6,0.016522765402746845,0.015,-0.04,0.01,11,2,0,24970,18964177,30.6,-0.7874772345972532,-0.786,-0.02,0.04,9,2,0,24970,18964177,31.9,-0.7974772345972531,-0.799,-0.04,0.23,5,2,0,24970,18964177,30.6,0.011522765402746845,0.013,0.04,-0.09,6,2,0,24970,18964177,31.9,0.015522765402746845,0.015,-0.09,0.23,12,2,0,24808,18964176,29.9,0.019522765402746847,0.019,0.04,0.2,6,2,0,24808,18964176,29.9,-0.8084772345972531,-0.811,0.07,0.29,4,2,0,24808,18964176,30.6,0.013522765402746845,0.014,-0.12,0.17,5,2,0,24808,18964176,29.9,-0.7924772345972532,-0.793,-0.1,0.11,6,2,0,24808,18964176,29.9
871,18939655229307,18939664815674,sine_0.7hz,11.920075070000166,20.11706,0.07506973997806199,9.586367,1.6625629978079814,2.74737400104641,0.17547607421875,24971,24809,0.016608239749196174,0.018,-0.01,0.06,2,2,0,24971,18964197,30.6,0.015608239749196173,0.015,-0.05,0.29,1,2,0,24971,18964197,30.6,-0.7883917602508039,-0.786,-0.19,-0.02,14,2,0,24971,18964197,31.9,-0.7983917602508037,-0.799,-0.01,0.08,10,2,0,24971,18964197,30.6,0.010608239749196174,0.013,0.0,-0.13,11,2,0,24971,18964197,31.9,0.014608239749196174,0.015,-0.09,0.12,2,2,0,24809,18964196,29.9,0.018608239749196176,0.019,0.06,0.13,11,2,0,24809,18964196,29.9,-0.8093917602508038,-0.811,0.11,0.39,9,2,0,24809,18964196,30.6,0.012608239749196174,0.014,0.0,0.16,10,2,0,24809,18964196,29.9,-0.7933917602508038,-0.793,-0.06,0.12,11,2,0,24809,18964196,29.9
872,18939675233530,18939685225705,sine_0.7hz,11.940077532999567,20.410031,0.07753273894195445,9.992175,2.0855229995504487,3.176862999680452,0.1773834228515625,24972,24810,0.015564964171383653,0.018,-0.07,0.04,7,2,0,24972,18964217,30.6,0.014564964171383653,0.014,0.04,0.12,6,2,0,24972,18964217,30.6,-0.7894350358286164,-0.786,0.0,0.04,4,2,0,24972,18964217,31.9,-0.7994350358286163,-0.8,-0.16,0.02,0,2,0,24972,18964217,30.6,0.009564964171383653,0.012,-0.11,-0.16,1,2,0,24972,18964217,31.9,0.013564964171383653,0.015,-0.08,0.01,7,2,0,24810,18964216,29.9,0.017564964171383653,0.018,-0.15,0.13,1,2,0,24810,18964216,29.9,-0.8104350358286163,-0.811,-0.08,0.19,14,2,0,24810,18964216,30.6,0.011564964171383653,0.013,-0.1,-0.03,0,2,0,24810,18964216,29.9,-0.7944350358286164,-0.793,-0.07,-0.05,1,2,0,24810,18964216,29.9
873,18939695231448,18939704568365,sine_0.7hz,11.96007660399846,19.34266,0.0766037373978179,9.336917,1.8746349996945355,2.9589350015157834,0.1747608184814453,24973,24811,0.014401505539240913,0.017,-0.01,-0.01,12,2,0,24973,18964237,30.6,0.013401505539240913,0.014,0.06,0.09,11,2,0,24973,18964237,30.6,-0.7905984944607591,-0.787,-0.02,-0.24,9,2,0,24973,18964237,31.9,-0.800598494460759,-0.8,-0.1,0.11,5,2,0,24973,18964237,30.6,0.008401505539240912,0.012,-0.08,-0.04,6,2,0,24973,18964237,31.9,0.012401505539240913,0.014,-0.07,-0.06,13,2,0,24811,18964237,29.9,0.016401505539240913,0.018,0.13,0.19,7,2,0,24811,18964237,29.9,-0.811598494460759,-0.812,0.05,0.06,5,2,0,24811,18964237,30.6,0.010401505539240912,0.013,0.02,-0.23,6,2,0,24811,18964237,29.9,-0.7955984944607591,-0.793,0.05,-0.16,7,2,0,24811,18964237,29.9
874,18939715231031,18939724873272,sine_0.7hz,11.980075802999636,20.304907,0.07580273813800886,9.642241,2.1462299991981126,3.248386001359904,0.17333030700683594,24974,24812,0.013126685052120588,0.017,0.06,-0.11,2,2,0,24974,18964257,30.6,0.012126685052120587,0.014,-0.07,0.16,1,2,0,24974,18964257,30.6,-0.7918733149478795,-0.787,0.11,-0.38,14,2,0,24974,18964257,31.9,-0.8018733149478794,-0.8,0.02,-0.02,10,2,0,24974,18964257,30.6,0.007126685052120588,0.012,-0.02,0.0,11,2,0,24974,18964257,31.9,0.011126685052120588,0.014,-0.19,-0.26,2,2,0,24812,18964256,29.9,0.015126685052120588,0.018,0.22,0.08,11,2,0,24812,18964256,29.9,-0.8128733149478794,-0.812,0.02,0.15,9,2,0,24812,18964256,30.6,0.009126685052120588,0.013,-0.01,0.0,10,2,0,24812,18964256,29.9,-0.7968733149478795,-0.794,0.13,-0.08,11,2,0,24812,18964256,29.9
875,18939735235286,18939744565547,sine_0.7hz,12.000076825999713,19.692275,0.07682573777856305,9.330261,1.8717870007094461,2.9511579996324144,0.1735687255859375,24975,24813,0.011750237063972104,0.017,-0.02,-0.34,7,2,0,24975,18964277,30.6,0.010750237063972105,0.014,-0.05,-0.05,6,2,0,24975,18964277,30.6,-0.7932497629360279,-0.788,-0.16,-0.33,4,2,0,24975,18964277,31.9,-0.8032497629360278,-0.8,0.02,-0.09,15,2,0,24975,18964277,30.6,0.005750237063972104,0.011,-0.04,-0.06,1,2,0,24975,18964277,31.9,0.009750237063972104,0.014,-0.12,-0.07,7,2,0,24813,18964276,29.9,0.013750237063972104,0.017,0.02,-0.01,1,2,0,24813,18964276,29.9,-0.8142497629360278,-0.812,-0.05,0.25,14,2,0,24813,18964276,30.6,0.007750237063972104,0.012,-0.09,-0.34,0,2,0,24813,18964276,29.9,-0.7982497629360279,-0.794,0.09,-0.15,1,2,0,24813,18964276,29.9
876,18939755230133,18939764149049,sine_0.7hz,12.020075960997929,19.583502,0.07596073555760086,8.918916,1.5068770007928833,2.5457660012762062,0.20599365234375,24976,24814,0.010283060212714017,0.016,-0.11,0.0,12,2,0,24976,18964297,30.6,0.009283060212714016,0.013,-0.08,-0.1,11,2,0,24976,18964297,30.6,-0.7947169397872861,-0.788,-0.04,-0.25,9,2,0,24976,18964297,31.9,-0.804716939787286,-0.801,-0.08,0.01,5,2,0,24976,18964297,30.6,0.0042830602127140165,0.009,-0.1,0.07,6,2,0,24976,18964297,31.9,0.008283060212714017,0.014,0.0,-0.08,12,2,0,24814,18964296,29.9,0.012283060212714017,0.017,-0.03,-0.12,6,2,0,24814,18964296,29.9,-0.815716939787286,-0.812,0.11,0.09,4,2,0,24814,18964296,30.6,0.006283060212714017,0.012,-0.01,-0.07,5,2,0,24814,18964296,29.9,-0.7997169397872861,-0.794,0.05,-0.04,6,2,0,24814,18964296,29.9
877,18939775230292,18939784698350,sine_0.7hz,12.040074358999846,20.549301,0.07435873703798279,9.468058,1.4937560008547734,2.58090299757896,0.17523765563964844,24977,24815,0.00873643189247956,0.015,-0.17,-0.35,2,2,0,24977,18964317,30.6,0.00773643189247956,0.012,-0.06,-0.02,1,2,0,24977,18964317,30.6,-0.7962635681075205,-0.789,-0.05,-0.2,14,2,0,24977,18964317,31.9,-0.8062635681075204,-0.802,-0.08,-0.3,10,2,0,24977,18964317,30.6,0.00273643189247956,0.008,-0.07,-0.09,11,2,0,24977,18964317,31.9,0.00673643189247956,0.012,-0.12,-0.19,2,2,0,24815,18964316,29.9,0.01073643189247956,0.017,0.01,-0.25,11,2,0,24815,18964316,29.9,-0.8172635681075204,-0.813,0.05,-0.06,9,2,0,24815,18964316,30.6,0.00473643189247956,0.011,-0.11,-0.46,10,2,0,24815,18964316,29.9,-0.8012635681075205,-0.795,-0.08,-0.2,11,2,0,24815,18964316,29.9
878,18939795232435,18939804621386,sine_0.7hz,12.060076149999077,19.923036,0.07614973583258688,9.388951,1.8876270005421247,2.9780709992337506,0.17452239990234375,24978,24816,0.007121978568629579,0.014,0.08,-0.15,7,2,0,24978,18964337,30.6,0.006121978568629579,0.011,-0.24,0.0,6,2,0,24978,18964337,30.6,-0.7978780214313704,-0.792,-0.02,0.09,4,2,0,24978,18964337,31.9,-0.8078780214313703,-0.802,-0.21,-0.11,15,2,0,24978,18964337,30.6,0.0011219785686295792,0.006,-0.11,-0.36,1,2,0,24978,18964337,31.9,0.005121978568629579,0.011,-0.09,-0.12,7,2,0,24816,18964336,29.9,0.00912197856862958,0.015,0.06,-0.03,1,2,0,24816,18964336,29.9,-0.8188780214313703,-0.813,0.0,-0.04,14,2,0,24816,18964336,30.6,0.0031219785686295793,0.01,-0.21,-0.25,0,2,0,24816,18964336,29.9,-0.8028780214313704,-0.797,0.01,-0.19,1,2,0,24816,18964336,29.9
879,18939815229681,18939824861810,sine_0.7hz,12.08007480499873,20.240424,0.0748047350498382,9.632129,2.0538099997793324,3.147421000903705,0.17499923706054688,24979,24817,0.005452708088820265,0.014,-0.2,-0.13,12,2,0,24979,18964357,30.6,0.004452708088820265,0.011,-0.05,-0.11,11,2,0,24979,18964357,30.6,-0.7995472919111798,-0.794,-0.13,-0.16,9,2,0,24979,18964357,31.9,-0.8095472919111797,-0.804,-0.02,-0.23,5,2,0,24979,18964357,30.6,-0.0005472919111797351,0.006,-0.03,-0.25,6,2,0,24979,18964357,31.9,0.003452708088820265,0.009,-0.09,-0.14,12,2,0,24817,18964356,29.9,0.007452708088820265,0.013,-0.13,-0.14,6,2,0,24817,18964356,29.9,-0.8205472919111797,-0.815,0.05,-0.13,4,2,0,24817,18964356,30.6,0.001452708088820265,0.009,-0.07,-0.2,5,2,0,24817,18964356,29.9,-0.8045472919111798,-0.799,-0.03,-0.15,6,2,0,24817,18964356,29.9
880,18939835233904,18939844819663,sine_0.7hz,12.1000779399983,19.957853,0.07793973418301903,9.585759,1.6413780031143688,2.7462860016385093,0.17690658569335938,24980,24818,0.003740891549229844,0.011,0.06,-0.27,2,2,0,24980,18964377,30.6,0.002740891549229844,0.009,-0.07,-0.38,1,2,0,24980,18964377,30.6,-0.8012591084507702,-0.795,-0.23,-0.15,14,2,0,24980,18964377,31.9,-0.8112591084507701,-0.805,-0.03,-0.27,9,2,0,24980,18964377,30.6,-0.002259108450770156,0.004,0.02,-0.16,11,2,0,24980,18964377,31.9,0.001740891549229844,0.007,-0.15,-0.02,2,2,0,24818,18964376,29.9,0.005740891549229844,0.012,-0.12,-0.04,11,2,0,24818,18964376,29.9,-0.8222591084507701,-0.818,-0.1,0.23,9,2,0,24818,18964376,30.6,-0.0002591084507701561,0.008,-0.11,-0.33,10,2,0,24818,18964376,29.9,-0.8062591084507702,-0.8,-0.21,-0.1,11,2,0,24818,18964376,29.9
881,18939855235855,18939865265952,sine_0.7hz,12.120079827000154,20.446289,0.07982673560036346,10.030097,2.106515999912517,3.199008002411574,0.171661376953125,24981,24819,0.002000247677474507,0.01,-0.1,-0.1,7,2,0,24981,18964397,30.6,0.0010002476774745072,0.008,-0.2,-0.17,6,2,0,24981,18964397,30.6,-0.8029997523225255,-0.797,-0.08,-0.23,4,2,0,24981,18964397,31.9,-0.8129997523225254,-0.806,-0.23,-0.23,14,2,0,24981,18964397,30.6,-0.003999752322525493,0.004,0.08,-0.31,1,2,0,24981,18964397,31.9,2.476774745071436e-07,0.006,-0.09,-0.15,7,2,0,24819,18964396,29.9,0.004000247677474507,0.009,-0.23,-0.05,1,2,0,24819,18964396,29.9,-0.8239997523225254,-0.82,-0.09,0.06,14,2,0,24819,18964396,30.6,-0.001999752322525493,0.005,-0.19,0.04,0,2,0,24819,18964396,29.9,-0.8079997523225255,-0.802,-0.11,-0.11,1,2,0,24819,18964396,29.9
882,18939875231438,18939884777483,sine_0.7hz,12.140077553998708,19.511531,0.07755373371765018,9.546045,2.081938997434918,3.1699819992354605,0.1747608184814453,24982,24820,0.00024449931578304047,0.009,-0.08,-0.17,12,2,0,24982,18964417,30.6,-0.0007555006842169596,0.007,-0.02,-0.05,11,2,0,24982,18964417,30.6,-0.804755500684217,-0.798,-0.18,-0.23,9,2,0,24982,18964417,31.9,-0.8147555006842169,-0.808,-0.13,-0.14,4,2,0,24982,18964417,30.6,-0.005755500684216959,0.003,-0.09,-0.34,6,2,0,24982,18964417,31.9,-0.0017555006842169597,0.005,-0.12,-0.22,13,2,0,24820,18964417,29.9,0.0022444993157830404,0.008,-0.09,-0.23,7,2,0,24820,18964417,29.9,-0.8257555006842169,-0.822,0.01,-0.07,5,2,0,24820,18964417,30.6,-0.0037555006842169597,0.003,-0.16,-0.2,6,2,0,24820,18964417,29.9,-0.809755500684217,-0.803,-0.1,-0.29,6,2,0,24820,18964417,30.6
883,18939895234797,18939904959473,sine_0.7hz,12.16007768000054,20.18199,0.0776797351136338,9.724676,2.1957680000923574,3.2868829985090997,0.17333030700683594,24983,24821,-0.0015133496987420544,0.007,-0.02,-0.44,2,2,0,24983,18964437,30.6,-0.0025133496987420545,0.003,-0.1,0.02,1,2,0,24983,18964437,30.6,-0.8065133496987421,-0.8,-0.07,0.0,14,2,0,24983,18964437,31.9,-0.816513349698742,-0.81,-0.26,-0.09,9,2,0,24983,18964437,30.6,-0.0075133496987420546,0.002,-0.05,-0.37,10,2,0,24983,18964437,31.9,-0.0035133496987420545,0.004,-0.01,-0.07,2,2,0,24821,18964436,29.9,0.0004866503012579456,0.007,-0.14,-0.22,11,2,0,24821,18964436,29.9,-0.827513349698742,-0.822,-0.14,-0.14,9,2,0,24821,18964436,30.6,-0.0055133496987420545,0.002,-0.09,-0.15,10,2,0,24821,18964436,29.9,-0.8115133496987421,-0.803,0.0,-0.21,10,2,0,24821,18964436,30.6
884,18939915232235,18939924343703,sine_0.7hz,12.180076366999856,19.38423,0.07636673399247229,9.111468,1.5222049987642094,2.601288000732893,0.20956993103027344,24984,24822,-0.0032593712740572344,0.006,-0.04,-0.12,7,2,0,24984,18964457,30.6,-0.004259371274057235,0.001,-0.25,-0.24,6,2,0,24984,18964457,30.6,-0.8082593712740573,-0.802,0.02,-0.2,4,2,0,24984,18964457,31.9,-0.8182593712740572,-0.812,-0.18,0.0,14,2,0,24984,18964457,30.6,-0.009259371274057234,-0.002,-0.18,-0.11,0,2,0,24984,18964457,31.9,-0.005259371274057234,0.002,-0.09,-0.08,7,2,0,24822,18964456,29.9,-0.0012593712740572344,0.006,0.05,-0.1,1,2,0,24822,18964456,29.9,-0.8292593712740572,-0.823,-0.06,-0.14,14,2,0,24822,18964456,30.6,-0.007259371274057234,-0.001,0.06,-0.18,0,2,0,24822,18964456,29.9,-0.8132593712740573,-0.805,0.08,-0.25,0,2,0,24822,18964456,29.9
885,18939935237419,18939944926381,sine_0.7hz,12.200079181999172,20.582678,0.07918173287180252,9.688962,2.2138809981697705,3.3022120005625766,0.17595291137695312,24985,24823,-0.004980543829012327,0.005,-0.18,-0.56,11,2,0,24985,18964477,30.6,-0.005980543829012327,0.0,-0.06,-0.19,11,2,0,24985,18964477,30.6,-0.8099805438290124,-0.804,-0.05,0.32,9,2,0,24985,18964477,31.9,-0.8199805438290123,-0.814,-0.29,-0.15,4,2,0,24985,18964477,30.6,-0.010980543829012326,-0.004,-0.16,-0.16,5,2,0,24985,18964477,31.9,-0.006980543829012327,0.0,-0.21,-0.06,12,2,0,24823,18964476,29.9,-0.002980543829012327,0.004,-0.12,-0.41,6,2,0,24823,18964476,29.9,-0.8309805438290123,-0.825,-0.01,-0.03,4,2,0,24823,18964476,30.6,-0.008980543829012328,-0.002,0.13,-0.03,5,2,0,24823,18964476,29.9,-0.8149805438290124,-0.807,-0.14,-0.16,5,2,0,24823,18964476,30.6
886,18939955231913,18939964709284,sine_0.7hz,12.220077677000518,19.782903,0.07767673378111795,9.477371,1.5724790027888957,2.6619300006132107,0.1747608184814453,24986,24824,-0.006662833791969176,0.002,-0.01,-0.35,1,2,0,24986,18964497,30.6,-0.007662833791969176,-0.001,-0.24,-0.28,0,2,0,24986,18964497,30.6,-0.8116628337919692,-0.805,-0.05,-0.08,14,2,0,24986,18964497,31.9,-0.8216628337919691,-0.815,-0.06,-0.05,9,2,0,24986,18964497,30.6,-0.012662833791969176,-0.005,-0.06,-0.11,10,2,0,24986,18964497,31.9,-0.008662833791969176,-0.002,0.01,0.02,2,2,0,24824,18964496,29.9,-0.004662833791969176,0.003,-0.18,-0.09,11,2,0,24824,18964496,29.9,-0.8326628337919691,-0.826,-0.03,-0.07,9,2,0,24824,18964496,30.6,-0.010662833791969176,-0.003,-0.09,0.0,10,2,0,24824,18964496,29.9,-0.8166628337919692,-0.809,-0.13,-0.26,10,2,0,24824,18964496,30.6
887,18939975231464,18939984615007,sine_0.7hz,12.240077579997887,19.905723,0.07757973071420565,9.383543,1.4446009990933817,2.5358769999002106,0.17380714416503906,24987,24825,-0.008293721967139695,0.0,-0.19,-0.19,6,2,0,24987,18964517,30.6,-0.009293721967139696,-0.002,-0.14,-0.21,5,2,0,24987,18964517,30.6,-0.8132937219671398,-0.807,0.01,-0.11,4,2,0,24987,18964517,31.9,-0.8232937219671397,-0.815,-0.06,-0.27,14,2,0,24987,18964517,30.6,-0.014293721967139695,-0.007,-0.16,0.02,0,2,0,24987,18964517,31.9,-0.010293721967139695,-0.003,-0.14,-0.36,6,2,0,24825,18964516,29.9,-0.006293721967139695,0.001,0.0,-0.23,1,2,0,24825,18964516,29.9,-0.8342937219671397,-0.828,-0.16,-0.14,14,2,0,24825,18964516,30.6,-0.012293721967139695,-0.007,-0.05,-0.25,0,2,0,24825,18964516,29.9,-0.8182937219671398,-0.811,-0.18,0.02,0,2,0,24825,18964516,30.6
888,18939995229671,18940004985452,sine_0.7hz,12.260075914000481,20.370445,0.07591373287141323,9.755781,2.2582979981962126,3.3693190016492736,0.1735687255859375,24988,24826,-0.009860357146129834,-0.002,-0.2,-0.24,11,2,0,24988,18964537,30.6,-0.010860357146129835,-0.003,-0.03,-0.1,10,2,0,24988,18964537,30.6,-0.8148603571461299,-0.808,-0.01,-0.05,9,2,0,24988,18964537,31.9,-0.8248603571461298,-0.819,-0.22,-0.14,4,2,0,24988,18964537,30.6,-0.015860357146129836,-0.008,0.12,-0.12,5,2,0,24988,18964537,31.9,-0.011860357146129834,-0.004,-0.02,-0.33,11,2,0,24826,18964536,29.9,-0.007860357146129834,0.001,-0.03,-0.35,6,2,0,24826,18964536,29.9,-0.8358603571461298,-0.831,-0.22,0.06,4,2,0,24826,18964536,30.6,-0.013860357146129834,-0.007,-0.2,-0.13,5,2,0,24826,18964536,29.9,-0.8198603571461299,-0.813,-0.05,-0.33,5,2,0,24826,18964536,30.6
889,18940015233446,18940024596444,sine_0.7hz,12.280078985000728,19.610992,0.0789847326814197,9.362998,1.8832440000551287,2.971926998725394,0.17642974853515625,24989,24827,-0.01135110010640814,-0.005,-0.12,-0.08,1,2,0,24989,18964557,30.6,-0.01235110010640814,-0.006,-0.09,-0.25,0,2,0,24989,18964557,30.6,-0.8163511001064082,-0.81,-0.16,-0.4,14,2,0,24989,18964557,31.9,-0.8263511001064081,-0.82,-0.06,0.01,9,2,0,24989,18964557,30.6,-0.01735110010640814,-0.01,-0.09,-0.1,10,2,0,24989,18964557,31.9,-0.01335110010640814,-0.006,-0.13,-0.37,2,2,0,24827,18964557,29.9,-0.00935110010640814,-0.001,-0.14,-0.09,12,2,0,24827,18964557,29.9,-0.8373511001064081,-0.831,0.04,-0.27,10,2,0,24827,18964557,30.6,-0.01535110010640814,-0.008,-0.11,-0.3,11,2,0,24827,18964557,29.9,-0.8213511001064082,-0.814,-0.05,-0.17,11,2,0,24827,18964557,29.9
890,18940035235749,18940044234028,sine_0.7hz,12.300078344000212,19.637584,0.07834373172954656,8.998279,1.5359329991042614,2.5812230014707893,0.21386146545410156,24990,24828,-0.01275378902866476,-0.006,-0.19,-0.2,6,2,0,24990,18964577,30.6,-0.01375378902866476,-0.007,-0.02,-0.08,5,2,0,24990,18964577,30.6,-0.8177537890286648,-0.812,-0.13,-0.19,4,2,0,24990,18964577,31.9,-0.8277537890286647,-0.821,0.01,-0.07,14,2,0,24990,18964577,30.6,-0.018753789028664758,-0.014,-0.25,-0.17,0,2,0,24990,18964577,31.9,-0.01475378902866476,-0.006,-0.19,-0.36,6,2,0,24828,18964576,29.9,-0.01075378902866476,-0.003,-0.04,-0.43,1,2,0,24828,18964576,29.9,-0.8387537890286647,-0.832,-0.14,-0.19,14,2,0,24828,18964576,30.6,-0.01675378902866476,-0.009,-0.02,-0.3,15,2,0,24828,18964576,29.9,-0.8227537890286648,-0.816,-0.13,-0.23,0,2,0,24828,18964576,29.9
891,18940055233443,18940064913574,sine_0.7hz,12.320076774998597,20.679546,0.07677472967770882,9.680131,1.7577660000824835,2.8534259981825016,0.17714500427246094,24991,24829,-0.01405780393780414,-0.007,-0.19,-0.18,11,2,0,24991,18964597,30.6,-0.015057803937804141,-0.009,-0.16,-0.15,10,2,0,24991,18964597,30.6,-0.8190578039378041,-0.813,-0.06,-0.16,9,2,0,24991,18964597,31.9,-0.829057803937804,-0.823,-0.19,0.02,4,2,0,24991,18964597,30.6,-0.02005780393780414,-0.015,-0.16,-0.28,5,2,0,24991,18964597,31.9,-0.016057803937804142,-0.007,0.07,-0.29,11,2,0,24829,18964596,29.9,-0.01205780393780414,-0.004,-0.11,-0.17,6,2,0,24829,18964596,29.9,-0.840057803937804,-0.833,-0.12,-0.43,4,2,0,24829,18964596,30.6,-0.01805780393780414,-0.011,0.04,-0.22,5,2,0,24829,18964596,29.9,-0.8240578039378041,-0.817,-0.09,0.04,5,2,0,24829,18964596,29.9
892,18940075234338,18940084208585,sine_0.7hz,12.340079205998336,19.295011,0.0792057289800141,8.974247,1.4806029976170976,2.5211250031134114,0.21004676818847656,24992,24830,-0.015253357543058359,-0.011,-0.15,0.09,1,2,0,24992,18964617,30.6,-0.016253357543058358,-0.01,0.06,-0.21,0,2,0,24992,18964617,30.6,-0.8202533575430584,-0.814,-0.26,-0.3,14,2,0,24992,18964617,31.9,-0.8302533575430583,-0.824,-0.1,-0.18,9,2,0,24992,18964617,30.6,-0.02125335754305836,-0.016,-0.14,-0.18,10,2,0,24992,18964617,31.9,-0.01725335754305836,-0.01,-0.04,-0.27,1,2,0,24830,18964616,29.9,-0.013253357543058359,-0.005,-0.04,-0.32,11,2,0,24830,18964616,29.9,-0.8412533575430583,-0.834,0.03,-0.13,9,2,0,24830,18964616,30.6,-0.01925335754305836,-0.012,-0.04,-0.42,10,2,0,24830,18964616,29.9,-0.8252533575430584,-0.82,-0.15,-0.17,10,2,0,24830,18964616,29.9
893,18940095234497,18940104303115,sine_0.7hz,12.360076451997884,20.09453,0.07645172809134237,9.068618,1.5598059981130064,2.6077519978571218,0.21529197692871094,24993,24831,-0.01633066830753514,-0.012,-0.18,-0.09,6,2,0,24993,18964637,30.6,-0.01733066830753514,-0.011,0.01,-0.4,5,2,0,24993,18964637,30.6,-0.8213306683075352,-0.816,-0.09,-0.25,4,2,0,24993,18964637,31.9,-0.8313306683075351,-0.825,-0.18,-0.25,14,2,0,24993,18964637,30.6,-0.02233066830753514,-0.017,-0.03,-0.4,0,2,0,24993,18964637,31.9,-0.018330668307535138,-0.011,-0.19,-0.29,6,2,0,24831,18964636,29.9,-0.01433066830753514,-0.009,-0.01,-0.5,1,2,0,24831,18964636,29.9,-0.8423306683075351,-0.835,-0.2,-0.19,14,2,0,24831,18964636,30.6,-0.02033066830753514,-0.013,-0.02,0.05,15,2,0,24831,18964636,29.9,-0.8263306683075352,-0.821,-0.01,0.01,15,2,0,24831,18964636,29.9
894,18940115230112,18940124865248,sine_0.7hz,12.380073698997876,20.562133,0.0736987276468426,9.635136,2.1559579981840216,3.243970000767149,0.17380714416503906,24994,24832,-0.017281732376161645,-0.014,-0.1,-0.1,11,2,0,24994,18964657,30.6,-0.018281732376161645,-0.011,0.02,-0.27,10,2,0,24994,18964657,30.6,-0.8222817323761616,-0.817,-0.01,-0.05,9,2,0,24994,18964657,31.9,-0.8322817323761615,-0.825,-0.05,-0.26,4,2,0,24994,18964657,30.6,-0.023281732376161643,-0.018,-0.12,-0.11,5,2,0,24994,18964657,31.9,-0.019281732376161646,-0.012,-0.02,-0.48,11,2,0,24832,18964656,29.9,-0.015281732376161644,-0.009,0.03,-0.41,6,2,0,24832,18964656,29.9,-0.8432817323761616,-0.836,0.03,-0.51,4,2,0,24832,18964656,30.6,-0.021281732376161645,-0.016,-0.1,-0.09,5,2,0,24832,18964656,29.9,-0.8272817323761616,-0.823,-0.01,-0.06,5,2,0,24832,18964656,30.6
895,18940135233919,18940144214821,sine_0.7hz,12.400078913997277,19.349573,0.07891372661106288,8.980902,1.5357740012404975,2.5728709988470655,0.2167224884033203,24995,24833,-0.01809949556485919,-0.015,-0.14,-0.15,1,2,0,24995,18964677,30.6,-0.01909949556485919,-0.012,-0.1,-0.32,0,2,0,24995,18964677,30.6,-0.8230994955648593,-0.818,-0.17,-0.06,14,2,0,24995,18964677,31.9,-0.8330994955648592,-0.826,0.09,-0.05,9,2,0,24995,18964677,30.6,-0.024099495564859193,-0.019,-0.17,-0.09,10,2,0,24995,18964677,31.9,-0.02009949556485919,-0.013,-0.11,-0.4,1,2,0,24833,18964676,29.9,-0.016099495564859193,-0.01,-0.06,-0.16,11,2,0,24833,18964676,29.9,-0.8440994955648592,-0.836,-0.04,-0.21,9,2,0,24833,18964676,30.6,-0.02209949556485919,-0.017,0.01,-0.2,10,2,0,24833,18964676,29.9,-0.8280994955648593,-0.823,-0.11,-0.24,10,2,0,24833,18964676,29.9
896,18940155231645,18940165186091,sine_0.7hz,12.420076865000738,20.97127,0.07686472963541746,9.954446,2.031568998063449,3.124475999356946,0.17261505126953125,24996,24834,-0.018777006348322436,-0.016,0.06,-0.09,6,2,0,24996,18964697,30.6,-0.019777006348322437,-0.014,-0.08,-0.37,5,2,0,24996,18964697,30.6,-0.8237770063483225,-0.82,-0.2,-0.1,4,2,0,24996,18964697,31.9,-0.8337770063483224,-0.827,-0.04,-0.17,14,2,0,24996,18964697,30.6,-0.024777006348322438,-0.022,0.0,0.13,0,2,0,24996,18964697,31.9,-0.020777006348322434,-0.014,-0.17,-0.49,6,2,0,24834,18964696,29.9,-0.016777006348322437,-0.011,0.01,-0.35,1,2,0,24834,18964696,29.9,-0.8447770063483224,-0.838,0.02,-0.09,13,2,0,24834,18964696,30.6,-0.022777006348322436,-0.018,-0.06,-0.29,15,2,0,24834,18964696,29.9,-0.8287770063483225,-0.824,0.25,-0.25,15,2,0,24834,18964696,30.6
897,18940175238524,18940185201610,sine_0.7hz,12.440078495998023,20.015519,0.07849572648410685,9.963086,2.064434000203619,3.1550700005027466,0.1728534698486328,24997,24835,-0.019309432702293752,-0.017,-0.2,0.07,11,2,0,24997,18964717,30.6,-0.020309432702293753,-0.015,-0.15,-0.09,10,2,0,24997,18964717,30.6,-0.8243094327022938,-0.821,-0.09,-0.18,9,2,0,24997,18964717,31.9,-0.8343094327022937,-0.831,-0.07,0.07,4,2,0,24997,18964717,30.6,-0.02530943270229375,-0.023,-0.03,-0.12,5,2,0,24997,18964717,31.9,-0.021309432702293754,-0.015,-0.05,-0.33,12,2,0,24835,18964717,29.9,-0.01730943270229375,-0.012,-0.07,-0.37,7,2,0,24835,18964717,29.9,-0.8453094327022938,-0.839,0.06,-0.39,4,2,0,24835,18964717,30.6,-0.023309432702293752,-0.02,0.07,-0.15,6,2,0,24835,18964717,29.9,-0.8293094327022938,-0.825,0.05,-0.41,6,2,0,24835,18964717,30.6
898,18940195231803,18940204767864,sine_0.7hz,12.460077790998184,19.566254,0.07779072620905936,9.536061,2.109459997882368,3.1955520025803708,0.1747608184814453,24998,24836,-0.01969248319518227,-0.019,-0.07,0.13,1,2,0,24998,18964737,30.6,-0.02069248319518227,-0.017,0.06,-0.38,0,2,0,24998,18964737,30.6,-0.8246924831951823,-0.822,-0.1,-0.03,14,2,0,24998,18964737,31.9,-0.8346924831951822,-0.831,-0.13,-0.21,9,2,0,24998,18964737,30.6,-0.025692483195182268,-0.024,0.09,0.0,10,2,0,24998,18964737,31.9,-0.02169248319518227,-0.017,-0.1,-0.25,2,2,0,24836,18964737,29.9,-0.017692483195182268,-0.013,-0.11,-0.17,12,2,0,24836,18964737,29.9,-0.8456924831951822,-0.839,0.02,-0.22,9,2,0,24836,18964737,30.6,-0.02369248319518227,-0.02,0.07,-0.21,11,2,0,24836,18964737,29.9,-0.8296924831951823,-0.826,0.0,-0.07,11,2,0,24836,18964737,30.6
899,18940215233914,18940224213600,sine_0.7hz,12.480078684999171,19.445736,0.07868472675909288,8.979686,1.5016920006019063,2.5420210004085675,0.20599365234375,24999,24837,-0.019923279051337436,-0.02,0.0,0.1,6,2,0,24999,18964757,30.6,-0.020923279051337437,-0.017,0.05,-0.17,5,2,0,24999,18964757,30.6,-0.8249232790513374,-0.823,-0.05,-0.16,4,2,0,24999,18964757,31.9,-0.8349232790513373,-0.831,-0.14,-0.1,14,2,0,24999,18964757,30.6,-0.025923279051337435,-0.024,0.09,0.04,0,2,0,24999,18964757,31.9,-0.021923279051337438,-0.018,-0.06,-0.07,6,2,0,24837,18964756,29.9,-0.017923279051337435,-0.014,-0.13,-0.3,1,2,0,24837,18964756,29.9,-0.8459232790513374,-0.84,-0.21,-0.23,13,2,0,24837,18964756,30.6,-0.023923279051337436,-0.021,-0.07,-0.13,0,2,0,24837,18964756,29.9,-0.8299232790513374,-0.829,-0.17,0.01,0,2,0,24837,18964756,30.6
900,18940235232537,18940244934748,sine_0.7hz,12.500076860000263,20.721148,0.07685972741455771,9.702211,1.7309169998043217,2.8258090023882687,0.17523765563964844,25000,24838,-0.019999998857235936,-0.02,0.07,0.04,11,2,0,25000,18964777,30.6,-0.020999998857235937,-0.017,-0.01,-0.32,10,2,0,25000,18964777,30.6,-0.824999998857236,-0.823,-0.01,-0.15,9,2,0,25000,18964777,31.9,-0.8349999988572359,-0.833,0.0,-0.06,4,2,0,25000,18964777,30.6,-0.02599999885723594,-0.025,0.01,-0.02,5,2,0,25000,18964777,31.9,-0.021999998857235935,-0.019,-0.11,-0.18,11,2,0,24838,18964776,29.9,-0.017999998857235938,-0.015,-0.09,-0.11,6,2,0,24838,18964776,29.9,-0.8459999988572359,-0.841,-0.13,-0.53,3,2,0,24838,18964776,30.6,-0.023999998857235937,-0.022,-0.13,-0.21,5,2,0,24838,18964776,29.9,-0.829999998857236,-0.829,0.14,0.12,5,2,0,24838,18964776,30.6
901,18940255234455,18940265356652,sine_0.7hz,12.520077242999832,20.421904,0.07724272654741071,10.122197,2.205048000178067,3.255489998991834,0.17452239990234375,25001,24839,-0.0199220741150987,-0.02,-0.1,-0.28,1,2,0,25001,18964797,30.6,-0.0209220741150987,-0.018,0.16,-0.26,0,2,0,25001,18964797,30.6,-0.8249220741150988,-0.823,0.08,-0.16,14,2,0,25001,18964797,31.9,-0.8349220741150987,-0.833,0.04,-0.12,9,2,0,25001,18964797,30.6,-0.025922074115098698,-0.025,0.08,-0.06,10,2,0,25001,18964797,31.9,-0.0219220741150987,-0.02,0.1,-0.05,1,2,0,24839,18964796,29.9,-0.017922074115098698,-0.016,-0.19,-0.07,11,2,0,24839,18964796,29.9,-0.8459220741150987,-0.841,-0.09,-0.42,8,2,0,24839,18964796,30.6,-0.0239220741150987,-0.022,-0.15,-0.09,10,2,0,24839,18964796,29.9,-0.8299220741150988,-0.83,-0.02,0.01,10,2,0,24839,18964796,30.6
902,18940275232790,18940285162115,sine_0.7hz,12.540075001998048,19.805463,0.0750017243262846,9.929325,1.9305089990666602,3.065977998630842,0.17261505126953125,25002,24840,-0.0196901309010302,-0.02,-0.1,-0.31,6,2,0,25002,18964817,30.6,-0.0206901309010302,-0.019,-0.04,-0.14,5,2,0,25002,18964817,30.6,-0.8246901309010303,-0.823,0.0,-0.29,3,2,0,25002,18964817,31.9,-0.8346901309010302,-0.833,0.05,-0.22,14,2,0,25002,18964817,30.6,-0.0256901309010302,-0.026,0.07,-0.05,0,2,0,25002,18964817,31.9,-0.021690130901030197,-0.02,-0.09,-0.21,7,2,0,24840,18964817,29.9,-0.0176901309010302,-0.017,0.13,-0.12,2,2,0,24840,18964817,29.9,-0.8456901309010302,-0.841,0.17,-0.24,14,2,0,24840,18964817,30.6,-0.0236901309010302,-0.022,0.0,-0.18,1,2,0,24840,18964817,29.9,-0.8296901309010303,-0.83,0.07,0.01,1,2,0,24840,18964817,30.6
903,18940295231573,18940305344713,sine_0.7hz,12.560076056997787,20.182598,0.07605672362842597,10.11314,2.228121000371175,3.2762589980848134,0.171661376953125,25003,24841,-0.019305886582508945,-0.021,0.03,-0.16,12,2,0,25003,18964838,30.6,-0.020305886582508946,-0.019,-0.01,-0.31,11,2,0,25003,18964838,30.6,-0.824305886582509,-0.824,0.03,-0.01,9,2,0,25003,18964838,31.9,-0.8343058865825089,-0.833,-0.11,0.13,5,2,0,25003,18964838,30.6,-0.025305886582508944,-0.026,0.08,0.29,6,2,0,25003,18964838,31.9,-0.021305886582508947,-0.02,-0.15,-0.12,12,2,0,24841,18964837,29.9,-0.017305886582508943,-0.018,0.02,-0.02,7,2,0,24841,18964837,29.9,-0.8453058865825089,-0.841,-0.02,-0.28,4,2,0,24841,18964837,30.6,-0.023305886582508945,-0.022,0.18,-0.05,6,2,0,24841,18964837,29.9,-0.829305886582509,-0.83,0.28,0.04,6,2,0,24841,18964837,30.6
904,18940315234164,18940324817139,sine_0.7hz,12.58007883999744,19.472426,0.07883972284616902,9.582975,2.0918269983667415,3.185023000696674,0.17523765563964844,25004,24842,-0.0187722858814709,-0.02,-0.11,-0.07,1,2,0,25004,18964857,30.6,-0.0197722858814709,-0.019,0.04,0.02,0,2,0,25004,18964857,30.6,-0.823772285881471,-0.824,-0.01,-0.1,13,2,0,25004,18964857,31.9,-0.8337722858814709,-0.833,0.15,0.05,9,2,0,25004,18964857,30.6,-0.0247722858814709,-0.026,0.04,-0.08,10,2,0,25004,18964857,31.9,-0.020772285881470898,-0.021,0.04,-0.09,2,2,0,24842,18964857,29.9,-0.0167722858814709,-0.018,-0.05,0.04,12,2,0,24842,18964857,29.9,-0.8447722858814709,-0.841,-0.02,-0.35,9,2,0,24842,18964857,30.6,-0.0227722858814709,-0.023,-0.11,-0.2,11,2,0,24842,18964857,29.9,-0.828772285881471,-0.83,-0.05,-0.1,11,2,0,24842,18964857,29.9
905,18940335235763,18940344917045,sine_0.7hz,12.600079669999104,20.099906,0.07966972407302819,9.681282,2.2254010000324342,3.3152050018543378,0.1735687255859375,25005,24843,-0.018093556017867142,-0.021,-0.11,0.08,6,2,0,25005,18964877,30.6,-0.019093556017867143,-0.019,0.01,-0.09,5,2,0,25005,18964877,30.6,-0.8230935560178672,-0.824,-0.1,-0.16,3,2,0,25005,18964877,31.9,-0.833093556017867,-0.833,0.18,-0.08,14,2,0,25005,18964877,30.6,-0.02409355601786714,-0.026,0.08,0.16,0,2,0,25005,18964877,31.9,-0.020093556017867144,-0.021,0.02,-0.15,6,2,0,24843,18964876,29.9,-0.01609355601786714,-0.018,0.09,-0.11,1,2,0,24843,18964876,29.9,-0.8440935560178671,-0.841,0.08,-0.36,13,2,0,24843,18964876,30.6,-0.022093556017867142,-0.023,0.06,-0.12,15,2,0,24843,18964876,29.9,-0.8280935560178672,-0.83,0.11,0.04,0,2,0,24843,18964876,30.6
906,18940355232689,18940364984087,sine_0.7hz,12.620077012998081,20.067042,0.07701272261328995,9.751398,1.839496999309631,2.9290769998624455,0.17380714416503906,25006,24844,-0.017275055599081646,-0.021,0.01,-0.11,11,2,0,25006,18964897,30.6,-0.018275055599081647,-0.019,-0.01,-0.11,10,2,0,25006,18964897,30.6,-0.8222750555990817,-0.823,0.04,-0.19,8,2,0,25006,18964897,31.9,-0.8322750555990815,-0.833,-0.11,-0.19,4,2,0,25006,18964897,30.6,-0.023275055599081648,-0.025,0.02,-0.06,5,2,0,25006,18964897,31.9,-0.019275055599081645,-0.02,0.08,-0.08,11,2,0,24844,18964896,29.9,-0.015275055599081646,-0.018,-0.07,-0.07,6,2,0,24844,18964896,29.9,-0.8432750555990816,-0.841,-0.01,-0.37,3,2,0,24844,18964896,30.6,-0.021275055599081646,-0.023,0.14,0.07,5,2,0,24844,18964896,29.9,-0.8272750555990817,-0.83,0.06,0.15,5,2,0,24844,18964896,30.6
907,18940375232592,18940384300826,sine_0.7hz,12.64007739599765,19.316739,0.07739572174614295,9.068234,1.5563189990643878,2.5933840006473474,0.21266937255859375,25007,24845,-0.016322851891406333,-0.021,-0.13,0.42,1,2,0,25007,18964917,30.6,-0.017322851891406334,-0.019,-0.02,-0.11,0,2,0,25007,18964917,30.6,-0.8213228518914064,-0.824,-0.11,-0.04,13,2,0,25007,18964917,31.9,-0.8313228518914063,-0.833,-0.01,0.02,9,2,0,25007,18964917,30.6,-0.022322851891406335,-0.025,0.03,-0.13,10,2,0,25007,18964917,31.9,-0.018322851891406332,-0.02,-0.03,0.02,1,2,0,24845,18964916,29.9,-0.014322851891406333,-0.017,0.02,-0.08,11,2,0,24845,18964916,29.9,-0.8423228518914063,-0.84,-0.08,-0.25,8,2,0,24845,18964916,30.6,-0.020322851891406334,-0.022,0.11,-0.09,10,2,0,24845,18964916,29.9,-0.8263228518914064,-0.83,-0.05,0.03,10,2,0,24845,18964916,30.6
908,18940395229359,18940405051767,sine_0.7hz,12.660074546998658,20.750941,0.07454672231688164,9.822408,2.2260410005401354,3.313795998110436,0.17499923706054688,25008,24846,-0.01524460633346593,-0.02,0.01,0.3,6,2,0,25008,18964937,30.6,-0.01624460633346593,-0.018,0.18,0.07,5,2,0,25008,18964937,30.6,-0.820244606333466,-0.823,-0.09,-0.08,3,2,0,25008,18964937,31.9,-0.8302446063334659,-0.833,-0.07,0.03,14,2,0,25008,18964937,30.6,-0.021244606333465928,-0.025,0.04,0.2,0,2,0,25008,18964937,31.9,-0.01724460633346593,-0.02,0.06,-0.03,6,2,0,24846,18964936,29.9,-0.01324460633346593,-0.017,0.06,0.03,1,2,0,24846,18964936,29.9,-0.8412446063334659,-0.84,0.04,-0.3,13,2,0,24846,18964936,30.6,-0.01924460633346593,-0.022,0.06,-0.01,14,2,0,24846,18964936,29.9,-0.825244606333466,-0.83,-0.05,-0.03,15,2,0,24846,18964936,30.6
909,18940415234062,18940424242902,sine_0.7hz,12.68007796999882,19.191135,0.07796972204232588,9.00884,1.505787997302832,2.552837999246549,0.21767616271972656,25009,24847,-0.014048118431642121,-0.02,0.03,0.17,11,2,0,25009,18964957,30.6,-0.01504811843164212,-0.018,-0.06,-0.13,10,2,0,25009,18964957,30.6,-0.8190481184316422,-0.823,0.12,-0.08,8,2,0,25009,18964957,31.9,-0.8290481184316421,-0.832,0.06,-0.04,4,2,0,25009,18964957,30.6,-0.02004811843164212,-0.024,-0.13,0.11,5,2,0,25009,18964957,31.9,-0.01604811843164212,-0.02,-0.13,-0.08,12,2,0,24847,18964957,29.9,-0.012048118431642121,-0.017,-0.06,0.16,7,2,0,24847,18964957,29.9,-0.8400481184316421,-0.84,-0.19,0.04,4,2,0,24847,18964957,30.6,-0.01804811843164212,-0.022,-0.04,0.1,5,2,0,24847,18964957,29.9,-0.8240481184316422,-0.829,-0.03,0.3,6,2,0,24847,18964957,29.9
910,18940435234349,18940444239412,sine_0.7hz,12.70007870399786,19.99651,0.07870372064644471,9.005063,1.5777590015204623,2.6302490005036816,0.2124309539794922,25010,24848,-0.012743144640782987,-0.019,0.12,0.01,1,2,0,25010,18964977,30.6,-0.013743144640782988,-0.017,0.11,0.25,15,2,0,25010,18964977,30.6,-0.817743144640783,-0.823,-0.13,0.09,13,2,0,25010,18964977,31.9,-0.8277431446407829,-0.832,-0.04,-0.02,9,2,0,25010,18964977,30.6,-0.018743144640782985,-0.025,-0.15,0.44,10,2,0,25010,18964977,31.9,-0.014743144640782987,-0.019,0.03,0.04,1,2,0,24848,18964976,29.9,-0.010743144640782987,-0.017,-0.01,0.16,11,2,0,24848,18964976,29.9,-0.8387431446407829,-0.84,0.06,-0.03,8,2,0,24848,18964976,30.6,-0.016743144640782987,-0.022,-0.04,0.06,9,2,0,24848,18964976,29.9,-0.822743144640783,-0.829,0.15,0.31,10,2,0,24848,18964976,30.6
911,18940455231211,18940464714214,sine_0.7hz,12.720074926997768,20.474802,0.07492672011721879,9.483003,1.9381570018595085,3.0260729981819168,0.1735687255859375,25011,24849,-0.011339950526668901,-0.019,-0.07,0.42,6,2,0,25011,18964997,30.6,-0.012339950526668902,-0.016,0.23,0.22,5,2,0,25011,18964997,30.6,-0.816339950526669,-0.822,0.09,-0.08,3,2,0,25011,18964997,31.9,-0.8263399505266689,-0.831,0.1,0.06,14,2,0,25011,18964997,30.6,-0.017339950526668903,-0.024,-0.01,0.08,15,2,0,25011,18964997,31.9,-0.013339950526668901,-0.019,-0.09,0.16,6,2,0,24849,18964996,29.9,-0.0093399505266689,-0.016,0.13,0.28,1,2,0,24849,18964996,29.9,-0.8373399505266689,-0.84,0.08,-0.2,13,2,0,24849,18964996,30.6,-0.015339950526668901,-0.021,-0.01,0.23,14,2,0,24849,18964996,29.9,-0.821339950526669,-0.828,0.12,0.22,15,2,0,24849,18964996,30.6
912,18940475233578,18940484642210,sine_0.7hz,12.740076621998014,19.927996,0.07662171992706135,9.408632,1.5099160009413026,2.608072001748951,0.17690658569335938,25012,24850,-0.009848681212993121,-0.019,-0.08,0.38,11,2,0,25012,18965017,30.6,-0.010848681212993122,-0.016,0.04,-0.05,10,2,0,25012,18965017,30.6,-0.8148486812129931,-0.821,0.11,0.08,8,2,0,25012,18965017,31.9,-0.824848681212993,-0.83,0.12,0.08,4,2,0,25012,18965017,30.6,-0.01584868121299312,-0.023,-0.06,0.33,5,2,0,25012,18965017,31.9,-0.011848681212993121,-0.018,0.01,0.11,11,2,0,24850,18965016,29.9,-0.007848681212993121,-0.016,0.09,0.27,6,2,0,24850,18965016,29.9,-0.835848681212993,-0.838,0.15,0.09,3,2,0,24850,18965016,30.6,-0.013848681212993121,-0.02,0.09,0.21,4,2,0,24850,18965016,29.9,-0.8198486812129931,-0.827,0.19,-0.01,5,2,0,24850,18965016,29.9
913,18940495231049,18940504860426,sine_0.7hz,12.760075820999191,20.218216,0.07582072066725232,9.629377,1.6970920005405787,2.7869590012414847,0.17333030700683594,25013,24851,-0.008281441149658172,-0.017,-0.05,0.18,1,2,0,25013,18965037,30.6,-0.009281441149658173,-0.014,0.08,-0.03,0,2,0,25013,18965037,30.6,-0.8132814411496582,-0.82,0.2,0.1,13,2,0,25013,18965037,31.9,-0.8232814411496581,-0.83,-0.06,0.1,9,2,0,25013,18965037,30.6,-0.014281441149658172,-0.022,0.1,0.08,10,2,0,25013,18965037,31.9,-0.010281441149658172,-0.017,0.31,0.13,1,2,0,24851,18965036,29.9,-0.006281441149658172,-0.014,0.13,0.25,11,2,0,24851,18965036,29.9,-0.8342814411496581,-0.838,0.08,-0.28,8,2,0,24851,18965036,30.6,-0.012281441149658172,-0.019,0.21,0.12,9,2,0,24851,18965036,29.9,-0.8182814411496582,-0.826,0.12,0.18,10,2,0,24851,18965036,30.6
914,18940515231272,18940525511203,sine_0.7hz,12.780076843999268,20.650777,0.0768437203078065,10.279931,2.820271998643875,3.87151500035543,0.17333030700683594,25014,24852,-0.006650016317577861,-0.016,0.14,0.29,6,2,0,25014,18965057,30.6,-0.007650016317577861,-0.012,0.2,0.12,5,2,0,25014,18965057,30.6,-0.8116500163175779,-0.819,0.02,0.21,3,2,0,25014,18965057,31.9,-0.8216500163175778,-0.829,0.08,0.06,14,2,0,25014,18965057,30.6,-0.01265001631757786,-0.019,0.17,0.17,0,2,0,25014,18965057,31.9,-0.00865001631757786,-0.015,0.16,-0.17,6,2,0,24852,18965056,29.9,-0.004650016317577861,-0.011,0.01,0.0,1,2,0,24852,18965056,29.9,-0.8326500163175778,-0.836,0.19,-0.11,13,2,0,24852,18965056,30.6,-0.010650016317577862,-0.018,0.12,0.18,14,2,0,24852,18965056,29.9,-0.8166500163175779,-0.823,0.13,-0.03,0,2,0,24852,18965056,30.6
915,18940535232999,18940544720290,sine_0.7hz,12.800077897998563,19.209087,0.07789771916577592,9.487291,1.9960479985456914,3.1021720024000388,0.1728534698486328,25015,24853,-0.004967160462196569,-0.014,0.15,-0.08,11,2,0,25015,18965077,30.6,-0.005967160462196569,-0.011,0.04,-0.09,10,2,0,25015,18965077,30.6,-0.8099671604621966,-0.817,0.15,0.29,8,2,0,25015,18965077,31.9,-0.8199671604621965,-0.827,0.2,-0.28,4,2,0,25015,18965077,30.6,-0.01096716046219657,-0.019,0.06,0.26,5,2,0,25015,18965077,31.9,-0.006967160462196569,-0.013,0.0,0.08,12,2,0,24853,18965077,29.9,-0.002967160462196569,-0.009,0.11,0.02,7,2,0,24853,18965077,29.9,-0.8309671604621965,-0.835,0.14,-0.26,4,2,0,24853,18965077,30.6,-0.00896716046219657,-0.016,-0.17,0.1,5,2,0,24853,18965077,29.9,-0.8149671604621966,-0.822,0.03,0.12,6,2,0,24853,18965077,30.6
916,18940555231270,18940564690335,sine_0.7hz,12.82007687299847,19.970045,0.07687271863687783,9.459065,1.5001239989942405,2.6177999970968813,0.17499923706054688,25016,24854,-0.0032460710469878894,-0.012,0.0,0.14,1,2,0,25016,18965097,30.6,-0.00424607104698789,-0.009,0.11,0.09,0,2,0,25016,18965097,30.6,-0.808246071046988,-0.816,0.24,0.1,13,2,0,25016,18965097,31.9,-0.8182460710469879,-0.825,0.19,-0.05,9,2,0,25016,18965097,30.6,-0.009246071046987889,-0.018,0.05,0.36,10,2,0,25016,18965097,31.9,-0.005246071046987889,-0.01,0.05,-0.05,1,2,0,24854,18965096,29.9,-0.0012460710469878893,-0.007,0.09,0.05,11,2,0,24854,18965096,29.9,-0.8292460710469879,-0.833,0.0,-0.05,8,2,0,24854,18965096,30.6,-0.007246071046987889,-0.015,0.11,0.12,9,2,0,24854,18965096,29.9,-0.813246071046988,-0.821,-0.07,0.13,10,2,0,24854,18965096,29.9
917,18940575231268,18940594720783,sine_0.7hz,12.840076775999478,30.030448,0.07677571920794435,19.489515,2.069619000394596,3.15154999771039,0.1742839813232422,25017,24855,-0.0014998016427129129,-0.01,0.2,0.36,6,2,0,25017,18965117,30.6,-0.0024998016427129127,-0.008,0.04,0.21,5,2,0,25017,18965117,30.6,-0.806499801642713,-0.813,-0.09,0.18,3,2,0,25017,18965117,31.9,-0.8164998016427129,-0.823,0.18,-0.17,14,2,0,25017,18965117,30.6,-0.007499801642712913,-0.015,-0.03,0.0,0,2,0,25017,18965117,31.9,-0.0034998016427129127,-0.009,0.06,0.03,6,2,0,24855,18965116,29.9,0.0005001983572870872,-0.006,0.07,0.19,0,2,0,24855,18965116,29.9,-0.8274998016427129,-0.833,0.04,-0.03,13,2,0,24855,18965116,30.6,-0.005499801642712913,-0.014,0.04,0.4,14,2,0,24855,18965116,29.9,-0.811499801642713,-0.82,-0.04,0.05,15,2,0,24855,18965116,30.6
918,18940595233635,18940605006474,sine_0.7hz,12.860079590998794,10.285691,0.07959071808727458,9.772839,2.2401860005629715,3.326981001009699,0.17571449279785156,25018,24856,0.0002583214192597244,-0.009,-0.01,0.35,11,2,0,25018,18965137,30.6,-0.0007416785807402756,-0.007,0.07,-0.07,10,2,0,25018,18965137,30.6,-0.8047416785807403,-0.812,-0.01,0.31,8,2,0,25018,18965137,31.9,-0.8147416785807402,-0.82,0.07,0.16,4,2,0,25018,18965137,31.3,-0.005741678580740275,-0.013,0.16,0.29,5,2,0,25018,18965137,31.9,-0.0017416785807402757,-0.008,0.15,-0.01,12,2,0,24856,18965137,29.9,0.0022583214192597244,-0.004,0.06,-0.24,6,2,0,24856,18965137,29.9,-0.8257416785807402,-0.831,-0.2,-0.02,4,2,0,24856,18965137,30.6,-0.0037416785807402758,-0.012,0.08,-0.02,5,2,0,24856,18965137,29.9,-0.8097416785807403,-0.818,0.2,0.04,6,2,0,24856,18965137,29.9
919,18940615233154,18940624185576,sine_0.7hz,12.880077989997517,19.179102,0.07798971637384966,8.952422,1.4868760008539539,2.532964997953968,0.2105236053466797,25019,24857,0.0020140598994609965,-0.007,0.1,0.22,1,2,0,25019,18965157,30.6,0.0010140598994609965,-0.007,-0.05,0.15,15,2,0,25019,18965157,30.6,-0.802985940100539,-0.81,0.1,0.37,13,2,0,25019,18965157,31.9,-0.8129859401005389,-0.82,-0.03,-0.13,9,2,0,25019,18965157,30.6,-0.003985940100539004,-0.013,0.04,0.26,10,2,0,25019,18965157,31.9,1.405989946099643e-05,-0.005,-0.02,-0.15,2,2,0,24857,18965157,29.9,0.0040140598994609965,-0.002,0.1,0.02,11,2,0,24857,18965157,29.9,-0.8239859401005389,-0.831,0.18,0.08,9,2,0,24857,18965157,30.6,-0.0019859401005390036,-0.009,0.27,0.39,10,2,0,24857,18965157,29.9,-0.807985940100539,-0.817,0.11,0.06,11,2,0,24857,18965157,30.6
920,18940635230881,18940644531764,sine_0.7hz,12.900077252998017,20.346188,0.07725271643721499,9.300883,1.852009998401627,2.940950002084719,0.17380714416503906,25020,24858,0.00375430123639232,-0.004,0.27,0.01,6,2,0,25020,18965177,30.6,0.00275430123639232,-0.004,0.07,0.09,5,2,0,25020,18965177,30.6,-0.8012456987636077,-0.808,0.03,0.13,3,2,0,25020,18965177,31.9,-0.8112456987636076,-0.819,0.18,0.02,14,2,0,25020,18965177,30.6,-0.00224569876360768,-0.012,0.08,0.18,15,2,0,25020,18965177,31.9,0.00175430123639232,-0.003,0.18,0.01,6,2,0,24858,18965176,29.9,0.0057543012363923205,0.001,0.03,-0.09,0,2,0,24858,18965176,29.9,-0.8222456987636076,-0.83,0.08,0.28,13,2,0,24858,18965176,30.6,-0.00024569876360768005,-0.008,-0.08,0.25,14,2,0,24858,18965176,29.9,-0.8062456987636077,-0.815,0.23,0.09,15,2,0,24858,18965176,30.6
921,18940655232384,18940664494738,sine_0.7hz,12.920075490997988,19.962974,0.07549071597168222,9.262354,1.7970000008062925,2.876979000575375,0.1761913299560547,25021,24859,0.005465426787757106,-0.002,0.22,0.13,11,2,0,25021,18965197,30.6,0.004465426787757106,-0.003,0.15,0.13,10,2,0,25021,18965197,30.6,-0.799534573212243,-0.807,-0.04,0.12,8,2,0,25021,18965197,31.9,-0.8095345732122429,-0.817,0.09,0.07,4,2,0,25021,18965197,30.6,-0.0005345732122428943,-0.009,0.26,0.09,5,2,0,25021,18965197,31.9,0.003465426787757106,-0.002,0.12,-0.04,11,2,0,24859,18965196,29.9,0.007465426787757106,0.001,-0.1,0.02,5,2,0,24859,18965196,29.9,-0.8205345732122429,-0.829,0.15,0.3,3,2,0,24859,18965196,30.6,0.0014654267877571058,-0.006,0.0,0.13,4,2,0,24859,18965196,29.9,-0.804534573212243,-0.811,-0.01,0.11,5,2,0,24859,18965196,29.9
922,18940675229023,18940684745435,sine_0.7hz,12.94007392200001,20.250697,0.07392171755782329,9.516412,2.0886589991278015,3.174302000843454,0.17571449279785156,25022,24860,0.007134312688864428,0.001,0.16,0.07,1,2,0,25022,18965217,30.6,0.006134312688864428,-0.001,0.28,0.13,15,2,0,25022,18965217,30.6,-0.7978656873111356,-0.805,0.13,0.0,13,2,0,25022,18965217,31.9,-0.8078656873111355,-0.815,0.03,0.2,9,2,0,25022,18965217,30.6,0.0011343126888644275,-0.006,0.16,0.03,10,2,0,25022,18965217,31.9,0.0051343126888644276,-0.001,0.1,0.13,1,2,0,24860,18965216,29.9,0.009134312688864428,0.002,0.06,-0.01,10,2,0,24860,18965216,29.9,-0.8188656873111355,-0.828,-0.04,0.04,8,2,0,24860,18965216,30.6,0.0031343126888644275,-0.005,0.06,0.17,9,2,0,24860,18965216,29.9,-0.8028656873111356,-0.81,0.18,-0.03,10,2,0,24860,18965216,30.6
923,18940695233758,18940705165386,sine_0.7hz,12.960079264998058,20.419951,0.07926471516839229,9.931628,2.035984998656204,3.1241559991030954,0.17380714416503906,25023,24861,0.00874858591678697,0.002,-0.07,0.1,6,2,0,25023,18965237,30.6,0.007748585916786971,0.001,-0.04,0.1,5,2,0,25023,18965237,30.6,-0.7962514140832131,-0.803,0.02,-0.03,3,2,0,25023,18965237,31.9,-0.806251414083213,-0.814,0.07,0.22,14,2,0,25023,18965237,30.6,0.0027485859167869706,-0.005,0.22,0.15,15,2,0,25023,18965237,31.9,0.006748585916786971,0.001,0.05,-0.05,6,2,0,24861,18965236,29.9,0.01074858591678697,0.004,0.05,0.08,0,2,0,24861,18965236,29.9,-0.817251414083213,-0.826,0.13,0.13,13,2,0,24861,18965236,30.6,0.004748585916786971,-0.004,0.0,0.19,14,2,0,24861,18965236,29.9,-0.8012514140832131,-0.808,0.18,0.06,15,2,0,24861,18965236,30.6
924,18940715232860,18940724816091,sine_0.7hz,12.980077823998727,19.650705,0.07782371540088207,9.583231,2.1322450011211913,3.218689002096653,0.1780986785888672,25024,24862,0.01029466049145221,0.004,0.22,0.02,11,2,0,25024,18965257,30.6,0.009294660491452209,0.002,-0.01,0.07,10,2,0,25024,18965257,30.6,-0.7947053395085478,-0.802,0.08,0.08,8,2,0,25024,18965257,31.9,-0.8047053395085477,-0.812,0.07,0.15,4,2,0,25024,18965257,30.6,0.004294660491452209,-0.003,0.07,0.19,5,2,0,25024,18965257,31.9,0.00829466049145221,0.002,0.2,0.11,12,2,0,24862,18965257,29.9,0.01229466049145221,0.006,0.1,0.21,6,2,0,24862,18965257,29.9,-0.8157053395085477,-0.823,0.09,0.25,4,2,0,24862,18965257,30.6,0.006294660491452209,-0.001,0.06,0.19,5,2,0,24862,18965257,29.9,-0.7997053395085478,-0.807,0.27,0.1,6,2,0,24862,18965257,30.6
925,18940735230011,18940744222562,sine_0.7hz,13.000074494997534,19.406471,0.07449471377185546,8.992551,1.5221729991026223,2.572422999946866,0.21600723266601562,25025,24863,0.011761005840206831,0.007,-0.03,-0.08,1,2,0,25025,18965277,30.6,0.010761005840206832,0.002,0.18,0.2,15,2,0,25025,18965277,30.6,-0.7932389941597933,-0.801,0.1,0.08,13,2,0,25025,18965277,31.9,-0.8032389941597932,-0.811,0.05,0.21,8,2,0,25025,18965277,30.6,0.005761005840206831,-0.002,0.11,0.23,10,2,0,25025,18965277,31.9,0.009761005840206831,0.003,0.09,0.14,1,2,0,24863,18965276,29.9,0.013761005840206831,0.007,0.12,0.09,10,2,0,24863,18965276,29.9,-0.8142389941597932,-0.822,0.13,0.15,8,2,0,24863,18965276,30.6,0.007761005840206831,0.0,0.04,0.04,9,2,0,24863,18965276,29.9,-0.7982389941597933,-0.806,0.17,0.35,10,2,0,24863,18965276,30.6
926,18940755230202,18940764733077,sine_0.7hz,13.020075517997611,20.510515,0.07551771341240965,9.502875,1.5421099997183774,2.650634000019636,0.1742839813232422,25026,24864,0.013136724814673758,0.009,0.05,-0.01,6,2,0,25026,18965297,30.6,0.012136724814673757,0.004,0.0,0.19,5,2,0,25026,18965297,30.6,-0.7918632751853263,-0.799,0.09,0.22,3,2,0,25026,18965297,31.9,-0.8018632751853262,-0.81,0.02,0.27,13,2,0,25026,18965297,30.6,0.007136724814673758,-0.001,0.09,0.03,15,2,0,25026,18965297,31.9,0.011136724814673758,0.005,0.04,0.2,6,2,0,24864,18965296,29.9,0.015136724814673758,0.008,0.04,0.14,0,2,0,24864,18965296,29.9,-0.8128632751853262,-0.821,0.16,0.14,13,2,0,24864,18965296,30.6,0.009136724814673758,0.001,0.06,0.21,14,2,0,24864,18965296,29.9,-0.7968632751853263,-0.803,0.16,-0.07,14,2,0,24864,18965296,30.6
927,18940775230969,18940785373198,sine_0.7hz,13.04007602799902,20.640121,0.07602771438541822,10.142229,2.1046280016889796,3.188190999935614,0.1766681671142578,25027,24865,0.014410818687471062,0.01,0.15,-0.09,11,2,0,25027,18965317,30.6,0.01341081868747106,0.006,0.21,0.46,10,2,0,25027,18965317,30.6,-0.790589181312529,-0.798,0.06,0.2,8,2,0,25027,18965317,31.9,-0.8005891813125289,-0.808,0.07,0.32,3,2,0,25027,18965317,30.6,0.008410818687471061,0.002,0.11,0.01,5,2,0,25027,18965317,31.9,0.012410818687471062,0.006,-0.06,0.17,11,2,0,24865,18965316,29.9,0.01641081868747106,0.009,0.1,0.26,5,2,0,24865,18965316,29.9,-0.8115891813125289,-0.82,0.02,0.29,3,2,0,24865,18965316,30.6,0.010410818687471061,0.004,0.08,0.1,4,2,0,24865,18965316,29.9,-0.795589181312529,-0.8,0.01,-0.08,4,2,0,24865,18965316,29.9
928,18940795233624,18940804794486,sine_0.7hz,13.060076923000452,19.421288,0.0769227153796237,9.560862,1.5638059994671494,2.6546989975031465,0.17642974853515625,25028,24866,0.015573492414128759,0.012,-0.05,0.13,1,2,0,25028,18965337,30.6,0.01457349241412876,0.007,0.11,0.01,15,2,0,25028,18965337,30.6,-0.7894265075858713,-0.797,0.22,0.13,13,2,0,25028,18965337,31.9,-0.7994265075858712,-0.807,0.13,0.07,8,2,0,25028,18965337,30.6,0.009573492414128758,0.004,0.21,-0.07,10,2,0,25028,18965337,31.9,0.013573492414128759,0.007,0.09,0.15,2,2,0,24866,18965337,29.9,0.01757349241412876,0.009,0.08,0.41,11,2,0,24866,18965337,29.9,-0.8104265075858712,-0.82,0.05,0.49,9,2,0,24866,18965337,30.6,0.011573492414128759,0.006,0.13,-0.07,10,2,0,24866,18965337,29.9,-0.7944265075858713,-0.8,-0.04,0.25,10,2,0,24866,18965337,30.6
929,18940815230774,18940824270207,sine_0.7hz,13.080076922000444,19.475721,0.07692171493545175,9.039433,1.5565430003334768,2.5937680002243724,0.209808349609375,25029,24867,0.016615685083304035,0.012,-0.02,-0.14,6,2,0,25029,18965357,30.6,0.015615685083304034,0.011,0.01,0.11,4,2,0,25029,18965357,30.6,-0.788384314916696,-0.795,0.08,0.16,3,2,0,25029,18965357,31.9,-0.7983843149166959,-0.806,0.08,0.11,13,2,0,25029,18965357,30.6,0.010615685083304035,0.006,0.12,0.22,15,2,0,25029,18965357,31.9,0.014615685083304035,0.007,0.24,0.21,6,2,0,24867,18965356,29.9,0.018615685083304037,0.012,0.14,0.28,0,2,0,24867,18965356,29.9,-0.8093843149166959,-0.82,0.07,0.45,13,2,0,24867,18965356,30.6,0.012615685083304035,0.006,0.0,0.08,14,2,0,24867,18965356,29.9,-0.793384314916696,-0.8,0.12,0.16,14,2,0,24867,18965356,30.6
930,18940835231957,18940844445637,sine_0.7hz,13.10007720899739,20.17543,0.0772087114455644,9.21368,1.7557499995746184,2.8717310015053954,0.17547607421875,25030,24868,0.017529404496545962,0.013,0.09,-0.02,10,2,0,25030,18965377,30.6,0.01652940449654596,0.011,-0.05,0.34,9,2,0,25030,18965377,30.6,-0.7874705955034541,-0.794,0.02,0.04,8,2,0,25030,18965377,31.9,-0.797470595503454,-0.803,0.11,0.31,3,2,0,25030,18965377,30.6,0.011529404496545962,0.007,-0.11,0.03,4,2,0,25030,18965377,31.9,0.015529404496545962,0.008,0.0,0.33,11,2,0,24868,18965376,29.9,0.019529404496545964,0.013,0.07,0.11,5,2,0,24868,18965376,29.9,-0.808470595503454,-0.817,0.23,0.13,3,2,0,24868,18965376,30.6,0.013529404496545962,0.009,0.04,0.15,4,2,0,24868,18965376,29.9,-0.7924705955034541,-0.798,0.03,0.08,4,2,0,24868,18965376,30.6
931,18940855232308,18940864807859,sine_0.7hz,13.120075255999836,20.362222,0.07525571345468052,9.575551,2.10466099815676,3.204767999704927,0.17547607421875,25031,24869,0.018307489635268997,0.016,0.05,0.15,0,2,0,25031,18965397,30.6,0.017307489635268996,0.012,0.1,0.14,14,2,0,25031,18965397,30.6,-0.7866925103647311,-0.793,0.13,0.05,13,2,0,25031,18965397,31.9,-0.796692510364731,-0.802,0.27,0.13,8,2,0,25031,18965397,30.6,0.012307489635268997,0.007,0.14,0.11,9,2,0,25031,18965397,31.9,0.016307489635269,0.009,0.09,0.19,1,2,0,24869,18965396,29.9,0.020307489635268995,0.014,0.13,0.16,10,2,0,24869,18965396,29.9,-0.807692510364731,-0.817,0.17,0.36,8,2,0,24869,18965396,30.6,0.014307489635268997,0.01,0.05,0.05,9,2,0,24869,18965396,29.9,-0.7916925103647311,-0.797,0.1,0.11,9,2,0,24869,18965396,29.9
932,18940875232211,18940885237155,sine_0.7hz,13.140076790998137,20.429296,0.07679071131860837,10.004944,2.086003998556407,3.169471001456259,0.1709461212158203,25032,24870,0.018944132957944747,0.016,0.17,-0.08,5,2,0,25032,18965417,30.6,0.017944132957944746,0.013,-0.12,0.16,4,2,0,25032,18965417,30.6,-0.7860558670420553,-0.791,0.12,0.19,3,2,0,25032,18965417,31.9,-0.7960558670420552,-0.802,-0.06,0.15,13,2,0,25032,18965417,30.6,0.012944132957944747,0.008,0.14,0.14,14,2,0,25032,18965417,31.9,0.016944132957944745,0.01,-0.11,0.23,5,2,0,24870,18965416,29.9,0.02094413295794475,0.017,-0.08,0.07,0,2,0,24870,18965416,29.9,-0.8070558670420552,-0.815,0.06,0.16,13,2,0,24870,18965416,30.6,0.014944132957944747,0.01,0.04,0.12,14,2,0,24870,18965416,29.9,-0.7910558670420553,-0.795,0.31,0.12,14,2,0,24870,18965416,29.9
933,18940895233682,18940905398504,sine_0.7hz,13.160076468997431,20.161349,0.07646871017641388,10.164822,2.2620429990638513,3.304484002001118,0.17309188842773438,25033,24871,0.019434224384904806,0.017,-0.02,0.2,10,2,0,25033,18965437,30.6,0.018434224384904805,0.014,0.04,0.22,9,2,0,25033,18965437,30.6,-0.7855657756150952,-0.79,0.11,0.24,8,2,0,25033,18965437,31.9,-0.7955657756150951,-0.801,-0.01,0.17,3,2,0,25033,18965437,30.6,0.013434224384904806,0.009,-0.06,0.16,4,2,0,25033,18965437,31.9,0.017434224384904808,0.011,0.08,0.12,11,2,0,24871,18965437,29.9,0.021434224384904804,0.017,0.1,0.34,6,2,0,24871,18965437,29.9,-0.8065657756150951,-0.812,-0.03,0.03,4,2,0,24871,18965437,30.6,0.015434224384904806,0.012,0.07,0.24,5,2,0,24871,18965437,29.9,-0.7905657756150952,-0.794,0.02,0.16,5,2,0,24871,18965437,30.6
934,18940915234833,18940924815471,sine_0.7hz,13.180078803998185,19.416967,0.07880371049395762,9.580638,2.0963719980500173,3.1980789972294588,0.1723766326904297,25034,24872,0.01977407506510239,0.017,0.07,0.08,0,2,0,25034,18965457,30.6,0.01877407506510239,0.014,0.16,0.11,14,2,0,25034,18965457,30.6,-0.7852259249348976,-0.79,0.0,0.2,13,2,0,25034,18965457,31.9,-0.7952259249348975,-0.8,-0.02,-0.1,8,2,0,25034,18965457,30.6,0.01377407506510239,0.009,0.1,0.25,9,2,0,25034,18965457,31.9,0.01777407506510239,0.012,0.17,0.13,1,2,0,24872,18965457,29.9,0.021774075065102393,0.017,-0.02,0.38,11,2,0,24872,18965457,29.9,-0.8062259249348975,-0.812,-0.02,0.32,9,2,0,24872,18965457,30.6,0.01577407506510239,0.012,-0.04,0.32,10,2,0,24872,18965457,29.9,-0.7902259249348976,-0.794,0.03,0.18,10,2,0,24872,18965457,30.6
935,18940935235024,18940944324219,sine_0.7hz,13.200079026999447,19.508748,0.07902671131887473,9.089195,1.5630060006515123,2.6143440009036567,0.21457672119140625,25035,24873,0.019960969856020406,0.017,0.08,0.06,5,2,0,25035,18965477,30.6,0.018960969856020405,0.014,0.1,0.16,4,2,0,25035,18965477,30.6,-0.7850390301439797,-0.788,0.13,0.18,3,2,0,25035,18965477,31.9,-0.7950390301439796,-0.8,0.11,0.22,13,2,0,25035,18965477,30.6,0.013960969856020406,0.01,-0.01,0.08,14,2,0,25035,18965477,31.9,0.017960969856020408,0.014,0.11,0.01,5,2,0,24873,18965476,29.9,0.021960969856020404,0.018,0.02,0.14,0,2,0,24873,18965476,29.9,-0.8060390301439796,-0.812,-0.1,0.08,13,2,0,24873,18965476,30.6,0.015960969856020406,0.012,-0.09,0.19,14,2,0,24873,18965476,29.9,-0.7900390301439797,-0.794,0.04,0.11,14,2,0,24873,18965476,30.6
936,18940955233390,18940964665575,sine_0.7hz,13.220077809997747,20.341356,0.07780970918247476,9.432185,1.5003799999249168,2.5983760024246294,0.1761913299560547,25036,24874,0.019993510611287617,0.018,0.03,0.14,10,2,0,25036,18965497,30.6,0.018993510611287616,0.014,0.11,0.43,9,2,0,25036,18965497,30.6,-0.7850064893887124,-0.787,-0.02,-0.05,8,2,0,25036,18965497,31.9,-0.7950064893887123,-0.799,0.21,0.18,3,2,0,25036,18965497,31.3,0.013993510611287617,0.011,0.04,0.18,4,2,0,25036,18965497,31.9,0.017993510611287615,0.014,0.03,0.28,10,2,0,24874,18965496,29.9,0.02199351061128762,0.019,0.07,0.03,5,2,0,24874,18965496,29.9,-0.8060064893887123,-0.811,0.03,0.1,3,2,0,24874,18965496,30.6,0.015993510611287617,0.013,0.03,0.12,4,2,0,24874,18965496,29.9,-0.7900064893887124,-0.793,0.01,0.04,4,2,0,24874,18965496,30.6
937,18940975231629,18940985221564,sine_0.7hz,13.240076048998162,20.555989,0.07604870916111395,9.989935,2.0669950026785955,3.145565999147948,0.17523765563964844,25037,24875,0.019871470132539603,0.018,-0.05,0.07,0,2,0,25037,18965517,30.6,0.018871470132539602,0.014,-0.05,0.1,14,2,0,25037,18965517,30.6,-0.7851285298674604,-0.787,0.07,0.13,13,2,0,25037,18965517,31.9,-0.7951285298674603,-0.799,0.09,0.11,8,2,0,25037,18965517,30.6,0.013871470132539603,0.011,0.0,0.06,9,2,0,25037,18965517,31.9,0.017871470132539605,0.015,0.13,0.17,0,2,0,24875,18965516,29.9,0.0218714701325396,0.018,-0.15,0.02,10,2,0,24875,18965516,29.9,-0.8061285298674603,-0.811,-0.11,0.31,8,2,0,24875,18965516,30.6,0.015871470132539603,0.014,0.12,0.28,9,2,0,24875,18965516,29.9,-0.7901285298674604,-0.793,-0.01,0.24,9,2,0,24875,18965516,30.6
938,18940995233036,18941004694054,sine_0.7hz,13.26007915199807,19.47249,0.0791517086327076,9.461018,1.577311002620263,2.667337997991126,0.1773834228515625,25038,24876,0.01959570936479401,0.018,0.01,0.0,5,2,0,25038,18965537,30.6,0.01859570936479401,0.015,0.04,0.22,4,2,0,25038,18965537,30.6,-0.785404290635206,-0.786,0.01,-0.08,3,2,0,25038,18965537,31.9,-0.7954042906352059,-0.798,0.01,0.4,13,2,0,25038,18965537,31.3,0.01359570936479401,0.011,0.14,0.01,14,2,0,25038,18965537,31.9,0.01759570936479401,0.015,-0.14,0.08,6,2,0,24876,18965537,29.9,0.021595709364794012,0.019,0.01,0.24,1,2,0,24876,18965537,29.9,-0.8064042906352059,-0.811,0.12,0.22,14,2,0,24876,18965537,30.6,0.01559570936479401,0.014,-0.11,0.13,15,2,0,24876,18965537,29.9,-0.790404290635206,-0.793,0.01,-0.03,15,2,0,24876,18965537,30.6
939,18941015229963,18941024593601,sine_0.7hz,13.280074573998718,19.899547,0.07457370884367265,9.363638,1.8969079974340275,2.9784229991491884,0.1742839813232422,25039,24877,0.019168565059456407,0.018,0.05,0.0,10,2,0,25039,18965557,30.6,0.018168565059456406,0.015,0.03,0.06,9,2,0,25039,18965557,30.6,-0.7858314349405436,-0.786,0.01,-0.04,8,2,0,25039,18965557,31.9,-0.7958314349405435,-0.798,0.04,0.25,3,2,0,25039,18965557,30.6,0.013168565059456407,0.013,0.08,-0.04,4,2,0,25039,18965557,31.9,0.01716856505945641,0.015,0.03,0.25,10,2,0,24877,18965556,29.9,0.021168565059456405,0.018,-0.01,0.35,5,2,0,24877,18965556,29.9,-0.8068314349405435,-0.811,-0.14,0.11,3,2,0,24877,18965556,30.6,0.015168565059456407,0.014,-0.02,-0.04,4,2,0,24877,18965556,29.9,-0.7908314349405436,-0.792,0.11,0.02,4,2,0,24877,18965556,30.6
940,18941035231530,18941044640833,sine_0.7hz,13.300075628998457,20.047232,0.07562870814581402,9.409303,1.9551190016500186,3.038650000235066,0.17380714416503906,25040,24878,0.018593079676355564,0.018,0.13,0.13,0,2,0,25040,18965577,30.6,0.017593079676355563,0.015,0.02,0.25,14,2,0,25040,18965577,30.6,-0.7864069203236445,-0.786,0.02,-0.06,13,2,0,25040,18965577,31.9,-0.7964069203236444,-0.798,-0.07,0.36,8,2,0,25040,18965577,31.3,0.012593079676355564,0.013,-0.05,0.02,9,2,0,25040,18965577,31.9,0.016593079676355565,0.015,-0.04,-0.05,0,2,0,24878,18965576,29.9,0.020593079676355562,0.019,-0.07,0.17,10,2,0,24878,18965576,29.9,-0.8074069203236444,-0.811,0.01,0.04,8,2,0,24878,18965576,30.6,0.014593079676355564,0.014,0.09,-0.03,9,2,0,24878,18965576,29.9,-0.7914069203236445,-0.792,-0.01,0.07,9,2,0,24878,18965576,30.6
941,18941055233609,18941064922732,sine_0.7hz,13.320075468000141,20.281899,0.07546770939370617,9.689123,1.770246002706699,2.8565939974214416,0.1728534698486328,25041,24879,0.01787385090092632,0.018,-0.04,-0.01,5,2,0,25041,18965597,30.6,0.01687385090092632,0.015,0.08,0.18,4,2,0,25041,18965597,30.6,-0.7871261490990737,-0.786,0.14,-0.08,3,2,0,25041,18965597,31.9,-0.7971261490990736,-0.798,0.07,0.13,13,2,0,25041,18965597,30.6,0.01187385090092632,0.013,-0.01,-0.04,14,2,0,25041,18965597,31.9,0.01587385090092632,0.015,0.06,-0.09,5,2,0,24879,18965596,29.9,0.019873850900926318,0.018,-0.07,0.17,0,2,0,24879,18965596,29.9,-0.8081261490990737,-0.811,0.09,0.26,13,2,0,24879,18965596,30.6,0.01387385090092632,0.014,-0.02,0.11,14,2,0,24879,18965596,29.9,-0.7921261490990738,-0.792,0.03,0.15,14,2,0,24879,18965596,30.6
942,18941075234983,18941084945259,sine_0.7hz,13.340079338999203,20.022527,0.07933870801934972,9.710276,1.780358998075826,2.872467000997858,0.17547607421875,25042,24880,0.017016223393981636,0.018,-0.15,-0.08,10,2,0,25042,18965617,30.6,0.016016223393981635,0.015,0.03,0.0,9,2,0,25042,18965617,30.6,-0.7879837766060184,-0.786,-0.05,-0.12,8,2,0,25042,18965617,31.9,-0.7979837766060183,-0.799,-0.15,0.33,3,2,0,25042,18965617,31.3,0.011016223393981636,0.013,-0.03,0.18,4,2,0,25042,18965617,31.9,0.015016223393981636,0.015,-0.01,-0.01,10,2,0,24880,18965616,29.9,0.019016223393981638,0.018,-0.03,0.08,5,2,0,24880,18965616,29.9,-0.8089837766060183,-0.811,0.06,0.18,3,2,0,24880,18965616,30.6,0.013016223393981636,0.014,-0.14,-0.1,4,2,0,24880,18965616,29.9,-0.7929837766060184,-0.793,0.02,0.14,4,2,0,24880,18965616,30.6
943,18941095235078,18941104271887,sine_0.7hz,13.360077834000549,19.326628,0.07783370892866515,9.036809,1.5463009985978715,2.5808710015553515,0.2167224884033203,25043,24881,0.01602724512018299,0.018,0.14,-0.09,0,2,0,25043,18965637,30.6,0.01502724512018299,0.015,-0.01,0.3,14,2,0,25043,18965637,30.6,-0.7889727548798171,-0.786,-0.04,-0.03,13,2,0,25043,18965637,31.9,-0.798972754879817,-0.799,0.0,0.32,8,2,0,25043,18965637,31.3,0.010027245120182991,0.013,-0.05,0.04,9,2,0,25043,18965637,31.9,0.014027245120182991,0.015,-0.11,0.03,0,2,0,24881,18965636,29.9,0.018027245120182993,0.018,-0.13,0.09,10,2,0,24881,18965636,29.9,-0.809972754879817,-0.811,-0.01,0.25,8,2,0,24881,18965636,30.6,0.012027245120182991,0.014,0.08,-0.03,9,2,0,24881,18965636,29.9,-0.7939727548798171,-0.793,-0.18,0.05,9,2,0,24881,18965636,30.6
944,18941115230469,18941124245645,sine_0.7hz,13.380075113000203,19.973758,0.07511270814575255,9.015176,1.5177569985098671,2.5619900006859098,0.2357959747314453,25044,24882,0.014914421564491518,0.017,-0.03,-0.05,5,2,0,25044,18965657,30.6,0.01391442156449152,0.014,0.1,0.03,4,2,0,25044,18965657,30.6,-0.7900855784355085,-0.787,0.02,-0.23,3,2,0,25044,18965657,31.9,-0.8000855784355084,-0.799,-0.16,0.05,13,2,0,25044,18965657,31.3,0.008914421564491518,0.013,0.05,-0.06,14,2,0,25044,18965657,31.9,0.012914421564491518,0.015,0.0,-0.16,5,2,0,24882,18965656,29.9,0.01691442156449152,0.018,0.0,0.15,15,2,0,24882,18965656,29.9,-0.8110855784355084,-0.812,-0.06,0.07,13,2,0,24882,18965656,30.6,0.010914421564491518,0.014,-0.02,-0.07,14,2,0,24882,18965656,29.9,-0.7950855784355085,-0.793,-0.07,-0.05,14,2,0,24882,18965656,30.6
945,18941135231620,18941144258348,sine_0.7hz,13.40007530299772,20.012703,0.07530270522693172,9.026728,1.5410220003104769,2.589863997854991,0.21839141845703125,25045,24883,0.013686112681288698,0.017,-0.1,-0.18,10,2,0,25045,18965677,30.6,0.012686112681288698,0.014,0.05,0.43,9,2,0,25045,18965677,30.6,-0.7913138873187113,-0.787,-0.07,-0.25,8,2,0,25045,18965677,31.9,-0.8013138873187112,-0.8,-0.11,-0.07,3,2,0,25045,18965677,30.6,0.0076861126812886975,0.012,-0.1,-0.01,4,2,0,25045,18965677,31.9,0.011686112681288698,0.014,-0.06,-0.13,10,2,0,24883,18965676,29.9,0.015686112681288698,0.017,-0.02,0.04,5,2,0,24883,18965676,29.9,-0.8123138873187112,-0.812,0.07,-0.03,2,2,0,24883,18965676,30.6,0.009686112681288698,0.013,-0.02,0.1,4,2,0,24883,18965676,29.9,-0.7963138873187113,-0.793,-0.01,-0.12,4,2,0,24883,18965676,30.6
946,18941155231011,18941165258003,sine_0.7hz,13.420076102000166,20.999655,0.07610170723637566,10.026992,2.1115720010129735,3.1872960025793873,0.17523765563964844,25046,24884,0.012351927933535099,0.017,-0.04,-0.22,0,2,0,25046,18965697,30.6,0.011351927933535098,0.014,0.07,0.25,14,2,0,25046,18965697,30.6,-0.7926480720664649,-0.787,0.04,-0.06,13,2,0,25046,18965697,31.9,-0.8026480720664648,-0.8,-0.1,0.15,8,2,0,25046,18965697,31.3,0.0063519279335350985,0.012,-0.01,-0.06,9,2,0,25046,18965697,31.9,0.010351927933535099,0.014,0.02,-0.11,15,2,0,24884,18965696,29.9,0.014351927933535099,0.017,-0.02,0.03,10,2,0,24884,18965696,29.9,-0.8136480720664648,-0.812,-0.1,0.15,7,2,0,24884,18965696,30.6,0.008351927933535098,0.013,-0.05,-0.07,9,2,0,24884,18965696,29.9,-0.7976480720664649,-0.794,-0.16,-0.02,9,2,0,24884,18965696,30.6
947,18941175231553,18941185203920,sine_0.7hz,13.440076932998636,19.945917,0.07693270526942797,9.972367,2.065714001219021,3.141821001918288,0.17333030700683594,25047,24885,0.010922218438688291,0.016,-0.12,-0.39,5,2,0,25047,18965717,30.6,0.00992221843868829,0.013,-0.05,0.02,4,2,0,25047,18965717,30.6,-0.7940777815613118,-0.788,-0.1,-0.09,2,2,0,25047,18965717,31.9,-0.8040777815613116,-0.801,-0.04,-0.08,13,2,0,25047,18965717,30.6,0.004922218438688291,0.011,-0.09,0.06,14,2,0,25047,18965717,31.9,0.008922218438688291,0.014,-0.15,-0.29,6,2,0,24885,18965717,29.9,0.012922218438688291,0.017,-0.07,-0.14,1,2,0,24885,18965717,29.9,-0.8150777815613117,-0.812,-0.03,-0.07,13,2,0,24885,18965717,30.6,0.006922218438688291,0.012,-0.13,-0.04,15,2,0,24885,18965717,29.9,-0.7990777815613117,-0.794,0.02,-0.25,15,2,0,24885,18965717,30.6
948,18941195232128,18941205365045,sine_0.7hz,13.460077539999475,20.161125,0.07753970567137003,10.132917,2.233465998870088,3.2721630013838876,0.171661376953125,25048,24886,0.009408060186376379,0.016,-0.2,-0.3,10,2,0,25048,18965737,30.6,0.008408060186376378,0.012,-0.1,-0.03,9,2,0,25048,18965737,30.6,-0.7955919398136236,-0.789,-0.06,-0.37,7,2,0,25048,18965737,31.9,-0.8055919398136235,-0.802,-0.03,0.06,3,2,0,25048,18965737,30.6,0.003408060186376379,0.009,0.03,-0.04,4,2,0,25048,18965737,31.9,0.007408060186376379,0.014,0.01,-0.29,11,2,0,24886,18965737,29.9,0.011408060186376379,0.016,-0.11,-0.21,6,2,0,24886,18965737,29.9,-0.8165919398136235,-0.813,0.0,-0.21,3,2,0,24886,18965737,30.6,0.005408060186376379,0.012,-0.02,-0.08,5,2,0,24886,18965737,29.9,-0.8005919398136236,-0.795,0.1,-0.07,5,2,0,24886,18965737,29.9
949,18941215231903,18941224249767,sine_0.7hz,13.48007734699786,18.884722,0.0773467036196962,9.017864,1.5292130010493565,2.567621999332914,0.21767616271972656,25049,24887,0.007821211812984888,0.014,0.0,0.06,0,2,0,25049,18965757,30.6,0.0068212118129848875,0.012,0.05,0.07,14,2,0,25049,18965757,30.6,-0.7971787881870152,-0.79,-0.09,-0.12,12,2,0,25049,18965757,31.9,-0.807178788187015,-0.802,-0.13,0.03,8,2,0,25049,18965757,30.6,0.0018212118129848874,0.007,-0.1,-0.07,9,2,0,25049,18965757,31.9,0.0058212118129848875,0.011,-0.06,-0.02,1,2,0,24887,18965757,29.9,0.009821211812984888,0.016,-0.07,-0.17,11,2,0,24887,18965757,29.9,-0.8181787881870151,-0.813,0.02,-0.23,8,2,0,24887,18965757,30.6,0.0038212118129848874,0.011,-0.15,-0.39,10,2,0,24887,18965757,29.9,-0.8021787881870152,-0.796,-0.03,0.04,10,2,0,24887,18965757,30.6
950,18941235230494,18941244924769,sine_0.7hz,13.500075553998613,20.675002,0.0755537039367482,9.694275,2.2218169979169033,3.3006119992933236,0.1742839813232422,25050,24888,0.006174018751698231,0.014,-0.13,-0.19,5,2,0,25050,18965777,30.6,0.005174018751698231,0.011,-0.01,-0.21,4,2,0,25050,18965777,30.6,-0.7988259812483018,-0.793,-0.08,0.11,2,2,0,25050,18965777,31.9,-0.8088259812483017,-0.803,-0.11,-0.01,13,2,0,25050,18965777,31.3,0.00017401875169823118,0.006,-0.01,-0.36,14,2,0,25050,18965777,31.9,0.004174018751698231,0.01,-0.05,-0.01,5,2,0,24888,18965776,29.9,0.008174018751698231,0.015,-0.05,-0.15,15,2,0,24888,18965776,29.9,-0.8198259812483017,-0.814,-0.07,-0.14,12,2,0,24888,18965776,30.6,0.0021740187516982312,0.01,-0.01,-0.02,14,2,0,24888,18965776,29.9,-0.8038259812483018,-0.797,0.06,-0.1,14,2,0,24888,18965776,30.6
951,18941255234621,18941265363825,sine_0.7hz,13.520077728000615,20.439056,0.07772770550218411,10.129204,2.0894919980491977,3.1815029979043175,0.17786026000976562,25051,24889,0.004478751812687079,0.012,-0.17,0.05,10,2,0,25051,18965797,30.6,0.0034787518126870786,0.01,0.06,-0.2,9,2,0,25051,18965797,30.6,-0.800521248187313,-0.795,-0.13,-0.12,7,2,0,25051,18965797,31.9,-0.8105212481873129,-0.805,-0.17,-0.11,3,2,0,25051,18965797,31.3,-0.0015212481873129215,0.005,-0.03,-0.13,4,2,0,25051,18965797,31.9,0.0024787518126870786,0.008,-0.15,0.06,10,2,0,24889,18965796,29.9,0.006478751812687079,0.013,-0.15,-0.13,5,2,0,24889,18965796,29.9,-0.8215212481873129,-0.817,0.03,-0.06,2,2,0,24889,18965796,30.6,0.0004787518126870786,0.008,-0.09,-0.13,4,2,0,24889,18965796,29.9,-0.805521248187313,-0.8,0.01,0.0,4,2,0,24889,18965796,30.6
952,18941275231804,18941285345200,sine_0.7hz,13.540078014997562,19.981375,0.07801470201229677,10.113396,2.1097479984746315,3.2018240017350763,0.17833709716796875,25052,24890,0.0027490085530021387,0.01,-0.12,-0.24,0,2,0,25052,18965817,30.6,0.0017490085530021387,0.009,-0.15,-0.23,14,2,0,25052,18965817,30.6,-0.802250991446998,-0.796,-0.1,-0.12,12,2,0,25052,18965817,31.9,-0.8122509914469979,-0.806,-0.06,-0.16,8,2,0,25052,18965817,31.3,-0.0032509914469978614,0.004,-0.09,-0.07,9,2,0,25052,18965817,31.9,0.0007490085530021387,0.006,-0.15,-0.1,1,2,0,24890,18965817,29.9,0.004749008553002139,0.011,-0.03,-0.08,11,2,0,24890,18965817,29.9,-0.8232509914469979,-0.819,-0.17,0.07,8,2,0,24890,18965817,30.6,-0.0012509914469978614,0.007,-0.09,-0.2,10,2,0,24890,18965817,29.9,-0.807250991446998,-0.8,0.03,-0.36,10,2,0,24890,18965817,30.6
953,18941295230234,18941305441714,sine_0.7hz,13.560075293997215,20.096514,0.07529370122938417,10.21148,2.2555139985342976,3.308676001324784,0.17642974853515625,25053,24891,0.0009982714680930383,0.009,-0.03,-0.46,5,2,0,25053,18965837,30.6,-1.7285319069617212e-06,0.007,-0.12,-0.09,4,2,0,25053,18965837,30.6,-0.804001728531907,-0.799,-0.15,-0.01,2,2,0,25053,18965837,31.9,-0.8140017285319069,-0.807,-0.19,0.02,13,2,0,25053,18965837,30.6,-0.005001728531906962,0.004,-0.02,-0.07,14,2,0,25053,18965837,31.9,-0.0010017285319069617,0.005,-0.08,-0.16,6,2,0,24891,18965837,29.9,0.0029982714680930386,0.008,-0.2,-0.22,1,2,0,24891,18965837,29.9,-0.8250017285319069,-0.821,0.03,0.02,13,2,0,24891,18965837,30.6,-0.0030017285319069616,0.005,-0.12,-0.2,15,2,0,24891,18965837,29.9,-0.809001728531907,-0.802,-0.14,-0.19,15,2,0,24891,18965837,30.6
954,18941315237786,18941324330021,sine_0.7hz,13.580080060997716,18.888307,0.08006070129340515,9.092235,1.50822100113146,2.574150999862468,0.21314620971679688,25054,24892,-0.0007608411357907942,0.009,-0.11,-0.29,10,2,0,25054,18965857,30.6,-0.0017608411357907944,0.006,-0.11,-0.2,9,2,0,25054,18965857,30.6,-0.8057608411357908,-0.8,-0.24,-0.07,7,2,0,25054,18965857,31.9,-0.8157608411357907,-0.81,-0.05,-0.2,3,2,0,25054,18965857,30.6,-0.0067608411357907945,0.002,0.05,0.02,4,2,0,25054,18965857,31.9,-0.0027608411357907944,0.004,-0.06,-0.15,11,2,0,24892,18965857,29.9,0.0012391588642092057,0.007,-0.1,-0.14,6,2,0,24892,18965857,29.9,-0.8267608411357907,-0.822,-0.22,-0.15,3,2,0,24892,18965857,30.6,-0.0047608411357907944,0.002,-0.14,-0.15,4,2,0,24892,18965857,29.9,-0.8107608411357908,-0.803,-0.03,-0.11,5,2,0,24892,18965857,30.6
955,18941335233432,18941344986942,sine_0.7hz,13.600077756000246,20.656921,0.07775570338708349,9.75351,2.253017999464646,3.350470000441419,0.17380714416503906,25055,24893,-0.002513450365915849,0.007,-0.08,-0.03,15,2,0,25055,18965877,30.6,-0.003513450365915849,0.004,-0.1,-0.12,14,2,0,25055,18965877,30.6,-0.8075134503659159,-0.802,0.07,-0.18,12,2,0,25055,18965877,31.9,-0.8175134503659158,-0.812,-0.14,-0.17,8,2,0,25055,18965877,30.6,-0.008513450365915849,0.0,-0.13,-0.2,9,2,0,25055,18965877,31.9,-0.004513450365915848,0.004,-0.02,-0.28,15,2,0,24893,18965876,29.9,-0.0005134503659158488,0.007,-0.15,-0.28,10,2,0,24893,18965876,29.9,-0.8285134503659158,-0.822,-0.02,-0.22,7,2,0,24893,18965876,30.6,-0.0065134503659158485,0.001,-0.06,-0.16,8,2,0,24893,18965876,29.9,-0.8125134503659159,-0.805,-0.01,-0.48,9,2,0,24893,18965876,30.6
956,18941355231543,18941365162980,sine_0.7hz,13.6200768589988,20.176038,0.07685870150453411,9.931437,2.033616998232901,3.121117002592655,0.1742839813232422,25056,24894,-0.0042467491394191205,0.005,-0.08,-0.33,5,2,0,25056,18965897,30.6,-0.0052467491394191206,0.001,-0.03,-0.29,4,2,0,25056,18965897,30.6,-0.8092467491394192,-0.804,-0.25,0.06,2,2,0,25056,18965897,31.9,-0.8192467491394191,-0.813,0.11,-0.18,13,2,0,25056,18965897,31.3,-0.010246749139419122,-0.001,-0.1,-0.57,14,2,0,25056,18965897,31.9,-0.006246749139419121,0.001,-0.16,-0.26,5,2,0,24894,18965896,29.9,-0.0022467491394191205,0.004,-0.09,-0.17,0,2,0,24894,18965896,29.9,-0.8302467491394191,-0.823,-0.06,-0.14,12,2,0,24894,18965896,30.6,-0.00824674913941912,-0.001,-0.22,-0.16,13,2,0,24894,18965896,29.9,-0.8142467491394192,-0.805,-0.15,-0.18,14,2,0,24894,18965896,30.6
957,18941375233814,18941384650478,sine_0.7hz,13.6400788739993,19.487498,0.07887370156822726,9.416664,1.5016920006019063,2.585959002317395,0.17404556274414062,25057,24895,-0.0059474562381107154,0.004,0.0,-0.17,10,2,0,25057,18965917,30.6,-0.0069474562381107155,0.0,-0.05,-0.03,9,2,0,25057,18965917,30.6,-0.8109474562381107,-0.805,-0.1,-0.14,7,2,0,25057,18965917,31.9,-0.8209474562381107,-0.815,-0.2,-0.06,3,2,0,25057,18965917,31.3,-0.011947456238110716,-0.005,0.02,-0.08,4,2,0,25057,18965917,31.9,-0.007947456238110715,-0.001,-0.07,-0.11,11,2,0,24895,18965917,29.9,-0.003947456238110715,0.002,-0.09,-0.14,6,2,0,24895,18965917,29.9,-0.8319474562381106,-0.826,0.11,-0.04,3,2,0,24895,18965917,30.6,-0.009947456238110716,-0.003,0.05,-0.23,4,2,0,24895,18965917,29.9,-0.8159474562381108,-0.808,-0.15,0.07,5,2,0,24895,18965917,30.6
958,18941395230837,18941404811859,sine_0.7hz,13.660076759999356,20.161381,0.07675970118725672,9.581022,1.5845749985601287,2.6917229988612235,0.17452239990234375,25058,24896,-0.007601827748797831,0.001,-0.16,-0.11,0,2,0,25058,18965937,30.6,-0.008601827748797832,-0.001,-0.12,-0.29,14,2,0,25058,18965937,30.6,-0.8126018277487979,-0.806,0.01,-0.18,12,2,0,25058,18965937,31.9,-0.8226018277487978,-0.816,-0.07,-0.09,8,2,0,25058,18965937,31.3,-0.013601827748797831,-0.006,0.06,-0.21,9,2,0,25058,18965937,31.9,-0.009601827748797831,-0.003,-0.05,0.06,0,2,0,24896,18965936,29.9,-0.005601827748797831,0.002,-0.04,-0.26,10,2,0,24896,18965936,29.9,-0.8336018277487978,-0.827,-0.08,-0.08,7,2,0,24896,18965936,30.6,-0.011601827748797831,-0.005,-0.18,0.0,8,2,0,24896,18965936,29.9,-0.8176018277487979,-0.81,-0.02,-0.05,9,2,0,24896,18965936,30.6
959,18941415234036,18941424300670,sine_0.7hz,13.680078774999856,19.488811,0.07877470125094987,9.066634,1.5176599990809336,2.5651590003690217,0.2186298370361328,25059,24897,-0.009197750923010593,-0.002,-0.2,-0.15,5,2,0,25059,18965957,30.6,-0.010197750923010594,-0.002,0.0,-0.23,4,2,0,25059,18965957,30.6,-0.8141977509230106,-0.808,-0.13,-0.07,2,2,0,25059,18965957,31.9,-0.8241977509230105,-0.817,-0.21,-0.15,13,2,0,25059,18965957,31.3,-0.015197750923010593,-0.007,0.05,-0.13,14,2,0,25059,18965957,31.9,-0.011197750923010593,-0.004,-0.07,-0.34,5,2,0,24897,18965956,29.9,-0.007197750923010593,0.0,-0.11,-0.4,15,2,0,24897,18965956,29.9,-0.8351977509230105,-0.828,-0.24,-0.12,12,2,0,24897,18965956,30.6,-0.013197750923010593,-0.007,0.13,0.02,13,2,0,24897,18965956,29.9,-0.8191977509230106,-0.812,-0.18,-0.21,14,2,0,24897,18965956,30.6
960,18941435233714,18941445022585,sine_0.7hz,13.700077077999595,20.721915,0.07707770055276342,9.788871,2.250777997687692,3.3416369988117367,0.1785755157470703,25060,24898,-0.010722259940956802,-0.004,-0.07,-0.1,10,2,0,25060,18965977,30.6,-0.0117222599409568,-0.004,-0.21,-0.18,9,2,0,25060,18965977,30.6,-0.8157222599409568,-0.809,-0.17,-0.19,7,2,0,25060,18965977,31.9,-0.8257222599409567,-0.82,-0.08,-0.24,3,2,0,25060,18965977,30.6,-0.016722259940956802,-0.009,-0.22,-0.14,4,2,0,25060,18965977,31.9,-0.012722259940956802,-0.004,-0.05,-0.18,10,2,0,24898,18965976,29.9,-0.008722259940956802,-0.001,-0.01,-0.23,5,2,0,24898,18965976,29.9,-0.8367222599409567,-0.831,-0.02,-0.23,2,2,0,24898,18965976,30.6,-0.014722259940956802,-0.009,-0.16,0.14,3,2,0,24898,18965976,29.9,-0.8207222599409568,-0.813,-0.04,-0.27,4,2,0,24898,18965976,30.6
961,18941455233233,18941465071226,sine_0.7hz,13.720078132999333,20.048641,0.07813269985490479,9.837993,1.908588001242606,2.994936003233306,0.17523765563964844,25061,24899,-0.012164062282315716,-0.005,-0.16,-0.12,15,2,0,25061,18965997,30.6,-0.013164062282315717,-0.006,-0.04,0.04,14,2,0,25061,18965997,30.6,-0.8171640622823158,-0.81,-0.11,0.05,12,2,0,25061,18965997,31.9,-0.8271640622823156,-0.821,-0.07,-0.19,8,2,0,25061,18965997,31.3,-0.018164062282315714,-0.012,-0.11,-0.08,9,2,0,25061,18965997,31.9,-0.014164062282315716,-0.006,-0.09,-0.38,1,2,0,24899,18965997,29.9,-0.010164062282315716,-0.002,-0.09,-0.46,11,2,0,24899,18965997,29.9,-0.8381640622823157,-0.832,-0.04,-0.15,8,2,0,24899,18965997,30.6,-0.016164062282315716,-0.009,0.03,-0.03,9,2,0,24899,18965997,29.9,-0.8221640622823158,-0.814,0.01,-0.25,10,2,0,24899,18965997,30.6
962,18941475235504,18941484639240,sine_0.7hz,13.740078931998141,19.568014,0.07893169822636992,9.403736,1.497018998634303,2.5892240009852685,0.17309188842773438,25062,24900,-0.013511776065108288,-0.008,-0.18,-0.18,6,2,0,25062,18966018,30.6,-0.014511776065108287,-0.009,-0.09,-0.2,5,2,0,25062,18966018,30.6,-0.8185117760651084,-0.813,-0.13,-0.08,3,2,0,25062,18966018,31.9,-0.8285117760651083,-0.822,-0.12,-0.38,14,2,0,25062,18966018,31.3,-0.01951177606510829,-0.014,-0.07,-0.17,15,2,0,25062,18966018,31.9,-0.015511776065108288,-0.007,-0.17,-0.48,6,2,0,24900,18966017,29.9,-0.011511776065108288,-0.004,-0.04,-0.35,0,2,0,24900,18966017,29.9,-0.8395117760651083,-0.833,-0.12,-0.34,13,2,0,24900,18966017,30.6,-0.017511776065108287,-0.01,0.04,-0.37,14,2,0,24900,18966017,29.9,-0.8235117760651084,-0.815,-0.02,-0.26,15,2,0,24900,18966017,30.6
963,18941495230735,18941504704233,sine_0.7hz,13.760075121997943,20.064993,0.07512169759138487,9.473498,1.5610540031048004,2.6519450002524536,0.1742839813232422,25063,24901,-0.014754724192533753,-0.01,-0.19,0.07,10,2,0,25063,18966037,30.6,-0.015754724192533754,-0.009,0.01,-0.35,9,2,0,25063,18966037,30.6,-0.8197547241925338,-0.813,-0.05,-0.09,7,2,0,25063,18966037,31.9,-0.8297547241925337,-0.823,-0.08,-0.19,3,2,0,25063,18966037,31.3,-0.020754724192533755,-0.016,-0.18,-0.1,4,2,0,25063,18966037,31.9,-0.01675472419253375,-0.008,-0.16,-0.07,10,2,0,24901,18966036,29.9,-0.012754724192533753,-0.006,-0.07,-0.37,4,2,0,24901,18966036,29.9,-0.8407547241925337,-0.833,-0.22,-0.29,2,2,0,24901,18966036,30.6,-0.018754724192533753,-0.012,-0.13,-0.07,3,2,0,24901,18966036,29.9,-0.8247547241925338,-0.818,-0.1,-0.1,4,2,0,24901,18966036,30.6
964,18941515233294,18941524260054,sine_0.7hz,13.780076048999035,19.555821,0.07604869824717753,9.02676,1.5147809972404502,2.557669999077916,0.21648406982421875,25064,24902,-0.015883873906865277,-0.012,-0.04,-0.07,0,2,0,25064,18966057,30.6,-0.016883873906865278,-0.01,-0.02,-0.19,14,2,0,25064,18966057,30.6,-0.8208838739068653,-0.814,-0.1,-0.36,12,2,0,25064,18966057,31.9,-0.8308838739068652,-0.824,-0.24,-0.01,8,2,0,25064,18966057,31.3,-0.021883873906865275,-0.016,-0.03,-0.12,9,2,0,25064,18966057,31.9,-0.01788387390686528,-0.01,-0.13,-0.28,15,2,0,24902,18966056,29.9,-0.013883873906865277,-0.007,-0.15,-0.04,9,2,0,24902,18966056,29.9,-0.8418838739068653,-0.834,-0.07,-0.31,7,2,0,24902,18966056,30.6,-0.019883873906865277,-0.014,-0.31,0.08,8,2,0,24902,18966056,29.9,-0.8258838739068654,-0.82,0.0,-0.19,9,2,0,24902,18966056,30.6
965,18941535230636,18941545734928,sine_0.7hz,13.800076976000128,21.474874,0.07697569890297018,10.504292,3.032248998351861,4.074947002663976,0.17380714416503906,25065,24903,-0.016890185712554788,-0.013,-0.02,-0.15,5,2,0,25065,18966077,30.6,-0.01789018571255479,-0.011,0.01,-0.34,4,2,0,25065,18966077,30.6,-0.8218901857125548,-0.817,-0.13,-0.23,2,2,0,25065,18966077,31.9,-0.8318901857125547,-0.825,-0.08,-0.2,13,2,0,25065,18966077,30.6,-0.022890185712554786,-0.017,-0.08,-0.04,14,2,0,25065,18966077,31.9,-0.01889018571255479,-0.011,-0.13,-0.42,5,2,0,24903,18966076,29.9,-0.014890185712554788,-0.008,-0.03,-0.3,14,2,0,24903,18966076,29.9,-0.8428901857125547,-0.835,-0.04,-0.46,12,2,0,24903,18966076,30.6,-0.020890185712554788,-0.015,-0.21,-0.06,13,2,0,24903,18966076,29.9,-0.8268901857125548,-0.822,-0.04,-0.13,14,2,0,24903,18966076,30.6
966,18941555232843,18941565078901,sine_0.7hz,13.820078830998682,19.343973,0.07883069702074863,9.846058,1.9366209999134298,3.022712997335475,0.1709461212158203,25066,24904,-0.017765914790103404,-0.014,0.0,-0.07,10,2,0,25066,18966097,30.6,-0.018765914790103404,-0.012,0.0,-0.29,9,2,0,25066,18966097,30.6,-0.8227659147901034,-0.817,-0.14,-0.04,7,2,0,25066,18966097,31.9,-0.8327659147901033,-0.826,-0.08,-0.18,3,2,0,25066,18966097,30.6,-0.023765914790103405,-0.02,-0.11,-0.18,4,2,0,25066,18966097,31.9,-0.019765914790103402,-0.011,-0.09,-0.23,11,2,0,24904,18966097,29.9,-0.015765914790103405,-0.01,0.05,-0.3,5,2,0,24904,18966097,29.9,-0.8437659147901033,-0.837,-0.07,-0.13,3,2,0,24904,18966097,30.6,-0.021765914790103404,-0.017,0.06,-0.16,4,2,0,24904,18966097,29.9,-0.8277659147901034,-0.823,-0.12,-0.09,5,2,0,24904,18966097,30.6
967,18941575233994,18941584675395,sine_0.7hz,13.840076493997913,19.596494,0.07649369581486098,9.441401,1.4850189982098527,2.575143000285607,0.1742839813232422,25067,24905,-0.018504098533253386,-0.014,-0.07,-0.43,15,2,0,25067,18966117,30.6,-0.019504098533253387,-0.012,0.02,-0.44,14,2,0,25067,18966117,30.6,-0.8235040985332535,-0.819,-0.14,-0.08,12,2,0,25067,18966117,31.9,-0.8335040985332534,-0.828,0.01,-0.44,8,2,0,25067,18966117,31.3,-0.024504098533253388,-0.021,0.07,-0.02,9,2,0,25067,18966117,31.9,-0.020504098533253384,-0.013,-0.1,-0.42,1,2,0,24905,18966117,29.9,-0.016504098533253388,-0.01,-0.13,-0.28,10,2,0,24905,18966117,29.9,-0.8445040985332534,-0.838,0.07,-0.36,8,2,0,24905,18966117,30.6,-0.022504098533253386,-0.018,-0.07,-0.16,9,2,0,24905,18966117,29.9,-0.8285040985332535,-0.824,-0.11,-0.2,9,2,0,24905,18966117,30.6
968,18941595232169,18941604692131,sine_0.7hz,13.860077388999343,20.016736,0.07738869680906646,9.459962,1.5522540015808772,2.6398179979878478,0.1735687255859375,25068,24906,-0.0190993118968064,-0.017,-0.17,-0.17,5,2,0,25068,18966137,30.6,-0.0200993118968064,-0.014,0.0,-0.11,4,2,0,25068,18966137,30.6,-0.8240993118968064,-0.821,0.04,-0.16,2,2,0,25068,18966137,31.9,-0.8340993118968063,-0.829,-0.21,-0.24,13,2,0,25068,18966137,31.3,-0.0250993118968064,-0.022,-0.09,-0.15,14,2,0,25068,18966137,31.9,-0.021099311896806403,-0.014,-0.05,-0.21,5,2,0,24906,18966136,29.9,-0.0170993118968064,-0.011,-0.04,-0.2,14,2,0,24906,18966136,29.9,-0.8450993118968063,-0.838,-0.04,-0.36,12,2,0,24906,18966136,30.6,-0.0230993118968064,-0.018,0.01,-0.23,13,2,0,24906,18966136,29.9,-0.8290993118968064,-0.825,-0.12,-0.29,13,2,0,24906,18966136,30.6
969,18941615232584,18941624279505,sine_0.7hz,13.880075434997707,19.587374,0.07543469473603182,9.046921,1.5362209996965248,2.5754950002010446,0.2143383026123047,25069,24907,-0.019546768191858417,-0.018,-0.18,0.01,10,2,0,25069,18966157,30.6,-0.020546768191858418,-0.015,-0.02,-0.19,9,2,0,25069,18966157,30.6,-0.8245467681918585,-0.822,-0.02,-0.07,7,2,0,25069,18966157,31.9,-0.8345467681918584,-0.83,-0.06,-0.21,3,2,0,25069,18966157,31.3,-0.025546768191858416,-0.024,-0.1,-0.14,4,2,0,25069,18966157,31.9,-0.02154676819185842,-0.015,0.05,-0.11,10,2,0,24907,18966156,29.9,-0.017546768191858415,-0.013,-0.09,-0.02,4,2,0,24907,18966156,29.9,-0.8455467681918584,-0.84,0.09,-0.29,2,2,0,24907,18966156,30.6,-0.023546768191858417,-0.019,0.1,0.0,3,2,0,24907,18966156,29.9,-0.8295467681918585,-0.826,-0.01,-0.07,3,2,0,24907,18966156,30.6
970,18941635231271,18941644588700,sine_0.7hz,13.900075721998292,20.309195,0.07572169488412328,9.357429,1.884874996903818,2.969750999909593,0.17309188842773438,25070,24908,-0.019843127752323435,-0.019,-0.08,-0.11,15,2,0,25070,18966177,30.6,-0.020843127752323436,-0.016,-0.17,0.03,14,2,0,25070,18966177,30.6,-0.8248431277523235,-0.822,-0.07,-0.08,12,2,0,25070,18966177,31.9,-0.8348431277523234,-0.831,-0.13,-0.17,8,2,0,25070,18966177,31.3,-0.025843127752323433,-0.024,-0.05,-0.16,9,2,0,25070,18966177,31.9,-0.021843127752323437,-0.016,-0.11,-0.28,15,2,0,24908,18966176,29.9,-0.017843127752323433,-0.013,0.1,-0.21,9,2,0,24908,18966176,29.9,-0.8458431277523234,-0.84,-0.08,-0.01,7,2,0,24908,18966176,30.6,-0.023843127752323435,-0.021,0.05,-0.13,8,2,0,24908,18966176,29.9,-0.8298431277523235,-0.827,0.03,-0.03,8,2,0,24908,18966176,30.6
971,18941655231494,18941664769891,sine_0.7hz,13.920077192997269,20.181191,0.07719269342487678,9.538397,2.1028039991506375,3.217279998352751,0.171661376953125,25071,24909,-0.019986044226727076,-0.02,-0.09,0.35,5,2,0,25071,18966197,30.6,-0.020986044226727077,-0.017,-0.01,-0.19,4,2,0,25071,18966197,30.6,-0.8249860442267272,-0.823,0.05,-0.04,2,2,0,25071,18966197,31.9,-0.8349860442267271,-0.831,-0.15,-0.29,12,2,0,25071,18966197,31.3,-0.025986044226727074,-0.024,-0.07,-0.13,14,2,0,25071,18966197,31.9,-0.021986044226727078,-0.018,0.0,-0.19,5,2,0,24909,18966196,29.9,-0.017986044226727074,-0.014,-0.15,-0.14,14,2,0,24909,18966196,29.9,-0.8459860442267271,-0.841,0.02,-0.45,12,2,0,24909,18966196,30.6,-0.023986044226727076,-0.021,-0.06,0.13,13,2,0,24909,18966196,29.9,-0.8299860442267272,-0.829,-0.2,0.05,13,2,0,24909,18966196,30.6
972,18941675232388,18941685285302,sine_0.7hz,13.940077799998107,20.515411,0.07779969382681884,10.052914,2.0824829989578575,3.2005120010580868,0.17404556274414062,25072,24910,-0.01997439410842848,-0.021,-0.17,-0.07,10,2,0,25072,18966217,30.6,-0.020974394108428482,-0.018,0.13,-0.3,9,2,0,25072,18966217,30.6,-0.8249743941084285,-0.823,-0.07,-0.03,7,2,0,25072,18966217,31.9,-0.8349743941084284,-0.833,0.04,-0.2,2,2,0,25072,18966217,31.3,-0.02597439410842848,-0.025,-0.14,-0.15,3,2,0,25072,18966217,31.9,-0.021974394108428483,-0.019,-0.06,-0.14,10,2,0,24910,18966216,29.9,-0.01797439410842848,-0.017,-0.18,-0.15,4,2,0,24910,18966216,29.9,-0.8459743941084285,-0.84,-0.02,-0.38,2,2,0,24910,18966216,30.6,-0.02397439410842848,-0.022,-0.06,-0.11,3,2,0,24910,18966216,29.9,-0.8299743941084285,-0.83,0.02,-0.16,3,2,0,24910,18966216,30.6
973,18941695239748,18941705383673,sine_0.7hz,13.960079271000723,20.098371,0.07927069600555114,10.143925,2.236088999779895,3.281602999777533,0.1723766326904297,25073,24911,-0.019808266492560785,-0.021,-0.09,-0.05,15,2,0,25073,18966237,30.6,-0.020808266492560786,-0.018,0.14,-0.08,14,2,0,25073,18966237,30.6,-0.8248082664925608,-0.823,-0.05,-0.07,12,2,0,25073,18966237,31.9,-0.8348082664925607,-0.833,0.05,-0.08,7,2,0,25073,18966237,31.3,-0.025808266492560787,-0.025,-0.13,-0.03,8,2,0,25073,18966237,31.9,-0.021808266492560784,-0.02,0.03,-0.26,1,2,0,24911,18966237,29.9,-0.017808266492560787,-0.017,0.02,0.02,10,2,0,24911,18966237,29.9,-0.8458082664925607,-0.841,-0.06,-0.27,8,2,0,24911,18966237,30.6,-0.023808266492560785,-0.022,0.03,-0.04,9,2,0,24911,18966237,29.9,-0.8298082664925608,-0.83,-0.07,0.12,9,2,0,24911,18966237,30.6
974,18941715232642,18941724225225,sine_0.7hz,13.980078598000546,18.841552,0.07859769539209083,8.992583,1.5238050000334624,2.568582000094466,0.20956993103027344,25074,24912,-0.019488985718739662,-0.021,0.03,-0.09,4,2,0,25074,18966257,30.6,-0.020488985718739663,-0.019,0.08,-0.21,4,2,0,25074,18966257,30.6,-0.8244889857187397,-0.824,0.04,-0.1,2,2,0,25074,18966257,31.9,-0.8344889857187396,-0.833,-0.02,-0.21,12,2,0,25074,18966257,31.3,-0.025488985718739664,-0.025,-0.02,0.12,13,2,0,25074,18966257,31.9,-0.02148898571873966,-0.02,0.15,-0.1,6,2,0,24912,18966257,29.9,-0.017488985718739664,-0.018,-0.17,0.05,15,2,0,24912,18966257,29.9,-0.8454889857187396,-0.841,0.02,-0.43,13,2,0,24912,18966257,30.6,-0.023488985718739662,-0.023,0.1,0.13,14,2,0,24912,18966257,29.9,-0.8294889857187397,-0.83,0.04,0.01,14,2,0,24912,18966257,30.6
975,18941735231361,18941744692027,sine_0.7hz,14.000076197000453,20.466802,0.07619669486302882,9.460666,1.8664420022105332,2.9563740026787855,0.1742839813232422,25075,24913,-0.019019058028657197,-0.021,0.19,0.0,9,2,0,25075,18966277,30.6,-0.020019058028657197,-0.019,0.19,0.0,8,2,0,25075,18966277,30.6,-0.8240190580286573,-0.824,-0.07,0.09,7,2,0,25075,18966277,31.9,-0.8340190580286572,-0.833,-0.1,-0.23,2,2,0,25075,18966277,31.3,-0.0250190580286572,-0.025,-0.11,0.04,3,2,0,25075,18966277,31.9,-0.021019058028657195,-0.021,-0.02,-0.03,10,2,0,24913,18966276,29.9,-0.017019058028657198,-0.018,-0.04,-0.13,4,2,0,24913,18966276,29.9,-0.8450190580286572,-0.841,0.0,-0.09,2,2,0,24913,18966276,30.6,-0.023019058028657197,-0.023,-0.06,-0.25,3,2,0,24913,18966276,29.9,-0.8290190580286573,-0.83,-0.04,0.12,3,2,0,24913,18966276,30.6
976,18941755233280,18941765233071,sine_0.7hz,14.020076962999156,20.541044,0.07696269312873483,9.999791,2.096724001603434,3.1914879982650746,0.1742839813232422,25076,24914,-0.018401986285780377,-0.021,-0.21,0.27,14,2,0,25076,18966297,30.6,-0.019401986285780378,-0.019,0.12,-0.17,13,2,0,25076,18966297,30.6,-0.8234019862857804,-0.824,-0.13,0.1,12,2,0,25076,18966297,31.9,-0.8334019862857803,-0.833,0.12,-0.26,7,2,0,25076,18966297,31.3,-0.02440198628578038,-0.025,0.08,0.03,8,2,0,25076,18966297,31.9,-0.020401986285780375,-0.021,-0.03,-0.04,15,2,0,24914,18966296,29.9,-0.01640198628578038,-0.018,-0.12,0.05,9,2,0,24914,18966296,29.9,-0.8444019862857803,-0.841,-0.04,-0.12,7,2,0,24914,18966296,30.6,-0.022401986285780377,-0.024,-0.05,-0.02,8,2,0,24914,18966296,29.9,-0.8284019862857804,-0.83,0.12,-0.05,8,2,0,24914,18966296,30.6
977,18941775233375,18941785241806,sine_0.7hz,14.04007750600067,20.008735,0.07750569420750253,10.008431,2.069490001304075,3.1598069981555454,0.1728534698486328,25077,24915,-0.017642614345798117,-0.02,0.06,-0.01,4,2,0,25077,18966317,30.6,-0.018642614345798118,-0.019,-0.03,-0.12,3,2,0,25077,18966317,30.6,-0.8226426143457982,-0.824,0.11,-0.12,2,2,0,25077,18966317,31.9,-0.8326426143457981,-0.833,0.05,0.0,12,2,0,25077,18966317,31.3,-0.02364261434579812,-0.025,0.02,-0.03,13,2,0,25077,18966317,31.9,-0.019642614345798115,-0.021,-0.1,-0.17,5,2,0,24915,18966317,29.9,-0.01564261434579812,-0.017,0.01,-0.06,15,2,0,24915,18966317,29.9,-0.8436426143457981,-0.841,0.04,-0.13,13,2,0,24915,18966317,30.6,-0.021642614345798117,-0.023,-0.1,0.02,14,2,0,24915,18966317,29.9,-0.8276426143457982,-0.83,0.02,-0.08,14,2,0,24915,18966317,30.6
978,18941795239294,18941804995940,sine_0.7hz,14.060078209000494,19.754134,0.07820869359420612,9.756646,2.179574999900069,3.276194998761639,0.1747608184814453,25078,24916,-0.016746800822814028,-0.02,-0.15,0.25,9,2,0,25078,18966337,30.6,-0.01774680082281403,-0.018,0.01,-0.09,8,2,0,25078,18966337,30.6,-0.821746800822814,-0.823,-0.01,0.01,7,2,0,25078,18966337,31.9,-0.8317468008228139,-0.833,-0.2,0.08,2,2,0,25078,18966337,31.3,-0.02274680082281403,-0.025,0.14,-0.01,3,2,0,25078,18966337,31.9,-0.018746800822814026,-0.02,0.01,-0.19,10,2,0,24916,18966337,29.9,-0.014746800822814028,-0.017,0.04,0.12,5,2,0,24916,18966337,29.9,-0.842746800822814,-0.841,0.03,-0.17,3,2,0,24916,18966337,30.6,-0.020746800822814028,-0.023,-0.04,0.02,4,2,0,24916,18966337,29.9,-0.826746800822814,-0.83,0.15,0.09,4,2,0,24916,18966337,30.6
979,18941815233308,18941824334216,sine_0.7hz,14.080076959999133,19.338276,0.07695969179621898,9.100908,1.6111999975692015,2.6907309984380845,0.20742416381835938,25079,24917,-0.01572158498366306,-0.02,0.02,0.2,14,2,0,25079,18966357,30.6,-0.016721584983663062,-0.019,-0.04,0.0,13,2,0,25079,18966357,30.6,-0.8207215849836631,-0.823,-0.09,0.1,12,2,0,25079,18966357,31.9,-0.830721584983663,-0.832,0.08,-0.03,7,2,0,25079,18966357,31.3,-0.021721584983663063,-0.024,-0.1,0.04,8,2,0,25079,18966357,31.9,-0.01772158498366306,-0.02,0.07,0.07,14,2,0,24917,18966356,29.9,-0.013721584983663061,-0.017,-0.01,0.11,9,2,0,24917,18966356,29.9,-0.841721584983663,-0.84,-0.04,-0.07,7,2,0,24917,18966356,30.6,-0.01972158498366306,-0.023,0.02,0.0,8,2,0,24917,18966356,29.9,-0.8257215849836631,-0.83,-0.03,-0.04,8,2,0,24917,18966356,30.6
980,18941835234651,18941844418378,sine_0.7hz,14.10007913499794,20.084162,0.07913469016784802,9.183727,1.589216000866145,2.6824109991139267,0.17333030700683594,25080,24918,-0.014574606479649387,-0.02,0.19,0.16,4,2,0,25080,18966377,30.6,-0.015574606479649387,-0.018,0.06,0.02,3,2,0,25080,18966377,30.6,-0.8195746064796494,-0.823,0.01,0.02,2,2,0,25080,18966377,31.9,-0.8295746064796493,-0.832,0.04,0.03,12,2,0,25080,18966377,31.3,-0.020574606479649385,-0.024,-0.02,0.07,13,2,0,25080,18966377,31.9,-0.01657460647964939,-0.02,0.05,0.08,4,2,0,24918,18966376,29.9,-0.012574606479649387,-0.017,0.05,0.0,14,2,0,24918,18966376,29.9,-0.8405746064796493,-0.84,-0.05,-0.21,12,2,0,24918,18966376,30.6,-0.018574606479649387,-0.023,-0.11,0.09,13,2,0,24918,18966376,29.9,-0.8245746064796494,-0.83,0.08,0.08,13,2,0,24918,18966376,30.6
981,18941855229850,18941864208929,sine_0.7hz,14.120074462000048,19.790551,0.07446169183822349,8.979079,1.5259170031640679,2.5800080002227332,0.21505355834960938,25081,24919,-0.013315350705287122,-0.019,0.01,0.02,9,2,0,25081,18966397,30.6,-0.014315350705287121,-0.017,0.06,-0.04,8,2,0,25081,18966397,30.6,-0.8183153507052872,-0.823,-0.1,0.12,7,2,0,25081,18966397,31.9,-0.8283153507052871,-0.831,0.09,0.14,2,2,0,25081,18966397,31.3,-0.019315350705287122,-0.024,-0.03,0.2,3,2,0,25081,18966397,31.9,-0.015315350705287122,-0.019,0.08,0.02,9,2,0,24919,18966396,29.9,-0.011315350705287122,-0.017,-0.14,0.13,4,2,0,24919,18966396,29.9,-0.8393153507052871,-0.84,0.09,-0.03,2,2,0,24919,18966396,30.6,-0.01731535070528712,-0.022,0.16,0.13,3,2,0,24919,18966396,29.9,-0.8233153507052872,-0.829,0.09,0.16,3,2,0,24919,18966396,30.6
982,18941875232153,18941884602863,sine_0.7hz,14.14007670099818,20.393934,0.07670068953302689,9.37071,1.461785999708809,2.543493999837665,0.17070770263671875,25082,24920,-0.011952690830659597,-0.019,-0.01,0.2,14,2,0,25082,18966417,30.6,-0.012952690830659596,-0.017,-0.04,0.03,13,2,0,25082,18966417,30.6,-0.8169526908306597,-0.822,0.02,0.06,12,2,0,25082,18966417,31.9,-0.8269526908306596,-0.831,0.19,-0.04,7,2,0,25082,18966417,31.3,-0.017952690830659597,-0.024,0.04,0.02,8,2,0,25082,18966417,31.9,-0.013952690830659597,-0.019,0.15,0.04,14,2,0,24920,18966416,29.9,-0.009952690830659597,-0.016,0.09,0.19,9,2,0,24920,18966416,29.9,-0.8379526908306596,-0.84,-0.12,-0.16,7,2,0,24920,18966416,30.6,-0.015952690830659595,-0.022,0.1,0.12,8,2,0,24920,18966416,29.9,-0.8219526908306597,-0.828,0.11,0.29,8,2,0,24920,18966416,30.6
983,18941895233560,18941904964733,sine_0.7hz,14.16007746700052,20.36187,0.0774666914367117,9.731173,2.228952998848399,3.316963997349376,0.1723766326904297,25083,24921,-0.010497693012638901,-0.018,0.12,0.2,4,2,0,25083,18966437,30.6,-0.0114976930126389,-0.016,0.12,0.03,3,2,0,25083,18966437,30.6,-0.815497693012639,-0.821,0.16,0.2,2,2,0,25083,18966437,31.9,-0.8254976930126389,-0.831,0.04,0.15,12,2,0,25083,18966437,30.6,-0.0164976930126389,-0.023,0.04,0.26,13,2,0,25083,18966437,31.9,-0.012497693012638901,-0.019,0.13,0.13,4,2,0,24921,18966436,29.9,-0.008497693012638901,-0.016,-0.03,0.2,14,2,0,24921,18966436,29.9,-0.8364976930126389,-0.839,0.03,0.01,12,2,0,24921,18966436,30.6,-0.014497693012638901,-0.021,-0.01,0.11,13,2,0,24921,18966436,29.9,-0.820497693012639,-0.828,0.06,0.15,13,2,0,24921,18966436,30.6
984,18941915232215,18941924228734,sine_0.7hz,14.180077369997889,19.264001,0.0773696883697994,8.996519,1.49903599958634,2.541541001846781,0.2200603485107422,25084,24922,-0.008961580478433163,-0.017,0.01,0.25,9,2,0,25084,18966457,30.6,-0.009961580478433162,-0.014,0.08,-0.17,8,2,0,25084,18966457,30.6,-0.8139615804784333,-0.82,0.11,0.17,7,2,0,25084,18966457,31.9,-0.8239615804784332,-0.829,-0.05,0.01,2,2,0,25084,18966457,31.3,-0.014961580478433163,-0.022,0.09,0.07,3,2,0,25084,18966457,31.9,-0.010961580478433163,-0.018,0.11,0.19,10,2,0,24922,18966457,29.9,-0.006961580478433163,-0.014,0.16,0.04,5,2,0,24922,18966457,29.9,-0.8349615804784332,-0.838,-0.08,-0.01,3,2,0,24922,18966457,30.6,-0.012961580478433163,-0.019,-0.01,0.19,4,2,0,24922,18966457,29.9,-0.8189615804784333,-0.827,0.0,0.43,4,2,0,24922,18966457,30.6
985,18941935233174,18941944290943,sine_0.7hz,14.200076793000335,20.062209,0.07679269037907943,9.057769,1.5611189992341679,2.604199999041157,0.20837783813476562,25085,24923,-0.007356209933157786,-0.017,0.08,0.1,14,2,0,25085,18966477,30.6,-0.008356209933157787,-0.014,0.16,0.0,13,2,0,25085,18966477,30.6,-0.8123562099331578,-0.82,0.04,0.25,12,2,0,25085,18966477,31.9,-0.8223562099331577,-0.829,-0.08,0.01,7,2,0,25085,18966477,31.3,-0.013356209933157786,-0.021,0.07,0.11,8,2,0,25085,18966477,31.9,-0.009356209933157786,-0.017,0.25,0.28,14,2,0,24923,18966476,29.9,-0.005356209933157786,-0.012,0.04,0.26,9,2,0,24923,18966476,29.9,-0.8333562099331577,-0.836,0.06,-0.02,7,2,0,24923,18966476,30.6,-0.011356209933157786,-0.018,0.0,0.06,8,2,0,24923,18966476,29.9,-0.8173562099331578,-0.825,0.15,0.32,8,2,0,24923,18966476,30.6
986,18941955231892,18941964743440,sine_0.7hz,14.220076279998466,20.452497,0.07627968807355501,9.511548,1.5207969991024584,2.663402003236115,0.17762184143066406,25086,24924,-0.005693953305859758,-0.014,0.03,0.11,4,2,0,25086,18966497,30.6,-0.006693953305859758,-0.011,0.17,0.09,3,2,0,25086,18966497,30.6,-0.8106939533058598,-0.818,0.09,0.07,2,2,0,25086,18966497,31.9,-0.8206939533058597,-0.828,0.16,0.09,12,2,0,25086,18966497,31.3,-0.011693953305859758,-0.02,0.16,0.15,13,2,0,25086,18966497,31.9,-0.007693953305859758,-0.014,0.12,0.02,4,2,0,24924,18966496,29.9,-0.0036939533058597583,-0.011,0.08,-0.04,14,2,0,24924,18966496,29.9,-0.8316939533058597,-0.836,0.07,-0.03,12,2,0,24924,18966496,30.6,-0.00969395330585976,-0.017,0.03,0.26,13,2,0,24924,18966496,29.9,-0.8156939533058598,-0.823,0.05,-0.11,13,2,0,24924,18966496,30.6
987,18941975233235,18941985317542,sine_0.7hz,14.240077750997443,20.574102,0.0777506866143085,10.084307,2.1412690002762247,3.218847999960417,0.1761913299560547,25087,24925,-0.003987497819973142,-0.012,-0.08,0.23,9,2,0,25087,18966517,30.6,-0.004987497819973142,-0.01,0.17,0.0,8,2,0,25087,18966517,30.6,-0.8089874978199731,-0.816,0.24,-0.02,7,2,0,25087,18966517,31.9,-0.818987497819973,-0.824,0.08,-0.05,2,2,0,25087,18966517,31.3,-0.009987497819973143,-0.017,0.21,-0.09,3,2,0,25087,18966517,31.9,-0.005987497819973142,-0.012,0.16,-0.14,9,2,0,24925,18966516,29.9,-0.001987497819973142,-0.007,-0.03,0.1,4,2,0,24925,18966516,29.9,-0.829987497819973,-0.833,0.07,-0.13,2,2,0,24925,18966516,30.6,-0.007987497819973141,-0.015,0.01,0.03,3,2,0,24925,18966516,29.9,-0.8139874978199731,-0.821,0.14,0.09,3,2,0,24925,18966516,30.6
988,18941995233234,18942005460395,sine_0.7hz,14.260076629998366,20.142853,0.07662968710064888,10.227161,2.266971001517959,3.318180999485776,0.17571449279785156,25088,24926,-0.0022504299070912797,-0.012,-0.03,0.16,14,2,0,25088,18966537,30.6,-0.0032504299070912797,-0.009,0.02,0.05,13,2,0,25088,18966537,30.6,-0.8072504299070913,-0.815,0.18,0.13,11,2,0,25088,18966537,31.9,-0.8172504299070912,-0.823,0.11,0.13,7,2,0,25088,18966537,31.3,-0.00825042990709128,-0.015,0.21,0.06,8,2,0,25088,18966537,31.9,-0.00425042990709128,-0.009,0.07,-0.23,0,2,0,24926,18966537,29.9,-0.0002504299070912796,-0.007,0.13,0.07,10,2,0,24926,18966537,29.9,-0.8282504299070912,-0.833,0.01,-0.1,8,2,0,24926,18966537,30.6,-0.00625042990709128,-0.014,0.04,0.37,9,2,0,24926,18966537,29.9,-0.8122504299070913,-0.82,0.16,0.02,9,2,0,24926,18966537,30.6
989,18942015232689,18942024225464,sine_0.7hz,14.280078452997259,18.765069,0.07845268555684015,8.992775,1.508605000708485,2.5637830003688578,0.21886825561523438,25089,24927,-0.0004957029724445218,-0.009,0.01,0.39,4,2,0,25089,18966557,30.6,-0.0014957029724445218,-0.008,-0.2,0.01,3,2,0,25089,18966557,30.6,-0.8054957029724445,-0.812,0.11,0.15,1,2,0,25089,18966557,31.9,-0.8154957029724444,-0.822,0.09,0.18,12,2,0,25089,18966557,31.3,-0.0064957029724445215,-0.014,0.19,0.25,13,2,0,25089,18966557,31.9,-0.002495702972444522,-0.008,0.2,0.01,5,2,0,24927,18966557,29.9,0.0015042970275554782,-0.006,-0.05,0.06,15,2,0,24927,18966557,29.9,-0.8264957029724445,-0.832,-0.04,0.1,13,2,0,24927,18966557,30.6,-0.0044957029724445215,-0.014,0.1,0.0,14,2,0,24927,18966557,29.9,-0.8104957029724446,-0.819,0.16,0.13,14,2,0,24927,18966557,30.6
990,18942035228112,18942044221879,center_after_0.7hz,2.0799998310394585e-06,19.996415,0.0020799998310394585,8.993767,1.563326997711556,2.620936997118406,0.21839141845703125,25090,24928,0.0,-0.008,0.06,0.1,9,2,0,25090,18966577,30.6,-0.001,-0.007,0.07,0.09,8,2,0,25090,18966577,30.6,-0.805,-0.81,0.21,-0.09,6,2,0,25090,18966577,31.9,-0.815,-0.82,-0.05,0.11,2,2,0,25090,18966577,31.3,-0.006,-0.013,-0.01,0.16,3,2,0,25090,18966577,31.9,-0.002,-0.006,-0.02,-0.1,9,2,0,24928,18966576,29.9,0.002,-0.003,0.16,0.06,4,2,0,24928,18966576,29.9,-0.826,-0.831,0.04,0.2,1,2,0,24928,18966576,30.6,-0.004,-0.011,0.07,0.14,3,2,0,24928,18966576,29.9,-0.81,-0.816,0.1,0.14,3,2,0,24928,18966576,30.6
991,18942055302097,18942065003285,center_after_0.7hz,0.02007641800082638,20.781406,0.07641800038982183,9.701188,1.7940240031748544,2.8924350008310284,0.17309188842773438,25091,24929,0.0,-0.006,0.14,0.14,14,2,0,25091,18966597,30.6,-0.001,-0.006,0.08,0.22,13,2,0,25091,18966597,30.6,-0.805,-0.809,0.0,0.09,11,2,0,25091,18966597,31.9,-0.815,-0.819,0.02,0.19,7,2,0,25091,18966597,31.3,-0.006,-0.012,0.11,0.31,8,2,0,25091,18966597,31.9,-0.002,-0.005,0.13,-0.01,14,2,0,24929,18966596,29.9,0.002,-0.002,0.06,0.19,9,2,0,24929,18966596,29.9,-0.826,-0.831,0.01,0.11,6,2,0,24929,18966596,30.6,-0.004,-0.009,0.16,-0.02,8,2,0,24929,18966596,29.9,-0.81,-0.814,0.28,0.12,8,2,0,24929,18966596,30.6
992,18942075301552,18942085173275,center_after_0.7hz,0.04007520099912654,20.16999,0.07520099825342186,9.871723,1.9711179993464611,3.0618509990745224,0.1728534698486328,25092,24930,0.0,-0.003,-0.06,0.16,4,2,0,25092,18966617,30.6,-0.001,-0.004,0.2,0.33,3,2,0,25092,18966617,30.6,-0.805,-0.808,-0.01,0.24,1,2,0,25092,18966617,31.9,-0.815,-0.818,0.17,0.26,12,2,0,25092,18966617,31.3,-0.006,-0.011,0.0,0.1,13,2,0,25092,18966617,31.9,-0.002,-0.003,0.09,-0.03,4,2,0,24930,18966616,29.9,0.002,0.0,-0.04,0.0,14,2,0,24930,18966616,29.9,-0.826,-0.83,0.04,0.05,11,2,0,24930,18966616,30.6,-0.004,-0.008,0.07,-0.06,13,2,0,24930,18966616,29.9,-0.81,-0.812,0.19,0.09,13,2,0,24930,18966616,30.6
993,18942095303407,18942105441220,center_after_0.7hz,0.06007775999751175,20.267945,0.07775999620207585,10.137813,2.2654980020888615,3.3076839972636662,0.1728534698486328,25093,24931,0.0,-0.002,0.02,0.13,9,2,0,25093,18966637,30.6,-0.001,-0.004,-0.02,0.33,8,2,0,25093,18966637,30.6,-0.805,-0.807,0.05,-0.03,6,2,0,25093,18966637,31.9,-0.815,-0.817,0.13,0.4,2,2,0,25093,18966637,31.3,-0.006,-0.009,0.03,0.14,3,2,0,25093,18966637,31.9,-0.002,-0.002,0.06,-0.03,10,2,0,24931,18966637,29.9,0.002,0.001,-0.09,0.12,5,2,0,24931,18966637,29.9,-0.826,-0.83,-0.02,0.22,2,2,0,24931,18966637,30.6,-0.004,-0.006,0.27,0.21,4,2,0,24931,18966637,29.9,-0.81,-0.812,0.12,0.21,4,2,0,24931,18966637,30.6
994,18942115301582,18942124280597,center_after_0.7hz,0.08007628699851921,18.839377,0.07628699677297845,8.979015,1.507164997747168,2.556069997808663,0.2219676971435547,25094,24932,0.0,-0.002,-0.04,0.11,14,2,0,25094,18966657,30.6,-0.001,-0.003,-0.13,-0.01,13,2,0,25094,18966657,30.6,-0.805,-0.807,-0.08,0.11,11,2,0,25094,18966657,31.9,-0.815,-0.817,0.11,0.13,7,2,0,25094,18966657,31.3,-0.006,-0.009,0.13,0.02,8,2,0,25094,18966657,31.9,-0.002,-0.002,0.12,0.03,0,2,0,24932,18966657,29.9,0.002,0.001,0.02,0.04,10,2,0,24932,18966657,29.9,-0.826,-0.829,0.01,0.22,7,2,0,24932,18966657,30.6,-0.004,-0.006,-0.1,0.17,9,2,0,24932,18966657,29.9,-0.81,-0.811,-0.04,-0.12,9,2,0,24932,18966657,30.6
995,18942135300077,18942144339926,center_after_0.7hz,0.10007286199834198,20.059329,0.07286199615919031,9.039849,1.5675829999963753,2.6149200020881835,0.21219253540039062,25095,24933,0.0,-0.002,0.07,-0.08,4,2,0,25095,18966677,30.6,-0.001,-0.002,0.04,-0.02,3,2,0,25095,18966677,30.6,-0.805,-0.806,0.01,0.03,1,2,0,25095,18966677,31.9,-0.815,-0.816,0.04,-0.26,12,2,0,25095,18966677,31.3,-0.006,-0.009,-0.11,0.18,13,2,0,25095,18966677,31.9,-0.002,-0.002,-0.08,-0.05,4,2,0,24933,18966676,29.9,0.002,0.001,-0.04,-0.06,14,2,0,24933,18966676,29.9,-0.826,-0.829,0.13,0.28,11,2,0,24933,18966676,30.6,-0.004,-0.006,0.01,0.11,13,2,0,24933,18966676,29.9,-0.81,-0.811,0.15,0.01,13,2,0,24933,18966676,30.6
996,18942155302476,18942164388055,center_after_0.7hz,0.12007682900002692,20.048129,0.0768289974075742,9.085579,1.6478420002385974,2.734860998316435,0.17571449279785156,25096,24934,0.0,-0.001,0.05,0.06,9,2,0,25096,18966697,30.6,-0.001,-0.002,0.09,0.05,8,2,0,25096,18966697,30.6,-0.805,-0.806,-0.04,0.0,6,2,0,25096,18966697,31.9,-0.815,-0.816,0.14,0.06,2,2,0,25096,18966697,31.3,-0.006,-0.008,-0.01,-0.01,3,2,0,25096,18966697,31.9,-0.002,-0.002,-0.09,0.01,9,2,0,24934,18966696,29.9,0.002,0.002,0.08,0.05,4,2,0,24934,18966696,29.9,-0.826,-0.829,0.04,0.17,1,2,0,24934,18966696,30.6,-0.004,-0.006,-0.04,0.21,3,2,0,24934,18966696,29.9,-0.81,-0.811,0.01,0.06,3,2,0,24934,18966696,30.6
997,18942175301834,18942184729987,center_after_0.7hz,0.1400764429999981,20.341932,0.07644299694220535,9.428153,1.9708299987541977,3.05541799752973,0.17213821411132812,25097,24935,0.0,-0.001,0.0,0.24,14,2,0,25097,18966717,30.6,-0.001,-0.002,-0.05,-0.04,13,2,0,25097,18966717,30.6,-0.805,-0.805,-0.03,-0.13,11,2,0,25097,18966717,31.9,-0.815,-0.816,-0.12,0.12,7,2,0,25097,18966717,31.3,-0.006,-0.008,0.09,0.07,8,2,0,25097,18966717,31.9,-0.002,-0.002,-0.1,0.14,14,2,0,24935,18966716,29.9,0.002,0.001,-0.05,0.08,9,2,0,24935,18966716,29.9,-0.826,-0.829,0.04,0.14,6,2,0,24935,18966716,30.6,-0.004,-0.006,0.0,0.11,8,2,0,24935,18966716,29.9,-0.81,-0.811,-0.06,0.13,8,2,0,24935,18966716,30.6
998,18942195304265,18942205447487,center_after_0.7hz,0.16007871399779106,20.7175,0.07871399429859594,10.143222,2.235257998108864,3.2764509996923152,0.17380714416503906,25098,24936,0.0,-0.001,-0.02,0.0,4,2,0,25098,18966737,30.6,-0.001,-0.001,0.26,-0.01,3,2,0,25098,18966737,30.6,-0.805,-0.805,-0.17,0.25,1,2,0,25098,18966737,31.9,-0.815,-0.816,-0.01,-0.09,12,2,0,25098,18966737,31.3,-0.006,-0.008,0.13,0.15,13,2,0,25098,18966737,31.9,-0.002,-0.002,0.0,-0.11,4,2,0,24936,18966736,29.9,0.002,0.001,0.05,-0.02,14,2,0,24936,18966736,29.9,-0.826,-0.829,-0.06,0.12,11,2,0,24936,18966736,30.6,-0.004,-0.006,0.01,0.03,13,2,0,24936,18966736,29.9,-0.81,-0.811,0.08,0.13,13,2,0,24936,18966736,30.6
999,18942215305576,18942224874087,center_after_0.7hz,0.18007778500032146,19.4266,0.07778499639243819,9.568511,1.6544019999855664,2.748398001131136,0.1773834228515625,25099,24937,0.0,-0.001,0.07,-0.05,9,2,0,25099,18966757,30.6,-0.001,-0.002,-0.02,0.31,8,2,0,25099,18966757,30.6,-0.805,-0.805,0.11,0.11,6,2,0,25099,18966757,31.9,-0.815,-0.816,0.02,-0.1,2,2,0,25099,18966757,31.3,-0.006,-0.007,0.01,0.11,3,2,0,25099,18966757,31.9,-0.002,-0.002,-0.06,0.07,10,2,0,24937,18966757,29.9,0.002,0.001,-0.02,-0.03,5,2,0,24937,18966757,29.9,-0.826,-0.829,0.08,0.23,2,2,0,24937,18966757,30.6,-0.004,-0.006,0.09,0.36,4,2,0,24937,18966757,29.9,-0.81,-0.811,0.06,-0.12,4,2,0,24937,18966757,30.6
1000,18942235304903,18942244385202,center_after_0.7hz,0.2000779119989602,19.511115,0.07791199459461495,9.080299,1.561183002195321,2.6037839998025447,0.2346038818359375,25100,24938,0.0,-0.001,0.02,0.17,14,2,0,25100,18966777,30.6,-0.001,-0.001,0.2,-0.19,13,2,0,25100,18966777,30.6,-0.805,-0.805,0.11,-0.21,11,2,0,25100,18966777,31.9,-0.815,-0.816,0.0,0.15,7,2,0,25100,18966777,31.3,-0.006,-0.007,0.05,0.0,8,2,0,25100,18966777,31.9,-0.002,-0.002,-0.13,-0.04,14,2,0,24938,18966776,29.9,0.002,0.001,-0.09,0.0,9,2,0,24938,18966776,29.9,-0.826,-0.829,0.01,0.13,6,2,0,24938,18966776,30.6,-0.004,-0.006,0.03,-0.13,8,2,0,24938,18966776,29.9,-0.81,-0.81,0.11,0.0,8,2,0,24938,18966776,30.6
1001,18942255298566,18942264638203,center_after_0.7hz,0.22007464700072887,20.253001,0.07464699592674151,9.339637,1.9373889990674797,3.0270640017988626,0.17309188842773438,25101,24939,0.0,-0.001,0.15,0.0,4,2,0,25101,18966797,30.6,-0.001,-0.001,0.06,0.07,3,2,0,25101,18966797,30.6,-0.805,-0.805,-0.07,0.02,1,2,0,25101,18966797,31.9,-0.815,-0.816,-0.08,-0.03,12,2,0,25101,18966797,31.3,-0.006,-0.007,0.06,0.15,13,2,0,25101,18966797,31.9,-0.002,-0.002,-0.28,0.0,4,2,0,24939,18966796,29.9,0.002,0.001,-0.04,0.23,14,2,0,24939,18966796,29.9,-0.826,-0.829,-0.16,0.18,11,2,0,24939,18966796,30.6,-0.004,-0.006,-0.14,0.17,13,2,0,24939,18966796,29.9,-0.81,-0.81,0.07,0.07,13,2,0,24939,18966796,30.6
1002,18942275301605,18942285439962,center_after_0.7hz,0.2400763099976757,20.801759,0.07630999243701808,10.138357,2.201048002461903,3.2407370017608628,0.17452239990234375,25102,24940,0.0,-0.001,-0.02,-0.02,9,2,0,25102,18966817,30.6,-0.001,-0.001,-0.01,0.07,8,2,0,25102,18966817,30.6,-0.805,-0.805,-0.09,-0.05,6,2,0,25102,18966817,31.9,-0.815,-0.815,-0.12,-0.12,2,2,0,25102,18966817,31.3,-0.006,-0.007,0.21,-0.03,3,2,0,25102,18966817,31.9,-0.002,-0.002,0.01,-0.03,9,2,0,24940,18966816,29.9,0.002,0.001,-0.06,-0.07,4,2,0,24940,18966816,29.9,-0.826,-0.829,0.03,0.06,1,2,0,24940,18966816,30.6,-0.004,-0.006,-0.02,0.12,3,2,0,24940,18966816,29.9,-0.81,-0.81,-0.06,0.01,3,2,0,24940,18966816,30.6
1003,18942295304132,18942305604863,center_after_0.7hz,0.26007944499724545,20.164901,0.07944499157019891,10.300731,2.3688299988862127,3.4162640004069544,0.1766681671142578,25103,24941,0.0,0.0,0.11,0.02,14,2,0,25103,18966837,30.6,-0.001,-0.001,0.07,-0.02,13,2,0,25103,18966837,30.6,-0.805,-0.805,0.09,-0.05,11,2,0,25103,18966837,31.9,-0.815,-0.816,0.0,0.04,7,2,0,25103,18966837,31.3,-0.006,-0.007,0.11,-0.08,8,2,0,25103,18966837,31.9,-0.002,-0.002,0.05,-0.22,15,2,0,24941,18966837,29.9,0.002,0.002,0.07,-0.04,10,2,0,24941,18966837,29.9,-0.826,-0.829,0.02,0.16,7,2,0,24941,18966837,30.6,-0.004,-0.006,0.02,0.2,8,2,0,24941,18966837,29.9,-0.81,-0.811,-0.18,-0.01,9,2,0,24941,18966837,30.6
1004,18942315304067,18942324836191,center_after_0.7hz,0.2800773630006006,19.231328,0.07736299448879436,9.532124,2.0218089994159527,3.110331999778282,0.17452239990234375,25104,24942,0.0,-0.001,-0.2,-0.23,4,2,0,25104,18966857,30.6,-0.001,-0.001,-0.02,-0.08,3,2,0,25104,18966857,30.6,-0.805,-0.805,0.13,0.02,1,2,0,25104,18966857,31.9,-0.815,-0.815,-0.11,-0.08,12,2,0,25104,18966857,31.3,-0.006,-0.007,-0.03,-0.03,13,2,0,25104,18966857,31.9,-0.002,-0.002,-0.13,0.09,5,2,0,24942,18966857,29.9,0.002,0.001,-0.1,0.17,15,2,0,24942,18966857,29.9,-0.826,-0.829,0.09,0.08,12,2,0,24942,18966857,30.6,-0.004,-0.006,-0.05,0.09,13,2,0,24942,18966857,29.9,-0.81,-0.811,0.12,0.06,14,2,0,24942,18966857,30.6
1005,18942335304929,18942344319241,center_after_0.7hz,0.3000794740000856,19.48305,0.07947399353724904,9.014312,1.547613999719033,2.5965200002247,0.21505355834960938,25105,24943,0.0,0.0,-0.04,0.22,9,2,0,25105,18966877,30.6,-0.001,-0.001,-0.2,-0.03,8,2,0,25105,18966877,30.6,-0.805,-0.805,-0.06,0.17,6,2,0,25105,18966877,31.9,-0.815,-0.815,-0.02,-0.12,2,2,0,25105,18966877,31.3,-0.006,-0.007,0.06,-0.02,3,2,0,25105,18966877,31.9,-0.002,-0.002,0.09,-0.22,9,2,0,24943,18966876,29.9,0.002,0.001,-0.19,0.17,4,2,0,24943,18966876,29.9,-0.826,-0.829,-0.02,0.32,1,2,0,24943,18966876,30.6,-0.004,-0.006,0.03,-0.07,2,2,0,24943,18966876,29.9,-0.81,-0.81,0.02,0.08,3,2,0,24943,18966876,30.6
1006,18942355300960,18942364826621,center_after_0.7hz,0.3200740969987237,20.50738,0.07409699173877016,9.525661,2.106900003127521,3.192191001289757,0.1728534698486328,25106,24944,0.0,-0.001,-0.06,-0.15,14,2,0,25106,18966897,30.6,-0.001,-0.001,-0.1,-0.03,13,2,0,25106,18966897,30.6,-0.805,-0.805,0.02,0.22,11,2,0,25106,18966897,31.9,-0.815,-0.815,0.09,-0.15,7,2,0,25106,18966897,31.3,-0.006,-0.007,0.11,-0.04,8,2,0,25106,18966897,31.9,-0.002,-0.002,0.07,0.01,14,2,0,24944,18966896,29.9,0.002,0.001,-0.01,0.02,9,2,0,24944,18966896,29.9,-0.826,-0.829,-0.24,0.19,6,2,0,24944,18966896,30.6,-0.004,-0.006,-0.06,0.21,7,2,0,24944,18966896,29.9,-0.81,-0.81,-0.02,-0.05,8,2,0,24944,18966896,30.6
1007,18942375302751,18942384756025,center_after_0.7hz,0.34007742399990093,19.929404,0.07742399247945286,9.453274,1.4905239986546803,2.5817989990173373,0.17333030700683594,25107,24945,0.0,-0.001,0.05,-0.16,4,2,0,25107,18966917,30.6,-0.001,-0.001,0.06,-0.27,3,2,0,25107,18966917,30.6,-0.805,-0.805,0.0,0.14,1,2,0,25107,18966917,31.9,-0.815,-0.815,0.04,0.18,12,2,0,25107,18966917,31.3,-0.006,-0.007,0.03,-0.01,13,2,0,25107,18966917,31.9,-0.002,-0.002,0.13,0.03,4,2,0,24945,18966916,29.9,0.002,0.001,0.06,0.09,14,2,0,24945,18966916,29.9,-0.826,-0.829,0.03,0.33,11,2,0,24945,18966916,30.6,-0.004,-0.006,0.08,0.22,12,2,0,24945,18966916,29.9,-0.81,-0.81,0.03,0.03,13,2,0,24945,18966916,30.6
1008,18942395305822,18942405166344,center_after_0.7hz,0.36007995099862455,20.410319,0.07995099076651968,9.860522,1.9281410022813361,3.017593000549823,0.1735687255859375,25108,24946,0.0,-0.001,-0.07,-0.09,9,2,0,25108,18966937,30.6,-0.001,-0.001,-0.14,0.1,8,2,0,25108,18966937,30.6,-0.805,-0.805,-0.02,0.0,6,2,0,25108,18966937,31.9,-0.815,-0.815,0.04,0.22,2,2,0,25108,18966937,31.3,-0.006,-0.007,-0.09,-0.07,3,2,0,25108,18966937,31.9,-0.002,-0.002,0.08,-0.19,9,2,0,24946,18966936,29.9,0.002,0.001,-0.14,-0.06,3,2,0,24946,18966936,29.9,-0.826,-0.829,0.09,0.25,1,2,0,24946,18966936,30.6,-0.004,-0.005,-0.01,0.24,2,2,0,24946,18966936,29.9,-0.81,-0.811,-0.11,-0.1,3,2,0,24946,18966936,30.6
1009,18942415307613,18942425174535,center_after_0.7hz,0.38007818999903975,20.008191,0.07818999074515887,9.866922,1.8443619992467575,2.9442140003084205,0.17571449279785156,25109,24947,0.0,-0.001,-0.09,0.08,14,2,0,25109,18966957,30.6,-0.001,-0.001,-0.02,-0.06,13,2,0,25109,18966957,30.6,-0.805,-0.806,-0.04,0.06,11,2,0,25109,18966957,31.9,-0.815,-0.815,0.13,0.07,7,2,0,25109,18966957,31.3,-0.006,-0.007,-0.15,0.1,8,2,0,25109,18966957,31.9,-0.002,-0.002,0.02,-0.02,15,2,0,24947,18966957,29.9,0.002,0.002,-0.07,-0.03,9,2,0,24947,18966957,29.9,-0.826,-0.829,-0.07,0.17,7,2,0,24947,18966957,30.6,-0.004,-0.005,-0.14,0.11,8,2,0,24947,18966957,29.9,-0.81,-0.81,0.03,-0.03,9,2,0,24947,18966957,30.6
1010,18942435309020,18942444369190,center_after_0.7hz,0.40007793299810146,19.194655,0.07793298937031068,9.06017,1.567710998642724,2.6730350000434555,0.17905235290527344,25110,24948,0.0,-0.001,0.01,0.01,4,2,0,25110,18966977,30.6,-0.001,-0.001,0.06,0.0,3,2,0,25110,18966977,30.6,-0.805,-0.805,0.05,0.13,1,2,0,25110,18966977,31.9,-0.815,-0.815,-0.03,0.0,12,2,0,25110,18966977,31.3,-0.006,-0.006,0.03,0.18,13,2,0,25110,18966977,31.9,-0.002,-0.002,0.11,0.07,5,2,0,24948,18966977,29.9,0.002,0.002,0.08,-0.05,14,2,0,24948,18966977,29.9,-0.826,-0.829,-0.02,0.15,12,2,0,24948,18966977,30.6,-0.004,-0.005,0.06,0.21,13,2,0,24948,18966977,29.9,-0.81,-0.81,-0.06,-0.1,14,2,0,24948,18966977,30.6
1011,18942455302938,18942465453456,center_after_0.7hz,0.42007757899773424,21.084266,0.077578988566529,10.150518,2.5822790012171026,3.6360490012157243,0.17499923706054688,25111,24949,0.0,-0.001,-0.04,-0.03,9,2,0,25111,18966997,30.6,-0.001,-0.001,0.14,0.0,8,2,0,25111,18966997,30.6,-0.805,-0.805,-0.09,-0.06,6,2,0,25111,18966997,31.9,-0.815,-0.816,-0.13,-0.07,2,2,0,25111,18966997,31.3,-0.006,-0.006,-0.03,-0.18,3,2,0,25111,18966997,31.9,-0.002,-0.002,0.1,-0.05,9,2,0,24949,18966996,29.9,0.002,0.002,-0.08,0.27,3,2,0,24949,18966996,29.9,-0.826,-0.829,-0.18,0.3,1,2,0,24949,18966996,30.6,-0.004,-0.006,-0.04,-0.03,2,2,0,24949,18966996,29.9,-0.81,-0.811,-0.12,0.0,3,2,0,24949,18966996,30.6
1012,18942475303001,18942484715089,center_after_0.7hz,0.4400784099998418,19.261633,0.07840999023756012,9.412088,1.5033240015327465,2.6013520000560675,0.1742839813232422,25112,24950,0.0,-0.001,-0.11,-0.22,14,2,0,25112,18967017,30.6,-0.001,-0.001,0.12,0.0,13,2,0,25112,18967017,30.6,-0.805,-0.805,-0.07,0.06,11,2,0,25112,18967017,31.9,-0.815,-0.815,0.01,0.03,7,2,0,25112,18967017,31.3,-0.006,-0.007,0.06,-0.12,8,2,0,25112,18967017,31.9,-0.002,-0.002,-0.15,-0.1,15,2,0,24950,18967017,29.9,0.002,0.002,0.12,-0.02,9,2,0,24950,18967017,29.9,-0.826,-0.829,-0.06,0.14,7,2,0,24950,18967017,30.6,-0.004,-0.006,-0.08,0.13,8,2,0,24950,18967017,29.9,-0.81,-0.81,0.03,-0.11,9,2,0,24950,18967017,30.6
1013,18942495303224,18942505360586,center_after_0.7hz,0.4600784409994958,20.645497,0.07844098945497535,10.057362,2.214616997662233,3.2648020023771096,0.17499923706054688,25113,24951,0.0,-0.001,0.0,0.0,4,2,0,25113,18967037,30.6,-0.001,-0.001,-0.16,0.04,3,2,0,25113,18967037,30.6,-0.805,-0.805,0.02,-0.07,1,2,0,25113,18967037,31.9,-0.815,-0.816,-0.09,-0.04,12,2,0,25113,18967037,31.3,-0.006,-0.007,-0.06,-0.05,13,2,0,25113,18967037,31.9,-0.002,-0.002,0.13,-0.28,4,2,0,24951,18967036,29.9,0.002,0.001,-0.03,-0.12,13,2,0,24951,18967036,29.9,-0.826,-0.829,-0.05,0.22,11,2,0,24951,18967036,30.6,-0.004,-0.006,-0.16,0.08,12,2,0,24951,18967036,29.9,-0.81,-0.81,0.15,0.11,13,2,0,24951,18967036,30.6
1014,18942515305335,18942524947192,center_after_0.7hz,0.480077607997373,19.586606,0.07760798689560033,9.641857,2.105875999404816,3.2460500005981885,0.1761913299560547,25114,24952,0.0,0.0,0.16,-0.16,9,2,0,25114,18967057,30.6,-0.001,-0.001,0.03,-0.05,8,2,0,25114,18967057,30.6,-0.805,-0.805,-0.09,-0.03,6,2,0,25114,18967057,31.9,-0.815,-0.815,0.04,0.23,2,2,0,25114,18967057,31.3,-0.006,-0.007,-0.13,0.08,3,2,0,25114,18967057,31.9,-0.002,-0.002,0.05,-0.17,10,2,0,24952,18967057,29.9,0.002,0.001,0.12,0.2,4,2,0,24952,18967057,29.9,-0.826,-0.829,0.01,0.13,2,2,0,24952,18967057,30.6,-0.004,-0.005,-0.09,0.12,3,2,0,24952,18967057,29.9,-0.81,-0.81,-0.2,-0.1,3,2,0,24952,18967057,30.6
1015,18942535307350,18942544376032,final_hold,2.0799998310394585e-06,19.42884,0.0020799998310394585,9.068682,1.6169919981621206,2.7050999997300096,0.1735687255859375,25115,24953,0.0,0.0,0.13,-0.06,14,2,0,25115,18967077,30.6,-0.001,-0.001,0.05,0.08,13,2,0,25115,18967077,30.6,-0.805,-0.805,-0.09,0.07,11,2,0,25115,18967077,31.9,-0.815,-0.815,0.05,-0.25,7,2,0,25115,18967077,31.3,-0.006,-0.007,0.0,-0.05,8,2,0,25115,18967077,31.9,-0.002,-0.002,0.07,-0.12,14,2,0,24953,18967076,29.9,0.002,0.002,0.1,0.22,8,2,0,24953,18967076,29.9,-0.826,-0.829,0.1,0.11,6,2,0,24953,18967076,30.6,-0.004,-0.005,0.01,-0.01,7,2,0,24953,18967076,29.9,-0.81,-0.81,0.0,-0.04,7,2,0,24953,18967076,30.6
1016,18942555378008,18942564731405,final_hold,0.0200748819988803,20.355373,0.07488199844374321,9.353397,1.9459340001048986,3.031897002074402,0.17142295837402344,25116,24954,0.0,0.0,0.0,0.02,4,2,0,25116,18967097,30.6,-0.001,-0.001,0.11,0.11,3,2,0,25116,18967097,30.6,-0.805,-0.805,-0.1,-0.03,1,2,0,25116,18967097,31.9,-0.815,-0.815,0.15,0.17,12,2,0,25116,18967097,31.3,-0.006,-0.006,-0.03,-0.04,13,2,0,25116,18967097,31.9,-0.002,-0.002,0.01,-0.12,4,2,0,24954,18967096,29.9,0.002,0.002,0.14,0.01,13,2,0,24954,18967096,29.9,-0.826,-0.829,0.04,0.14,11,2,0,24954,18967096,30.6,-0.004,-0.005,0.09,0.05,12,2,0,24954,18967096,29.9,-0.81,-0.81,-0.03,-0.01,12,2,0,24954,18967096,30.6
1017,18942575383895,18942584800111,final_hold,0.040079905000311555,20.068706,0.07990499943844043,9.416216,1.5146529985941015,2.619368999148719,0.1766681671142578,25117,24955,0.0,0.0,0.11,-0.06,9,2,0,25117,18967117,30.6,-0.001,-0.001,0.09,0.14,8,2,0,25117,18967117,30.6,-0.805,-0.805,-0.04,-0.15,6,2,0,25117,18967117,31.9,-0.815,-0.815,0.05,0.13,1,2,0,25117,18967117,31.3,-0.006,-0.007,-0.2,0.08,3,2,0,25117,18967117,31.9,-0.002,-0.002,0.07,-0.19,9,2,0,24955,18967116,29.9,0.002,0.002,0.16,-0.12,3,2,0,24955,18967116,29.9,-0.826,-0.829,0.02,0.12,1,2,0,24955,18967116,30.6,-0.004,-0.005,0.21,-0.03,2,2,0,24955,18967116,29.9,-0.81,-0.81,-0.11,0.0,2,2,0,24955,18967116,30.6
1018,18942595381494,18942604843312,final_hold,0.06007814400072675,20.043201,0.07814399941707961,9.461818,1.5455980028491467,2.6425690011819825,0.17499923706054688,25118,24956,0.0,0.0,0.19,-0.11,14,2,0,25118,18967137,30.6,-0.001,-0.001,-0.01,-0.09,13,2,0,25118,18967137,30.6,-0.805,-0.805,-0.03,-0.01,11,2,0,25118,18967137,31.9,-0.815,-0.815,-0.06,-0.15,6,2,0,25118,18967137,31.3,-0.006,-0.006,-0.11,0.03,8,2,0,25118,18967137,31.9,-0.002,-0.002,-0.08,0.1,14,2,0,24956,18967136,29.9,0.002,0.001,0.03,0.0,8,2,0,24956,18967136,29.9,-0.826,-0.829,0.03,0.11,6,2,0,24956,18967136,30.6,-0.004,-0.005,0.09,-0.03,7,2,0,24956,18967136,29.9,-0.81,-0.81,-0.1,-0.05,7,2,0,24956,18967136,30.6
1019,18942615386293,18942625402661,final_hold,0.08008095799959847,20.559349,0.0809579978522379,10.016368,2.150837997760391,3.194750999682583,0.1742839813232422,25119,24957,0.0,0.0,-0.04,0.07,4,2,0,25119,18967157,30.6,-0.001,-0.001,-0.07,0.06,3,2,0,25119,18967157,30.6,-0.805,-0.806,-0.07,-0.13,1,2,0,25119,18967157,31.9,-0.815,-0.815,0.09,-0.07,11,2,0,25119,18967157,31.3,-0.006,-0.007,-0.1,-0.06,13,2,0,25119,18967157,31.9,-0.002,-0.002,0.1,0.0,4,2,0,24957,18967156,29.9,0.002,0.002,0.06,0.08,13,2,0,24957,18967156,29.9,-0.826,-0.829,0.04,0.19,11,2,0,24957,18967156,30.6,-0.004,-0.006,0.09,-0.16,12,2,0,24957,18967156,29.9,-0.81,-0.81,-0.11,-0.13,12,2,0,24957,18967156,30.6
1020,18942635380051,18942644466398,final_hold,0.10007631700136699,19.063737,0.07631699918420054,9.086347,1.6304970013152342,2.71470000006957,0.17380714416503906,25120,24958,0.0,0.0,-0.12,-0.19,9,2,0,25120,18967177,30.6,-0.001,-0.001,-0.12,0.08,8,2,0,25120,18967177,30.6,-0.805,-0.805,0.06,-0.26,6,2,0,25120,18967177,31.9,-0.815,-0.815,0.05,0.04,1,2,0,25120,18967177,31.3,-0.006,-0.006,-0.08,0.06,2,2,0,25120,18967177,31.9,-0.002,-0.002,-0.02,0.2,10,2,0,24958,18967177,29.9,0.002,0.002,-0.15,0.33,4,2,0,24958,18967177,29.9,-0.826,-0.829,0.09,0.07,2,2,0,24958,18967177,30.6,-0.004,-0.006,0.05,0.08,3,2,0,24958,18967177,29.9,-0.81,-0.81,0.12,-0.23,3,2,0,24958,18967177,30.6
1021,18942655379858,18942664321655,final_hold,0.12007724399882136,19.855257,0.07724399620201439,8.941797,1.5216290012176614,2.600039999379078,0.21457672119140625,25121,24959,0.0,0.0,0.03,0.03,14,2,0,25121,18967197,30.6,-0.001,-0.001,-0.03,0.05,13,2,0,25121,18967197,30.6,-0.805,-0.805,-0.02,0.21,11,2,0,25121,18967197,31.9,-0.815,-0.815,0.0,-0.19,6,2,0,25121,18967197,31.3,-0.006,-0.006,0.12,0.16,7,2,0,25121,18967197,31.9,-0.002,-0.002,0.01,0.02,14,2,0,24959,18967196,29.9,0.002,0.002,-0.06,0.11,8,2,0,24959,18967196,29.9,-0.826,-0.829,-0.15,0.25,6,2,0,24959,18967196,30.6,-0.004,-0.006,0.0,-0.08,7,2,0,24959,18967196,29.9,-0.81,-0.81,0.04,0.11,7,2,0,24959,18967196,30.6
1022,18942675381425,18942684835755,final_hold,0.14007637900067493,20.5141,0.076378997619031,9.45433,1.5229399978125002,2.617768997879466,0.17762184143066406,25122,24960,0.0,0.0,0.07,0.02,4,2,0,25122,18967217,30.6,-0.001,-0.001,0.07,-0.25,3,2,0,25122,18967217,30.6,-0.805,-0.805,0.05,0.12,1,2,0,25122,18967217,31.9,-0.815,-0.815,0.07,-0.07,11,2,0,25122,18967217,31.3,-0.006,-0.006,0.15,0.08,12,2,0,25122,18967217,31.9,-0.002,-0.002,0.09,0.04,3,2,0,24960,18967216,29.9,0.002,0.002,-0.12,-0.01,13,2,0,24960,18967216,29.9,-0.826,-0.829,-0.14,0.23,11,2,0,24960,18967216,30.6,-0.004,-0.005,0.06,-0.05,12,2,0,24960,18967216,29.9,-0.81,-0.81,0.01,-0.12,12,2,0,24960,18967216,30.6
1023,18942695382064,18942704776263,final_hold,0.16007544999956735,19.940508,0.07544999607489444,9.394199,1.5457579975191038,2.6407450022816192,0.17547607421875,25123,24961,0.0,0.0,0.15,0.02,9,2,0,25123,18967237,30.6,-0.001,-0.001,-0.01,-0.15,8,2,0,25123,18967237,30.6,-0.805,-0.806,-0.14,-0.11,6,2,0,25123,18967237,31.9,-0.815,-0.815,0.06,0.02,1,2,0,25123,18967237,31.3,-0.006,-0.006,-0.01,-0.06,2,2,0,25123,18967237,31.9,-0.002,-0.002,0.07,-0.2,8,2,0,24961,18967236,29.9,0.002,0.002,-0.13,-0.12,3,2,0,24961,18967236,29.9,-0.826,-0.829,0.01,0.03,1,2,0,24961,18967236,30.6,-0.004,-0.006,-0.18,-0.03,2,2,0,24961,18967236,29.9,-0.81,-0.81,-0.14,-0.19,2,2,0,24961,18967236,30.6
1024,18942715382159,18942724880586,final_hold,0.1800787770007446,20.104323,0.07877699681557715,9.498427,2.056657998764422,3.144796999549726,0.1735687255859375,25124,24962,0.0,0.0,0.04,0.0,14,2,0,25124,18967257,30.6,-0.001,-0.001,0.1,-0.08,13,2,0,25124,18967257,30.6,-0.805,-0.805,0.11,-0.07,11,2,0,25124,18967257,31.9,-0.815,-0.815,-0.04,-0.15,6,2,0,25124,18967257,31.3,-0.006,-0.006,0.13,-0.02,7,2,0,25124,18967257,31.9,-0.002,-0.002,0.14,-0.03,13,2,0,24962,18967256,29.9,0.002,0.001,0.09,-0.04,8,2,0,24962,18967256,29.9,-0.826,-0.829,0.05,0.18,6,2,0,24962,18967256,30.6,-0.004,-0.006,0.04,0.07,7,2,0,24962,18967256,29.9,-0.81,-0.81,-0.03,0.06,7,2,0,24962,18967256,30.6
1025,18942735381422,18942744686657,final_hold,0.20007861599879107,19.806071,0.0786159944254905,9.305235,1.8915629989351146,2.978102998895338,0.17309188842773438,25125,24963,0.0,0.0,-0.02,-0.12,3,2,0,25125,18967277,30.6,-0.001,-0.001,-0.02,-0.08,3,2,0,25125,18967277,30.6,-0.805,-0.805,-0.08,-0.16,1,2,0,25125,18967277,31.9,-0.815,-0.815,-0.02,-0.03,11,2,0,25125,18967277,31.3,-0.006,-0.006,0.01,-0.22,12,2,0,25125,18967277,31.9,-0.002,-0.002,-0.12,0.05,3,2,0,24963,18967276,29.9,0.002,0.001,0.07,-0.13,13,2,0,24963,18967276,29.9,-0.826,-0.829,0.12,0.22,11,2,0,24963,18967276,30.6,-0.004,-0.006,-0.02,0.16,12,2,0,24963,18967276,29.9,-0.81,-0.81,0.07,-0.01,12,2,0,24963,18967276,30.6
1026,18942755381613,18942764963019,final_hold,0.22007727000163868,20.276362,0.07726999683654867,9.581406,2.1153800007596146,3.201375999196898,0.17571449279785156,25126,24964,0.0,0.0,-0.01,-0.04,8,2,0,25126,18967297,30.6,-0.001,-0.001,0.07,0.11,8,2,0,25126,18967297,30.6,-0.805,-0.805,0.0,0.0,6,2,0,25126,18967297,31.9,-0.815,-0.815,-0.08,0.02,1,2,0,25126,18967297,31.3,-0.006,-0.006,0.03,-0.06,2,2,0,25126,18967297,31.9,-0.002,-0.002,0.06,0.1,8,2,0,24964,18967296,29.9,0.002,0.002,0.15,0.02,3,2,0,24964,18967296,29.9,-0.826,-0.829,0.09,0.15,1,2,0,24964,18967296,30.6,-0.004,-0.005,0.0,0.18,2,2,0,24964,18967296,29.9,-0.81,-0.81,0.14,0.15,2,2,0,24964,18967296,30.6
1027,18942775378571,18942785407228,final_hold,0.2400772049986699,20.444209,0.07720499343122356,10.028657,2.1627429996442515,3.208128000551369,0.17571449279785156,25127,24965,0.0,0.0,0.03,-0.02,13,2,0,25127,18967317,30.6,-0.001,-0.001,0.03,-0.01,13,2,0,25127,18967317,30.6,-0.805,-0.805,0.01,0.04,11,2,0,25127,18967317,31.9,-0.815,-0.815,0.04,0.15,6,2,0,25127,18967317,31.3,-0.006,-0.006,-0.02,0.02,7,2,0,25127,18967317,31.9,-0.002,-0.002,-0.12,-0.12,13,2,0,24965,18967316,29.9,0.002,0.002,0.07,-0.04,8,2,0,24965,18967316,29.9,-0.826,-0.829,-0.02,0.13,6,2,0,24965,18967316,30.6,-0.004,-0.005,0.0,0.03,7,2,0,24965,18967316,29.9,-0.81,-0.81,-0.12,-0.13,7,2,0,24965,18967316,30.6
1028,18942795380714,18942804865669,final_hold,0.2600776200015389,19.458441,0.07761999586364254,9.484955,1.5471340011572465,2.6650979998521507,0.1747608184814453,25128,24966,0.0,0.0,0.0,-0.11,3,2,0,25128,18967337,30.6,-0.001,-0.001,-0.07,0.05,3,2,0,25128,18967337,30.6,-0.805,-0.805,0.07,-0.02,1,2,0,25128,18967337,31.9,-0.815,-0.815,0.15,0.11,11,2,0,25128,18967337,31.3,-0.006,-0.006,-0.1,-0.02,12,2,0,25128,18967337,31.9,-0.002,-0.002,-0.04,0.04,4,2,0,24966,18967337,29.9,0.002,0.002,0.04,0.15,14,2,0,24966,18967337,29.9,-0.826,-0.829,0.06,0.09,12,2,0,24966,18967337,30.6,-0.004,-0.005,-0.15,0.05,13,2,0,24966,18967337,29.9,-0.81,-0.81,0.05,-0.02,13,2,0,24966,18967337,30.6
1029,18942815379401,18942824803682,final_hold,0.28007688299840083,19.938013,0.07688299228902906,9.424281,1.579838997713523,2.6672109997889493,0.17333030700683594,25129,24967,0.0,0.0,0.13,0.06,8,2,0,25129,18967357,30.6,-0.001,-0.001,-0.11,0.14,7,2,0,25129,18967357,30.6,-0.805,-0.805,0.03,0.12,6,2,0,25129,18967357,31.9,-0.815,-0.815,0.08,0.06,1,2,0,25129,18967357,31.3,-0.006,-0.006,0.03,-0.1,2,2,0,25129,18967357,31.9,-0.002,-0.002,-0.11,-0.2,8,2,0,24967,18967356,29.9,0.002,0.002,-0.01,0.04,3,2,0,24967,18967356,29.9,-0.826,-0.829,0.0,0.19,1,2,0,24967,18967356,30.6,-0.004,-0.005,-0.03,0.21,2,2,0,24967,18967356,29.9,-0.81,-0.81,-0.12,0.02,2,2,0,24967,18967356,30.6
1030,18942835381032,18942844559191,final_hold,0.30007774600017,19.755509,0.07774599362164736,9.178159,1.736132999212714,2.8206559982209,0.17189979553222656,25130,24968,0.0,0.0,0.02,0.0,13,2,0,25130,18967377,30.6,-0.001,-0.001,0.01,-0.01,12,2,0,25130,18967377,30.6,-0.805,-0.805,0.09,-0.04,11,2,0,25130,18967377,31.9,-0.815,-0.815,0.0,-0.02,6,2,0,25130,18967377,31.3,-0.006,-0.006,-0.03,-0.07,7,2,0,25130,18967377,31.9,-0.002,-0.002,0.04,0.0,13,2,0,24968,18967376,29.9,0.002,0.002,-0.02,-0.04,8,2,0,24968,18967376,29.9,-0.826,-0.829,-0.09,0.15,6,2,0,24968,18967376,30.6,-0.004,-0.005,-0.07,0.15,7,2,0,24968,18967376,29.9,-0.81,-0.81,0.08,0.12,7,2,0,24968,18967376,30.6
1031,18942855378855,18942864897283,final_hold,0.3200772650016006,20.338092,0.07726499461568892,9.518428,2.0974920007574838,3.1841589989198837,0.17404556274414062,25131,24969,0.0,0.0,0.06,-0.15,3,2,0,25131,18967397,30.6,-0.001,-0.001,0.05,-0.03,2,2,0,25131,18967397,30.6,-0.805,-0.805,0.06,0.09,1,2,0,25131,18967397,31.9,-0.815,-0.815,-0.04,-0.08,11,2,0,25131,18967397,31.3,-0.006,-0.006,-0.13,0.01,12,2,0,25131,18967397,31.9,-0.002,-0.002,-0.03,-0.07,3,2,0,24969,18967396,29.9,0.002,0.002,0.04,0.33,13,2,0,24969,18967396,29.9,-0.826,-0.829,-0.04,0.15,11,2,0,24969,18967396,30.6,-0.004,-0.005,-0.03,-0.02,12,2,0,24969,18967396,29.9,-0.81,-0.81,0.09,-0.1,12,2,0,24969,18967396,30.6
1032,18942875384166,18942884737403,final_hold,0.3400783200013393,19.84012,0.07831999391783029,9.353237,1.4897239998390432,2.58471100096358,0.1747608184814453,25132,24970,0.0,0.0,-0.08,0.03,8,2,0,25132,18967417,30.6,-0.001,-0.001,-0.07,-0.22,7,2,0,25132,18967417,30.6,-0.805,-0.805,-0.06,-0.29,5,2,0,25132,18967417,31.9,-0.815,-0.816,0.05,-0.13,1,2,0,25132,18967417,31.3,-0.006,-0.006,-0.04,-0.09,2,2,0,25132,18967417,31.9,-0.002,-0.002,-0.04,-0.06,8,2,0,24970,18967416,29.9,0.002,0.002,0.09,0.05,3,2,0,24970,18967416,29.9,-0.826,-0.829,0.04,0.2,1,2,0,24970,18967416,30.6,-0.004,-0.005,0.08,0.19,2,2,0,24970,18967416,29.9,-0.81,-0.81,-0.13,-0.13,2,2,0,24970,18967416,30.6
1033,18942895379525,18942904778780,final_hold,0.3600780950000626,20.041377,0.07809499220456928,9.399255,1.5514539991272613,2.6435290019435342,0.17070770263671875,25133,24971,0.0,0.0,-0.04,0.14,13,2,0,25133,18967437,30.6,-0.001,-0.001,0.02,0.06,12,2,0,25133,18967437,30.6,-0.805,-0.805,0.01,0.03,10,2,0,25133,18967437,31.9,-0.815,-0.815,0.05,-0.07,6,2,0,25133,18967437,31.3,-0.006,-0.007,-0.16,0.02,7,2,0,25133,18967437,31.9,-0.002,-0.002,0.06,-0.06,13,2,0,24971,18967436,29.9,0.002,0.002,-0.01,0.02,8,2,0,24971,18967436,29.9,-0.826,-0.829,0.02,-0.04,6,2,0,24971,18967436,30.6,-0.004,-0.006,-0.07,0.27,7,2,0,24971,18967436,29.9,-0.81,-0.81,0.07,0.01,7,2,0,24971,18967436,30.6
1034,18942915379811,18942924822301,final_hold,0.38007412500155624,20.043521,0.07412499326164834,9.44249,1.935469001182355,3.036312999029178,0.17380714416503906,25134,24972,0.0,0.0,0.02,0.02,3,2,0,25134,18967457,30.6,-0.001,-0.001,0.0,-0.06,2,2,0,25134,18967457,30.6,-0.805,-0.805,0.05,-0.07,0,2,0,25134,18967457,31.9,-0.815,-0.815,0.13,0.12,11,2,0,25134,18967457,31.3,-0.006,-0.006,0.18,0.28,12,2,0,25134,18967457,31.9,-0.002,-0.002,0.04,-0.31,3,2,0,24972,18967456,29.9,0.002,0.002,0.0,0.11,13,2,0,24972,18967456,29.9,-0.826,-0.829,-0.09,0.18,11,2,0,24972,18967456,30.6,-0.004,-0.005,0.01,0.19,12,2,0,24972,18967456,29.9,-0.81,-0.81,-0.08,0.0,12,2,0,24972,18967456,30.6
1035,18942935382146,18942944999203,final_hold,0.40007885999875725,20.176902,0.07885999002610333,9.617057,2.197496000007959,3.2814749974932056,0.17404556274414062,25135,24973,0.0,0.0,0.1,0.06,8,2,0,25135,18967477,30.6,-0.001,-0.001,0.04,-0.22,7,2,0,25135,18967477,30.6,-0.805,-0.805,-0.08,0.03,5,2,0,25135,18967477,31.9,-0.815,-0.815,0.13,-0.01,1,2,0,25135,18967477,31.3,-0.006,-0.006,0.04,0.11,2,2,0,25135,18967477,31.9,-0.002,-0.002,0.05,-0.32,8,2,0,24973,18967476,29.9,0.002,0.002,-0.03,-0.16,3,2,0,24973,18967476,29.9,-0.826,-0.828,0.06,0.18,1,2,0,24973,18967476,30.6,-0.004,-0.006,-0.13,0.06,2,2,0,24973,18967476,29.9,-0.81,-0.81,0.08,0.13,2,2,0,24973,18967476,30.6
1036,18942955380513,18942964919550,final_hold,0.4200782510015415,19.920347,0.07825099237379618,9.539037,2.116371997544775,3.2048320026660804,0.1773834228515625,25136,24974,0.0,0.0,0.12,0.11,13,2,0,25136,18967497,30.6,-0.001,-0.001,0.03,-0.09,12,2,0,25136,18967497,30.6,-0.805,-0.805,0.08,0.03,10,2,0,25136,18967497,31.9,-0.815,-0.815,0.02,-0.09,6,2,0,25136,18967497,31.3,-0.006,-0.006,-0.09,0.05,7,2,0,25136,18967497,31.9,-0.002,-0.002,-0.07,0.0,14,2,0,24974,18967497,29.9,0.002,0.002,0.05,-0.11,9,2,0,24974,18967497,29.9,-0.826,-0.828,-0.07,0.1,6,2,0,24974,18967497,30.6,-0.004,-0.005,-0.07,0.14,8,2,0,24974,18967497,29.9,-0.81,-0.81,-0.02,0.0,8,2,0,24974,18967497,30.6
1037,18942975378496,18942984709525,final_hold,0.44007639399933396,19.789975,0.07639398972969502,9.331029,1.5112280016182922,2.604072000394808,0.17547607421875,25137,24975,0.0,0.0,-0.09,-0.09,3,2,0,25137,18967517,30.6,-0.001,-0.001,-0.05,-0.13,2,2,0,25137,18967517,30.6,-0.805,-0.805,0.04,-0.03,0,2,0,25137,18967517,31.9,-0.815,-0.815,0.06,0.06,11,2,0,25137,18967517,31.3,-0.006,-0.006,0.05,-0.07,12,2,0,25137,18967517,31.9,-0.002,-0.002,0.12,-0.12,3,2,0,24975,18967516,29.9,0.002,0.002,-0.13,-0.06,13,2,0,24975,18967516,29.9,-0.826,-0.829,0.02,0.19,10,2,0,24975,18967516,30.6,-0.004,-0.005,-0.15,0.13,12,2,0,24975,18967516,29.9,-0.81,-0.81,-0.04,-0.03,12,2,0,24975,18967516,30.6
1038,18942995379871,18943004375974,final_hold,0.4600769370008493,19.666449,0.07693699080846272,8.996103,1.5530540003965143,2.6469859985809308,0.17571449279785156,25138,24976,0.0,0.0,0.0,-0.03,8,2,0,25138,18967537,30.6,-0.001,-0.001,0.04,-0.18,7,2,0,25138,18967537,30.6,-0.805,-0.805,0.07,0.17,5,2,0,25138,18967537,31.9,-0.815,-0.815,0.2,0.0,1,2,0,25138,18967537,31.3,-0.006,-0.006,-0.07,0.11,2,2,0,25138,18967537,31.9,-0.002,-0.002,0.01,-0.08,8,2,0,24976,18967536,29.9,0.002,0.001,0.01,0.05,3,2,0,24976,18967536,29.9,-0.826,-0.829,0.04,0.18,0,2,0,24976,18967536,30.6,-0.004,-0.005,-0.02,0.08,2,2,0,24976,18967536,29.9,-0.81,-0.81,0.02,-0.09,2,2,0,24976,18967536,30.6
1039,18943015380062,18943024724467,final_hold,0.48007757600134937,20.348493,0.07757599087199196,9.344405,1.8091599995386787,2.900116000091657,0.17690658569335938,25139,24977,0.0,0.0,-0.07,-0.1,13,2,0,25139,18967557,30.6,-0.001,-0.001,0.1,0.09,12,2,0,25139,18967557,30.6,-0.805,-0.805,-0.04,-0.05,10,2,0,25139,18967557,31.9,-0.815,-0.816,-0.03,-0.2,6,2,0,25139,18967557,31.3,-0.006,-0.006,0.0,-0.02,7,2,0,25139,18967557,31.9,-0.002,-0.002,-0.08,-0.01,13,2,0,24977,18967556,29.9,0.002,0.002,-0.02,0.02,8,2,0,24977,18967556,29.9,-0.826,-0.828,-0.02,0.11,5,2,0,24977,18967556,30.6,-0.004,-0.005,0.08,-0.08,7,2,0,24977,18967556,29.9,-0.81,-0.81,-0.08,0.09,7,2,0,24977,18967556,30.6
1040,18943035383037,18943045049279,final_hold,0.5000784709991422,20.324812,0.07847098822821863,9.666242,2.2453689998656046,3.335749999678228,0.17547607421875,25140,24978,0.0,0.0,0.0,-0.15,3,2,0,25140,18967577,30.6,-0.001,-0.001,0.04,0.02,2,2,0,25140,18967577,30.6,-0.805,-0.805,-0.17,-0.08,0,2,0,25140,18967577,31.9,-0.815,-0.815,0.08,-0.08,11,2,0,25140,18967577,31.3,-0.006,-0.006,0.04,0.03,12,2,0,25140,18967577,31.9,-0.002,-0.002,-0.05,-0.25,3,2,0,24978,18967576,29.9,0.002,0.002,0.1,0.1,13,2,0,24978,18967576,29.9,-0.826,-0.828,0.18,0.18,10,2,0,24978,18967576,30.6,-0.004,-0.005,0.03,0.14,12,2,0,24978,18967576,29.9,-0.81,-0.81,0.0,0.12,12,2,0,24978,18967576,30.6
1041,18943055380572,18943064300384,final_hold,0.5200778289981827,19.251105,0.07782898683217354,8.919812,1.5281890009646304,2.566406001278665,0.2148151397705078,25141,24979,0.0,0.0,0.11,0.32,8,2,0,25141,18967597,30.6,-0.001,-0.001,0.1,-0.08,7,2,0,25141,18967597,30.6,-0.805,-0.805,0.02,-0.07,5,2,0,25141,18967597,31.9,-0.815,-0.815,0.09,0.05,1,2,0,25141,18967597,31.3,-0.006,-0.006,-0.04,0.0,2,2,0,25141,18967597,31.9,-0.002,-0.002,0.11,-0.23,9,2,0,24979,18967597,29.9,0.002,0.002,0.18,0.01,4,2,0,24979,18967597,29.9,-0.826,-0.828,0.04,0.22,1,2,0,24979,18967597,30.6,-0.004,-0.005,0.09,0.22,3,2,0,24979,18967597,29.9,-0.81,-0.81,0.02,0.03,3,2,0,24979,18967597,30.6
1042,18943075377690,18943085049949,final_hold,0.5400758440009668,20.749565,0.07584398917970248,9.672259,1.754886001435807,2.873618999728933,0.1747608184814453,25142,24980,0.0,0.0,-0.03,-0.03,13,2,0,25142,18967617,30.6,-0.001,-0.001,-0.11,-0.05,12,2,0,25142,18967617,30.6,-0.805,-0.805,0.04,-0.09,10,2,0,25142,18967617,31.9,-0.815,-0.815,0.07,-0.05,6,2,0,25142,18967617,31.3,-0.006,-0.006,0.03,-0.11,7,2,0,25142,18967617,31.9,-0.002,-0.001,-0.04,-0.11,13,2,0,24980,18967616,29.9,0.002,0.002,0.14,-0.05,8,2,0,24980,18967616,29.9,-0.826,-0.828,0.03,0.02,5,2,0,24980,18967616,30.6,-0.004,-0.005,0.0,0.06,7,2,0,24980,18967616,29.9,-0.81,-0.81,0.15,-0.06,7,2,0,24980,18967616,30.6
1043,18943095381049,18943105115646,final_hold,0.5600773789992672,20.065697,0.07737898704363033,9.734597,1.867211001808755,2.964406998216873,0.1761913299560547,25143,24981,0.0,0.0,-0.05,-0.02,3,2,0,25143,18967637,30.6,-0.001,-0.001,0.06,0.07,2,2,0,25143,18967637,30.6,-0.805,-0.805,-0.11,-0.12,0,2,0,25143,18967637,31.9,-0.815,-0.815,-0.04,0.17,11,2,0,25143,18967637,31.3,-0.006,-0.006,0.03,-0.03,12,2,0,25143,18967637,31.9,-0.002,-0.002,-0.03,-0.29,3,2,0,24981,18967636,29.9,0.002,0.002,0.17,0.0,13,2,0,24981,18967636,29.9,-0.826,-0.828,0.07,0.18,10,2,0,24981,18967636,30.6,-0.004,-0.006,-0.04,0.01,12,2,0,24981,18967636,29.9,-0.81,-0.81,0.09,-0.24,12,2,0,24981,18967636,30.6
1044,18943115384248,18943124323293,final_hold,0.58007920199816,19.207647,0.0792019854998216,8.939045,1.5033559975563549,2.5816720008151606,0.21004676818847656,25144,24982,0.0,0.0,-0.06,0.11,8,2,0,25144,18967657,30.6,-0.001,-0.001,-0.01,0.03,7,2,0,25144,18967657,30.6,-0.805,-0.805,-0.14,0.04,5,2,0,25144,18967657,31.9,-0.815,-0.815,0.09,-0.15,1,2,0,25144,18967657,31.3,-0.006,-0.006,-0.02,-0.01,2,2,0,25144,18967657,31.9,-0.002,-0.002,-0.08,-0.04,9,2,0,24982,18967657,29.9,0.002,0.002,0.03,0.19,4,2,0,24982,18967657,29.9,-0.826,-0.829,-0.03,0.11,1,2,0,24982,18967657,30.6,-0.004,-0.005,0.01,0.16,3,2,0,24982,18967657,29.9,-0.81,-0.81,0.07,-0.05,3,2,0,24982,18967657,30.6
1045,18943135379511,18943144297179,final_hold,0.6000778890011134,19.973886,0.0778889880166389,8.917668,1.5045719992485829,2.588326999102719,0.21648406982421875,25145,24983,0.0,0.0,0.22,-0.06,13,2,0,25145,18967677,30.6,-0.001,-0.001,-0.18,-0.11,12,2,0,25145,18967677,30.6,-0.805,-0.805,-0.08,-0.16,10,2,0,25145,18967677,31.9,-0.815,-0.815,0.09,-0.19,6,2,0,25145,18967677,31.3,-0.006,-0.006,-0.13,-0.09,7,2,0,25145,18967677,31.9,-0.002,-0.001,0.07,0.11,13,2,0,24983,18967676,29.9,0.002,0.001,0.15,0.1,8,2,0,24983,18967676,29.9,-0.826,-0.828,-0.01,-0.09,5,2,0,24983,18967676,30.6,-0.004,-0.006,0.05,0.17,7,2,0,24983,18967676,29.9,-0.81,-0.81,0.16,0.1,7,2,0,24983,18967676,30.6
1046,18943155381142,18943164330235,final_hold,0.6200762240005133,20.033056,0.07622398698003963,8.949093,1.5076439995027613,2.5967760011553764,0.1800060272216797,25146,24984,0.0,0.0,-0.08,-0.06,3,2,0,25146,18967697,30.6,-0.001,-0.001,0.09,-0.1,2,2,0,25146,18967697,30.6,-0.805,-0.805,-0.09,0.1,0,2,0,25146,18967697,31.9,-0.815,-0.815,-0.1,0.03,11,2,0,25146,18967697,31.3,-0.006,-0.006,-0.14,0.11,12,2,0,25146,18967697,31.9,-0.002,-0.001,-0.07,0.17,3,2,0,24984,18967696,29.9,0.002,0.001,-0.15,0.2,13,2,0,24984,18967696,29.9,-0.826,-0.828,0.1,0.14,10,2,0,24984,18967696,30.6,-0.004,-0.006,0.01,-0.09,12,2,0,24984,18967696,29.9,-0.81,-0.81,-0.03,-0.05,12,2,0,24984,18967696,30.6
1047,18943175381045,18943184285048,final_hold,0.6400790709994908,19.954813,0.07907098552095704,8.904003,1.507611999841174,2.5536380017001648,0.21529197692871094,25147,24985,0.0,0.0,0.0,-0.14,8,2,0,25147,18967717,30.6,-0.001,-0.001,-0.16,-0.11,7,2,0,25147,18967717,30.6,-0.805,-0.805,-0.01,0.07,5,2,0,25147,18967717,31.9,-0.815,-0.815,-0.04,0.09,1,2,0,25147,18967717,31.3,-0.006,-0.006,0.05,0.03,2,2,0,25147,18967717,31.9,-0.002,-0.002,0.05,-0.32,8,2,0,24985,18967716,29.9,0.002,0.002,0.02,-0.18,3,2,0,24985,18967716,29.9,-0.826,-0.828,-0.02,0.23,0,2,0,24985,18967716,30.6,-0.004,-0.005,0.11,0.05,1,2,0,24985,18967716,29.9,-0.81,-0.81,0.0,0.04,2,2,0,24985,18967716,30.6
1048,18943195377620,18943204850126,final_hold,0.6600747170014074,20.565078,0.07471698700101115,9.472506,1.5332139992096927,2.631336999911582,0.17595291137695312,25148,24986,0.0,0.0,0.07,0.1,13,2,0,25148,18967737,30.6,-0.001,-0.001,0.08,-0.06,12,2,0,25148,18967737,30.6,-0.805,-0.805,-0.02,-0.08,10,2,0,25148,18967737,31.9,-0.815,-0.815,-0.01,0.01,6,2,0,25148,18967737,31.3,-0.006,-0.006,-0.07,-0.08,7,2,0,25148,18967737,31.9,-0.002,-0.001,-0.07,-0.1,13,2,0,24986,18967736,29.9,0.002,0.002,0.09,0.11,8,2,0,24986,18967736,29.9,-0.826,-0.828,-0.02,0.06,5,2,0,24986,18967736,30.6,-0.004,-0.005,0.04,-0.01,6,2,0,24986,18967736,29.9,-0.81,-0.81,-0.1,-0.28,7,2,0,24986,18967736,30.6
1049,18943215378802,18943225419555,final_hold,0.6800765080006386,20.569429,0.07650798579561524,10.040753,2.154038000298897,3.2049920009740163,0.17380714416503906,25149,24987,0.0,0.0,0.11,0.18,4,2,0,25149,18967758,30.6,-0.001,-0.001,0.06,-0.19,3,2,0,25149,18967758,30.6,-0.805,-0.805,-0.01,0.13,1,2,0,25149,18967758,31.9,-0.815,-0.815,-0.04,0.04,12,2,0,25149,18967758,31.3,-0.006,-0.006,-0.02,0.16,13,2,0,25149,18967758,31.9,-0.002,-0.001,-0.05,0.01,3,2,0,24987,18967756,29.9,0.002,0.001,-0.15,-0.03,13,2,0,24987,18967756,29.9,-0.826,-0.828,0.07,0.03,10,2,0,24987,18967756,30.6,-0.004,-0.005,0.0,-0.08,11,2,0,24987,18967756,29.9,-0.81,-0.81,-0.04,0.0,12,2,0,24987,18967756,30.6
1050,18943235380273,18943244378745,final_hold,0.7000778510009695,18.95919,0.07785098569002002,8.998472,1.5624309999111574,2.6537379999354016,0.17499923706054688,25150,24988,0.0,0.0,0.01,0.03,8,2,0,25150,18967777,30.6,-0.001,-0.001,-0.12,-0.05,7,2,0,25150,18967777,30.6,-0.805,-0.805,-0.12,0.04,5,2,0,25150,18967777,31.9,-0.815,-0.815,-0.1,-0.04,1,2,0,25150,18967777,31.3,-0.006,-0.006,0.03,-0.13,2,2,0,25150,18967777,31.9,-0.002,-0.001,0.04,-0.04,9,2,0,24988,18967777,29.9,0.002,0.001,-0.13,-0.15,4,2,0,24988,18967777,29.9,-0.826,-0.828,0.02,0.14,1,2,0,24988,18967777,30.6,-0.004,-0.005,0.0,0.3,2,2,0,24988,18967777,29.9,-0.81,-0.81,-0.04,0.03,3,2,0,24988,18967777,30.6
1051,18943255378896,18943264851435,final_hold,0.7200762499996927,20.47269,0.0762499839765951,9.472539,2.0465140005399007,3.134077000140678,0.17452239990234375,25151,24989,0.0,0.0,0.01,-0.14,13,2,0,25151,18967797,30.6,-0.001,-0.001,0.13,-0.04,12,2,0,25151,18967797,30.6,-0.805,-0.805,-0.09,-0.05,10,2,0,25151,18967797,31.9,-0.815,-0.816,-0.04,0.05,6,2,0,25151,18967797,31.3,-0.006,-0.006,-0.05,-0.1,7,2,0,25151,18967797,31.9,-0.002,-0.001,0.02,-0.06,13,2,0,24989,18967796,29.9,0.002,0.002,0.05,-0.02,7,2,0,24989,18967796,29.9,-0.826,-0.829,0.0,0.27,5,2,0,24989,18967796,30.6,-0.004,-0.006,0.01,0.03,6,2,0,24989,18967796,29.9,-0.81,-0.81,0.09,0.19,7,2,0,24989,18967796,30.6
1052,18943275378831,18943284746661,final_hold,0.7400776569993468,19.895226,0.07765698319417424,9.36783,1.5051480004331097,2.5998160017479677,0.1723766326904297,25152,24990,0.0,0.0,-0.03,0.04,3,2,0,25152,18967817,30.6,-0.001,-0.001,-0.1,-0.03,2,2,0,25152,18967817,30.6,-0.805,-0.805,0.12,0.21,0,2,0,25152,18967817,31.9,-0.815,-0.815,-0.04,-0.08,11,2,0,25152,18967817,31.3,-0.006,-0.006,0.04,0.19,12,2,0,25152,18967817,31.9,-0.002,-0.002,0.02,-0.07,3,2,0,24990,18967816,29.9,0.002,0.001,0.04,-0.06,12,2,0,24990,18967816,29.9,-0.826,-0.828,0.11,0.2,10,2,0,24990,18967816,30.6,-0.004,-0.005,-0.04,0.06,11,2,0,24990,18967816,29.9,-0.81,-0.81,0.07,0.02,12,2,0,24990,18967816,30.6
