stage,time_s,command_vx,command_vy,command_wz,vx,vy,vz,wz,roll,pitch,height,flight,four_feet,illegal_contacts,raw_peak_nm,motor_peak_nm,guard_min_nm,max_speed_rad_s
march,0.02,0.0,0.0,0.0,-0.011182793581762501,-3.306795012683119e-05,-0.1257828474295883,0.0011973987805346394,-4.796064765056038e-06,0.0009645240574503888,0.31435238256443426,0,1,0,1.6368139910753068,1.6368139910753068,14.0,1.231948493533368
march,0.04,0.0,0.0,0.0,-0.038346980106910504,-0.000490611328046341,-0.14567400232905672,0.0009612571816214941,4.569968046018898e-05,0.0036000984125395645,0.3114862810780355,0,1,0,3.081791756790685,3.081791756790685,14.0,1.472989564153614
march,0.06,0.0,0.0,0.0,-0.07193732630611323,-0.004726707700102043,-0.10279366814399112,-0.009090240931331215,-8.336629102181936e-05,0.006598037526249476,0.30899461065343925,0,1,0,4.427108242582607,4.427108242582607,14.0,1.4589013771553072
march,0.08,0.0,0.0,0.0,-0.10122889574686217,-0.017457843410290313,-0.03571069212836159,-0.029896293944254883,-3.823674478288289e-05,0.007664233436456568,0.3076972523136463,0,1,0,5.587999640129498,5.587999640129498,14.0,1.063389410627066
march,0.1,0.0,0.0,0.0,-0.12726971306552878,-0.034482870826782856,0.024388818281079746,-0.11453442322890928,1.0020814744648715e-05,0.006364150840911316,0.307730351086959,0,0,0,6.621914447813469,6.621914447813469,14.0,3.7455486188460965
march,0.12,0.0,0.0,0.0,-0.15136969197402947,-0.04835962625567667,0.0680580426838026,-0.24162448037670806,0.001976134474664205,0.0030756566322941263,0.30865966472299006,0,0,0,8.365450287951585,8.365450287951585,14.0,4.246490753589955
march,0.14,0.0,0.0,0.0,-0.17365971354415863,-0.05504824849000148,0.11123908560072443,-0.25889805124545523,0.008275653728238361,-0.0016772010681778634,0.3104110410907938,0,0,0,9.125808635652863,9.125808635652863,14.0,4.501579894599992
march,0.16,0.0,0.0,0.0,-0.18689096417573534,-0.05778621227250102,0.1362879493696295,-0.183833149820429,0.016812099367830766,-0.006129653670936786,0.31285321949234335,0,0,0,9.204132710903027,9.204132710903027,14.0,5.619067843676026
march,0.18,0.0,0.0,0.0,-0.18080802924516626,-0.05637762142414216,0.12341627018560866,-0.051059178530275785,0.023956628826238856,-0.011245485958634243,0.3153675671352385,0,0,0,9.32983632496116,9.32983632496116,14.0,5.49382938267629
march,0.2,0.0,0.0,0.0,-0.1535216717769852,-0.04658531328238544,0.07852815036492317,0.08668294965616465,0.026584418544817832,-0.01827413226570936,0.3172461519277291,0,0,0,9.881357404746923,9.881357404746923,14.0,4.874589338280013
march,0.22,0.0,0.0,0.0,-0.11123243232858523,-0.023870263869631887,0.018482055258886368,0.20471363801193052,0.02282772503829501,-0.02700830445154988,0.31806753894164574,0,0,0,10.735621055835828,10.735621055835828,14.0,3.131469982390816
march,0.24,0.0,0.0,0.0,-0.06613410774224204,0.0067428148865827835,-0.0339717625411665,0.25988577057352913,0.013746074275569961,-0.037102525627959605,0.31774394390348687,0,0,0,11.913224714717838,11.913224714717838,14.0,3.896230866346968
march,0.26,0.0,0.0,0.0,-0.02363974244851056,0.04694296849584491,-0.06570754448778218,0.22567528550806332,0.0021763596304058765,-0.04740170091633782,0.3166269892048323,0,0,0,12.904682485234897,12.904682485234897,14.0,2.7751045279207798
march,0.28,0.0,0.0,0.0,0.008633411265228609,0.08818567343799816,-0.07316971376629922,0.11905209351923088,-0.010463286401555649,-0.056592852505251985,0.31525392599855745,0,0,0,13.454337361142525,13.454337361142525,14.0,3.269153624243369
march,0.3,0.0,0.0,0.0,0.043347758180191036,0.09367973440102464,0.013460137931393196,0.07395908475175758,-0.005526160476379116,-0.05660543993654097,0.3148758965917574,0,0,0,12.501782529311498,12.501782529311498,14.0,3.598424103755565
march,0.32,0.0,0.0,0.0,0.0909610349400494,0.08751734023569645,0.04312105526835538,0.023832227871518466,0.0060134554228254535,-0.04897934280883125,0.3156558160743125,0,0,0,10.571918316937015,10.571918316937015,14.0,4.6517648721501565
march,0.34,0.0,0.0,0.0,0.1396434615621157,0.07486206140246375,0.019414711808631233,0.03224305114998226,0.018796098079629526,-0.03899888371727979,0.3165397853616842,0,1,0,8.24583807152691,8.24583807152691,14.0,6.720990142210902
march,0.36,0.0,0.0,0.0,0.1566776166458778,0.08077396730180868,0.05129982669289089,0.07285384721509165,0.015435881258745898,-0.033480722825494906,0.3175360758899676,0,1,0,5.855587627206987,5.855587627206987,14.0,4.885264315014882
march,0.38,0.0,0.0,0.0,0.16964286532519998,0.08193635017012146,0.03547584623714967,0.1240317400272955,0.010553610127984874,-0.03112412042661578,0.3185179375654137,0,1,0,6.051108158789295,6.051108158789295,14.0,3.820892285323439
march,0.4,0.0,0.0,0.0,0.1653892503464599,0.08054480248605075,0.007133736105948461,0.12133987987371703,0.007856202268091137,-0.02906866699987369,0.31901635424958025,0,0,0,6.1117237215793185,6.1117237215793185,14.0,2.3093278517718776
march,0.42,0.0,0.0,0.0,0.1504297941395655,0.08067674384588229,-0.01858790564044966,0.021488668301584475,0.005198970545369655,-0.026627946644808588,0.3189208587442297,0,0,0,6.3303659958848195,6.3303659958848195,14.0,3.6843703065805364
march,0.44,0.0,0.0,0.0,0.1296179815727154,0.08282120342231783,-0.026466472397311043,-0.09382011960624022,0.0046877021747995405,-0.024064826723060245,0.3184310143915345,0,0,0,6.538012759800574,6.538012759800574,14.0,4.3238096244555155
march,0.46,0.0,0.0,0.0,0.11142135762514203,0.08588628509879967,-0.017666496250086747,-0.16735000817760654,0.0035550963273720936,-0.02145294848060384,0.3179874917852285,0,0,0,6.628066185733661,6.628066185733661,14.0,3.686078802197345
march,0.48,0.0,0.0,0.0,0.09430120424477692,0.09093502262904998,0.0007283922715631153,-0.20279734699602298,0.0002711334664935265,-0.018668457784780122,0.31785723179342323,0,0,0,6.580227596500442,6.580227596500442,14.0,2.7549265599670876
march,0.5,0.0,0.0,0.0,0.07905422237593655,0.0979181252030294,0.01685286325007507,-0.20929896872990617,-0.005123784349380387,-0.015635409221935827,0.3180920704703893,0,0,0,6.43258207801281,6.43258207801281,14.0,1.8320907494236085
march,0.52,0.0,0.0,0.0,0.0677774468092559,0.1050489462940114,0.023242199475681253,-0.1912133946725726,-0.011317809190242258,-0.012116767570227805,0.31854467461755714,0,0,0,6.206546788062289,6.206546788062289,14.0,1.5994962429179502
march,0.54,0.0,0.0,0.0,0.058194319062126645,0.1125826378089882,0.022478019221194134,-0.16201440882696616,-0.01761254615983252,-0.008685072289518786,0.3190520037227667,0,0,0,6.074138658474815,6.074138658474815,14.0,2.925930261589729
march,0.56,0.0,0.0,0.0,0.04970545145356589,0.12023462747430241,0.016962460245093517,-0.1420056879646642,-0.024315052645709666,-0.005272013452586411,0.3194655468317047,0,0,0,6.042873051033871,6.042873051033871,14.0,3.5841870176653603
march,0.58,0.0,0.0,0.0,0.04322988985708568,0.12814845749300224,0.0072617440432997706,-0.11294709493404056,-0.031093014208860556,-0.0016229265576828357,0.3196941045231535,0,0,0,6.049831944362112,6.049831944362112,14.0,3.922032370777994
march,0.6,0.0,0.0,0.0,0.037736260193663065,0.13706570204146473,-0.005922693464636842,-0.08645929423166596,-0.038353100180312794,0.0022769363645099242,0.3196845378247242,0,0,0,5.6717257359908375,5.6717257359908375,14.0,4.912178668120865
march,0.62,0.0,0.0,0.0,0.019844061438546685,0.13808336555355713,-0.005164416780809959,-0.041487768647536206,-0.04256358547529901,0.005322996130625776,0.3194075967881947,0,0,0,5.445040856138865,5.445040856138865,14.0,7.936300260741209
march,0.64,0.0,0.0,0.0,-0.010425846024505152,0.10687226589070396,-0.0029419127471708726,-0.03552784205934702,-0.028760722880298243,0.0005429084698524323,0.3195920712408034,0,0,0,14.566415415456174,14.0,14.0,16.11488095194814
march,0.66,0.0,0.0,0.0,-0.02700306901256656,0.07926928882886415,0.00939074870630414,-0.17866521052662027,-0.014362120671353097,-0.006391764824869573,0.3195643102904171,0,0,0,6.503098491879761,6.503098491879761,14.0,17.134294729734577
march,0.68,0.0,0.0,0.0,-0.03607700388022839,0.057016290590464085,-0.0068691040953587,-0.1299446309919174,-0.013866337127695832,-0.006981882281318485,0.3196208356248725,0,0,0,6.3343157431134935,6.3343157431134935,14.0,4.068504481335707
march,0.7000000000000001,0.0,0.0,0.0,-0.048209582126316,0.046021184220543694,-0.024311872425834158,-0.08386330279917419,-0.011552886464489067,-0.007868346800062773,0.31923239420098,0,0,0,6.755730012857773,6.755730012857773,14.0,6.2389575797824515
march,0.72,0.0,0.0,0.0,-0.053147932819824766,0.04116372369418934,-0.02356366435302464,-0.09887840896111265,-0.009401456634554542,-0.008920588056111001,0.3186484099970847,0,0,0,7.152971402984637,7.152971402984637,14.0,9.103260160717902
march,0.74,0.0,0.0,0.0,-0.054585882766044945,0.03825968437492834,-0.021093805784979363,-0.12036808281335762,-0.009592346266015546,-0.010800553097428577,0.31810285281536815,0,0,0,7.148843149451071,7.148843149451071,14.0,8.794355091793276
march,0.76,0.0,0.0,0.0,-0.05551382714330802,0.037919746795780473,-0.013205051051240996,-0.15165544416049193,-0.013196508269854796,-0.013640758507635617,0.3176827828021249,0,0,0,7.157548375920523,7.157548375920523,14.0,6.233244087512135
march,0.78,0.0,0.0,0.0,-0.05546303215524754,0.03948861949671589,-0.0027615041560681373,-0.18674330963422608,-0.019340451129451736,-0.01715116797524021,0.31745994769604663,0,0,0,6.993431273049594,6.993431273049594,14.0,3.7910698251961916
march,0.8,0.0,0.0,0.0,-0.054152153629868964,0.04315249803242944,0.005852701237849377,-0.21889288953593034,-0.026464930864319138,-0.02118547460958972,0.31744775774442646,0,0,0,6.6854638499454495,6.6854638499454495,14.0,2.621348679344464
march,0.8200000000000001,0.0,0.0,0.0,-0.05162992615066794,0.05001439208806404,0.009188503750323117,-0.22610009261058675,-0.032820465096127786,-0.02538015494056575,0.31756345650129325,0,0,0,6.3613920055717,6.3613920055717,14.0,2.4533622754791287
march,0.84,0.0,0.0,0.0,-0.04943284090353423,0.058279927851367465,0.005109171484201846,-0.21204049268094968,-0.03873769646051302,-0.02933065886120392,0.3176602496248353,0,0,0,6.190522382212517,6.190522382212517,14.0,3.3136205001541406
march,0.86,0.0,0.0,0.0,-0.048103153685218496,0.06832862020740085,-0.0011392266518215023,-0.18740010722357608,-0.043743747196063915,-0.03281535861385719,0.31764617939192646,0,0,0,6.125003951950007,6.125003951950007,14.0,3.2721696439968735
march,0.88,0.0,0.0,0.0,-0.04741675232225961,0.07457178598831007,0.003094709394887865,-0.11817611245420283,-0.04662506282071386,-0.03532809498995542,0.31751577947512893,0,0,0,6.143595811084378,6.143595811084378,14.0,3.6729478715327986
march,0.9,0.0,0.0,0.0,-0.03395285914704836,0.05668860977416478,0.026199270884608685,-0.020958352074558918,-0.037060403505976905,-0.03223567046082759,0.31786712262838235,0,0,0,6.060677246194203,6.060677246194203,14.0,4.640598336176719
march,0.92,0.0,0.0,0.0,-0.012498420479045955,0.029690278004331428,0.014263789686423896,0.09189912808105499,-0.02300527539533556,-0.027182551750722723,0.3183212955033001,0,0,0,5.448007358396315,5.448007358396315,14.0,6.982128001007407
march,0.9400000000000001,0.0,0.0,0.0,-0.006981268328822616,0.008298606200799504,0.025456442660896583,0.19843109098267894,-0.014273844568508746,-0.02251732482326553,0.3186078688010203,0,1,0,6.725393732892722,6.725393732892722,14.0,9.170932694787279
march,0.96,0.0,0.0,0.0,0.00477477733837844,-0.006881724779532759,0.013442406948463739,0.2324668262748531,-0.016507840059944004,-0.02106179237724623,0.3190660695278988,0,1,0,7.383195594337271,7.383195594337271,14.0,1.1206670164172032
march,0.98,0.0,0.0,0.0,0.013173567460952142,-0.007365355238843965,0.0027225073854089676,0.13763570792717203,-0.017935309639974004,-0.017853698406130478,0.31915222378129665,0,0,0,7.556617288706897,7.556617288706897,14.0,4.755637700792813
march,1.0,0.0,0.0,0.0,0.012976755909032925,0.00045941513550901624,-0.009454220559993962,-0.06560034382090559,-0.0152214948159386,-0.01406225340542395,0.31881189330588217,0,0,0,13.287109527888234,13.287109527888234,14.0,15.485141613628745
march,1.02,0.0,0.0,0.0,0.004726896063770538,0.00473859504545047,-0.02890321316924435,-0.1735244996465506,-0.011796296849748837,-0.010924292871482992,0.31809355386397437,0,0,0,13.691505483462944,13.691505483462944,14.0,16.501753702263947
march,1.04,0.0,0.0,0.0,-0.0013816408568609602,0.004393603123923507,-0.03641144390297916,-0.17220262295681543,-0.007507627245048721,-0.010266021108186005,0.3171793668141997,0,0,0,11.099583575335407,11.099583575335407,14.0,16.43548986083347
march,1.06,0.0,0.0,0.0,-0.006232979240467248,-0.0017359508584915279,-0.025538780731659882,-0.12232969561652508,-0.0032548960758792744,-0.011445144471408085,0.31644211953063106,0,0,0,8.874821115603371,8.874821115603371,14.0,11.822114774127797
march,1.08,0.0,0.0,0.0,-0.007778130001505096,-0.008201649915191598,-0.005353518765259262,-0.07730712089744564,-0.0002302556600445193,-0.013101760523323767,0.3161025026122979,0,0,0,8.903972634957505,8.903972634957505,14.0,5.254934447110038
march,1.1,0.0,0.0,0.0,-0.005883733929119097,-0.014877897540686493,0.010041193913562714,-0.03255060098666421,0.002002478934930466,-0.01437101773199788,0.3161633696214453,0,0,0,8.742255296828287,8.742255296828287,14.0,1.9050376196424446
march,1.12,0.0,0.0,0.0,-0.0027704250892491623,-0.020370569329525134,0.015524870100852396,0.005952326771718144,0.0038105713607267393,-0.015696716659948293,0.3164422848430789,0,0,0,8.588745297254619,8.588745297254619,14.0,1.654229846491041
march,1.1400000000000001,0.0,0.0,0.0,0.000548604417586744,-0.026962281843523263,0.016585600497191537,0.03338495831208059,0.006453294720691423,-0.01750019729524296,0.3168161447670465,0,0,0,8.451613902571998,8.451613902571998,14.0,2.8362372548489443
march,1.16,0.0,0.0,0.0,0.0014464043300599554,-0.03490320041825187,0.013961935532022816,0.046309346889051854,0.009341148009843375,-0.019462290254247432,0.31717763510407815,0,0,0,8.34560021838096,8.34560021838096,14.0,3.856126324947485
march,1.18,0.0,0.0,0.0,0.0018500939824394758,-0.04281132615019442,0.007373524754617967,0.05054812728619402,0.012714743406003046,-0.021477495146017718,0.3174456476709424,0,0,0,8.25044917344336,8.25044917344336,14.0,5.00441732235027
march,1.2,0.0,0.0,0.0,0.0057721546835339775,-0.03742598705849587,0.02986890816624363,-0.0032643947465886315,0.01140498295630282,-0.021845402591349965,0.31773429974855205,0,0,0,7.503670832989037,7.503670832989037,14.0,6.593586159377925
march,1.22,0.0,0.0,0.0,0.026204646459931268,-0.013150474127601623,0.02745617212726081,-0.008513860468095673,-0.001470460989186026,-0.017036187787634178,0.31843655728467163,0,0,0,5.747411967402532,5.747411967402532,14.0,5.206091643863517
march,1.24,0.0,0.0,0.0,0.03048238749259477,0.0019228571873543092,0.03605712471860769,-0.005318924894859956,-0.006782387102778874,-0.013628507319520393,0.31893854955967194,0,1,0,5.20843647424135,5.20843647424135,14.0,5.55469196032995
march,1.26,0.0,0.0,0.0,0.03168849326664801,0.004203864167490942,0.03799301773001037,-0.01783472824947224,-0.0028418843727900894,-0.014564446779735406,0.31975095367041917,0,1,0,5.624534688433714,5.624534688433714,14.0,0.4972433053115882
march,1.28,0.0,0.0,0.0,0.025534224343695584,0.0005561180678925012,0.016379699775441348,0.01802338767410234,0.00016274615366538612,-0.014521279482140279,0.32023260916941315,0,0,0,5.882276603724483,5.882276603724483,14.0,3.1404163553316864
march,1.3,0.0,0.0,0.0,0.012998546355429998,-0.006500419833697867,0.008967059923196234,0.12114642081869459,0.0017345922022671872,-0.012955550798099449,0.32027109050928726,0,0,0,6.084813362978698,6.084813362978698,14.0,6.953070201993419
march,1.32,0.0,0.0,0.0,0.004486022176441086,-0.010066557868338539,0.009158814600221356,0.14275141947705963,0.0016092890487280763,-0.010700000501819783,0.32020518640834145,0,0,0,6.328653952536488,6.328653952536488,14.0,7.657909906333756
march,1.34,0.0,0.0,0.0,-0.001546899592004064,-0.01302560032600583,0.015554305428303472,0.09527485149065405,0.0012020890355489897,-0.008140444994934581,0.32027403943870436,0,0,0,6.547551520210787,6.547551520210787,14.0,6.944189141359759
march,1.36,0.0,0.0,0.0,-0.00677781739618161,-0.017329611498880963,0.01952128479874996,0.04953417692666526,0.0016277499602220219,-0.005859815817900064,0.32053645538501546,0,0,0,6.48500910141852,6.48500910141852,14.0,5.038719872743781
march,1.3800000000000001,0.0,0.0,0.0,-0.010481650508171573,-0.022425510736576847,0.014630538406259412,0.03902993830788226,0.0029282057239100774,-0.004919999383784802,0.32082621423076096,0,0,0,6.26449627699994,6.26449627699994,14.0,3.273473089114007
march,1.4000000000000001,0.0,0.0,0.0,-0.009686832594029202,-0.027584028649791963,0.008260764646605504,0.04853064077456716,0.004752975273630195,-0.00585937620098513,0.32102623916675144,0,0,0,5.952463236737956,5.952463236737956,14.0,2.2050119328922944
march,1.42,0.0,0.0,0.0,-0.0059799310401392435,-0.030063656385884305,0.003296372876306278,0.05412170197465381,0.006127228291301387,-0.007991807096256591,0.321141535095423,0,0,0,6.26501219678839,6.26501219678839,14.0,2.4057704921404683
march,1.44,0.0,0.0,0.0,-0.0007294332179207739,-0.028920768048947516,-0.0042363578245356885,0.05757695419898633,0.006469228216030457,-0.01021000915751672,0.32115027899965093,0,0,0,6.480395413536002,6.480395413536002,14.0,3.3096851190117786
march,1.46,0.0,0.0,0.0,0.004594159135816468,-0.026151152614174538,-0.00793893954051671,0.04831077162857033,0.0061998332042335555,-0.011710606326579873,0.3210620382841135,0,0,0,6.60330547753336,6.60330547753336,14.0,3.21024015635454
march,1.48,0.0,0.0,0.0,0.009129722588467089,-0.0239459502920092,-0.009895652110339447,0.04078635727399972,0.006127938205569714,-0.012339855334301925,0.320933736996094,0,0,0,6.660720241612172,6.660720241612172,14.0,3.628105850156163
march,1.5,0.0,0.0,0.0,0.011491763949451584,-0.02443367385521026,-0.01709376332468909,0.041317609558049966,0.007449269817118411,-0.012597980465276278,0.32074306991324414,0,0,0,6.189280754884996,6.189280754884996,14.0,4.390155535319316
march,1.52,0.0,0.0,0.0,0.002504212131824821,-0.022453134848755444,-0.025854383775292464,0.05477411552703691,0.009365667137944277,-0.0132437088597665,0.3202919084587294,0,0,0,5.157668953177938,5.157668953177938,14.0,5.760522733593921
march,1.54,0.0,0.0,0.0,-0.013137539945703342,-0.008319907958738494,-0.0007930591935332792,0.14604330493978418,0.0011403581490219846,-0.017725862587260326,0.3200131219469419,0,1,0,5.560007812912209,5.560007812912209,14.0,10.030618095433647
march,1.56,0.0,0.0,0.0,-0.010847665367413524,-0.00016241610476260866,-0.003344211624771461,0.1667252293991685,0.004104176703178122,-0.01705271424024763,0.3200654999766439,0,0,0,4.028090779222947,4.028090779222947,14.0,2.0985328170913826
march,1.58,0.0,0.0,0.0,-0.01417351099292309,0.002441324088455885,-0.034440049128073566,0.16993254716105527,0.007196045929969748,-0.016855484848439378,0.3195866056424491,0,0,0,4.745601129279295,4.745601129279295,14.0,4.1635159437575755
march,1.6,0.0,0.0,0.0,-0.022894618051777636,0.0009914823315747882,-0.05052945200630395,0.11476950535497571,0.011962338480246346,-0.017101147158334686,0.31861263814810337,0,0,0,5.4646366041233465,5.4646366041233465,13.823890256921004,5.6641109987252705
march,1.62,0.0,0.0,0.0,-0.037114985540465835,-0.002673376406330936,-0.0603221659609861,0.07526662981233712,0.013945827820081287,-0.016561797093225625,0.31726603736023384,0,0,0,6.105166141876299,6.105166141876299,13.894345401246362,7.117377059370813
march,1.6400000000000001,0.0,0.0,0.0,-0.050875476132024575,-0.00438585978925535,-0.05630941768620332,0.06916533540428081,0.01435674247036118,-0.015242807545769519,0.3159010161826718,0,0,0,6.62423663675434,6.62423663675434,13.933067820959906,6.599151762157117
march,1.6600000000000001,0.0,0.0,0.0,-0.06042768529343567,-0.0043782912230242756,-0.04456391347854298,0.07479966699572886,0.014074344728540474,-0.013918970838537732,0.314795032657441,0,0,0,6.836361791984965,6.836361791984965,14.0,5.703738787002069
march,1.68,0.0,0.0,0.0,-0.06588294768321311,-0.004611989132331223,-0.027226352009032034,0.0768358289158842,0.013490581018796837,-0.0130877116631626,0.31405073976040243,0,0,0,6.860514766708466,6.860514766708466,14.0,2.9227614144645946
march,1.7,0.0,0.0,0.0,-0.06714614395493912,-0.005867538663672346,-0.0092298896427326,0.07578885738397335,0.013371083906457802,-0.012847970188367946,0.3136944466414719,0,0,0,6.898742855810416,6.898742855810416,13.920870260134361,1.7451032167683214
march,1.72,0.0,0.0,0.0,-0.06573680821355088,-0.00851972802429178,0.0017713237947537225,0.07260330128158322,0.01454137734291098,-0.012958371249901715,0.31363979111951235,0,0,0,6.836817552943529,6.836817552943529,13.814841502902002,1.5617338235171696
march,1.74,0.0,0.0,0.0,-0.06416520806633678,-0.012995880822640735,0.004748974718684015,0.07289910477247025,0.017162406610832202,-0.01383340325407877,0.3137376900229206,0,0,0,6.817291841200717,6.817291841200717,13.719962127582452,2.356307831937454
march,1.76,0.0,0.0,0.0,-0.06135631712910808,-0.02066329999925642,0.0038689488805311876,0.06238376760103486,0.020215596181054313,-0.015348886223060144,0.31385574302553665,0,0,0,6.8671387873359855,6.8671387873359855,13.564053274855514,3.1447760366261694
march,1.78,0.0,0.0,0.0,-0.05844442159337895,-0.030136508659329243,-0.0009352724073427613,0.05199628299332107,0.023947170004060124,-0.017126783422918696,0.31390795663969756,0,0,0,6.902632440322597,6.902632440322597,13.380566107989473,3.933460559465693
march,1.8,0.0,0.0,0.0,-0.057358421491898834,-0.03601239191378626,0.0011322632896527394,0.008044113366288231,0.026693415902487177,-0.018764755891326167,0.3138336667427791,0,0,0,6.59563882601641,6.59563882601641,13.299079473131616,4.818883269000917
march,1.82,0.0,0.0,0.0,-0.039488959010921046,-0.01749154633063912,0.013665038143768057,-0.014749181356936463,0.01481211335164838,-0.015462241792373075,0.31409585730113243,0,0,0,5.238249557137206,5.238249557137206,13.352878772193336,5.050841213654335
march,1.84,0.0,0.0,0.0,-0.0325368103205024,-0.004657140295935418,0.03976083700497803,-0.022644775029023116,0.008656009385742857,-0.011928912211125475,0.31454972228759237,0,1,0,6.242854391334104,6.242854391334104,13.221194511873367,5.3744098500682895
march,1.86,0.0,0.0,0.0,-0.020112297096759393,0.0015294836829723823,0.04373732114863451,-0.05164816621253493,0.010385724092962125,-0.01186511780390308,0.3154497255604903,0,1,0,6.943922081157882,6.943922081157882,13.112368037596784,0.5081024545042433
march,1.8800000000000001,0.0,0.0,0.0,-0.01316162432442499,0.002228848409536883,0.040069817952702515,-0.02382581519425925,0.010746295908179803,-0.010248579728008734,0.31621510235382716,0,0,0,6.990053474834126,6.990053474834126,13.018683262064723,5.994611752084722
march,1.9000000000000001,0.0,0.0,0.0,-0.015560790428290228,-0.0006608901683760473,0.0324377924000059,0.07371699269357491,0.006874510762910799,-0.006874017962830373,0.3167717097521236,0,0,0,10.36123478329279,10.36123478329279,12.939832357319418,11.863529925504348
march,1.92,0.0,0.0,0.0,-0.021688965273146784,0.0010221718255524115,0.027179214727595206,0.10973252076516973,0.001909119591064481,-0.0031694528894972073,0.3171775499632211,0,0,0,10.26008655883585,10.26008655883585,12.892068722945698,12.700212347622383
march,1.94,0.0,0.0,0.0,-0.029573958565811923,0.0044697239916092,0.028469392773303046,0.09017102523380956,-0.0018753141819832088,0.0005218402047594971,0.3176185982871166,0,0,0,6.901126314071513,6.901126314071513,12.861393532310721,11.112776232897566
march,1.96,0.0,0.0,0.0,-0.03717719977484594,0.00519460258886381,0.029114431005756045,0.08113276261903053,-0.002667697412158871,0.0037265657417835025,0.3181447962237265,0,0,0,6.898316114286926,6.898316114286926,12.862837060576972,6.717797171244246
march,1.98,0.0,0.0,0.0,-0.03828505465084017,0.003758050866602202,0.016977187984562072,0.09612645199445058,-0.0011518023835833196,0.005154096475414869,0.31856098354901,0,0,0,6.715343655545881,6.715343655545881,12.87269328479302,3.8558165013392927
march,2.0,0.0,0.0,0.0,-0.03205252247303868,0.0030934268640422794,0.004363710333939776,0.11762667356650487,0.0008585151521346302,0.003944190795093863,0.31873114931144364,0,0,0,6.45815929109781,6.45815929109781,12.885669955650407,2.631639806929113
march,2.02,0.0,0.0,0.0,-0.018813092848393567,0.003905497048924541,-0.009786865604624008,0.14525239310633337,0.0019740248307294084,-0.00021849885565595253,0.3186434551456919,0,0,0,7.206320351356892,7.206320351356892,12.825958200484013,1.9280397986630424
march,2.04,0.0,0.0,0.0,-0.00549265769990915,0.010464420689162802,-0.01656045828492774,0.1568597369186501,-0.00022927698192190847,-0.006205554253671436,0.31837320481196013,0,0,0,7.754972354621684,7.754972354621684,12.625904431266378,2.6010431773442555
march,2.06,0.0,0.0,0.0,0.006128968147132976,0.022313637577428033,-0.015394595295147353,0.15556180297989491,-0.004831063040513107,-0.011970703596003085,0.3180786038389057,0,0,0,8.045282972529714,8.045282972529714,12.395102920760465,3.0406236368022586
march,2.08,0.0,0.0,0.0,0.015956620352735953,0.03497611608615019,-0.00883591704463647,0.14180532131705162,-0.010864737495938153,-0.016518410575495805,0.3178856908102292,0,0,0,8.064977873050902,8.064977873050902,12.179056204832545,3.528844518235005
march,2.1,0.0,0.0,0.0,0.022115987272200637,0.04583420772778145,-0.005927106016195492,0.12662218606802655,-0.016410460143955335,-0.020375725239806856,0.3178127619036961,0,0,0,7.440615064892979,7.440615064892979,12.10073583316385,4.37943161330732
march,2.12,0.0,0.0,0.0,0.033876448848577406,0.03602293072011317,0.020691030138831362,0.16029722336438867,-0.010861442111449428,-0.01980177655252917,0.318068506619688,0,0,0,5.548672401756549,5.548672401756549,12.136248958750222,4.53679740215626
march,2.14,0.0,0.0,0.0,0.049929171737274215,0.015124902910266618,-0.007528061257486183,0.15404306720015312,0.0027213033245118497,-0.014091320661027345,0.3183541612176708,0,1,0,4.694962373789305,4.694962373789305,12.021813915628062,6.57215402249838
march,2.16,0.0,0.0,0.0,0.03344831417344658,0.011319737956012026,0.010330574691057292,0.12286481140949854,0.001665025011036592,-0.010042565180177024,0.3185194307381451,0,1,0,5.232047309966646,5.232047309966646,11.979478732890307,5.081671312942272
march,2.18,0.0,0.0,0.0,0.02288157106951005,0.014605082156629725,-0.0056194978386639,0.06686874850589694,-0.0011544704215601413,-0.007897264331488905,0.3185134792316011,0,0,0,5.7752438143895075,5.7752438143895075,11.944347378434106,4.584751345974595
march,2.2,0.0,0.0,0.0,0.009471486221391271,0.023167564031902718,-0.022310468864438784,-0.0660842413163029,-0.001137839275461294,-0.005424155478439098,0.3179921860553676,0,0,0,9.463786118288802,9.463786118288802,11.89523219978975,11.637587952043278
march,2.22,0.0,0.0,0.0,0.0006173422834434683,0.026334300826057398,-0.04364295835610612,-0.1497775431906185,-0.004099524362717217,-0.0032024094853159565,0.317000032426584,0,0,0,9.282598746965048,9.282598746965048,11.83681936722115,13.068075197158452
march,2.24,0.0,0.0,0.0,0.0018043336302961026,0.025127431201266242,-0.04998072976090069,-0.1366237690589201,-0.007397333578546006,-0.0024768337840507027,0.31581533386770183,0,0,0,7.665578576308033,7.665578576308033,11.740189024877857,10.64609284211475
march,2.2600000000000002,0.0,0.0,0.0,0.002066730199782528,0.02363209886001366,-0.036050043051436914,-0.10059933207936461,-0.009988115927709283,-0.0020568684833862684,0.3148492080338163,0,0,0,7.873595126642768,7.873595126642768,11.628861915110196,5.697107255240488
march,2.2800000000000002,0.0,0.0,0.0,-0.0011594171798561099,0.023451225347217386,-0.012847462583501086,-0.06283725773681216,-0.0123976171058195,-0.0007403145265761521,0.314349783805533,0,0,0,7.762450198747322,7.762450198747322,11.500841818597596,2.8813958445466525
march,2.3000000000000003,0.0,0.0,0.0,-0.0021530187302527936,0.026051883116905327,0.005433876162368952,-0.031889347194133805,-0.014793166199722188,0.0007278107678139428,0.3143090470812278,0,0,0,7.640911573420268,7.640911573420268,11.37130327021002,1.8270344995818473
march,2.32,0.0,0.0,0.0,0.001066624584926374,0.028503683988974807,0.011894552509210414,-0.0011385095831753602,-0.01682566438634608,0.001594042186879825,0.3145213261003682,0,0,0,7.53299674481602,7.53299674481602,11.256624864793299,1.6678729314396432
march,2.34,0.0,0.0,0.0,0.00382105825048078,0.029085161288666846,0.015361902752335283,0.020427510324203747,-0.017847044751794747,0.0017718664466895755,0.3148562482502423,0,0,0,7.44150700208923,7.44150700208923,11.14853767225829,2.999212406574094
march,2.36,0.0,0.0,0.0,0.006396118541005759,0.028409362632703456,0.01280947228996405,0.03377433657471521,-0.018566369917126187,0.0017403917175091287,0.3151881657530991,0,0,0,7.398216970356483,7.398216970356483,11.112981422592789,3.200603806044456
march,2.38,0.0,0.0,0.0,0.0103200641833497,0.027013956260164017,0.006028478423007567,0.041493012049006434,-0.018908558322922122,0.0017099660926367857,0.3154220399329452,0,0,0,7.3596488600638414,7.3596488600638414,11.081676183828876,3.932151747630377
march,2.4,0.0,0.0,0.0,0.013378650450076288,0.026009915030171242,-0.004708050009946666,0.03738191435488483,-0.01938363921103865,0.00171330939463327,0.31550120600331727,0,0,0,6.914006790413378,6.914006790413378,11.051692208145855,4.912356783921129
march,2.42,0.0,0.0,0.0,0.0014384000117384885,0.01887003778568848,-0.0023638339944041654,0.04217866774279083,-0.015145424692001074,0.0004539552845683174,0.31540892256430747,0,0,0,5.699791610057637,5.699791610057637,11.036152939547755,7.698354905191842
march,2.44,0.0,0.0,0.0,-0.004982215358530371,0.014328270930774227,0.06136660451607088,-0.04515831570029398,-0.008562771543284652,-0.0028375425900359183,0.31609586651320876,0,1,0,4.522027977078693,4.522027977078693,11.05429159905841,9.054064656498355
march,2.46,0.0,0.0,0.0,-0.001939663954518819,0.009581386319553796,0.0630808787177266,-0.06967560280071654,-0.006952613059980154,-0.003909437571001091,0.31743044571853557,0,1,0,4.877787088277582,4.877787088277582,11.098520790055176,0.7450393315328425
march,2.48,0.0,0.0,0.0,-0.0016446312719798559,0.006273951060356166,0.030424576085313834,-0.055279301192972835,-0.0020950358287413324,-0.004081804173580628,0.3183045003460394,0,0,0,5.328290694205953,5.328290694205953,11.002741726633296,2.548062893362065
march,2.5,0.0,0.0,0.0,-0.0034444661037062578,0.0008699255433515969,0.002688481169995758,0.014778897772898026,0.003502508590205458,-0.0024216309601347674,0.31850905364444293,0,0,0,6.184178255982459,6.184178255982459,10.867881687053064,7.829079210413587
march,2.52,0.0,0.0,0.0,-0.001839716082087446,-0.0025359433691629117,-0.0112283086870074,0.018393316164837636,0.007832808675764469,0.0001802813330757248,0.3182765274445619,0,0,0,8.317679918774974,8.317679918774974,10.907302339302724,10.254231255846255
march,2.54,0.0,0.0,0.0,0.0020476780433816826,-0.0053310703837816135,-0.017799044285258657,0.0005451718301280629,0.010659952115860453,0.0017051849738871834,0.3178674093994925,0,0,0,6.863494951609885,6.863494951609885,10.844244962725622,9.750217035113659
march,2.56,0.0,0.0,0.0,0.004813046984981018,-0.00887141011735254,-0.0147024658447517,-0.005696266113506734,0.012392905882580444,0.001576845125963719,0.3174693207600247,0,0,0,6.91244335245021,6.91244335245021,10.847614031993949,6.56548641039293
march,2.58,0.0,0.0,0.0,0.008639271085454222,-0.011163673339616247,-0.0066063692327441,-0.01643195866996012,0.012543670692203175,0.00043595767759728097,0.3172185874133211,0,0,0,6.850389398149619,6.850389398149619,10.906802538976258,3.840699871879055
march,2.6,0.0,0.0,0.0,0.01440694711286284,-0.011990218332974844,0.003084432030242672,-0.03581678642580177,0.011685277252961883,-0.0009657247240431057,0.31717480632188283,0,0,0,6.689573311813669,6.689573311813669,10.906311112693864,2.614681203251631
march,2.62,0.0,0.0,0.0,0.020530933096709156,-0.011849538703835148,0.01092731700533498,-0.0548849025564871,0.010557303164000923,-0.0024949174604259076,0.31733476880265077,0,0,0,6.449728508651147,6.449728508651147,10.812943248539753,2.301244326931233
march,2.64,0.0,0.0,0.0,0.026244505985109728,-0.010844422814870651,0.010292174767359906,-0.05793242194539298,0.009677750010949976,-0.0040594901673907625,0.31757732793330484,0,0,0,6.25143504802254,6.25143504802254,10.657098345972653,3.3255642584050045
march,2.66,0.0,0.0,0.0,0.03123600058722576,-0.009582092507448913,0.007688844054694598,-0.0592799868779067,0.009301313199586892,-0.0052365235868754205,0.31779743430076923,0,0,0,6.15847158483242,6.15847158483242,10.463180504851628,3.941983518064075
march,2.68,0.0,0.0,0.0,0.03576629031130267,-0.008953134265063195,0.0016979983661904534,-0.05050489501635227,0.0094452482358331,-0.005882479843952644,0.3179438370583549,0,0,0,6.126127675133257,6.126127675133257,10.284288508370388,3.7582695497309624
march,2.7,0.0,0.0,0.0,0.03707881092996159,-0.011479342039483807,-0.009785691886433747,-0.01992545906747129,0.009968435303994798,-0.006396959855150399,0.31793100240214484,0,0,0,6.154993238059464,6.154993238059464,10.220326027361146,4.439859254231239
march,2.72,0.0,0.0,0.0,0.025482396576510007,-0.011883102305496005,-0.02158585614873242,0.007577034779479338,0.010089034255409074,-0.007395866100092563,0.31762427944552657,0,1,0,5.709745481480971,5.709745481480971,10.264590974415164,5.948966828219878
march,2.74,0.0,0.0,0.0,0.015373079956593335,-0.02177842904544063,0.030565157943456874,0.08385332717686346,0.00915456604414823,-0.007047921272606273,0.3179726291563287,0,1,0,4.02236659240121,4.02236659240121,10.380252013784535,2.029723932348954
march,2.7600000000000002,0.0,0.0,0.0,0.008455466881302321,-0.025796596565349716,0.011734925592408116,0.10842927702305424,0.007545779248857021,-0.005636578452386319,0.3184139225839571,0,1,0,4.612520948556404,4.612520948556404,10.36294031161314,0.3482769243528183
march,2.7800000000000002,0.0,0.0,0.0,-0.00507880061338561,-0.018533729670355888,-0.00938935680662346,0.04490312714812502,0.005083868439791802,-0.0034048949347747735,0.3183225036133589,0,0,0,6.2695770063294995,6.2695770063294995,10.362682577120378,6.6111201409082785
march,2.8000000000000003,0.0,0.0,0.0,-0.02148673983701239,-0.008211290938918018,-0.022912034342712287,-0.08276344713236132,0.0022455733310284497,-0.00022948043195270888,0.31770214180215245,0,0,0,12.166540596065351,12.166540596065351,10.356217658087111,14.767414354797596
march,2.82,0.0,0.0,0.0,-0.024831897860605103,-0.004622238329962653,-0.050378199898066536,-0.14881269479737624,-0.00511452738594082,0.002133774775371872,0.31657692009942706,0,0,0,11.138593403599844,11.138593403599844,10.334545317501874,15.403386419776057
march,2.84,0.0,0.0,0.0,-0.018758704108310865,-0.005399548968267726,-0.060933707085794125,-0.13831975615593858,-0.013195699479166554,0.0032019089364494404,0.31519187693181094,0,0,0,7.434461277828763,7.434461277828763,10.280730600843398,12.271118399307161
march,2.86,0.0,0.0,0.0,-0.017563673816800227,-0.0035943069288106194,-0.04740874750463496,-0.12279714688865884,-0.019356924443869945,0.005073260138485207,0.31400655814030703,0,0,0,7.5695250670176,7.5695250670176,10.198161900574824,5.905777999445497
march,2.88,0.0,0.0,0.0,-0.0183317400375816,0.001052332298762171,-0.025480139095308767,-0.09592971834450634,-0.023757668833436305,0.007727406209205883,0.3132713884471637,0,0,0,7.496151271167538,7.496151271167538,10.104959118605223,2.9830419430614623
march,2.9,0.0,0.0,0.0,-0.01728995786696432,0.008010987082872857,-0.002889336730988015,-0.05813111449626512,-0.02654508958623642,0.009698164603896893,0.31301823454681543,0,0,0,7.412248595416081,7.412248595416081,10.019540218101906,1.8135206911082105
march,2.92,0.0,0.0,0.0,-0.012492045123407068,0.01390149171454081,0.008486198440694127,-0.013182462102225557,-0.0278233300313069,0.010361558564647601,0.3131362409903185,0,0,0,7.317576439401464,7.317576439401464,9.939499493223433,1.8823593541238053
march,2.94,0.0,0.0,0.0,-0.007875362967585488,0.01668897520960946,0.015300469032665267,0.012575133089812446,-0.027595641532759296,0.009982976413149892,0.3134457594867246,0,0,0,7.247636612180153,7.247636612180153,9.865523470775315,3.0541318361866843
march,2.96,0.0,0.0,0.0,-0.0035874336862194963,0.017375972447261048,0.015493349693853875,0.03370847102679685,-0.026851547757571856,0.00915750014534946,0.3138102007515005,0,0,0,7.20318298208714,7.20318298208714,9.852424225802,3.235868820966334
march,2.98,0.0,0.0,0.0,0.0013699109126181952,0.016973130199558418,0.00959868127521112,0.05084263287438527,-0.025701091521100245,0.008326165733997396,0.3141115417179264,0,0,0,7.150657706485083,7.150657706485083,9.842610043985296,3.9446527632074884
march,3.0,0.0,0.0,0.0,0.005830046444831246,0.016339246644574288,-0.0014996227642490399,0.05173048029757256,-0.024850531938069992,0.007552180565567821,0.31426094696806883,0,0,0,6.701918457074394,6.701918457074394,9.834454797305089,4.910368675887571
forward,3.02,0.30000000000000004,0.0,0.0,-0.007436902038385311,0.006748191560195722,0.01050223824075573,0.05944322009108878,-0.01765805835962911,0.004691505671490059,0.31434947187892875,0,0,0,5.69065236594464,5.69065236594464,9.839772969749244,8.063969393233943
forward,3.04,0.30000000000000004,0.0,0.0,-0.011958221713048767,0.0039791078848221756,0.07536071604606313,-0.015129503873917843,-0.010134720887416829,-0.000732304750858762,0.31532628920131206,0,1,0,4.196085930814959,4.196085930814959,9.880009312068509,9.421636542282751
forward,3.06,0.30000000000000004,0.0,0.0,-0.002174945896041466,0.004075054334064222,0.07069009686694663,-0.050680346231937616,-0.010027035084003346,-0.003996416320501755,0.3168776362791332,0,1,0,4.578633343615276,4.578633343615276,9.925076669035604,1.035776497466813
forward,3.08,0.30000000000000004,0.0,0.0,0.005353965813018917,0.007348426932401135,0.035569071856227076,-0.049221889070789164,-0.010274645150204048,-0.006210331127831833,0.3178719611336515,0,0,0,5.063854387994202,5.063854387994202,9.849416820679178,2.6699169633017883
forward,3.1,0.30000000000000004,0.0,0.0,0.006484714186130323,0.01082966832107828,0.0029328651175279667,0.048678849470397814,-0.007569616797607784,-0.006258868180673716,0.3180728749444377,0,0,0,5.607228225040775,5.607228225040775,9.72911349210396,6.054924203052742
forward,3.12,0.30000000000000004,0.0,0.0,0.009897018832163052,0.011013223890007612,-0.01916543055203932,0.10947784227846709,-0.0016057717344790973,-0.005345063052105348,0.3177662174554212,0,0,0,6.457830200446137,6.457830200446137,9.816199382522857,8.653867352358278
forward,3.14,0.30000000000000004,0.0,0.0,0.01671636756067123,0.011701698116052973,-0.027174963913414348,0.11881271513268143,0.005191123559064573,-0.004076900877306311,0.317221049155575,0,0,0,6.53663961221557,6.53663961221557,9.82065511905024,8.385474685570825
forward,3.16,0.30000000000000004,0.0,0.0,0.02453678170502887,0.011778334943431721,-0.022957404241808487,0.10383385224995699,0.0108435763499257,-0.002364599129910517,0.31669104594149816,0,0,0,6.9767713172799795,6.9767713172799795,9.876602373029812,5.459498484237898
forward,3.18,0.30000000000000004,0.0,0.0,0.03704880639999681,0.01028341994057959,-0.016425587527185176,0.058224909939415974,0.014433219902411448,-0.0006687009513381431,0.3162878646015812,0,0,0,7.283236692258383,7.283236692258383,9.891909637378951,3.280554598009367
forward,3.2,0.30000000000000004,0.0,0.0,0.05605385475874179,0.00924932647494163,-0.013945780879252993,-0.020270512316440004,0.015352843787041437,0.0001287585715521026,0.315980289569236,0,0,0,7.473984038945728,7.473984038945728,9.853723318152458,2.552847224361366
forward,3.22,0.30000000000000004,0.0,0.0,0.08415240270647183,0.012716779697554841,-0.016636076255054,-0.12638697672646299,0.013679847906024868,-0.0005086703672237219,0.31568564098216045,0,0,0,7.582848614566422,7.582848614566422,9.758512537259243,2.3883069718421743
forward,3.24,0.30000000000000004,0.0,0.0,0.12148155711629692,0.020306129522961416,-0.025289046086443338,-0.25793378033200565,0.008849429265904792,-0.0027855794446572215,0.3153059395400947,0,0,0,7.710337391994027,7.710337391994027,9.653995144619387,2.4207853602428986
forward,3.2600000000000002,0.30000000000000004,0.0,0.0,0.16549058584804627,0.034702597905354904,-0.03727364872734791,-0.39130500907929316,0.0016736842466336234,-0.00663505738414147,0.31473115805090013,0,0,0,7.876414260273285,7.876414260273285,9.533551321930897,2.7800760668890794
forward,3.2800000000000002,0.30000000000000004,0.0,0.0,0.21350225875704598,0.055806564718328046,-0.05601050189231767,-0.5102386766815037,-0.0075927979114043115,-0.01099760698865382,0.31386074244799805,0,0,0,7.71250779107371,7.71250779107371,9.460936718189501,3.547614324568594
forward,3.3000000000000003,0.30000000000000004,0.0,0.0,0.2537089870981037,0.06435831859183405,-0.0487931439581962,-0.44783820814599706,-0.012172293760126934,-0.012680236751282707,0.31265397927589444,0,0,0,7.356749852971577,7.356749852971577,9.499046017298667,3.6581166941347614
forward,3.3200000000000003,0.30000000000000004,0.0,0.0,0.2937173708001901,0.035330432672553806,-0.05501255284255329,-0.3053486074785221,0.0014172590547801781,-0.0038947457904727786,0.3117422550142208,0,0,0,7.135524212480419,7.135524212480419,9.389041105313591,5.527106563606852
forward,3.34,0.30000000000000004,0.0,0.0,0.3158671088366472,0.017044067820319486,-0.04019159528594947,-0.18991976878452904,0.012478132966623168,0.0026108653791296482,0.3104992575528499,0,1,0,7.610655518813237,7.610655518813237,9.286305383676215,3.485100050645444
forward,3.36,0.30000000000000004,0.0,0.0,0.3218617046222306,0.01900405383059672,0.00860765154994873,-0.08061880414610376,0.010651916976407513,0.0004281034089200917,0.3102683153675772,0,1,0,7.886119013289864,7.886119013289864,9.19025341105305,4.212769725099888
forward,3.38,0.30000000000000004,0.0,0.0,0.313330996754618,0.021034489984819507,0.028415538670024883,-0.11043437869338683,0.008226996833834134,-0.0027687376471907583,0.3106586206784075,0,0,0,8.351221967950648,8.351221967950648,9.100359467241375,3.0309785979109094
forward,3.4,0.30000000000000004,0.0,0.0,0.30890585688636907,0.02283085067041802,0.03416186118840599,-0.1712984276813549,0.0016662404199678854,-0.004611647740541945,0.3112715312048978,0,0,0,8.833261297069214,8.833261297069214,9.016149925309751,5.235565521078652
forward,3.42,0.30000000000000004,0.0,0.0,0.3202824146803167,0.021871997364991028,0.029934004824750088,-0.17423192802920595,-0.004970464583712767,-0.009948881870050743,0.31185654597425,0,0,0,9.298486057343805,9.298486057343805,8.937196797260736,5.690120614686246
forward,3.44,0.30000000000000004,0.0,0.0,0.3298112546617097,0.01765430092497211,0.04038670346214094,-0.15349036518532408,-0.008800774216998888,-0.01742723115934386,0.3126107239809965,0,0,0,9.258795040644726,9.258795040644726,8.857345858602564,4.7390107391074485
forward,3.46,0.30000000000000004,0.0,0.0,0.33436814497121314,0.014699249722616601,0.05794374660838202,-0.12915119655975682,-0.010664821143557608,-0.023442893744711223,0.31377658297151706,0,0,0,8.64927443379523,8.64927443379523,8.766964443071856,3.2139921011236194
forward,3.48,0.30000000000000004,0.0,0.0,0.33549251925230067,0.014970839967576387,0.06352369566668083,-0.134172679542969,-0.010944810389343581,-0.026848392800048956,0.3152426434860714,0,0,0,7.622272844690507,7.622272844690507,8.6967306429481,2.79132121969444
forward,3.5,0.30000000000000004,0.0,0.0,0.34063879376889217,0.015023208513963963,0.051242282687886116,-0.1390601989303652,-0.01036854908029273,-0.028214486561172026,0.31665180295058454,0,0,0,6.598788574459081,6.598788574459081,8.63712267349787,2.9177635228759113
forward,3.52,0.30000000000000004,0.0,0.0,0.3509082170304224,0.01370809169867179,0.020315010285007543,-0.13745729768697562,-0.009731551210463511,-0.02807842317040561,0.3175923948371498,0,0,0,5.9434893510166145,5.9434893510166145,8.594887923530578,2.9321109745109286
forward,3.54,0.30000000000000004,0.0,0.0,0.3652513810021531,0.011486312178242536,-0.016048908834360363,-0.10600180767711767,-0.008953509171718372,-0.026405559428630467,0.3178150057683981,0,0,0,5.655141538985445,5.655141538985445,8.63811724949246,3.5169100429202875
forward,3.56,0.30000000000000004,0.0,0.0,0.3770280216900779,0.014892604098501332,-0.03270341835242497,-0.07969632993955003,-0.009571463563507661,-0.023270756438454367,0.31742636597302776,0,0,0,5.495069985429214,5.495069985429214,8.693184822461554,4.438003351674827
forward,3.58,0.30000000000000004,0.0,0.0,0.3802616696891494,0.027450316730502442,0.02090212733860415,-0.01992136623394845,-0.01834516319909112,-0.014632962460399626,0.31736559896314115,0,1,0,5.880507855854165,5.880507855854165,8.753291928834408,4.883090772034767
forward,3.6,0.30000000000000004,0.0,0.0,0.3670828998674983,0.020124271959341546,0.08279758019797356,0.021198553317917323,-0.01620767101320062,-0.01168332561912862,0.3186939120962823,0,1,0,5.921558931744254,5.921558931744254,8.84877372300586,1.596716934812426
forward,3.62,0.30000000000000004,0.0,0.0,0.34709742184742526,0.015273985040072522,0.07085396258228219,0.07591608326063048,-0.015508881694963278,-0.01088073846146059,0.3203710464861927,0,0,0,6.4196256379467505,6.4196256379467505,8.799172604716201,1.5197860110459385
forward,3.64,0.30000000000000004,0.0,0.0,0.3251300775154482,0.017816909752306934,0.04195207342109379,0.18405153541625005,-0.012615920704873657,-0.011259284838164742,0.3214606693525529,0,0,0,10.055515574968577,10.055515574968577,8.733461670610236,10.36281994873151
forward,3.66,0.30000000000000004,0.0,0.0,0.3100345459814539,0.01872906098225012,0.010307998440984567,0.19583925861639306,-0.00950757843676459,-0.013785845350579104,0.32200731682933403,0,0,0,15.12553881018192,14.0,8.671676353932899,15.86440849526829
forward,3.68,0.30000000000000004,0.0,0.0,0.31948889120159063,0.022861994038329565,-0.009589768604932528,0.16929241206485734,-0.005391373126093095,-0.02051670446503891,0.3220807199228871,0,0,0,13.439467186889042,13.439467186889042,8.514558506605201,17.599595657307784
forward,3.7,0.30000000000000004,0.0,0.0,0.33736624736146686,0.02699577250004894,-0.001535541807951046,0.17731375561292917,-0.0007032542203501423,-0.02810612279662989,0.32207576839262103,0,0,0,10.38668263258854,10.38668263258854,8.13456188420476,16.95476010642185
forward,3.72,0.30000000000000004,0.0,0.0,0.34957591577895947,0.02720630058520258,0.028804624585700316,0.18502454574290794,0.002926831957400077,-0.033105392155245605,0.3226037435436335,0,0,0,9.453170093328156,9.453170093328156,7.98137473095456,10.289850361798704
forward,3.74,0.30000000000000004,0.0,0.0,0.3462293177020539,0.024530195000954932,0.05974961412755841,0.1651852603101541,0.0046236922192425785,-0.03520367038452851,0.3238452235294999,0,0,0,8.53037839272867,8.53037839272867,7.991290644461376,6.919082661098164
forward,3.7600000000000002,0.30000000000000004,0.0,0.0,0.3385473833541753,0.018827685990038256,0.0728098553552196,0.15966915953980348,0.004453436008733949,-0.035060751836552384,0.32552930894823756,0,0,0,7.4358405590110115,7.4358405590110115,8.07618676200186,5.811489750159147
forward,3.7800000000000002,0.30000000000000004,0.0,0.0,0.3353907331952744,0.0127432443232346,0.061977142452842596,0.18520877700665864,0.003897888198196864,-0.03401554730512539,0.32721363697124656,0,0,0,6.51387623358807,6.51387623358807,8.183433963776192,3.8628024087421533
forward,3.8000000000000003,0.30000000000000004,0.0,0.0,0.33598994181225195,0.008758641058829921,0.02558957776638532,0.22125595509344181,0.0026707860767631168,-0.031881377799694605,0.3283895408044906,0,0,0,5.744672372696668,5.744672372696668,8.297234522600576,3.770284901816847
forward,3.8200000000000003,0.30000000000000004,0.0,0.0,0.33717391565673677,0.005182574747288617,-0.03774414312980904,0.26328431421379667,0.0008858691908132465,-0.02806489981903811,0.32851216891660096,0,0,0,4.700812682182542,4.700812682182542,8.370538688953918,4.35622168159051
forward,3.84,0.30000000000000004,0.0,0.0,0.3366074401406306,0.0014379448875342323,-0.12586868707202986,0.2970221549916036,0.00013129488206137534,-0.022731741323498214,0.3270561280923906,0,0,0,4.6467613182288705,4.6467613182288705,8.452157246526678,5.955096903555782
forward,3.86,0.30000000000000004,0.0,0.0,0.33043480939212305,-0.020564559555062253,-0.17385269313938498,0.34245359558661653,0.00875489807769515,-0.013342739863694277,0.3240976245296398,0,0,0,5.204624073412944,5.204624073412944,8.549364627235047,6.341071532468435
forward,3.88,0.30000000000000004,0.0,0.0,0.3093522069940829,-0.03324374516701846,-0.1736665075406839,0.17824256489502677,0.018014828152610983,-0.00199512545683334,0.3203880707582759,0,1,0,7.801590107530549,7.801590107530549,8.501560204134012,6.114464820223467
forward,3.9,0.30000000000000004,0.0,0.0,0.2440320489465933,-0.03233031377299405,-0.07607034510915466,0.11079092933306993,0.012833536628904983,0.000904033868485494,0.31810686113182957,0,0,0,9.276388405432511,9.276388405432511,8.459356970413786,3.8357505874419844
forward,3.92,0.30000000000000004,0.0,0.0,0.19529737699348695,-0.02211075001148061,-0.05128174725457843,0.1930469766376499,0.0035760844728693715,0.0006998037298783442,0.3167787732092865,0,0,0,10.011061959380806,10.011061959380806,8.413529458063365,11.166122760487063
forward,3.94,0.30000000000000004,0.0,0.0,0.1928939733129155,-0.017800358021926567,-0.040347898260598744,0.22003156321293005,-0.002998296058834498,-0.005631862802292089,0.3158163062101752,0,0,0,9.621340330930591,9.621340330930591,8.370305031028376,12.49723503972901
forward,3.96,0.30000000000000004,0.0,0.0,0.2055221714659492,-0.023535924580178183,-0.020394332323636234,0.18732649211159874,-0.00881090077568113,-0.015500127001359701,0.31517257482302213,0,0,0,10.035250083385183,10.035250083385183,8.306936124499206,9.991060313010161
forward,3.98,0.30000000000000004,0.0,0.0,0.20615014320656136,-0.02723694688365303,0.015969026553677025,0.16594200186018196,-0.011157869457807912,-0.02398644515382771,0.3152252975913459,0,0,0,9.486342523742922,9.486342523742922,8.196862426763733,4.586574509525428
forward,4.0,0.30000000000000004,0.0,0.0,0.19583821203370566,-0.02474035105239467,0.04671983690203911,0.12856094181795502,-0.010999621615386182,-0.029633934552276774,0.3160704505065075,0,0,0,8.43141472676885,8.43141472676885,8.09481587510852,2.741086477223625
forward,4.0200000000000005,0.30000000000000004,0.0,0.0,0.18272905175023146,-0.018952928235593268,0.056469375886633755,0.05403489111355084,-0.009529150268694837,-0.03386928831299488,0.3173365920205421,0,0,0,7.2637168880007845,7.2637168880007845,8.039566267498959,2.994194387548861
forward,4.04,0.30000000000000004,0.0,0.0,0.17317718380046537,-0.014774943168471572,0.04195242537864709,-0.01557671516532751,-0.008064922460717043,-0.03729266154790577,0.31851540780279236,0,0,0,6.553158999781337,6.553158999781337,8.016903928299879,3.155238821785081
forward,4.0600000000000005,0.30000000000000004,0.0,0.0,0.17097217260679584,-0.014127656759769344,0.010746800956045112,-0.052183746658133856,-0.006036175473431827,-0.03957208297030665,0.319196943717168,0,0,0,6.314859028174155,6.314859028174155,8.045436897409974,3.1718684352790887
forward,4.08,0.30000000000000004,0.0,0.0,0.17652956523868418,-0.017254456726071215,-0.02290488572012528,-0.05191910527119108,-0.003255286844615907,-0.04052883899050969,0.3192147105585135,0,0,0,6.4413155810763305,6.4413155810763305,8.086083346509291,3.948146750558887
forward,4.1,0.30000000000000004,0.0,0.0,0.18053452546274937,-0.012591643345666235,-0.02730361439954595,-0.12570495967242926,-0.004847726285306466,-0.03844317851460217,0.31872137430523717,0,0,0,5.934792662675605,5.934792662675605,8.124676391063456,4.309785814621494
forward,4.12,0.30000000000000004,0.0,0.0,0.20773035036396323,0.0073761770790453,-0.0590303727141253,-0.11495251808411366,-0.018855624818953302,-0.029275949967124838,0.3181362025418349,0,1,0,5.21154135097618,5.21154135097618,8.166313479936157,4.183721708090998
forward,4.14,0.30000000000000004,0.0,0.0,0.22115483361589972,-0.0010913390362406186,-0.012696706944682334,-0.12609006255467345,-0.016147915105533435,-0.025399690800948803,0.3176433796648547,0,1,0,7.119059703129979,7.119059703129979,8.255275213559745,3.8518349183984064
forward,4.16,0.30000000000000004,0.0,0.0,0.2329881830523153,-0.00944535108116929,-0.008537584453606268,-0.10613430478895909,-0.011151838202227102,-0.02539061524010907,0.31760047032474004,0,1,0,7.5833638994527535,7.5833638994527535,8.25046875179482,1.7802014181623167
forward,4.18,0.30000000000000004,0.0,0.0,0.22686207119261173,-0.012547991891381154,-0.015585686693924952,-0.025073381479486807,-0.0066432686623842,-0.023439074108493278,0.31748467027832644,0,0,0,8.097850722308998,8.097850722308998,8.216358006353271,4.157832789885751
forward,4.2,0.30000000000000004,0.0,0.0,0.22028113196557392,-0.01366968385853969,-0.020346010947672525,0.012288444722557277,-0.0026100573313279176,-0.02113943657937953,0.31720334108022796,0,0,0,8.742565154415805,8.742565154415805,8.184124667259848,7.385428018594067
forward,4.22,0.30000000000000004,0.0,0.0,0.2244107321113395,-0.0068400506175158105,-0.016670257531450728,-0.04086000877284966,-0.0023157792903422173,-0.023305859631860538,0.31688403453787756,0,0,0,9.489577787523663,9.489577787523663,8.233326721735008,7.417877457763633
forward,4.24,0.30000000000000004,0.0,0.0,0.2255945166367345,0.003311822038391918,0.004221342286342527,-0.08474193329413666,-0.00496035221128568,-0.028335867008443746,0.3168605391084912,0,0,0,9.880456806575353,9.880456806575353,8.310927003598671,5.334070274890349
forward,4.26,0.30000000000000004,0.0,0.0,0.22569267179951144,0.011818836574012066,0.02853390236947173,-0.08406305978182228,-0.007673839335156348,-0.03469854061781502,0.31735606246978393,0,0,0,9.914201164086291,9.914201164086291,8.345524729490663,3.217493970120338
forward,4.28,0.30000000000000004,0.0,0.0,0.2328584286480068,0.02049590008792629,0.03880776639307538,-0.02780659007821815,-0.010232501775540042,-0.04215931047253264,0.31823941891528257,0,0,0,9.870562660184202,9.870562660184202,8.317731659143607,2.628498839947069
forward,4.3,0.30000000000000004,0.0,0.0,0.2495541271241183,0.03368972374273197,0.026001087055045342,0.05466120566246379,-0.01447995956524603,-0.05072249470709223,0.3191368304793485,0,0,0,9.72496592995808,9.72496592995808,8.279889458545309,2.190450123658519
forward,4.32,0.30000000000000004,0.0,0.0,0.2698310982919768,0.055098516314252596,0.0032070100992999725,0.09881302302316203,-0.02193652898580288,-0.05875817450669304,0.3197206245313927,0,0,0,9.667799765418833,9.667799765418833,8.244151389867245,2.329623883380546
forward,4.34,0.30000000000000004,0.0,0.0,0.29079627411174236,0.08125686215213344,-0.023225123830188887,0.08657471915906395,-0.031874657954540135,-0.06446122587634953,0.31983804667521804,0,0,0,9.230715005574227,9.230715005574227,8.142802370313039,2.61550584387734
forward,4.36,0.30000000000000004,0.0,0.0,0.30417767557958897,0.09061000211905036,-0.011617860600813625,0.1471558060880877,-0.03406981104309368,-0.06474766392988084,0.31973792039718635,0,0,0,8.39772450194697,8.39772450194697,8.057517788325569,2.781894705426108
forward,4.38,0.30000000000000004,0.0,0.0,0.33345338932957286,0.08771863718840309,-0.02444542879919584,0.15937389627554027,-0.025455671846580083,-0.05665116274904335,0.3197720955205305,0,0,0,7.1264149562659,7.1264149562659,7.995617882800442,3.5881807806094086
forward,4.4,0.30000000000000004,0.0,0.0,0.3692326515478155,0.0738476652811785,-0.06628427372932177,0.16551872991489067,-0.012698888239457347,-0.04513802376300982,0.3191793449163401,0,0,0,6.024306052106368,6.024306052106368,7.99565159594518,4.016412148449968
forward,4.42,0.30000000000000004,0.0,0.0,0.39437667255227343,0.0504370580507129,-0.1155584488003036,0.09895334167071933,0.0004744314550516809,-0.03201852130665232,0.31753782126403757,0,1,0,5.950107629576575,5.950107629576575,8.052235942070116,4.015954060373616
forward,4.44,0.30000000000000004,0.0,0.0,0.3797864139017933,0.04950432487258681,-0.05564288653466461,0.017128771097204048,-0.006532839385160504,-0.02712443353877862,0.31615725315145693,0,1,0,7.809972852409212,7.809972852409212,8.067313024062678,3.50817482611026
forward,4.46,0.30000000000000004,0.0,0.0,0.34716295205514136,0.05400126623745622,-0.043305390273137234,-0.016558549390648776,-0.010643938274731476,-0.026149032840447697,0.31531894741337857,0,0,0,8.691330428500404,8.691330428500404,8.04316612806663,7.661474310156825
forward,4.48,0.30000000000000004,0.0,0.0,0.34010015756469847,0.05748546728062627,-0.03973577581398778,0.00844185678926264,-0.011483394093719118,-0.029727727823896988,0.3144676744924207,0,0,0,10.06243358258885,10.06243358258885,8.010132099001229,9.462677684947824
forward,4.5,0.30000000000000004,0.0,0.0,0.341680822026936,0.05462298828932818,-0.02198514958751517,0.053132205417149844,-0.012797894958936299,-0.036431987861512534,0.3139501840183731,0,0,0,10.398498812423362,10.398498812423362,7.923040179546252,7.762407766552624
forward,4.5200000000000005,0.30000000000000004,0.0,0.0,0.33663534097504194,0.051017452481966985,0.01220626485599561,0.09697567054814142,-0.014287349586572795,-0.042569368371337145,0.31411528417158263,0,0,0,9.909006573332395,9.909006573332395,7.796085934223413,3.931907982548471
forward,4.54,0.30000000000000004,0.0,0.0,0.3252858008671204,0.049799136390842304,0.042636965392729945,0.12358963978364143,-0.015181050437578121,-0.0464758831188798,0.31502005556837714,0,0,0,8.821893049002512,8.821893049002512,7.680223271035743,2.8356048042834354
forward,4.5600000000000005,0.30000000000000004,0.0,0.0,0.3126501902442998,0.05233731136918148,0.049847852776654614,0.14283742697197804,-0.016536218839102012,-0.04836231923575409,0.3163133736709116,0,0,0,7.619062581333543,7.619062581333543,7.611022736876361,2.441536718158817
forward,4.58,0.30000000000000004,0.0,0.0,0.30467549296558544,0.054363905330175495,0.03270221365676464,0.12850719419716916,-0.01832532088469857,-0.04868902342379557,0.31748276407773474,0,0,0,6.720206813223331,6.720206813223331,7.595730154397788,2.3145231286607997
forward,4.6000000000000005,0.30000000000000004,0.0,0.0,0.3006733916992343,0.054922780785416445,-0.0040201276551554786,0.10341931080813394,-0.019920681214744138,-0.046900547696891046,0.31805061362057097,0,0,0,6.22971955666673,6.22971955666673,7.595942508926079,2.444063484908419
forward,4.62,0.30000000000000004,0.0,0.0,0.30231123456875914,0.05346820900709992,-0.0513824045768292,0.09323365784319082,-0.021033899083892502,-0.04249201314140539,0.31771943917889284,0,0,0,6.099435335741066,6.099435335741066,7.640925214783554,3.2405011049654373
forward,4.64,0.30000000000000004,0.0,0.0,0.30613862771158257,0.05623751791166232,-0.08140903228377741,0.04596540775912003,-0.0242793422450504,-0.03384313492208169,0.316463937833082,0,0,0,5.960143576117075,5.960143576117075,7.692717549109034,3.701185491472283
forward,4.66,0.30000000000000004,0.0,0.0,0.33161571694106695,0.0678328103070066,-0.11852519427595085,0.1188869898337051,-0.034863274826059845,-0.018940273693879735,0.31466679180756735,0,1,0,5.159092148016673,5.159092148016673,7.742522582541216,4.327104626735781
forward,4.68,0.30000000000000004,0.0,0.0,0.32359529517331714,0.03900660482875069,-0.017409775809426563,0.025514352096032217,-0.028211472465469508,-0.009333804864993743,0.31341389429644767,0,1,0,7.9274160828976505,7.9274160828976505,7.816970656014316,5.499469892431963
forward,4.7,0.30000000000000004,0.0,0.0,0.31010224758141947,0.011989190377002794,0.031916593549437065,-0.07195654579528808,-0.01933298629657064,-0.005199910888245507,0.3137700358239053,0,1,0,7.834946009423184,7.834946009423184,7.873699455418805,3.0412016135333912
forward,4.72,0.30000000000000004,0.0,0.0,0.28197073712063814,-0.0011887580785628388,0.04372081401736776,-0.10855097086126062,-0.011410672706714212,-0.0030099443135367544,0.3146480865106292,0,0,0,7.851180840523959,7.851180840523959,7.870724725462054,7.753204848757948
forward,4.74,0.30000000000000004,0.0,0.0,0.2782594281767756,-0.007501147619162223,0.027960999270511964,-0.10600426591606033,-0.002161889332668485,-0.0042423496199209204,0.3153740290329921,0,0,0,7.263416641324578,7.263416641324578,7.960078760092124,7.973616485914816
forward,4.76,0.30000000000000004,0.0,0.0,0.29121992899628524,-0.005462027632878468,0.02288923738486119,-0.10228434066949782,0.0059634684268071655,-0.009932204534564733,0.315846857760646,0,0,0,8.214206274794014,8.214206274794014,8.02805012398672,6.6046605898323785
forward,4.78,0.30000000000000004,0.0,0.0,0.30159835253239653,-0.002224020825698453,0.035122035827192206,-0.10606749269025184,0.01077570840798819,-0.016097568909529708,0.316477538919031,0,0,0,8.514261043501529,8.514261043501529,8.050305190847446,4.475281343982212
forward,4.8,0.30000000000000004,0.0,0.0,0.31075567252484254,-0.003936135900788152,0.04469615215861141,-0.06054794668871171,0.01309485754256676,-0.02165108787143072,0.31741913726750426,0,0,0,8.295606406971409,8.295606406971409,8.007665163052007,3.2185464244005075
forward,4.82,0.30000000000000004,0.0,0.0,0.3187073320575101,-0.0051640678691285274,0.04281771332935406,0.008785195642118397,0.012709956421753071,-0.02692433102071024,0.3184903887116199,0,0,0,7.731996637333904,7.731996637333904,7.971375889556818,2.7153252818916997
forward,4.84,0.30000000000000004,0.0,0.0,0.3278052078283664,-0.0036874540523371933,0.0302601703127774,0.04923048785206657,0.00960884788492041,-0.030880604617202826,0.31945382117283005,0,0,0,7.098548356312258,7.098548356312258,7.952334409507692,2.804708455923286
forward,4.86,0.30000000000000004,0.0,0.0,0.34016952312611576,2.3595622374085584e-05,0.0043516774783931775,0.0507684004113171,0.0033944182593276836,-0.032917515744216336,0.3200342363616345,0,0,0,6.613244750158384,6.613244750158384,7.949340178402423,2.789652654171451
forward,4.88,0.30000000000000004,0.0,0.0,0.354641387719912,0.004774187777427599,-0.02884678128448951,0.02102073354353328,-0.00586874930567206,-0.03281420669337582,0.3200113083873567,0,0,0,6.187563944498299,6.187563944498299,7.945845507934642,3.472464721003261
forward,4.9,0.30000000000000004,0.0,0.0,0.3607197624384443,-0.002135369996727431,-0.02734770004318607,0.09939019395602741,-0.00690111757088422,-0.02702745907745151,0.3196115819868053,0,0,0,5.166310260923365,5.166310260923365,7.943084684232108,4.238503481558736
forward,4.92,0.30000000000000004,0.0,0.0,0.3770810552483831,-0.02336950699193489,-0.0623993569536939,0.14453718753474862,0.0033331555079352203,-0.014169519538398413,0.3189309788086378,0,0,0,4.106718235642228,4.106718235642228,7.925533981964275,5.884897855316809
forward,4.94,0.30000000000000004,0.0,0.0,0.36051454195593186,-0.029515086243037864,-0.04408525396488465,0.12747062041970372,0.007790603682327513,-0.002614898890827973,0.3176944811056336,0,1,0,5.971872252023844,5.971872252023844,7.908904729933756,6.687016578304722
forward,4.96,0.30000000000000004,0.0,0.0,0.32041569643090506,-0.02594839253020855,-0.020453950588986573,0.09441325944695887,0.00253915675937127,0.0012264994572567284,0.3171843910036892,0,1,0,6.855545045294333,6.855545045294333,7.89314617595161,1.6841419391692292
forward,4.98,0.30000000000000004,0.0,0.0,0.277277840029613,-0.02284020015956322,-0.027891730292110395,0.1251474163136154,-0.005238098847151344,0.0006826230178429718,0.316684987091538,0,0,0,7.508952129157683,7.508952129157683,7.878210602345035,8.17038507066217
forward,5.0,0.30000000000000004,0.0,0.0,0.2752963229771786,-0.02001614456654275,-0.05207834995291271,0.10717566002237454,-0.014437020971900074,-0.006098668229476107,0.3158351151042121,0,0,0,9.503682960578885,9.503682960578885,7.864053120558154,11.27343488479796
forward,5.0200000000000005,0.30000000000000004,0.0,0.0,0.28422402126722984,-0.019017919101498575,-0.05111630533676194,0.04545708530455301,-0.024443237109897504,-0.016297137265989622,0.31484666796333016,0,0,0,10.854601602150407,10.854601602150407,7.805925951412963,9.9624210498919
forward,5.04,0.30000000000000004,0.0,0.0,0.2840295941608732,-0.018043046333190028,-0.01776794621572881,-0.006013359653508473,-0.030169617598638593,-0.025076238887729193,0.31435221791375734,0,0,0,10.935265815547023,10.935265815547023,7.659045879385566,7.113190704181369
forward,5.0600000000000005,0.30000000000000004,0.0,0.0,0.27407000252591307,-0.014426165266367166,0.02421127443501915,-0.038072773524605516,-0.031363380255257985,-0.03074448389984757,0.3147085955980512,0,0,0,9.939799395412411,9.939799395412411,7.488751588206473,4.018455164426369
forward,5.08,0.30000000000000004,0.0,0.0,0.2603528647794004,-0.007075457169354101,0.043293281030870094,-0.07283305024232034,-0.030620283853404283,-0.034496587217662,0.3156970892912223,0,0,0,8.594922042292806,8.594922042292806,7.361850279352719,2.8174373404906237
forward,5.1000000000000005,0.30000000000000004,0.0,0.0,0.2508990071170006,-0.0006120935727539308,0.03592517796632077,-0.11063457900521233,-0.030217425551132437,-0.03777208001798171,0.3167512438892425,0,0,0,7.626646248014463,7.626646248014463,7.305948446909412,2.552120364989659
forward,5.12,0.30000000000000004,0.0,0.0,0.24612059575148157,0.004004638819480349,0.009671872004339848,-0.13248078664540627,-0.02959573762798095,-0.03977044319848289,0.3174326503284048,0,0,0,7.020282676082853,7.020282676082853,7.2984088903862805,2.85618459542468
forward,5.14,0.30000000000000004,0.0,0.0,0.24589260060182297,0.007100237179317058,-0.022443020539328964,-0.1252944889069723,-0.028752675407412744,-0.03988266293234434,0.31750268133955695,0,0,0,6.8277112939991635,6.8277112939991635,7.317290957389567,3.6228923640627158
forward,5.16,0.30000000000000004,0.0,0.0,0.2515940923292537,0.007073929302542225,-0.05733120465034109,-0.0992688939462301,-0.02777220521799648,-0.037805920615799155,0.3169177253290191,0,0,0,6.754933231641723,6.754933231641723,7.346896581141863,4.592653042104702
forward,5.18,0.30000000000000004,0.0,0.0,0.2583824831157517,0.010432893075124565,-0.05829900057494133,-0.0673566038472322,-0.032969453474767985,-0.03125666720116763,0.3158475583863221,0,1,0,6.179703423793971,6.179703423793971,7.3785408449927665,5.472693063760651
forward,5.2,0.30000000000000004,0.0,0.0,0.25745548005542906,-0.005037423431730123,0.016121419179188225,-0.036540998609358936,-0.02776249720352382,-0.0269086572296798,0.31571273508681436,0,1,0,6.200432875095001,6.200432875095001,7.422929059533256,2.080434940257167
forward,5.22,0.30000000000000004,0.0,0.0,0.24954408587274118,-0.013655193797797999,0.0467504910759243,-0.05105489417104669,-0.023561775166546894,-0.023097480813103335,0.3165787828076012,0,0,0,6.767073028372925,6.767073028372925,7.50252277326576,1.1215618888612404
forward,5.24,0.30000000000000004,0.0,0.0,0.22895973912931028,-0.008652358118476314,0.04222107516167219,-0.04091400153215585,-0.019843601500927604,-0.01799236592078576,0.31750949912971843,0,0,0,8.152967846021918,8.152967846021918,7.530662839149482,10.09557563363623
forward,5.26,0.30000000000000004,0.0,0.0,0.2086910290584316,-0.005136455573872533,0.02001349363423013,-0.0738600170551778,-0.014694658489267544,-0.013887990439431402,0.318029756397564,0,0,0,11.328953530137593,11.328953530137593,7.534092988626334,14.722437785776272
forward,5.28,0.30000000000000004,0.0,0.0,0.20653098982431092,-0.00464701840504668,0.005828489127931082,-0.11955978988913821,-0.00899368872529256,-0.01223891179823835,0.3181577543233468,0,0,0,7.771393694580857,7.771393694580857,7.537354358495701,14.066079442647961
forward,5.3,0.30000000000000004,0.0,0.0,0.20487740118101044,-0.004983937315174556,0.013779394997470275,-0.13689745504700687,-0.0035262937262125734,-0.01152500593046335,0.31835004005535406,0,0,0,7.383192956217873,7.383192956217873,7.652536502137341,8.75565762249541
forward,5.32,0.30000000000000004,0.0,0.0,0.20172446978414443,-0.009205988623281681,0.02964397112295941,-0.11270051918566067,0.001430625324148338,-0.011700834416569628,0.31886923068249434,0,0,0,7.494801217888369,7.494801217888369,7.784720784579786,4.132460555940519
forward,5.34,0.30000000000000004,0.0,0.0,0.20251977688612705,-0.014267198828897772,0.0367523623921097,-0.0518284015642998,0.005036600389180645,-0.013837503234072172,0.31966203734561066,0,0,0,7.645878139978374,7.645878139978374,7.878582456161556,2.7322225249492806
forward,5.36,0.30000000000000004,0.0,0.0,0.2135245190730324,-0.013909646212498454,0.028183406597727664,0.027718099905823336,0.005722263114331255,-0.01833753537619042,0.3204518331418062,0,0,0,7.952313277195311,7.952313277195311,7.904945279127514,2.8273186530055616
forward,5.38,0.30000000000000004,0.0,0.0,0.23404943833757477,-0.0058712311094489275,0.004780920737114515,0.09825413228275669,0.0025837783275393317,-0.02444283807631426,0.3209253492681497,0,0,0,8.360157968261758,8.360157968261758,7.889393699623106,3.5098288453371635
forward,5.4,0.30000000000000004,0.0,0.0,0.2605545234397175,0.009062537382367756,-0.021148594864781156,0.10903313106330258,-0.005603893282549972,-0.030277790109346756,0.3209376974210046,0,0,0,8.489481089844878,8.489481089844878,7.874653791711058,4.585229051021539
forward,5.42,0.30000000000000004,0.0,0.0,0.2885762758634482,0.03008150309176361,-0.05084243656903076,0.09551365630864672,-0.016734008194614073,-0.034605670300056256,0.320485876166113,0,0,0,8.386299665815432,8.386299665815432,7.898400212988818,5.869920568030399
forward,5.44,0.30000000000000004,0.0,0.0,0.31053953146062196,0.027675450550607193,-0.024346376820827485,0.21400498396439155,-0.01206321310818682,-0.030875867860706452,0.32012562581879217,0,0,0,7.0471266373942525,7.0471266373942525,7.923967909796804,4.195852088873349
forward,5.46,0.30000000000000004,0.0,0.0,0.3485168034372971,0.017030591031706524,-0.060246196935806545,0.23826190538713254,0.0016713798487722842,-0.021598774939461846,0.3195044305978609,0,0,0,5.208733578993516,5.208733578993516,7.922152779464675,5.506862725137699
forward,5.48,0.30000000000000004,0.0,0.0,0.35661029317847315,0.014343833275663983,-0.049477777533693194,0.19308532298715972,0.00940704629123089,-0.012701566232095094,0.31821555679690133,0,1,0,6.69367871505892,6.69367871505892,7.9678623072218535,10.166619582641694
forward,5.5,0.30000000000000004,0.0,0.0,0.33804517147475804,0.02486184496387984,-0.016600191447133178,0.1099864002816884,0.0043404986694849605,-0.011576936245830893,0.3177657274764822,0,1,0,7.119178722236689,7.119178722236689,7.949006336832376,1.9279027178821495
forward,5.5200000000000005,0.30000000000000004,0.0,0.0,0.3110484760435178,0.03462658206616753,-0.0374808595777231,-0.006968310077347512,-0.00038507067834749455,-0.012866329718229217,0.3173294386092191,0,0,0,8.078640015649118,8.078640015649118,7.931144153569484,3.361435699686311
forward,5.54,0.30000000000000004,0.0,0.0,0.3101268086152109,0.035788686751494374,-0.0502159378111888,-0.1035332938200577,-0.005709182208921475,-0.018258169918306765,0.3164964347744182,0,0,0,9.724143555887519,9.724143555887519,7.914220635258083,4.028303582277805
forward,5.5600000000000005,0.30000000000000004,0.0,0.0,0.3103265439524216,0.03236805381713084,-0.033416718301052084,-0.12459682260895757,-0.00947651289076619,-0.02495705654768455,0.3157513529893121,0,0,0,10.235777317660785,10.235777317660785,7.83875642094473,3.9632123338472245
forward,5.58,0.30000000000000004,0.0,0.0,0.302763067966306,0.031154337524347916,0.005929430983741704,-0.11049067357300002,-0.011949451725157923,-0.03024049942684786,0.31567131644138924,0,0,0,9.834718571572525,9.834718571572525,7.7187088792277585,3.129751201479947
forward,5.6000000000000005,0.30000000000000004,0.0,0.0,0.28888470746354766,0.03476417979534106,0.04357656938185199,-0.11613347352982378,-0.014101505656759062,-0.03336341114028226,0.31643993619200783,0,0,0,8.67839140882701,8.67839140882701,7.606589609385537,2.6513865967543016
forward,5.62,0.30000000000000004,0.0,0.0,0.2731475257292847,0.04317735784180251,0.057600860379623295,-0.13985168211715157,-0.016947425508667353,-0.03519622948589585,0.31772460461874025,0,0,0,7.4045380466718935,7.4045380466718935,7.5448645112461215,2.6285151391883024
forward,5.64,0.30000000000000004,0.0,0.0,0.26095452731422325,0.05004263232961249,0.04595361592174646,-0.1502996192717222,-0.020638254696291995,-0.03587874773800878,0.319001209882663,0,0,0,6.497017020428492,6.497017020428492,7.5390974105162485,2.5574621462173064
forward,5.66,0.30000000000000004,0.0,0.0,0.2551490097914777,0.056345175637547505,0.016237586214238656,-0.1415282297450207,-0.02395170690895593,-0.03491133691805097,0.31981540095800737,0,0,0,6.0644624150402215,6.0644624150402215,7.557603609284744,3.140567998179552
forward,5.68,0.30000000000000004,0.0,0.0,0.2560546257464829,0.060032561793268366,-0.024014674574531283,-0.11710467801178663,-0.02634076009996934,-0.03190070192797479,0.31988322992880114,0,0,0,5.907531014804111,5.907531014804111,7.6080119253104534,3.8110321210093763
forward,5.7,0.30000000000000004,0.0,0.0,0.2627200458471453,0.059858433433580036,-0.07218009557178894,-0.08767667742270067,-0.027994477537486816,-0.026176059078133723,0.319040996319612,0,0,0,5.805897101759276,5.805897101759276,7.665493855469883,4.630989137945791
forward,5.72,0.30000000000000004,0.0,0.0,0.2529790700046267,0.05267655632409491,-0.0683975382613097,-0.11273279647267989,-0.02847622083376173,-0.016874005938627173,0.3174024191597505,0,1,0,6.514508953520113,6.514508953520113,7.724607683368827,4.825083133898768
forward,5.74,0.30000000000000004,0.0,0.0,0.23743348440394932,0.02619213694228602,0.00014000849096452777,-0.13025109275480545,-0.023382646539735333,-0.011668140109729285,0.31693269653981815,0,1,0,6.74308445522353,6.74308445522353,7.803655879332336,2.109994401929065
forward,5.76,0.30000000000000004,0.0,0.0,0.21892378351629396,0.0059425739092734174,0.025965993455456905,-0.11184881554674857,-0.01865362939055409,-0.008810194835453816,0.317279544128665,0,0,0,7.064653608248607,7.064653608248607,7.821313795356414,4.324476766586844
forward,5.78,0.30000000000000004,0.0,0.0,0.1919962680403255,0.002975251768525018,0.01759444480320032,-0.09629193336473331,-0.014006371587826406,-0.00703424207219396,0.3176517730387428,0,0,0,7.792007429685647,7.792007429685647,7.810103469066117,10.042282471874712
forward,5.8,0.30000000000000004,0.0,0.0,0.18630273512278173,0.004622353277792615,0.001990732460680583,-0.14342188777270692,-0.00906562744119735,-0.007566608546797131,0.317763132009901,0,0,0,7.592185145343075,7.592185145343075,7.799470655913215,10.631164143448201
forward,5.82,0.30000000000000004,0.0,0.0,0.1877261781194662,0.008800680524117227,0.0020653618868352462,-0.18261468168333342,-0.006514831768112417,-0.01121892094278739,0.31779372096072644,0,0,0,8.206483921711465,8.206483921711465,7.789384645069667,7.835904338276812
forward,5.84,0.30000000000000004,0.0,0.0,0.1867138301943908,0.012370948356946502,0.015106215427817269,-0.18119469899384372,-0.005540476884428545,-0.01700822751244157,0.318046233164986,0,0,0,8.628970910736669,8.628970910736669,7.908679120575279,4.53391532578235
forward,5.86,0.30000000000000004,0.0,0.0,0.18577087136556528,0.016438478261023612,0.02966675656096603,-0.12934744987810035,-0.006073182532818124,-0.02449845463570309,0.31863448306999087,0,0,0,8.960678991188397,8.960678991188397,8.041445807797952,3.1064007833457845
forward,5.88,0.30000000000000004,0.0,0.0,0.19207190915570055,0.02317208393927604,0.03271188379316845,-0.050899584880642626,-0.008425878093820104,-0.03348247838189857,0.31944156366245335,0,0,0,9.205263025679674,9.205263025679674,8.054310843508684,2.617868410600898
forward,5.9,0.30000000000000004,0.0,0.0,0.2068847169508953,0.03707948391275987,0.018529734357838896,0.031506175978045385,-0.013152638751672585,-0.043872631550327584,0.320164377560691,0,0,0,9.427465460083866,9.427465460083866,7.9816424967345085,2.5620185788605556
forward,5.92,0.30000000000000004,0.0,0.0,0.22547209425452136,0.059425381330935716,-0.005121497602518365,0.09391676633838819,-0.021207183838653474,-0.05366989436729992,0.3205302808286088,0,0,0,9.541818956768608,9.541818956768608,7.899018914882301,3.739149906921157
forward,5.94,0.30000000000000004,0.0,0.0,0.24093257577520574,0.08168855952236823,-0.021273179748211444,0.15569294557355084,-0.03218774933407639,-0.060858247568890335,0.32046634393074586,0,0,0,9.25755152794021,9.25755152794021,7.807340319399909,4.2722069626392445
forward,5.96,0.30000000000000004,0.0,0.0,0.2642226028192122,0.08391086794865966,0.0036572291206363253,0.18739837436177947,-0.0306272755865366,-0.05982415206542929,0.32067895797668894,0,0,0,7.908931018878524,7.908931018878524,7.727017694692389,3.646640113713907
forward,5.98,0.30000000000000004,0.0,0.0,0.3018405735225807,0.07846481380893032,-0.018109898996365913,0.17897502869534296,-0.023552814877230134,-0.05340720842290523,0.320858518669761,0,0,0,6.047688475369309,6.047688475369309,7.691928403656085,4.3745435564839
forward,6.0,0.30000000000000004,0.0,0.0,0.33791272611874007,0.059650408354255065,-0.06378502609087647,0.13283494661304845,-0.013552308300282484,-0.04392875215564804,0.32032112934513285,0,0,0,7.094331466337465,7.094331466337465,7.731227434252514,4.343077616056886
backward,6.0200000000000005,-0.30000000000000004,0.0,0.0,0.3543984689432285,0.03470794922561721,-0.10386804340591883,0.017996818768245878,-0.004155362122897383,-0.032861902652785956,0.31870517545832666,0,1,0,6.952671473719797,6.952671473719797,7.787950669320175,5.864605917482639
backward,6.04,-0.30000000000000004,0.0,0.0,0.33494307290341785,0.02451434158921021,-0.071454738591426,-0.07766875276238361,-0.01070537407219175,-0.029364973780462687,0.31724246170423,0,0,0,8.024987246737252,8.024987246737252,7.7784560312484565,2.860502897631316
backward,6.0600000000000005,-0.30000000000000004,0.0,0.0,0.3071069525289025,0.02572131670220916,-0.06261130179110229,-0.052698331939010155,-0.012114033465193975,-0.026069207910474186,0.3159104929468803,0,0,0,8.301778676603409,8.301778676603409,7.76944797302767,9.728144917017543
backward,6.08,-0.30000000000000004,0.0,0.0,0.3044899464539327,0.02686841204278584,-0.045900853867443886,0.07999857807168895,-0.007441239667033288,-0.025645219113623264,0.3147700264410216,0,0,0,8.711315298816496,8.711315298816496,7.841664722536219,10.350120481118616
backward,6.1000000000000005,-0.30000000000000004,0.0,0.0,0.3002060674763714,0.023695369485926526,-0.007070604419897028,0.21869449364494778,-0.0022414336687957724,-0.026555398941120724,0.3143372622266534,0,0,0,7.971369622353452,7.971369622353452,7.944067350555169,7.3637418048850005
backward,6.12,-0.30000000000000004,0.0,0.0,0.27677348553972664,0.022604927237107327,0.037681060549301565,0.33069522275693897,0.0010274028838334426,-0.024831587014456175,0.3147979318624775,0,0,0,6.48791972053004,6.48791972053004,7.913408902497107,3.493066540191742
backward,6.140000000000001,-0.30000000000000004,0.0,0.0,0.2367572790003363,0.0322499384278269,0.07929097321365156,0.38121772858824365,-0.0006550986356525695,-0.019097804278757482,0.3161279906238431,0,0,0,6.596647305426897,6.596647305426897,7.897414740532692,1.7160011615326425
backward,6.16,-0.30000000000000004,0.0,0.0,0.1862246582611594,0.05254593078678275,0.09645655570179379,0.3774888965291205,-0.009914736763593968,-0.010205374156292062,0.31803257024237425,0,0,0,7.479143865119886,7.479143865119886,7.97415991184382,1.7530807540325457
backward,6.18,-0.30000000000000004,0.0,0.0,0.13676048888341952,0.07670281148772402,0.07254848045692858,0.307175487528719,-0.024713723486286518,0.0011960841858349146,0.3197961424131012,0,0,0,7.817298240520468,7.817298240520468,8.08867296387286,3.056020634693714
backward,6.2,-0.30000000000000004,0.0,0.0,0.08987880887449784,0.10484136528900459,0.012511352304047107,0.1795893691238404,-0.04339661853504919,0.014156678863992224,0.3205634203316739,0,0,0,8.032333145323355,8.032333145323355,8.111349711746815,4.562298299707559
backward,6.22,-0.30000000000000004,0.0,0.0,0.039890405333560745,0.1004875323861095,0.01179700805842372,-0.08359478238615962,-0.042485290990286514,0.01798430159395058,0.3208408317484897,0,0,0,8.360888780746986,8.360888780746986,8.084833297678955,5.931266532396166
backward,6.24,-0.30000000000000004,0.0,0.0,-0.014338545701955752,0.0784788334509179,-0.034010440630798694,-0.2965714127704821,-0.029414947906232575,0.010591976543228692,0.32064685215274313,0,0,0,9.24907811534716,9.24907811534716,8.164635278382633,8.042163796913115
backward,6.26,-0.30000000000000004,0.0,0.0,-0.05150196757947093,0.061812868379298384,-0.07954869073675316,-0.4972214615951501,-0.00394760232614163,-0.007321145063915563,0.31913096529401896,0,0,0,11.081391584262779,11.081391584262779,8.199210789380437,13.98392569560126
backward,6.28,-0.30000000000000004,0.0,0.0,-0.06576612068440885,0.06429979785297865,0.001753579406761887,-0.6606848674436083,0.005086837734169897,-0.01102678187699331,0.3185012393442691,0,0,0,9.281053430019094,9.281053430019094,8.167917432795686,12.990738879422471
backward,6.3,-0.30000000000000004,0.0,0.0,-0.08370027259814332,0.04343646571951807,0.06957082855696116,-0.6780720626662241,0.011513775738148197,-0.005728587540137784,0.31940278036890296,0,0,0,7.0144388474804495,7.0144388474804495,8.079237393347931,10.652575558393329
backward,6.32,-0.30000000000000004,0.0,0.0,-0.10484876451633378,0.007089341384692171,0.10889023817048517,-0.6151152966891371,0.018715641828649862,-0.0014542111767763956,0.32137288644172046,0,0,0,7.310298778048911,7.310298778048911,8.054450496859083,7.286615100149087
backward,6.34,-0.30000000000000004,0.0,0.0,-0.12049425178510055,-0.03166513716453718,0.10494976942383788,-0.4476407286123138,0.024454117461459937,-0.003199451640672408,0.3236257307701356,0,0,0,6.978341708552797,6.978341708552797,8.092480013359488,4.445570096274154
backward,6.36,-0.30000000000000004,0.0,0.0,-0.13282009416711948,-0.05808366784619293,0.07600762255214971,-0.23227353962631653,0.026561747668102723,-0.00997638477271516,0.32543512195959057,0,0,0,6.525192458436279,6.525192458436279,8.195315175634331,4.434158962760513
backward,6.38,-0.30000000000000004,0.0,0.0,-0.14414471392671085,-0.06516146659523384,0.03906266764350243,-0.06893009193779395,0.025276186546419093,-0.016377382960467358,0.32655188731014373,0,0,0,6.3035961910330665,6.3035961910330665,8.317328663565647,3.1902563421191505
backward,6.4,-0.30000000000000004,0.0,0.0,-0.15660148458486306,-0.05912974593955221,-0.015322993610293713,0.04242885670312795,0.023783310473015896,-0.018351867902559164,0.3267331444159454,0,0,0,5.983572224081528,5.983572224081528,8.406132048868272,3.1687148429538796
backward,6.42,-0.30000000000000004,0.0,0.0,-0.17084816688995197,-0.050098730444371804,-0.08826461185418917,0.07944461737262667,0.025829886047715574,-0.014206253519388342,0.3256549967317105,0,0,0,4.9293432614163555,4.9293432614163555,8.452728040212378,4.378896261558546
backward,6.44,-0.30000000000000004,0.0,0.0,-0.18599863028976762,-0.042343066856238655,-0.17555630166754235,0.0741733092139203,0.03162877160496202,-0.004656284861642368,0.32288843309035936,0,0,0,5.239301398339778,5.239301398339778,8.527526629569735,5.9840226520010145
backward,6.46,-0.30000000000000004,0.0,0.0,-0.21843471334532957,0.012681240623608666,-0.15902986240636888,0.08491995465842735,0.02038768199662086,-0.002507322298354198,0.31970470682052937,0,0,0,6.96803595361252,6.96803595361252,8.55851515539775,8.22084463272453
backward,6.48,-0.30000000000000004,0.0,0.0,-0.2462466194212444,0.06465832794460383,-0.15315808580311388,0.09980893354371867,0.0015599478272151576,-0.013066279564404286,0.3164795014444838,0,0,0,9.699489832692722,9.699489832692722,8.59261547806403,11.752211545140858
backward,6.5,-0.30000000000000004,0.0,0.0,-0.2580538927661633,0.07422946332427038,-0.036499873021765286,0.16042204182725572,-0.004853103336409591,-0.018022800152534053,0.3146806273166748,0,0,0,9.177722428804001,9.177722428804001,8.562237853080248,5.493725199683751
backward,6.5200000000000005,-0.30000000000000004,0.0,0.0,-0.26855581501449566,0.08252685963684069,0.05168935775481651,0.2498603407586312,-0.014180017420781912,-0.018248735509719623,0.3147492028719552,0,0,0,9.273238275948607,9.273238275948607,8.493490282741433,5.996888388411107
backward,6.54,-0.30000000000000004,0.0,0.0,-0.27771426757200257,0.09641244621051359,0.10792981875961692,0.2811505405717585,-0.02398804484860046,-0.01633081461222953,0.31628369328719635,0,0,0,8.871661201013588,8.871661201013588,8.408465272753915,5.166306166144551
backward,6.5600000000000005,-0.30000000000000004,0.0,0.0,-0.2845325285371734,0.11204084760493643,0.11254201356906353,0.21286653095669167,-0.031282724700478284,-0.014603805938854724,0.31842565204127105,0,0,0,7.386378718597291,7.386378718597291,8.33891426543866,2.8627952911907486
backward,6.58,-0.30000000000000004,0.0,0.0,-0.28969014529689274,0.12332167252469128,0.07123889226387457,0.10442394663047572,-0.03601737262938737,-0.013838441901198279,0.3200944261626474,0,0,0,6.822255588647619,6.822255588647619,8.2998888356016,2.3159907710076073
backward,6.6000000000000005,-0.30000000000000004,0.0,0.0,-0.2937942054192446,0.12331021828243062,0.013155878717875727,0.0323990345231035,-0.038375042303862426,-0.01163792485477921,0.3207386770819458,0,0,0,6.821053440159086,6.821053440159086,8.321625902869162,3.125246689032329
backward,6.62,-0.30000000000000004,0.0,0.0,-0.2971778514887536,0.11682299006017345,-0.04035239884036659,0.02125969825073269,-0.04029867435428399,-0.005808528787712801,0.32028372836462315,0,0,0,7.068843748089228,7.068843748089228,8.343268008134526,3.4981057940820954
backward,6.640000000000001,-0.30000000000000004,0.0,0.0,-0.2975331867968653,0.11007072529889683,-0.10241939336752767,0.06128848788305839,-0.045794029204354145,0.0033182642186640613,0.3188290617447138,0,0,0,6.829333470710665,6.829333470710665,8.356840510582263,4.0517956659770356
backward,6.66,-0.30000000000000004,0.0,0.0,-0.2956630187680279,0.05640465660307024,-0.06973615532293971,-0.007526011382294228,-0.03630993217025162,0.005459607391301435,0.317225441426528,0,0,0,6.881892708451737,6.881892708451737,8.377487381175452,7.488971697304144
backward,6.68,-0.30000000000000004,0.0,0.0,-0.29235093585809596,-0.017715128520290124,-0.07282444631530444,0.03399771632947932,-0.015422680209052162,-0.00569741573719458,0.316030058281297,0,0,0,14.788038786100449,14.0,8.423601937200491,16.167429344186225
backward,6.7,-0.30000000000000004,0.0,0.0,-0.2680339784685066,-0.0290913658664667,0.0383844019152633,-0.1073810178809407,-0.01201922157214573,-0.01314856238017832,0.31590063050884437,0,0,0,7.590329499892775,7.590329499892775,8.478863417488146,12.809715860364712
backward,6.72,-0.30000000000000004,0.0,0.0,-0.2662083911110698,-0.03598005995537621,0.1007362713513886,-0.1864231543578307,-0.012156954649497807,-0.013213039452557317,0.31725291970964753,0,0,0,6.607576268313882,6.607576268313882,8.55339320234322,9.186664347042637
backward,6.74,-0.30000000000000004,0.0,0.0,-0.28702044564397355,-0.04730666072070801,0.142173736901138,-0.2689160326074371,-0.00616263220669546,-0.00803502677897386,0.3195552386688068,0,0,0,6.3056878492091215,6.3056878492091215,8.65455998652082,7.560646391288898
backward,6.76,-0.30000000000000004,0.0,0.0,-0.30897024058523803,-0.07072933011296591,0.15500364253260343,-0.2700995596551835,0.005371624381502335,-0.001583305945850273,0.3224927489830859,0,0,0,5.42793991101866,5.42793991101866,8.71437269932952,5.2399168371472085
backward,6.78,-0.30000000000000004,0.0,0.0,-0.3213768851166884,-0.09534988857458672,0.1281914731980221,-0.18884625135335092,0.018468613833539347,0.0012432890176398324,0.3252762519491373,0,0,0,4.2158402077500625,4.2158402077500625,8.755469713467516,2.9999751629919746
backward,6.8,-0.30000000000000004,0.0,0.0,-0.3243517815952885,-0.1119352447629245,0.07760634548762176,-0.06756003672123945,0.02741269315195999,0.0003884335593869785,0.32720533605737995,0,0,0,4.841945878424127,4.841945878424127,8.692373971907777,2.4536962983040875
backward,6.82,-0.30000000000000004,0.0,0.0,-0.32246752460682376,-0.11709217835985909,0.024136718836271442,0.005710570092553498,0.030726265745016537,-0.0011363763020529156,0.3280622892968884,0,0,0,5.507354624825407,5.507354624825407,8.633023452339266,3.2479953568634565
backward,6.84,-0.30000000000000004,0.0,0.0,-0.3214742583207032,-0.11268632440106655,-0.0321980467134039,0.022142194011232134,0.03089943061835951,-0.0005845322882288734,0.3278352836886262,0,0,0,5.4326020389812975,5.4326020389812975,8.577163188692733,4.030711844712325
backward,6.86,-0.30000000000000004,0.0,0.0,-0.32206749159784503,-0.10649648404204341,-0.10055000071425105,-0.007208140257637769,0.0330108393466544,0.0028460035926626583,0.3263816834427589,0,0,0,4.923586430107462,4.923586430107462,8.52455917116944,4.9931720367441
backward,6.88,-0.30000000000000004,0.0,0.0,-0.3153525002217245,-0.10235697138369788,-0.19732227326062385,-0.07992726495405189,0.03833364992482149,0.008361087352569812,0.3232418382320457,0,0,0,5.360413911364635,5.360413911364635,8.474996226318705,7.0942097236945045
backward,6.9,-0.30000000000000004,0.0,0.0,-0.31548160560552224,-0.06870920354158505,-0.22357736873839315,-0.1575715177331418,0.03648212285559988,0.010158215122755708,0.3185378442240587,0,0,0,9.689819457501402,9.689819457501402,8.428276156120383,11.316368644740848
backward,6.92,-0.30000000000000004,0.0,0.0,-0.32619773697059035,-0.012270141221967975,-0.17792850318394207,-0.15820208176659567,0.022836153496305394,-0.0014254339444369913,0.31415044796426456,0,0,0,8.106338001012347,8.106338001012347,8.384216099090022,15.370866885207771
backward,6.94,-0.30000000000000004,0.0,0.0,-0.3348130325418812,0.019502513895589792,-0.04337007638763026,-0.09301434120318,0.020933917262988273,-0.009097905282303417,0.31216421625515756,0,0,0,8.99797593041725,8.99797593041725,8.0071485219821,5.669270073750685
backward,6.96,-0.30000000000000004,0.0,0.0,-0.35853681806392834,0.027853442902344927,0.03911737533192252,0.08293946894432168,0.017408249543815247,-0.017141971465956425,0.31205233961546325,0,0,0,7.246101235306018,7.246101235306018,7.986212421906568,5.83947034525537
backward,6.98,-0.30000000000000004,0.0,0.0,-0.3878967374829533,0.042121128251899335,0.07555159684079021,0.1672623042681869,0.009802321770029584,-0.023607330704265038,0.313118476934418,0,0,0,5.516387103550114,5.516387103550114,7.966386462113139,4.816239698521152
backward,7.0,-0.30000000000000004,0.0,0.0,-0.41087944853315844,0.05330565448387062,0.07212640073078928,0.19912731768116557,0.002491607585006884,-0.029994355512539827,0.31435347263856894,0,0,0,6.305110230550169,6.305110230550169,7.947608382319576,2.9301927254710836
backward,7.0200000000000005,-0.30000000000000004,0.0,0.0,-0.4212446224125724,0.05364351554609561,0.053454932455837816,0.21533331196093167,0.001864240003720764,-0.03342813303082534,0.3153561395040979,0,0,0,6.936003522500422,6.936003522500422,7.9298197584178425,2.9589710978464066
backward,7.04,-0.30000000000000004,0.0,0.0,-0.42563658342206556,0.0440351064416085,0.0023636864438614617,0.23377728776039577,0.005339690932115694,-0.0338614522923982,0.3157049424529377,0,0,0,7.065805577585143,7.065805577585143,7.9543719911385296,6.477321847810337
backward,7.0600000000000005,-0.30000000000000004,0.0,0.0,-0.4053895637419088,0.04699224479546195,-0.02812737339694906,0.24433175834664017,-0.0007714745116480017,-0.027168864515551835,0.31532264250051034,0,0,0,6.872894195357432,6.872894195357432,7.966688048207757,3.4991189224935138
backward,7.08,-0.30000000000000004,0.0,0.0,-0.3650771853302134,0.04165160380495106,-0.08319693885960872,0.36963740114428817,-0.013112253921838492,-0.015806155786809335,0.31386527877325854,0,1,0,6.359561082629284,6.359561082629284,7.985344944693207,3.940052388341694
backward,7.1000000000000005,-0.30000000000000004,0.0,0.0,-0.3189132948157117,0.013447772934783428,-0.027907584024918143,0.2918897615272104,-0.013036977445427594,-0.012053944170899274,0.31267057462761505,0,0,0,7.651215739629067,7.651215739629067,8.028894026232464,3.4464457690405377
backward,7.12,-0.30000000000000004,0.0,0.0,-0.2853462176015363,0.0009747718627360154,0.044037419998921426,0.1768887390042271,-0.015195972030596352,-0.016126241227340785,0.3127667822403865,0,0,0,8.460801205273027,8.460801205273027,8.109216879539531,4.2329473786147105
backward,7.140000000000001,-0.30000000000000004,0.0,0.0,-0.27560439653410407,0.0042139766597218496,0.10408348100871535,0.018172585835115718,-0.021582495574829712,-0.022502757153762737,0.314198080210571,0,0,0,8.13383024614995,8.13383024614995,8.254214256212528,5.169159173981761
backward,7.16,-0.30000000000000004,0.0,0.0,-0.292969699823919,0.008430902773486874,0.14621672548624845,-0.01750017611018794,-0.03059376457189281,-0.026641668494407113,0.31666530297642365,0,0,0,6.980280416035356,6.980280416035356,8.339515671572418,5.183237956049012
backward,7.18,-0.30000000000000004,0.0,0.0,-0.3168203409716135,0.007963197813579253,0.1577588349504251,0.007321085396890439,-0.038795857614161974,-0.027508832925052438,0.31961013504305186,0,0,0,5.724754266091292,5.724754266091292,8.473326365391454,4.041085935717436
backward,7.2,-0.30000000000000004,0.0,0.0,-0.33329564700155273,0.007108498258979074,0.1376582249131468,0.04569607043018249,-0.042403803461091495,-0.029105439670010384,0.3224316739753157,0,0,0,5.28800254896658,5.28800254896658,8.594361292478151,2.926558186901281
backward,7.22,-0.30000000000000004,0.0,0.0,-0.3405918447368956,0.01233036943048127,0.09142209189772985,0.09417368067077984,-0.04221616577238377,-0.0340083720397285,0.32452416746210816,0,0,0,5.7047002874873405,5.7047002874873405,8.65394296689384,3.4829218919519147
backward,7.24,-0.30000000000000004,0.0,0.0,-0.3401733299754783,0.03054997364514969,0.02604524316092708,0.1088113405627687,-0.04105848687070559,-0.040430585121804856,0.3254282082306763,0,0,0,6.382243678656258,6.382243678656258,8.679228231047961,4.7014518901928195
backward,7.26,-0.30000000000000004,0.0,0.0,-0.33691582590769437,0.06149921675560954,-0.05022760565996674,0.06243765599793825,-0.04123335311866588,-0.04437781913045664,0.32485918250564505,0,0,0,6.879045830095449,6.879045830095449,8.688964080339659,6.0397446885996455
backward,7.28,-0.30000000000000004,0.0,0.0,-0.33024683512030356,0.08279260366543262,-0.09706952057688797,0.006354634621993467,-0.03845196295763132,-0.042085738804664936,0.3228982451416369,0,0,0,6.39943177358137,6.39943177358137,8.776386915609969,6.972761768820609
backward,7.3,-0.30000000000000004,0.0,0.0,-0.2972595018500983,0.07591879687532592,-0.1547203183420977,-0.12585609588184582,-0.022123604627289756,-0.02970918306091924,0.3201139549605769,0,0,0,5.874164424735096,5.874164424735096,8.712041642236372,3.8180005156514407
backward,7.32,-0.30000000000000004,0.0,0.0,-0.2524271814186731,0.045187466444457786,-0.22367827673215088,-0.22335180949466898,-0.00047770353257712845,-0.011985353475625123,0.3159509761372748,0,0,0,7.057796871090037,7.057796871090037,8.651527541847663,4.669516684191248
backward,7.34,-0.30000000000000004,0.0,0.0,-0.22759471251692326,0.04977580705221454,-0.1344415107164146,-0.08289917513773025,-0.007513548574987838,-0.002490566646652028,0.3124309651230675,0,0,0,9.080497518829022,9.080497518829022,8.594582484167738,4.672389222923472
backward,7.36,-0.30000000000000004,0.0,0.0,-0.23296867508560037,0.06629269915733216,-0.034203089839718065,0.04522009167712396,-0.021731784957358866,0.00031008373616805626,0.3108875810313303,0,0,0,9.492150114235857,9.492150114235857,8.537786796818068,4.854194132373255
backward,7.38,-0.30000000000000004,0.0,0.0,-0.2491974574345847,0.09074015140064576,0.060753477415878165,0.13345198601107938,-0.035079086333728346,0.0012204127732752033,0.3112949527775115,0,0,0,9.407106060134948,9.407106060134948,8.437743778002389,4.747277631516583
backward,7.4,-0.30000000000000004,0.0,0.0,-0.25882091921546024,0.11469598439844583,0.1148522637589875,0.12065921099068821,-0.04740911424615277,-0.0013632703347407345,0.3131446859901139,0,0,0,8.820414610798476,8.820414610798476,8.341321559612172,4.429214454996999
backward,7.42,-0.30000000000000004,0.0,0.0,-0.26581633099962865,0.13212719894092548,0.1233841621672336,0.038751534293894066,-0.056308547530134964,-0.006387262951143608,0.31548624117296165,0,0,0,8.122932879378963,8.122932879378963,8.270195671736289,3.1621320774945465
backward,7.44,-0.30000000000000004,0.0,0.0,-0.27503957600968826,0.13925818317341715,0.09998902838978709,-0.033223602920453045,-0.061115647381949884,-0.010703474179679977,0.31756943732544657,0,0,0,7.674551596589589,7.674551596589589,8.231528925774253,3.6559377352753994
backward,7.46,-0.30000000000000004,0.0,0.0,-0.28511582098034055,0.1358331131298256,0.044183411868973926,-0.06286474166632387,-0.06311453738212716,-0.010964455759220995,0.3188246831096423,0,0,0,7.264161134579861,7.264161134579861,8.213708216226248,6.095589706736742
backward,7.48,-0.30000000000000004,0.0,0.0,-0.294643377953487,0.12413174063651047,-0.032520041620571566,-0.0484231109342428,-0.06563699135822623,-0.004949685805097188,0.31878244410150414,0,0,0,7.697736886317653,7.697736886317653,8.210373256994483,9.441483929019508
backward,7.5,-0.30000000000000004,0.0,0.0,-0.3017522907831759,0.11031871910396339,-0.12309045223271152,0.03338875354590557,-0.0712473355240329,0.007373918142086302,0.3172179552411765,0,0,0,15.35685948569438,14.0,8.219094203652894,16.936406592780422
backward,7.5200000000000005,-0.30000000000000004,0.0,0.0,-0.3155291900566094,0.06587457187058261,-0.1404643585492131,0.03759367068696281,-0.06903535243001588,0.02046250370083778,0.3145840234921005,0,0,0,16.27949695033023,14.0,8.236853786432249,17.103537910911484
backward,7.54,-0.30000000000000004,0.0,0.0,-0.334364469682104,-0.00912454243243651,-0.13131909372815534,0.08014266430776416,-0.04838618665025265,0.01987595558108054,0.312210587317998,0,0,0,19.003297686976055,14.0,8.283550701069263,18.404258207530187
backward,7.5600000000000005,-0.30000000000000004,0.0,0.0,-0.3395094930335995,-0.05734111046971535,-0.040381408279419655,0.11392863854091531,-0.029080171625862634,0.014264656469972587,0.310578394508696,0,0,0,9.307314077365184,9.307314077365184,8.308325565640938,18.27024080444452
backward,7.58,-0.30000000000000004,0.0,0.0,-0.341507132054039,-0.05950923394676231,0.02927089816927698,0.01600678554817025,-0.02490212169579224,0.017058528011549414,0.31068872098200095,0,0,0,8.098917311718715,8.098917311718715,8.411659030245637,5.741771079539803
backward,7.6000000000000005,-0.30000000000000004,0.0,0.0,-0.35216009840475165,-0.05466132774892199,0.10085661995996259,-0.10726088338360656,-0.018103525859143932,0.02876324941342766,0.3123091396016718,0,0,0,7.838287808723221,7.838287808723221,8.515814465691559,4.216362822707958
backward,7.62,-0.30000000000000004,0.0,0.0,-0.36718108046762277,-0.07456228190252634,0.09881196312328765,-0.09910101799938673,-0.005048362069611562,0.04189272912349637,0.3147393030159657,0,0,0,7.311976398758146,7.311976398758146,8.627780366246323,3.502070910866191
backward,7.640000000000001,-0.30000000000000004,0.0,0.0,-0.373429374712619,-0.09812098570820921,0.05061463130799003,0.0021938111596438922,0.011285104915270024,0.04703351876250745,0.31657195818410716,0,0,0,5.959055047374507,5.959055047374507,8.574594842476934,3.711849440224389
backward,7.66,-0.30000000000000004,0.0,0.0,-0.36455581582706553,-0.11179763598769595,-0.01459270853583327,0.13930602942353343,0.02281957216129642,0.04626025071079318,0.3172328225636358,0,0,0,5.174911467296782,5.174911467296782,8.522139872803532,5.3033057828119015
backward,7.68,-0.30000000000000004,0.0,0.0,-0.34740864950931344,-0.11027738863363465,-0.06898778716258892,0.20163120626221656,0.027525443211427143,0.042616747927573216,0.31668553695977875,0,0,0,6.782534389340444,6.782534389340444,8.531347540446138,8.310235444069676
backward,7.7,-0.30000000000000004,0.0,0.0,-0.33116691731212977,-0.09382381467621816,-0.09303870296826391,0.187423798561352,0.02473649407376909,0.03778858067601088,0.3153239006667881,0,0,0,12.609726558427926,12.609726558427926,8.602864700076712,14.123826116592303
backward,7.72,-0.30000000000000004,0.0,0.0,-0.318611249458572,-0.052810453310746464,-0.0650093745519323,0.13267190760614694,0.006913603311645865,0.027538456199271717,0.3142989660875351,0,0,0,16.749761106286257,14.0,8.652484501996273,17.27674772405604
backward,7.74,-0.30000000000000004,0.0,0.0,-0.2956697079684607,-0.019102478618496163,0.01594739813897584,0.1388811299072549,-0.008489760869393077,0.017737712837401148,0.3139206867058692,0,1,0,6.6801191498718815,6.6801191498718815,8.348303895985769,17.3344987513951
backward,7.76,-0.30000000000000004,0.0,0.0,-0.26419657668687246,-0.0006143928103341259,0.05133871746664284,-0.00577365188485812,-0.0059420636908537,0.01496741877535913,0.31486096349846066,0,1,0,5.1778421481700665,5.1778421481700665,7.97203990658878,3.524244261716007
backward,7.78,-0.30000000000000004,0.0,0.0,-0.25126772969822575,0.0004170177845357208,0.06704076409196782,-0.06667498663789151,-0.000864244342768666,0.01023960991319038,0.31601727968366056,0,0,0,5.757111777700162,5.757111777700162,8.043471505259596,5.700427300118017
backward,7.8,-0.30000000000000004,0.0,0.0,-0.25803418809605144,0.008832488283243787,0.08138964938977841,-0.0754769690962055,-0.0001201746149247761,0.0070208423945744055,0.3173985746456055,0,0,0,6.86000124723323,6.86000124723323,8.109176681759898,8.429862751048363
backward,7.82,-0.30000000000000004,0.0,0.0,-0.27677194467475863,0.025606104940787165,0.07912949965956025,-0.11903711591770974,-0.006232577491043823,0.0034920956144310553,0.31883088377521873,0,0,0,5.464203140269902,5.464203140269902,8.17361098397786,8.523691610083638
backward,7.84,-0.30000000000000004,0.0,0.0,-0.28967025158326987,0.03876766149978812,0.07214391155803436,-0.17105950510295118,-0.015501885127104558,-0.0005396221231199514,0.32020430065435135,0,0,0,5.7943253755012964,5.7943253755012964,8.217551684023483,6.296851577572744
backward,7.86,-0.30000000000000004,0.0,0.0,-0.2943328144786773,0.04705829028608611,0.057935971028247824,-0.21469007568255463,-0.025111464222840957,-0.0038240909702854466,0.32138458223684535,0,0,0,6.198251460976639,6.198251460976639,8.287350789871262,3.3320538862191604
backward,7.88,-0.30000000000000004,0.0,0.0,-0.29495732814407916,0.05078828045906776,0.036000136122133035,-0.232579085901083,-0.03198047070028588,-0.004850692038730246,0.32220546834550967,0,0,0,6.413405305232233,6.413405305232233,8.33983338452133,2.32121871140994
backward,7.9,-0.30000000000000004,0.0,0.0,-0.2955619286639364,0.051478216052588684,0.0020873026759048825,-0.20688524767034325,-0.038153895955604145,-0.003137068078936314,0.3224915788762771,0,0,0,6.176751390397978,6.176751390397978,8.38163484185133,1.9912077415252276
backward,7.92,-0.30000000000000004,0.0,0.0,-0.2967102580446106,0.041423886720405076,-0.010407566577088165,-0.18055742662945984,-0.039303362181516525,-0.0015451484990930471,0.3222970603204407,0,0,0,5.37293274891612,5.37293274891612,8.425780008571714,3.2944589399943798
backward,7.94,-0.30000000000000004,0.0,0.0,-0.29627982957582155,0.01102245887331811,-0.03153697072325367,-0.15338933697812007,-0.03265639618815522,-0.004628872181940523,0.32191231407339377,0,0,0,4.462136584559142,4.462136584559142,8.491615818229501,4.672426392260811
backward,7.96,-0.30000000000000004,0.0,0.0,-0.2967811836556837,-0.040663298194964115,-0.07067279712058401,-0.08253118997372383,-0.020265642532414394,-0.011790533361245945,0.3209033607357454,0,0,0,7.402752309632383,7.402752309632383,8.561260062718706,9.20755354788465
backward,7.98,-0.30000000000000004,0.0,0.0,-0.29884613513802616,-0.08208878430835465,-0.06578122616766281,0.007226269004071085,-0.007026132424640262,-0.02161852480435544,0.3192697139269281,0,0,0,9.388146017688538,9.388146017688538,8.626189968018913,13.13766577964289
backward,8.0,-0.30000000000000004,0.0,0.0,-0.29694072894351775,-0.07262859653145734,0.019236522727991805,-0.15733569087769145,-0.013659193570750931,-0.021407399699672303,0.31861426222514216,0,0,0,12.034962401603876,12.034962401603876,8.64162068944583,13.326173580837409
backward,8.02,-0.30000000000000004,0.0,0.0,-0.3101418073525122,-0.07594694610953857,0.08381731618748077,-0.3255683224495755,-0.013962019667762305,-0.015840223143572314,0.31940852312988294,0,0,0,9.979745862691699,9.979745862691699,8.58525679744752,13.62566959745666
backward,8.040000000000001,-0.30000000000000004,0.0,0.0,-0.3275756522118001,-0.09258022343924963,0.11321253219242657,-0.4143855427681211,-0.006286023799163764,-0.009760513769926453,0.32127060794901324,0,0,0,6.597966909879605,6.597966909879605,8.53606770547685,10.633639364195531
backward,8.06,-0.30000000000000004,0.0,0.0,-0.33542122054429885,-0.10976718599468842,0.10137777637792507,-0.39670056383930413,0.0041553587098615286,-0.007128795146071008,0.32336526397908816,0,0,0,5.403362008008622,5.403362008008622,8.534227223863898,6.076244545556094
backward,8.08,-0.30000000000000004,0.0,0.0,-0.32902473506775703,-0.11983447200198839,0.05861161182440084,-0.28441643057916427,0.012079360326085068,-0.008703605026876903,0.32488248044665563,0,0,0,6.281800502879445,6.281800502879445,8.599120808541116,3.3852826182206153
backward,8.1,-0.30000000000000004,0.0,0.0,-0.31384947051761797,-0.1186370206891975,0.005531223075449829,-0.16575505069515323,0.015224739409881394,-0.012947683277603756,0.32540344758388423,0,0,0,7.416522496525776,7.416522496525776,8.612901932527262,4.745392127506265
backward,8.120000000000001,-0.30000000000000004,0.0,0.0,-0.29658441984708456,-0.10549407257764622,-0.05644951492845024,-0.08107301675648165,0.015007221362801759,-0.017110131373233854,0.32476748430226693,0,0,0,7.891305701488765,7.891305701488765,8.558217811847591,6.179136894186023
backward,8.14,-0.30000000000000004,0.0,0.0,-0.28263136785312937,-0.08440584382110651,-0.12471733089548173,-0.06125343733651815,0.013282643349337294,-0.018430629748500585,0.32286324299601876,0,0,0,7.480388557540513,7.480388557540513,8.50671186625011,8.494411025252218
backward,8.16,-0.30000000000000004,0.0,0.0,-0.2725090264559673,-0.05935324406839378,-0.20816064371191623,-0.12667561299324095,0.012359658572552825,-0.015335989030048479,0.3195468161146256,0,0,0,12.087399050684544,12.087399050684544,8.458175120085862,13.781646191014927
backward,8.18,-0.30000000000000004,0.0,0.0,-0.24787220187201847,-0.04554198389690836,-0.11408176072277558,-0.014976230282174824,0.01777212292217533,-0.004430696401708147,0.3163541755273571,0,0,0,7.4171583494706725,7.4171583494706725,8.460029852898398,10.042612035615923
backward,8.2,-0.30000000000000004,0.0,0.0,-0.23195827391636786,-0.015260192038695181,-0.02918950373535028,0.0390625628727452,0.01737558007760706,-5.340329899770709e-06,0.31493323943712404,0,0,0,8.455649753809045,8.455649753809045,8.414163982320655,4.516889759765126
backward,8.22,-0.30000000000000004,0.0,0.0,-0.24194090214881092,0.0030121408219921284,0.038954112443903954,0.15181884941764423,0.01381182277779769,-0.001646850660231863,0.3149372771030974,0,0,0,8.25331295156012,8.25331295156012,8.368623940702438,6.230845413106556
backward,8.24,-0.30000000000000004,0.0,0.0,-0.2600020286986453,0.01916481744786377,0.08905973499819252,0.20578125532511649,0.007667307220534619,-0.004987438011227113,0.3161785845544381,0,0,0,7.0423729215974245,7.0423729215974245,8.32274293516545,6.35346987843681
backward,8.26,-0.30000000000000004,0.0,0.0,-0.2732549968197819,0.0336657174436126,0.10452404069434433,0.16010115983537113,0.002229746706524844,-0.00962838780383917,0.3180444856131959,0,0,0,7.088428872694848,7.088428872694848,8.28462116365764,4.945411075005074
backward,8.28,-0.30000000000000004,0.0,0.0,-0.2837652998749195,0.04264452074041664,0.09864507687581679,0.0569740614770626,-0.0018700457847102123,-0.014727582785448664,0.3199769683563791,0,0,0,7.163311545493378,7.163311545493378,8.319118374985667,2.7792208676533043
backward,8.3,-0.30000000000000004,0.0,0.0,-0.29270610925546375,0.04678819778934458,0.07833314021437637,-0.03346207542903626,-0.004140110846981109,-0.019050595465498744,0.3216275774530734,0,0,0,7.259056668224546,7.259056668224546,8.440142890317048,2.27870121212577
backward,8.32,-0.30000000000000004,0.0,0.0,-0.2990702654974569,0.044185409616989225,0.046712440356148084,-0.09284398190381302,-0.0060177980560017184,-0.022311615687975007,0.3227495950238883,0,0,0,7.498266987814565,7.498266987814565,8.56662441051624,2.3778257648267047
backward,8.34,-0.30000000000000004,0.0,0.0,-0.3036183124147026,0.03415985098041088,-0.004470427928522465,-0.11189644450051929,-0.007754149503641463,-0.02291827020693724,0.3230466849205981,0,0,0,7.219709214978577,7.219709214978577,8.668893247070866,3.533043262058043
backward,8.36,-0.30000000000000004,0.0,0.0,-0.3080650150839819,0.021079727442951262,-0.0749213426892406,-0.09420488701143666,-0.010707670194755537,-0.019703298766191518,0.3221461706889324,0,0,0,6.448969321690876,6.448969321690876,8.690516136698104,4.414091939909017
backward,8.38,-0.30000000000000004,0.0,0.0,-0.31457945402268994,-0.01603703837475099,-0.10584312432081608,-0.08615735295995892,-0.008232810380830825,-0.016734423327314757,0.3200987333984675,0,0,0,6.989791806896518,6.989791806896518,8.646600609028674,9.03923011874221
backward,8.4,-0.30000000000000004,0.0,0.0,-0.31024390314769196,-0.05809671209882058,-0.04529476774264508,-0.1788291697257296,-0.001363099877189092,-0.019355802712602527,0.31834667411985473,0,0,0,6.958761008434429,6.958761008434429,8.589944689771126,13.677332692544862
backward,8.42,-0.30000000000000004,0.0,0.0,-0.2945661007958176,-0.0686539702172446,0.011628346179681486,-0.26514352025136423,-0.005652241018416069,-0.019405634942446123,0.317937690132437,0,0,0,7.472661765697207,7.472661765697207,8.543617332954469,6.531163630319107
backward,8.44,-0.30000000000000004,0.0,0.0,-0.3031338936697787,-0.07029250127636852,0.07024387644269399,-0.36351693510414296,-0.007970415521392554,-0.01800015639993763,0.31870265658030666,0,0,0,6.968124140145287,6.968124140145287,8.617909506830529,7.111366156033482
backward,8.46,-0.30000000000000004,0.0,0.0,-0.32462232472138747,-0.08324489204389919,0.11063352647325479,-0.39973304548200245,-0.004840983162767232,-0.013756673451320358,0.32051481244468016,0,0,0,6.3486176698164964,6.3486176698164964,8.589822445376907,5.994682183579365
backward,8.48,-0.30000000000000004,0.0,0.0,-0.3412234829117047,-0.09964364226665136,0.1167615698305259,-0.3660470743451129,0.0015683390301076154,-0.0098756666442507,0.3227961811495277,0,0,0,5.179480421575487,5.179480421575487,8.595382008102629,3.98890254094659
backward,8.5,-0.30000000000000004,0.0,0.0,-0.34528372591614476,-0.11301246354481347,0.0855369660873981,-0.26712619941767146,0.007894235720353195,-0.008734386832225233,0.3247846469517941,0,0,0,5.421704134098829,5.421704134098829,8.656859177829308,3.1474543358409437
backward,8.52,-0.30000000000000004,0.0,0.0,-0.3402992496692321,-0.1168508982213695,0.0350479877626107,-0.14878597757085057,0.011400749545242719,-0.010037774622164194,0.3259011980659585,0,0,0,6.1502212263845575,6.1502212263845575,8.654021898258435,3.363515429724659
backward,8.540000000000001,-0.30000000000000004,0.0,0.0,-0.33152661412181006,-0.10930488282616634,-0.017057089513584235,-0.07620184531570239,0.011431655408265119,-0.011277825743264146,0.3259861883367752,0,0,0,6.835889337852503,6.835889337852503,8.596930375733958,4.544192139113238
backward,8.56,-0.30000000000000004,0.0,0.0,-0.3240351753532585,-0.09289905540970707,-0.0720673380588515,-0.054387413843664564,0.011504637303143645,-0.00996674973768025,0.32502634921551377,0,0,0,6.826426346936466,6.826426346936466,8.543177253528778,6.083695895781403
backward,8.58,-0.30000000000000004,0.0,0.0,-0.31601974556431256,-0.07590529430508017,-0.14287094674363437,-0.06900943941737754,0.014962388244134806,-0.0060304951014116875,0.3228822229307913,0,0,0,6.742057129913784,6.742057129913784,8.492540789275633,8.517344552606188
backward,8.6,-0.30000000000000004,0.0,0.0,-0.3048041427739616,-0.04726025155274933,-0.20403553897618992,-0.09806169607936827,0.017750075626278682,-0.002170101414646163,0.31927356095969733,0,0,0,12.005545802147266,12.005545802147266,8.507623882203433,13.70742373007434
backward,8.620000000000001,-0.30000000000000004,0.0,0.0,-0.2942042303449699,-0.003999799643879756,-0.10464368776155161,0.07456064400071465,0.01080708775827344,-0.006463276408412996,0.3160505231822557,0,0,0,7.330433072340959,7.330433072340959,8.459034764428917,16.140933018087715
backward,8.64,-0.30000000000000004,0.0,0.0,-0.28206011053955377,0.009441074291876026,-0.021253242645658307,0.24597591041400824,0.012294876675417067,-0.009559041370497507,0.31488208185985683,0,0,0,7.661171490450945,7.661171490450945,8.413225618290582,6.031435933167708
backward,8.66,-0.30000000000000004,0.0,0.0,-0.29968936737817636,0.02037438639413462,0.04402055962638922,0.2940569598801886,0.009176877209047172,-0.012548606688223697,0.31511330977861945,0,0,0,7.272593863478579,7.272593863478579,8.370018388493182,8.462230042930408
backward,8.68,-0.30000000000000004,0.0,0.0,-0.322164162497854,0.03831885006786822,0.07940230898558553,0.21240420008307032,0.002018813557783139,-0.014715168093611012,0.31632151914342316,0,0,0,6.587735880750614,6.587735880750614,8.349273998079763,8.292444149826467
backward,8.700000000000001,-0.30000000000000004,0.0,0.0,-0.33638649261367287,0.0541893062637154,0.08699668109551281,0.10589774991048163,-0.005574724040479396,-0.017927273154199667,0.31788240508492366,0,0,0,7.03801510378828,7.03801510378828,8.379395263485154,5.940228174751118
backward,8.72,-0.30000000000000004,0.0,0.0,-0.3433137024206252,0.05865766621866503,0.07665217928030875,0.026340335596955883,-0.009888082964600786,-0.020727623415521146,0.3193996211276389,0,0,0,7.311841107650351,7.311841107650351,8.480430518742999,3.3661632277496834
backward,8.74,-0.30000000000000004,0.0,0.0,-0.3492321700562095,0.05384119141957871,0.051312571510991806,0.005703826966519695,-0.012494989460426764,-0.021539072436941874,0.32054390318927967,0,0,0,7.400661606030408,7.400661606030408,8.599173762816111,3.0034247161240843
backward,8.76,-0.30000000000000004,0.0,0.0,-0.3542706870383274,0.04222157601421321,0.005361637723606149,0.03322069521028621,-0.015981549878584748,-0.019180793894465625,0.3209794505430602,0,0,0,7.346449212504823,7.346449212504823,8.709662753622819,4.270446622440168
backward,8.78,-0.30000000000000004,0.0,0.0,-0.3587155390098186,0.029736856173121662,-0.04653199444903046,0.11594884158571356,-0.022346572836179194,-0.013689283910000143,0.3204619942392025,0,0,0,7.028080400848366,7.028080400848366,8.703606530593671,5.660447761235376
backward,8.8,-0.30000000000000004,0.0,0.0,-0.36350445939181875,0.017053719328677035,-0.10588891201865533,0.2523832193516777,-0.03210833016982381,-0.006050669201965411,0.3188873611920727,0,0,0,6.246269434029915,6.246269434029915,8.707066122615867,8.125047586553933
backward,8.82,-0.30000000000000004,0.0,0.0,-0.37198250985466286,-0.03146439068384693,-0.10069883539484764,0.3341624610249227,-0.027195499418859403,-0.005607077515516629,0.3170619221058738,0,0,0,12.367627648745186,12.367627648745186,8.737033698861417,14.30117695724754
backward,8.84,-0.30000000000000004,0.0,0.0,-0.3533060709685679,-0.05338764891950608,-0.017906772759591655,0.1721294374331626,-0.024719397971855517,-0.00821703243154303,0.31601211744295166,0,0,0,8.091600804397858,8.091600804397858,8.714670089580022,16.924570519019987
backward,8.86,-0.30000000000000004,0.0,0.0,-0.3485130239800613,-0.05528570060984742,0.060373260884948605,-0.012094059658771503,-0.02297670198544407,-0.00776608572441341,0.31648217773614473,0,0,0,8.432033190326974,8.432033190326974,8.654000221026433,4.9682555644939335
backward,8.88,-0.30000000000000004,0.0,0.0,-0.35784866074198457,-0.05678812947520996,0.11322406867519651,-0.18305592464879966,-0.015544122636692413,-0.004314434130483686,0.3181506049699482,0,0,0,7.004535199627768,7.004535199627768,8.59690997159625,6.467620165202442
backward,8.9,-0.30000000000000004,0.0,0.0,-0.3660586949856126,-0.06579238167626404,0.12464200897618889,-0.2740910772152189,-0.00578755915302811,0.000804686843912996,0.3204537525554547,0,0,0,5.892151243353124,5.892151243353124,8.543158037315699,6.6186039368782605
backward,8.92,-0.30000000000000004,0.0,0.0,-0.3641411988450304,-0.07735168697769343,0.09378950853875356,-0.2694938510743744,0.0031527358284524436,0.003230810776246704,0.3225624897893152,0,0,0,6.039193671295863,6.039193671295863,8.49875177692282,5.755887671625105
backward,8.94,-0.30000000000000004,0.0,0.0,-0.35110660958325884,-0.0841774515927419,0.043575010434493175,-0.189636334788742,0.009438921766555,0.0008535052751445803,0.3238259582839308,0,0,0,6.9716797505499954,6.9716797505499954,8.564033626499793,3.4976567407281323
backward,8.96,-0.30000000000000004,0.0,0.0,-0.33180762153940024,-0.08301293754846632,-0.005395675631426099,-0.10966951735504865,0.011115383428680898,-0.00526921695545258,0.3240603162921939,0,0,0,8.236326028346207,8.236326028346207,8.659468012631262,4.0715825792903795
backward,8.98,-0.30000000000000004,0.0,0.0,-0.3115587719951918,-0.07055000605221778,-0.052716943540430695,-0.05202183657098099,0.007883091398489313,-0.012272641008892153,0.3233074165581356,0,0,0,8.746348920468687,8.746348920468687,8.704018121868277,5.546134070309719
backward,9.0,-0.30000000000000004,0.0,0.0,-0.29489082634699043,-0.05074726865296812,-0.10602830744088862,-0.04050991948156957,0.0012555922244107248,-0.016856670584412713,0.3215025084923869,0,0,0,8.300877763592506,8.300877763592506,8.64397913007037,7.730283192556664
left,9.02,0.0,0.30000000000000004,0.0,-0.280361994750753,-0.03661840890067723,-0.14834448938533462,-0.06492148981545164,-0.002791909927940355,-0.016096206365966773,0.3186438165440809,0,0,0,6.908710084125122,6.908710084125122,8.587476964504248,9.52786889426322
left,9.040000000000001,0.0,0.30000000000000004,0.0,-0.2563629730749112,-0.018170358486785245,-0.09669296769762795,-0.048054202327412886,0.0007565962602267459,-0.0073091434929057975,0.31606194157550294,0,1,0,6.928284915740727,6.928284915740727,8.534273821012349,8.225685661183862
left,9.06,0.0,0.30000000000000004,0.0,-0.24058320694752688,0.012205456620109965,-0.03489404303611852,0.032719587997031965,-0.0019055440191760107,-0.005244096814642363,0.31473856024352925,0,0,0,7.6512913856887,7.6512913856887,8.484151111830599,3.939247858046185
left,9.08,0.0,0.30000000000000004,0.0,-0.2504601876905433,0.035891368475476505,0.0028889886547133602,0.17355892923790803,-0.006267169948573238,-0.008373215023640048,0.3144466127402312,0,0,0,7.3777998091884935,7.3777998091884935,8.436907558699815,3.041247724409313
left,9.1,0.0,0.30000000000000004,0.0,-0.2771403395042245,0.05859684429158144,0.04309796760690905,0.27008386489813135,-0.01208472663599827,-0.013151806772836417,0.3148814358737007,0,0,0,6.531146558677528,6.531146558677528,8.392357514500134,3.6108895339483955
left,9.120000000000001,0.0,0.30000000000000004,0.0,-0.2955148859484453,0.07785993234577873,0.07216827730261816,0.29029954070989367,-0.014293193020001593,-0.01684951057624245,0.3160257528091793,0,0,0,7.205290657834794,7.205290657834794,8.35032948138478,3.1061655692455408
left,9.14,0.0,0.30000000000000004,0.0,-0.30649014769558125,0.09600350074227258,0.07754570562473395,0.25639741798149573,-0.01322883659138353,-0.02110673344842982,0.31747359534743075,0,0,0,7.417894692840267,7.417894692840267,8.310664798493779,3.4166447593904246
left,9.16,0.0,0.30000000000000004,0.0,-0.3095115791256808,0.10961816419797048,0.057979705568727884,0.20380390524119765,-0.006877851712465123,-0.027492193749973075,0.3187807696969202,0,0,0,7.520485818629332,7.520485818629332,8.273216476524897,5.585077153253902
left,9.18,0.0,0.30000000000000004,0.0,-0.28994814596975466,0.1264022532073059,0.06783624361655038,0.1637818920437908,-0.006142713828904036,-0.0320174595926385,0.3199987858078659,0,0,0,7.682088741939774,7.682088741939774,8.267972737872952,3.359935321373433
left,9.200000000000001,0.0,0.30000000000000004,0.0,-0.25006272874069874,0.14217869679098813,0.047991819785149076,0.16888643642234996,-0.010352981983406055,-0.03289744109727898,0.32100901172901947,0,0,0,7.637947794399988,7.637947794399988,8.257025672401536,4.304841361397787
left,9.22,0.0,0.30000000000000004,0.0,-0.20316176545411627,0.16592676561515898,0.006978123377111654,0.1639258743992937,-0.01755922169573522,-0.029728686598104154,0.32141954858502736,0,0,0,6.946790138096059,6.946790138096059,8.246601198599699,5.868361828785732
left,9.24,0.0,0.30000000000000004,0.0,-0.15450137625183413,0.18754806513280295,-0.08283469029020718,0.1297279100753873,-0.02862868115942848,-0.021352441743250145,0.32056024891871476,0,0,0,6.934084171750907,6.934084171750907,8.257533450635414,8.590349094430355
left,9.26,0.0,0.30000000000000004,0.0,-0.11105306978492605,0.18154193463222693,-0.1473709670251059,0.018708185175079363,-0.04460809098556862,-0.00614964900757932,0.31788713310548933,0,0,0,11.911183293729483,11.911183293729483,8.223032622431717,13.990966614378658
left,9.28,0.0,0.30000000000000004,0.0,-0.11256310227376205,0.14121784551717248,-0.08004328567118865,-0.1841077707519379,-0.04248968919566943,-0.0006543116362932997,0.31584866218532864,0,0,0,13.875096446026483,13.875096446026483,8.36662261520826,15.960615869898431
left,9.3,0.0,0.30000000000000004,0.0,-0.12719516792451752,0.12835835124207826,-0.02905050227150603,-0.2677146945957616,-0.034810029682140864,-0.002709646786086271,0.31506601295064063,0,0,0,12.87799885306912,12.87799885306912,8.490966304456702,15.579765059118278
left,9.32,0.0,0.30000000000000004,0.0,-0.14082633965296315,0.1275852191209332,0.0034303011566166703,-0.24218036069547885,-0.022791564033431858,-0.00755000005909903,0.31504418310573645,0,0,0,11.142080928905227,11.142080928905227,8.432886101863033,13.652976957988257
left,9.34,0.0,0.30000000000000004,0.0,-0.13817336612390232,0.13289168586083097,0.004570512072169302,-0.22538488136725146,-0.009331488658871507,-0.014273875478711392,0.3152714674072682,0,0,0,12.764389777292685,12.764389777292685,8.163059526465304,13.62076470108193
left,9.36,0.0,0.30000000000000004,0.0,-0.1273193044951603,0.15974426115232848,0.0046546514482778386,-0.21009810042526345,-0.006041325609749543,-0.02425598825498645,0.3153789800502617,0,0,0,8.715054036525592,8.715054036525592,7.9319338791878025,14.201970323795061
left,9.38,0.0,0.30000000000000004,0.0,-0.09139368125780327,0.19120675837759207,-0.03910086487098902,-0.20354619592040515,-0.015482101604194517,-0.036060219899676275,0.31485547751372145,0,0,0,9.079325741292475,9.079325741292475,7.983086945333088,4.763904628600807
left,9.4,0.0,0.30000000000000004,0.0,-0.052720591419669234,0.2340301888582663,-0.10179260900543087,-0.220511360789037,-0.03426089285877802,-0.04645800178667095,0.3131811680267803,0,0,0,8.522028813212831,8.522028813212831,8.065138674701348,3.639032229734344
left,9.42,0.0,0.30000000000000004,0.0,-0.02717482365179991,0.25719991076523957,-0.1026233335542443,-0.09292004076480243,-0.05120997781085092,-0.05090321341254276,0.3106458966273073,0,1,0,6.643175662595986,6.643175662595986,8.18399738109203,3.2299038341922977
left,9.44,0.0,0.30000000000000004,0.0,0.0061918429355425995,0.23880080055046146,-0.08369900109489296,0.2005665428483478,-0.06054029733070986,-0.04167496236556438,0.3084942708067985,0,1,0,5.765464337180714,5.765464337180714,8.197458785227333,4.997488782916058
left,9.46,0.0,0.30000000000000004,0.0,0.03177456640283986,0.21413831313764992,-0.05687727652882629,0.38969055826801047,-0.07026410398222827,-0.03108363440290899,0.30674978459313734,0,0,0,7.276131619735499,7.276131619735499,8.232889810396447,4.64372078661137
left,9.48,0.0,0.30000000000000004,0.0,0.039491087617266364,0.20999221955250258,-0.027748321310935097,0.4099080927909483,-0.07817896615978688,-0.020512725977354766,0.30557991959539405,0,0,0,7.337222606533582,7.337222606533582,8.248755118920059,6.870514548669162
left,9.5,0.0,0.30000000000000004,0.0,0.026890063056476596,0.22241905011399762,-0.004183611549060967,0.350218436396872,-0.08005991488791742,-0.011606130174927776,0.30482619320462523,0,0,0,8.765168992147789,8.765168992147789,8.260202099883575,10.22310834005052
left,9.52,0.0,0.30000000000000004,0.0,0.010597428104502597,0.2558380238953272,0.00029572386865237693,0.3329994025436719,-0.07186571690369928,-0.004982653620632636,0.3042265085954871,0,0,0,7.395583899162564,7.395583899162564,8.25864107108762,10.410337553815673
left,9.540000000000001,0.0,0.30000000000000004,0.0,-0.006205967857574173,0.2863249733899796,0.0058160148130593,0.3148321447036068,-0.055831505998347734,-0.0019237775094545632,0.30385375996610586,0,0,0,7.586875629526957,7.586875629526957,8.22407904576324,8.359490859120008
left,9.56,0.0,0.30000000000000004,0.0,-0.020809257462983923,0.3092523080078141,0.01116138085099789,0.30171310234936194,-0.0382669869810535,-0.0008964851969018281,0.3037459102563207,0,0,0,7.766638993619582,7.766638993619582,8.191421627738382,4.911369648574457
left,9.58,0.0,0.30000000000000004,0.0,-0.02967688577110371,0.3235049147053656,0.005891964763844387,0.3014049589594171,-0.023343474544640003,-7.375526268608197e-05,0.30375455027379034,0,0,0,7.993568514357007,7.993568514357007,8.183811571087158,2.695233990904462
left,9.6,0.0,0.30000000000000004,0.0,-0.03144751405143244,0.3293062279351194,-0.014522930944929955,0.30521270433319675,-0.014411122740766051,0.0026052959272434197,0.30356923499856786,0,0,0,8.196615822105716,8.196615822105716,8.16541597179772,3.1398040311463187
left,9.620000000000001,0.0,0.30000000000000004,0.0,-0.02579557118114698,0.3272068460346057,-0.05390142336023485,0.30927288919965507,-0.013487835561111914,0.008576138734046182,0.3028145297938603,0,0,0,8.043554137846556,8.043554137846556,8.138810290193021,3.022079834991264
left,9.64,0.0,0.30000000000000004,0.0,-0.021531019300491686,0.31801147950859276,-0.08830104187038099,0.27473404616211905,-0.026366735966237217,0.020245909788895802,0.30114795818674667,0,1,0,7.351244358690884,7.351244358690884,8.115071017351568,4.110852019841578
left,9.66,0.0,0.30000000000000004,0.0,-0.058193323463142856,0.24583658203530181,9.506901133766316e-05,0.04095447475163973,-0.03128598931818747,0.027813425089399043,0.30018453332015566,0,0,0,9.585078336345218,9.585078336345218,8.113055215331006,5.555055734128983
left,9.68,0.0,0.30000000000000004,0.0,-0.09035609526723105,0.1836636179472247,0.08522434933626782,-0.04202028663086165,-0.03153968912185183,0.025251385115151518,0.30079749576224135,0,0,0,15.48241269200206,14.0,8.164361581446023,16.273058785227555
left,9.700000000000001,0.0,0.30000000000000004,0.0,-0.1057978623418713,0.14759509701755788,0.11707757430051204,0.011546643053939994,-0.027395406344249435,0.01611164072679699,0.30265634489162124,0,0,0,14.095549597468752,14.0,8.234583928107192,15.828375224902963
left,9.72,0.0,0.30000000000000004,0.0,-0.1129561471564557,0.15094998519469313,0.1155874095480935,0.046835503028051326,-0.015062998444254839,0.004357431847730005,0.3048306494010608,0,0,0,11.083249555607168,11.083249555607168,7.956510739667351,15.16412799743695
left,9.74,0.0,0.30000000000000004,0.0,-0.0999166418177747,0.16399672265570112,0.08463856557444369,0.08664860828503497,-0.0005569608160962608,-0.003980189218607465,0.3067145398307118,0,0,0,8.467138997975269,8.467138997975269,7.6803855670091465,11.416058435200448
left,9.76,0.0,0.30000000000000004,0.0,-0.078206384541389,0.1759777686082498,0.04490515918544045,0.10360425625949049,0.009835943943762424,-0.009786135057397302,0.30793993929073193,0,0,0,8.646514115396581,8.646514115396581,7.674981887221126,6.425249861128107
left,9.78,0.0,0.30000000000000004,0.0,-0.053294150048883104,0.19230661481132458,-0.001005012352822278,0.0603176725295579,0.013617910330292268,-0.01347440554528774,0.30836841167396234,0,0,0,8.338173906433715,8.338173906433715,7.671228648653493,3.49024323376696
left,9.8,0.0,0.30000000000000004,0.0,-0.03021757829054768,0.21441308556239522,-0.050246101108207715,-0.06738463755585422,0.010290115063104947,-0.013935577365397257,0.30787553786458666,0,0,0,7.818742213252262,7.818742213252262,7.667664367309467,4.166357259087822
left,9.82,0.0,0.30000000000000004,0.0,-0.009619179630447483,0.24267101163019522,-0.102728503391087,-0.2886202624306132,-0.000568073579089758,-0.0102713743246609,0.30629667197099064,0,0,0,6.734870629711946,6.734870629711946,7.6642794237592256,4.9484667584953055
left,9.84,0.0,0.30000000000000004,0.0,-0.004301858886827403,0.28872394993685047,-0.11841520503082874,-0.5276086451397275,-0.025163936582658773,-0.008599638448959689,0.30407125359670584,0,0,0,5.070680793308282,5.070680793308282,7.661064698682793,5.846814519209406
left,9.86,0.0,0.30000000000000004,0.0,-0.017804809573859506,0.27969660519984646,-0.03209101484883218,-0.3054565877603176,-0.04010602279047346,-0.0024319973084429712,0.30238391701268735,0,1,0,6.59631950060899,6.59631950060899,7.658011545853622,4.4695130589044805
left,9.88,0.0,0.30000000000000004,0.0,-0.03366507910633137,0.2623222465160466,0.04583504929635645,-0.11131477163171494,-0.048379762756552515,0.009289190166849759,0.30239524494258513,0,0,0,7.697523791437037,7.697523791437037,7.65511176668014,3.878118042245239
left,9.9,0.0,0.30000000000000004,0.0,-0.06055469461479086,0.2625439521915778,0.10432499525875587,-0.04587351824531699,-0.05018597970256961,0.021055849361546208,0.3037506574354248,0,0,0,7.782304984914539,7.782304984914539,7.652357586205994,6.032818106715177
left,9.92,0.0,0.30000000000000004,0.0,-0.08329621838718018,0.2823338259248586,0.10369074072221322,-0.05006082452304876,-0.0501063134649901,0.03060201517532621,0.30562931919637765,0,0,0,6.502811261958196,6.502811261958196,7.649741630476949,6.541028010216624
left,9.94,0.0,0.30000000000000004,0.0,-0.09711062153584626,0.30799904556252955,0.06897112310067641,-0.11814914686067489,-0.04936592624801626,0.03395434527854811,0.30704156797774623,0,0,0,6.741867214082875,6.741867214082875,7.647256905189057,5.52261164242521
left,9.96,0.0,0.30000000000000004,0.0,-0.10093154809473452,0.3205075259072568,0.03389315954719384,-0.16281991444588556,-0.046235550435522785,0.03309282970674148,0.3077819468702211,0,0,0,7.65644205359881,7.65644205359881,7.644896775538609,2.9271826217001333
left,9.98,0.0,0.30000000000000004,0.0,-0.09663886360901414,0.3230616119086216,0.003213337782786419,-0.1705030497203495,-0.0407462585689014,0.03207911155257186,0.3079004115491774,0,0,0,8.657416786049925,8.657416786049925,7.6426549472001035,3.3574437466189853
left,10.0,0.0,0.30000000000000004,0.0,-0.0872647554928598,0.32256369366049636,-0.019390496901885504,-0.12508908748570435,-0.03615012261697519,0.03187321313457182,0.30754257095196996,0,0,0,8.766139990975647,8.766139990975647,7.71200948406738,3.105383595786712
left,10.02,0.0,0.30000000000000004,0.0,-0.07949556331396057,0.32494781477208423,-0.04296482949794282,0.006720484773282754,-0.03762397992699155,0.03188848712626906,0.30677318909856943,0,0,0,8.363002493891509,8.363002493891509,7.816315543185127,3.7657039004394064
left,10.040000000000001,0.0,0.30000000000000004,0.0,-0.08997079126300966,0.2922195259291434,0.0004960047398103306,0.03634052234760027,-0.04054416876163393,0.0295462941257104,0.3059715757816459,0,1,0,7.595762874034758,7.595762874034758,7.918478922734682,5.783241074680968
left,10.06,0.0,0.30000000000000004,0.0,-0.09332110896837466,0.23268595797518432,0.06785337608011352,-0.012839784370538765,-0.04609864779178654,0.02614700360813094,0.3066845882024784,0,0,0,7.725604809562717,7.725604809562717,8.013696179013152,2.6240082741930992
left,10.08,0.0,0.30000000000000004,0.0,-0.09375867103721597,0.1773400012339228,0.09825850528443648,0.004501033285771856,-0.05110557499453036,0.021601961239629063,0.3081228893235113,0,0,0,7.983762182517557,7.983762182517557,7.99241213121595,6.745604084559534
left,10.1,0.0,0.30000000000000004,0.0,-0.09768810470387687,0.15399961526571956,0.08823938704185966,0.006994433496294583,-0.05365273511140734,0.013294623978828435,0.309800165765621,0,0,0,6.803105557897019,6.803105557897019,8.041916639039865,7.374734661568971
left,10.120000000000001,0.0,0.30000000000000004,0.0,-0.0974924055735642,0.15638939201955243,0.08592438342717804,-0.0075365272355016645,-0.0455661759748462,0.002684290057721394,0.31134091345340736,0,0,0,6.823255593642389,6.823255593642389,8.112028818249541,8.328403659193311
left,10.14,0.0,0.30000000000000004,0.0,-0.08561820725902701,0.16726417451728862,0.07684561976656756,0.003870302574742957,-0.03064379684467673,-0.0059222684323800715,0.3128076493955109,0,0,0,7.181927300447048,7.181927300447048,8.142722640816846,7.598383302829875
left,10.16,0.0,0.30000000000000004,0.0,-0.06469144497027234,0.18323133395159752,0.045977845212524335,0.04703881414039872,-0.015355644425522424,-0.01086030769620135,0.3139455758115462,0,0,0,7.1096470208923375,7.1096470208923375,8.157177188810998,5.2222605800055355
left,10.18,0.0,0.30000000000000004,0.0,-0.036849723107897775,0.20284660600724724,-0.009514535771861173,0.08582402605190594,-0.0030634825941118354,-0.011974127055658283,0.3142330198914153,0,0,0,7.0192684506686165,7.0192684506686165,8.128177391345222,3.0069975237747686
left,10.200000000000001,0.0,0.30000000000000004,0.0,-0.008696159347308994,0.22170827498350454,-0.07800123776359756,0.06364326045726666,0.003364503134246924,-0.009243110958520184,0.3133242933835715,0,0,0,6.133732726685458,6.133732726685458,8.100751166606564,3.952234655668402
left,10.22,0.0,0.30000000000000004,0.0,0.016597495132627125,0.23520367379399082,-0.15989780909261847,-0.02494946308605315,0.0012249815567881427,-0.0031939023716168616,0.31091085930660456,0,0,0,4.838125026375523,4.838125026375523,8.074806540990139,4.600327323929875
left,10.24,0.0,0.30000000000000004,0.0,0.016673095101161408,0.2583643247360681,-0.1945289917150743,-0.17113098983902958,-0.01652938174607424,0.002454034659798483,0.3071182020597323,0,0,0,5.44914845778667,5.44914845778667,8.050257596263705,5.30942301134645
left,10.26,0.0,0.30000000000000004,0.0,-0.01782662622024348,0.2775965599408611,-0.12628196100407602,-0.0713150398024661,-0.04547515397691996,0.001349016658814617,0.30350226156405896,0,1,0,7.77578408162116,7.77578408162116,8.027024001184703,6.28265439084912
left,10.28,0.0,0.30000000000000004,0.0,-0.04951091544085639,0.2667833629061647,-0.0030714166393469907,0.10036851857653563,-0.05850561691059587,0.008810342107764789,0.3020283228130562,0,0,0,8.680725710743406,8.680725710743406,8.005030586388429,8.036118480673267
left,10.3,0.0,0.30000000000000004,0.0,-0.06408922294692977,0.2645342225060048,0.0593800282482988,0.02978768186111553,-0.06333884773873073,0.017047601498517004,0.30231764212042306,0,0,0,11.142694473695563,11.142694473695563,7.984206957841252,12.848214907341339
left,10.32,0.0,0.30000000000000004,0.0,-0.07837796933311113,0.27198856083158346,0.06781074122716944,-0.10930681691266071,-0.06034817365974071,0.021583767102729867,0.30322325090443975,0,0,0,8.268676084045017,8.268676084045017,7.964487144739053,13.075560236826538
left,10.34,0.0,0.30000000000000004,0.0,-0.09046340687335093,0.2924486859031281,0.04515910473794606,-0.1750677651707175,-0.05226675974916721,0.02230967485726472,0.30390541394878456,0,0,0,8.043482662916663,8.043482662916663,7.945809278235984,9.25193068678206
left,10.36,0.0,0.30000000000000004,0.0,-0.09912954358874898,0.3054382607092637,0.02853731463711967,-0.17311895289054346,-0.03974420045469333,0.020942812491693396,0.3043509839809912,0,0,0,8.49743413754358,8.49743413754358,7.9281152978239255,5.6921654166167945
left,10.38,0.0,0.30000000000000004,0.0,-0.10017475305415677,0.3109395325474988,0.014234277735126189,-0.11366949116840938,-0.026223407069785782,0.018923330445027788,0.3046054300122331,0,0,0,8.982687690572583,8.982687690572583,7.9113506825597035,3.488427535038202
left,10.4,0.0,0.30000000000000004,0.0,-0.09391075523963428,0.3101674609445182,-0.001965459253612173,-0.00829484801833541,-0.015273754090100695,0.017105975523900526,0.30463743243560604,0,0,0,9.26592884811295,9.26592884811295,7.9646793357787615,3.2344067384645063
left,10.42,0.0,0.30000000000000004,0.0,-0.08311817449567817,0.30599391585685526,-0.02963617266883205,0.15939666961965612,-0.010885502563329158,0.01624321267542693,0.3042880201415639,0,0,0,8.897585415402443,8.897585415402443,8.0664930450483,3.751011455810577
left,10.44,0.0,0.30000000000000004,0.0,-0.07803058073616702,0.28942515630453025,-0.056060274348395056,0.34052802482363387,-0.01355721541099404,0.01671849790925656,0.30327221716729064,0,1,0,8.213724288749274,8.213724288749274,8.17525546881389,4.856809383385581
left,10.46,0.0,0.30000000000000004,0.0,-0.09397656293955807,0.21995862987006212,0.027775422680301705,0.24267676943850378,-0.016331696958330637,0.014940235861448388,0.3031623128865018,0,0,0,7.649953580931906,7.649953580931906,8.279156115681761,2.523664606944076
left,10.48,0.0,0.30000000000000004,0.0,-0.10172005832835403,0.16469092170191785,0.07790097370179953,0.19384984570139635,-0.020113929612201428,0.011075485671906355,0.30412681651028134,0,0,0,7.801308193195611,7.801308193195611,8.243880399225638,6.9071504658010525
left,10.5,0.0,0.30000000000000004,0.0,-0.10861766341792749,0.13920898116800687,0.09290435846846341,0.19180671896621088,-0.021959616711399788,0.005243372233544431,0.3056369697981454,0,0,0,8.496198979113847,8.496198979113847,8.225468207533766,9.453310042101124
left,10.52,0.0,0.30000000000000004,0.0,-0.112986782537238,0.14196665625758423,0.08948283226518716,0.14450546716327275,-0.013716584705065907,-0.002419308481858151,0.30719758995691615,0,0,0,9.363522674566289,9.363522674566289,8.192734435282823,11.123874218508393
left,10.540000000000001,0.0,0.30000000000000004,0.0,-0.10270654836683131,0.1499196341608253,0.07344353327760964,0.11065183758858123,0.0017817633821450986,-0.008850118981823364,0.30863903297929923,0,0,0,8.082464904825253,8.082464904825253,8.161795445862658,10.383622264819815
left,10.56,0.0,0.30000000000000004,0.0,-0.08018986063010504,0.16112370846054203,0.03545927474362276,0.09269092415384214,0.014974162343110182,-0.012807035189106331,0.30965940827180216,0,0,0,8.138740237060071,8.138740237060071,8.132544392476369,7.082670253385107
left,10.58,0.0,0.30000000000000004,0.0,-0.049804682280763235,0.17587493729928932,-0.020723100625899386,0.08171731740722633,0.022417268979601324,-0.013808290427916705,0.3097928893363519,0,0,0,8.065467795526173,8.065467795526173,8.104620574537748,3.6636546724141974
left,10.6,0.0,0.30000000000000004,0.0,-0.01860122941195393,0.1933751154274552,-0.08279709730817929,0.01328145332991187,0.021852779907645923,-0.011377837756346591,0.3087851248297556,0,0,0,7.675257042198041,7.675257042198041,8.0767948978547,4.036909411718447
left,10.620000000000001,0.0,0.30000000000000004,0.0,0.005284571900922503,0.22278358738308915,-0.11401176980553793,-0.14004147700712988,0.00470157202004618,-0.006446500529428,0.30671587692640795,0,0,0,6.882621677856162,6.882621677856162,8.060028153053665,4.806892023768697
left,10.64,0.0,0.30000000000000004,0.0,0.019916185471290815,0.27503270695059634,-0.12831316306821147,-0.301907964785414,-0.030168832974153292,-0.004934609988654204,0.3043442588806066,0,0,0,5.272196941995254,5.272196941995254,8.060183450538425,5.6342217141969
left,10.66,0.0,0.30000000000000004,0.0,-0.0012282933962931475,0.27149663671884106,-0.0210777600338891,-0.06859268057225991,-0.04951533914522376,0.0014590282536586733,0.3027170983766754,0,1,0,6.396037207850991,6.396037207850991,8.036418635331533,5.0553428353258125
left,10.68,0.0,0.30000000000000004,0.0,-0.016199782660575306,0.2600265008004034,0.04117986985588771,0.08249236163332821,-0.057424938424003986,0.013654602363601265,0.30275575813605665,0,0,0,7.382038079692351,7.382038079692351,8.01392429552006,4.599871007129628
left,10.700000000000001,0.0,0.30000000000000004,0.0,-0.040942050186007405,0.2619924912181012,0.08584428267478943,0.0647365592544578,-0.05905701395661667,0.025695155718895253,0.3038516216514676,0,0,0,7.653611247262378,7.653611247262378,7.992628118921079,5.107537071067043
left,10.72,0.0,0.30000000000000004,0.0,-0.06388288075428394,0.28257222285331113,0.08858355121390482,0.00667551747441668,-0.06054859157123673,0.03578280454487765,0.30534692406598896,0,0,0,6.531586305382535,6.531586305382535,7.9724623573665525,5.793905869621661
left,10.74,0.0,0.30000000000000004,0.0,-0.07619035144104326,0.3126770858066486,0.05686928849405165,-0.07877110728495816,-0.06194614991555036,0.04037464120049192,0.3064176709341323,0,0,0,6.869144704978004,6.869144704978004,7.9533634931691495,5.142054049590481
left,10.76,0.0,0.30000000000000004,0.0,-0.07830306558270977,0.33568901238378257,0.02360077393436133,-0.13611769517936018,-0.058249978516629525,0.040523806727935256,0.3068361062597925,0,0,0,7.9179921887689515,7.9179921887689515,7.935271934496875,2.507150243482017
left,10.78,0.0,0.30000000000000004,0.0,-0.07299938344540827,0.3493795067587717,-0.005576839887787077,-0.13040871896133288,-0.04920622139843521,0.038724404015409636,0.30667822450972554,0,0,0,9.026564022832678,9.026564022832678,7.958404936989719,2.6369107761972757
left,10.8,0.0,0.30000000000000004,0.0,-0.0626008767936181,0.35575822295309717,-0.030763699853480014,-0.06280158248660468,-0.038449930083695814,0.036301656485641674,0.3060646010870379,0,0,0,9.25366628558012,9.25366628558012,8.064647488919135,2.8497401173452235
left,10.82,0.0,0.30000000000000004,0.0,-0.05043545649704052,0.35728550350797905,-0.06318679264161435,0.07474732193970225,-0.03209648999393759,0.03386521705711249,0.30494860503419025,0,0,0,8.9571078953418,8.9571078953418,8.17248440288073,3.8460941532750783
left,10.84,0.0,0.30000000000000004,0.0,-0.038773520180369725,0.3527267982924006,-0.06571089169179917,0.1916164962463154,-0.04019613429019113,0.035591452111429424,0.30325996060564314,0,1,0,8.119333692542183,8.119333692542183,8.287881710360761,6.964138817310877
left,10.86,0.0,0.30000000000000004,0.0,-0.04932438697998948,0.2847594268997407,0.015016529715659432,0.023484925866256577,-0.05133556292428867,0.03886450851017844,0.30261062326782917,0,0,0,8.940756465724581,8.940756465724581,8.258797788019603,2.891215204559976
left,10.88,0.0,0.30000000000000004,0.0,-0.06240176216220519,0.2163506579513289,0.08605730298218962,-0.033703391395370125,-0.05713483417742398,0.03550103253669339,0.3033405177890412,0,0,0,9.50888173160755,9.50888173160755,8.269372715682128,7.154171953440846
left,10.9,0.0,0.30000000000000004,0.0,-0.07383698496699173,0.17206280186652906,0.11876644134587157,0.008161389001429063,-0.05670789475779165,0.02597586121790374,0.3050733402867416,0,0,0,8.87933020308818,8.87933020308818,8.29985524972155,10.194508561691977
left,10.92,0.0,0.30000000000000004,0.0,-0.07609363047491835,0.16810302264971166,0.11291847518805193,0.016156027437056172,-0.04737983431280217,0.012504400073317604,0.30704126303812973,0,0,0,6.967136860398188,6.967136860398188,8.32309466629819,10.104713823604838
left,10.94,0.0,0.30000000000000004,0.0,-0.0645003601687485,0.18380610003278233,0.09873979575394298,0.012263809102225229,-0.030300744692442663,0.002097152281731121,0.3089094580060896,0,0,0,7.15802725555301,7.15802725555301,8.308946447328754,8.032692620657041
left,10.96,0.0,0.30000000000000004,0.0,-0.04339573703891206,0.2011735722676529,0.0663408084968542,0.01861657735039971,-0.012009897795388509,-0.003417037676483521,0.3103913349460427,0,0,0,7.021814176656863,7.021814176656863,8.322518209695591,5.312324816067158
left,10.98,0.0,0.30000000000000004,0.0,-0.016974899331478364,0.21977825257164896,0.0156639970188245,-0.022272883460260184,0.0021794676587482986,-0.0045544055852033884,0.3111048353474146,0,0,0,6.531072403733667,6.531072403733667,8.319739476698135,2.8706619027670803
left,11.0,0.0,0.30000000000000004,0.0,0.00605718999618121,0.2357447996872127,-0.04920807826457549,-0.14117821981906958,0.009922024454827922,-0.0010370632204506746,0.3107441157370916,0,0,0,5.158611425472837,5.158611425472837,8.28178528938362,2.43187901599208
left,11.02,0.0,0.30000000000000004,0.0,0.01914820675310361,0.25243004064593805,-0.10515693277707198,-0.342658551574878,0.0053694789976633135,0.004234231256038609,0.30905546057381894,0,0,0,4.9681339646747436,4.9681339646747436,8.245942101956242,3.138803385411553
left,11.040000000000001,0.0,0.30000000000000004,0.0,0.019451142880304934,0.2861242151087434,-0.14244994949231848,-0.5297155391508643,-0.016002356593506323,0.0026493645222364316,0.3065351486953337,0,0,0,4.250773451868269,4.250773451868269,8.212081072930292,3.2345602983844057
left,11.06,0.0,0.30000000000000004,0.0,-0.007296249148131512,0.30176953849206756,-0.11144671977969402,-0.44338654830110136,-0.03852190208886071,-0.0020641435093593937,0.303449129991068,0,0,0,7.619370531522251,7.619370531522251,8.180082424533317,4.013007602769987
left,11.08,0.0,0.30000000000000004,0.0,-0.04567276435581577,0.2797614647629062,-0.0016348667261854941,-0.16953957476074719,-0.04606546339329165,0.008392197150244458,0.3021855439800637,0,0,0,7.7745181584685294,7.7745181584685294,8.149834679633997,6.3391709359520245
left,11.1,0.0,0.30000000000000004,0.0,-0.07208627239651957,0.26951266957554976,0.07767795478556859,-0.0724662262250706,-0.051356543234027184,0.021401832705127,0.3026791988078137,0,0,0,9.149028050826374,9.149028050826374,8.121233975907913,11.092033843521383
left,11.120000000000001,0.0,0.30000000000000004,0.0,-0.09235537750542716,0.28195528011472193,0.09802660410826476,-0.049222817542654666,-0.05793162557944537,0.03137599588864659,0.3040986656541538,0,0,0,7.367129606151071,7.367129606151071,8.094183448055073,11.081264134815592
left,11.14,0.0,0.30000000000000004,0.0,-0.10801396747210763,0.3084820973700061,0.079450841043467,-0.09280077501493943,-0.06321565335405287,0.035150444064056464,0.3054527189404115,0,0,0,6.834531046776975,6.834531046776975,8.068592670131164,8.64453107110855
left,11.16,0.0,0.30000000000000004,0.0,-0.11419779210686433,0.3276003530740073,0.05030126499312937,-0.1518841997977044,-0.06142396896559747,0.03412300601879794,0.30636012996283846,0,0,0,7.688236569275471,7.688236569275471,8.044377151112915,6.223012548620968
left,11.18,0.0,0.30000000000000004,0.0,-0.11280110606612018,0.33647380090134626,0.019839974356819053,-0.1713456395571528,-0.053215118828476383,0.03147177038021683,0.30672290735198315,0,0,0,8.645417414636324,8.645417414636324,8.021457877718483,3.3593749447053174
left,11.200000000000001,0.0,0.30000000000000004,0.0,-0.10314744601841092,0.33746390533815906,-0.011671985109636504,-0.12160532817638826,-0.0438888510996024,0.0288626592363156,0.30652527775767496,0,0,0,9.17796471347747,9.17796471347747,8.10380347502397,3.2388335161142146
left,11.22,0.0,0.30000000000000004,0.0,-0.09701258146309137,0.3286709127368828,-0.024864940990936623,-0.017115911426778978,-0.038260432689908926,0.026111145258785787,0.3058309359541792,0,0,0,9.059985887280265,9.059985887280265,8.181018815483707,3.5579293055397
left,11.24,0.0,0.30000000000000004,0.0,-0.11242872493694044,0.27007948552229766,0.010072997133739724,0.0047854313899821695,-0.029342644126316913,0.017023962040465548,0.3056719462124739,0,0,0,8.416619850686663,8.416619850686663,8.113937229177111,2.9010508468881837
left,11.26,0.0,0.30000000000000004,0.0,-0.12115623688839122,0.19783087899309498,0.035107726529636035,0.034427463267639825,-0.022435277894821887,0.005139092780993072,0.30591351921020676,0,0,0,7.287418919759496,7.287418919759496,8.071505518380224,3.10297542996531
left,11.28,0.0,0.30000000000000004,0.0,-0.12033518598387204,0.14834515735407516,0.06516738296792336,0.12209150416891665,-0.02990232111298464,-0.0007262335895008515,0.3070299360733644,0,0,0,7.522790332570836,7.522790332570836,8.06628400864636,7.006622009508286
left,11.3,0.0,0.30000000000000004,0.0,-0.12017767798248753,0.11447752418429802,0.10819376752673805,0.31110857060764097,-0.03637474826736435,-0.006330385089517001,0.30874454235120086,0,0,0,8.388053358870733,8.388053358870733,8.1361315393759,9.553286615161579
left,11.32,0.0,0.30000000000000004,0.0,-0.11777973657235345,0.11697033226937821,0.09060337223319687,0.34583887082553644,-0.03707112872498207,-0.015576977944665431,0.3103756488018292,0,0,0,7.402059665134364,7.402059665134364,8.108274424129629,9.743621630833696
left,11.34,0.0,0.30000000000000004,0.0,-0.10904445845491469,0.13667182560228022,0.07437276362849875,0.2657119211588698,-0.026960455865758563,-0.024087461227569194,0.31174031088164667,0,0,0,8.1093318618814,8.1093318618814,8.081924019245825,7.807897827447629
left,11.36,0.0,0.30000000000000004,0.0,-0.08696849032623948,0.1586542348609254,0.04428721702364439,0.18528101871020863,-0.016298874805130543,-0.027941686680438782,0.31274587198458703,0,0,0,8.277142580308762,8.277142580308762,8.056992760824553,4.8707994106352075
left,11.38,0.0,0.30000000000000004,0.0,-0.058733453237026355,0.18224100227424875,-0.00909796580242346,0.08615374817991053,-0.009947949573576916,-0.026877630523249145,0.31292959846020757,0,0,0,7.716034869061776,7.716034869061776,8.024841919186656,2.5551320836865345
left,11.4,0.0,0.30000000000000004,0.0,-0.03042248555358065,0.2050459019085909,-0.0759586967000088,-0.04996653069671912,-0.010005690540914486,-0.02117073239437522,0.31195644209428586,0,0,0,6.862060124540872,6.862060124540872,8.009367496000038,2.3006872955530584
left,11.42,0.0,0.30000000000000004,0.0,-0.0009057169430490802,0.22593459127257526,-0.14736835076814822,-0.2230902521487651,-0.01874629618717809,-0.012201296409243901,0.3095883037544634,0,0,0,6.222179014646846,6.222179014646846,8.022618271159452,2.9975890295517917
left,11.44,0.0,0.30000000000000004,0.0,0.009682278815253575,0.26270389045813186,-0.16120438605085344,-0.4100763091342398,-0.04126683252736175,-0.0047905478529982675,0.306146278070297,0,0,0,5.763302472800033,5.763302472800033,8.060206358781901,3.1792993352018417
left,11.46,0.0,0.30000000000000004,0.0,-0.008690814787143309,0.2700245522763715,-0.05200630358192741,-0.18817495738263063,-0.06048475791229915,0.0013832651908830965,0.30375850080291966,0,1,0,7.0354348893705705,7.0354348893705705,8.132866242447477,4.880902321722733
left,11.48,0.0,0.30000000000000004,0.0,-0.03481007312232267,0.25624147708267847,0.053427809861299094,-0.0053757409113392475,-0.0686007370530672,0.01057111586938199,0.30356886374203884,0,0,0,7.613636899009022,7.613636899009022,8.10518607942165,3.6856779432256825
left,11.5,0.0,0.30000000000000004,0.0,-0.06478802000904799,0.2631171603313835,0.11116479462271298,0.0719658670705907,-0.06904637134529769,0.01934671228468442,0.3049421955617272,0,0,0,7.7774782906018,7.7774782906018,8.079002307673505,5.825596187813867
left,11.52,0.0,0.30000000000000004,0.0,-0.0938774030882443,0.2809317994571929,0.1197302091641391,0.043950351114310345,-0.0674645934353793,0.027516407150764286,0.30699732449455286,0,0,0,6.312197659735528,6.312197659735528,8.054228040260202,6.7075215450557195
left,11.540000000000001,0.0,0.30000000000000004,0.0,-0.11035307507573376,0.3101597034107705,0.08285819376342067,-0.05616651258277266,-0.06650229414986669,0.030404018404256123,0.3086208781223224,0,0,0,6.321661206356619,6.321661206356619,8.030782051631917,6.084771510001898
left,11.56,0.0,0.30000000000000004,0.0,-0.11642497522338559,0.33119765173517707,0.04227687123541735,-0.13273376136215784,-0.06279343611274428,0.028305336590726315,0.3094551525822757,0,0,0,7.381045169582679,7.381045169582679,8.058593105080188,3.2577779918343595
left,11.58,0.0,0.30000000000000004,0.0,-0.11536976776533166,0.34236244190992937,0.007720004018113923,-0.14651021909619746,-0.05530959315608666,0.024696236724887733,0.30957645321943783,0,0,0,8.618480391240784,8.618480391240784,8.079666248743248,3.4141545608270145
left,11.6,0.0,0.30000000000000004,0.0,-0.1090168987707353,0.3465190149879161,-0.019374084458325665,-0.08975502083894571,-0.0463888128851461,0.021286545372311824,0.30914699607101587,0,0,0,9.197365647663956,9.197365647663956,8.049424722182096,3.164709828179258
left,11.620000000000001,0.0,0.30000000000000004,0.0,-0.09989584585419144,0.34650362771285653,-0.05095802472272227,0.04158948825855252,-0.04117492281626794,0.018751836731653856,0.3082149983645938,0,0,0,9.040813428832717,9.040813428832717,7.984799598142015,3.6221507452161674
left,11.64,0.0,0.30000000000000004,0.0,-0.09528756895558904,0.3297686063583253,-0.08336733932055333,0.17599575054692054,-0.04183343066767882,0.018208249679556344,0.3065411831334641,0,1,0,8.509434400527756,8.509434400527756,7.919788536435195,4.6276644941442235
left,11.66,0.0,0.30000000000000004,0.0,-0.10862826752248853,0.25828901440531804,0.011446449130804141,0.023548313305737548,-0.048014620500280915,0.017994443067297774,0.30583496535522847,0,0,0,8.155324735165179,8.155324735165179,7.876218490108549,2.3385743498754614
left,11.68,0.0,0.30000000000000004,0.0,-0.11213343205233052,0.19769669064421178,0.07774021999683206,-0.01982193363486412,-0.05497986009450161,0.015296319737318619,0.30647938567628435,0,0,0,8.307240712993012,8.307240712993012,7.88901601175921,7.105690209178587
left,11.700000000000001,0.0,0.30000000000000004,0.0,-0.10848719202801105,0.16386845053654936,0.0939596321027344,0.016770988159512376,-0.05987194105244233,0.008784064250468687,0.3080027641218233,0,0,0,8.388370758985157,8.388370758985157,7.921169617852463,9.750003621940904
left,11.72,0.0,0.30000000000000004,0.0,-0.10719111684828407,0.16317245166513303,0.09606809312979274,0.02825557795703873,-0.0542592862143965,-0.0019167278341810777,0.30967527095650316,0,0,0,8.057783244704295,8.057783244704295,7.972571995433007,10.305064037761973
left,11.74,0.0,0.30000000000000004,0.0,-0.09420127995621332,0.1816450305787436,0.0888385599903658,-0.00785883956393224,-0.03740044175251244,-0.011551149095010219,0.31130443625466936,0,0,0,8.058776951904237,8.058776951904237,8.048047792550925,9.084075636285
left,11.76,0.0,0.30000000000000004,0.0,-0.06861568953533966,0.206757937447582,0.055302477139390786,-0.027195840464393762,-0.01800230810275228,-0.016623287583279904,0.31261365761881166,0,0,0,8.12406390426548,8.12406390426548,8.108107227696191,6.132842612246087
left,11.78,0.0,0.30000000000000004,0.0,-0.035036110926870784,0.23325660773903165,-0.006327236617017654,-0.04260966151628874,-0.0022662291547581705,-0.01687862096880748,0.31300453924909916,0,0,0,7.705420298639279,7.705420298639279,8.076865600848667,3.2062349897272995
left,11.8,0.0,0.30000000000000004,0.0,-0.0015350811230209322,0.2572222705337021,-0.08295703370714165,-0.10884916127154454,0.007509760954117957,-0.01286215575916476,0.31207989170641154,0,0,0,6.823377835393654,6.823377835393654,8.058488095956186,3.9914982216541124
left,11.82,0.0,0.30000000000000004,0.0,0.026214784805616505,0.2761231869265085,-0.1696829810895607,-0.2650351628802856,0.009485573171615263,-0.0058142368173822526,0.3095135435501438,0,0,0,5.241279152184386,5.241279152184386,8.07175576185221,4.716151148761953
left,11.84,0.0,0.30000000000000004,0.0,0.01915769178681044,0.31699204457366975,-0.17278083542460404,-0.45674231266059634,-0.011533218194451463,-0.004380274330419495,0.3061462444819442,0,0,0,4.500797791505725,4.500797791505725,8.13651056154292,5.637269648109318
left,11.86,0.0,0.30000000000000004,0.0,-0.016894414041874067,0.33380026545258884,-0.10557121026957919,-0.31611962209905,-0.03629669636352121,-0.007867660666993298,0.3028618817325264,0,1,0,9.048264307601439,9.048264307601439,8.151584963626675,6.264589576841555
left,11.88,0.0,0.30000000000000004,0.0,-0.06196690281573065,0.30466983803652903,0.037895659968704754,-0.02144762227354636,-0.043771191566501264,0.003216501298509705,0.30213143306466533,0,0,0,8.395456884821218,8.395456884821218,8.122889166974801,4.934194609783468
left,11.9,0.0,0.30000000000000004,0.0,-0.09356236746770476,0.29747177273461584,0.10670716406150801,0.062050854312319985,-0.047635595541849124,0.016843867241840917,0.3033596158997139,0,0,0,8.270919638890206,8.270919638890206,8.18988498695149,9.195907397072501
left,11.92,0.0,0.30000000000000004,0.0,-0.11628335721599001,0.3132798266055945,0.104592082563116,0.043623194338426256,-0.05128212841267368,0.02802459574845404,0.30518377111245804,0,0,0,6.408047022587275,6.408047022587275,8.159101797167047,9.39841683774544
left,11.94,0.0,0.30000000000000004,0.0,-0.12587638250498606,0.33872360300541815,0.05950383777741463,-0.02858892582509708,-0.055514811363352186,0.0315752364969426,0.3064107916552652,0,0,0,6.338423504864032,6.338423504864032,8.129997313669055,7.1986151391694
left,11.96,0.0,0.30000000000000004,0.0,-0.12392220550164842,0.3535956267646876,0.013728408895369169,-0.07740075753605603,-0.0530460485519104,0.030131179915621004,0.3067601007836616,0,0,0,7.770395655095311,7.770395655095311,8.102472548009874,3.4974856481503966
left,11.98,0.0,0.30000000000000004,0.0,-0.11541270763322847,0.35599451693584105,-0.02205339212758297,-0.06657069129022515,-0.04326220720951935,0.027256918195544193,0.3063502174864645,0,0,0,9.213158708179998,9.213158708179998,8.11496133500799,3.2876375078818563
left,12.0,0.0,0.30000000000000004,0.0,-0.10375332187928189,0.3508638580229962,-0.04942427704386839,0.01340427057189332,-0.03222104592010628,0.024660238351870478,0.30540913229967037,0,0,0,9.84762062833649,9.84762062833649,8.121438786250007,3.2202141884404147
right,12.02,0.0,-0.30000000000000004,0.0,-0.09360622183636587,0.3385398382492622,-0.06397739316210495,0.14646723320597324,-0.025985157419989753,0.022468219705295115,0.30406437901711947,0,0,0,9.76240599888326,9.76240599888326,8.065959090889923,3.629653710445606
right,12.040000000000001,0.0,-0.30000000000000004,0.0,-0.10710990196564431,0.2778584447839345,0.02582232549713195,0.11396228664332413,-0.025389103223535464,0.01820372812374072,0.3036270806703773,0,1,0,8.508962168017453,8.508962168017453,7.965963152040935,3.464347108778023
right,12.06,0.0,-0.30000000000000004,0.0,-0.10327522502360664,0.21238440204748044,0.08225440258901309,0.06677097144711257,-0.030207696773278232,0.015249529200736635,0.3047329563368547,0,0,0,7.961632859117962,7.961632859117962,7.9007828746154445,1.8361690641193704
right,12.08,0.0,-0.30000000000000004,0.0,-0.10263056455997216,0.17256184690771453,0.11040312808602575,0.017494513576533928,-0.0353736747719084,0.010411006835038775,0.3065849324066076,0,0,0,8.046385419796529,8.046385419796529,7.928113166569904,7.507566083462083
right,12.1,0.0,-0.30000000000000004,0.0,-0.10241582181907231,0.14646033723934032,0.12967646152018913,0.049415272994627314,-0.03606623408071033,0.004212789179345535,0.30891424706154336,0,0,0,7.456581303692536,7.456581303692536,7.911348663090806,8.909863978470563
right,12.120000000000001,0.0,-0.30000000000000004,0.0,-0.09029669741377577,0.13117458168792218,0.10649463265677013,0.0771155893426797,-0.03497296354916831,-0.004121333714872958,0.31109899579982425,0,0,0,6.40265326592286,6.40265326592286,7.895462290834065,9.423585652553427
right,12.14,0.0,-0.30000000000000004,0.0,-0.06765327512793876,0.10864994562292936,0.11058562384477878,0.14898288190492204,-0.036421650061431714,-0.01099790797693292,0.3131769021494156,0,0,0,6.213034565411461,6.213034565411461,7.880405889327296,7.985711755458148
right,12.16,0.0,-0.30000000000000004,0.0,-0.036956799208857985,0.08927288127322253,0.10056961651787105,0.1388993878377432,-0.04071278302775973,-0.016324238174877305,0.3151479318947345,0,0,0,6.173303424730187,6.173303424730187,7.866134157025453,5.116883616244922
right,12.18,0.0,-0.30000000000000004,0.0,-0.007237220347971375,0.06708023348864332,0.08594246686211938,0.0825096070639643,-0.04572646591843306,-0.019684469375150903,0.3168975497484617,0,0,0,5.473045868141669,5.473045868141669,7.852604459828356,2.761389596737078
right,12.200000000000001,0.0,-0.30000000000000004,0.0,0.017152015683081036,0.031466939711997495,0.061030580691639004,0.04236157439271731,-0.048959817942042634,-0.020706804950284447,0.3182875482486898,0,0,0,5.3019223691839,5.3019223691839,7.839776654562442,1.6133142529558344
right,12.22,0.0,-0.30000000000000004,0.0,0.03187315000575767,-0.019116762783662075,0.019038586019445372,-0.0027952085967248366,-0.04812077777541899,-0.018774383675271223,0.3190554234728512,0,0,0,5.287719176423479,5.287719176423479,7.827612926052382,3.887541155049344
right,12.24,0.0,-0.30000000000000004,0.0,0.029773374008311586,-0.07706552176028741,-0.03905827066121734,-0.15414946780417985,-0.041315845248093,-0.011697511390261997,0.31895036288058304,0,0,0,5.5469713001444285,5.5469713001444285,7.816077636553953,5.413224064704495
right,12.26,0.0,-0.30000000000000004,0.0,0.022442506141083368,-0.12970682864655686,-0.1207374138237965,-0.36148138727566537,-0.029714010845947273,0.0034923312758358377,0.3174292716368319,0,0,0,10.322166310865367,10.322166310865367,7.805137186447894,11.548020678549943
right,12.280000000000001,0.0,-0.30000000000000004,0.0,0.008892222620365478,-0.1626125391116691,-0.16826654610496738,-0.5236001767498372,-0.019670948226516927,0.02248907893706752,0.3144378147597731,0,0,0,12.393015731781643,12.393015731781643,7.794759885207565,13.799729435693596
right,12.3,0.0,-0.30000000000000004,0.0,-0.02139104920841226,-0.14225091305615495,-0.09895668372581001,-0.40711782310419165,-0.027130101991926458,0.029929949625203282,0.31218083245738687,0,0,0,11.528315344555516,11.528315344555516,7.784915831753487,13.672667440543435
right,12.32,0.0,-0.30000000000000004,0.0,-0.05206952659045983,-0.11275760918775372,-0.016274516130764485,-0.16654832280501045,-0.03308199622016927,0.029228556820695785,0.31142406800456884,0,0,0,10.45367893598396,10.45367893598396,7.732065073280275,11.407589781888955
right,12.34,0.0,-0.30000000000000004,0.0,-0.07532714060900984,-0.09220322116911464,0.028420339364470165,0.03834746022567723,-0.035792657778844855,0.024605622556598563,0.3119158950136232,0,0,0,11.034991167034631,11.034991167034631,7.572821699095364,11.445070043744536
right,12.36,0.0,-0.30000000000000004,0.0,-0.08007847292889378,-0.08302171157474833,0.027235928751570333,0.173510247956636,-0.03500610356470646,0.017850007719573374,0.3128108704615514,0,0,0,13.356006326785684,13.356006326785684,7.427129208993428,13.540526054439244
right,12.38,0.0,-0.30000000000000004,0.0,-0.07111284872442625,-0.08407586163242872,-0.007504082199154753,0.27610253584559663,-0.028805169794314092,0.01144687353274663,0.31331228719920734,0,0,0,14.092702853126333,14.0,7.189528397102968,14.284952180943499
right,12.4,0.0,-0.30000000000000004,0.0,-0.05529073122441093,-0.09561916528091535,-0.06037487436221114,0.3775599098394036,-0.016841162557989387,0.008714339843547624,0.31288419136941853,0,0,0,13.831146888152686,13.831146888152686,6.838431737311808,14.276084016495314
right,12.42,0.0,-0.30000000000000004,0.0,-0.03860451380921083,-0.11514939039723437,-0.12755367892973282,0.49416776311275923,-0.0010883553154805953,0.010984808132394868,0.3112224497113632,0,0,0,14.069785582975621,14.0,6.494682745337254,15.36362902565807
right,12.44,0.0,-0.30000000000000004,0.0,-0.0337120456809744,-0.1602061791313968,-0.13584449373140006,0.5266462066849297,0.024500953537605938,0.012757890225516148,0.3088597870088244,0,1,0,15.488067048737252,14.0,6.158009629436307,17.241507797351293
right,12.46,0.0,-0.30000000000000004,0.0,-0.021222023974516894,-0.15198757962114687,-0.014458019210071275,0.1864771575677323,0.03275646035868313,0.023356849786825562,0.3077436086317324,0,1,0,7.236667821065214,7.236667821065214,6.0,11.400159511541084
right,12.48,0.0,-0.30000000000000004,0.0,-0.01744492133135493,-0.15907176413658375,0.0470747179055422,0.024754626348096116,0.03741319300557445,0.03482043521857594,0.30806457784003227,0,0,0,8.544563798644575,8.544563798644575,6.0,2.129467687085896
right,12.5,0.0,-0.30000000000000004,0.0,-0.024788520008708008,-0.1745025456597294,0.10892561029814614,-0.06650336321001474,0.03623377390178622,0.04366292059926017,0.3095971569080839,0,0,0,8.569401852035233,8.569401852035233,6.0,4.883160269463452
right,12.52,0.0,-0.30000000000000004,0.0,-0.03496875299846798,-0.21255626957483728,0.11804996262144789,-0.1216760574267761,0.03302669113235827,0.0482940387662643,0.311717009960708,0,0,0,7.220359000575851,7.220359000575851,6.034419756742796,6.263955473417369
right,12.540000000000001,0.0,-0.30000000000000004,0.0,-0.04466389092204202,-0.2522870459413256,0.1006128457627122,-0.12158487546984897,0.029571700965393934,0.04479888088804642,0.3136987751330594,0,0,0,5.363474609319218,5.363474609319218,6.138873768757165,6.084604906619523
right,12.56,0.0,-0.30000000000000004,0.0,-0.046659173866410206,-0.2774792709647198,0.07376470881699773,-0.13212554168765434,0.02355349543723386,0.037221026865150525,0.315283742452792,0,0,0,5.020003640473167,5.020003640473167,6.249797507250605,5.15306419572116
right,12.58,0.0,-0.30000000000000004,0.0,-0.04150397891002817,-0.2904010119530779,0.03484290042818404,-0.17099851965427917,0.014367854345293621,0.03031792658164333,0.3162371968835297,0,0,0,5.287836705785873,5.287836705785873,6.352124191008517,3.485515763806914
right,12.6,0.0,-0.30000000000000004,0.0,-0.03253101967898448,-0.2924944208123381,-0.021401612454081318,-0.22334882853214233,0.003842746667925093,0.02750221011951448,0.31628135225490667,0,0,0,5.384878968783382,5.384878968783382,6.444853087627656,2.492146763779542
right,12.620000000000001,0.0,-0.30000000000000004,0.0,-0.024235719368509916,-0.2895439364016203,-0.09496194446540372,-0.28118683397349,-0.0035791985649359526,0.030440405656525272,0.31505576036587857,0,0,0,5.113777929674199,5.113777929674199,6.532386887618536,2.780875059483363
right,12.64,0.0,-0.30000000000000004,0.0,-0.021954053875892474,-0.28748892007011123,-0.17584239570132382,-0.3324962124779508,-0.000252241905987756,0.03875859940029821,0.31231427470488204,0,0,0,5.354882642437932,5.354882642437932,6.625721595375076,3.1266696859578467
right,12.66,0.0,-0.30000000000000004,0.0,-0.05505040365731585,-0.23172363503544674,-0.15674612246877,-0.2224189484186886,0.002891325984572835,0.04522694640832613,0.30885576406520815,0,0,0,9.502376596985762,9.502376596985762,6.712350648380738,4.526452623061131
right,12.68,0.0,-0.30000000000000004,0.0,-0.09149397260244496,-0.16164354134130982,-0.07181952724481054,-0.15706321713894023,0.002579831595327775,0.04365982722985367,0.30656301461144847,0,0,0,10.827612231468523,10.827612231468523,6.808158673472597,7.70462222451887
right,12.700000000000001,0.0,-0.30000000000000004,0.0,-0.11370282676693587,-0.10937785278549825,-0.007095352047351274,-0.23618797981217915,0.0023721404006178475,0.03832974829502793,0.3058722177334132,0,0,0,10.681865739721077,10.681865739721077,6.932679835480627,6.89574203876689
right,12.72,0.0,-0.30000000000000004,0.0,-0.13610701102268244,-0.1016271381196287,0.035473115475097565,-0.1411380338973287,-0.0030715168643729402,0.028174828821048787,0.3061341061877606,0,0,0,9.12938707019911,9.12938707019911,7.04319604995834,7.9363002141534835
right,12.74,0.0,-0.30000000000000004,0.0,-0.14446956975839287,-0.10737485750585724,0.05442886544240498,-0.011574282542627514,-0.012496026949696438,0.020177427773670455,0.30710817162055865,0,0,0,8.893144401613961,8.893144401613961,7.055914352650333,7.8153713803644
right,12.76,0.0,-0.30000000000000004,0.0,-0.13572685114658195,-0.11226387382993937,0.030585740401662082,0.04372966328248617,-0.02137917418258643,0.013186079105471487,0.30801354438205397,0,0,0,8.63674501365861,8.63674501365861,7.081804032556125,5.7518495570945305
right,12.780000000000001,0.0,-0.30000000000000004,0.0,-0.11526350746886305,-0.12281325456388474,-0.01986568964872256,0.05523477864968798,-0.02488058125844641,0.005529342192108313,0.3080773986208094,0,0,0,8.622817721145504,8.622817721145504,7.106514362043384,5.092992166414922
right,12.8,0.0,-0.30000000000000004,0.0,-0.07026908708595357,-0.1473797762988637,-0.07911836364708072,0.026802166642218492,-0.014692704191801723,-0.005791086350285572,0.30704731933441404,0,0,0,9.358486297232322,9.358486297232322,7.130094238295332,4.07865461202244
right,12.82,0.0,-0.30000000000000004,0.0,-0.032874103823980184,-0.200623412608623,-0.10366253978621362,0.06922706497585719,0.005064791960536397,-0.01937569588766338,0.30508062303096345,0,0,0,10.126145825643105,10.126145825643105,7.152590972738377,3.1567012455036974
right,12.84,0.0,-0.30000000000000004,0.0,-0.004580516970190519,-0.2476843403160632,-0.049760841285883026,0.03817718578143206,0.02438381875605997,-0.02960836128877383,0.3031309470708871,0,0,0,8.989712191112623,8.989712191112623,7.1740503009061065,3.6540862501300957
right,12.86,0.0,-0.30000000000000004,0.0,0.027048226825908257,-0.260853439552405,0.009142131093037808,-0.11300799199868006,0.03209888206200802,-0.02616012581802416,0.3027662265681344,0,1,0,6.9202164208904415,6.9202164208904415,7.194516396862756,3.3241633411351437
right,12.88,0.0,-0.30000000000000004,0.0,0.042738745254033955,-0.25881672631614255,0.038373574835701536,-0.3242523068007419,0.03682406530481261,-0.019111422603952176,0.30316237879272345,0,0,0,7.35079955413454,7.35079955413454,7.214031891666803,6.486372529868169
right,12.9,0.0,-0.30000000000000004,0.0,0.028842524140390183,-0.26475939122190967,0.057810310886248856,-0.48393884972885964,0.04254916147390996,-0.009546852743201995,0.30398023090802423,0,0,0,7.538524707715659,7.538524707715659,7.232637895387295,5.126412646702372
right,12.92,0.0,-0.30000000000000004,0.0,-0.0015848617412416712,-0.2860555248869699,0.07333671471182895,-0.4429910253198131,0.0491322354704167,0.0013096209970983029,0.30508904876715476,0,0,0,7.088195334192222,7.088195334192222,7.25037402221783,4.112349137089077
right,12.94,0.0,-0.30000000000000004,0.0,-0.025548471750652404,-0.31528196552483173,0.076468055679487,-0.3196650290900807,0.05826665002318653,0.01059753662574098,0.3063258352003405,0,0,0,6.107851766654506,6.107851766654506,7.267278418264738,2.442595005212546
right,12.96,0.0,-0.30000000000000004,0.0,-0.034443167827308635,-0.3424704580532723,0.06192085048309752,-0.17269170492574726,0.06589392623337101,0.016380055217821977,0.3073530694915496,0,0,0,5.816159069008354,5.816159069008354,7.283387791617322,2.3983461839854017
right,12.98,0.0,-0.30000000000000004,0.0,-0.02624753872056224,-0.35626141373289205,0.02576745000763168,-0.04327516750776367,0.06667043060226485,0.021213709783977117,0.3078391765136994,0,0,0,6.67882894522726,6.67882894522726,7.320939678527324,3.515139098562282
right,13.0,0.0,-0.30000000000000004,0.0,-0.014932664685076048,-0.3335046689979671,-0.00038990760596101584,0.14073815150489494,0.05926780091643912,0.02696792176522732,0.3075601269863366,0,0,0,7.375783592120148,7.375783592120148,7.360807025258385,4.946313754527535
right,13.02,0.0,-0.30000000000000004,0.0,-0.012497793363345113,-0.26282683331327317,-0.005943983393086999,0.36306144673774476,0.044212305205228355,0.029240282578139043,0.30728454275341427,0,0,0,7.26684470542939,7.26684470542939,7.37376381352211,6.451609901361502
right,13.040000000000001,0.0,-0.30000000000000004,0.0,-0.011796273240660859,-0.19253667948039238,0.013451754982727663,0.522395272410202,0.028274681875164045,0.02771603491565743,0.30709698849574824,0,0,0,7.514503477843992,7.514503477843992,7.380774737276656,8.02007142655943
right,13.06,0.0,-0.30000000000000004,0.0,-0.005198885797904212,-0.13538445135786673,0.035127172356884354,0.4412700665493222,0.028520104920297527,0.029442828291946686,0.3074986754080588,0,0,0,7.855514036713288,7.855514036713288,7.410340474963981,7.21854597363434
right,13.08,0.0,-0.30000000000000004,0.0,0.003671081020089758,-0.09576131987197693,0.025086386945480942,0.20577210361114112,0.03422339723811021,0.02836951390059029,0.3078813693856558,0,0,0,7.683659405231765,7.683659405231765,7.49748252726058,7.1751949216527695
right,13.1,0.0,-0.30000000000000004,0.0,0.004339120203023688,-0.08528056261831157,0.00014579068438209768,0.04523245691170544,0.040772500926484635,0.02183193944085011,0.3079605896797297,0,0,0,7.370340449786924,7.370340449786924,7.599521279894972,6.027044130110395
right,13.120000000000001,0.0,-0.30000000000000004,0.0,0.0009314392018132327,-0.09088397055953865,0.008798123894624834,-0.007947864249964184,0.04038406052112476,0.011317285506870882,0.30798306886201393,0,0,0,7.857578705200344,7.857578705200344,7.630705372063382,5.225715181811201
right,13.14,0.0,-0.30000000000000004,0.0,0.0004690853262559296,-0.10237576372394792,0.02684957975733366,-0.012409857530558517,0.03587061373806528,0.001624358958922981,0.30832770761809003,0,0,0,8.266834989324693,8.266834989324693,7.754569547653983,3.9304698601994428
right,13.16,0.0,-0.30000000000000004,0.0,0.004197991232680134,-0.11460451315944996,0.03424439027870132,-0.014362172333797999,0.031794946261586014,-0.004947493462015459,0.30893695844833713,0,0,0,8.075158998301248,8.075158998301248,7.866725316051419,2.943917493477155
right,13.18,0.0,-0.30000000000000004,0.0,0.010545491974442711,-0.12856117146450813,0.0146244791523718,-0.01820490093381354,0.02956177475885323,-0.008030992741779305,0.30942732682182966,0,0,0,7.337080073253679,7.337080073253679,7.9114345230385545,2.8308061295527556
right,13.200000000000001,0.0,-0.30000000000000004,0.0,0.019373664048866424,-0.14620361701033044,-0.029625726914333555,0.010353183045089153,0.029272353740618054,-0.007613498619126869,0.3092373321631535,0,0,0,6.581200405929321,6.581200405929321,7.9044571214218955,4.185049592226045
right,13.22,0.0,-0.30000000000000004,0.0,0.0257583080693683,-0.17434169587007267,-0.06730259700083628,0.09251002644856118,0.036037480583960085,-0.004312642284041735,0.30807105351594744,0,0,0,5.016745119584249,5.016745119584249,7.89190349710471,5.449531966914541
right,13.24,0.0,-0.30000000000000004,0.0,0.02908144262147947,-0.2130196111375482,-0.06030682079191077,0.09161801189684299,0.05512672630861136,-0.004899345745024202,0.3065198323569487,0,1,0,6.0661862234608215,6.0661862234608215,7.968773301435448,7.245430922661763
right,13.26,0.0,-0.30000000000000004,0.0,0.039387294583104575,-0.21266990140456735,0.010645443142587578,-0.09038275305975038,0.0651706402137628,0.00031044935103906286,0.3059107587120454,0,0,0,7.079222701916321,7.079222701916321,8.059385722344171,2.868391664100244
right,13.280000000000001,0.0,-0.30000000000000004,0.0,0.046543034481632176,-0.21154371988184148,0.06440927319016002,-0.15941846667904125,0.07112671808470204,0.007628682900859909,0.3064192413656367,0,0,0,7.437138703403822,7.437138703403822,8.035663631411595,6.329390714149355
right,13.3,0.0,-0.30000000000000004,0.0,0.04178538754295315,-0.21983108655244393,0.10625575391201858,-0.1377091690766184,0.06841488314973547,0.014843077069604015,0.3077343598332379,0,0,0,9.29248263550088,9.29248263550088,8.01320957618276,10.628197479631416
right,13.32,0.0,-0.30000000000000004,0.0,0.03080083738169977,-0.24673660545049048,0.11061026212697203,-0.056818259353868715,0.06271251286816303,0.01969932910234223,0.3094317962458598,0,0,0,7.6995887814869395,7.6995887814869395,7.991951399267169,10.556190542278133
right,13.34,0.0,-0.30000000000000004,0.0,0.01769018862138332,-0.27322795209932427,0.10753223360288836,0.04191657445036164,0.05697751890405722,0.02086981563211372,0.3112035225982404,0,0,0,6.152386706274833,6.152386706274833,7.977637688952161,8.281093311407117
right,13.36,0.0,-0.30000000000000004,0.0,0.009883780155671968,-0.2935895343828758,0.09850733888758448,0.09870853092210159,0.05109556368079063,0.020924804522428616,0.31291954239907593,0,0,0,6.4671557512318785,6.4671557512318785,8.023186849634065,5.198788244404522
right,13.38,0.0,-0.30000000000000004,0.0,0.013095602698904932,-0.30483605854963053,0.06728991338331755,0.14570664782139736,0.04350807017518382,0.02241689400589478,0.3142673900826677,0,0,0,6.659248192778054,6.659248192778054,8.066115304949122,3.4233232780180227
right,13.4,0.0,-0.30000000000000004,0.0,0.02193543471599862,-0.30842733952892104,0.006530010886797508,0.19421153202317912,0.03643000370875099,0.027188315386220338,0.314705340105742,0,0,0,6.170739232026929,6.170739232026929,8.076572893115227,3.396997106581112
right,13.42,0.0,-0.30000000000000004,0.0,0.03109202834274027,-0.31149422194588844,-0.07729284711641389,0.18046348155390032,0.033566302174185395,0.03548587369261356,0.3136892512582631,0,0,0,5.258589370730762,5.258589370730762,8.051929109244455,3.6322966601009368
right,13.44,0.0,-0.30000000000000004,0.0,0.0062385388534410245,-0.25532861546202595,-0.07533308480861092,0.29460065949256253,0.024693365140980073,0.039546016423355146,0.3119615831282568,0,0,0,7.939431686756193,7.939431686756193,8.028606115074876,3.0630064303897653
right,13.46,0.0,-0.30000000000000004,0.0,-0.01546331181604599,-0.1824298569641698,-0.07681717028543682,0.2766451695434746,0.009662681688632367,0.03433372997011286,0.310268853757674,0,0,0,8.439375687966859,8.439375687966859,8.00652839358105,7.925609761900151
right,13.48,0.0,-0.30000000000000004,0.0,-0.028870082374848057,-0.12168429513096365,-0.036420257968498224,0.08448622016051549,0.009546164858142024,0.028817658513632608,0.30925123849602476,0,0,0,9.691033361148413,9.691033361148413,8.027386169980588,8.02047498530667
right,13.5,0.0,-0.30000000000000004,0.0,-0.04281711473810206,-0.0926874018979978,-0.0026109115187088194,-0.06466099755740207,0.012322745753997312,0.020534695144827943,0.3088707223591558,0,0,0,7.948622640679003,7.948622640679003,8.00537345802283,8.17806759028288
right,13.52,0.0,-0.30000000000000004,0.0,-0.051891272435808475,-0.09636476610419728,0.026466671255484017,0.03594763587598341,0.007980158033002015,0.010026253714341543,0.30896291410184057,0,0,0,9.077040957594365,9.077040957594365,7.984531624072229,8.231717260238304
right,13.540000000000001,0.0,-0.30000000000000004,0.0,-0.05003936684703816,-0.10558818243628393,0.04423262712179784,0.11783881007098386,-0.0006889493243765887,0.0014695051556848577,0.3096727675044478,0,0,0,9.006366388015513,9.006366388015513,7.944775289755356,6.38547570944087
right,13.56,0.0,-0.30000000000000004,0.0,-0.037989915675220136,-0.11554735235628998,0.026179002268385845,0.13590110416493917,-0.008640323031066087,-0.005087041063694161,0.3103972608843069,0,0,0,8.55430789229029,8.55430789229029,7.882455326905141,3.588866760437396
right,13.58,0.0,-0.30000000000000004,0.0,-0.01888370902889932,-0.12974941119143854,-0.022235549019906084,0.13032028558049646,-0.012371286014024038,-0.009136698713410142,0.3104272259366017,0,0,0,8.04827662295294,8.04827662295294,7.837788336182019,2.721629076764446
right,13.6,0.0,-0.30000000000000004,0.0,-5.717386275952256e-05,-0.15195729130020214,-0.08212013034721223,0.1529556404169153,-0.011154677673686117,-0.009820558670354307,0.30929727897202036,0,0,0,7.7993827475027695,7.7993827475027695,7.813597031878036,5.0606573573778935
right,13.620000000000001,0.0,-0.30000000000000004,0.0,0.017570444851210402,-0.2000301264693834,-0.09449150501706818,0.2173772022589875,0.004546648433762017,-0.0110263831052558,0.3073813263340422,0,0,0,7.373717982453782,7.373717982453782,7.8027512286073915,5.0606573573778935
right,13.64,0.0,-0.30000000000000004,0.0,0.02479216251605218,-0.2660548105673753,-0.08406440653543153,0.28817644084604793,0.030608576077385496,-0.016059107923925602,0.3054442749396471,0,1,0,6.234974713035291,6.234974713035291,7.804806629103705,3.5653847318919767
right,13.66,0.0,-0.30000000000000004,0.0,0.03207720459701384,-0.28614438100092204,0.012216090347250916,0.1497912711329442,0.0414763046860946,-0.013907820622404619,0.3047123693444895,0,0,0,7.835314099814518,7.835314099814518,7.843550254113335,2.7755470028861087
right,13.68,0.0,-0.30000000000000004,0.0,0.03612870650744853,-0.28483007881774314,0.0563497626307424,-0.042357447219617636,0.047781277582060994,-0.007270798188881558,0.30524170033150144,0,0,0,7.453446780697697,7.453446780697697,7.920170437979909,2.897190180146333
right,13.700000000000001,0.0,-0.30000000000000004,0.0,0.026154907171913967,-0.28794074734806546,0.10010722808191491,-0.14698371652970021,0.050463287343785426,0.0029941013256539577,0.30654241731693527,0,0,0,7.820214607331556,7.820214607331556,8.017055701185665,5.483933916238625
right,13.72,0.0,-0.30000000000000004,0.0,0.014907748083934849,-0.3064629383749093,0.11463099988541955,-0.12103873433458576,0.05528061450131198,0.013241760291248126,0.308363448381841,0,0,0,6.381179073648911,6.381179073648911,8.119121893270162,6.849984807400835
right,13.74,0.0,-0.30000000000000004,0.0,0.007426879566498191,-0.3285007963817087,0.10713291453490661,-0.05571141265882966,0.0627166679740862,0.019889718719075227,0.3101512770082757,0,0,0,6.245335715667864,6.245335715667864,8.092185565375132,6.593599462003015
right,13.76,0.0,-0.30000000000000004,0.0,0.005549388419397418,-0.3486292147811014,0.08711258077688704,0.002474221077968273,0.06817506211247304,0.024945598635379488,0.3116102061611569,0,0,0,6.575470792104684,6.575470792104684,8.066702354350728,4.142664070228901
right,13.780000000000001,0.0,-0.30000000000000004,0.0,0.013952594087324176,-0.3620377778138292,0.045489311714117506,0.04283735226930527,0.06819058160958408,0.03087660402164446,0.31242453921622276,0,0,0,6.903390208890319,6.903390208890319,8.042588201586668,3.596994723085782
right,13.8,0.0,-0.30000000000000004,0.0,0.023595512183214935,-0.35604966217020634,0.004177262881670283,0.11806441156578214,0.062230111828175276,0.03885571574240689,0.3122150648770483,0,0,0,6.991332672625687,6.991332672625687,8.019764493201983,5.4924010270221855
right,13.82,0.0,-0.30000000000000004,0.0,-0.002029674720248133,-0.2906847220179762,0.011390644275133067,0.33038772328487437,0.047108090598748535,0.04166072415559,0.31202725597928954,0,0,0,6.418631994417061,6.418631994417061,7.998157647915839,2.6050967174419863
right,13.84,0.0,-0.30000000000000004,0.0,-0.024272499602797995,-0.2164370913133984,0.004547482132390956,0.39200247814992056,0.02682137945418773,0.03802279545750244,0.3119560042376217,0,0,0,7.455746926140297,7.455746926140297,7.977698742088332,7.436483959748376
right,13.86,0.0,-0.30000000000000004,0.0,-0.041342627902587505,-0.13991879059185908,0.00848642411921634,0.29815581883273884,0.008553554327486357,0.02879512906821869,0.3117322665459066,0,0,0,8.038392283956414,8.038392283956414,7.968627991781457,9.316797589357982
right,13.88,0.0,-0.30000000000000004,0.0,-0.058282071023516326,-0.08760007042725645,0.02951036864313188,0.05106725528173443,0.014016543728468766,0.02298215094054628,0.3120955757766124,0,0,0,7.499703665158418,7.499703665158418,7.949731603703185,8.52925602532984
right,13.9,0.0,-0.30000000000000004,0.0,-0.08047671373420819,-0.061254626627630385,0.03119375077179712,-0.12781371397017402,0.022106253726673686,0.015011202652847836,0.3125808915665158,0,0,0,6.583825528788394,6.583825528788394,7.931831250973296,6.778915941340626
right,13.92,0.0,-0.30000000000000004,0.0,-0.09643599523419463,-0.06285023059146684,0.0417626690537779,-0.0647625415395079,0.02025246772799905,0.003992169658130939,0.31316734665354273,0,0,0,7.614919085642009,7.614919085642009,7.914871674759262,6.844652851014377
right,13.94,0.0,-0.30000000000000004,0.0,-0.09962971360496162,-0.07098165834240386,0.043072100927985954,-0.0019404168005530652,0.012026064962734917,-0.006745207958279066,0.3139530527966987,0,0,0,8.341798627433464,8.341798627433464,7.898800960484039,5.630680895612048
right,13.96,0.0,-0.30000000000000004,0.0,-0.08920668631743885,-0.0860050589814171,0.01709567331264928,0.0352193855372938,0.005907357475720159,-0.01411619161984707,0.31451667855848936,0,0,0,8.476872602716085,8.476872602716085,7.878426561807263,3.353977589546467
right,13.98,0.0,-0.30000000000000004,0.0,-0.06831488473251245,-0.1060363289005024,-0.03790010656470948,0.05268706442644015,0.004874862114766127,-0.016904964103422314,0.31423101935157827,0,0,0,8.154209169691091,8.154209169691091,7.841513177213798,2.550342054051219
right,14.0,0.0,-0.30000000000000004,0.0,-0.04429008578618088,-0.13014770901121542,-0.11026951650902841,0.08167566094856064,0.008063872833301964,-0.01576684797558175,0.31264205331124334,0,0,0,7.882767115841001,7.882767115841001,7.815443406535213,3.0834626926100412
right,14.02,0.0,-0.30000000000000004,0.0,-0.02359819842029068,-0.16649151885633265,-0.1561158082732425,0.14788767627425264,0.01781194972944782,-0.011515093656619336,0.30968268291350326,0,0,0,7.418716352300946,7.418716352300946,7.80121277915385,3.5696999436225205
right,14.040000000000001,0.0,-0.30000000000000004,0.0,-0.011318441136126624,-0.22941752999961604,-0.11729378127927353,0.1417884913903857,0.043865617473108194,-0.012738808536569658,0.30671462630094604,0,1,0,6.250007027267328,6.250007027267328,7.798840341685164,3.8407550234711976
right,14.06,0.0,-0.30000000000000004,0.0,0.006096911851305815,-0.243923130032127,-0.005317141081254924,-0.06279187974974822,0.0555889362317672,-0.008891761895307675,0.3054956141384819,0,1,0,7.838798771742813,7.838798771742813,7.83360936829764,3.32254940507714
right,14.08,0.0,-0.30000000000000004,0.0,0.019381486742107573,-0.2433444059555713,0.06019617484371204,-0.2501709878101572,0.062260253237675985,-0.0030945911471314557,0.3058557582927213,0,0,0,7.898288290464889,7.898288290464889,7.914960753781735,4.03421239055397
right,14.1,0.0,-0.30000000000000004,0.0,0.010629633228449979,-0.2508379308510384,0.10711062183024095,-0.2936273681357689,0.06120066129593871,0.005754170292248659,0.30724168756666304,0,0,0,7.9345749424809915,7.9345749424809915,8.022671623269346,6.053916838246453
right,14.120000000000001,0.0,-0.30000000000000004,0.0,-0.004372356829540239,-0.2757103788261768,0.11660990983090959,-0.193226422128261,0.059125871448083844,0.014305262005137553,0.3091367590790476,0,0,0,6.3307613300915335,6.3307613300915335,8.097287655044653,6.925333294474562
right,14.14,0.0,-0.30000000000000004,0.0,-0.01669733647209411,-0.3023712972859723,0.10531873033413534,-0.0717955697710743,0.05996581962843875,0.018566368165571407,0.3109501482488319,0,0,0,6.205382283785873,6.205382283785873,8.091511461413695,6.551801022525282
right,14.16,0.0,-0.30000000000000004,0.0,-0.020868291545157486,-0.3222675474771161,0.08530507796762658,0.00011625785287546625,0.06097973523058801,0.02075474058718745,0.3124425043446299,0,0,0,6.811762014084474,6.811762014084474,8.066064536805964,4.694818412337446
right,14.18,0.0,-0.30000000000000004,0.0,-0.010291795053724762,-0.33130819764746255,0.04492141715851875,0.041173138356263815,0.05830799216804902,0.024299267864204294,0.3133353718457213,0,0,0,7.320290961985611,7.320290961985611,8.041984579531022,3.3737511857621096
right,14.200000000000001,0.0,-0.30000000000000004,0.0,0.008625144106764642,-0.3321020517806389,-0.017258685454384932,0.08295778080767713,0.052886473162396676,0.03136327239532153,0.3131777623635605,0,0,0,7.368620109856087,7.368620109856087,8.019193110309764,3.1776221734686687
right,14.22,0.0,-0.30000000000000004,0.0,0.008215715162947942,-0.30273932687984895,-0.039161822313149054,0.19699396768818267,0.045018508397353926,0.038928903715443726,0.31207393613782314,0,0,0,6.6312303530003325,6.6312303530003325,7.9976166723589905,3.254473324579351
right,14.24,0.0,-0.30000000000000004,0.0,-0.008195538329054322,-0.23493778880471372,-0.037395906720764656,0.33206467538248446,0.03031353084122189,0.03912002460886056,0.3110762863136656,0,0,0,7.8353175407283935,7.8353175407283935,7.977186457335009,5.080866778790442
right,14.26,0.0,-0.30000000000000004,0.0,-0.021982256440283073,-0.1592902029656682,-0.03101732777502643,0.2908843264854288,0.012296560638135714,0.032098185882354795,0.3100878753929335,0,0,0,8.403324384243136,8.403324384243136,7.95783796440438,8.956117121423382
right,14.280000000000001,0.0,-0.30000000000000004,0.0,-0.03259163075261374,-0.10375190131188744,-0.0040149878766903195,0.06328874535404949,0.014703846866824227,0.027581826288958937,0.30985795288081786,0,0,0,8.37501182092582,8.37501182092582,8.010931167895539,8.729172392323019
right,14.3,0.0,-0.30000000000000004,0.0,-0.05035781325120894,-0.07585497512250733,0.011613516305256942,-0.11684250202792704,0.020227440477796326,0.02100124166935522,0.31007592465346967,0,0,0,7.540941390335588,7.540941390335588,7.989794099033304,6.727156612436987
right,14.32,0.0,-0.30000000000000004,0.0,-0.06581375404494148,-0.0757755566277603,0.038863980571081994,-0.07984751576111104,0.017947329886850296,0.011063581373898346,0.3106280886591938,0,0,0,8.348909937087328,8.348909937087328,7.969778481507468,6.340762818534154
right,14.34,0.0,-0.30000000000000004,0.0,-0.06736804165431991,-0.08311505277028773,0.056942310503985114,-0.02356437681778504,0.009388226576084598,0.0015439687521339813,0.31168197905090034,0,0,0,8.59493940246214,8.59493940246214,7.94776964432555,4.426673659957366
right,14.36,0.0,-0.30000000000000004,0.0,-0.0560866885019908,-0.09513850291483279,0.03821763427743028,0.006195734268670197,0.0018766807224844684,-0.005461796536060578,0.31268997276450905,0,0,0,8.364413945594082,8.364413945594082,7.89912463280897,3.0935371502884728
right,14.38,0.0,-0.30000000000000004,0.0,-0.03733633097246229,-0.11243052146216755,-0.015164421663470536,0.041344400509086915,-0.0006164291096780683,-0.008006158101342031,0.3129426196950913,0,0,0,7.758863077982457,7.758863077982457,7.856835412874503,2.834491023210028
right,14.4,0.0,-0.30000000000000004,0.0,-0.01942950415151054,-0.1336246771282945,-0.08562745111605517,0.11744527659223247,0.0008699980308212797,-0.005783802802265057,0.3119236509050308,0,0,0,7.20589226758289,7.20589226758289,7.836776648349598,4.166236742884607
right,14.42,0.0,-0.30000000000000004,0.0,-0.008252256293484172,-0.16940401328551105,-0.12358186306208864,0.2376750033034767,0.010871946655970582,0.0003107903761796505,0.30961025374295403,0,0,0,6.532968454120546,6.532968454120546,7.83929256782033,5.413353647651878
right,14.44,0.0,-0.30000000000000004,0.0,-0.014302258375398256,-0.2387797523627507,-0.11079452621624353,0.32085585211262446,0.03893886924053563,0.0013604875294761386,0.30733733267128877,0,1,0,5.8015664527963935,5.8015664527963935,7.859327146533097,7.919913233624484
right,14.46,0.0,-0.30000000000000004,0.0,-0.01584306506074878,-0.2560400239931881,0.023090315625032214,0.08584604186635741,0.05362950940840674,0.00671411208737777,0.30651424915753,0,1,0,7.386483881488737,7.386483881488737,7.916038428841471,4.708669135936974
right,14.48,0.0,-0.30000000000000004,0.0,-0.016531504950342807,-0.26112209525394414,0.08197279022843616,-0.09361116506504089,0.060674300467806384,0.016061008107629768,0.30743112527053024,0,0,0,6.74635638835541,6.74635638835541,8.006408369806525,3.1402873265076874
right,14.5,0.0,-0.30000000000000004,0.0,-0.031103987122497175,-0.27407239861753196,0.11102237891492348,-0.0891193117014004,0.05802623828656188,0.02565728996125831,0.3090835884851813,0,0,0,6.468774868642992,6.468774868642992,8.093231585115213,6.340831149632941
right,14.52,0.0,-0.30000000000000004,0.0,-0.03987408889338218,-0.30079427295669803,0.09203575990705191,-0.051097641010649425,0.053635859314219006,0.03243627340610133,0.3106565343138828,0,0,0,7.633503529732664,7.633503529732664,8.09306054115929,8.659411218679008
right,14.540000000000001,0.0,-0.30000000000000004,0.0,-0.04081721778766701,-0.32138040385096106,0.07049247316469583,-0.04564094532960567,0.04889502018726256,0.03491234518106735,0.311833229123379,0,0,0,6.932746424155811,6.932746424155811,8.14081128550713,8.611757740929715
right,14.56,0.0,-0.30000000000000004,0.0,-0.03407697291844324,-0.33389946165412554,0.049499677779950256,-0.08204085234215257,0.043165597569300725,0.03592398594059184,0.31265444756030536,0,0,0,7.374958697742084,7.374958697742084,8.124698383852298,6.935717552343512
right,14.58,0.0,-0.30000000000000004,0.0,-0.01812238067603311,-0.339865449812013,0.01838685058822863,-0.12392562260182316,0.03690210806961203,0.03793923768872085,0.31301905634878857,0,0,0,7.586790203797057,7.586790203797057,8.097460453833964,4.308372728589305
right,14.6,0.0,-0.30000000000000004,0.0,0.004247891649841676,-0.33955558974590233,-0.036188672240618266,-0.1437620211817589,0.03157490948241075,0.04270104589754074,0.31253866788355084,0,0,0,7.19496945280345,7.19496945280345,8.071693167087226,4.053690106683084
right,14.620000000000001,0.0,-0.30000000000000004,0.0,0.009546209475301038,-0.30632753281912034,-0.05864181348131568,-0.060796753976698606,0.024982591875155252,0.047790389367562795,0.31113711089323975,0,0,0,6.353275875168063,6.353275875168063,8.047311321571353,3.965569469701011
right,14.64,0.0,-0.30000000000000004,0.0,0.0031316376639598385,-0.23373074453624973,-0.060151488141610955,0.06157198222428134,0.012458304584087003,0.04559431484087268,0.3097213763196822,0,0,0,8.106176619363952,8.106176619363952,8.024235247357712,4.442583538503812
right,14.66,0.0,-0.30000000000000004,0.0,-0.0005475487185732067,-0.15564897809658276,-0.042642027099890456,0.03681252111363084,-0.0017162504734046953,0.03722502214030767,0.30836013788874417,0,0,0,9.240963450885122,9.240963450885122,8.002390386535154,7.121023778167615
right,14.68,0.0,-0.30000000000000004,0.0,-0.0027439503090447175,-0.09558271269108402,0.002004079519784493,-0.12235403284866865,0.001403104893167451,0.032679968874086994,0.3079810757536545,0,0,0,9.061040496829772,9.061040496829772,7.981706911140233,7.199965760121957
right,14.700000000000001,0.0,-0.30000000000000004,0.0,-0.01333549529344379,-0.06222523457189566,0.006744391649211493,-0.25720727553003503,0.008143782342721985,0.02447713784111999,0.30794108383316293,0,0,0,8.165097800908757,8.165097800908757,7.962119375059334,6.300252627161397
right,14.72,0.0,-0.30000000000000004,0.0,-0.02629531894861671,-0.05734038745207869,0.01963074705213953,-0.14863798941719483,0.004910291728620494,0.011771317983363248,0.30804870174670346,0,0,0,6.918927098974177,6.918927098974177,7.943566396345094,7.2500095548204
right,14.74,0.0,-0.30000000000000004,0.0,-0.03442628896168839,-0.061542585344231564,0.04149090261164443,-0.0006803298980955904,-0.004605629847442219,0.0008890716345939283,0.30862545221670706,0,0,0,7.924213855558115,7.924213855558115,7.925990366817153,5.748762623355791
right,14.76,0.0,-0.30000000000000004,0.0,-0.032106012743657285,-0.06816077371426453,0.04240533197731999,0.0893310283782012,-0.011192884947565287,-0.003675394245986968,0.3095219475354967,0,0,0,7.79549503657156,7.79549503657156,7.909337186187319,3.4026899060702087
right,14.780000000000001,0.0,-0.30000000000000004,0.0,-0.02112548375213109,-0.07522506032381651,0.004562893943492535,0.12415401846132573,-0.014198819161680962,-0.0034711501260008973,0.31000104985161564,0,0,0,7.114219000298984,7.114219000298984,7.8935560182699795,2.6168001691405824
right,14.8,0.0,-0.30000000000000004,0.0,-0.007219709269982599,-0.08371638963672214,-0.06226588117189113,0.1602856081194869,-0.013127065230152833,0.0002949182889613771,0.30943458768167087,0,0,0,6.4670416726831235,6.4670416726831235,7.902160014626844,3.078785824843944
right,14.82,0.0,-0.30000000000000004,0.0,0.007782635010583223,-0.1231450030452278,-0.06949445688305975,0.15815727587953282,0.003959604150218397,0.0022021031397995725,0.3081250375524796,0,0,0,6.15271203034183,6.15271203034183,7.935968110964257,2.36498831483667
right,14.84,0.0,-0.30000000000000004,0.0,0.019893155042266627,-0.1855893057237884,-0.08281338478179405,0.17935370927083522,0.03293596822903541,-0.00025477627394399755,0.3065855571282468,0,1,0,5.724320584131097,5.724320584131097,7.982680420032995,3.669540218916898
right,14.86,0.0,-0.30000000000000004,0.0,0.030015130624947244,-0.2158870812731207,0.013968924184728965,0.03227294124322125,0.04642768319607206,0.0017705689146457547,0.3058747083206773,0,0,0,7.890762058447479,7.890762058447479,8.04953784283904,3.1805893986217866
right,14.88,0.0,-0.30000000000000004,0.0,0.034668057657300244,-0.22442769751193833,0.05925363173483669,-0.10234700253212778,0.054219678611582674,0.008527879190447547,0.30646755279655985,0,0,0,7.183610386552203,7.183610386552203,8.12055748120451,2.9284401246074605
right,14.9,0.0,-0.30000000000000004,0.0,0.031631494207870994,-0.2349640526886852,0.08906882380145452,-0.1273445026317141,0.05658345395281034,0.01655306670863013,0.30770223770380073,0,0,0,6.971258859888337,6.971258859888337,8.178120165498505,4.787080202278101
right,14.92,0.0,-0.30000000000000004,0.0,0.02219753331100665,-0.2565325485598937,0.09815539057999069,-0.06597759717861243,0.0585587362798986,0.023952748849514226,0.30924242203540525,0,0,0,6.353053244554396,6.353053244554396,8.175900373275422,6.284226158403114
right,14.94,0.0,-0.30000000000000004,0.0,0.014245893434708928,-0.2812995529492116,0.096551082921123,0.006735375574163101,0.06073773559706567,0.02875830467377124,0.31080022892840886,0,0,0,6.51346809196232,6.51346809196232,8.211281013610954,6.116673476175403
right,14.96,0.0,-0.30000000000000004,0.0,0.011774921999582237,-0.3038713153583424,0.08854329401357616,0.04602895414250069,0.06076686244704224,0.03221629012498587,0.31225107913990907,0,0,0,6.857622626041478,6.857622626041478,8.273166387808864,4.421557355058175
right,14.98,0.0,-0.30000000000000004,0.0,0.01947958805165438,-0.32072450714623274,0.059986048354776736,0.0674349573067792,0.05753860828089882,0.03611079535212374,0.3133469370406617,0,0,0,6.890559376668501,6.890559376668501,8.24645726953311,2.861398283820495
right,15.0,0.0,-0.30000000000000004,0.0,0.03289447057410248,-0.3306493144311888,-0.0015602919287284502,0.0963625666945242,0.052099452374455325,0.04188131311636957,0.31352324512366037,0,0,0,6.353330956040209,6.353330956040209,8.212567829757017,2.7721776050356737
turn_left,15.02,0.0,0.0,0.44999999999999996,0.04407355950069139,-0.33389080620604267,-0.07665819490553671,0.09867284342343183,0.04711277945273511,0.049810796591019585,0.3122288791560127,0,0,0,5.438606987335571,5.438606987335571,8.18054247918375,2.877853060208375
turn_left,15.040000000000001,0.0,0.0,0.44999999999999996,0.02185889697119988,-0.2797326146437007,-0.08437474955641235,0.2234795685392842,0.036280575973192224,0.05241870145296744,0.31035407780389,0,0,0,7.642829929873268,7.642829929873268,8.150269623137664,2.6371596666739805
turn_left,15.06,0.0,0.0,0.44999999999999996,0.0038633489043693268,-0.20174756507755204,-0.09843330091528638,0.22621370954832937,0.019640810589089758,0.046302504914065096,0.30836918016683823,0,0,0,9.128156156974509,9.128156156974509,8.15981158962046,6.2852451015219035
turn_left,15.08,0.0,0.0,0.44999999999999996,-0.011458356432944182,-0.1351414542014853,-0.012534884625287741,0.14623832800294503,0.018849052003820938,0.04019041077657452,0.3072558184308661,0,0,0,10.925062574513335,10.925062574513335,8.227976062598394,6.47328639582097
turn_left,15.1,0.0,0.0,0.44999999999999996,-0.025212789420936056,-0.09170688327590397,0.029197637464741272,-0.02866136467045216,0.02921047222836038,0.03369385293990824,0.3074153951200006,0,0,0,9.406877019519497,9.406877019519497,8.19510440599256,5.1700536182235615
turn_left,15.120000000000001,0.0,0.0,0.44999999999999996,-0.03575195724193388,-0.08598384134728668,0.05146335170232495,0.015080141303500775,0.03325463978617541,0.02216628090022923,0.30806192946401645,0,0,0,8.191099364250947,8.191099364250947,8.16403578040445,7.5991647559214766
turn_left,15.14,0.0,0.0,0.44999999999999996,-0.03726897136558761,-0.09555255939795985,0.07129190187735761,0.10839888029494768,0.028535451279683696,0.00895322959831705,0.309214836460184,0,0,0,8.450065956485794,8.450065956485794,8.134662776164973,5.837087565317056
turn_left,15.16,0.0,0.0,0.44999999999999996,-0.034924294454188286,-0.1049181030328672,0.07011496216122201,0.13898384408554693,0.022299116569826156,-0.0024449283568342404,0.3105894495220587,0,0,0,8.350455303775034,8.350455303775034,8.1010806190361,3.3631831668418486
turn_left,15.18,0.0,0.0,0.44999999999999996,-0.03187532746961675,-0.11100726182967388,0.053153499485513546,0.1649939063090731,0.020946401753726997,-0.011434869250871992,0.31176873486180423,0,0,0,7.949699390808166,7.949699390808166,8.064826591049673,2.3021277371830675
turn_left,15.200000000000001,0.0,0.0,0.44999999999999996,-0.032489295800257,-0.11209227266927352,0.029340593551699358,0.22946766125048956,0.025146828257075537,-0.020040618306323546,0.31249296828059486,0,0,0,7.636394717265181,7.636394717265181,8.04081299427601,2.8325600978458656
turn_left,15.22,0.0,0.0,0.44999999999999996,-0.03982739784992524,-0.11123776803441715,0.009163815718158535,0.35123057594764356,0.034429468328328494,-0.029485322587309765,0.31279848411240085,0,0,0,7.468311233875074,7.468311233875074,8.035297608001272,3.4010903494766134
turn_left,15.24,0.0,0.0,0.44999999999999996,-0.03732924512762405,-0.0706151371315999,0.05596106216618898,0.35613647319432484,0.03420059318205655,-0.03356023590740597,0.31350032107246933,0,0,0,6.474000978821849,6.474000978821849,8.035505139423478,4.126979253938801
turn_left,15.26,0.0,0.0,0.44999999999999996,-0.026985477894967573,-0.02302447181901266,0.0581542590896742,0.45716722181986374,0.02715771198965847,-0.03227598722974033,0.31471850087031183,0,0,0,5.10623830513565,5.10623830513565,8.054743462797685,5.813082684694979
turn_left,15.280000000000001,0.0,0.0,0.44999999999999996,-0.024825265325878126,0.011969301859413669,0.0691702279956509,0.5469783847932079,0.01870706656674198,-0.029200679401079423,0.3158741086493838,0,0,0,6.362189499118433,6.362189499118433,8.121804872816309,7.943769286273413
turn_left,15.3,0.0,0.0,0.44999999999999996,-0.029901300946622494,0.02543858118976642,0.06622999607570222,0.5820496301807305,0.017245667432097867,-0.027692340744454758,0.31716838239767486,0,0,0,6.279769849340567,6.279769849340567,8.184509437356724,6.458367130556261
turn_left,15.32,0.0,0.0,0.44999999999999996,-0.041689393474160466,0.018002399759058582,0.0591179296640618,0.5607054632350953,0.010999246327081038,-0.02697496859411276,0.31831223876407444,0,0,0,7.408389458783109,7.408389458783109,8.154019977820617,8.044349844099479
turn_left,15.34,0.0,0.0,0.44999999999999996,-0.05205556010608463,0.014113300934605761,0.06540098125580744,0.5421665435853715,0.0014194090207866412,-0.027214439135443174,0.31944625524888215,0,0,0,11.616176057915759,11.616176057915759,8.125191843364835,12.836223223869567
turn_left,15.36,0.0,0.0,0.44999999999999996,-0.05401148020527458,0.012430971635470718,0.06820572071184067,0.4978613172383582,-0.006135621467980802,-0.028163836918213093,0.32068775452807496,0,0,0,9.739469286134762,9.739469286134762,8.097927212052081,13.324157090995499
turn_left,15.38,0.0,0.0,0.44999999999999996,-0.05012172058295077,0.01299270188471451,0.06414994654890731,0.4467997763324342,-0.01082653276146241,-0.02932273638309071,0.32195732549332895,0,0,0,7.007317391487424,7.007317391487424,8.072134776966735,10.425036888192125
turn_left,15.4,0.0,0.0,0.44999999999999996,-0.046362411500620315,0.017175779330271864,0.05310909214425506,0.4130016830838097,-0.012359872559477363,-0.02996677906355246,0.32310206858916796,0,0,0,6.973706574892253,6.973706574892253,8.154841059733606,6.014416423612159
turn_left,15.42,0.0,0.0,0.44999999999999996,-0.043861280143859975,0.022277784770989194,0.03614072101577224,0.3936496424901011,-0.011722286122923234,-0.029515260573631515,0.32396030647196217,0,0,0,6.923811744677279,6.923811744677279,8.276791568325677,3.0584005498251807
turn_left,15.44,0.0,0.0,0.44999999999999996,-0.040953852631231386,0.026043875816005944,0.01941969526816098,0.3573997033957627,-0.010549582324590882,-0.02837027265608642,0.3244776926773688,0,0,0,6.91104309558601,6.91104309558601,8.408875036669947,1.9625149810017013
turn_left,15.46,0.0,0.0,0.44999999999999996,-0.03732684839140249,0.027946917082039707,0.006566312819899613,0.2974914525739906,-0.010256987571683742,-0.027552088995327323,0.3247298062315783,0,0,0,6.92497030958232,6.92497030958232,8.467100209571935,3.015928340805252
turn_left,15.48,0.0,0.0,0.44999999999999996,-0.0337653246955411,0.030218268860188822,-0.0021954945905610845,0.22590718158416784,-0.011925410272209934,-0.027311854439731165,0.32481098917155626,0,0,0,6.933920690483729,6.933920690483729,8.481109014031642,4.2847958588622435
turn_left,15.5,0.0,0.0,0.44999999999999996,-0.03039988685147875,0.034764276367671876,-0.013743711005803766,0.15085127307971097,-0.015602422951794393,-0.027395800048358024,0.3247220829060116,0,0,0,6.9302398906149305,6.9302398906149305,8.4929888183378,5.676920921298896
turn_left,15.52,0.0,0.0,0.44999999999999996,-0.02705019139897259,0.03690158384715431,-0.02190135309401398,0.14581833888306872,-0.019242260446131546,-0.026509851531503138,0.3243132514056207,0,0,0,6.35431546274663,6.35431546274663,8.50360680554381,7.257924276465682
turn_left,15.540000000000001,0.0,0.0,0.44999999999999996,-0.013611652746596715,0.021956116526559148,-0.0413029220622943,0.18686523351377,-0.015599143924872685,-0.020617517231720835,0.323631313323288,0,0,0,4.529505895905861,4.529505895905861,8.530910909830734,5.43005063762449
turn_left,15.56,0.0,0.0,0.44999999999999996,-0.010834668352959724,0.003267283728385811,-0.045304670886831135,0.3180327401205144,-0.009494189798952205,-0.01226624210594191,0.322659670378244,0,1,0,5.097964886400489,5.097964886400489,8.609530138041595,5.151518292184402
turn_left,15.58,0.0,0.0,0.44999999999999996,-0.008139743217034163,-0.01124175247486699,-0.05412755425524862,0.44936844040790225,-0.005830722123856455,-0.007553334722125636,0.3217065038443098,0,0,0,5.861762185130675,5.861762185130675,8.579107223214727,2.12995280327449
turn_left,15.6,0.0,0.0,0.44999999999999996,-0.009953095275710228,-0.015045418917399639,-0.07712526275169596,0.5250437874255944,-0.004344773356760703,-0.0026803584930140917,0.32027437253482466,0,0,0,6.776388465906522,6.776388465906522,8.54581716861965,6.022166935274986
turn_left,15.620000000000001,0.0,0.0,0.44999999999999996,-0.015045705578956268,-0.010881333670165718,-0.07323398930593654,0.5488764439100353,-0.005716940324451529,0.0008343583141203035,0.31872213786003534,0,0,0,7.262733438664222,7.262733438664222,8.501556119565702,7.07226877581676
turn_left,15.64,0.0,0.0,0.44999999999999996,-0.021245359409250635,-0.0024578942663899426,-0.05190385071834579,0.5476457616772664,-0.009873281877653932,0.0008416577291325366,0.3174825713760555,0,0,0,7.7135274956273685,7.7135274956273685,8.453315298965634,6.402175137633086
turn_left,15.66,0.0,0.0,0.44999999999999996,-0.025283441740545726,0.00394863109578349,-0.02775879225236519,0.5244422272170887,-0.013709742585549049,-0.0012960046626158204,0.3167412538472474,0,0,0,8.086695682398522,8.086695682398522,8.409201729694601,5.7584858658073825
turn_left,15.68,0.0,0.0,0.44999999999999996,-0.026199115093009172,0.00763220536395084,-0.006566258413428695,0.48165454815943054,-0.015617741013967462,-0.004570277563134921,0.3164630412422541,0,0,0,8.250519666735615,8.250519666735615,8.36622217457914,3.914400684566041
turn_left,15.700000000000001,0.0,0.0,0.44999999999999996,-0.02196427724100473,0.008354971422771647,0.004883277238002713,0.43382190482287003,-0.015180320993672334,-0.008408529664119726,0.3165195161636563,0,0,0,8.131123327527987,8.131123327527987,8.325665612013797,2.5152166492845693
turn_left,15.72,0.0,0.0,0.44999999999999996,-0.01730463582995199,0.006915205152497866,0.006696262252213619,0.38846272390882064,-0.012606148644188334,-0.012297717712845544,0.31669823073889847,0,0,0,7.835340840735632,7.835340840735632,8.28738068857125,2.266284717592232
turn_left,15.74,0.0,0.0,0.44999999999999996,-0.015767352502725047,0.005853114481417196,-4.820391656437385e-05,0.3645632662691887,-0.00807975572607262,-0.016015738398696782,0.3168090715705329,0,0,0,7.632640053477948,7.632640053477948,8.251227070115128,3.4946223114219075
turn_left,15.76,0.0,0.0,0.44999999999999996,-0.01890277471059834,0.004605238303336766,-0.009781077277792871,0.3739809522966027,-0.0031780298075007817,-0.019378996107288198,0.316770155369398,0,0,0,7.5327359871229085,7.5327359871229085,8.235458519712846,5.076562168147328
turn_left,15.780000000000001,0.0,0.0,0.44999999999999996,-0.026778604962371527,0.005811165473291431,-0.02287100555144109,0.4180987176276419,0.0029618482600010077,-0.022234427600052807,0.3165267357485305,0,0,0,7.397123375662404,7.397123375662404,8.227703777822736,6.963935598235742
turn_left,15.8,0.0,0.0,0.44999999999999996,-0.036589210264887255,0.018543660847841825,-0.008203396183465432,0.4333500890439594,0.00884004307085623,-0.024081057508578432,0.3161020416492893,0,0,0,7.290860768471329,7.290860768471329,8.222614915766574,9.786781641103667
turn_left,15.82,0.0,0.0,0.44999999999999996,-0.02940182957014026,0.05265209996481161,0.01641587885053898,0.5088903156188339,-0.0005191752844487427,-0.01738994021348053,0.31628639076863424,0,1,0,5.353989055017236,5.353989055017236,8.219089104288695,4.30123285411346
turn_left,15.84,0.0,0.0,0.44999999999999996,-0.02387084182816217,0.05876127882911267,0.062037548095334,0.5350639919683325,0.0032784629939722975,-0.01454703242507187,0.3171933170775688,0,1,0,5.3213452527871405,5.3213452527871405,8.274781927693567,1.2315103452720297
turn_left,15.860000000000001,0.0,0.0,0.44999999999999996,-0.021301455614815137,0.05162970570112933,0.05251001827476396,0.5176445571223607,0.00876668729963688,-0.014156872789484017,0.31841850984703307,0,0,0,5.635493654054873,5.635493654054873,8.319056349684697,1.808613719114316
turn_left,15.88,0.0,0.0,0.44999999999999996,-0.024855980381453986,0.03457992240479476,0.0504526816660836,0.516254808373125,0.013029594673755205,-0.013832326138023923,0.31941787776058533,0,0,0,5.912278457267948,5.912278457267948,8.28114026793817,4.241022822172802
turn_left,15.9,0.0,0.0,0.44999999999999996,-0.029179031972551565,0.017211565804123124,0.06141312555319246,0.521439396507233,0.01757340530733833,-0.014118129710135261,0.3204846295060591,0,0,0,7.544204887341412,7.544204887341412,8.282561037697072,8.98254469425621
turn_left,15.92,0.0,0.0,0.44999999999999996,-0.03340539082883562,0.0024468223880173973,0.07147422650617576,0.5176607362895279,0.021228917382282983,-0.01509625099581959,0.3217531061242111,0,0,0,7.915715237787417,7.915715237787417,8.312491299767132,9.835194020450983
turn_left,15.94,0.0,0.0,0.44999999999999996,-0.03827723594757252,-0.008970264124204194,0.07039757783640113,0.5216780346418579,0.0225894156086249,-0.01638617794191674,0.3231154278350529,0,0,0,5.894570425162598,5.894570425162598,8.27919623625806,8.826173247882323
turn_left,15.96,0.0,0.0,0.44999999999999996,-0.04319009612702422,-0.018362721912762364,0.05965141849819332,0.53242653642971,0.022224874662140764,-0.017196973618961768,0.32435491927349247,0,0,0,5.734281426718132,5.734281426718132,8.243496597148916,6.527847563415007
turn_left,15.98,0.0,0.0,0.44999999999999996,-0.04764343586567859,-0.026850545187347575,0.04372740200064391,0.5422661331074131,0.022611966905634863,-0.01693012220009847,0.3253473273380882,0,0,0,5.677023937657348,5.677023937657348,8.209770403020723,3.3328834790503663
turn_left,16.0,0.0,0.0,0.44999999999999996,-0.047429087459673565,-0.03330204724266581,0.023932478235897087,0.5310930468737964,0.02424863326746079,-0.015631222683392204,0.3259743490851544,0,0,0,5.748438868955175,5.748438868955175,8.177898484049116,2.1797080929351025
turn_left,16.02,0.0,0.0,0.44999999999999996,-0.04145822162888404,-0.03848125913141467,0.006219775141476421,0.4807196818490347,0.02651519414371905,-0.013548038568749499,0.3262393746658437,0,0,0,5.846104301777023,5.846104301777023,8.147769920391418,3.3430902564873874
turn_left,16.04,0.0,0.0,0.44999999999999996,-0.029514782132794563,-0.04084625494201637,-0.020249555261357702,0.4073692064550184,0.02798529316978403,-0.010478317826027352,0.32607191663850177,0,0,0,5.9110969128522886,5.9110969128522886,8.119281361424484,4.47074313014482
turn_left,16.06,0.0,0.0,0.44999999999999996,-0.01274153928285162,-0.04053156581349766,-0.057316237190439816,0.32444531526637976,0.02804955105499643,-0.005709392365398752,0.3252912273823864,0,0,0,5.957153510023036,5.957153510023036,8.09233641243749,5.686769358143512
turn_left,16.080000000000002,0.0,0.0,0.44999999999999996,-0.0065864646406396735,-0.028338764288542824,-0.07296910537625978,0.27852567903615894,0.02485331797313516,-0.00026852809968056244,0.32383862101434374,0,0,0,5.561125244185504,5.561125244185504,8.066845080921883,6.809555002598608
turn_left,16.1,0.0,0.0,0.44999999999999996,-0.0014376707705239162,0.006195374491742662,-0.07991154211946695,0.31156033542273387,0.014052318319712332,-0.0008211630991592121,0.32238044786564973,0,0,0,5.1407584576136225,5.1407584576136225,8.085053591734859,4.123426065315124
turn_left,16.12,0.0,0.0,0.44999999999999996,0.004529668666275703,0.029029306842437378,-0.05321637897834927,0.44909144711213345,0.009561005049098155,-0.0006844251548657059,0.3209839284543648,0,1,0,6.650379884354857,6.650379884354857,8.182392198016096,4.979971671456015
turn_left,16.14,0.0,0.0,0.44999999999999996,0.00588878398570426,0.041857799555545125,-0.062323492327693325,0.545853000089133,0.011362796170912867,0.004305245412271334,0.31988528283205847,0,0,0,7.797512529650231,7.797512529650231,8.160935610025955,2.038970149765552
turn_left,16.16,0.0,0.0,0.44999999999999996,0.008426199857572859,0.04618871111539334,-0.07508393564074069,0.593864739354037,0.013383438307801315,0.006558215819452014,0.3183778365395356,0,0,0,8.284481116835957,8.284481116835957,8.166569576577075,5.8470043861748815
turn_left,16.18,0.0,0.0,0.44999999999999996,0.01372328566943505,0.04516323176925399,-0.06358237207236948,0.6640709327856636,0.009946099468213355,0.00494048688367055,0.3168103948535218,0,0,0,8.818090125053903,8.818090125053903,8.149836734729256,10.742524252339269
turn_left,16.2,0.0,0.0,0.44999999999999996,0.018493873119428624,0.041744407810221956,-0.04382384001653461,0.7137307597980818,0.004531083413572848,0.0005308166196271774,0.3155643541487449,0,0,0,8.22864756862696,8.22864756862696,8.12123591936518,11.224335262001699
turn_left,16.22,0.0,0.0,0.44999999999999996,0.01818207659747515,0.03742321490214148,-0.017385405158051547,0.7137399842870725,0.0001465289084087382,-0.004756161879266918,0.314871117128652,0,0,0,8.528069914021762,8.528069914021762,8.094185286412444,8.979813771877238
turn_left,16.240000000000002,0.0,0.0,0.44999999999999996,0.015796088782060527,0.03510001402231604,0.007361338550486978,0.6598482760992184,-0.002706610328814147,-0.009367213004977622,0.31478027998133473,0,0,0,8.245716992909038,8.245716992909038,8.060156233468525,4.926301632999962
turn_left,16.26,0.0,0.0,0.44999999999999996,0.013889443622485712,0.0340335945946734,0.021464138112377865,0.5865653228846052,-0.004203719709570727,-0.013704020788570278,0.3151101135353859,0,0,0,7.772101193504259,7.772101193504259,8.0277978612576,2.2402428457219448
turn_left,16.28,0.0,0.0,0.44999999999999996,0.009890933470540656,0.03473218138596656,0.019977810565869624,0.484399479399221,-0.004569248506372931,-0.01774337830126482,0.31556301283079174,0,0,0,7.339948271649193,7.339948271649193,8.005763212126542,2.281248091138565
turn_left,16.3,0.0,0.0,0.44999999999999996,0.005159708889246497,0.035441382691765104,0.007840506027015795,0.3913215781545504,-0.003351193557544819,-0.021219120489221942,0.3158705335344801,0,0,0,7.139050444146725,7.139050444146725,7.9849006822594575,2.97304205009274
turn_left,16.32,0.0,0.0,0.44999999999999996,-0.0023029510240566552,0.0361821396477059,-0.007198639079542421,0.3468321560904953,-0.00010562286965026963,-0.023840564215380722,0.3159045887593898,0,0,0,7.141171301970705,7.141171301970705,7.997075257184818,3.6312332303368917
turn_left,16.34,0.0,0.0,0.44999999999999996,-0.013411782456825878,0.037959007928276195,-0.022599675514201858,0.3569101619657964,0.004375932459747233,-0.025334879410449436,0.3156517231446178,0,0,0,7.1700406115627615,7.1700406115627615,8.00990751537531,4.221208674879314
turn_left,16.36,0.0,0.0,0.44999999999999996,-0.02754356090729942,0.04593806081548985,0.007911307684352817,0.3539790450344724,0.0050902325723511275,-0.024568374949495746,0.3153101758569775,0,1,0,6.2336690723982775,6.2336690723982775,8.019361424428702,5.068350098573125
turn_left,16.38,0.0,0.0,0.44999999999999996,-0.03379830786701249,0.043544278203517355,0.07925623131759796,0.38316435725806475,0.004499093860045074,-0.023567773943801284,0.3163689687342768,0,1,0,5.262548800259781,5.262548800259781,8.045103799865675,1.089224051864332
turn_left,16.4,0.0,0.0,0.44999999999999996,-0.04050460683971388,0.03104799071728492,0.08778602337401512,0.4219430018308858,0.0021001455923676964,-0.02338845038629071,0.31811756694905624,0,0,0,5.690281997323217,5.690281997323217,8.126221953882823,1.7022937339119881
turn_left,16.42,0.0,0.0,0.44999999999999996,-0.05231848132734629,0.021838724072998812,0.07223181177109647,0.4939521816102371,0.0007665670945137937,-0.024366090317963805,0.31958566973527724,0,0,0,6.8998465949555055,6.8998465949555055,8.09890157619175,7.364447688633433
turn_left,16.44,0.0,0.0,0.44999999999999996,-0.0609302350943685,0.019896455219213877,0.06693939179464647,0.5752435994421289,0.0013173531208384881,-0.025599591943016725,0.3206731481049626,0,0,0,14.61846914854783,14.0,8.073056637645546,15.521742825957089
turn_left,16.46,0.0,0.0,0.44999999999999996,-0.06046048587746118,0.018207580893243553,0.05847721065297092,0.6332966513416002,0.003865475324904942,-0.025728623304133506,0.3215544609767588,0,0,0,13.726786501464783,13.726786501464783,8.139364373306929,15.644649767769268
turn_left,16.48,0.0,0.0,0.44999999999999996,-0.05615061015928069,0.01590018187142837,0.04832980909896013,0.6534237898119042,0.006948665264812345,-0.024970256932629376,0.32232416590382945,0,0,0,9.966261452013333,9.966261452013333,8.273492483777776,14.955233611693329
turn_left,16.5,0.0,0.0,0.44999999999999996,-0.05286152944591538,0.012038214485031838,0.03981319640475252,0.6721982986436176,0.009615351236822275,-0.023562836079241492,0.3230310550214992,0,0,0,7.172406657280465,7.172406657280465,8.4206221793727,10.518930191478338
turn_left,16.52,0.0,0.0,0.44999999999999996,-0.052105019114550205,0.0074399219526048496,0.03506901036062139,0.6812128340958027,0.010902674360189499,-0.022040435664910433,0.3236906225056251,0,0,0,7.128493481592801,7.128493481592801,8.429097789824887,5.680398912096759
turn_left,16.54,0.0,0.0,0.44999999999999996,-0.05111980863807696,0.0043354392933024665,0.030108978950201034,0.6560273230864082,0.010410086154549913,-0.0209435854885291,0.3243041973482669,0,0,0,7.072383785344209,7.072383785344209,8.403503180499737,2.8511871747294792
turn_left,16.56,0.0,0.0,0.44999999999999996,-0.04840106834844892,0.002945544678311757,0.024964175069987153,0.5972568904475036,0.008540018705150467,-0.020446140428953746,0.3248557901418384,0,0,0,7.037613364295188,7.037613364295188,8.36084581136845,3.414108519235368
turn_left,16.580000000000002,0.0,0.0,0.44999999999999996,-0.04480171864333295,0.0025972291620336933,0.01813299642751862,0.5133122944543977,0.006005131357796768,-0.02027929486553945,0.3253155406901799,0,0,0,7.011639988402776,7.011639988402776,8.320591210197815,4.564473587920072
turn_left,16.6,0.0,0.0,0.44999999999999996,-0.039594587285041206,0.005058437626354332,0.00413102873056863,0.4169800916838372,0.0033240368822483298,-0.019915687910050876,0.32560614199536275,0,0,0,6.955824904274241,6.955824904274241,8.282589506593801,5.821420350896709
turn_left,16.62,0.0,0.0,0.44999999999999996,-0.034558917879664926,0.009984281143000361,-0.029946271970046606,0.3377805819516681,0.0003018966229906413,-0.018521341934770348,0.32544430832148646,0,0,0,6.336506730399458,6.336506730399458,8.253231789218031,7.805814416287986
turn_left,16.64,0.0,0.0,0.44999999999999996,-0.033107194070765275,0.015455099315689062,-0.08752843182357112,0.27888759026278753,-0.001970047954823488,-0.01567187549096517,0.324393837234772,0,0,0,10.174112937827482,10.174112937827482,8.28272999688166,11.995032571725293
turn_left,16.66,0.0,0.0,0.44999999999999996,-0.026818937301957297,-0.008380765435250044,-0.09356409734239143,0.34894924268222266,0.005584552866945286,-0.006272878311124023,0.32269573557816583,0,1,0,4.985954216872191,4.985954216872191,8.335390740441255,7.688438827603175
turn_left,16.68,0.0,0.0,0.44999999999999996,-0.038285020546417185,-0.01506770788156124,-0.06022971855060307,0.45018754038666026,0.0077140798509382534,-4.799057502094626e-05,0.3212533619542937,0,1,0,6.30202554132476,6.30202554132476,8.435700431622124,2.885385071193168
turn_left,16.7,0.0,0.0,0.44999999999999996,-0.04793790807972835,-0.016511435907439313,-0.0673679288275704,0.5078415915587167,0.006591349191844636,0.0027929390717314376,0.320020151976119,0,0,0,7.014347760981604,7.014347760981604,8.391218952854455,3.8641720335254184
turn_left,16.72,0.0,0.0,0.44999999999999996,-0.05693393633441999,-0.010682923635448024,-0.061782267213525414,0.5429458585953767,0.0023479579863371564,0.0037205033362529417,0.31864355056212285,0,0,0,7.332427138910024,7.332427138910024,8.349255147128275,5.749256386038137
turn_left,16.740000000000002,0.0,0.0,0.44999999999999996,-0.06468581843361208,-0.0028182740385735714,-0.04501310647382231,0.5503082592193345,-0.00274527471704358,0.002307364136223856,0.31753796773997445,0,0,0,7.147710241003804,7.147710241003804,8.309650675337249,5.5919505802248395
turn_left,16.76,0.0,0.0,0.44999999999999996,-0.0686897750701047,0.0021387843720772686,-0.028938767224664725,0.5468331479345796,-0.0056188074296186635,-0.000708160636048153,0.3167829199985227,0,0,0,7.556324174383358,7.556324174383358,8.27225884103964,3.2340678320310787
turn_left,16.78,0.0,0.0,0.44999999999999996,-0.07093047541756305,0.004325710259263971,-0.01634516374253177,0.5069088895071365,-0.005556061234398788,-0.004460176582898638,0.3163387510347591,0,0,0,7.7983755275080835,7.7983755275080835,8.24804284159146,1.9235975405332861
turn_left,16.8,0.0,0.0,0.44999999999999996,-0.06648530912733229,0.0032337801467726165,-0.009450135501960917,0.46403067894376626,-0.0027503750159446837,-0.008795615707910645,0.3161080498865138,0,0,0,7.974359715887239,7.974359715887239,8.242520587048926,1.9225153370831318
turn_left,16.82,0.0,0.0,0.44999999999999996,-0.058511184087814506,-0.0019454510384440806,-0.005705007920768575,0.43318508688670154,0.0029421665243938226,-0.013565673926270462,0.31599910730359854,0,0,0,7.939250532071505,7.939250532071505,8.259344537718079,2.4729375705632557
turn_left,16.84,0.0,0.0,0.44999999999999996,-0.05140603774605074,-0.008373481877193325,-0.006660332006759321,0.4340280843099964,0.01030081169665988,-0.018280122836989723,0.3159252870633033,0,0,0,7.833761245568942,7.833761245568942,8.285138267955535,3.781276052560455
turn_left,16.86,0.0,0.0,0.44999999999999996,-0.047975497851359225,-0.016494605481669904,-0.013630381033560192,0.4362764264556196,0.017705629908643588,-0.02285634811150834,0.31576321459836887,0,0,0,7.7485917779030915,7.7485917779030915,8.329408380627825,5.117694802286879
turn_left,16.88,0.0,0.0,0.44999999999999996,-0.05196693407508239,-0.02464637980519946,-0.0201587457712264,0.44970828665196894,0.02362456957858028,-0.02671696005647879,0.3154824922303652,0,0,0,7.6481493313483675,7.6481493313483675,8.386773508057686,6.830891051006071
turn_left,16.9,0.0,0.0,0.44999999999999996,-0.056616377872314556,-0.014100918347991343,0.009818544783569545,0.37557947624654825,0.02333171481287048,-0.02727842207742154,0.3152817486352004,0,0,0,7.058269093470246,7.058269093470246,8.36972978628193,8.524775631496155
turn_left,16.92,0.0,0.0,0.44999999999999996,-0.04687133561424421,0.013819988181033685,0.009201060312765323,0.4054951903672417,0.01015180229385086,-0.019921952102111968,0.31563510606505707,0,1,0,5.129161326257622,5.129161326257622,8.359337634966963,6.433361787883978
turn_left,16.94,0.0,0.0,0.44999999999999996,-0.05132182092432372,0.008394596205798988,0.0671828351146638,0.36847031845748984,0.011720501704708945,-0.016365565957899064,0.316585171404147,0,1,0,5.419321930379586,5.419321930379586,8.41994927142716,4.375239990780749
turn_left,16.96,0.0,0.0,0.44999999999999996,-0.0543917110191474,-0.0019120198387735893,0.06039008384404784,0.34761423388440166,0.015172934097643882,-0.016076147335662608,0.31789147910067933,0,0,0,5.6634714523776974,5.6634714523776974,8.447689086792263,1.0369726224498284
turn_left,16.98,0.0,0.0,0.44999999999999996,-0.06748223744650779,-0.009909225063862681,0.049667030113440466,0.3864378028951474,0.01763226443944966,-0.016006738207973395,0.318888162621233,0,0,0,6.335122157416737,6.335122157416737,8.402526079400015,7.097202222418432
turn_left,17.0,0.0,0.0,0.44999999999999996,-0.0741739717376587,-0.015722746158756268,0.042126872373464574,0.4508920012436445,0.02122464706935647,-0.014845515657248948,0.3196649406051346,0,0,0,10.569883678394882,10.569883678394882,8.359923925339263,11.933656902131835
turn_left,17.02,0.0,0.0,0.44999999999999996,-0.07288081479596553,-0.022527354144122626,0.03725039441296327,0.4950660795763028,0.025073139725574234,-0.013108507084290358,0.3203316444520712,0,0,0,9.336759624949263,9.336759624949263,8.319721076269104,12.38145566230485
turn_left,17.04,0.0,0.0,0.44999999999999996,-0.0685587610406023,-0.03086478105540957,0.030768581417409527,0.5444723457311561,0.028589033349107878,-0.01160823079764134,0.32091422758589067,0,0,0,6.70792294796687,6.70792294796687,8.28176791540357,10.544531286579803
turn_left,17.06,0.0,0.0,0.44999999999999996,-0.06461045371727024,-0.03782656989917663,0.02770617643268815,0.5909118483192312,0.030634878252425647,-0.010271816877450438,0.3214318958595581,0,0,0,6.849352364813715,6.849352364813715,8.38251604767068,7.150044899321374
turn_left,17.080000000000002,0.0,0.0,0.44999999999999996,-0.06125157010291755,-0.0432906474238609,0.026971675650011576,0.6197587594453473,0.031190515185892036,-0.009004686829358805,0.32193768138102524,0,0,0,6.914568703104658,6.914568703104658,8.500984451648204,4.376261215528916
turn_left,17.1,0.0,0.0,0.44999999999999996,-0.05847551699637042,-0.04795750817803151,0.0266899668631633,0.627210750522326,0.03123631018165769,-0.007598746489888799,0.32246491294429347,0,0,0,6.924087350431656,6.924087350431656,8.534031816338317,2.376190577211788
turn_left,17.12,0.0,0.0,0.44999999999999996,-0.053882661839477236,-0.051335900071924914,0.02354713476369504,0.6016028771490631,0.0316225941879586,-0.006119981442592975,0.32296891428121455,0,0,0,6.946618350788235,6.946618350788235,8.523570960057405,2.97780776473221
turn_left,17.14,0.0,0.0,0.44999999999999996,-0.04633875033218544,-0.054657711527424865,0.016007146923001314,0.5504263504738134,0.03239316852146058,-0.004631345901213414,0.32337932184004703,0,0,0,6.980384093892972,6.980384093892972,8.474064909783959,4.513715417667849
turn_left,17.16,0.0,0.0,0.44999999999999996,-0.03745377290045618,-0.05584061596797876,0.0020751938038768673,0.4882940319590558,0.033234315108824776,-0.0027671817502337407,0.32361378779587274,0,0,0,6.9922334298719,6.9922334298719,8.42739805158645,5.922248912592863
turn_left,17.18,0.0,0.0,0.44999999999999996,-0.027453553491896956,-0.05503174098742807,-0.03190652469401561,0.43353830587906605,0.034282531837040935,0.0004210634081138442,0.32339182090930046,0,0,0,6.414886687845732,6.414886687845732,8.383387806172522,8.034921311628363
turn_left,17.2,0.0,0.0,0.44999999999999996,-0.018107727833734252,-0.05453302501009404,-0.09094185811409286,0.38500940805936895,0.036158717494056934,0.005222267553332229,0.3222680015973754,0,0,0,10.389499231480354,10.389499231480354,8.341865456596903,12.163870682512655
turn_left,17.22,0.0,0.0,0.44999999999999996,-0.027788398594578975,-0.03883967850894675,-0.11786772168976122,0.36293621784870894,0.034350885669924794,0.00789873886097071,0.32025767367568847,0,0,0,13.908485361931527,13.908485361931527,8.331506317226626,15.695426599029435
turn_left,17.240000000000002,0.0,0.0,0.44999999999999996,-0.03988172318864435,-0.01220048929941834,-0.08286704191234207,0.44849311049419804,0.028080034600321782,0.004850131915843109,0.3181966696140686,0,0,0,7.1157821905137535,7.1157821905137535,8.292895127331182,15.505121106665001
turn_left,17.26,0.0,0.0,0.44999999999999996,-0.04516412894788161,0.01559339995395768,-0.06124535485036797,0.37855207547085057,0.028010689998309312,0.005267356570394201,0.3166577369355703,0,0,0,8.26748674236252,8.26748674236252,8.009661805216531,9.931744583689778
turn_left,17.28,0.0,0.0,0.44999999999999996,-0.053562150895269806,0.02609407305362352,-0.05488080679475373,0.30861689175391654,0.02987742800965576,0.004097328676767055,0.3153546352284704,0,0,0,7.83522103139716,7.83522103139716,8.047423123844595,5.841373737480257
turn_left,17.3,0.0,0.0,0.44999999999999996,-0.05820525837418381,0.021205133601498925,-0.030623079531819336,0.3714135682992333,0.028450941489310214,0.0016854718072322767,0.31435842255291097,0,0,0,7.680404944538201,7.680404944538201,8.057080012913861,6.82614605195238
turn_left,17.32,0.0,0.0,0.44999999999999996,-0.05910351913825437,0.015034408146356525,-0.006994803769886745,0.43442997403907724,0.025537282329184157,0.0007784994063674542,0.31396726746115233,0,0,0,7.192479965592044,7.192479965592044,8.056414751273774,6.274711691072856
turn_left,17.34,0.0,0.0,0.44999999999999996,-0.05855162681797032,0.011494469186946321,-0.0006372724740958135,0.4589939681716931,0.02150509795706648,-7.524633813069131e-05,0.31389356165817706,0,0,0,6.777502513923781,6.777502513923781,8.057351594534868,3.9787914094875028
turn_left,17.36,0.0,0.0,0.44999999999999996,-0.05334781312935831,0.008577769925150375,-0.004171929712369047,0.46321869026191004,0.018431117203961636,-0.0015006716526209016,0.3138808829869872,0,0,0,6.644157569335654,6.644157569335654,8.053651561826396,1.903979807950686
turn_left,17.38,0.0,0.0,0.44999999999999996,-0.04543402121591793,0.0038248588411151506,-0.010642535781326765,0.4635771324902045,0.01794273928654886,-0.003670519485706601,0.31376960851915636,0,0,0,6.674278923293121,6.674278923293121,8.042425266562958,2.2591330917087773
turn_left,17.400000000000002,0.0,0.0,0.44999999999999996,-0.04198318508358609,-0.00022750473626145502,-0.014912888604648893,0.4575454060057812,0.020999533833086243,-0.006529529233896111,0.31354723993137057,0,0,0,6.715542067020732,6.715542067020732,8.051471153342582,3.66615430156908
turn_left,17.42,0.0,0.0,0.44999999999999996,-0.04569122199936473,-0.003240917050251441,-0.012899037335902901,0.4533265149500556,0.0262401063990367,-0.010063078046926082,0.3133090294223917,0,0,0,6.8117434964825785,6.8117434964825785,8.028172654805381,3.8181167405137484
turn_left,17.44,0.0,0.0,0.44999999999999996,-0.0553961338891732,-0.002826814458045739,-0.00785864928579427,0.4383313827758197,0.03204416810177345,-0.014106051829922316,0.313102682101246,0,0,0,6.52816315468893,6.52816315468893,8.058874603233086,4.142488917309387
turn_left,17.46,0.0,0.0,0.44999999999999996,-0.04681723998287113,0.027843122010615427,0.02688038469759054,0.4487180010506713,0.022404106599627206,-0.01381248798492727,0.3134892303202134,0,0,0,5.3644960616492865,5.3644960616492865,8.10909153846941,5.526231071528842
turn_left,17.48,0.0,0.0,0.44999999999999996,-0.040002652690851716,0.052531532106582825,0.05453323559686651,0.4998750629916585,0.011020484908389663,-0.012745579820129601,0.31420951352226223,0,1,0,6.649735880052225,6.649735880052225,8.171931739877376,6.917585692903988
turn_left,17.5,0.0,0.0,0.44999999999999996,-0.03791079662997906,0.06563165296830002,0.08368159963331367,0.48588405258520095,0.012327444308915688,-0.015595620393996344,0.3156983518663636,0,0,0,7.492795086502113,7.492795086502113,8.26000874265203,1.3730532633108574
turn_left,17.52,0.0,0.0,0.44999999999999996,-0.039681354324714695,0.06240611376419281,0.08356650753469694,0.5042962456942918,0.014546737235759504,-0.01733018835351493,0.3173138172448068,0,0,0,7.420447392693393,7.420447392693393,8.233094611183642,4.067945605347584
turn_left,17.54,0.0,0.0,0.44999999999999996,-0.041583898991424874,0.05873365938417511,0.07558385832040802,0.5541725183278311,0.015309929637364121,-0.01743549758784623,0.3186971543145694,0,0,0,7.555090616543627,7.555090616543627,8.24312428531083,8.220545706887929
turn_left,17.56,0.0,0.0,0.44999999999999996,-0.04017375184761644,0.05588844065041653,0.06641911718395975,0.5820897846974934,0.014278984332001822,-0.017498568039683953,0.319824035199253,0,0,0,7.5951329317753835,7.5951329317753835,8.287519411632065,8.53513803479058
turn_left,17.580000000000002,0.0,0.0,0.44999999999999996,-0.03805955319225573,0.051168846531937096,0.057404232991389026,0.623290158990292,0.012846806110674435,-0.01853037982229602,0.32080766231012997,0,0,0,7.657377611163742,7.657377611163742,8.320857854628464,8.766955813977784
turn_left,17.6,0.0,0.0,0.44999999999999996,-0.0371963550835311,0.04714807371484729,0.05092705510966695,0.6689997420437187,0.011627510660160227,-0.01970791530496967,0.3217191377415975,0,0,0,7.641027593958391,7.641027593958391,8.341314460747835,7.469384926101858
turn_left,17.62,0.0,0.0,0.44999999999999996,-0.03503030198290057,0.04447812039378248,0.046625590176056865,0.6995562360717396,0.010408109756224472,-0.020727887164045614,0.3225911626116478,0,0,0,7.588663848881392,7.588663848881392,8.366804704096051,5.048518807646157
turn_left,17.64,0.0,0.0,0.44999999999999996,-0.03211116645211413,0.043137348805203424,0.04331695557128717,0.7000039705182473,0.008469135686161778,-0.021667990208972494,0.3234266763377255,0,0,0,7.499827058496518,7.499827058496518,8.340641186493652,2.4127808285238537
turn_left,17.66,0.0,0.0,0.44999999999999996,-0.029347780724865782,0.04267204811558002,0.037552783730201184,0.6682163081001067,0.00558846776161453,-0.022582010483413288,0.32419724925623594,0,0,0,7.380738756750429,7.380738756750429,8.301519121638368,1.9851344654784282
turn_left,17.68,0.0,0.0,0.44999999999999996,-0.026315957811406963,0.04306126551610778,0.030296043789108627,0.6052958431125406,0.002248288368123726,-0.023495932858072093,0.32487845380541325,0,0,0,7.253230499434964,7.253230499434964,8.264579900922111,2.631909250369235
turn_left,17.7,0.0,0.0,0.44999999999999996,-0.024107766345063755,0.0451555980269889,0.018412214595836952,0.5304192773695967,-0.001635914496451916,-0.024073652800889026,0.3253970835135736,0,0,0,7.124096298876335,7.124096298876335,8.229689568980394,3.158524291029605
turn_left,17.72,0.0,0.0,0.44999999999999996,-0.022752742731349748,0.04915414846907504,-0.013731149357315214,0.46793360964255737,-0.006210567730382812,-0.023602694945422283,0.3254812136177732,0,0,0,6.428557084395937,6.428557084395937,8.222089588832851,3.752208446601882
turn_left,17.740000000000002,0.0,0.0,0.44999999999999996,-0.022987385217829344,0.048918692712354446,-0.051102305408375764,0.4583655997348819,-0.00945657928678859,-0.021160492106896422,0.3247404705658595,0,0,0,5.227546241948116,5.227546241948116,8.287630445712978,6.712765632477533
turn_left,17.76,0.0,0.0,0.44999999999999996,-0.016214480839360362,0.027269256547143086,-0.09212806314100193,0.4912236338581222,-0.003534264650311575,-0.012814686897321292,0.32327115553549224,0,1,0,4.768291653148835,4.768291653148835,8.393786255074783,6.59065014887561
turn_left,17.78,0.0,0.0,0.44999999999999996,-0.0393800468722011,0.014526253755844588,-0.06412198759015877,0.5574209056715757,-0.0020854331529123254,-0.004944251781359323,0.321756205820837,0,1,0,5.288257207437475,5.288257207437475,8.35578544539543,4.153695885571108
turn_left,17.8,0.0,0.0,0.44999999999999996,-0.058055015167211156,0.009373096600004484,-0.06478991012547558,0.5763970448375799,-0.005369250395204423,0.0002008667126142402,0.32042748621948347,0,0,0,6.259619361128394,6.259619361128394,8.335429938308714,4.478532869102044
turn_left,17.82,0.0,0.0,0.44999999999999996,-0.06734377313378179,0.018182766898130164,-0.0655797238693864,0.5552834917674848,-0.011057281384995689,0.004640364900646531,0.3189182972110955,0,0,0,7.09694427159922,7.09694427159922,8.298858423721754,7.687757452338201
turn_left,17.84,0.0,0.0,0.44999999999999996,-0.0719051584626579,0.02797416551172426,-0.0569327693746853,0.5228586987921111,-0.016925848884233374,0.005724724129652886,0.3175301470577836,0,0,0,7.944129791294581,7.944129791294581,8.26206717683996,8.522664936839856
turn_left,17.86,0.0,0.0,0.44999999999999996,-0.07179646282719647,0.03192914335246732,-0.04614509309778609,0.5009882211545795,-0.020224016352867073,0.004158714203910042,0.3164019244866895,0,0,0,8.500721376282353,8.500721376282353,8.227315788835682,7.632468753201502
turn_left,17.88,0.0,0.0,0.44999999999999996,-0.06831622468468561,0.03240119078765099,-0.0342356433526314,0.46777008217027544,-0.02052906251237195,0.001450205135849094,0.3155617937504053,0,0,0,8.711125262252185,8.711125262252185,8.194480439977998,4.5652015737695715
turn_left,17.900000000000002,0.0,0.0,0.44999999999999996,-0.05937753645554057,0.029980451870700104,-0.026495452146747797,0.4315503114190368,-0.01852408423010231,-0.0020615975978084586,0.3149672150052696,0,0,0,8.674662044369022,8.674662044369022,8.147577063332871,1.9458781654132336
turn_left,17.92,0.0,0.0,0.44999999999999996,-0.04855293056191981,0.024363980881136532,-0.02309091555634246,0.4033253539471884,-0.01436268084212757,-0.006187456354121113,0.3144938515257972,0,0,0,8.541627275643657,8.541627275643657,8.097298714965177,2.0101778716750225
turn_left,17.94,0.0,0.0,0.44999999999999996,-0.04072879550527339,0.01762770713316301,-0.02129031395713121,0.3804682246671824,-0.009962839837929473,-0.010131139963597843,0.3140751173094666,0,0,0,8.44397739195791,8.44397739195791,8.051302903155186,2.772554147850162
turn_left,17.96,0.0,0.0,0.44999999999999996,-0.03756647442982128,0.011107038249555442,-0.023309267578064372,0.3652860199919309,-0.0063420842307292755,-0.013632252990796137,0.3136592635551011,0,0,0,8.326860358254983,8.326860358254983,8.010277363197126,3.2572877217216023
turn_left,17.98,0.0,0.0,0.44999999999999996,-0.039699729883893586,0.007071129328893197,-0.02890926756885288,0.37801197328920744,-0.0033354520875339506,-0.01631309786732943,0.31317302152640497,0,0,0,8.147996494961609,8.147996494961609,7.974620901571377,3.5923673064514148
turn_left,18.0,0.0,0.0,0.44999999999999996,-0.04665562837949451,0.0059525046102325025,-0.0449166914772022,0.4358403118679784,-0.00015842221320645322,-0.018439290584964338,0.31252609631549266,0,0,0,7.64234085520422,7.64234085520422,7.945265412885547,5.9580180343209985
turn_right,18.02,0.0,0.0,-0.44999999999999996,-0.04887238917506763,0.02145019152049123,0.05868213145123205,0.33040771213425496,-0.0014635584928118933,-0.017216270359303152,0.31274450336382326,0,1,0,5.500941164834381,5.500941164834381,7.9315112539326265,4.202725390300214
turn_right,18.04,0.0,0.0,-0.44999999999999996,-0.041623953238410144,0.028075826333595667,0.1021650417271216,0.3644407533695774,0.0019872650935392083,-0.018856797927245414,0.31449765235722005,0,1,0,5.435575960715983,5.435575960715983,7.9769298492039304,1.3653237139197991
turn_right,18.06,0.0,0.0,-0.44999999999999996,-0.035065000214110444,0.02926666120899816,0.08623536359116664,0.41053156720698614,0.007207022334677852,-0.020723839915655077,0.3164147760800553,0,0,0,5.852903650192827,5.852903650192827,7.999909258120933,1.3653237139197991
turn_right,18.080000000000002,0.0,0.0,-0.44999999999999996,-0.04207858329767831,0.025076001596098702,0.07151171599643816,0.4733106726688341,0.011766184167146119,-0.01974015806531568,0.31785252170790995,0,0,0,5.87028775154204,5.87028775154204,7.979357438223829,4.445449978505735
turn_right,18.1,0.0,0.0,-0.44999999999999996,-0.05171021457558132,0.019556607937309466,0.06691811661737444,0.4576193473807604,0.011718801063785223,-0.016297456523530974,0.31897408323612203,0,0,0,10.607009625721174,10.607009625721174,8.098960738513131,11.710767971162449
turn_right,18.12,0.0,0.0,-0.44999999999999996,-0.05390949526078547,0.012748242311503089,0.05599573506379538,0.3536820832942225,0.007731594579946618,-0.012499539952822008,0.3198878971714128,0,0,0,13.936189794825012,13.936189794825012,8.20789207930288,15.465965724421702
turn_right,18.14,0.0,0.0,-0.44999999999999996,-0.04739295125868433,0.005202643149065419,0.03147841538276237,0.1800306022185654,0.002663231358610486,-0.010213331626113584,0.3205082469705352,0,0,0,10.460312146816815,10.460312146816815,8.306145139191276,15.347724167323497
turn_right,18.16,0.0,0.0,-0.44999999999999996,-0.03430607794370051,0.0017028571799527431,-0.0041189910636732574,-0.004630800418271314,-0.0024862746754483497,-0.010685922547402847,0.3206169118860243,0,0,0,6.00876708483998,6.00876708483998,8.12249169262354,10.991879989126025
turn_right,18.18,0.0,0.0,-0.44999999999999996,-0.017688135726169958,0.0041147659981629935,-0.034887428952081745,-0.1956689726554001,-0.006481749240547116,-0.013427734664800852,0.3201596090083325,0,0,0,5.918689656657158,5.918689656657158,8.099169995997766,5.965988971920218
turn_right,18.2,0.0,0.0,-0.44999999999999996,0.0014082056109379518,0.009895622491268189,-0.054972653149836154,-0.3811457143716311,-0.009321867568916944,-0.017552071147431045,0.31922999222307047,0,0,0,6.490924994200604,6.490924994200604,8.073310592275554,4.323173701905821
turn_right,18.22,0.0,0.0,-0.44999999999999996,0.01668529252118218,0.01584829552946988,-0.059029704909277766,-0.5767259503035711,-0.011099514523829054,-0.021848473520172357,0.31811879736485116,0,0,0,6.842522124238464,6.842522124238464,8.048841947494836,5.353837559114126
turn_right,18.240000000000002,0.0,0.0,-0.44999999999999996,0.024006134728147315,0.017504058764367694,-0.054082406256250916,-0.7567249020811515,-0.01123822983769636,-0.02557455085647649,0.31707317312041405,0,0,0,6.937648351450802,6.937648351450802,8.025684048411406,6.94671967431348
turn_right,18.26,0.0,0.0,-0.44999999999999996,0.021689310272823493,-0.007886486819817498,0.00029328492635558034,-0.7508578659795548,-0.005430879057728466,-0.026063206096520616,0.31647707969486716,0,0,0,6.426388028837646,6.426388028837646,8.00376201967089,7.9643635791782845
turn_right,18.28,0.0,0.0,-0.44999999999999996,0.022279304880067803,-0.056749292707085085,0.025067774198639457,-0.6470736194157406,0.009615511943033,-0.01783584413383997,0.3168752426278379,0,0,0,4.7464501462631326,4.7464501462631326,7.983005739417063,2.05785963752337
turn_right,18.3,0.0,0.0,-0.44999999999999996,0.02706821723779654,-0.09862804857126313,-0.008338173858934166,-0.5837870036947724,0.026241234306782844,-0.007557391271324204,0.31707773259673255,0,0,0,3.504374287644041,3.504374287644041,7.9859718024875335,2.712900527463268
turn_right,18.32,0.0,0.0,-0.44999999999999996,0.016294470526362164,-0.10198648651963688,-0.016082127437608017,-0.5273583656204498,0.031713876202603214,-0.0016902308823463375,0.3166643911101009,0,1,0,5.34980585285863,5.34980585285863,8.062785836864908,2.1489614719991854
turn_right,18.34,0.0,0.0,-0.44999999999999996,-0.002946170084094875,-0.07432960263622759,-0.002887624469933564,-0.4846947741994467,0.03176521881321976,-0.002089972349252109,0.31633421517140936,0,0,0,6.629229377996738,6.629229377996738,8.038881607093806,6.272719823118434
turn_right,18.36,0.0,0.0,-0.44999999999999996,-0.026903102610739284,-0.05764437441747721,0.006644922716574495,-0.5178333922997544,0.032195709303215685,-0.006112501657932819,0.3162147317927546,0,0,0,13.086343232586596,13.086343232586596,8.016255817570652,14.369091911899423
turn_right,18.38,0.0,0.0,-0.44999999999999996,-0.04032823372749536,-0.05844002356890803,0.0004387077283076503,-0.45350937914075284,0.028731831203952254,-0.012217321299520025,0.31613332743928096,0,0,0,12.976294097500716,12.976294097500716,7.994835650370298,15.640758463302236
turn_right,18.400000000000002,0.0,0.0,-0.44999999999999996,-0.04150388245030941,-0.06314887523566842,-0.0018272252970697317,-0.3481192216164031,0.028258578918114948,-0.018046537456958864,0.31604299363755844,0,0,0,8.828756406023537,8.828756406023537,7.9745528888475015,14.389469197754172
turn_right,18.42,0.0,0.0,-0.44999999999999996,-0.04264472463149736,-0.06878721999532811,0.0070634026815311,-0.25839592875368345,0.03153008197415626,-0.022461542815447863,0.3160774459923124,0,0,0,7.648899690349076,7.648899690349076,7.955343580842353,11.064542403148012
turn_right,18.44,0.0,0.0,-0.44999999999999996,-0.045786816241073384,-0.07520471161308374,0.01960522939939465,-0.17624958608649005,0.03713386252632966,-0.02611678848889005,0.3163343485662325,0,0,0,7.531674984903148,7.531674984903148,7.937147731130473,5.7167438707453915
turn_right,18.46,0.0,0.0,-0.44999999999999996,-0.0533164967823334,-0.08200585909886915,0.026347426907834,-0.1103732111255453,0.04418908438695495,-0.030416146482819293,0.3167638179814639,0,0,0,7.340650730917859,7.340650730917859,7.920711725339995,3.019516064016959
turn_right,18.48,0.0,0.0,-0.44999999999999996,-0.06593989970480423,-0.0907541153652332,0.023460771593428152,-0.08216008293763968,0.05175346280992543,-0.035223515874447615,0.3172121456361833,0,0,0,7.163859282661038,7.163859282661038,7.919483065414397,2.8750339278805126
turn_right,18.5,0.0,0.0,-0.44999999999999996,-0.07075923597387056,-0.09827733343344855,0.03360599689554096,-0.010206124327774185,0.054535899919473746,-0.03950859829737026,0.3176847009592604,0,0,0,7.127132012661923,7.127132012661923,7.980235626569723,3.2982899686618343
turn_right,18.52,0.0,0.0,-0.44999999999999996,-0.06632750261313856,-0.10140972993492238,0.036793337909102004,0.08679473105138912,0.050444069496802205,-0.042220080871150666,0.31825813212988485,0,0,0,6.993982788186186,6.993982788186186,8.048715482929229,2.894483862461494
turn_right,18.54,0.0,0.0,-0.44999999999999996,-0.054241573041694566,-0.0954538643855842,0.027804215516501675,0.1255285011011349,0.04446542921680999,-0.042403015166301385,0.3187973965820634,0,0,0,6.182974556365034,6.182974556365034,8.129548186438761,3.6071797112346458
turn_right,18.56,0.0,0.0,-0.44999999999999996,-0.03670741151447703,-0.07724728055102283,-0.0013077969376660671,0.0892368362219438,0.03842719000041206,-0.04006565899436235,0.31897753723674516,0,0,0,5.3032645370934475,5.3032645370934475,8.226431837791662,4.356547618450826
turn_right,18.580000000000002,0.0,0.0,-0.44999999999999996,-0.023927425003117602,-0.049663828489224154,-0.022952596984797125,-0.002761576258747571,0.03161760897643439,-0.036513567606332765,0.31852389488252025,0,1,0,6.818196867410036,6.818196867410036,8.326397719347444,4.825556249050496
turn_right,18.6,0.0,0.0,-0.44999999999999996,-0.0058782730497142595,-0.029626420891626645,-0.002867349819645223,-0.17280214030577865,0.032181691952709646,-0.03521983164900304,0.3183202558723607,0,1,0,7.65457628167174,7.65457628167174,8.372956460169203,2.582677059437073
turn_right,18.62,0.0,0.0,-0.44999999999999996,0.006366162541418802,-0.016286335882320264,-0.008447518443700983,-0.2945459858733223,0.030224404787824514,-0.03195700503531074,0.31815354122434986,0,0,0,7.595255297920433,7.595255297920433,8.332021313810024,4.631270724119231
turn_right,18.64,0.0,0.0,-0.44999999999999996,0.003450450109966079,-0.01620104593721386,-0.0017823964921397616,-0.38010012193411563,0.020584216580797947,-0.025464325120310122,0.3178101341598623,0,0,0,7.322975688143711,7.322975688143711,8.293381341589022,8.08052977086054
turn_right,18.66,0.0,0.0,-0.44999999999999996,-0.0097311351894877,-0.023436432663495106,0.01842752906646701,-0.47488848449542886,0.011671751527284804,-0.020136765341081497,0.31776441029019326,0,0,0,7.460963271081175,7.460963271081175,8.405608129325923,8.73374739015621
turn_right,18.68,0.0,0.0,-0.44999999999999996,-0.026062241760535877,-0.03410939067090684,0.035224831359202784,-0.53763782528938,0.007905016545054298,-0.017935530969451146,0.31817472613034026,0,0,0,6.815923856940836,6.815923856940836,8.521536885764853,7.95070463727378
turn_right,18.7,0.0,0.0,-0.44999999999999996,-0.04189148760704999,-0.04466322173625315,0.04523017540803493,-0.5246198972163841,0.009330202535272565,-0.01895876522939658,0.3189033049039062,0,0,0,6.85926427649361,6.85926427649361,8.497658298586945,5.512813182002608
turn_right,18.72,0.0,0.0,-0.44999999999999996,-0.049868367705176206,-0.05113287576464553,0.04572875130798404,-0.44916472412759373,0.01532469874313287,-0.0225473610623586,0.3197614224685177,0,0,0,7.6988508232108535,7.6988508232108535,8.449641046407464,3.527696832775084
turn_right,18.740000000000002,0.0,0.0,-0.44999999999999996,-0.04629401722483382,-0.05078808741939275,0.033675747749297096,-0.35339758571753127,0.02221838317654711,-0.027080497686103284,0.32051262203215036,0,0,0,8.511618041567473,8.511618041567473,8.404366955015721,1.9533498629128494
turn_right,18.76,0.0,0.0,-0.44999999999999996,-0.03577777970362179,-0.045763895365058926,0.010847462845235833,-0.26771979625524334,0.024982899980648333,-0.03069912982135055,0.3209109492008559,0,0,0,8.829304285086574,8.829304285086574,8.361660767843528,2.544775495017971
turn_right,18.78,0.0,0.0,-0.44999999999999996,-0.02218492354342276,-0.04054032106884904,-0.015709130650640602,-0.2318653928425077,0.021501036795526826,-0.033113265239016414,0.3208298091691898,0,0,0,8.955186542408027,8.955186542408027,8.302724993194143,2.683253041260668
turn_right,18.8,0.0,0.0,-0.44999999999999996,-0.009169512011064685,-0.036854417802281235,-0.038618199937814665,-0.26398866915899544,0.011841802756816977,-0.03544663985829025,0.3202570395035119,0,0,0,8.967638068896926,8.967638068896926,8.236018488253478,3.219369697847785
turn_right,18.82,0.0,0.0,-0.44999999999999996,0.0032993189530076575,-0.030437750207919962,-0.06219942391109914,-0.3521323660355434,-0.0033457698088778837,-0.038339099331211206,0.3192695734287837,0,0,0,8.968106882621154,8.968106882621154,8.169543684975576,3.695767268598924
turn_right,18.84,0.0,0.0,-0.44999999999999996,0.014658255708912969,-0.035046985801824825,-0.043375950103184596,-0.3880505047555616,-0.01125423734905387,-0.03783692758717037,0.31813726516570073,0,0,0,8.65186001914149,8.65186001914149,8.102828598643153,6.458574625756434
turn_right,18.86,0.0,0.0,-0.44999999999999996,0.04152034812222654,-0.05346264957267558,-0.048943397824759205,-0.498527551445233,2.835539284299853e-05,-0.028459792604925104,0.3174989467066106,0,0,0,12.672735976187385,12.672735976187385,8.031936229355704,13.45586980907172
turn_right,18.88,0.0,0.0,-0.44999999999999996,0.04607514104974371,-0.03193101047269771,-0.005759378048668979,-0.5118570209115578,0.010652288841342238,-0.01897003900535324,0.316838979465509,0,1,0,5.605785270254833,5.605785270254833,8.032652404252119,16.3273755875681
turn_right,18.900000000000002,0.0,0.0,-0.44999999999999996,0.035353711448221886,-0.0012061070033980825,0.028095256422461717,-0.48779392305648195,0.008235325665115825,-0.01801956194694094,0.3171508437793319,0,0,0,6.057530879170501,6.057530879170501,8.094267920466358,5.146306668378962
turn_right,18.92,0.0,0.0,-0.44999999999999996,0.01984172416636583,0.008641535334088433,0.022607680991403863,-0.5350246375266595,0.007340969461851461,-0.02121895028745175,0.3174614771517021,0,0,0,13.11889489052723,13.11889489052723,8.086717201044372,14.176111492216371
turn_right,18.94,0.0,0.0,-0.44999999999999996,0.009367594777071404,0.005387525668824227,0.0018699247530538138,-0.6131383927264881,0.005807051712511521,-0.02497249974687957,0.3173878630298056,0,0,0,13.444458140275076,13.444458140275076,8.06152823599,15.380094010889295
turn_right,18.96,0.0,0.0,-0.44999999999999996,0.0015027341507883756,0.0013777219908421396,0.0012510833535408741,-0.6697204668076215,0.0025302513310758623,-0.025698622664801583,0.31716607378666717,0,0,0,9.03991930816434,9.03991930816434,8.051978536319535,15.104159775910563
turn_right,18.98,0.0,0.0,-0.44999999999999996,-0.003591514006765415,0.0007448057948769819,0.014328576882075903,-0.6912143563277197,-0.0032632909505421618,-0.02373908565208662,0.3172235373162508,0,0,0,8.436132283862273,8.436132283862273,8.163368104614843,10.022143881140188
turn_right,19.0,0.0,0.0,-0.44999999999999996,-0.01089625135763095,0.004648332414982943,0.024694422592012627,-0.7271549477927708,-0.010388556890932817,-0.020910850939903858,0.3175924663081912,0,0,0,7.955289471171818,7.955289471171818,8.130731235426985,5.2481947948524565
turn_right,19.02,0.0,0.0,-0.44999999999999996,-0.017413809144448116,0.01076558514023486,0.028510400111583022,-0.7343729012241952,-0.01740801091727688,-0.018629778974659107,0.31813151622158803,0,0,0,7.578057498657557,7.578057498657557,8.103166723098493,1.4964802912715593
turn_right,19.04,0.0,0.0,-0.44999999999999996,-0.020860073531817337,0.016567161328497046,0.023291689914161987,-0.7087473699156656,-0.02212827672935468,-0.017178753730510112,0.31866815445674457,0,0,0,7.460128663931638,7.460128663931638,8.07709186287985,1.9034694738551594
turn_right,19.06,0.0,0.0,-0.44999999999999996,-0.024496236654649135,0.020638404419838836,0.017359232454681565,-0.6558966242338212,-0.023170645438162885,-0.01667640259567892,0.3191056277249679,0,0,0,7.430769766840897,7.430769766840897,8.05242020941099,2.821330148224677
turn_right,19.080000000000002,0.0,0.0,-0.44999999999999996,-0.029944480205201185,0.023799063784715073,0.01026334741765944,-0.5810238478766917,-0.020678556180588736,-0.017015559184131498,0.31941274256148483,0,0,0,7.4374717375890835,7.4374717375890835,8.052731782319409,3.9124993361463645
turn_right,19.1,0.0,0.0,-0.44999999999999996,-0.03628028455611972,0.02479722102079115,0.003978166194588417,-0.48461168996568516,-0.016376844504857217,-0.017926812272306643,0.31958830735873583,0,0,0,7.526283680972018,7.526283680972018,8.052760786791083,4.064189152753001
turn_right,19.12,0.0,0.0,-0.44999999999999996,-0.04549873741021588,0.0134156455484038,0.012578162425141018,-0.41716695600068443,-0.00978565060050284,-0.02036991343332072,0.3197540959072059,0,0,0,7.0967217002206455,7.0967217002206455,8.05012275219105,5.1869330018931805
turn_right,19.14,0.0,0.0,-0.44999999999999996,-0.0390827301647371,0.003094125103917575,0.05889465109341537,-0.41518467909545864,-0.008349001776270175,-0.02281233053762472,0.32056783217380697,0,1,0,5.510794975957209,5.510794975957209,8.060561814660755,1.2462483391908394
turn_right,19.16,0.0,0.0,-0.44999999999999996,-0.027198580268655462,-0.0034090390085555733,0.0607908870985903,-0.41210710171738996,-0.009233288538663068,-0.022766092792260648,0.32181717190347825,0,0,0,5.305249549931515,5.305249549931515,8.112307250275954,0.9344960015763792
turn_right,19.18,0.0,0.0,-0.44999999999999996,-0.026043153323054,-0.005550893575030552,0.04142303934809769,-0.43805816066123837,-0.011754677789690025,-0.021031771556939267,0.32276769984187853,0,0,0,5.631835552641477,5.631835552641477,8.141579188827432,5.377538748613147
turn_right,19.2,0.0,0.0,-0.44999999999999996,-0.04183801576035239,-0.002889078586010631,0.03077303755115111,-0.45629088135267437,-0.014966297832104168,-0.018805157216761913,0.3233499130229006,0,0,0,8.99421070032786,8.99421070032786,8.155708588048533,10.491066118464891
turn_right,19.22,0.0,0.0,-0.44999999999999996,-0.05607939110819301,-0.005445382362014744,0.022202487861004053,-0.4569084630416194,-0.015211911029056295,-0.01639814711912216,0.3237703147222292,0,0,0,8.470596011247197,8.470596011247197,8.126788651526528,11.256318744972672
turn_right,19.240000000000002,0.0,0.0,-0.44999999999999996,-0.06211043630192081,-0.011336880444965391,0.005575140087637823,-0.4303851897488535,-0.012854987171428765,-0.01587024738859778,0.32396983502465293,0,0,0,6.218977195932292,6.218977195932292,8.19627422054262,9.897056854596677
turn_right,19.26,0.0,0.0,-0.44999999999999996,-0.059567921349675854,-0.013745765559587697,-0.011525514132551526,-0.39010900379165026,-0.009290295786972972,-0.018328547205571682,0.3238568108845967,0,0,0,6.968072323137214,6.968072323137214,8.3106375026458,6.770950666562049
turn_right,19.28,0.0,0.0,-0.44999999999999996,-0.05322275681957937,-0.00982064475920094,-0.024423284216641153,-0.3699686028508797,-0.005427366066195801,-0.022308746899617843,0.32347402473587417,0,0,0,7.647287813046767,7.647287813046767,8.428300252804974,4.268172836288277
turn_right,19.3,0.0,0.0,-0.44999999999999996,-0.045257169423835925,-0.000895347694084477,-0.030512315189859907,-0.37632935242479,-0.0015978772939994222,-0.026087916377899964,0.32292972448403884,0,0,0,8.102731843492561,8.102731843492561,8.437348782045166,3.5501100238664662
turn_right,19.32,0.0,0.0,-0.44999999999999996,-0.03769218730410696,0.010023018125560789,-0.031083236751347425,-0.39209293244965937,0.0018090056017384688,-0.028736365836625814,0.32234627288804907,0,0,0,8.308164821285585,8.308164821285585,8.410042606356232,4.769573682368613
turn_right,19.34,0.0,0.0,-0.44999999999999996,-0.030871099531628796,0.01888614980829339,-0.032109162275386224,-0.41856713605385865,0.0032841678956746965,-0.030550939424841043,0.32177264406961126,0,0,0,8.353443745320448,8.353443745320448,8.367464202289767,6.005084282596265
turn_right,19.36,0.0,0.0,-0.44999999999999996,-0.024786516572849363,0.026544986632269223,-0.03380347920518614,-0.43833957568454235,0.0020510787638025785,-0.032349801562418255,0.32120312526021844,0,0,0,8.377265365734091,8.377265365734091,8.32162011957561,7.543750562283317
turn_right,19.38,0.0,0.0,-0.44999999999999996,-0.021717239249991686,0.03411067102925411,-0.0341001991782243,-0.49932295304791985,-0.0031157768619801372,-0.0343829018976304,0.32068442387771945,0,0,0,8.621154736481712,8.621154736481712,8.27393625621976,10.616743828030174
turn_right,19.400000000000002,0.0,0.0,-0.44999999999999996,-0.014073096484858449,0.009614837334926183,0.015271641778879233,-0.40907839688023945,-0.00021102004932433907,-0.02968339861976319,0.320822903794115,0,0,0,6.440870025211091,6.440870025211091,8.227485980872274,6.594877216593122
turn_right,19.42,0.0,0.0,-0.44999999999999996,0.005667721072961526,-0.003544078390786796,-0.020806963996479213,-0.4696153420165311,0.005149133651507882,-0.022355322391596245,0.32082076195044934,0,0,0,4.481443946596137,4.481443946596137,8.245599306255087,3.491425022183928
turn_right,19.44,0.0,0.0,-0.44999999999999996,0.031008847146776528,-0.01660813724394733,-0.10060496408166511,-0.5518158796657149,0.01250316313141534,-0.01415451302346709,0.3196271598496711,0,1,0,4.9185627358638095,4.9185627358638095,8.325105296879123,6.554043389917344
turn_right,19.46,0.0,0.0,-0.44999999999999996,0.02667468409935202,0.00551260038169717,-0.06901274619615849,-0.4772442639828923,0.006592257459950201,-0.009933971319884105,0.317970199196531,0,1,0,6.443451086481825,6.443451086481825,8.32910742405382,4.362839785152365
turn_right,19.48,0.0,0.0,-0.44999999999999996,0.006901137248882119,0.026766805916022398,-0.024193330109399797,-0.45419028922143234,-0.00038867158979874787,-0.010356532692413808,0.3169934810928103,0,0,0,7.331391275125802,7.331391275125802,8.290630274074935,5.895155788326415
turn_right,19.5,0.0,0.0,-0.44999999999999996,-0.01815648869324506,0.042070565277197276,0.01254369445482903,-0.4456978581199156,-0.0065102751385072485,-0.011424953288589309,0.31669481055804877,0,0,0,8.20385043172132,8.20385043172132,8.335465027497428,10.106488795354268
turn_right,19.52,0.0,0.0,-0.44999999999999996,-0.031701891368987226,0.051361163882316596,0.031043021028252932,-0.451956133685601,-0.011209300242427495,-0.012846055252184284,0.31691764595148025,0,0,0,7.964707859966268,7.964707859966268,8.299381777805468,10.120296176252497
turn_right,19.54,0.0,0.0,-0.44999999999999996,-0.039169563143716384,0.05627073272753405,0.044368937393353375,-0.48938471223268987,-0.01613738411836559,-0.013871639030206308,0.3175348480610137,0,0,0,7.998240539359483,7.998240539359483,8.311164608841974,7.761647116964491
turn_right,19.56,0.0,0.0,-0.44999999999999996,-0.04427060278289029,0.059736830320605526,0.05334159162751549,-0.542607725231365,-0.020710927038864305,-0.01362993081485502,0.31845219333732544,0,0,0,7.692691112976279,7.692691112976279,8.282476533397137,4.994989147231505
turn_right,19.580000000000002,0.0,0.0,-0.44999999999999996,-0.04828533611212582,0.06471537769087511,0.04873092834992028,-0.6033619845647443,-0.02441965903612381,-0.012524717318414836,0.3194353625283224,0,0,0,7.468324582105244,7.468324582105244,8.24659501061248,2.303389734562347
turn_right,19.6,0.0,0.0,-0.44999999999999996,-0.04990378809915666,0.06835889189803673,0.03471356772183477,-0.6272578633541838,-0.026710308098925526,-0.010970065081347066,0.32023365113991586,0,0,0,7.32672395661803,7.32672395661803,8.212697974226959,2.334136818800145
turn_right,19.62,0.0,0.0,-0.44999999999999996,-0.04814671352329891,0.06892645106504763,0.014745793582961407,-0.6184935666682179,-0.02797373982560061,-0.008769808665507762,0.32070343581737737,0,0,0,7.309663344426585,7.309663344426585,8.180665483931943,3.214448765488207
turn_right,19.64,0.0,0.0,-0.44999999999999996,-0.040523640925358484,0.06571807864465828,-0.01762934181877626,-0.5807060407750267,-0.028194926646974285,-0.005473964598428658,0.3206494530529499,0,0,0,7.1925950399476015,7.1925950399476015,8.150385913615153,3.027964991710193
turn_right,19.66,0.0,0.0,-0.44999999999999996,-0.030674747768371972,0.06163892078196271,-0.06292670647850267,-0.5201708011732809,-0.02852062279239507,-0.0005810181943976169,0.31983856609668676,0,0,0,6.82783726354003,6.82783726354003,8.121755264168065,3.9736238676344637
turn_right,19.68,0.0,0.0,-0.44999999999999996,-0.04076077592834403,0.02941517102372132,-0.04120792209618672,-0.5289950453985434,-0.020616575831138063,-0.0002575604916649817,0.3188944989312641,0,0,0,6.03246927479861,6.03246927479861,8.165548099758887,6.639781893572474
turn_right,19.7,0.0,0.0,-0.44999999999999996,-0.049622844865192965,-0.009349827547509047,-0.011039313696020146,-0.6087336757746341,-0.009218867523004323,-0.004569136164792072,0.31829358242770545,0,1,0,6.240998811026454,6.240998811026454,8.285880236219459,10.76054936013398
turn_right,19.72,0.0,0.0,-0.44999999999999996,-0.047858921979202385,-0.03400007185983194,0.014294634527834518,-0.6106928032307039,-0.008065516601765115,-0.0028270409355257713,0.3184405842440687,0,0,0,7.490565815951384,7.490565815951384,8.27256267348583,3.7378822027893324
turn_right,19.740000000000002,0.0,0.0,-0.44999999999999996,-0.051326902486284715,-0.04615763857633525,0.01808153335384687,-0.5806453019165786,-0.008324305590206534,-0.0022475971677425434,0.31867798797813657,0,0,0,7.656010312039654,7.656010312039654,8.298964544775487,5.5307266288006955
turn_right,19.76,0.0,0.0,-0.44999999999999996,-0.060835581818004025,-0.04821626519884569,0.03261292633391024,-0.6180883216772423,-0.007017911244717261,-0.0023173152235080995,0.3190532055863175,0,0,0,7.393175956666891,7.393175956666891,8.328332931943415,5.564436674937994
turn_right,19.78,0.0,0.0,-0.44999999999999996,-0.06709722962318446,-0.05135823912242645,0.04059222534840625,-0.6427384297636576,-0.0033932009661235465,-0.0016232895062485806,0.319702079546822,0,0,0,6.888963585708808,6.888963585708808,8.365751341169183,6.135460627474676
turn_right,19.8,0.0,0.0,-0.44999999999999996,-0.06797487528175811,-0.05530517470984672,0.030385396796493915,-0.6194041009416291,0.0011712569433396552,-0.001973187721293726,0.3203413632113248,0,0,0,6.190427039614356,6.190427039614356,8.406788028478672,5.827334786642568
turn_right,19.82,0.0,0.0,-0.44999999999999996,-0.060012856267002535,-0.057423866246912085,0.008082752009942202,-0.5382487986797345,0.00523901909521088,-0.004651473797168851,0.32064900399704904,0,0,0,6.553678646051232,6.553678646051232,8.451824407552571,4.229802747847529
turn_right,19.84,0.0,0.0,-0.44999999999999996,-0.04756977528350104,-0.054540909349747674,-0.01222197397176494,-0.4679289569840806,0.00692698174490789,-0.00825076613100343,0.3205552038559424,0,0,0,7.011644546389874,7.011644546389874,8.478580412207197,2.3034453458470856
turn_right,19.86,0.0,0.0,-0.44999999999999996,-0.032438054410769086,-0.047705968603441985,-0.029365770455670983,-0.42315525954611366,0.005421779993140056,-0.011239427760503663,0.3201141074708001,0,0,0,7.309163786952418,7.309163786952418,8.480860749946427,2.5119356070621883
turn_right,19.88,0.0,0.0,-0.44999999999999996,-0.020408422891894356,-0.04122586534703645,-0.03691758016095727,-0.40532438911546226,0.0013561164696720442,-0.013313783028033115,0.31945671846496254,0,0,0,7.494846792860406,7.494846792860406,8.4790800840455,2.681956328336743
turn_right,19.900000000000002,0.0,0.0,-0.44999999999999996,-0.011209375631425768,-0.03814773100241725,-0.03793372443554901,-0.4004607225946993,-0.0044178917216594555,-0.015118226700808632,0.3187349339970869,0,0,0,7.66905539900622,7.66905539900622,8.475357403312948,3.008128527441623
turn_right,19.92,0.0,0.0,-0.44999999999999996,-0.002637467232812563,-0.03310377556991002,-0.03531648285892038,-0.41750470514158045,-0.01037648227137068,-0.017040273118023985,0.31805947752305574,0,0,0,7.811303687419264,7.811303687419264,8.463866739352191,3.321920342773464
turn_right,19.94,0.0,0.0,-0.44999999999999996,0.006004736578809623,-0.024917226100947015,-0.04178466094471827,-0.41963016259952035,-0.014645137863730947,-0.01848810258441684,0.3173914625702142,0,0,0,7.248471195926983,7.248471195926983,8.445793350225294,3.9444029536727157
turn_right,19.96,0.0,0.0,-0.44999999999999996,0.01693184196342611,-0.03813881759037638,-0.018510094946299602,-0.3212247133003105,-0.003251165632893959,-0.01358564625827128,0.31703193979771643,0,0,0,5.349824357193884,5.349824357193884,8.445017333782612,5.597031655971145
turn_right,19.98,0.0,0.0,-0.44999999999999996,0.025823783623616953,-0.025250453217783922,-0.014292255248245655,-0.33453676482582506,0.009238863891664822,-0.006467342117603058,0.3165511323995615,0,1,0,4.832214063382132,4.832214063382132,8.500238802171843,7.659826190355507
turn_right,20.0,0.0,0.0,-0.44999999999999996,0.028643639439378372,-0.00037180539119276244,0.006424937197527896,-0.3866112116333285,0.0076567213990685525,-0.006674957432300956,0.31650037026304717,0,0,0,5.768883357827865,5.768883357827865,8.518495812869197,3.9090632623052595
turn_right,20.02,0.0,0.0,-0.44999999999999996,0.027077594695911773,0.007467497602301092,-0.01470502614060566,-0.5070888679317235,0.005953890328236707,-0.010653646738994986,0.31646247114032233,0,1,0,6.907248471468986,6.907248471468986,8.469281819548772,6.613768353067699
turn_right,20.04,0.0,0.0,-0.44999999999999996,0.020988526275425003,0.004601860400960435,-0.028984878696906326,-0.594990122877474,0.005634205561224978,-0.015899186508826692,0.31614024572509675,0,0,0,7.944279518132784,7.944279518132784,8.422888129277244,6.124902446977743
turn_right,20.06,0.0,0.0,-0.44999999999999996,0.00857175094141147,-0.0052972189625764944,-0.01664320040223891,-0.6128296851828251,0.01115597994515076,-0.021143672566841708,0.3157212550801388,0,0,0,8.613006286583872,8.613006286583872,8.379133608608942,6.124902446977743
turn_right,20.080000000000002,0.0,0.0,-0.44999999999999996,0.002197968816359558,-0.018085519079125627,-0.00817590103653716,-0.6267529971747382,0.013578108712958233,-0.02505414071371693,0.31542848879096097,0,0,0,9.035794504972792,9.035794504972792,8.493184420802443,3.5944770535857478
turn_right,20.1,0.0,0.0,-0.44999999999999996,-0.003207555732655116,-0.02939771276204391,0.005224934466022046,-0.6388101723753032,0.0130578188238716,-0.026330596263762707,0.3153893623592502,0,0,0,8.82874560278577,8.82874560278577,8.4266273797801,2.3986448535965765
turn_right,20.12,0.0,0.0,-0.44999999999999996,-0.007675727804717496,-0.03606168604703842,0.015315571530763319,-0.6348737132184248,0.010561303633063578,-0.025558466599250877,0.3155992096817084,0,0,0,8.374009536064388,8.374009536064388,8.36100005260051,1.903275900472013
turn_right,20.14,0.0,0.0,-0.44999999999999996,-0.009067433587880109,-0.03939546811972082,0.01761531677173483,-0.6196623753598574,0.00829115737369819,-0.02473646492633425,0.31594512500766364,0,0,0,7.9498746028441145,7.9498746028441145,8.315543642629802,1.7667888324291192
turn_right,20.16,0.0,0.0,-0.44999999999999996,-0.009595472541917146,-0.04158758894730062,0.0148660874965025,-0.5869493579795371,0.008607598362685459,-0.025059210964709654,0.3163068336931846,0,0,0,7.700549011936082,7.700549011936082,8.27782343960893,2.769387558658405
turn_right,20.18,0.0,0.0,-0.44999999999999996,-0.01208395270592342,-0.045363264446034474,0.012034040814795938,-0.5319611002982231,0.012000645940506005,-0.026452929799487126,0.31663950177491684,0,0,0,7.623692346136918,7.623692346136918,8.262464778215666,3.9264097804110496
turn_right,20.2,0.0,0.0,-0.44999999999999996,-0.013692082903082717,-0.04574556414934632,0.02884920310349434,-0.48152209299760956,0.014136342730170972,-0.027134801025095003,0.3170105925057969,0,0,0,7.371935469394448,7.371935469394448,8.250529997679163,4.780263088158829
turn_right,20.22,0.0,0.0,-0.44999999999999996,0.0019243930563924462,-0.0319141293089988,0.03214123735212311,-0.4267301995954937,0.008333514011666394,-0.023941588107364156,0.3176908201654898,0,0,0,6.128777517414026,6.128777517414026,8.241149778127475,3.602639496785681
turn_right,20.240000000000002,0.0,0.0,-0.44999999999999996,0.01863076078357071,-0.011525876872456892,0.02374657856303839,-0.4120280417276704,0.001445683555819191,-0.019212791858555577,0.31817832847631183,0,1,0,5.965421758169433,5.965421758169433,8.276819695295242,4.665343167569068
turn_right,20.26,0.0,0.0,-0.44999999999999996,0.025502705717074022,-0.006340942314048016,0.03652992560216334,-0.4297783613401484,0.004422325382805902,-0.01891372379569664,0.31888117222205986,0,1,0,6.146038898505397,6.146038898505397,8.36029997164571,0.7309096271941589
turn_right,20.28,0.0,0.0,-0.44999999999999996,0.02150353820585281,-0.004529274305087997,0.02072613994863154,-0.47334299209055164,0.006794551813554266,-0.019023677586893585,0.31945476690223784,0,0,0,6.478676336700782,6.478676336700782,8.354367814099785,2.8404305036915547
turn_right,20.3,0.0,0.0,-0.44999999999999996,-0.000685972534365247,-0.004104752921466589,0.025269722966800107,-0.5118379289103479,0.004562469733124681,-0.016490666906567572,0.3198307335186824,0,0,0,6.423910655227895,6.423910655227895,8.314476712923138,7.040339870166027
turn_right,20.32,0.0,0.0,-0.44999999999999996,-0.023840323551915888,-0.009298073876871947,0.0357884321530086,-0.5420485853995913,0.002041721645370873,-0.012219058134354515,0.320410337375737,0,0,0,6.618348500392548,6.618348500392548,8.276815983815915,8.001144376863742
turn_right,20.34,0.0,0.0,-0.44999999999999996,-0.04061009927437003,-0.01760869242253304,0.03397758150326229,-0.5507177481750307,0.0017127207582875216,-0.008737630789525332,0.32109893713847654,0,0,0,6.362732078860021,6.362732078860021,8.289880763675356,7.45603388243269
turn_right,20.36,0.0,0.0,-0.44999999999999996,-0.04876429068836204,-0.02524428575936964,0.02142917886658121,-0.5185522299845379,0.003957552166027735,-0.008299815043672859,0.32164978326158644,0,0,0,6.373430594004828,6.373430594004828,8.295049504178277,5.125801554987313
turn_right,20.38,0.0,0.0,-0.44999999999999996,-0.04716041756190308,-0.026645700972880784,0.00548959588091986,-0.454758965395893,0.007695124553897792,-0.011006104472025808,0.321905717162818,0,0,0,7.439111030398421,7.439111030398421,8.287905353386357,3.3104172898876527
turn_right,20.400000000000002,0.0,0.0,-0.44999999999999996,-0.03771654964234726,-0.02291172520461351,-0.011195110019126058,-0.37664618595016564,0.011458000197076663,-0.01543776756201875,0.3218409077729912,0,0,0,8.34473361143826,8.34473361143826,8.260402291318453,2.5482721685365957
turn_right,20.42,0.0,0.0,-0.44999999999999996,-0.024394745981915038,-0.0158407594020465,-0.02340808023629913,-0.3251866485084195,0.013554648130131762,-0.020103514631283306,0.32149829483651265,0,0,0,8.972085410808488,8.972085410808488,8.225742935060996,3.343459302297029
turn_right,20.44,0.0,0.0,-0.44999999999999996,-0.012260997826766786,-0.006169938234910012,-0.029089386578095084,-0.3029213315017626,0.01253506034088997,-0.024044896717483874,0.3210113639462918,0,0,0,9.290913338323397,9.290913338323397,8.163704206225038,4.2392497701834
turn_right,20.46,0.0,0.0,-0.44999999999999996,-0.0023800700391326843,0.0051542358037152,-0.03328819069621758,-0.3345911302797664,0.00992243435168202,-0.027211703297583604,0.32044644557843294,0,0,0,9.296795526509978,9.296795526509978,8.08226254670124,5.02491995856788
turn_right,20.48,0.0,0.0,-0.44999999999999996,0.002222029284597091,0.015445770339105432,-0.03437964071526064,-0.4174354803930581,0.00589465172680368,-0.029464839638998378,0.3198701409083759,0,0,0,8.848021143572437,8.848021143572437,7.997821555803625,6.569339296027225
turn_right,20.5,0.0,0.0,-0.44999999999999996,-0.0015253065378373622,0.01680949667757033,-0.008692377685576085,-0.4395856968948257,0.0033702499324394907,-0.02999840393649723,0.3193799461138531,0,0,0,8.250277039269822,8.250277039269822,7.9275763845956,9.110465394230578
turn_right,20.52,0.0,0.0,-0.44999999999999996,0.008430266280048997,-0.0020843977348429517,0.0007067143686470157,-0.5217634811199107,0.015026116935015797,-0.022533662079942087,0.3195420022889309,0,1,0,5.79846108326883,5.79846108326883,7.880070857712031,4.456051863666952
turn_right,20.54,0.0,0.0,-0.44999999999999996,0.004146418462824428,0.00783330075084053,0.03423465922264555,-0.5518099402109526,0.01335780382879758,-0.018374402925160897,0.3200305659105068,0,1,0,5.34937798153496,5.34937798153496,7.923103931591555,3.3463549558399475
turn_right,20.56,0.0,0.0,-0.44999999999999996,-0.003850219829364912,0.014389834274429702,0.01757865353604564,-0.5352756416446428,0.008188320972416436,-0.017874384066163138,0.3205664300102593,0,0,0,6.159335843541205,6.159335843541205,7.951304496941162,1.805942759068767
turn_right,20.580000000000002,0.0,0.0,-0.44999999999999996,-0.020336489888617984,0.013941641814937658,0.001402416910428893,-0.5847771516119118,0.0021231321310807203,-0.018580581719038265,0.32055791915743365,0,0,0,9.906552835634935,9.906552835634935,7.933321350588457,10.834380690931292
turn_right,20.6,0.0,0.0,-0.44999999999999996,-0.027543663804371937,0.015310371622423508,-0.011295807313953122,-0.6656366589040277,-0.005427734420872133,-0.019402905451986672,0.32007596748934225,0,0,0,13.908799680517559,13.908799680517559,7.922302746310436,15.785998170346128
turn_right,20.62,0.0,0.0,-0.44999999999999996,-0.027664247233222174,0.016629180670566956,-0.011582835842655187,-0.7036643296075091,-0.013526376338664872,-0.019229257073686005,0.3194932446299867,0,0,0,11.925142709176994,11.925142709176994,8.044695117739131,15.72104572057591
turn_right,20.64,0.0,0.0,-0.44999999999999996,-0.027557453499174267,0.018976728998010138,-0.002294380296054492,-0.7116762414302802,-0.021349859474099734,-0.017162270151346217,0.31914110688683095,0,0,0,8.866804518308664,8.866804518308664,8.176560143756447,13.006351288518625
turn_right,20.66,0.0,0.0,-0.44999999999999996,-0.029163632061187186,0.024052666432174366,0.011911272775366542,-0.7147598245640181,-0.028144743274839654,-0.013708037724524483,0.3191519908852953,0,0,0,8.534342765525574,8.534342765525574,8.285236437704306,7.655988056733204
turn_right,20.68,0.0,0.0,-0.44999999999999996,-0.03244809765879635,0.032218690663228376,0.01991614001595892,-0.7211259599294177,-0.03334839862106465,-0.010348282727536205,0.3194528672222437,0,0,0,8.055099842504001,8.055099842504001,8.30661574190983,4.103452014012884
turn_right,20.7,0.0,0.0,-0.44999999999999996,-0.035820283401142766,0.04067663696692255,0.022649784708478383,-0.7024433730140227,-0.036926956789072984,-0.008210616134406459,0.31988324521099154,0,0,0,7.7567958196678015,7.7567958196678015,8.273853378757387,2.375592479824849
turn_right,20.72,0.0,0.0,-0.44999999999999996,-0.0396744848702024,0.04686809860570539,0.01934003021491018,-0.6379804885991488,-0.038452536886834324,-0.007139901356311515,0.3203106702545251,0,0,0,7.667322961756963,7.667322961756963,8.238449787781718,3.9787160152748604
turn_right,20.740000000000002,0.0,0.0,-0.44999999999999996,-0.043867571878596565,0.05099081170188841,0.0070138970125347795,-0.5452493650815824,-0.03823376627798201,-0.006086971792882991,0.3206030095387357,0,0,0,7.595056639133173,7.595056639133173,8.206882289310617,5.354773703331847
turn_right,20.76,0.0,0.0,-0.44999999999999996,-0.04508266805807986,0.053126907932332455,-0.012009060261297125,-0.4429749666200902,-0.03753728929839526,-0.004748746930507786,0.32060020590309335,0,0,0,7.608176669735095,7.608176669735095,8.261089571269707,7.281779521312886
turn_right,20.78,0.0,0.0,-0.44999999999999996,-0.045627375916672264,0.053423682124870656,-0.04312137154627887,-0.33669758955728757,-0.03729449919186299,-0.0029903456955338342,0.32017245885535633,0,0,0,9.385132939819647,9.385132939819647,8.34017333508639,11.510383177083467
turn_right,20.8,0.0,0.0,-0.44999999999999996,-0.06089406156199928,0.04359105990089161,-0.05700490264745485,-0.2643286475437344,-0.03532298939652222,-0.0019971462061786067,0.3192239817891022,0,0,0,14.781706487775663,14.0,8.340406947775598,16.44958053503908
turn_right,20.82,0.0,0.0,-0.44999999999999996,-0.0759230458687808,0.02844932386152053,0.008987698955089182,-0.3365254253305492,-0.032140543554544675,-0.0026721548158066557,0.31908052607076715,0,1,0,5.487576563487668,5.487576563487668,7.9870748234460685,16.785809092752796
turn_right,20.84,0.0,0.0,-0.44999999999999996,-0.08453781633835177,0.014442258160465822,0.02963720666050925,-0.39333495655562223,-0.0322851450311369,-0.002176628752360311,0.3195028327340594,0,0,0,7.103603612138529,7.103603612138529,8.074180043893929,3.271416165408236
turn_right,20.86,0.0,0.0,-0.44999999999999996,-0.09795994711741712,0.013358576143063877,0.030440153115737736,-0.48199725009244554,-0.03424327832542587,-0.0020979122711918138,0.3200034941283341,0,0,0,7.120470984619646,7.120470984619646,8.165057959173058,6.314316391068413
turn_right,20.88,0.0,0.0,-0.44999999999999996,-0.11269050584126306,0.011877161420746993,0.029591390369202025,-0.5534036341466189,-0.03263757205175692,-0.0015322739930099729,0.32057391308705807,0,0,0,7.07747832994181,7.07747832994181,8.24050459769542,7.149697238782471
turn_right,20.900000000000002,0.0,0.0,-0.44999999999999996,-0.12046753744936897,0.005875095390114657,0.016928327201747077,-0.5861482465437162,-0.027853268109351483,-0.003469215353888724,0.3210075591015035,0,0,0,6.701479495501003,6.701479495501003,8.326919209776428,6.444576098251245
turn_right,20.92,0.0,0.0,-0.44999999999999996,-0.12067903734923818,0.0015622866795803494,-0.0010324892590124319,-0.5640670527927333,-0.024176594445969507,-0.009276141149352279,0.3211327390424681,0,0,0,6.1425701851111345,6.1425701851111345,8.413179360837628,4.3963530029821625
turn_right,20.94,0.0,0.0,-0.44999999999999996,-0.11604289471870051,0.0038601367295614366,-0.014142904413005496,-0.5452088575817842,-0.02425688713956698,-0.01710237274010636,0.3209556198533062,0,0,0,6.215678713841468,6.215678713841468,8.48243666442001,3.143031812703204
turn_right,20.96,0.0,0.0,-0.44999999999999996,-0.10760663669762194,0.012666010092836005,-0.022869668156436575,-0.5338196518824841,-0.028279438307644948,-0.02514833952954944,0.3205548284681534,0,0,0,6.671591228484858,6.671591228484858,8.53044935448667,3.488577561883038
turn_right,20.98,0.0,0.0,-0.44999999999999996,-0.09889631572883947,0.024918792251531544,-0.028259155869830754,-0.5409405613248712,-0.03470186260300031,-0.03222008493387693,0.32002275574009553,0,0,0,6.939391630917728,6.939391630917728,8.557556967295259,4.482562757338086
turn_right,21.0,0.0,0.0,-0.44999999999999996,-0.09172440832318765,0.040495928728870104,-0.03363350403447249,-0.5412571871307402,-0.0415042956731317,-0.03837912858653806,0.3193929521095121,0,0,0,7.168660704348966,7.168660704348966,8.572443655024298,5.871534733150723
forward_left,21.02,0.30000000000000004,0.15000000000000002,0.0,-0.08616202200766311,0.039159398000564824,-0.002342837020946265,-0.43394025424259725,-0.044005045255643686,-0.041428273552245036,0.318852394194884,0,0,0,6.952471263391652,6.952471263391652,8.577974464485777,6.577247458346465
forward_left,21.04,0.30000000000000004,0.15000000000000002,0.0,-0.06818008410779652,0.014889510093044189,0.022362007623528725,-0.324683248604771,-0.035471362749396,-0.03587829209285582,0.31908185864650634,0,0,0,5.933518409982511,5.933518409982511,8.574689642608096,3.6052332247230243
forward_left,21.06,0.30000000000000004,0.15000000000000002,0.0,-0.036329189413638704,-0.009454541526385467,0.006004641872631709,-0.2713955780714637,-0.024573555942954864,-0.027685360205701982,0.31941353021484226,0,0,0,5.193230654104452,5.193230654104452,8.6148122736417,3.8700595694145514
forward_left,21.080000000000002,0.30000000000000004,0.15000000000000002,0.0,0.0030560093343095385,-0.02195837541951985,-0.03781546950204013,-0.25169890564433905,-0.017115534544321683,-0.020732656588685828,0.31897324015236483,0,1,0,5.311621975356425,5.311621975356425,8.65423808067261,4.673650128215235
forward_left,21.1,0.30000000000000004,0.15000000000000002,0.0,0.049570705034536075,-0.02145366306781824,-0.041294938040323234,-0.18767014197995238,-0.02269600801958635,-0.019405982253793568,0.31817973138585787,0,1,0,6.6312190742185,6.6312190742185,8.623597281068431,3.718534994769005
forward_left,21.12,0.30000000000000004,0.15000000000000002,0.0,0.09415975981794142,-0.026092141642290824,-0.05468913509180767,-0.19503236000825283,-0.026510470458053506,-0.017648488118189636,0.31728005926077657,0,1,0,7.270982357493767,7.270982357493767,8.568288445931984,3.2713430123713545
forward_left,21.14,0.30000000000000004,0.15000000000000002,0.0,0.12058800242998156,-0.02590572531989869,-0.04943111541258743,-0.3011071281529942,-0.02716729695089148,-0.013045186592607335,0.3162020226440627,0,0,0,8.962900600733152,8.962900600733152,8.51619920432476,9.162313433403167
forward_left,21.16,0.30000000000000004,0.15000000000000002,0.0,0.1349422960080911,-0.011014430588976845,-0.05423909363304489,-0.4030555124962907,-0.026552425310262626,-0.005511175246307765,0.315068954595486,0,0,0,8.072227414132362,8.072227414132362,8.467117297965618,13.989473847513807
forward_left,21.18,0.30000000000000004,0.15000000000000002,0.0,0.1548374020520503,0.0039814624906086525,-0.05489488697417372,-0.31470326957397904,-0.025376979829273307,-0.0016439464160602733,0.31393361962261745,0,0,0,8.42301472044161,8.42301472044161,8.420847159928073,5.718575214138414
forward_left,21.2,0.30000000000000004,0.15000000000000002,0.0,0.17403399435095995,0.013049619695575259,-0.029467223935866597,-0.1771035992370439,-0.02144801569658915,-0.004044716147442844,0.31306548213812274,0,0,0,8.038434588953413,8.038434588953413,8.377208309171294,4.8604853443014715
forward_left,21.22,0.30000000000000004,0.15000000000000002,0.0,0.19389081052956653,0.015316643249565607,0.007847128316698725,-0.03817421565506734,-0.016582854742394428,-0.008949323369559836,0.3128976962699733,0,0,0,7.940206459588462,7.940206459588462,8.336033931513978,3.3333365089096163
forward_left,21.240000000000002,0.30000000000000004,0.15000000000000002,0.0,0.21067587489306083,0.01646137203039513,0.03496206961835219,0.040536458909993224,-0.010977574147709585,-0.013511287498872745,0.3134388861779689,0,0,0,7.365778455391828,7.365778455391828,8.297169621710292,2.06038246905902
forward_left,21.26,0.30000000000000004,0.15000000000000002,0.0,0.23132977629648876,0.014541951626696631,0.03968536056618145,0.11486155672585131,-0.004443768106482926,-0.017592336526446768,0.31432651615380636,0,0,0,6.47850182016223,6.47850182016223,8.289645100135079,1.779900337635435
forward_left,21.28,0.30000000000000004,0.15000000000000002,0.0,0.25225866598073676,0.009346462843057537,0.024773802196860324,0.18293113261177496,0.0031215580613749914,-0.021000511359525843,0.31511855975787806,0,0,0,5.648047281773005,5.648047281773005,8.313916731654608,2.473779337535327
forward_left,21.3,0.30000000000000004,0.15000000000000002,0.0,0.2726751166341339,0.004027463867671825,-0.0022442527626727196,0.26011821558312415,0.0109031803583333,-0.023508639930160356,0.31547080455432414,0,0,0,5.379887063895038,5.379887063895038,8.366959526214778,2.615142157511589
forward_left,21.32,0.30000000000000004,0.15000000000000002,0.0,0.28168287851827606,0.014694927939979471,-0.004667698803439455,0.2814679351645972,0.015445631873680522,-0.023961160168744593,0.31541237060597405,0,0,0,5.261768026548989,5.261768026548989,8.440950960787603,3.0707706375877057
forward_left,21.34,0.30000000000000004,0.15000000000000002,0.0,0.28733904446676506,0.05840588818317189,-0.002209210594995927,0.24051676183770762,0.010139494052467527,-0.019509927285301803,0.3155590524444753,0,0,0,5.966201506364865,5.966201506364865,8.529707002993277,3.430359697050956
forward_left,21.36,0.30000000000000004,0.15000000000000002,0.0,0.2837067952269213,0.11474854503452286,-0.018502001320878706,0.23672974185482992,-0.0013201073197508146,-0.012885157111774596,0.31543394724762597,0,0,0,7.031073212312093,7.031073212312093,8.498008922956696,3.733030593196396
forward_left,21.38,0.30000000000000004,0.15000000000000002,0.0,0.2667614767515808,0.1562842526092677,-0.023657185711335606,0.27395269906874675,-0.010846336110194909,-0.004727721865394666,0.3148788197866504,0,1,0,6.634632260472204,6.634632260472204,8.449971565401881,5.158112126146623
forward_left,21.400000000000002,0.30000000000000004,0.15000000000000002,0.0,0.23231782301393405,0.16475014453688722,-0.004650031831061534,0.21483220020958924,-0.00393777821987837,-0.0044246772894500665,0.31481770211321286,0,0,0,9.018770325291193,9.018770325291193,8.404678661204944,10.242199086557601
forward_left,21.42,0.30000000000000004,0.15000000000000002,0.0,0.21740598098157093,0.160614632745799,-0.0018388350212285658,0.003217979802636651,0.0016937521573747814,-0.008954996304001338,0.3147912970454173,0,0,0,9.233834301989734,9.233834301989734,8.361954855697668,12.660936151450151
forward_left,21.44,0.30000000000000004,0.15000000000000002,0.0,0.22940493307018506,0.15635046257268445,-0.0019063423849093367,-0.07461183301939106,0.005935895092913638,-0.0205195941172436,0.3147332624423406,0,0,0,13.84931712786949,13.84931712786949,8.294710834545459,16.807604664034873
forward_left,21.46,0.30000000000000004,0.15000000000000002,0.0,0.24962530111470868,0.15541378247630336,0.009962430119135236,-0.06957055032224098,0.009833979840082323,-0.034852850731421726,0.3148798377679273,0,0,0,11.430072076303727,11.430072076303727,8.24514313501657,16.089602508919086
forward_left,21.48,0.30000000000000004,0.15000000000000002,0.0,0.25970343788786215,0.16005313199752716,0.03814539712890767,-0.06831369263394135,0.009233711231156181,-0.04585397119475925,0.31563094493497856,0,0,0,10.597876543766024,10.597876543766024,8.065495560260104,8.73768688389427
forward_left,21.5,0.30000000000000004,0.15000000000000002,0.0,0.2580236583407651,0.16394596007935108,0.05502890700182912,-0.08624790117617301,0.006002542628865124,-0.05212798560437552,0.3169305128415154,0,0,0,9.070712693186346,9.070712693186346,7.8915965020996275,3.806158758210773
forward_left,21.52,0.30000000000000004,0.15000000000000002,0.0,0.25879460049787284,0.1638662462469116,0.038742332056979495,-0.0744315295046101,0.0029253499606955867,-0.05628949147124339,0.31822087828585727,0,0,0,7.6382782826532685,7.6382782826532685,7.798503188826775,2.4296324130186004
forward_left,21.54,0.30000000000000004,0.15000000000000002,0.0,0.2639700891855122,0.1658243737070504,-0.003825789664520532,-0.041748479832930056,-0.0011295659714874924,-0.05988277735750506,0.3189093330300806,0,0,0,6.873183109643815,6.873183109643815,7.779976450038276,3.4630472778186148
forward_left,21.56,0.30000000000000004,0.15000000000000002,0.0,0.27039629832459966,0.1723182387811841,-0.05658074002364288,-0.0017268922475360826,-0.009029163570889329,-0.06136077103716308,0.3186304033828887,0,0,0,6.594884801973687,6.594884801973687,7.775719666259565,4.692155578392364
forward_left,21.580000000000002,0.30000000000000004,0.15000000000000002,0.0,0.2765793504409561,0.16378322998368008,-0.07016346715911116,0.15284579704029377,-0.010392645882991072,-0.055157652690420195,0.3176468938999035,0,0,0,6.054276023578158,6.054276023578158,7.803890059490779,2.5889486163304882
forward_left,21.6,0.30000000000000004,0.15000000000000002,0.0,0.30545515520972927,0.15318536360959503,-0.10715643694648956,0.1727430424702033,-0.004763877597818049,-0.04088204819047253,0.3161081769183935,0,0,0,5.525494820391826,5.525494820391826,7.84477478793702,2.9267993175882703
forward_left,21.62,0.30000000000000004,0.15000000000000002,0.0,0.3309453087477107,0.13802643707018702,-0.12642921056517004,0.10685522525769969,0.0005087840983545682,-0.022118066930878096,0.3137501200998083,0,1,0,6.968242048077493,6.968242048077493,7.909222548444006,3.517819308635075
forward_left,21.64,0.30000000000000004,0.15000000000000002,0.0,0.3221247367776778,0.14052682160886565,-0.0489518923010576,0.1245014224515649,-0.009257985320894372,-0.0100827977635057,0.31222831425277286,0,1,0,7.508424589315908,7.508424589315908,7.990536627622152,3.1468646747248004
forward_left,21.66,0.30000000000000004,0.15000000000000002,0.0,0.2946352588365121,0.1480411948684593,-0.012860527693789509,0.0954591284735374,-0.018626612663156294,-0.0033750148753199107,0.3116441304916099,0,0,0,8.016803003178806,8.016803003178806,7.970481678072673,4.216940657916741
forward_left,21.68,0.30000000000000004,0.15000000000000002,0.0,0.2852517647380346,0.16012728738227358,-0.006866988456815003,0.0761231533856556,-0.02340316457930737,-0.0019669713234286464,0.3112848563405102,0,0,0,8.860921924674097,8.860921924674097,7.951487420308318,5.6376483342764745
forward_left,21.7,0.30000000000000004,0.15000000000000002,0.0,0.29289854309219404,0.15990806939494764,0.0014870983383035905,0.05932061369178035,-0.025483645765718068,-0.007574690829821535,0.31107970473501406,0,0,0,9.77888089075077,9.77888089075077,8.045979046776264,6.179958152337334
forward_left,21.72,0.30000000000000004,0.15000000000000002,0.0,0.295182994279982,0.15274236822644624,0.02303553192947532,0.06376826395588478,-0.026623289967303215,-0.014501589011343378,0.3112760952954869,0,0,0,9.916415992987806,9.916415992987806,8.14904807031721,5.184593465466392
forward_left,21.740000000000002,0.30000000000000004,0.15000000000000002,0.0,0.2933156241822071,0.14536919653550975,0.045884167816613704,0.05633707085188336,-0.028247340327058654,-0.018800778532378222,0.31202393295894426,0,0,0,9.255468579537714,9.255468579537714,8.138784774951223,3.436863558422688
forward_left,21.76,0.30000000000000004,0.15000000000000002,0.0,0.29364836823204465,0.14208028589481475,0.05067940647608322,0.0342449387050441,-0.032075024708149914,-0.020061743076259186,0.3130970206628679,0,0,0,8.291867787496493,8.291867787496493,8.04778817464014,2.6058260973296017
forward_left,21.78,0.30000000000000004,0.15000000000000002,0.0,0.29887243387921464,0.13919857936231272,0.0358547372213902,0.011997282954713327,-0.03724156976549445,-0.01929990701786375,0.31404382491156285,0,0,0,7.471162172682274,7.471162172682274,8.001939428354127,2.686157378402627
forward_left,21.8,0.30000000000000004,0.15000000000000002,0.0,0.3104946478385554,0.13734585692573506,0.005700542568584631,0.003983592241715891,-0.040890203656353576,-0.0167154218861654,0.3144799731451337,0,0,0,6.980866842947614,6.980866842947614,7.981279885891986,2.572875486398538
forward_left,21.82,0.30000000000000004,0.15000000000000002,0.0,0.3255115094632781,0.13898490513875408,-0.02350785185611215,0.03353012121702739,-0.042800565630770684,-0.0126220258788895,0.3142515082768744,0,0,0,6.736232574074589,6.736232574074589,7.995701139738891,3.150399560311416
forward_left,21.84,0.30000000000000004,0.15000000000000002,0.0,0.3366231238439801,0.14866860796151501,-0.03558531204299969,0.11673519133039513,-0.044080925449673555,-0.007657779404410966,0.31359573085192055,0,0,0,6.545714610805565,6.545714610805565,8.021531298721925,3.635393554169251
forward_left,21.86,0.30000000000000004,0.15000000000000002,0.0,0.34040879834032284,0.17650693698833747,-0.01639518822113696,0.1787032473081194,-0.05155051786691161,0.0002110539264766285,0.3130129033706743,0,0,0,5.196213486500072,5.196213486500072,8.052823782671627,4.13322978051015
forward_left,21.88,0.30000000000000004,0.15000000000000002,0.0,0.3172783044768959,0.17314162796372165,0.06517665277870623,0.1142207812411466,-0.04976818583509443,0.004747035147314444,0.3133079370924131,0,1,0,6.490575528521098,6.490575528521098,8.112778437817092,2.6909230529409216
forward_left,21.900000000000002,0.30000000000000004,0.15000000000000002,0.0,0.28836518377221826,0.1589182113770123,0.09188475987082456,0.012190683863470919,-0.04348878149268637,0.002623570177930081,0.3148966450947791,0,1,0,6.4896383978038665,6.4896383978038665,8.098254129106525,2.201827501972531
forward_left,21.92,0.30000000000000004,0.15000000000000002,0.0,0.2639763917518863,0.13540239602754234,0.05567350114596155,0.016443037209147103,-0.03815449886292311,-0.0016726059992001954,0.3163274645754089,0,0,0,9.283635829815475,9.283635829815475,8.098449967980645,11.139124840107726
forward_left,21.94,0.30000000000000004,0.15000000000000002,0.0,0.26745218001832394,0.12158546283329043,0.02405578761768543,0.18552165493186623,-0.024903167817905407,-0.010620587024834469,0.3171011263562339,0,0,0,13.686324913996694,13.686324913996694,8.100206922352019,16.38729054814611
forward_left,21.96,0.30000000000000004,0.15000000000000002,0.0,0.2794139277186941,0.12422493159324657,0.017796089237915626,0.2751625203814153,-0.013779815201441292,-0.023130038762331037,0.31759173803301033,0,0,0,10.501255696386577,10.501255696386577,8.07429163279524,16.316416214943985
forward_left,21.98,0.30000000000000004,0.15000000000000002,0.0,0.28068405697359555,0.1332253147698515,0.041674233303903546,0.29568551936353593,-0.012148542288530203,-0.03541201358659856,0.31838668961321137,0,0,0,9.861102806824402,9.861102806824402,7.98888677675561,11.516822070735675
forward_left,22.0,0.30000000000000004,0.15000000000000002,0.0,0.27326272333272095,0.13946637086390723,0.07009568488218197,0.2862736677288619,-0.016497208651045384,-0.044785088341237206,0.31981307062923514,0,0,0,8.86210987057274,8.86210987057274,7.875560775943061,6.144848296867552
forward_left,22.02,0.30000000000000004,0.15000000000000002,0.0,0.2636609065545824,0.14046303077620853,0.0750301740564416,0.2971992963998008,-0.02110647664480235,-0.052189747140215154,0.32158120802568524,0,0,0,7.663887882627909,7.663887882627909,7.8019462690533,5.5261093458579875
forward_left,22.04,0.30000000000000004,0.15000000000000002,0.0,0.2569030260246413,0.14210499535387555,0.053166226329344854,0.3138963273500424,-0.024103520008661842,-0.058622933372045466,0.3231506152945874,0,0,0,6.929624560555389,6.929624560555389,7.783410962688631,4.006225985355804
forward_left,22.06,0.30000000000000004,0.15000000000000002,0.0,0.2547264126844973,0.1472489568709747,0.019575828164377022,0.3202906082503337,-0.02750978859846277,-0.06394987316014314,0.324159848140725,0,0,0,6.597717705462079,6.597717705462079,7.799567766029327,3.790793293955546
forward_left,22.080000000000002,0.30000000000000004,0.15000000000000002,0.0,0.2568403020383804,0.15795474949608498,-0.018148422111383285,0.28599351740395845,-0.03259345833393525,-0.06724748467173197,0.32444044724950877,0,0,0,6.489092265137664,6.489092265137664,7.829154920569664,4.6342969902723095
forward_left,22.1,0.30000000000000004,0.15000000000000002,0.0,0.25866422773993386,0.17245255803997475,-0.059387914763130406,0.23615505189625216,-0.039840777410876056,-0.06695541686284341,0.32392296451128905,0,0,0,5.873535948921359,5.873535948921359,7.863275641164211,6.453093763380897
forward_left,22.12,0.30000000000000004,0.15000000000000002,0.0,0.27225100314244766,0.1662218241343835,-0.0858332387275482,0.1942413761161624,-0.036420469235356676,-0.05966758724905867,0.32284068373066666,0,0,0,7.643997758930709,7.643997758930709,7.913588339828856,9.201384704515975
forward_left,22.14,0.30000000000000004,0.15000000000000002,0.0,0.2918835340792326,0.1448320376737838,-0.14903989640439097,0.0946853882544592,-0.025787204213783776,-0.04836216991685485,0.32084723901242745,0,0,0,13.348199574404395,13.348199574404395,7.9293133554527735,14.314371821841203
forward_left,22.16,0.30000000000000004,0.15000000000000002,0.0,0.283236743819632,0.1216139850969819,-0.15682305614569425,-0.025599620591541545,-0.014902319267059063,-0.03495786932284275,0.3177849857196772,0,1,0,9.7856032073242,9.7856032073242,7.912485895581305,15.47834195612306
forward_left,22.18,0.30000000000000004,0.15000000000000002,0.0,0.25191568906955353,0.10779361340398863,-0.08287806121151704,-0.12380305698527079,-0.022481842773977634,-0.02910599627570046,0.3157215215741219,0,1,0,8.651342709667055,8.651342709667055,7.896540028813327,5.032176385032598
forward_left,22.2,0.30000000000000004,0.15000000000000002,0.0,0.22262223629896014,0.10384373867817717,-0.06342129761615238,-0.10727040903038516,-0.026471474833089835,-0.02480926991759435,0.31442421790737635,0,0,0,8.706575818655173,8.706575818655173,7.848981935105861,8.95841985349584
forward_left,22.22,0.30000000000000004,0.15000000000000002,0.0,0.22264192060372906,0.11214941465189542,-0.03986670578283598,0.03486484118794956,-0.02373427400808068,-0.02597666211385689,0.31344331758220007,0,0,0,9.419878297069456,9.419878297069456,7.7959858478136645,8.95841985349584
forward_left,22.240000000000002,0.30000000000000004,0.15000000000000002,0.0,0.23043610788573404,0.11084538925770276,-0.00990731599612766,0.12947471669152294,-0.022018608862433904,-0.03251510769783414,0.3131042855879081,0,0,0,9.625055168809277,9.625055168809277,7.724782559114775,6.997232412286262
forward_left,22.26,0.30000000000000004,0.15000000000000002,0.0,0.2305886922796362,0.10426238268041835,0.018818907571676653,0.1850267416294394,-0.021291021555678847,-0.03812019728330013,0.31340020825734394,0,0,0,9.172195801658132,9.172195801658132,7.628416260272328,4.018729558181387
forward_left,22.28,0.30000000000000004,0.15000000000000002,0.0,0.22331791803053044,0.09989827781166906,0.03544912732573499,0.2061199588395234,-0.022073724887720112,-0.04043711565868573,0.3141767270428435,0,0,0,8.330101016195803,8.330101016195803,7.5477101788624665,3.1881946270467143
forward_left,22.3,0.30000000000000004,0.15000000000000002,0.0,0.21496265978946616,0.09888639477208677,0.032857241228520954,0.20575511804311478,-0.024530851449818005,-0.040121717809597834,0.3150708494995376,0,0,0,7.340802495775044,7.340802495775044,7.504472938084021,2.6795821795712937
forward_left,22.32,0.30000000000000004,0.15000000000000002,0.0,0.2130096973999047,0.09933150538520251,0.010474644971136452,0.18677964077491946,-0.027807617060496195,-0.03834281220325046,0.3156637631916856,0,0,0,6.689054103722705,6.689054103722705,7.503822748829542,2.3782712889271362
forward_left,22.34,0.30000000000000004,0.15000000000000002,0.0,0.2178432837339495,0.09888865124744978,-0.02472186419883542,0.1723316886424069,-0.031330384547585265,-0.035383359838156735,0.31563375433212243,0,0,0,6.577875040581263,6.577875040581263,7.508570290658561,2.990248995842931
forward_left,22.36,0.30000000000000004,0.15000000000000002,0.0,0.22663678068224183,0.0996886899268205,-0.05163667218947112,0.18688003540278278,-0.03496330614870765,-0.031131867465398304,0.31495696454718775,0,0,0,6.716616437359789,6.716616437359789,7.54608560382902,3.6473917917058762
forward_left,22.38,0.30000000000000004,0.15000000000000002,0.0,0.2340555639373011,0.10980624641634552,-0.04595055714809482,0.19464658287149939,-0.041041751223152616,-0.024503878882480318,0.3139559457093602,0,0,0,6.695983771708779,6.695983771708779,7.579192778904062,3.858703011284206
forward_left,22.400000000000002,0.30000000000000004,0.15000000000000002,0.0,0.24327464346613023,0.12003420378877519,0.012555704915197502,0.2016940593852266,-0.0468746508331184,-0.016392120295928583,0.3134617816522382,0,1,0,5.928381226735828,5.928381226735828,7.606248936929937,4.03966793794627
forward_left,22.42,0.30000000000000004,0.15000000000000002,0.0,0.245255202103498,0.11271107365233997,0.08366774314644863,0.0914385370788128,-0.04036097689378517,-0.015833409430168206,0.31460677645732643,0,1,0,6.6628966114512815,6.6628966114512815,7.657270971457223,1.218148969973636
forward_left,22.44,0.30000000000000004,0.15000000000000002,0.0,0.2476460821820663,0.10822800212705172,0.08171948054994733,0.04007200537793619,-0.03427503259280142,-0.017312233568027607,0.3163144130221885,0,0,0,6.481644801575763,6.481644801575763,7.735190615702216,3.8488244397966347
forward_left,22.46,0.30000000000000004,0.15000000000000002,0.0,0.2432664900642416,0.11179846778834042,0.051567204628347185,0.14389325646363965,-0.02906011101634176,-0.019646867607232534,0.3175471032938801,0,0,0,10.927223545371666,10.927223545371666,7.7665116491717505,13.792062172161899
forward_left,22.48,0.30000000000000004,0.15000000000000002,0.0,0.23639712471743432,0.1211431532614123,0.005623381971860743,0.1776499091601221,-0.021949808586377222,-0.024361060877781594,0.3179005040396088,0,0,0,13.449691351120048,13.449691351120048,7.774836626226723,16.408662438289177
forward_left,22.5,0.30000000000000004,0.15000000000000002,0.0,0.25529112083461986,0.12684173754061975,-0.023668176733276328,0.2033753831538961,-0.011844262863531683,-0.031751790201294025,0.317566090676027,0,0,0,13.804337117724652,13.804337117724652,7.766013859204591,16.93300824433518
forward_left,22.52,0.30000000000000004,0.15000000000000002,0.0,0.2793435773811655,0.13348066377383133,-0.02532735517489404,0.19602061788216005,-0.007779959098391445,-0.04237386443442004,0.3170654621317138,0,0,0,11.28925065185223,11.28925065185223,7.846558553260213,15.63499575203808
forward_left,22.54,0.30000000000000004,0.15000000000000002,0.0,0.2948304969608832,0.14191278954877837,-0.0018972086547420046,0.1515615199962446,-0.012719661236590105,-0.05347253751808057,0.31699551813800086,0,0,0,11.102227406340283,11.102227406340283,7.75929510618214,9.660003986544183
forward_left,22.56,0.30000000000000004,0.15000000000000002,0.0,0.2995794342847192,0.15421832185179474,0.02782633076429973,0.07294565368382724,-0.023716483912845344,-0.06305679694902391,0.3176132867301253,0,0,0,9.82703489853462,9.82703489853462,7.60657028325528,4.972125876972667
forward_left,22.580000000000002,0.30000000000000004,0.15000000000000002,0.0,0.29997238734537085,0.16832147245695825,0.03585213496565703,-0.00504969912252768,-0.034430803021651364,-0.07116112506486487,0.31864692956186436,0,0,0,8.316739709277895,8.316739709277895,7.484012677849268,3.0294017231443786
forward_left,22.6,0.30000000000000004,0.15000000000000002,0.0,0.30165012683090886,0.18346146172281366,0.015172343020343308,-0.0772460187334882,-0.041989416201233955,-0.07833687613169986,0.3195341701774907,0,0,0,7.256485040412123,7.256485040412123,7.436936054475872,3.4738424736879447
forward_left,22.62,0.30000000000000004,0.15000000000000002,0.0,0.30203172636637304,0.19632461629646097,-0.01011942823035278,-0.08717907261938547,-0.04763476822933725,-0.08358645067525039,0.3198263735693589,0,0,0,6.562684207411657,6.562684207411657,7.440384774217371,3.306375392958157
forward_left,22.64,0.30000000000000004,0.15000000000000002,0.0,0.31640357236126987,0.17885083085851275,-0.00990232339162796,0.03464700828606058,-0.046541735209347276,-0.07908132588024587,0.320055296949835,0,0,0,5.237117752510341,5.237117752510341,7.469370553518726,2.524601094857377
forward_left,22.66,0.30000000000000004,0.15000000000000002,0.0,0.34107832729198617,0.1617059887277213,-0.04316104980252371,0.08460117867671707,-0.04259966184836042,-0.06698434042275166,0.31984419958482735,0,0,0,6.153817082694552,6.153817082694552,7.541316169757401,2.850064341340355
forward_left,22.68,0.30000000000000004,0.15000000000000002,0.0,0.3670900538881788,0.137042117026025,-0.09517197123963783,0.07092712894683592,-0.0327315452714928,-0.04874535200961864,0.3187207749071955,0,0,0,6.4941769785881025,6.4941769785881025,7.646526040974049,2.946092204596458
forward_left,22.7,0.30000000000000004,0.15000000000000002,0.0,0.38310569961375246,0.10074136778126971,-0.16576069821932538,-0.06828098822109754,-0.018758773087767803,-0.027328605127046726,0.31627121254452883,0,0,0,5.460031325026449,5.460031325026449,7.686074396219823,3.0502207375363914
forward_left,22.72,0.30000000000000004,0.15000000000000002,0.0,0.36009722612423867,0.08698784168945552,-0.1301501966458741,-0.3452363324730066,-0.013819870854823389,-0.009990946179945235,0.3129212015446227,0,0,0,8.52009151865856,8.52009151865856,7.681762032110868,7.8945708487988355
forward_left,22.740000000000002,0.30000000000000004,0.15000000000000002,0.0,0.31005319990519586,0.09046731198519076,-0.046030621135292736,-0.420416230261775,-0.022116848675716685,-0.003940880013546007,0.31120356907830704,0,0,0,11.223750633349237,11.223750633349237,7.74818894616471,13.845243128166178
forward_left,22.76,0.30000000000000004,0.15000000000000002,0.0,0.27607307355949967,0.10751741977640761,0.0031059557652265736,-0.209767679545893,-0.024653439067502864,-0.001209949940247556,0.31061883897623316,0,0,0,12.598697528653654,12.598697528653654,7.385139570223842,15.423052679238538
forward_left,22.78,0.30000000000000004,0.15000000000000002,0.0,0.2751404425797921,0.1127946797153596,0.02850463784616377,-0.06040482333270165,-0.020968951945846668,-0.0036114938826726927,0.310832686919954,0,0,0,7.5868324713226025,7.5868324713226025,7.058248734108723,13.772887106352115
forward_left,22.8,0.30000000000000004,0.15000000000000002,0.0,0.27719722453411444,0.11421302309897677,0.043970081150712784,0.009793655417661135,-0.018342398036851715,-0.007311873771530358,0.3115150095484645,0,0,0,6.994866943267858,6.994866943267858,6.965573839489853,8.164346125740478
forward_left,22.82,0.30000000000000004,0.15000000000000002,0.0,0.2692397199958264,0.11825622023267524,0.05535759223697037,0.039442737532274036,-0.018154952826007056,-0.009835087475796714,0.312530958393505,0,0,0,6.306418267362306,6.306418267362306,6.995538443442147,3.9626466057191
forward_left,22.84,0.30000000000000004,0.15000000000000002,0.0,0.2513717689351651,0.12548370333530276,0.059470416807638364,0.016596954289232756,-0.020332273126277577,-0.00908994783824904,0.3137488120902346,0,0,0,5.500843098243207,5.500843098243207,7.024158389270738,2.8033318713450317
forward_left,22.86,0.30000000000000004,0.15000000000000002,0.0,0.24350642722619378,0.13421532088271115,0.048839231195639335,0.003984647705944502,-0.02524845375639744,-0.0065980521803325875,0.31486804344786024,0,0,0,5.011679841676762,5.011679841676762,7.0514875987307875,2.9953113663643207
forward_left,22.88,0.30000000000000004,0.15000000000000002,0.0,0.2477545314011325,0.1425726995302304,0.02605896281968236,-0.004167431446070714,-0.03227409177008633,-0.0037186703271882967,0.31558484070108656,0,0,0,4.9196655867892884,4.9196655867892884,7.077578413111809,2.993616143866338
forward_left,22.900000000000002,0.30000000000000004,0.15000000000000002,0.0,0.26053954473301505,0.14955597589919098,-0.002370556085498998,0.021078865074908783,-0.0388867507261738,-0.0001620221105686513,0.31572705318352234,0,0,0,5.172200596656001,5.172200596656001,7.102481584883716,3.742193084098716
forward_left,22.92,0.30000000000000004,0.15000000000000002,0.0,0.27522249002359933,0.15884330576718847,-0.0408547024718758,0.08600972673211592,-0.045357633827980796,0.004526574426109974,0.31518491124220616,0,0,0,5.1969024541408215,5.1969024541408215,7.126246275751566,4.0555784056560125
forward_left,22.94,0.30000000000000004,0.15000000000000002,0.0,0.2615628999217578,0.12843635985866358,0.0017668025352924961,0.012226590890815608,-0.03604856923217436,0.002891885337240072,0.31477849923173845,0,0,0,5.78675932581764,5.78675932581764,7.1489200605026895,2.5911795949879837
forward_left,22.96,0.30000000000000004,0.15000000000000002,0.0,0.242225735237213,0.10462961974128172,0.02841905222348075,-0.08704461397723842,-0.026927069330576012,-0.003163810668813036,0.31500204848942565,0,1,0,6.242077455034151,6.242077455034151,7.177974038457634,3.129918186620843
forward_left,22.98,0.30000000000000004,0.15000000000000002,0.0,0.22069189164262104,0.09195243406283267,0.02469429578720122,-0.07561785443728364,-0.02405498268019062,-0.005466883398484186,0.315543588512258,0,0,0,6.86917561375292,6.86917561375292,7.198258139063441,3.0501686289491685
forward_left,23.0,0.30000000000000004,0.15000000000000002,0.0,0.19929591393371887,0.09681618062146367,0.02053473712766173,-0.06448275394560048,-0.015881414131301327,-0.0066589601030674645,0.31572712730184516,0,0,0,9.958715389653335,9.958715389653335,7.217599485806957,11.823162349661708
forward_left,23.02,0.30000000000000004,0.15000000000000002,0.0,0.20710108492074747,0.09644403290812537,-0.01565560430318512,-0.12411238834415832,-0.004458267836674699,-0.01059639880920519,0.3154669604393686,0,0,0,10.377144213781559,10.377144213781559,7.236038905412734,14.127889671633504
forward_left,23.04,0.30000000000000004,0.15000000000000002,0.0,0.2386943653418647,0.09819738695539232,-0.04572459872555067,-0.12969341435016146,0.0035260932673291134,-0.021249536541098533,0.31464501837511455,0,0,0,9.769806351037303,9.769806351037303,7.244352460511212,11.674684485847006
forward_left,23.06,0.30000000000000004,0.15000000000000002,0.0,0.2619803043581895,0.10636763193629287,-0.04026376212899667,-0.13937196755143505,0.002880869990333677,-0.033624155353576025,0.3138314997645647,0,0,0,10.293544794278766,10.293544794278766,7.1794076093075745,6.969469845842026
forward_left,23.080000000000002,0.30000000000000004,0.15000000000000002,0.0,0.28124995770184896,0.11846029295499377,-0.022283160208797663,-0.15570121808393067,-0.005374984750053377,-0.044675124563961645,0.31341996983489906,0,0,0,9.824319829474113,9.824319829474113,7.065934833624262,4.522208040795801
forward_left,23.1,0.30000000000000004,0.15000000000000002,0.0,0.2982091611522789,0.13523726924594498,-0.013733445494049932,-0.20082396903814811,-0.01625791507171491,-0.0540476016043332,0.31338484512103837,0,0,0,8.71626892072096,8.71626892072096,6.963948141091947,2.294915733240435
forward_left,23.12,0.30000000000000004,0.15000000000000002,0.0,0.3155889734512179,0.15258355147959776,-0.024832405786409807,-0.25566353859380864,-0.0263876383129094,-0.062070726352327805,0.31335702176291774,0,0,0,7.67673384642832,7.67673384642832,6.910135952345822,2.5777750886289232
forward_left,23.14,0.30000000000000004,0.15000000000000002,0.0,0.33188587221682303,0.173313462883032,-0.04806080340620635,-0.3305098904913792,-0.03527527040314478,-0.06867633919603405,0.31300408820462744,0,0,0,6.821398403731746,6.821398403731746,6.901659985728749,3.8132487285219456
forward_left,23.16,0.30000000000000004,0.15000000000000002,0.0,0.3342275878015826,0.16474666295376555,-0.01646646007269907,-0.195350457914386,-0.03647280518097219,-0.06842643445933962,0.3126302051208874,0,0,0,5.252312502237852,5.252312502237852,6.9264334284473605,3.875983796055537
forward_left,23.18,0.30000000000000004,0.15000000000000002,0.0,0.3502821417487855,0.13351915639659828,-0.01384713718241873,-0.02177861561976948,-0.027226107269742887,-0.057880363638999524,0.31276152244779987,0,0,0,5.429166016648747,5.429166016648747,6.985504803766023,2.8633461637333086
forward_left,23.2,0.30000000000000004,0.15000000000000002,0.0,0.37627942844627665,0.10098812631446846,-0.04530755056278761,0.06840238669661061,-0.013137903314246566,-0.043420895163082535,0.312490617524785,0,0,0,6.4898165359075355,6.4898165359075355,7.096298557293736,3.058668963175032
forward_left,23.22,0.30000000000000004,0.15000000000000002,0.0,0.3982641280325003,0.07100248510514984,-0.09482342004281208,-0.0154648420497186,0.0005817981302022664,-0.026784204651026898,0.311264508304231,0,1,0,5.678500231167983,5.678500231167983,7.212563883245469,3.318037672463179
forward_left,23.240000000000002,0.30000000000000004,0.15000000000000002,0.0,0.3787924816686294,0.07296844735388636,-0.040645021926316444,-0.10836335335693123,-0.004980854126318121,-0.018255658571914902,0.31013418655872166,0,1,0,7.121048913408324,7.121048913408324,7.231238404802188,3.318037672463179
forward_left,23.26,0.30000000000000004,0.15000000000000002,0.0,0.3391992669696371,0.08255288408249893,-0.01510480059491235,-0.1423604158480731,-0.011143753509963952,-0.014979155753724585,0.309761210926381,0,0,0,7.979723886018722,7.979723886018722,7.249040055486816,5.083396749153999
forward_left,23.28,0.30000000000000004,0.15000000000000002,0.0,0.3201593851986291,0.09092785798510901,0.0037384325079775974,-0.0297833241746142,-0.010532293791094773,-0.016507305053887037,0.3097422468025809,0,0,0,8.616793764318917,8.616793764318917,7.266007093265831,8.247119981693015
forward_left,23.3,0.30000000000000004,0.15000000000000002,0.0,0.3216687663306912,0.08932720432802893,0.016270129116698576,0.03437904837675143,-0.00784388964359119,-0.023450878631111248,0.31006712296552913,0,0,0,9.155912987384216,9.155912987384216,7.282176335703582,8.073407083937118
forward_left,23.32,0.30000000000000004,0.15000000000000002,0.0,0.3181817431550054,0.08363463659973981,0.03674371504440811,0.06398328823552937,-0.005810525204218739,-0.030219677908486734,0.3108027244914076,0,0,0,8.810459387835381,8.810459387835381,7.297583191817239,5.292807564643343
forward_left,23.34,0.30000000000000004,0.15000000000000002,0.0,0.2991781557404779,0.08275742925042079,0.06033207553223044,0.036855466392530664,-0.006135968475102086,-0.03363050596314066,0.3120487219392103,0,0,0,8.039680655295646,8.039680655295646,7.405931995793122,3.17385530782974
forward_left,23.36,0.30000000000000004,0.15000000000000002,0.0,0.27387989711980953,0.08887869778267397,0.07988772959927284,-0.011642898370716836,-0.009940052825713478,-0.03418176154218153,0.3137177580069692,0,0,0,7.004651160646099,7.004651160646099,7.55145207708,2.662746388891548
forward_left,23.38,0.30000000000000004,0.15000000000000002,0.0,0.251339342836984,0.09982304347827416,0.08468523242718426,-0.05437813379904675,-0.016005207611191567,-0.03338906687422308,0.3155877331896704,0,0,0,6.1289996557917785,6.1289996557917785,7.651180745736443,3.2408489758542376
forward_left,23.400000000000002,0.30000000000000004,0.15000000000000002,0.0,0.23689433448371947,0.11034084049560049,0.06676786090023212,-0.0910711931337612,-0.02330900963756232,-0.03161313694756971,0.3172695366895045,0,0,0,5.6365103090638575,5.6365103090638575,7.648623833562496,3.19338196501139
forward_left,23.42,0.30000000000000004,0.15000000000000002,0.0,0.2309072926443825,0.11958299769205465,0.03480449936234381,-0.12558078080275095,-0.030403477315183808,-0.02831130968815044,0.3183886156512098,0,0,0,5.50047105621329,5.50047105621329,7.646195166007971,3.562581845601345
forward_left,23.44,0.30000000000000004,0.15000000000000002,0.0,0.2336430372068373,0.12826439452280144,-0.006416849295278414,-0.1345042156977637,-0.03580991458241829,-0.023395319605568475,0.31870818736435796,0,0,0,5.427138225500981,5.427138225500981,7.643888261558182,4.426627886314774
forward_left,23.46,0.30000000000000004,0.15000000000000002,0.0,0.23966912708759214,0.14020455491228054,-0.06131569517793496,-0.09322467633788117,-0.039594340484172354,-0.017369904849792808,0.31808315817022204,0,0,0,4.70617288841054,4.70617288841054,7.64169697108311,5.843841928623198
forward_left,23.48,0.30000000000000004,0.15000000000000002,0.0,0.21959278465781407,0.12036836517518992,-0.0034829594391802927,-0.1587343926276084,-0.03313924376680618,-0.015303113722062367,0.3175014027699962,0,1,0,5.376278367863388,5.376278367863388,7.6803205187955506,3.5662860732104447
forward_left,23.5,0.30000000000000004,0.15000000000000002,0.0,0.20969230990855617,0.10309775520068644,0.010175435530354538,-0.18004182507624933,-0.03015915290919327,-0.015317901369764162,0.31764545163130126,0,1,0,5.8752413907046135,5.8752413907046135,7.676298308203663,1.0498451916335325
forward_left,23.52,0.30000000000000004,0.15000000000000002,0.0,0.1934792132551245,0.09714847623913977,0.004061847638887486,-0.13141922478044146,-0.029421897191722435,-0.014360175647966968,0.3177407116441977,0,0,0,6.644930543902703,6.644930543902703,7.67247876704954,6.307576812589765
forward_left,23.54,0.30000000000000004,0.15000000000000002,0.0,0.18249928179415237,0.10291615764390913,-0.013076560392138243,-0.13093354383072292,-0.023913048987712914,-0.015416291056938203,0.31737168890993755,0,0,0,12.431361328824996,12.431361328824996,7.668851561114607,14.156893700080559
forward_left,23.56,0.30000000000000004,0.15000000000000002,0.0,0.19275132102944362,0.10900458084329409,-0.038137188623694446,-0.16275253214184293,-0.016970155017321107,-0.02079271913646437,0.3165523584621732,0,0,0,12.1339245588771,12.1339245588771,7.665406895088019,15.081258243603148
forward_left,23.580000000000002,0.30000000000000004,0.15000000000000002,0.0,0.2081431565554106,0.11463667128203003,-0.04335433166525844,-0.16740979688216587,-0.013802750316182662,-0.029444999382616275,0.31559760457097363,0,0,0,9.780402643649339,9.780402643649339,7.647222551858505,13.42803955499598
forward_left,23.6,0.30000000000000004,0.15000000000000002,0.0,0.22502234884299868,0.121783737138978,-0.03179709075495635,-0.13343168041373366,-0.017024535182291165,-0.04028289940835688,0.314891555964699,0,0,0,10.261042489805769,10.261042489805769,7.566430902267868,8.083417214714311
forward_left,23.62,0.30000000000000004,0.15000000000000002,0.0,0.24253240276635316,0.13540584742573467,-0.015847193421803886,-0.09967131230574124,-0.025647678797169917,-0.05236959260440323,0.31459846606812997,0,0,0,10.04365433966344,10.04365433966344,7.451822954140503,4.025193827453008
forward_left,23.64,0.30000000000000004,0.15000000000000002,0.0,0.26059623601004445,0.15624954604672994,-0.006839078117936491,-0.10451075847764106,-0.036982378142850804,-0.06407895529792691,0.31463416393598437,0,0,0,9.280587888412873,9.280587888412873,7.338633140089026,1.8353060124252032
forward_left,23.66,0.30000000000000004,0.15000000000000002,0.0,0.2795610349146326,0.18018552648990205,-0.014482709270171468,-0.11983723938134014,-0.048820467067041455,-0.07435174823011566,0.3147226842258688,0,0,0,8.356269715257106,8.356269715257106,7.25687026491747,3.0311393396894277
forward_left,23.68,0.30000000000000004,0.15000000000000002,0.0,0.29495787445005667,0.2069065291772336,-0.036320580807151115,-0.14040864069770584,-0.0595304506335186,-0.0828176298184272,0.31450912846059687,0,0,0,7.528072401237671,7.528072401237671,7.216822711859841,3.64515555342655
forward_left,23.7,0.30000000000000004,0.15000000000000002,0.0,0.30625367597443676,0.19001482945180562,0.008422666135665658,0.08128078034579997,-0.05801953069773264,-0.08136966062980792,0.31462987625420563,0,0,0,5.613870807477557,5.613870807477557,7.211528660631437,2.6689382851540406
forward_left,23.72,0.30000000000000004,0.15000000000000002,0.0,0.33609418655006906,0.16794589114006955,-0.0011487299036733456,0.19993920032529944,-0.05031553862279946,-0.07192960480791147,0.3150542695964028,0,0,0,6.200341928696275,6.200341928696275,7.2582979508261545,2.7588976676833514
forward_left,23.740000000000002,0.30000000000000004,0.15000000000000002,0.0,0.37036885332467434,0.14278174888260084,-0.03125740334498088,0.22555951752710307,-0.03955770559457589,-0.05927677827308446,0.31502689741782247,0,0,0,7.395761389552332,7.395761389552332,7.357009028445358,2.920450056977995
forward_left,23.76,0.30000000000000004,0.15000000000000002,0.0,0.39390324367352325,0.10968400702705758,-0.08070047855864061,0.13745425418570292,-0.027268239376719586,-0.04374097398726108,0.31421491424413794,0,0,0,6.29842577800673,6.29842577800673,7.4490660966011575,3.033619674457432
forward_left,23.78,0.30000000000000004,0.15000000000000002,0.0,0.38251984061907135,0.08760712308746484,-0.07641000751593607,-0.06844561939754798,-0.020082481045376858,-0.029007217527877265,0.3125062488310924,0,0,0,6.902335858354855,6.902335858354855,7.456483339371122,4.752254000714696
forward_left,23.8,0.30000000000000004,0.15000000000000002,0.0,0.34038016945056604,0.0922330525680141,-0.015476481274979583,-0.22539807633425274,-0.02370924202047067,-0.021697578543723044,0.31174089798639376,0,0,0,11.620065914257024,11.620065914257024,7.463540354061227,13.426764822634677
forward_left,23.82,0.30000000000000004,0.15000000000000002,0.0,0.2976110469753793,0.10400127050706774,0.01929667470877956,-0.19357174350540118,-0.026903896562280677,-0.015850137896445418,0.31168962897812924,0,0,0,13.303530838759409,13.303530838759409,7.2892980716823,15.6169905296221
forward_left,23.84,0.30000000000000004,0.15000000000000002,0.0,0.29610660037937464,0.11561809622488158,0.01749492667897514,-0.0792020213039498,-0.025291843034438877,-0.015951187916378548,0.31183470292336135,0,0,0,10.149018585699078,10.149018585699078,6.949949170826539,15.655283836760997
forward_left,23.86,0.30000000000000004,0.15000000000000002,0.0,0.30420828274617867,0.11604441898277017,0.02592744114168757,0.0010729982418833314,-0.02233045550006547,-0.02016793744235974,0.31219384972892145,0,0,0,8.097311927229319,8.097311927229319,6.740499451179403,10.738712411547379
forward_left,23.88,0.30000000000000004,0.15000000000000002,0.0,0.30494545856854316,0.1160585456720486,0.041552344838895486,0.03786233102569372,-0.02035048288671109,-0.024187860922457838,0.31295156444020283,0,0,0,7.74146613938468,7.74146613938468,6.780346369191875,5.7087817480257765
forward_left,23.900000000000002,0.30000000000000004,0.15000000000000002,0.0,0.2907206768078403,0.11910381056073084,0.05171426614047872,0.011136002166252197,-0.020461464263596116,-0.024848600875932023,0.31402035829446495,0,0,0,6.958885330209572,6.958885330209572,6.81847156228276,2.6207763584502994
forward_left,23.92,0.30000000000000004,0.15000000000000002,0.0,0.2810783438989002,0.12464519415672537,0.04945854505963562,0.005692591317049442,-0.023163050424291155,-0.02258279954554928,0.3151685164991108,0,0,0,6.221317274764409,6.221317274764409,6.854938265704245,3.3401159782631433
forward_left,23.94,0.30000000000000004,0.15000000000000002,0.0,0.28532241725488133,0.12941361655669972,0.028899921142679745,0.01538891950245063,-0.026958542828806876,-0.019792867188673183,0.3160276594703344,0,0,0,5.863515345461069,5.863515345461069,6.889808379915703,3.1188895322884735
forward_left,23.96,0.30000000000000004,0.15000000000000002,0.0,0.29346299243397567,0.13448701758022977,0.0037472704667638216,0.03410360231666056,-0.030947282072952834,-0.016316689832911464,0.3163705050685717,0,0,0,5.745243436409401,5.745243436409401,6.923142405771859,3.6531626190035853
forward_left,23.98,0.30000000000000004,0.15000000000000002,0.0,0.3008471662470419,0.14526251180449207,-0.01756802456025213,0.08123853038097702,-0.03473709985794284,-0.011547805372463128,0.31623505022156206,0,0,0,5.24561768154115,5.24561768154115,6.954999390511837,4.608911229659134
forward_left,24.0,0.30000000000000004,0.15000000000000002,0.0,0.30268178689956027,0.16548812618458048,-0.0492324854762059,0.15117692389725146,-0.039416120146541764,-0.005622985751188841,0.31557132079066863,0,0,0,4.097316103909939,4.097316103909939,6.985436883826452,6.015971827002608
forward_right,24.02,0.30000000000000004,-0.15000000000000002,0.0,0.26987697025281343,0.150695470768633,-0.0038343672049421153,0.08010077715171925,-0.0320713824911035,-0.004666094764087091,0.31504594623586546,0,1,0,5.75298571841984,5.75298571841984,7.014510903284172,4.752809873071272
forward_right,24.04,0.30000000000000004,-0.15000000000000002,0.0,0.23587982627126067,0.1432959657084913,0.032677424225110704,0.02557887910896903,-0.02741153548314369,-0.005673843462869277,0.31542666950178466,0,1,0,7.149584519295847,7.149584519295847,7.042275908405635,1.947342291816579
forward_right,24.060000000000002,0.30000000000000004,-0.15000000000000002,0.0,0.1923495169336136,0.13479520507119827,0.021442663690662667,-0.004929744213636774,-0.022608134069575504,-0.005685069348660442,0.3158675884467567,0,0,0,9.743688473368598,9.743688473368598,7.068784782691754,5.785919105342965
forward_right,24.080000000000002,0.30000000000000004,-0.15000000000000002,0.0,0.1644483732823734,0.12391646597299874,-0.005608491834287649,-0.0679963636380536,-0.01359003855499768,-0.006984120260598335,0.31574050698333045,0,0,0,12.574926250074844,12.574926250074844,7.094088822929855,15.355386892856863
forward_right,24.1,0.30000000000000004,-0.15000000000000002,0.0,0.1758988005502904,0.11568489474374688,-0.04138813800245061,-0.049554674760482656,-0.00018723422109417028,-0.014090273774908353,0.31491209353574795,0,0,0,13.079825868484214,13.079825868484214,7.118237735125756,16.565685515907276
forward_right,24.12,0.30000000000000004,-0.15000000000000002,0.0,0.1883621323528058,0.10838408402758525,-0.03915294623938549,-0.011047454071191364,0.01073020174907139,-0.02337137414256027,0.3139792511706084,0,0,0,9.37262288311208,9.37262288311208,7.1343149661021386,13.607681340387764
forward_right,24.14,0.30000000000000004,-0.15000000000000002,0.0,0.18896590986468467,0.09910772314215144,-0.004393897057874841,0.017937546616740054,0.015355360412397032,-0.031298194669530315,0.31364688248668066,0,0,0,9.483598717154665,9.483598717154665,7.0779603459789975,8.092439275495247
forward_right,24.16,0.30000000000000004,-0.15000000000000002,0.0,0.18083412875621788,0.08599195628719981,0.03221222141626866,0.07571572920435464,0.01406427726054408,-0.03764687683219581,0.3141597590111219,0,0,0,8.50874879269012,8.50874879269012,6.995918677012355,5.057204007945614
forward_right,24.18,0.30000000000000004,-0.15000000000000002,0.0,0.16921992509533357,0.07166365717621505,0.049594108754107614,0.13822622628047734,0.009988852291201805,-0.043789593047260156,0.3152228701714116,0,0,0,7.423919476695415,7.423919476695415,6.95067929643675,3.9396528564348037
forward_right,24.2,0.30000000000000004,-0.15000000000000002,0.0,0.15753076611559785,0.061076081484689744,0.04536066307710655,0.1775137815264712,0.002356217054253067,-0.049289322671858954,0.31642794176142713,0,0,0,6.483977456608535,6.483977456608535,6.95126571424964,4.845193620808463
forward_right,24.22,0.30000000000000004,-0.15000000000000002,0.0,0.1418737057167665,0.03314515120640359,0.0690811322761434,0.33939776272866395,0.0031400308495445795,-0.048898085967527385,0.3178663116347568,0,0,0,5.469943741009651,5.469943741009651,6.981869973742633,2.3737783794635314
forward_right,24.240000000000002,0.30000000000000004,-0.15000000000000002,0.0,0.1523049070200219,0.008237864878582616,0.042948485232810196,0.40776713876627285,0.007926548501233982,-0.04479903551131654,0.31913683113083485,0,0,0,5.046609386869321,5.046609386869321,7.031237769138762,2.3377286178968415
forward_right,24.26,0.30000000000000004,-0.15000000000000002,0.0,0.17998791299187875,-0.015039292766490806,0.007827187241421014,0.36454924863454097,0.013553395994901869,-0.03991212377569602,0.31975821371061136,0,0,0,5.605985840930725,5.605985840930725,7.116489351136561,2.3860928302802566
forward_right,24.28,0.30000000000000004,-0.15000000000000002,0.0,0.21892188144888583,-0.033310829842746914,-0.03140074897898318,0.18277633223864256,0.017512134600400714,-0.03505421883300982,0.3196280357059431,0,0,0,6.006391704226938,6.006391704226938,7.203678346997247,2.3738268458322778
forward_right,24.3,0.30000000000000004,-0.15000000000000002,0.0,0.25819729646630796,-0.04991781268132442,-0.07218142102908566,-0.07189160629435704,0.020863530457695362,-0.029643881318153615,0.3186708684755869,0,0,0,6.78402766897911,6.78402766897911,7.286604284792993,2.795875575080608
forward_right,24.32,0.30000000000000004,-0.15000000000000002,0.0,0.28408338541954703,-0.06978334812566468,-0.0978174056404225,-0.3140936787903798,0.025874646932617894,-0.02240588814757594,0.3169229381634224,0,1,0,7.527091058032579,7.527091058032579,7.3791922306094975,3.079239471710083
forward_right,24.34,0.30000000000000004,-0.15000000000000002,0.0,0.28876497746268126,-0.06515621869792985,-0.06635451808486577,-0.3959535192900888,0.023258101262561476,-0.02086864586800298,0.31542634584574053,0,0,0,9.00125932476886,9.00125932476886,7.432738671260751,3.4569955395040703
forward_right,24.36,0.30000000000000004,-0.15000000000000002,0.0,0.2879832393416459,-0.05180024336965866,-0.04533811134876961,-0.4017883998386835,0.027314346294563,-0.023166154790382282,0.31434068916317276,0,0,0,9.646364050632084,9.646364050632084,7.440947328833083,11.43926222964888
forward_right,24.38,0.30000000000000004,-0.15000000000000002,0.0,0.2894982942981791,-0.045143095351939236,-0.016045705667063224,-0.4218334780042376,0.0313001646521015,-0.03039838609403491,0.31373777923759066,0,0,0,10.617715896714833,10.617715896714833,7.494012829382324,12.508819152461784
forward_right,24.400000000000002,0.30000000000000004,-0.15000000000000002,0.0,0.30019478346644457,-0.05424410251122626,0.008199956950808664,-0.2879051560368718,0.03363570888993604,-0.040707185193031695,0.31375203436625987,0,0,0,10.706285802883693,10.706285802883693,7.615293161879251,9.269101490704326
forward_right,24.42,0.30000000000000004,-0.15000000000000002,0.0,0.3118047157601433,-0.07032843093620039,0.028927580173882146,-0.14889235356117292,0.03698180449541842,-0.050143461667762096,0.3143826900056807,0,0,0,9.93262478478445,9.93262478478445,7.731763001201692,4.987858704600531
forward_right,24.44,0.30000000000000004,-0.15000000000000002,0.0,0.3212457807178264,-0.08792772872472211,0.030219213249434388,-0.03910749620158614,0.040750943495310214,-0.05654145634745814,0.31532220094712066,0,0,0,8.693042188769857,8.693042188769857,7.770587096995367,3.0882476084431847
forward_right,24.46,0.30000000000000004,-0.15000000000000002,0.0,0.3313491746867104,-0.10569766589521876,0.001747646580646342,0.039224949323015186,0.045072012828954004,-0.05997070398056366,0.31599313221531666,0,0,0,7.411385528001799,7.411385528001799,7.761981741951093,2.8374187008399643
forward_right,24.48,0.30000000000000004,-0.15000000000000002,0.0,0.3431070731583556,-0.1245489147065175,-0.043777264632518305,0.10190773143324647,0.0497969870220495,-0.06061167019084777,0.31588746661484174,0,0,0,6.54140759762418,6.54140759762418,7.753816193884429,2.9541962156989467
forward_right,24.5,0.30000000000000004,-0.15000000000000002,0.0,0.35075672252399576,-0.1350421598737497,-0.07391222465868873,0.0656581722268561,0.054166626236630516,-0.05733908226041393,0.31481720713064737,0,0,0,5.820529585654302,5.820529585654302,7.7460674116874735,2.9145872117624654
forward_right,24.52,0.30000000000000004,-0.15000000000000002,0.0,0.36867389568655007,-0.11758200208001875,-0.08415275640971007,-0.015015297025473539,0.0475853745175195,-0.04277536201324897,0.31353911838096893,0,0,0,4.9182400636126635,4.9182400636126635,7.738713617030953,3.13469064367332
forward_right,24.54,0.30000000000000004,-0.15000000000000002,0.0,0.3986578432297481,-0.09598872827617423,-0.11408488736493337,0.032050632896808005,0.037428946264113604,-0.02313145170401428,0.3116986460846083,0,0,0,5.967612859001912,5.967612859001912,7.731734219673243,3.896528309600362
forward_right,24.560000000000002,0.30000000000000004,-0.15000000000000002,0.0,0.39726541315391983,-0.10302160460188982,-0.044018215209819946,0.10206763138853323,0.03858178436557098,-0.008198980938826924,0.30991981605761865,0,1,0,8.583984731169727,8.583984731169727,7.725109747720122,4.695495710206831
forward_right,24.580000000000002,0.30000000000000004,-0.15000000000000002,0.0,0.36792908506142646,-0.12425237455892507,0.036222751717998034,0.0966935756941788,0.04729688970508302,-0.004678824551419396,0.3099706300348058,0,0,0,8.077247227016162,8.077247227016162,7.7188217824567396,1.7624589466075782
forward_right,24.6,0.30000000000000004,-0.15000000000000002,0.0,0.327472154967957,-0.14918915470269078,0.0805007541464677,0.14640121351020155,0.052745911899153286,-0.002164274120891682,0.3109954814948659,0,0,0,8.166922077469863,8.166922077469863,7.712852897406815,6.402787633934374
forward_right,24.62,0.30000000000000004,-0.15000000000000002,0.0,0.30873354683338666,-0.1776590258995575,0.08854972952756002,0.26845975778656966,0.055747007359921275,-0.0009231847022598199,0.3123547620976499,0,0,0,11.49203847602344,11.49203847602344,7.7071866013041905,13.709133927530878
forward_right,24.64,0.30000000000000004,-0.15000000000000002,0.0,0.31033134967113934,-0.1934072535010489,0.08405621921432485,0.285643310485721,0.05477531830206596,-0.005839305121427296,0.31366229907557946,0,0,0,9.370979094468586,9.370979094468586,7.701807284689121,14.066663095411883
forward_right,24.66,0.30000000000000004,-0.15000000000000002,0.0,0.30888494368675123,-0.20091870208128368,0.09360251426686562,0.246075746724665,0.05147393998845951,-0.013338274517415996,0.31518401362153,0,0,0,8.096055634498619,8.096055634498619,7.69670016986602,9.506905880189317
forward_right,24.68,0.30000000000000004,-0.15000000000000002,0.0,0.3006185143606207,-0.20552116856646507,0.10493555422662487,0.21370057001959297,0.04919497415364053,-0.018497301870968166,0.3170613335209062,0,0,0,7.686613445544323,7.686613445544323,7.680676263019556,6.147029437802194
forward_right,24.7,0.30000000000000004,-0.15000000000000002,0.0,0.2888987032381169,-0.21199657019241056,0.09906869491766766,0.21441179442241495,0.049670573006063735,-0.0188258457238068,0.31904233327136633,0,0,0,6.649240972395017,6.649240972395017,7.66983954452358,3.216827726571875
forward_right,24.72,0.30000000000000004,-0.15000000000000002,0.0,0.28306475096368583,-0.21965796425978457,0.07013923690031389,0.22636001750961768,0.05371086457400046,-0.01496431738227458,0.32061386742155035,0,0,0,5.759485936363523,5.759485936363523,7.666345168654377,3.2454754951999782
forward_right,24.740000000000002,0.30000000000000004,-0.15000000000000002,0.0,0.28606130072202524,-0.22844103209530173,0.026018068629414977,0.2008741558040318,0.06068073553257866,-0.008371027974736553,0.32136043842125894,0,0,0,5.382583067887095,5.382583067887095,7.663026574682977,3.0713512901578066
forward_right,24.76,0.30000000000000004,-0.15000000000000002,0.0,0.2974308352879333,-0.23848133899890514,-0.024754871301933826,0.12065808322506191,0.06865823702369793,0.0009479597300815512,0.3210601156388903,0,0,0,5.370071780512574,5.370071780512574,7.728200485261933,3.5423126127752154
forward_right,24.78,0.30000000000000004,-0.15000000000000002,0.0,0.3181581409240423,-0.24888211853953188,-0.0819700858228144,-0.011159840906943996,0.07416750815568217,0.013453221704346785,0.3195753994666675,0,0,0,5.539201710137447,5.539201710137447,7.72175556299991,3.7693789470388714
forward_right,24.8,0.30000000000000004,-0.15000000000000002,0.0,0.30228441584568283,-0.20957094845610472,-0.05292437105406157,-0.04177392264322812,0.0656233300760478,0.023630718609417265,0.3175522760438649,0,0,0,8.023214643561305,8.023214643561305,7.715637844780851,4.323443044252244
forward_right,24.82,0.30000000000000004,-0.15000000000000002,0.0,0.2692378487948091,-0.13562303029928627,-0.03855822474318748,-0.023611442766857813,0.042638059771409345,0.022331538915536072,0.316437523888222,0,0,0,7.639844135939185,7.639844135939185,7.741667004401858,3.072407334737154
forward_right,24.84,0.30000000000000004,-0.15000000000000002,0.0,0.22765807571936975,-0.07833877932097107,-0.000852138154443959,-0.034217195047872684,0.02968460767834489,0.018209052626160887,0.31571573455202434,0,0,0,8.319835349199927,8.319835349199927,7.829103961814958,7.777305599756472
forward_right,24.86,0.30000000000000004,-0.15000000000000002,0.0,0.20332736233375823,-0.05576895264803237,-0.01669360167962366,-0.12055123187688349,0.029494182887122487,0.0136418056203535,0.31535996320218934,0,0,0,11.728136704904504,11.728136704904504,7.81749170383841,13.77610240366332
forward_right,24.88,0.30000000000000004,-0.15000000000000002,0.0,0.19202691777946343,-0.05776211449675099,-0.02240010352107943,-0.021308600965900537,0.020766913665604476,0.006578572309396148,0.3148200821158334,0,0,0,10.389450461767343,10.389450461767343,7.80647839381955,14.498515745245204
forward_right,24.900000000000002,0.30000000000000004,-0.15000000000000002,0.0,0.19766345296585597,-0.060002428260712566,-0.015222424689484097,0.11095992195803964,0.010226451048855001,-0.0011629906443140921,0.31444809626055703,0,0,0,8.86270283310128,8.86270283310128,7.796032108440279,11.593331288532216
forward_right,24.92,0.30000000000000004,-0.15000000000000002,0.0,0.20823737300248077,-0.06250023866544248,-0.0034088924057207046,0.17261544918690697,0.0023966643165253252,-0.009926371571032122,0.31435233455184125,0,0,0,9.397716941870144,9.397716941870144,7.742469939723012,8.495828355562436
forward_right,24.94,0.30000000000000004,-0.15000000000000002,0.0,0.2171197678495164,-0.06642577756304092,0.006378464978362863,0.16403446979375613,-0.0009204369089882429,-0.019460042683886337,0.314527186436589,0,0,0,9.34277931746303,9.34277931746303,7.6631034928040656,3.942328002194476
forward_right,24.96,0.30000000000000004,-0.15000000000000002,0.0,0.22372997662213395,-0.07212359871134484,0.0076161314064761045,0.1317859142135576,-2.264505661214022e-06,-0.028821671502576668,0.3148402762201623,0,0,0,8.969921433211248,8.969921433211248,7.580869836116534,3.135137466438511
forward_right,24.98,0.30000000000000004,-0.15000000000000002,0.0,0.23474485423267047,-0.081527213667221,-0.002195711302237476,0.11828354308625663,0.004391444849885359,-0.03739034077951854,0.31510277193121183,0,0,0,8.458292822277736,8.458292822277736,7.5158986977295825,2.8770192664302194
forward_right,25.0,0.30000000000000004,-0.15000000000000002,0.0,0.2500556491935782,-0.09717342503043296,-0.025781373300392145,0.14256281564981071,0.011561831832368974,-0.04434289450343901,0.3150594286657209,0,0,0,7.881329706561941,7.881329706561941,7.47372121038126,2.756077227269435
forward_right,25.02,0.30000000000000004,-0.15000000000000002,0.0,0.26021261041412097,-0.10593521040228274,-0.03404434482444789,0.07910556053209243,0.01705951285656137,-0.0464032242162532,0.31456509546072003,0,0,0,6.987074733439668,6.987074733439668,7.453862602567941,3.742306608490109
forward_right,25.04,0.30000000000000004,-0.15000000000000002,0.0,0.2837840894258602,-0.099723244560411,-0.04998770372746999,0.026751056561559804,0.011860490891199891,-0.03694185532266732,0.31400892564938915,0,0,0,5.401576577605844,5.401576577605844,7.456832722833571,4.016185606144916
forward_right,25.060000000000002,0.30000000000000004,-0.15000000000000002,0.0,0.3108945263799778,-0.10168568547469575,-0.04825868812806849,0.05070957229153725,0.006671209640896307,-0.022766975664258463,0.31292828419316043,0,1,0,7.147986019337665,7.147986019337665,7.5177415693022525,4.617225294673311
forward_right,25.080000000000002,0.30000000000000004,-0.15000000000000002,0.0,0.3232492287184182,-0.13194924113040507,0.010307817006039877,0.038819309523799556,0.01639897318723624,-0.016341940759675013,0.3127657819625684,0,1,0,6.92048982428871,6.92048982428871,7.611275585339666,3.357311423098664
forward_right,25.1,0.30000000000000004,-0.15000000000000002,0.0,0.32721542093978623,-0.15478924796322638,0.02623768807233797,0.05055807459088807,0.026947215708327244,-0.013477118421456359,0.31326808780475485,0,0,0,7.535966743176696,7.535966743176696,7.664575012184038,3.0472854335210617
forward_right,25.12,0.30000000000000004,-0.15000000000000002,0.0,0.3159960785655516,-0.16841885774553558,0.03915965628587547,0.11287289596904242,0.0355898733218603,-0.00889428198540024,0.3138596435443262,0,0,0,8.054778983128836,8.054778983128836,7.661345426590184,6.180864315878518
forward_right,25.14,0.30000000000000004,-0.15000000000000002,0.0,0.30589752761275796,-0.1849676311432358,0.049998716032648535,0.19748683052111227,0.04112086651485927,-0.003679828124158868,0.31450130331122733,0,0,0,11.03727439193771,11.03727439193771,7.683895564988369,13.170793124291158
forward_right,25.16,0.30000000000000004,-0.15000000000000002,0.0,0.31485294819735865,-0.19281259094600242,0.04256678319763435,0.1698725226807838,0.04095002974951175,-0.003955117538436937,0.31506962759235024,0,0,0,9.225133460758121,9.225133460758121,7.427431610387725,13.578053636764661
forward_right,25.18,0.30000000000000004,-0.15000000000000002,0.0,0.3241693501217563,-0.19402874522884805,0.04785991862468575,0.08988520571239346,0.03766256073422186,-0.009124619511560352,0.3157266548861296,0,0,0,8.580695364318725,8.580695364318725,7.278994725291646,9.453329343401977
forward_right,25.2,0.30000000000000004,-0.15000000000000002,0.0,0.3253462188878118,-0.19269121159581476,0.0668950889257274,0.030274610124439057,0.036486383838028234,-0.013952066509213552,0.3167817499998656,0,0,0,8.390473746791056,8.390473746791056,7.2945517580076675,5.972741678289882
forward_right,25.22,0.30000000000000004,-0.15000000000000002,0.0,0.3189544694939646,-0.19316875287041732,0.07981361884479003,0.038467644467743846,0.04095010393305197,-0.015060012487504083,0.3182267753321633,0,0,0,7.630344921884401,7.630344921884401,7.309373719084292,3.1450987727116493
forward_right,25.240000000000002,0.30000000000000004,-0.15000000000000002,0.0,0.311929772991051,-0.19749805130687914,0.07566829568455366,0.07949687754591435,0.05098254727897469,-0.011524487147371025,0.319732125660251,0,0,0,6.5963625192637405,6.5963625192637405,7.32349356820151,3.1711630542571436
forward_right,25.26,0.30000000000000004,-0.15000000000000002,0.0,0.3121477467323489,-0.20653538986988382,0.048430040329052064,0.11014562594951942,0.06275631947218982,-0.004725298135432008,0.32081015031119053,0,0,0,5.788490542280479,5.788490542280479,7.336942953280143,3.2067032600625085
forward_right,25.28,0.30000000000000004,-0.15000000000000002,0.0,0.32007565064125376,-0.22041733699818764,0.008858783138296132,0.1139795106402879,0.07286766282498884,0.0038966592557230445,0.3210809329772808,0,0,0,5.472776837715215,5.472776837715215,7.349752246918275,3.0716323710843056
forward_right,25.3,0.30000000000000004,-0.15000000000000002,0.0,0.3352080485847825,-0.23709697338116048,-0.03212625034495284,0.05653421496008507,0.07981663587865882,0.01375892671405224,0.3204181133207312,0,0,0,5.5521773425501495,5.5521773425501495,7.3619505834152505,3.553414702366493
forward_right,25.32,0.30000000000000004,-0.15000000000000002,0.0,0.35625858945456257,-0.2536060839118219,-0.07968703557625689,-0.0646850394710391,0.08283745797470571,0.025553273153468423,0.3187651130864797,0,0,0,5.424738179109237,5.424738179109237,7.373565896172174,3.8874523669151717
forward_right,25.34,0.30000000000000004,-0.15000000000000002,0.0,0.32245913422339617,-0.199210933181945,-0.022066611705857327,-0.027382616962699835,0.06985385145235386,0.03111768533206612,0.3173233978151659,0,0,0,7.327285772929637,7.327285772929637,7.391656815051995,3.352596292944342
forward_right,25.36,0.30000000000000004,-0.15000000000000002,0.0,0.279477381621262,-0.12814726785218056,-0.023331196468768103,0.020355750617724492,0.048955463606315204,0.02750099414193511,0.3165781540936715,0,0,0,7.23187809753412,7.23187809753412,7.463209117603828,3.0586769225529453
forward_right,25.38,0.30000000000000004,-0.15000000000000002,0.0,0.23301981869307603,-0.07403848149845033,-0.017723293374221495,0.006570017863783913,0.04076549155504151,0.022022632984255785,0.31587595163447757,0,0,0,8.124256482660925,8.124256482660925,7.5784429946861565,10.442873696919923
forward_right,25.400000000000002,0.30000000000000004,-0.15000000000000002,0.0,0.21103343610912856,-0.04821426537172095,-0.02215893770118426,-0.07623538300070351,0.0376696945933676,0.01647264487298195,0.3153764390579108,0,0,0,12.092847790216018,12.092847790216018,7.579513592536159,14.416240818766601
forward_right,25.42,0.30000000000000004,-0.15000000000000002,0.0,0.20453869564095314,-0.04734245907482636,-0.02615528777004597,0.027067881498558984,0.02514283899717625,0.008666426296707485,0.31478260648629103,0,0,0,10.669315255915794,10.669315255915794,7.580531109399395,13.694417969416731
forward_right,25.44,0.30000000000000004,-0.15000000000000002,0.0,0.21367545834304993,-0.05060658946444058,-0.0134585665824446,0.13840888819681532,0.010426726250945841,0.0003474596852345691,0.31444264846038716,0,0,0,8.902405154767449,8.902405154767449,7.578928558040829,12.407254600464213
forward_right,25.46,0.30000000000000004,-0.15000000000000002,0.0,0.225900325313369,-0.05443340676670928,-0.00038336992322200746,0.17135264439882306,-0.001019277894251368,-0.007493480384395131,0.31441942286290236,0,0,0,9.204629208588269,9.204629208588269,7.524531139295004,9.190477453654353
forward_right,25.48,0.30000000000000004,-0.15000000000000002,0.0,0.23577486224043734,-0.05747701940478892,0.006827560323545471,0.14420225598326206,-0.007564621751805182,-0.01485387997233254,0.31462704296285293,0,0,0,8.9428955896909,8.9428955896909,7.451819306805227,4.43000506482136
forward_right,25.5,0.30000000000000004,-0.15000000000000002,0.0,0.2440649141694764,-0.06007289394576445,0.0015968656445328189,0.08247814759186432,-0.009880366704880588,-0.021704967778921586,0.3148721668598914,0,0,0,8.429544944761345,8.429544944761345,7.388973187064444,3.3290977095960574
forward_right,25.52,0.30000000000000004,-0.15000000000000002,0.0,0.25705456413277805,-0.06435612645419149,-0.01569595396686873,0.04304983158906743,-0.00819981560467147,-0.027812310585464337,0.31490779718884515,0,0,0,7.942603511050458,7.942603511050458,7.349812443995749,2.9107152085544405
forward_right,25.54,0.30000000000000004,-0.15000000000000002,0.0,0.2737413755233736,-0.07480044231713832,-0.03920268564602997,0.05253527384928194,-0.003624853882322748,-0.03227930312268913,0.31456046901714857,0,0,0,7.46904343429546,7.46904343429546,7.332337544511649,2.570362032278223
forward_right,25.560000000000002,0.30000000000000004,-0.15000000000000002,0.0,0.2915750801711493,-0.09186247667610677,-0.07356951977284408,0.09731120718522501,0.0035736526039084502,-0.033501123490508954,0.3136708740926332,0,0,0,6.878413361953015,6.878413361953015,7.332586828115097,4.168898158751096
forward_right,25.580000000000002,0.30000000000000004,-0.15000000000000002,0.0,0.3067468259166683,-0.09777489226331394,-0.07934304201809915,0.049156960364598365,0.005851159292390641,-0.027019923331584643,0.3122525109861253,0,0,0,5.673487220880601,5.673487220880601,7.350983570778716,4.8290804008979205
forward_right,25.6,0.30000000000000004,-0.15000000000000002,0.0,0.31620481338178896,-0.11298909965213316,-0.029794187373091544,0.05341599442458053,0.0071398240146659615,-0.014368039666253165,0.311132127270742,0,1,0,6.758827068618363,6.758827068618363,7.398442733784261,4.0461395147824035
forward_right,25.62,0.30000000000000004,-0.15000000000000002,0.0,0.31825866154963284,-0.13683768987540332,0.030583426687717866,-0.0023059025605551495,0.013797670435613881,-0.00793591053696629,0.31126899634775557,0,0,0,7.39321861562265,7.39321861562265,7.478244201470069,3.344211743531355
forward_right,25.64,0.30000000000000004,-0.15000000000000002,0.0,0.3057501740016251,-0.1532100769615984,0.053690806379246274,-0.014083812182981255,0.019701146130568867,-0.0030678073670082,0.31211732793908475,0,0,0,7.810212025915892,7.810212025915892,7.484241832752748,5.029126096610205
forward_right,25.66,0.30000000000000004,-0.15000000000000002,0.0,0.28390236173396316,-0.16630099249393185,0.06685063992592266,0.06983544773859816,0.024668816649655492,0.004280235532422453,0.3131271333342869,0,0,0,10.001016466504982,10.001016466504982,7.489946815129528,12.049551151339568
forward_right,25.68,0.30000000000000004,-0.15000000000000002,0.0,0.27818509541164926,-0.17532833042689924,0.05752100565087048,0.035136724325877784,0.02693446841956685,0.011323142852045429,0.31405837535051434,0,0,0,10.994298581493707,10.994298581493707,7.336556894219907,14.076599810714125
forward_right,25.7,0.30000000000000004,-0.15000000000000002,0.0,0.28436842922031985,-0.17718243304802817,0.050262356011401284,-0.07947528911917966,0.02419425250695551,0.013298551736407298,0.31482079597816154,0,0,0,7.590619698202405,7.590619698202405,7.079225376884821,11.484944444663604
forward_right,25.72,0.30000000000000004,-0.15000000000000002,0.0,0.28703651231886834,-0.18006150050546638,0.05724424800760622,-0.16547673857676704,0.021909644098821447,0.01218026417921866,0.3156940423558553,0,0,0,6.906654569659443,6.906654569659443,7.101455387486606,6.162431725425364
forward_right,25.740000000000002,0.30000000000000004,-0.15000000000000002,0.0,0.28667351076354747,-0.18386415076960136,0.061750276213655315,-0.16478302908111442,0.02225711832064263,0.009895333154953875,0.3167399983858996,0,0,0,7.126230626846642,7.126230626846642,7.125267086979559,3.7108448464285253
forward_right,25.76,0.30000000000000004,-0.15000000000000002,0.0,0.29036178021052056,-0.18873529392293914,0.05334770082894398,-0.10896210739312794,0.025126635326988334,0.007824137904067986,0.3177712585615034,0,0,0,7.268805119582892,7.268805119582892,7.147985907298594,3.06217991138229
forward_right,25.78,0.30000000000000004,-0.15000000000000002,0.0,0.3049872162270977,-0.19044883898318007,0.029642298069284284,-0.07240939665812944,0.026310432409675767,0.005904216050313161,0.3184820275237044,0,0,0,7.340974287265594,7.340974287265594,7.169657911617346,3.1258320469744554
forward_right,25.8,0.30000000000000004,-0.15000000000000002,0.0,0.3273419304429922,-0.18711891716000165,-0.002358338775649709,-0.07209411109185697,0.024034665233689512,0.005004144152778375,0.3186360609803123,0,0,0,7.305695905714337,7.305695905714337,7.1903275982815416,3.0164357246322977
forward_right,25.82,0.30000000000000004,-0.15000000000000002,0.0,0.35617438814885555,-0.18192503619507228,-0.037901556849130096,-0.11980097402979126,0.01968398201002522,0.006162688741645458,0.31809704250272963,0,0,0,7.147433418802056,7.147433418802056,7.210037918471205,3.066082897389747
forward_right,25.84,0.30000000000000004,-0.15000000000000002,0.0,0.3867506533289217,-0.17977712910151228,-0.07445258909120825,-0.22104860342413007,0.015202831228298705,0.009290457601753212,0.31684026000773474,0,0,0,6.367772690163356,6.367772690163356,7.228830297514627,3.3863125252459074
forward_right,25.86,0.30000000000000004,-0.15000000000000002,0.0,0.4109851562341795,-0.18211159360027893,-0.12336553167601876,-0.341096845928678,0.013502063505422268,0.01430050353327266,0.3147105764085739,0,0,0,4.973402793770074,4.973402793770074,7.246744659392252,3.9504446131840636
forward_right,25.88,0.30000000000000004,-0.15000000000000002,0.0,0.37212812237334897,-0.1573548571009361,-0.03361115661945498,-0.23706224188152383,0.01117697377407053,0.019495214753373406,0.3129274955705488,0,1,0,7.70541271087685,7.70541271087685,7.295154171851539,3.0155087793020074
forward_right,25.900000000000002,0.30000000000000004,-0.15000000000000002,0.0,0.31969770339537923,-0.12912920758280652,0.012301980549559104,-0.06805617303094,0.007885935229830707,0.020370826473324666,0.3126992104828865,0,0,0,8.106569881642619,8.106569881642619,7.309947630498382,2.3783934913582296
forward_right,25.92,0.30000000000000004,-0.15000000000000002,0.0,0.28536304057103834,-0.11346172729171206,0.031200329579397182,0.06433657222523956,0.001780156286820177,0.015860956164414484,0.31286993304068783,0,0,0,7.719280903252336,7.719280903252336,7.324040258783434,7.519000223885125
forward_right,25.94,0.30000000000000004,-0.15000000000000002,0.0,0.27836234714841407,-0.1078064955838621,0.03146743908435625,0.1317744432036822,-0.006626564337686875,0.007610592656692907,0.313162231290552,0,0,0,8.285732948421613,8.285732948421613,7.337463653281652,10.364700439360888
forward_right,25.96,0.30000000000000004,-0.15000000000000002,0.0,0.2805566201486001,-0.10519435654366606,0.02173802061314491,0.17288097023372873,-0.012100483975647629,-0.0027118617948720175,0.3134311679703226,0,0,0,8.602649380279853,8.602649380279853,7.335001250946593,9.674665291377403
forward_right,25.98,0.30000000000000004,-0.15000000000000002,0.0,0.27805064278652647,-0.10328624424055081,0.021002088676724488,0.18148917515892277,-0.013847736384657191,-0.013488352395464375,0.3137701691482688,0,0,0,8.599909704014058,8.599909704014058,7.314490048944819,6.908328189186808
forward_right,26.0,0.30000000000000004,-0.15000000000000002,0.0,0.2715106187222629,-0.09817017527037458,0.02820984971694046,0.14784923491245047,-0.013488631453972895,-0.02421038934884877,0.3143564573057739,0,0,0,8.299506570115915,8.299506570115915,7.283699414304081,4.137540309105133
forward_right,26.02,0.30000000000000004,-0.15000000000000002,0.0,0.26127333643645784,-0.09178626063573826,0.03560379634642331,0.07696182365821518,-0.011936234311559697,-0.03450108658232881,0.3152150767893232,0,0,0,7.88808034772686,7.88808034772686,7.257949457067198,2.6018583980712204
forward_right,26.04,0.30000000000000004,-0.15000000000000002,0.0,0.251235650779407,-0.0851179366039012,0.030703461036269863,-0.004654001008855409,-0.008336878884939123,-0.04340940361040597,0.3161683962647809,0,0,0,7.324273235856085,7.324273235856085,7.245234775408026,2.700867929218189
forward_right,26.060000000000002,0.30000000000000004,-0.15000000000000002,0.0,0.2428169875310432,-0.08303685542773981,0.007870743482978067,-0.08786804015375,-0.0031125976359691614,-0.05010840636897179,0.31686473359627876,0,0,0,6.894203706021218,6.894203706021218,7.251830189834692,3.264313790705559
forward_right,26.080000000000002,0.30000000000000004,-0.15000000000000002,0.0,0.2359405566582569,-0.0876187990899525,-0.03201174740990484,-0.15764142523750008,0.004030900693332113,-0.05306516137416929,0.31688552046129836,0,0,0,6.444972086631261,6.444972086631261,7.268666189790483,3.9095483280307866
forward_right,26.1,0.30000000000000004,-0.15000000000000002,0.0,0.23014941169656614,-0.08761096832979254,-0.05330428862342815,-0.2600610527832279,0.006472352209444089,-0.049126702130853954,0.31615193557484417,0,0,0,5.826272624953314,5.826272624953314,7.307156947272169,4.083221968588489
forward_right,26.12,0.30000000000000004,-0.15000000000000002,0.0,0.25049465354503087,-0.08346950958151793,-0.08977735216008846,-0.20245772966760306,-0.0022281793587895873,-0.03555749520380652,0.3149654586507819,0,0,0,5.02529523370587,5.02529523370587,7.357050850520292,5.116480300461034
forward_right,26.14,0.30000000000000004,-0.15000000000000002,0.0,0.249694978430245,-0.10121855927997503,-0.035587134889826705,-0.13046249423437473,-0.001151647887372593,-0.021397362071135267,0.3136090837735916,0,1,0,7.602251032981455,7.602251032981455,7.436489128214696,5.587622528504725
forward_right,26.16,0.30000000000000004,-0.15000000000000002,0.0,0.24645450050118028,-0.13355055153112202,0.010692807090634809,-0.05567649078498961,0.008146142653416467,-0.015433468953520763,0.3135531055649102,0,0,0,7.324543192408958,7.324543192408958,7.521521379373411,2.530390534833348
forward_right,26.18,0.30000000000000004,-0.15000000000000002,0.0,0.23745756787656788,-0.15088026469198448,0.024367927073633753,0.06371778857905547,0.019513371851516668,-0.012768022102883723,0.31390176401266784,0,0,0,8.245342564696427,8.245342564696427,7.525400869572309,5.19181931660858
forward_right,26.2,0.30000000000000004,-0.15000000000000002,0.0,0.22718151028226785,-0.16127888290899056,0.035249091327958615,0.16779054819674066,0.027802750185384723,-0.00936865964052266,0.31433021020932694,0,0,0,8.390328737202614,8.390328737202614,7.529089748828774,8.148545659173742
forward_right,26.22,0.30000000000000004,-0.15000000000000002,0.0,0.22615518461784204,-0.16544717208379353,0.03971536832966937,0.14382909076386682,0.028544070282458235,-0.007882935387757415,0.3148569227784333,0,0,0,8.519190207836427,8.519190207836427,7.5533784116359755,9.349637252175448
forward_right,26.240000000000002,0.30000000000000004,-0.15000000000000002,0.0,0.22193445338681708,-0.16629912664688384,0.05542566761259465,0.09795143811012387,0.026034581051409593,-0.010129244642273993,0.31567435168252816,0,0,0,8.407272931515894,8.407272931515894,7.56015156220338,7.748115182089093
forward_right,26.26,0.30000000000000004,-0.15000000000000002,0.0,0.2152553046877936,-0.16829072054010188,0.06968028773094022,0.10148056400277308,0.026149047150356555,-0.014426892098453692,0.3168929112018585,0,0,0,8.397622440563197,8.397622440563197,7.598256184579071,3.9907385733169987
forward_right,26.28,0.30000000000000004,-0.15000000000000002,0.0,0.21319071661392586,-0.16658378186559838,0.07058057417831529,0.1292590751903788,0.027814460141265172,-0.01879571911369291,0.31830105077986187,0,0,0,8.371907478766053,8.371907478766053,7.5983429285289255,3.016722912762977
forward_right,26.3,0.30000000000000004,-0.15000000000000002,0.0,0.2164344087502766,-0.16312609872148404,0.04996065984261591,0.14912453852507862,0.028396460101335383,-0.02075564556517218,0.31952875178165796,0,0,0,8.051174660688645,8.051174660688645,7.598425358090033,3.11669394515636
forward_right,26.32,0.30000000000000004,-0.15000000000000002,0.0,0.2299674185963575,-0.15613466952899727,0.016275005640724396,0.14121025474540994,0.02821325576232755,-0.020580521391194484,0.3201984667520651,0,0,0,7.766825234922063,7.766825234922063,7.598503687790924,3.1209653780329236
forward_right,26.34,0.30000000000000004,-0.15000000000000002,0.0,0.25173196689207095,-0.1465896073717688,-0.018467585915802876,0.09542337680186744,0.02884657324317904,-0.018739414655770077,0.3201646193004819,0,0,0,7.6423809256795705,7.6423809256795705,7.598578121498381,2.961936796161921
forward_right,26.36,0.30000000000000004,-0.15000000000000002,0.0,0.2785795409675262,-0.1371979248472042,-0.04437658328626158,-0.006651593104492374,0.0313494711671672,-0.015221325771337387,0.31953914641932557,0,0,0,7.684658852001881,7.684658852001881,7.5986488529468055,3.5072177925737402
forward_right,26.38,0.30000000000000004,-0.15000000000000002,0.0,0.30837401594498254,-0.13072829474044564,-0.0685109262610372,-0.15346033151407856,0.03426025940944225,-0.00957365144283358,0.3184119103765662,0,0,0,7.465722023993013,7.465722023993013,7.598716066241316,4.028642601704951
forward_right,26.400000000000002,0.30000000000000004,-0.15000000000000002,0.0,0.331448109839806,-0.1395590984320886,-0.07665312611675378,-0.25761616867116605,0.04049393072702384,0.00013154768772445386,0.3169116980275589,0,1,0,6.329719628602299,6.329719628602299,7.667966637056299,5.057942100786473
forward_right,26.42,0.30000000000000004,-0.15000000000000002,0.0,0.31651154525272984,-0.11686933719662773,0.017541284632016388,-0.23895666066927648,0.037547759935104424,0.006834851448292498,0.3163309836004367,0,1,0,6.130751679068776,6.130751679068776,7.664566488740704,3.3912312751254676
forward_right,26.44,0.30000000000000004,-0.15000000000000002,0.0,0.301433791723773,-0.09924104494336441,0.05054233150262088,-0.22068639402218018,0.03351128805871729,0.0064679355532616814,0.31703318634422656,0,1,0,5.897702863959047,5.897702863959047,7.66133733166744,1.2834703596014916
forward_right,26.46,0.30000000000000004,-0.15000000000000002,0.0,0.2843786247582696,-0.09272059338296852,0.020265343146459773,-0.21120934441406997,0.0306074816608114,0.002735294404330344,0.3176072491770746,0,0,0,6.711240709286294,6.711240709286294,7.658270479558567,4.382469494091907
forward_right,26.48,0.30000000000000004,-0.15000000000000002,0.0,0.2803509460554038,-0.10039511938786314,-0.008824498243405225,-0.16952611440831403,0.022075765463721676,-0.004131064284687385,0.31738160649233993,0,0,0,8.307318158730466,8.307318158730466,7.6553576959226675,9.647767505315533
forward_right,26.5,0.30000000000000004,-0.15000000000000002,0.0,0.282896111855362,-0.10878064421712119,-0.017764905203345317,-0.08845054350322473,0.012862856060943955,-0.011151706865508799,0.31683915202645274,0,0,0,9.135427871376478,9.135427871376478,7.652591169932162,11.114442648141777
forward_right,26.52,0.30000000000000004,-0.15000000000000002,0.0,0.28457221280432565,-0.11242979332278001,-0.007222206667696103,-0.016963325333690812,0.006379692618596209,-0.017127015536200607,0.3164831376971813,0,0,0,9.22374331651872,9.22374331651872,7.6062328488289666,10.371753175239716
forward_right,26.54,0.30000000000000004,-0.15000000000000002,0.0,0.2813832513696091,-0.10959422549343313,0.015453376346881244,0.004241804188147114,0.002489031442497407,-0.022721558173149015,0.3166505403065645,0,0,0,8.654195300636546,8.654195300636546,7.539625411753374,6.620808175620324
forward_right,26.560000000000002,0.30000000000000004,-0.15000000000000002,0.0,0.274878445300689,-0.10275779657415646,0.03039974468686272,-0.024780527370546795,-0.00022179433843052475,-0.02935977880649024,0.3172913622956989,0,0,0,7.981664900448702,7.981664900448702,7.491098449881466,3.0167303731834845
forward_right,26.580000000000002,0.30000000000000004,-0.15000000000000002,0.0,0.26855308538917744,-0.09542964308524127,0.03004667135428344,-0.07946343208445936,-0.000327319846525557,-0.03702203420349014,0.3181237764077952,0,0,0,7.467249688229312,7.467249688229312,7.470947757680857,2.8172682724282048
forward_right,26.6,0.30000000000000004,-0.15000000000000002,0.0,0.2649330363419128,-0.09286011145731107,0.009758966626862892,-0.1313521182122167,0.003378280374417106,-0.043969915750206215,0.3187698081692129,0,0,0,7.043291447432813,7.043291447432813,7.472197148970917,3.219474299223263
forward_right,26.62,0.30000000000000004,-0.15000000000000002,0.0,0.2634619930625435,-0.09844554895317217,-0.030304481152710956,-0.16233544280043033,0.01049851998958042,-0.04816087910164853,0.3187968201884778,0,0,0,6.702014784590004,6.702014784590004,7.4897931117089165,3.410076070979513
forward_right,26.64,0.30000000000000004,-0.15000000000000002,0.0,0.2593656202262546,-0.10126805636125123,-0.050348288316625106,-0.24924579092746274,0.0155051629542691,-0.04623208177154932,0.3180562672054918,0,0,0,6.056950866564517,6.056950866564517,7.518908723048487,3.5691319578792706
forward_right,26.66,0.30000000000000004,-0.15000000000000002,0.0,0.2797127763279007,-0.09334984293783435,-0.07910738176214833,-0.2140818432281112,0.007827867455525814,-0.03317799105055038,0.31703655044112095,0,0,0,4.950475449986073,4.950475449986073,7.558827332438753,4.185556688756703
forward_right,26.68,0.30000000000000004,-0.15000000000000002,0.0,0.2929908585436173,-0.09775865164244839,-0.06948458111680983,-0.08941512835884848,0.0047984759959391375,-0.018018229951458686,0.3153678297394515,0,1,0,7.484201639362055,7.484201639362055,7.642782364662583,5.571679178078732
forward_right,26.7,0.30000000000000004,-0.15000000000000002,0.0,0.2863915519646878,-0.12435808710849504,-0.01834496655052129,-0.01573973331854872,0.01609431544408499,-0.012073075098484754,0.31469320258102174,0,1,0,7.4109109448054316,7.4109109448054316,7.69823075802524,2.4029850724840194
forward_right,26.72,0.30000000000000004,-0.15000000000000002,0.0,0.26971637479394117,-0.14412862440882376,0.008371188667177235,0.06941383255091664,0.027807686932613568,-0.008847086686199946,0.3145803278405078,0,0,0,8.294691064063063,8.294691064063063,7.693304490018303,3.9221593357251585
forward_right,26.740000000000002,0.30000000000000004,-0.15000000000000002,0.0,0.25170719649168716,-0.15911347202966314,0.038885522104034155,0.16636561865929064,0.03610154669210203,-0.0040482524180549435,0.3148492724723687,0,0,0,8.917065232673576,8.917065232673576,7.688627147168386,11.158458054524827
forward_right,26.76,0.30000000000000004,-0.15000000000000002,0.0,0.2466427009124658,-0.16816950673039954,0.05160958822840035,0.1318235886517911,0.03834979319806114,-0.0008995706724341491,0.31547221236179157,0,0,0,9.118639009458802,9.118639009458802,7.586892798093487,12.425743559958145
forward_right,26.78,0.30000000000000004,-0.15000000000000002,0.0,0.24411923745878675,-0.17386459424963358,0.06600125601246631,0.06836287781583023,0.037277621091779,-0.0026764996317826333,0.3164121737385535,0,0,0,8.197578404906928,8.197578404906928,7.460585576416211,9.801780368622532
forward_right,26.8,0.30000000000000004,-0.15000000000000002,0.0,0.23958635561993566,-0.17928949917588613,0.08035419322766427,0.05440439923654779,0.03843352913267618,-0.0071498407732098765,0.3177519431534486,0,0,0,8.134440981901983,8.134440981901983,7.467443171766465,5.297745561161117
forward_right,26.82,0.30000000000000004,-0.15000000000000002,0.0,0.2363131456369908,-0.18212698961994053,0.07805691766890105,0.08714768251399153,0.040641519595664775,-0.011435518250443305,0.31925620410833394,0,0,0,7.948554187696526,7.948554187696526,7.473967102847205,3.529517486752903
forward_right,26.84,0.30000000000000004,-0.15000000000000002,0.0,0.2373424761945963,-0.18288800726510748,0.05470202625907133,0.12220687463023273,0.0423517727070061,-0.012849117727689109,0.3204985589271577,0,0,0,7.6760528660469225,7.6760528660469225,7.480173255225051,3.1233286203965696
forward_right,26.86,0.30000000000000004,-0.15000000000000002,0.0,0.2502702406606893,-0.18096025467082108,0.018109777369366045,0.1054794559750876,0.04254388449307471,-0.011680114385978976,0.32112442287188814,0,0,0,7.389205237861398,7.389205237861398,7.48607679154161,3.1892938293702002
forward_right,26.88,0.30000000000000004,-0.15000000000000002,0.0,0.27160658875446814,-0.17908437741156855,-0.019721759147817035,0.025228234228741757,0.041236633442305284,-0.008734288197458117,0.3209851856621181,0,0,0,7.227130786110323,7.227130786110323,7.491692181208265,2.990711433244641
forward_right,26.900000000000002,0.30000000000000004,-0.15000000000000002,0.0,0.2989682261784434,-0.17578421934589347,-0.05672823817273327,-0.1104599661120426,0.03939725251870183,-0.004124474774094515,0.32010409465310585,0,0,0,7.245959266308866,7.245959266308866,7.497033229195221,3.4292644182733847
forward_right,26.92,0.30000000000000004,-0.15000000000000002,0.0,0.3298454833735298,-0.17166037940536796,-0.09750174541581129,-0.2813000051013327,0.03616069774461552,0.0033593027238750907,0.3184319038452878,0,0,0,6.969281972030148,6.969281972030148,7.50211310390949,4.096185204551942
forward_right,26.94,0.30000000000000004,-0.15000000000000002,0.0,0.35590540379682745,-0.17266162667712726,-0.15054945154129204,-0.456554291340267,0.03376645475822756,0.014005938862541702,0.3158171449906685,0,1,0,6.042734619318497,6.042734619318497,7.5475915441522226,4.497698877072612
forward_right,26.96,0.30000000000000004,-0.15000000000000002,0.0,0.32486703716991255,-0.13183074325663302,-0.034703699646307415,-0.31456494731370976,0.027960148163436588,0.022570048235793515,0.3139317217043515,0,1,0,7.845527039218252,7.845527039218252,7.644825897301413,4.28050299857437
forward_right,26.98,0.30000000000000004,-0.15000000000000002,0.0,0.29456956385453964,-0.09202657978370678,0.00860119732319048,-0.1654857062594241,0.022684070535630048,0.025504083450963097,0.3135794993874413,0,0,0,8.005566129503238,8.005566129503238,7.642587621027992,4.086053065532234
forward_right,27.0,0.30000000000000004,-0.15000000000000002,0.0,0.27412788130803883,-0.07348420904259466,-0.006606630892908254,-0.04652412515840267,0.018152684412783084,0.021956470298891653,0.3133325631029702,0,0,0,7.595792435805317,7.595792435805317,7.640461495017732,9.230834460914611
backward_left,27.02,-0.30000000000000004,0.15000000000000002,0.0,0.2728190149686177,-0.07130083227732037,-0.010034934951406036,0.06926947905476763,0.005996728493256674,0.014408766906463704,0.31302726368638123,0,0,0,8.491462152031824,8.491462152031824,7.638441862172407,9.714969730159567
backward_left,27.04,-0.30000000000000004,0.15000000000000002,0.0,0.2807667035698622,-0.07384298737562096,-0.0024188046966879743,0.1554304086528035,-0.006156370960095935,0.005927483620088355,0.31288041174641096,0,0,0,9.161311412220156,9.161311412220156,7.610954132999986,7.921933207982307
backward_left,27.060000000000002,-0.30000000000000004,0.15000000000000002,0.0,0.29054591425897547,-0.07745127029248944,0.008227612923296485,0.1907461866477515,-0.013981161531206052,-0.0013101344570725902,0.3130143414217281,0,0,0,9.057034932586205,9.057034932586205,7.545108435871899,6.3011010382475705
backward_left,27.080000000000002,-0.30000000000000004,0.15000000000000002,0.0,0.2932876118849494,-0.07548114609472792,0.017570163814800453,0.17314483943580197,-0.016278514816316498,-0.0070311077385351315,0.31338554060812607,0,0,0,8.391023692696601,8.391023692696601,7.4746992198064355,3.2581553303023725
backward_left,27.1,-0.30000000000000004,0.15000000000000002,0.0,0.28485254543053384,-0.0646303345904452,0.02050226398213507,0.10792256646364307,-0.015965174515886374,-0.012003725094340178,0.31388356257582456,0,0,0,7.606354394391041,7.606354394391041,7.432814868574692,1.8912262837628977
backward_left,27.12,-0.30000000000000004,0.15000000000000002,0.0,0.2629945247577483,-0.04637595736655362,0.030934910476370054,0.05720582812277555,-0.015663521768167467,-0.015797744930722567,0.31452370180474554,0,0,0,7.951271515081521,7.951271515081521,7.424666455631769,1.885443446339131
backward_left,27.14,-0.30000000000000004,0.15000000000000002,0.0,0.2276816992415252,-0.025925453668208098,0.039630532395494474,0.02321598940930976,-0.018813507494412754,-0.016516719491256035,0.31541143997981613,0,0,0,8.980050355320754,8.980050355320754,7.444124037781361,2.897912872599693
backward_left,27.16,-0.30000000000000004,0.15000000000000002,0.0,0.1813472559328582,-0.002077449507569949,0.017777628340791125,-0.04179369657086962,-0.02802049075731184,-0.012823335421643125,0.3161390352139676,0,0,0,9.524457208084678,9.524457208084678,7.506468860240492,3.9237638573017066
backward_left,27.18,-0.30000000000000004,0.15000000000000002,0.0,0.11753951266734095,0.014061620450141478,0.015351463487923713,-0.1401916450183314,-0.033913243982610274,-0.008641297359522756,0.3164047047285745,0,0,0,9.966701651644943,9.966701651644943,7.556265694965834,4.4402869625529675
backward_left,27.2,-0.30000000000000004,0.15000000000000002,0.0,0.046504806941929364,0.004001685969660921,-0.013775950310384697,-0.2680924274342468,-0.029543615722176512,-0.011937720746837152,0.3165966089406352,0,1,0,9.613939092656176,9.613939092656176,7.5584337759541,8.78850737982201
backward_left,27.22,-0.30000000000000004,0.15000000000000002,0.0,-0.021133402098314227,0.013547527970251693,0.036573141474120476,-0.5308074703590561,-0.036114486391674375,-0.01395739439753977,0.3169043098641809,0,0,0,9.40914287147563,9.40914287147563,7.562113126398408,12.37046590567288
backward_left,27.240000000000002,-0.30000000000000004,0.15000000000000002,0.0,-0.0480322136907054,0.00946321867170947,0.04551703219257395,-0.5263708365921937,-0.03703386908040031,-0.01463958327640532,0.3174853265122861,0,0,0,11.004425901697276,11.004425901697276,7.66806147890069,14.998682393113352
backward_left,27.26,-0.30000000000000004,0.15000000000000002,0.0,-0.07239943768323914,0.0034121093942150256,0.07058625011797967,-0.482145212005257,-0.032449508715652844,-0.012957773753621749,0.3185154636227601,0,0,0,6.382407894568759,6.382407894568759,7.816728974147953,11.727713773316779
backward_left,27.28,-0.30000000000000004,0.15000000000000002,0.0,-0.10568810270221095,-0.009088973426911433,0.09191674608052794,-0.454201375488487,-0.025991072101802216,-0.008414504409164409,0.3201336356492875,0,0,0,6.173069445029994,6.173069445029994,7.947003272806711,5.8217469104067945
backward_left,27.3,-0.30000000000000004,0.15000000000000002,0.0,-0.13780073036824395,-0.02637517819697616,0.08487342677022415,-0.3956652143543573,-0.01670748430510327,-0.003752911990041891,0.32193352712564716,0,0,0,5.6379470806443,5.6379470806443,8.001193507883205,2.968698304421214
backward_left,27.32,-0.30000000000000004,0.15000000000000002,0.0,-0.16192115150201666,-0.042651641620499746,0.044614330862736286,-0.2790674697914842,-0.004776253821880497,-0.0011754212366199993,0.3232510050062939,0,0,0,5.218419895843402,5.218419895843402,8.002279005832062,3.3931403228846606
backward_left,27.34,-0.30000000000000004,0.15000000000000002,0.0,-0.17740702445222525,-0.049497269146925135,-0.01983472955869882,-0.15756048857423524,0.006098955056306888,0.0006290339065589399,0.32348060274316687,0,0,0,4.278051600906835,4.278051600906835,8.002185785832818,4.402513551227893
backward_left,27.36,-0.30000000000000004,0.15000000000000002,0.0,-0.18842535253625145,-0.044621718904659484,-0.0896086149546195,-0.10855238982770737,0.013777748209326167,0.005081351047423418,0.3223752894076527,0,0,0,4.171243889768834,4.171243889768834,7.988866647797355,5.491359132141486
backward_left,27.38,-0.30000000000000004,0.15000000000000002,0.0,-0.20216191525736754,-0.01760253049288054,-0.1217714747962965,-0.08499855723762667,0.014979191218964615,0.012318912440632494,0.32010734311980227,0,0,0,6.028970652122695,6.028970652122695,8.045747766482567,7.187475720978343
backward_left,27.400000000000002,-0.30000000000000004,0.15000000000000002,0.0,-0.22135713839957066,0.049308324555857694,-0.11092545359648887,-0.04551273657877411,0.0033487470772316902,0.012471216089716639,0.31799521466569014,0,0,0,8.87407619361787,8.87407619361787,8.142341171761245,10.816574763726353
backward_left,27.42,-0.30000000000000004,0.15000000000000002,0.0,-0.24812125060657858,0.12437047172273111,-0.12088735308596793,-0.1299691762186505,-0.01780226846228787,0.00470587303641136,0.31595963562657436,0,0,0,15.524907142003201,14.0,8.165033529449595,16.72105574911787
backward_left,27.44,-0.30000000000000004,0.15000000000000002,0.0,-0.2601189615952207,0.12368819930951923,-0.02575211654737216,0.1315805633704295,-0.018893172306252076,0.0013757480414983974,0.31477278220285737,0,0,0,7.610924489617986,7.610924489617986,7.846972097201036,12.570978961218707
backward_left,27.46,-0.30000000000000004,0.15000000000000002,0.0,-0.2727999954163888,0.12914506921460414,0.023975672651688512,0.2752453084427179,-0.016666241137912707,0.0029718654539765267,0.31478074983875454,0,0,0,7.116921995979102,7.116921995979102,7.834436039138385,5.350632344957055
backward_left,27.48,-0.30000000000000004,0.15000000000000002,0.0,-0.28697237548785487,0.14323910863699452,0.07099531805094471,0.3538883404875513,-0.016939682703902437,0.005057189846559941,0.315802145705333,0,0,0,7.130678403557766,7.130678403557766,7.822548384401173,5.037898728780773
backward_left,27.5,-0.30000000000000004,0.15000000000000002,0.0,-0.29643025891775887,0.15887853234176702,0.09019385437674733,0.3462629124472465,-0.018610521060979813,0.00565168311449703,0.3175149738099664,0,0,0,6.752692257298852,6.752692257298852,7.820072882063258,4.506890714329136
backward_left,27.52,-0.30000000000000004,0.15000000000000002,0.0,-0.30204373948197744,0.16968006722676218,0.07804671000677021,0.29275464675973506,-0.02088802350272917,0.00441797648307347,0.3192086284815272,0,0,0,6.568910852298504,6.568910852298504,7.843404144081372,3.128712931378573
backward_left,27.54,-0.30000000000000004,0.15000000000000002,0.0,-0.30476717141520415,0.17215888171993624,0.05235716819622479,0.23478662240852757,-0.02208235631780977,0.003498971171179582,0.3204973653389522,0,0,0,6.60143153359541,6.60143153359541,7.877336590043377,3.109267238032561
backward_left,27.560000000000002,-0.30000000000000004,0.15000000000000002,0.0,-0.3086990720425582,0.17004055694783185,0.018883017740350595,0.20377983831983656,-0.0224524476524256,0.00442911330207734,0.32120498855695173,0,0,0,6.1792090960047155,6.1792090960047155,7.91001921745578,4.511781871990893
backward_left,27.580000000000002,-0.30000000000000004,0.15000000000000002,0.0,-0.3141631480070458,0.1661729639394029,-0.027229293377939827,0.2242881114871903,-0.02530097887775065,0.007162657484184481,0.32116987973255917,0,0,0,5.759517152467604,5.759517152467604,7.952275294792848,7.443372424697303
backward_left,27.6,-0.30000000000000004,0.15000000000000002,0.0,-0.31994766166183675,0.16599290527915075,-0.09195216441994258,0.3085731078139784,-0.03182314497763145,0.01044485740706295,0.32011248005223564,0,0,0,12.624334820740843,12.624334820740843,8.018806543664468,14.290127222794906
backward_left,27.62,-0.30000000000000004,0.15000000000000002,0.0,-0.3269288127858113,0.1554442492881548,-0.12548593699925156,0.36379896562975217,-0.03688712554783511,0.012012995841606712,0.31791127786681905,0,0,0,17.521712342964644,14.0,8.095853409302318,17.93468626707118
backward_left,27.64,-0.30000000000000004,0.15000000000000002,0.0,-0.32457512997504284,0.11018236037753526,-0.036042503790739096,0.20033864788395345,-0.028058990368331052,0.004959427599847304,0.3163672337865561,0,1,0,6.784308325423286,6.784308325423286,8.177627325158003,18.077630209443825
backward_left,27.66,-0.30000000000000004,0.15000000000000002,0.0,-0.31877669881411924,0.09225023625991592,0.023207074512087346,0.050885675415997395,-0.0259935589932893,0.00047901274956722785,0.31631060540851863,0,0,0,6.911330473567697,6.911330473567697,8.287445438943802,4.576190511862256
backward_left,27.68,-0.30000000000000004,0.15000000000000002,0.0,-0.32914923083134234,0.08829919716079716,0.09322294504580009,-0.0848751789676314,-0.017294015130869866,0.0014466349121234358,0.3174061999752702,0,0,0,11.089787537797845,11.089787537797845,8.391962239029688,11.677007567559881
backward_left,27.7,-0.30000000000000004,0.15000000000000002,0.0,-0.3455298449132206,0.07350550157430458,0.12083094459234076,-0.12527985534278324,-0.0024026240230164285,0.007168083796024547,0.3194900461208212,0,0,0,13.816469575206085,13.816469575206085,8.52158736750583,15.198849051814
backward_left,27.72,-0.30000000000000004,0.15000000000000002,0.0,-0.3558050693723318,0.051061678869701844,0.09837189363701347,-0.06733995247505054,0.016621739520300775,0.010578058602458947,0.32160902423103893,0,0,0,12.126488938157609,12.126488938157609,8.555871334157263,15.076732397209314
backward_left,27.740000000000002,-0.30000000000000004,0.15000000000000002,0.0,-0.35245024059365915,0.03098543382468676,0.050435122733116636,0.032699557878781295,0.03337276863247152,0.009541299295851687,0.32305087287792944,0,0,0,7.515744634396265,7.515744634396265,8.511991327518746,12.187120833614651
backward_left,27.76,-0.30000000000000004,0.15000000000000002,0.0,-0.3406734114956977,0.020965020112605884,-0.00948878756133303,0.11279543048497853,0.04459070764398305,0.005917825638580231,0.32342990492020746,0,0,0,5.824271941934139,5.824271941934139,8.422922864281094,7.634833749054076
backward_left,27.78,-0.30000000000000004,0.15000000000000002,0.0,-0.3246751806857227,0.02491418726564788,-0.06924794968385949,0.1117381097445412,0.04847077429000096,0.003087949374976079,0.3226296283497136,0,0,0,6.704182915298098,6.704182915298098,8.379166374725248,6.924803650695674
backward_left,27.8,-0.30000000000000004,0.15000000000000002,0.0,-0.3042414757186597,0.04354248212860001,-0.12561984160361708,0.005919611977312845,0.04761780943262559,0.003562032749703176,0.3207452492217124,0,0,0,7.518549598875222,7.518549598875222,8.337881773034962,9.30656490150227
backward_left,27.82,-0.30000000000000004,0.15000000000000002,0.0,-0.27930293648572735,0.07190395991216304,-0.1982782035951068,-0.20703732077721385,0.04495019944117062,0.009541000626498018,0.31773841450083123,0,0,0,13.166910235577202,13.166910235577202,8.298914107013694,14.818503431853868
backward_left,27.84,-0.30000000000000004,0.15000000000000002,0.0,-0.2714198009804838,0.12630103477776505,-0.19531756208569817,-0.4281010472231968,0.03027113355398113,0.01539076503267158,0.3142492310715384,0,0,0,16.708074615306778,14.0,8.262119763951784,17.435260908542578
backward_left,27.86,-0.30000000000000004,0.15000000000000002,0.0,-0.27131961499036783,0.17737933006508302,-0.1418646733017201,-0.5139389732104859,0.011517720934165952,0.015587193253036764,0.3109473950251122,0,1,0,7.555723217970423,7.555723217970423,8.227365468641231,17.442249953399337
backward_left,27.88,-0.30000000000000004,0.15000000000000002,0.0,-0.2797855630358257,0.17760401932495806,-0.060955825895132,-0.40830527617256795,0.009829085820024754,0.021724458478706972,0.3092988903092781,0,0,0,8.058055911977906,8.058055911977906,8.097643199929017,5.729101167105889
backward_left,27.900000000000002,-0.30000000000000004,0.15000000000000002,0.0,-0.30155647863222923,0.17729720700161325,0.007522813571946053,-0.2262447772485926,0.00321075735331969,0.028807011363350347,0.30903078062392497,0,0,0,7.7667857888415215,7.7667857888415215,8.127302525302838,4.395717099261546
backward_left,27.92,-0.30000000000000004,0.15000000000000002,0.0,-0.32117001517731264,0.18306849532160288,0.05834355971064737,-0.08077893166352904,-0.004765928993132317,0.03938393127405858,0.3099925712073014,0,0,0,7.573757836730941,7.573757836730941,8.134147020401265,3.886621682059022
backward_left,27.94,-0.30000000000000004,0.15000000000000002,0.0,-0.3280804857369381,0.1956638095253583,0.06141228328270067,-0.04857193002652335,-0.011399118631167592,0.04825921190022785,0.31151615039090474,0,0,0,6.487763841961289,6.487763841961289,8.106397460579029,4.365531685976977
backward_left,27.96,-0.30000000000000004,0.15000000000000002,0.0,-0.32312610331465585,0.20744659900048654,0.02500341005029855,-0.06074393665729531,-0.018095059953740965,0.05083493553228641,0.31259107401936576,0,0,0,6.441365436793157,6.441365436793157,8.08014833783415,3.926498562279911
backward_left,27.98,-0.30000000000000004,0.15000000000000002,0.0,-0.3133938704687879,0.20966515342346106,-0.01561251022301128,-0.07045583651691946,-0.020842178131471777,0.049229064260188096,0.3128074035869536,0,0,0,6.619078504478809,6.619078504478809,8.055312499924884,3.1698126009665977
backward_left,28.0,-0.30000000000000004,0.15000000000000002,0.0,-0.3078321601146997,0.18768840977217813,-0.025401068007106446,-0.06731961450845225,-0.011816677440322883,0.04279257183894461,0.31258637690793073,0,0,0,6.20460201897424,6.20460201897424,8.031808476414518,2.7665748120183373
backward_left,28.02,-0.30000000000000004,0.15000000000000002,0.0,-0.3092551737287523,0.14572215295887234,-0.02896994313371292,-0.049505051489924956,0.0029040619562124676,0.03125317901118114,0.31226557595982185,0,0,0,5.753314313494573,5.753314313494573,8.0850235029027,2.4600120772166783
backward_left,28.04,-0.30000000000000004,0.15000000000000002,0.0,-0.31025552537516593,0.08976843874738724,-0.006724755439617113,-0.05165207754956053,0.015696275501426986,0.014885303367055049,0.31192364965282676,0,0,0,5.678129593190506,5.678129593190506,8.200882657671627,5.01868881276042
backward_left,28.060000000000002,-0.30000000000000004,0.15000000000000002,0.0,-0.29366962456042295,0.06503137994373714,0.07042303940189941,-0.028977686393539023,0.00324463177702045,0.006187693867722793,0.31283776496133986,0,1,0,5.52368235807615,5.52368235807615,8.331085274454622,3.6669324370872074
backward_left,28.080000000000002,-0.30000000000000004,0.15000000000000002,0.0,-0.28237150980542625,0.055173806954321725,0.09406236339641312,-0.008592776453876143,-0.011343150444479241,-0.0010271491399770735,0.31460338755055145,0,0,0,6.246764223918325,6.246764223918325,8.443931285970429,5.45926641284283
backward_left,28.1,-0.30000000000000004,0.15000000000000002,0.0,-0.29529251403289636,0.061021363921046415,0.11714875016017665,0.010424671380567576,-0.02087049987741185,-0.008023311693395768,0.3166714316427482,0,0,0,6.754343141464928,6.754343141464928,8.398982036961065,4.4865124191660435
backward_left,28.12,-0.30000000000000004,0.15000000000000002,0.0,-0.305223581055176,0.06347097037052371,0.11030210173819333,0.03873005289936448,-0.022235862855037078,-0.012487299187167455,0.31874619836963036,0,0,0,6.903240643549988,6.903240643549988,8.441047297092705,5.372230673341704
backward_left,28.14,-0.30000000000000004,0.15000000000000002,0.0,-0.30368881158703437,0.06582028264833409,0.0867599767265264,0.07975461015932817,-0.019640811856649596,-0.016323443363272513,0.32044848185819813,0,0,0,7.2639804185838415,7.2639804185838415,8.540124173664854,5.139458619022719
backward_left,28.16,-0.30000000000000004,0.15000000000000002,0.0,-0.29479886468328653,0.06968162692957687,0.060665823050259846,0.10534012894891255,-0.01685383237534447,-0.0204187427674945,0.3216349225590523,0,0,0,7.653460223651392,7.653460223651392,8.637762011232503,6.074207787360742
backward_left,28.18,-0.30000000000000004,0.15000000000000002,0.0,-0.2810050333101021,0.07651306631555127,0.0338228248085104,0.10845021844010848,-0.017055906753997145,-0.02510040851634175,0.3222914771285867,0,0,0,8.071976016501704,8.071976016501704,8.707101005824544,5.66694006576042
backward_left,28.2,-0.30000000000000004,0.15000000000000002,0.0,-0.26650906640585276,0.09332523092913611,0.00494305088899063,0.045414104960996564,-0.02118177153022673,-0.029222274854614563,0.3224137775248975,0,0,0,8.22342648383322,8.22342648383322,8.671645608723608,3.628465288582592
backward_left,28.22,-0.30000000000000004,0.15000000000000002,0.0,-0.25628713497272826,0.1162827818750163,-0.031228994080124507,-0.06842178846825979,-0.027996911765710467,-0.030488865726365427,0.3219056866705259,0,0,0,7.447923745332785,7.447923745332785,8.613517660477335,3.38043490539825
backward_left,28.240000000000002,-0.30000000000000004,0.15000000000000002,0.0,-0.25276709552317667,0.14029230778484086,-0.0899015112471346,-0.2088431896286086,-0.034996955771950694,-0.028374082713299123,0.3204549392631644,0,0,0,5.965441557823871,5.965441557823871,8.55879760286199,3.946124518843213
backward_left,28.26,-0.30000000000000004,0.15000000000000002,0.0,-0.24479964696429757,0.14080367756204604,-0.12677358118906581,-0.30470620247521835,-0.03188902262346753,-0.019381901686257988,0.3179554735072351,0,0,0,4.3843995751576355,4.3843995751576355,8.507258099905176,3.8835484030979175
backward_left,28.28,-0.30000000000000004,0.15000000000000002,0.0,-0.21985166723530183,0.10945535101628512,-0.1747324928463154,-0.35771075762246574,-0.018845749780590084,-0.0014414359819719146,0.31464979436705626,0,0,0,6.412665088325275,6.412665088325275,8.489311387186735,3.6838775099916923
backward_left,28.3,-0.30000000000000004,0.15000000000000002,0.0,-0.2143680503262932,0.10558936130848172,-0.081039379791025,-0.24594062907365144,-0.025221370370932184,0.011153552122161872,0.3120241831390294,0,0,0,8.742300405470983,8.742300405470983,8.501918461256334,4.836228103081281
backward_left,28.32,-0.30000000000000004,0.15000000000000002,0.0,-0.21693557729141685,0.11964788003430955,0.02002849035929297,-0.08547621194419786,-0.03896481707942442,0.019116434829724544,0.3114252188705227,0,0,0,8.625960985249344,8.625960985249344,8.453656850911926,8.671025581750051
backward_left,28.34,-0.30000000000000004,0.15000000000000002,0.0,-0.23240696030620853,0.1457747316887854,0.09671718066999543,0.09353044599533528,-0.05559278007128905,0.022576322338063337,0.3125887513546668,0,0,0,8.209397352760748,8.209397352760748,8.40815411903193,9.23222646747572
backward_left,28.36,-0.30000000000000004,0.15000000000000002,0.0,-0.24580591103939403,0.17302898020746205,0.1188153041526127,0.18609109225062404,-0.06951987153071817,0.02189447430398365,0.314677546597975,0,0,0,7.700521421213059,7.700521421213059,8.365233815289798,7.377544893792754
backward_left,28.38,-0.30000000000000004,0.15000000000000002,0.0,-0.24996343614440966,0.19502049979215058,0.09719966820521313,0.20314201097418433,-0.07659888907782487,0.01859844068279424,0.3166346085107143,0,0,0,7.535567479633656,7.535567479633656,8.354608748731238,3.363205427727012
backward_left,28.400000000000002,-0.30000000000000004,0.15000000000000002,0.0,-0.25382408763349157,0.21123986077296053,0.05958661036663447,0.2021815191497868,-0.07573117427420263,0.015216239704366752,0.31792118262355534,0,0,0,7.529236286803883,7.529236286803883,8.351817100607025,2.3567693426638803
backward_left,28.42,-0.30000000000000004,0.15000000000000002,0.0,-0.2600338105147458,0.22025989651556108,0.017188099949038322,0.23320021355747866,-0.07111362775666756,0.013279183860069935,0.3184205592521678,0,0,0,7.155697659765495,7.155697659765495,8.348629073809743,2.7429982245153837
backward_left,28.44,-0.30000000000000004,0.15000000000000002,0.0,-0.26663698911906725,0.22463561785871428,-0.03465276458072275,0.2965168405052454,-0.07068273360494355,0.013409154686194514,0.3180080093894438,0,0,0,6.4626218988148905,6.4626218988148905,8.355852078018867,3.0995296389953166
backward_left,28.46,-0.30000000000000004,0.15000000000000002,0.0,-0.27572877558961545,0.22139690660550818,-0.08648601028719397,0.35990488125926917,-0.07766544229839953,0.015405250711755568,0.31643197975534243,0,0,0,5.75893780396294,5.75893780396294,8.3882502555774,4.488287133455205
backward_left,28.48,-0.30000000000000004,0.15000000000000002,0.0,-0.2947908669165814,0.1634515831630621,-0.07644437706628554,0.31781649537809786,-0.07449577446891072,0.01046367780995901,0.3147769343408886,0,0,0,7.930604107923076,7.930604107923076,8.443561425656675,9.784901454883894
backward_left,28.5,-0.30000000000000004,0.15000000000000002,0.0,-0.3060290477394488,0.10545897700834819,-0.026265690346544912,0.326277668297857,-0.0641940893184126,-0.0030230695415233324,0.31354164138459895,0,0,0,7.818748682917476,7.818748682917476,8.52232670840484,17.206259656982738
backward_left,28.52,-0.30000000000000004,0.15000000000000002,0.0,-0.29828733930535506,0.07795810418416821,0.05771528591740221,0.3199625844298918,-0.06251239172007084,-0.014397826837543534,0.3136392316997806,0,0,0,8.786576304483852,8.786576304483852,8.613920870665964,11.3639407142926
backward_left,28.54,-0.30000000000000004,0.15000000000000002,0.0,-0.3010827894219699,0.07912409694339005,0.11583746809206873,0.23062415470287795,-0.060887489473811535,-0.021233584236863685,0.3153795436355603,0,0,0,6.653908035550129,6.653908035550129,8.703182919208789,4.7978831283231145
backward_left,28.560000000000002,-0.30000000000000004,0.15000000000000002,0.0,-0.30534392723244647,0.09152387251041558,0.15808662090861902,0.11167557209559287,-0.0521873264251336,-0.024602287366948517,0.31799234224563905,0,0,0,7.938710609598883,7.938710609598883,8.650450904489876,4.250751115670371
backward_left,28.580000000000002,-0.30000000000000004,0.15000000000000002,0.0,-0.30598711490245795,0.09693031255931961,0.153952595690181,0.0689294975278767,-0.04099524359639114,-0.024527257176345352,0.3209587179573281,0,0,0,6.50046960410727,6.50046960410727,8.71898810255539,3.049968062650143
backward_left,28.6,-0.30000000000000004,0.15000000000000002,0.0,-0.30339982855601405,0.0968609050386298,0.11080206445860673,0.08083103417905915,-0.03013099965815954,-0.024884523147324603,0.32338171064458376,0,0,0,6.103269676199904,6.103269676199904,8.736446345215132,3.2944475895514977
backward_left,28.62,-0.30000000000000004,0.15000000000000002,0.0,-0.29495301203837304,0.0994932655816862,0.05146660267455502,0.08070304846836497,-0.02362708648699206,-0.027080583582679438,0.3247527306202093,0,0,0,6.2775562935130695,6.2775562935130695,8.779340252211846,3.6035069110729436
backward_left,28.64,-0.30000000000000004,0.15000000000000002,0.0,-0.28512435621550725,0.1114673503954448,-0.010399594585157178,0.02695605263194816,-0.024870797001831747,-0.028904406219094375,0.32491571250055246,0,0,0,6.405665591733908,6.405665591733908,8.818652149536344,4.605281376241734
backward_left,28.66,-0.30000000000000004,0.15000000000000002,0.0,-0.2795057255051414,0.1293307395758576,-0.07681369061028284,-0.09762318919039133,-0.03172879194424701,-0.028112974704283266,0.3238075942099826,0,0,0,5.85300295201694,5.85300295201694,8.850672034220405,5.918302600452471
backward_left,28.68,-0.30000000000000004,0.15000000000000002,0.0,-0.2777874581999375,0.15078096371475613,-0.15877154071651264,-0.2835405130988949,-0.041581967231763224,-0.024223111055787214,0.32123576427725664,0,0,0,5.789162277029213,5.789162277029213,8.837329088613146,7.782151270934316
backward_left,28.7,-0.30000000000000004,0.15000000000000002,0.0,-0.2649834767378056,0.13623678925368424,-0.18895615966286522,-0.38220238950044305,-0.03995793328433269,-0.013246860122415348,0.3174349402234566,0,0,0,5.650874248511478,5.650874248511478,8.769320683236014,8.213405564762658
backward_left,28.72,-0.30000000000000004,0.15000000000000002,0.0,-0.23547084897028314,0.09601739561836876,-0.2037355038568295,-0.392001699819905,-0.026205825157536295,0.006162827599784476,0.3130688795108195,0,0,0,8.222919289779675,8.222919289779675,8.766341037269726,4.704879288669003
backward_left,28.740000000000002,-0.30000000000000004,0.15000000000000002,0.0,-0.22838536418477962,0.09123113272407861,-0.08924851878895512,-0.27700619065606125,-0.03267414238490518,0.01830691571339114,0.3103430861136899,0,0,0,9.562230496916404,9.562230496916404,8.702596369182483,4.652543391427902
backward_left,28.76,-0.30000000000000004,0.15000000000000002,0.0,-0.23811637611383038,0.107479500619526,0.03933214257012151,-0.08705519592133687,-0.042702400453471914,0.025678710270907987,0.31012686351818464,0,0,0,9.849379307697289,9.849379307697289,8.612159181270087,4.658363574835308
backward_left,28.78,-0.30000000000000004,0.15000000000000002,0.0,-0.2567241809387797,0.13774252758168423,0.10887502255546197,0.06167040275434806,-0.051815783407367456,0.029616161010924933,0.3117473737933579,0,0,0,7.668587608924462,7.668587608924462,8.486019900378345,4.230892685543159
backward_left,28.8,-0.30000000000000004,0.15000000000000002,0.0,-0.2696368632590766,0.1640256921563484,0.12248062952685462,0.056924176144713304,-0.05971470009306924,0.029664756954194956,0.3141202121166909,0,0,0,7.232671470784343,7.232671470784343,8.438669397860135,3.433764564904471
backward_left,28.82,-0.30000000000000004,0.15000000000000002,0.0,-0.27159845177884956,0.18339714619919387,0.09771016429504903,-0.010908544536192707,-0.06546431833309424,0.026175708707567327,0.31624095964251203,0,0,0,7.366241612526156,7.366241612526156,8.394019257364278,2.7833765972943696
backward_left,28.84,-0.30000000000000004,0.15000000000000002,0.0,-0.26861816673881517,0.19319502109619016,0.058836065888705234,-0.05702849776162809,-0.06575806290783177,0.021475334733807125,0.31767524801458474,0,0,0,7.754617927723199,7.754617927723199,8.375799913779058,2.282980723370049
backward_left,28.86,-0.30000000000000004,0.15000000000000002,0.0,-0.26840481195054017,0.1980691910688169,0.01794994388703156,-0.05905887761800122,-0.06254490643123421,0.017250881886522157,0.318315185397536,0,0,0,7.458843713171709,7.458843713171709,8.39651859305776,3.9751290515096964
backward_left,28.88,-0.30000000000000004,0.15000000000000002,0.0,-0.2732683198114141,0.20221518925439463,-0.02356159433750442,0.016751534633704532,-0.060982859639450056,0.013564441120491953,0.3181464347124041,0,0,0,6.820640197309668,6.820640197309668,8.485647706002553,5.557494663751476
backward_left,28.900000000000002,-0.30000000000000004,0.15000000000000002,0.0,-0.28264343770323663,0.18274386846000193,-0.02051721622818651,0.0864706075263225,-0.05789003772668496,0.007621776183372815,0.3175086535083439,0,0,0,6.115822259524293,6.115822259524293,8.603772342190634,8.128814206131992
backward_left,28.92,-0.30000000000000004,0.15000000000000002,0.0,-0.293284555869273,0.13383498812800873,-0.0243213770581753,0.1980288272688935,-0.046636121664273646,-0.004962138443266621,0.3171827427845957,0,0,0,12.69425919001581,12.69425919001581,8.721611209510417,14.557647415573282
backward_left,28.94,-0.30000000000000004,0.15000000000000002,0.0,-0.2775926738455391,0.10912360536856659,0.04661014544942808,0.14290150683079744,-0.044070765857150425,-0.014323727101665476,0.3173268089101699,0,0,0,6.608240572970507,6.608240572970507,8.767689279892295,17.315564623255412
backward_left,28.96,-0.30000000000000004,0.15000000000000002,0.0,-0.2655178975778112,0.09831215992873482,0.08736518053965177,0.1290156748588554,-0.04257720449113632,-0.018698534681007562,0.31843237788808404,0,0,0,9.156467090997971,9.156467090997971,8.762499642444912,9.530727267624231
backward_left,28.98,-0.30000000000000004,0.15000000000000002,0.0,-0.26332528561862384,0.0988065901828652,0.11624918033343341,0.030173579376054655,-0.030005260284784417,-0.02340546591005528,0.3200148986281528,0,0,0,15.253807584722518,14.0,8.745427021398282,15.971290560183208
backward_left,29.0,-0.30000000000000004,0.15000000000000002,0.0,-0.26228448984257624,0.09437555361803272,0.13349713432394172,-0.009804902093713867,-0.013889944933811077,-0.026767898103950756,0.3221340720524096,0,0,0,14.19182980488471,14.0,8.451865028038423,15.572548532883873
backward_left,29.02,-0.30000000000000004,0.15000000000000002,0.0,-0.26063960887759785,0.08488936411464028,0.12716832058941915,0.014117453667729825,-0.0010570373804299905,-0.029481403552989324,0.32440650048779474,0,0,0,12.243195495878467,12.243195495878467,8.115740882135672,14.340905247634891
backward_left,29.04,-0.30000000000000004,0.15000000000000002,0.0,-0.2602698491021657,0.07515252226017054,0.09984401717834535,0.05334744885976969,0.008062520466385462,-0.031725498255262476,0.3263649470002986,0,0,0,9.409698906997136,9.409698906997136,7.814566117818195,12.341169169881868
backward_left,29.060000000000002,-0.30000000000000004,0.15000000000000002,0.0,-0.2624540955254237,0.07087549510640836,0.056815243651727174,0.05646708835733499,0.012447215197293656,-0.03257924680060928,0.327656208329802,0,0,0,6.45248765186918,6.45248765186918,7.650292037426613,9.745343441646972
backward_left,29.080000000000002,-0.30000000000000004,0.15000000000000002,0.0,-0.26722270430284956,0.0751855746041502,0.0040399268255558755,-0.008667562273600687,0.013498746640329481,-0.030169916470524034,0.32803333059536244,0,0,0,6.2066332408992695,6.2066332408992695,7.64127154785357,6.784486932412808
backward_left,29.1,-0.30000000000000004,0.15000000000000002,0.0,-0.2725019790082844,0.08479582102454447,-0.06827875981361531,-0.12683334987231318,0.01402384574227269,-0.023461212455338398,0.32723596041566194,0,0,0,5.3662084182043,5.3662084182043,7.639211345506379,6.613244418481374
backward_left,29.12,-0.30000000000000004,0.15000000000000002,0.0,-0.2760294246535849,0.09399840894026984,-0.16506884708550035,-0.2985770920993043,0.01645655152304063,-0.01280218634552405,0.3248149874002184,0,0,0,6.933336873831951,6.933336873831951,7.637254312849155,8.88255273350483
backward_left,29.14,-0.30000000000000004,0.15000000000000002,0.0,-0.2775962584655264,0.09631114620226101,-0.27974879168979355,-0.54699253889569,0.021560706413994678,-0.00022931420791284796,0.3204206437149902,0,0,0,12.216604163296802,12.216604163296802,7.63539525144337,13.983578288202764
backward_left,29.16,-0.30000000000000004,0.15000000000000002,0.0,-0.2911720505933561,0.10288739739911103,-0.35134883588880794,-0.7670738118588972,0.021419412447378664,0.008017085192386456,0.31419122604521565,0,0,0,15.109605116898328,14.0,7.63362922790083,16.507177613746624
backward_left,29.18,-0.30000000000000004,0.15000000000000002,0.0,-0.31507283888934856,0.09222084168865759,-0.20466810846706812,-0.5737496714793684,0.017662402883878672,0.01173423500469613,0.3088890027453804,0,0,0,8.747483674195225,8.747483674195225,7.631951560066376,16.99625206510876
backward_left,29.2,-0.30000000000000004,0.15000000000000002,0.0,-0.3429395030035766,0.08883016853388587,-0.09057178760678496,-0.3035780858861949,0.017029443289865172,0.022906333794655443,0.3061923909261849,0,0,0,10.420156340301023,10.420156340301023,7.627861086090331,5.994869137711755
backward_left,29.22,-0.30000000000000004,0.15000000000000002,0.0,-0.37518841190467966,0.10228722965556145,-0.0032461876636794406,-0.05170466059204604,0.014175758452939375,0.033761799464340166,0.30559623013722786,0,0,0,9.27612604386189,9.27612604386189,7.507070642374202,5.837768650012282
backward_left,29.240000000000002,-0.30000000000000004,0.15000000000000002,0.0,-0.39569698653852176,0.11476125419461289,0.029459973593294962,0.07452693595170272,0.011541491008951717,0.04084603458127444,0.30627999325160404,0,0,0,7.6012793615438,7.6012793615438,7.413357478875906,4.174059984295944
backward_left,29.26,-0.30000000000000004,0.15000000000000002,0.0,-0.4046737397963304,0.12089556278551687,0.018681006825788583,0.11322900200352148,0.00952911123907833,0.04318816127382152,0.3071449009312813,0,0,0,6.627074559681278,6.627074559681278,7.390042147614295,3.407639572620541
backward_left,29.28,-0.30000000000000004,0.15000000000000002,0.0,-0.40311785229293434,0.11858357838047208,-0.024079305029741545,0.11032571270983725,0.009417422805824067,0.04285439314085922,0.3074495129807842,0,0,0,6.208753572395231,6.208753572395231,7.400310328456225,4.196308829390076
backward_left,29.3,-0.30000000000000004,0.15000000000000002,0.0,-0.3948517803955953,0.10937246929869925,-0.07995836812096266,0.0967915209454755,0.01028874902638426,0.03978634335159893,0.30660165068782647,0,0,0,6.062701296887498,6.062701296887498,7.41008453475008,6.140461148002808
backward_left,29.32,-0.30000000000000004,0.15000000000000002,0.0,-0.3815062263358689,0.0679237281414555,-0.08118342662953135,0.028335285666996935,0.021459250513483314,0.027568986525000318,0.305133740226383,0,1,0,9.474710977646708,9.474710977646708,7.419387751467504,8.723670460344431
backward_left,29.34,-0.30000000000000004,0.15000000000000002,0.0,-0.3314917093911932,0.059390814151948114,0.023618504537389836,-0.08237539218759199,0.016267156434820934,0.018326142321772276,0.3050329305624033,0,0,0,6.868185034077313,6.868185034077313,7.501144507121857,4.653646082977005
backward_left,29.36,-0.30000000000000004,0.15000000000000002,0.0,-0.28969309537074606,0.06118149232286015,0.1014355941077019,-0.14669698522661198,0.010473302492156354,0.009692655279024942,0.306491602433063,0,0,0,7.294480050078886,7.294480050078886,7.631364661851524,5.1762480036368395
backward_left,29.38,-0.30000000000000004,0.15000000000000002,0.0,-0.2702752180778877,0.06309739241457034,0.13653804171629697,-0.12191092975776745,0.006176227021316412,0.002707400745640788,0.3090705477432472,0,0,0,6.182894711609265,6.182894711609265,7.779261131546054,5.572671632256497
backward_left,29.400000000000002,-0.30000000000000004,0.15000000000000002,0.0,-0.27153511399155367,0.056783743615944675,0.1514038081718104,-0.033360352777000425,0.004371084408082721,-0.0002893164642610333,0.31209850206721024,0,0,0,5.859883356270611,5.859883356270611,7.7702118424872175,5.361303355349581
backward_left,29.42,-0.30000000000000004,0.15000000000000002,0.0,-0.27574497930081115,0.04534390320225926,0.14134751253065167,0.08609754372872436,0.007681920738089756,-0.0025472584670846467,0.3150691101094366,0,0,0,6.059500324407708,6.059500324407708,7.761625678854703,4.429284491907066
backward_left,29.44,-0.30000000000000004,0.15000000000000002,0.0,-0.275990127005046,0.03589955993716426,0.12025380706079622,0.22395545587810842,0.015440553151266766,-0.006683715378825181,0.31768574911945996,0,0,0,6.623961957626987,6.623961957626987,7.882469984527642,3.6948430938833177
backward_left,29.46,-0.30000000000000004,0.15000000000000002,0.0,-0.2688372361799058,0.034005170418146304,0.09738514858732716,0.34289109441913546,0.022853844334542624,-0.011707583211626595,0.3198566976577456,0,0,0,7.029667612237838,7.029667612237838,8.030146286047874,2.9065291954247656
backward_left,29.48,-0.30000000000000004,0.15000000000000002,0.0,-0.26031379224696494,0.040548374656688944,0.07029033527096197,0.39959222330399874,0.02784150623979467,-0.01522793300298983,0.3215124233633531,0,0,0,7.174079105293793,7.174079105293793,8.125895415177911,4.42186350994064
backward_left,29.5,-0.30000000000000004,0.15000000000000002,0.0,-0.2523516933631012,0.055874484313310664,0.030756080758941786,0.3537199946131589,0.03155289379723719,-0.014697003985910756,0.32249651203972707,0,0,0,6.989280376509946,6.989280376509946,8.11563039490376,5.764520455928476
backward_left,29.52,-0.30000000000000004,0.15000000000000002,0.0,-0.24574381145241486,0.07248115243032305,-0.02524555608840898,0.22507557859371444,0.0359055652243099,-0.009360485151875103,0.3225655907019081,0,0,0,6.074814940773791,6.074814940773791,8.088882768522037,7.826190817657215
backward_left,29.54,-0.30000000000000004,0.15000000000000002,0.0,-0.2474624253857865,0.10461712556168383,-0.05463996324092487,0.05219678887245303,0.0314712202822171,-0.0032096506164779473,0.3218197402000208,0,0,0,9.787855019480105,9.787855019480105,8.063577307280688,11.667685852762899
backward_left,29.560000000000002,-0.30000000000000004,0.15000000000000002,0.0,-0.2547760446125927,0.15548015034858453,-0.09582509221169849,-0.14524933158087866,0.018024424525948313,-0.002832242778965275,0.3206105018880363,0,0,0,16.09216409755237,14.0,8.039630665636146,17.198950305193208
backward_left,29.580000000000002,-0.30000000000000004,0.15000000000000002,0.0,-0.2656628640585174,0.17597712257430423,-0.06916670634398428,-0.1446569548372052,0.007109089490241298,-0.005513474249729468,0.31882406807055186,0,0,0,6.016035025317792,6.016035025317792,8.01696488842537,17.305192552398687
backward_left,29.6,-0.30000000000000004,0.15000000000000002,0.0,-0.2795915392443805,0.17588510520784645,-0.02940818426921905,-0.04463836899010611,0.002378071368054659,-0.002201159996766959,0.3177403169857241,0,0,0,6.904051214292595,6.904051214292595,7.995507003676263,7.872219417665123
backward_left,29.62,-0.30000000000000004,0.15000000000000002,0.0,-0.2927024914750051,0.1837293430435307,0.008490455760507944,0.06734488965734128,-0.008592653015041392,0.0031630265669057704,0.3173818162885978,0,0,0,9.553031778433551,9.553031778433551,7.975188652059376,11.197642553625233
backward_left,29.64,-0.30000000000000004,0.15000000000000002,0.0,-0.2969727305257843,0.19607214518680147,0.02683933640558875,0.1343105895275431,-0.020611759746232455,0.008477749818437042,0.31762230706380185,0,0,0,7.037151590793452,7.037151590793452,7.9559457490979995,10.100405286306263
backward_left,29.66,-0.30000000000000004,0.15000000000000002,0.0,-0.3004439144426466,0.20601823486074164,0.025077997034175542,0.13247637668497517,-0.03102362103576861,0.011838061383678121,0.31800539372540326,0,0,0,7.259225432392619,7.259225432392619,7.937718176725699,6.935856829100908
backward_left,29.68,-0.30000000000000004,0.15000000000000002,0.0,-0.3006676809647518,0.2116879146830572,0.014675155539046216,0.13903530805792838,-0.0371798229197058,0.015541860955435484,0.3182978750776977,0,0,0,7.349695791875855,7.349695791875855,7.921303431135168,4.5870620026443225
backward_left,29.7,-0.30000000000000004,0.15000000000000002,0.0,-0.29637885843756195,0.21545408898776844,-0.005918725403243494,0.1546846671560964,-0.03964296810977765,0.019698071356698117,0.31833593639948266,0,0,0,7.051326635020259,7.051326635020259,7.929645849173806,2.847808075703819
backward_left,29.72,-0.30000000000000004,0.15000000000000002,0.0,-0.29032680779462006,0.21983753193138697,-0.03907092773631612,0.1786747922208006,-0.04161323941061895,0.02245977097866603,0.3178327917419574,0,0,0,6.626344632260151,6.626344632260151,7.951100752619549,4.163593207166261
backward_left,29.740000000000002,-0.30000000000000004,0.15000000000000002,0.0,-0.2834222329281898,0.22563622385808513,-0.08215817567958972,0.25007498090172287,-0.044249214088133856,0.023345364751842096,0.3165475848251888,0,0,0,6.168162094234803,6.168162094234803,8.03613334594026,5.05474706980131
backward_left,29.76,-0.30000000000000004,0.15000000000000002,0.0,-0.2867264478493477,0.20990273020004885,-0.08461100285749117,0.2840183796469001,-0.04291557781409672,0.02085474338675634,0.31451882601568565,0,0,0,5.717008555073612,5.717008555073612,8.122066996630942,5.883829257293891
backward_left,29.78,-0.30000000000000004,0.15000000000000002,0.0,-0.30005721982442496,0.1455593430285119,-0.05142954737397137,0.26437687895873474,-0.026824967002029885,0.007031492010090972,0.31314877728391266,0,0,0,5.737279467236204,5.737279467236204,8.20779945879865,6.121720946834336
backward_left,29.8,-0.30000000000000004,0.15000000000000002,0.0,-0.30237615610313695,0.10199416425663808,0.041073440799906644,0.2209114699513284,-0.022538786984960507,-0.006242958925253491,0.3128702914765724,0,0,0,7.04860985734135,7.04860985734135,8.282916318735133,6.121720946834336
backward_left,29.82,-0.30000000000000004,0.15000000000000002,0.0,-0.3049942862724299,0.09365452805582135,0.0932747707382209,0.15336195005112632,-0.025466779208434275,-0.013072455610074115,0.31410363428215826,0,0,0,5.971616572245512,5.971616572245512,8.329157861484529,5.316623929134357
backward_left,29.84,-0.30000000000000004,0.15000000000000002,0.0,-0.3239619917729155,0.0944121010461127,0.12522960830917604,0.10686097177281924,-0.021698151740620765,-0.015354216623930805,0.3160209115899177,0,0,0,10.104453693689196,10.104453693689196,8.290677893791273,10.895387841949681
backward_left,29.86,-0.30000000000000004,0.15000000000000002,0.0,-0.33611820582899177,0.09005010823406992,0.12615188957576864,0.09984688095836493,-0.011523491584254926,-0.015922432757216123,0.31820261307034714,0,0,0,13.794027553883355,13.794027553883355,8.261924880753323,15.246872806086603
backward_left,29.88,-0.30000000000000004,0.15000000000000002,0.0,-0.332795508385952,0.08613992210058413,0.10148697428019408,0.10268226951211482,-0.0003628969831478923,-0.01812533792396319,0.3201342216028729,0,0,0,12.13368149885748,12.13368149885748,8.041831141257049,15.130698276668955
backward_left,29.900000000000002,-0.30000000000000004,0.15000000000000002,0.0,-0.31813158948115133,0.08795666987060945,0.0654914649626917,0.08750096060850027,0.00802209542871003,-0.02116450369006649,0.3215295882285444,0,0,0,7.502208819212242,7.502208819212242,7.71292493331028,12.196614057484666
backward_left,29.92,-0.30000000000000004,0.15000000000000002,0.0,-0.30172252432229857,0.0983822045031022,0.01953467164116819,0.017861209130536456,0.011240362425944958,-0.022977006035301287,0.3221708930682129,0,0,0,7.6770529296535726,7.6770529296535726,7.640874322554389,7.688167903821816
backward_left,29.94,-0.30000000000000004,0.15000000000000002,0.0,-0.2870939568171719,0.11749872513011185,-0.03485304975081315,-0.11510401656394402,0.010907327395258386,-0.021514632367742696,0.321844967802799,0,0,0,7.633782281836555,7.633782281836555,7.638834014925102,5.254134483382927
backward_left,29.96,-0.30000000000000004,0.15000000000000002,0.0,-0.27330593113782303,0.14098980197471928,-0.10431338496171703,-0.29277639075426826,0.009976768969549755,-0.016109543848473865,0.32035253734608043,0,0,0,6.874955141720272,6.874955141720272,7.636895874283493,6.541552605944876
backward_left,29.98,-0.30000000000000004,0.15000000000000002,0.0,-0.26037116388690285,0.16255281173373015,-0.1935217320455176,-0.5155339320690624,0.010183056249336088,-0.007243630996202978,0.31735055846593113,0,0,0,6.893508928720593,6.893508928720593,7.635054753340839,8.82976981370492
backward_left,30.0,-0.30000000000000004,0.15000000000000002,0.0,-0.2492323358439203,0.16825374785469374,-0.2395268686594444,-0.6773271209938196,0.012579455750597953,0.003517749828459801,0.312662763315273,0,1,0,6.900286624711904,6.900286624711904,7.63330576718981,12.235812141023553
backward_right,30.02,-0.30000000000000004,-0.15000000000000002,0.0,-0.238271870070137,0.15571849136185148,-0.1636260439191715,-0.5483285389113359,0.011032248017420605,0.015109783598300905,0.308821363733731,0,1,0,7.5055194762620285,7.5055194762620285,7.631644279632209,4.596389864898555
backward_right,30.04,-0.30000000000000004,-0.15000000000000002,0.0,-0.24021489165836746,0.148959779596576,-0.0722602146516782,-0.36496696739055806,0.0008379203029272872,0.02388597648694787,0.3066919210559264,0,0,0,8.65950273903926,8.65950273903926,7.6300658902479945,5.685367747617231
backward_right,30.060000000000002,-0.30000000000000004,-0.15000000000000002,0.0,-0.2545371575706851,0.15869234796820494,0.02119199089441423,-0.21562297040105743,-0.013346372212145944,0.030724966684299786,0.30651130870609605,0,0,0,8.935004460470864,8.935004460470864,7.597110447905578,4.629451765738326
backward_right,30.080000000000002,-0.30000000000000004,-0.15000000000000002,0.0,-0.26769973809087205,0.17014960007909002,0.06494539153030837,-0.10243386816451222,-0.025913771298425637,0.03587885503279383,0.3076294643406676,0,0,0,8.637360810706886,8.637360810706886,7.542821091396583,4.024233443032099
backward_right,30.1,-0.30000000000000004,-0.15000000000000002,0.0,-0.26833416461519133,0.17876572916993147,0.06390360098945032,-0.05323574250227526,-0.03620714633798644,0.03912550335565484,0.3090399130570132,0,0,0,8.388933804353956,8.388933804353956,7.563709046351821,3.262538485432974
backward_right,30.12,-0.30000000000000004,-0.15000000000000002,0.0,-0.2598146540525759,0.18013209019231366,0.04405119549039229,-0.04710319154273633,-0.04271556593256081,0.04117456854793109,0.3101955012172357,0,0,0,8.227692093818964,8.227692093818964,7.640973017517094,4.14808521104993
backward_right,30.14,-0.30000000000000004,-0.15000000000000002,0.0,-0.23791434438355064,0.16101812213321545,0.02974958517491697,-0.12214337241079927,-0.04110536509547737,0.04155127146401305,0.3110094737511148,0,0,0,8.10848078609432,8.10848078609432,7.7423525931292865,3.6519487414220193
backward_right,30.16,-0.30000000000000004,-0.15000000000000002,0.0,-0.20893546809227373,0.12544006575505334,0.0014539842136024649,-0.200111844993532,-0.031516738517488874,0.0411017345802848,0.31134504216263553,0,0,0,7.1811378474134875,7.1811378474134875,7.8093883453763375,3.6519487414220193
backward_right,30.18,-0.30000000000000004,-0.15000000000000002,0.0,-0.1823783008811894,0.06882688068167198,-0.02536653808539888,-0.24719039051093167,-0.014207402311468293,0.03899855772104273,0.31120015488298336,0,0,0,7.3887437539158825,7.3887437539158825,7.849156734850446,5.004287899662492
backward_right,30.2,-0.30000000000000004,-0.15000000000000002,0.0,-0.16621737541009904,0.0020974468051188364,-0.07412771770721256,-0.13696245216764263,0.01097298972596255,0.03506536227411678,0.3104472896522013,0,0,0,12.2870263418504,12.2870263418504,7.953337185625145,13.521017630435177
backward_right,30.22,-0.30000000000000004,-0.15000000000000002,0.0,-0.13665818728185836,-0.033694528155462436,-0.024284370450333954,-0.06829803544985841,0.018428546224204805,0.03673429749089391,0.3097309218620657,0,0,0,8.633444703923816,8.633444703923816,8.073911129771748,12.125968047711426
backward_right,30.240000000000002,-0.30000000000000004,-0.15000000000000002,0.0,-0.11670190997456716,-0.0524926573233964,-0.004987746419126158,-0.08723509498272722,0.016671050850607556,0.039286025157083335,0.3094367045265019,0,0,0,8.885127697523254,8.885127697523254,8.208133967204663,3.5728873259056284
backward_right,30.26,-0.30000000000000004,-0.15000000000000002,0.0,-0.10609383119262036,-0.06134902301178557,0.038087321696173855,-0.28798194685511125,0.02272304301229241,0.04106552423871569,0.3097550297381529,0,0,0,8.515119325329984,8.515119325329984,8.34822746445079,6.071234780449163
backward_right,30.28,-0.30000000000000004,-0.15000000000000002,0.0,-0.10354562543332006,-0.07753838593708823,0.07112658476039517,-0.42186424862748423,0.0341446811289984,0.044213437236781436,0.31088156246118476,0,0,0,7.520151787735644,7.520151787735644,8.49584849714886,6.0228675902498585
backward_right,30.3,-0.30000000000000004,-0.15000000000000002,0.0,-0.10533313628008745,-0.10089706252216876,0.07821610291101705,-0.41347375157505495,0.046416927746407155,0.04662352333640595,0.3123759110533678,0,0,0,6.278715062601464,6.278715062601464,8.627029175964246,4.903121084808967
backward_right,30.32,-0.30000000000000004,-0.15000000000000002,0.0,-0.10775196188462419,-0.12800364949336357,0.07024682901721986,-0.31153573481067426,0.05718516587921794,0.04627920281091997,0.31380225225643477,0,0,0,5.743372809351034,5.743372809351034,8.700561828504874,3.114356671713119
backward_right,30.34,-0.30000000000000004,-0.15000000000000002,0.0,-0.11015069676456625,-0.15226863984511085,0.061322110829563896,-0.2071456804840654,0.06269464347988614,0.04376099492931943,0.31502946531539905,0,0,0,6.107084618692589,6.107084618692589,8.723280527450036,2.485021490981575
backward_right,30.36,-0.30000000000000004,-0.15000000000000002,0.0,-0.11581443188578765,-0.17377018950274345,0.04896711819121552,-0.1651847788776339,0.06334057519309809,0.040945274415041276,0.3160157158853783,0,0,0,5.701215650280159,5.701215650280159,8.701658597138316,2.1008388945934238
backward_right,30.38,-0.30000000000000004,-0.15000000000000002,0.0,-0.12700107545111602,-0.19902363896199057,0.03142485931952455,-0.20077565277616927,0.06034752735904376,0.03897734405401372,0.3167103818733049,0,0,0,4.7131789183200565,4.7131789183200565,8.641759213146386,2.8689230525466494
backward_right,30.400000000000002,-0.30000000000000004,-0.15000000000000002,0.0,-0.14743886497919373,-0.21274938614878208,0.012691823094559088,-0.2502036270231689,0.05417309247900939,0.03692353594911432,0.31693153268783114,0,0,0,3.576824691081647,3.576824691081647,8.585387200984723,3.3287687885234267
backward_right,30.42,-0.30000000000000004,-0.15000000000000002,0.0,-0.17781972806244,-0.18983952355433256,-0.011849039793102761,-0.2914925251431476,0.03895515696953309,0.030159536916549403,0.31694343392196883,0,0,0,4.436505614948954,4.436505614948954,8.532305528017783,4.091842041768588
backward_right,30.44,-0.30000000000000004,-0.15000000000000002,0.0,-0.2083770796531577,-0.13854195101725653,-0.07091324192311545,-0.38409708865004283,0.019000350144072864,0.018571410216442836,0.3161196949399926,0,0,0,5.552938754931963,5.552938754931963,8.482296300589425,7.464534254600063
backward_right,30.46,-0.30000000000000004,-0.15000000000000002,0.0,-0.2471001123581886,-0.12327097528418492,-0.006472936299519326,-0.3071642649727068,0.018081972333582913,0.012228015465585808,0.3154437324302708,0,0,0,6.5912356356368145,6.5912356356368145,8.435158866515234,7.701830545316123
backward_right,30.48,-0.30000000000000004,-0.15000000000000002,0.0,-0.2752694561182042,-0.11436483229609143,0.03260796329583724,-0.19036701744651027,0.0178339905623133,0.009870306473674673,0.31558401400631314,0,0,0,6.924126329279215,6.924126329279215,8.390708144769114,8.88558404274075
backward_right,30.5,-0.30000000000000004,-0.15000000000000002,0.0,-0.2947179651393762,-0.10357916749624245,0.05284513453818071,-0.09131427383229368,0.014747086907820822,0.006726383276713004,0.3163580146469979,0,0,0,7.306386899218624,7.306386899218624,8.348773150554447,8.121633073126498
backward_right,30.52,-0.30000000000000004,-0.15000000000000002,0.0,-0.3009607478077761,-0.09675019704515332,0.048593448803688585,-0.05384771818378956,0.011597218862093077,0.0005551267730619959,0.3173269251961465,0,0,0,7.7337997563696295,7.7337997563696295,8.30919568901604,5.293235297018075
backward_right,30.54,-0.30000000000000004,-0.15000000000000002,0.0,-0.29616868044921035,-0.09739361536683662,0.023856663285908814,-0.05460706550188525,0.011386752008028122,-0.008863840423116534,0.3179525970684828,0,0,0,8.541297802020871,8.541297802020871,8.315895315315473,2.8627959510680854
backward_right,30.560000000000002,-0.30000000000000004,-0.15000000000000002,0.0,-0.28807201597377013,-0.1078032238056778,-0.002566093220774672,-0.021242461271469896,0.015602022896591792,-0.01939014951156202,0.3180165851521154,0,0,0,9.22085366462024,9.22085366462024,8.416712570958524,2.9908887762974
backward_right,30.580000000000002,-0.30000000000000004,-0.15000000000000002,0.0,-0.2825217297497878,-0.1265362745996796,-0.027556051357716993,0.048065533049549095,0.02239423843934955,-0.02887012860463971,0.31752874996103264,0,0,0,9.59901840562294,9.59901840562294,8.526975664728475,4.03817291281567
backward_right,30.6,-0.30000000000000004,-0.15000000000000002,0.0,-0.2795044815920496,-0.15469115785746979,-0.061861231313345616,0.15911865686961094,0.02983236823105869,-0.03547121531592677,0.31645399174520655,0,0,0,9.304574305207018,9.304574305207018,8.606420675086977,5.976095856344149
backward_right,30.62,-0.30000000000000004,-0.15000000000000002,0.0,-0.2580025924415827,-0.13713913324306115,-0.03304103444621862,0.12626787909316903,0.021128262645472115,-0.03037603860303007,0.31545515047956374,0,0,0,7.094990592703656,7.094990592703656,8.50708078264607,3.300786861118947
backward_right,30.64,-0.30000000000000004,-0.15000000000000002,0.0,-0.22697040773518556,-0.1134009535745003,-0.03362560883132998,0.11038037566763778,0.01014663014512343,-0.017765807672058244,0.31450033634639324,0,1,0,6.715856342401217,6.715856342401217,8.484101432416299,5.524641896834751
backward_right,30.66,-0.30000000000000004,-0.15000000000000002,0.0,-0.21004702506372774,-0.1115776598689151,0.03285309021289387,0.05004933613522987,0.016331047621368253,-0.009821179660664356,0.31458871030148655,0,0,0,7.544430313965543,7.544430313965543,8.556456077812811,6.2885613358245935
backward_right,30.68,-0.30000000000000004,-0.15000000000000002,0.0,-0.22151376217005028,-0.11633392463064476,0.08600868253912276,-0.05189620380630265,0.021081743698528922,-0.0013807999204902691,0.3156672413366863,0,0,0,7.6869876715834256,7.6869876715834256,8.641037864765806,7.385665787866212
backward_right,30.7,-0.30000000000000004,-0.15000000000000002,0.0,-0.24499263629132492,-0.1304520990494975,0.12595018671646943,-0.11779966796027308,0.023615739160619154,0.008942254863686635,0.3176826558981536,0,0,0,9.596058591487393,9.596058591487393,8.636239953697757,10.840688492276092
backward_right,30.72,-0.30000000000000004,-0.15000000000000002,0.0,-0.2647797510414217,-0.1493219076963411,0.13244742816148428,-0.14817485166200145,0.02667378933056003,0.017943219064965422,0.32015130770100003,0,0,0,8.08391008571578,8.08391008571578,8.5492231755251,10.78524610737738
backward_right,30.740000000000002,-0.30000000000000004,-0.15000000000000002,0.0,-0.2754865370770473,-0.16835652101815085,0.10730056487490965,-0.13075719217417217,0.029519298438923012,0.02257171429375396,0.3224610503244754,0,0,0,5.298313535457254,5.298313535457254,8.475695632438384,8.678406690169641
backward_right,30.76,-0.30000000000000004,-0.15000000000000002,0.0,-0.277014195538219,-0.18477357046741774,0.060160765893393676,-0.08890392364320894,0.029655427385085937,0.022085162023000104,0.3240581702301556,0,0,0,5.17398823683697,5.17398823683697,8.428935595728209,5.22345724188143
backward_right,30.78,-0.30000000000000004,-0.15000000000000002,0.0,-0.2725803444696775,-0.19220816384256043,0.005978807966653486,-0.04714258565074492,0.02495250311847342,0.01803000531804145,0.3246520058068674,0,0,0,6.108891940022803,6.108891940022803,8.384838126690468,2.611754456175603
backward_right,30.8,-0.30000000000000004,-0.15000000000000002,0.0,-0.2654329653625188,-0.19215655373302853,-0.05081019960304345,-0.036572275549631106,0.01629765939778001,0.0117817675508779,0.32412157184197515,0,0,0,6.768325932190539,6.768325932190539,8.343234060259629,3.3979966158041335
backward_right,30.82,-0.30000000000000004,-0.15000000000000002,0.0,-0.25782896525537446,-0.18535185865302892,-0.11445167390710162,-0.07390756774728127,0.00667632246576088,0.005071983624511598,0.32241028059119814,0,0,0,6.88097010784429,6.88097010784429,8.30396685475651,4.838068400056346
backward_right,30.84,-0.30000000000000004,-0.15000000000000002,0.0,-0.2479858928295457,-0.173920554997676,-0.19182729346174238,-0.15879641667665978,-0.00030473306205593966,-0.0011164313544472987,0.3192908511475671,0,0,0,7.044316273112272,7.044316273112272,8.266891450050963,6.481370393696549
backward_right,30.86,-0.30000000000000004,-0.15000000000000002,0.0,-0.24053065212495264,-0.14865646657895207,-0.1696634580984029,-0.1363268875089498,-0.0011306657535443704,-0.005173203760561961,0.3151351651255045,0,1,0,7.183227923510543,7.183227923510543,8.2318732502718,8.02633450838066
backward_right,30.88,-0.30000000000000004,-0.15000000000000002,0.0,-0.23794622514134917,-0.11557258340841828,-0.0722974624293809,0.03481743639156468,-0.0026546480815132366,-0.008661355253964243,0.31282308090885186,0,0,0,7.776746743001329,7.776746743001329,8.198787215134736,5.2804191175275665
backward_right,30.900000000000002,-0.30000000000000004,-0.15000000000000002,0.0,-0.2575848674742958,-0.09040219104400282,0.018282388806342437,0.1343852737147493,-0.006581053312514678,-0.013502025755297097,0.31226444552181304,0,0,0,9.100431469365843,9.100431469365843,8.167517046281631,10.41628184550913
backward_right,30.92,-0.30000000000000004,-0.15000000000000002,0.0,-0.2860376161492871,-0.07559872650436966,0.06398137389505273,0.17756528808485775,-0.009632550651805655,-0.01847137465794107,0.3128703465638928,0,0,0,9.568926069182071,9.568926069182071,8.137954456968298,11.509135889347272
backward_right,30.94,-0.30000000000000004,-0.15000000000000002,0.0,-0.3065613829551454,-0.059369361615044344,0.07459519413986128,0.14124230170533897,-0.011273621817525715,-0.023428788104495626,0.31403482955746576,0,0,0,7.621811549162271,7.621811549162271,8.10999851507211,10.480111598406372
backward_right,30.96,-0.30000000000000004,-0.15000000000000002,0.0,-0.3165749679308833,-0.04859115932143211,0.06258804439881799,0.09459628329862352,-0.01188548690434681,-0.029881067379094472,0.3151990342953182,0,0,0,7.499756454148128,7.499756454148128,8.083555050768453,6.7516812000456365
backward_right,30.98,-0.30000000000000004,-0.15000000000000002,0.0,-0.3208732360443864,-0.04594999599190997,0.03420962053419888,0.04688625551440112,-0.010702758378608327,-0.03691341446623688,0.31594096586405834,0,0,0,7.760427239097748,7.760427239097748,8.058536121391473,3.608488684291964
backward_right,31.0,-0.30000000000000004,-0.15000000000000002,0.0,-0.32401673024597377,-0.055598344608779555,-0.012179089133144671,0.027338712190397352,-0.0062624381729087806,-0.04174194386204637,0.31589147221500996,0,0,0,7.934720331926098,7.934720331926098,8.034859526984949,4.527243196445822
backward_right,31.02,-0.30000000000000004,-0.15000000000000002,0.0,-0.32676163163731636,-0.07570958163701301,-0.06956814444330967,0.06391998608545396,-0.00016902734741510236,-0.041849896707602724,0.31478827229948003,0,0,0,7.870939406855062,7.870939406855062,8.012448370892933,6.04271760191609
backward_right,31.04,-0.30000000000000004,-0.15000000000000002,0.0,-0.32781245401226106,-0.09407759333334749,-0.1136671606917821,0.08305618752285249,0.0020593062656607737,-0.03578094047839753,0.31248220396650883,0,0,0,7.829142568188969,7.829142568188969,7.991476886763358,8.795338979633309
backward_right,31.060000000000002,-0.30000000000000004,-0.15000000000000002,0.0,-0.3030457664624521,-0.09794854737573128,-0.07504530592237052,0.11226028987532498,-0.004392024906278818,-0.019880786401455092,0.3101851404002994,0,1,0,6.828475146384148,6.828475146384148,7.971501635320298,4.186756881558665
backward_right,31.080000000000002,-0.30000000000000004,-0.15000000000000002,0.0,-0.26664515309597053,-0.11704909780758208,-0.009296956908108472,0.04852790844397432,-0.0005561236963737479,-0.009474363606246311,0.30940175871168407,0,0,0,7.922745428329256,7.922745428329256,7.995472927062714,6.467159679867629
backward_right,31.1,-0.30000000000000004,-0.15000000000000002,0.0,-0.24618344708371406,-0.13108506151175536,0.05874142965861818,-0.034957486050276425,0.004165490845387808,-0.002594436725318547,0.3099696594629613,0,0,0,8.201815037019527,8.201815037019527,8.07942094191322,5.955580847544796
backward_right,31.12,-0.30000000000000004,-0.15000000000000002,0.0,-0.2493617541939432,-0.12944792047256184,0.10017125464378418,-0.1132742136646035,0.008654240043167435,0.003770946910624734,0.31150439886333836,0,0,0,7.615511043463622,7.615511043463622,8.174743072284283,6.305602842261081
backward_right,31.14,-0.30000000000000004,-0.15000000000000002,0.0,-0.26511105015036407,-0.1349486225383999,0.12529435576956904,-0.11257966591534763,0.013260072956123197,0.013168791238107104,0.31372057935246755,0,0,0,6.425757557437022,6.425757557437022,8.243507513712778,6.606630452548304
backward_right,31.16,-0.30000000000000004,-0.15000000000000002,0.0,-0.2817361044131157,-0.14832533552345548,0.12654291991972857,-0.064511056937954,0.01976158961784201,0.022592573823161852,0.31622203452534975,0,0,0,5.715631685495646,5.715631685495646,8.209780717805362,6.790771356255826
backward_right,31.18,-0.30000000000000004,-0.15000000000000002,0.0,-0.29308940152145546,-0.16472889516123623,0.10126502471959652,0.017559046073979838,0.026965038582771054,0.02882425034187822,0.31849613877116545,0,0,0,5.351823869298998,5.351823869298998,8.177908233217934,5.70677192709133
backward_right,31.2,-0.30000000000000004,-0.15000000000000002,0.0,-0.2965057621565169,-0.18027766103492307,0.059965727517415024,0.10746832222672176,0.032048373062381535,0.03035280794885214,0.3200908712735968,0,0,0,5.907510427469206,5.907510427469206,8.147779137622663,4.282839674678217
backward_right,31.220000000000002,-0.30000000000000004,-0.15000000000000002,0.0,-0.29398016693674345,-0.1902128673114233,0.014923396394536862,0.15838394356647761,0.03036068301399103,0.027902475199212084,0.3207885664223632,0,0,0,6.72428153529593,6.72428153529593,8.119290078114414,5.357089906435203
backward_right,31.240000000000002,-0.30000000000000004,-0.15000000000000002,0.0,-0.2863461212370383,-0.1965203528866421,-0.03320781508135391,0.15475620280696642,0.021992068554029773,0.021656307634699692,0.32051390546020475,0,0,0,7.398721008375752,7.398721008375752,8.092344657883611,6.64112665326615
backward_right,31.26,-0.30000000000000004,-0.15000000000000002,0.0,-0.27458969634014835,-0.19514073230782247,-0.09228256857933297,0.09203277143328492,0.010452321971546132,0.012087576886067994,0.31916499244655416,0,0,0,7.75078459307087,7.75078459307087,8.066852882488547,8.558212487484958
backward_right,31.28,-0.30000000000000004,-0.15000000000000002,0.0,-0.2514810578732919,-0.18287260506028413,-0.1719020427040482,-0.011104909565498904,-0.0006874612454575037,0.0007434007912286395,0.31633665713019044,0,1,0,12.297604465710338,12.297604465710338,8.042730658915346,12.192689197308841
backward_right,31.3,-0.30000000000000004,-0.15000000000000002,0.0,-0.2270894931220606,-0.16765699869473907,-0.0984509387529133,0.09275054700823697,0.0028026580267686272,-0.0017523683837347046,0.31367501889966165,0,0,0,9.311812905562507,9.311812905562507,7.938999624433517,7.292457181572075
backward_right,31.32,-0.30000000000000004,-0.15000000000000002,0.0,-0.2279579728401581,-0.12781312611448942,-0.010914859792638282,0.17778522275936604,-0.0007049199568986707,-0.00579254477166553,0.31264760929975505,0,0,0,7.329415679242967,7.329415679242967,7.921663626710465,6.742510774829121
backward_right,31.34,-0.30000000000000004,-0.15000000000000002,0.0,-0.2581759351013002,-0.09824045321998645,0.03003286439268034,0.26356277416036694,-0.006474038738270995,-0.011906084110839557,0.3127828016682548,0,0,0,10.523515363911107,10.523515363911107,7.905237230366705,11.426771922808665
backward_right,31.36,-0.30000000000000004,-0.15000000000000002,0.0,-0.29924970393580047,-0.07498529202901584,0.05258480112881576,0.24926720969724475,-0.012583543195287752,-0.019468757531992238,0.3133987208893559,0,0,0,12.58245633304505,12.58245633304505,7.889670394003911,14.082957330235192
backward_right,31.38,-0.30000000000000004,-0.15000000000000002,0.0,-0.3233221503639563,-0.05909778415238735,0.06305276277215571,0.22677156096228568,-0.016335914766080616,-0.02469931681418743,0.314354884137071,0,0,0,9.411466707916066,9.411466707916066,7.874916062396721,13.650182668826677
backward_right,31.400000000000002,-0.30000000000000004,-0.15000000000000002,0.0,-0.33630568624024354,-0.047983495725197764,0.05809370565725347,0.19865416876793476,-0.018785542257314825,-0.028845883939186176,0.31539460304219114,0,0,0,7.076941543182698,7.076941543182698,7.8609299649432245,9.674294734007137
backward_right,31.42,-0.30000000000000004,-0.15000000000000002,0.0,-0.34497611419519886,-0.045854680937636394,0.03238707084970569,0.19160784298458639,-0.020293836171514368,-0.03188926944132044,0.31615710457002544,0,0,0,7.030206847360634,7.030206847360634,7.8476704300160876,7.497178678714888
backward_right,31.44,-0.30000000000000004,-0.15000000000000002,0.0,-0.35277679841051796,-0.05442599934061697,-0.017982192049392935,0.2293902039512599,-0.020607990361153027,-0.03186319155134977,0.31617290128540754,0,0,0,8.996352546200075,8.996352546200075,7.83509821373956,10.657387687012204
backward_right,31.46,-0.30000000000000004,-0.15000000000000002,0.0,-0.3593103567482899,-0.07119059910611124,-0.08751879301125831,0.30817576895981735,-0.021247389324931552,-0.027262071469188427,0.31507604829868713,0,0,0,14.137830846492193,14.0,7.8513939720571635,16.00318656869669
backward_right,31.48,-0.30000000000000004,-0.15000000000000002,0.0,-0.36504592568629957,-0.08812890940563581,-0.16224092998051043,0.4135189803135119,-0.022953257861674403,-0.017352024313042703,0.3126170255656244,0,0,0,14.435772372263932,14.0,7.869592138251612,16.184670469672607
backward_right,31.5,-0.30000000000000004,-0.15000000000000002,0.0,-0.3504629427047272,-0.0788908471421357,-0.11350631192463875,0.342635891159505,-0.02792413489311802,-0.00017130218977277393,0.3097906268111956,0,1,0,6.841034915798998,6.841034915798998,7.890629105260373,12.936593254294444
backward_right,31.52,-0.30000000000000004,-0.15000000000000002,0.0,-0.31990944358889917,-0.0905731216821503,-0.0616709782640895,0.23105374999403241,-0.025448497932956934,0.011244944356990461,0.3082493881315049,0,1,0,7.8684504494835865,7.8684504494835865,7.94798283188587,5.234886547041486
backward_right,31.54,-0.30000000000000004,-0.15000000000000002,0.0,-0.2938391374613954,-0.09199500573580359,-0.005943964232757116,0.006994054112579511,-0.022871555292264843,0.01916010150891285,0.30782343028260634,0,0,0,8.751967189962203,8.751967189962203,8.05600229584292,4.950213931309595
backward_right,31.560000000000002,-0.30000000000000004,-0.15000000000000002,0.0,-0.29773911120492774,-0.09629066318621395,0.04166337305897621,-0.1439375667581081,-0.02164358605799311,0.027047895067503658,0.3085212624400509,0,0,0,8.056893077121158,8.056893077121158,8.008867447495707,5.1183447059626594
backward_right,31.580000000000002,-0.30000000000000004,-0.15000000000000002,0.0,-0.3135715934678078,-0.10885284807339864,0.06380314319150562,-0.19180518977130834,-0.020529221297032333,0.0346315961071179,0.3099378684904932,0,0,0,7.4056823533279585,7.4056823533279585,7.9790719850952385,4.411158465536007
backward_right,31.6,-0.30000000000000004,-0.15000000000000002,0.0,-0.33031947559550845,-0.12482264686370707,0.0649789474746155,-0.16121632407429598,-0.01735317949930915,0.039162044356759275,0.31160345772687953,0,0,0,6.386753089880078,6.386753089880078,7.9596238056652915,4.2664157146697494
backward_right,31.62,-0.30000000000000004,-0.15000000000000002,0.0,-0.34206232828504873,-0.13750615020153611,0.04788129789410232,-0.07882935055253472,-0.013701869060707118,0.03914321481536426,0.3130864882070152,0,0,0,5.24120911471518,5.24120911471518,7.941202404656945,3.424672120245482
backward_right,31.64,-0.30000000000000004,-0.15000000000000002,0.0,-0.34724182494175443,-0.14394057862141216,0.014857059654979334,0.04189086137887618,-0.0111195099882048,0.03514874500591823,0.3140353301363539,0,0,0,6.295670888212728,6.295670888212728,7.923750649490621,3.612901136455765
backward_right,31.66,-0.30000000000000004,-0.15000000000000002,0.0,-0.34963709345235766,-0.14301405558605945,-0.024504003894955714,0.1405897180021224,-0.011351120918699456,0.028516225478260958,0.31423180559327263,0,0,0,6.941576488668324,6.941576488668324,8.003424273134026,5.290464126028635
backward_right,31.68,-0.30000000000000004,-0.15000000000000002,0.0,-0.34974144816816205,-0.13688382095722246,-0.07177182505029944,0.1563314685857522,-0.013246399503670942,0.020139283097936132,0.31356265481114687,0,0,0,7.09135898379444,7.09135898379444,8.105860053287355,8.504404018645566
backward_right,31.7,-0.30000000000000004,-0.15000000000000002,0.0,-0.3311074290179461,-0.14163697082712487,-0.041344533191557856,0.1784938156004041,-0.00853288056662809,0.013942365320835395,0.3124282469864003,0,1,0,6.348442229970836,6.348442229970836,8.20857794151043,9.345190847969036
backward_right,31.720000000000002,-0.30000000000000004,-0.15000000000000002,0.0,-0.2875983464146495,-0.1306654534241953,0.001269723757861995,0.13519874900687093,-0.006128636783729362,0.007480747827077287,0.312120655203695,0,0,0,7.120405219400335,7.120405219400335,8.308588980653997,5.553114103759661
backward_right,31.740000000000002,-0.30000000000000004,-0.15000000000000002,0.0,-0.262603535818607,-0.1234904234735278,0.01972168630186602,0.1635477716230079,-0.0050771360043516955,-0.00011255835764786868,0.3123305473826706,0,0,0,8.119233103631894,8.119233103631894,8.271256274262587,5.4105808390551635
backward_right,31.76,-0.30000000000000004,-0.15000000000000002,0.0,-0.2718507542419188,-0.11189690739105308,0.05809279268685334,0.11357287248976904,-0.004610429290125673,-0.006674172850285164,0.31313770761512566,0,0,0,8.050876560619395,8.050876560619395,8.331722034237494,5.458270498144247
backward_right,31.78,-0.30000000000000004,-0.15000000000000002,0.0,-0.28613253594651405,-0.09528681162326284,0.0875908525049976,0.02501258451223222,-0.004731538455621726,-0.012697683693794738,0.31459365832621344,0,0,0,7.734472177954478,7.734472177954478,8.366563361431446,5.58963904825388
backward_right,31.8,-0.30000000000000004,-0.15000000000000002,0.0,-0.296089920753344,-0.08245182447707072,0.09898930699310654,-0.06616858255893618,-0.005299822449398217,-0.01999399669988972,0.3164079214812006,0,0,0,7.559433355695399,7.559433355695399,8.325987627741892,5.211077665591705
backward_right,31.82,-0.30000000000000004,-0.15000000000000002,0.0,-0.299930501287903,-0.07729626912137333,0.0910146477661955,-0.15386311601637154,-0.004729098611534681,-0.027869521821940108,0.3182048499562869,0,0,0,7.47674432470458,7.47674432470458,8.287684723955032,4.384303799012006
backward_right,31.84,-0.30000000000000004,-0.15000000000000002,0.0,-0.29897666717926097,-0.08304350290201584,0.0608536060387601,-0.2144890179484394,-0.0030173842423855215,-0.03470085969233372,0.3195586495018895,0,0,0,7.527672108023544,7.527672108023544,8.25151422995744,2.9808319863251223
backward_right,31.86,-0.30000000000000004,-0.15000000000000002,0.0,-0.29742087927412353,-0.0982285057796013,0.011878953953202574,-0.2372186659227007,-0.00044724421070192744,-0.03845539640941219,0.3200680246274442,0,0,0,7.588105238998472,7.588105238998472,8.217345784750734,4.332918263140321
backward_right,31.88,-0.30000000000000004,-0.15000000000000002,0.0,-0.2961592039222021,-0.11969568389525886,-0.048870842655964315,-0.1972607234027942,0.0010258784304572545,-0.0376948872042715,0.31947512176952525,0,0,0,7.538080395611359,7.538080395611359,8.209000083747032,5.714894701647076
backward_right,31.900000000000002,-0.30000000000000004,-0.15000000000000002,0.0,-0.2965446214621929,-0.14470697754722173,-0.11754909705059681,-0.09400503636688934,0.0011084753594246613,-0.031688264006057794,0.31763064393546175,0,0,0,7.408488090800267,7.408488090800267,8.199149259968102,8.149954775256028
backward_right,31.92,-0.30000000000000004,-0.15000000000000002,0.0,-0.30167121321950857,-0.16707932171502493,-0.1943533705880574,0.08346021106013264,-0.0008236457046753388,-0.020863511512268333,0.3144904371921017,0,0,0,12.280491916813272,12.280491916813272,8.191266435117658,14.214115020596818
backward_right,31.94,-0.30000000000000004,-0.15000000000000002,0.0,-0.28215945846643176,-0.14047220072359978,-0.140135021707524,0.026448102175099887,-0.011373121177053368,-0.0019925371028258823,0.31115489569449234,0,0,0,7.35124225562275,7.35124225562275,8.20428400656954,9.948432766790443
backward_right,31.96,-0.30000000000000004,-0.15000000000000002,0.0,-0.2638166990663134,-0.1377558191304413,-0.058381235864843034,-0.06413485781935187,-0.005057114493079626,0.008716613404039257,0.30927922892062915,0,0,0,8.751573358763327,8.751573358763327,8.279554257623111,6.469761406125067
backward_right,31.98,-0.30000000000000004,-0.15000000000000002,0.0,-0.26703276137014087,-0.14295615251261087,0.03251200595943825,-0.2061073512357112,0.0040238932049065056,0.016972685049086753,0.3090426872013393,0,0,0,9.85221046229696,9.85221046229696,8.261948227704561,7.735019923405399
backward_right,32.0,-0.30000000000000004,-0.15000000000000002,0.0,-0.2854005054152603,-0.1571540445656245,0.10021904456062093,-0.31236256293776615,0.01032117479320811,0.026710266324006655,0.3104517924309622,0,0,0,9.838493108475646,9.838493108475646,8.152781829306718,11.061041323841739
backward_right,32.02,-0.30000000000000004,-0.15000000000000002,0.0,-0.3046294897646568,-0.17566299291201765,0.12057395739868981,-0.34124329730734204,0.014600959224082452,0.03669004828798477,0.31272822924910476,0,0,0,8.183342970712,8.183342970712,8.101485285503145,11.016358363188544
backward_right,32.04,-0.30000000000000004,-0.15000000000000002,0.0,-0.3197467994531452,-0.19720049055857022,0.10044651623416676,-0.2822356534637236,0.01844368392034986,0.04368830901933093,0.31504649463375384,0,0,0,5.610638624986477,5.610638624986477,8.075501085147042,8.820322760950956
backward_right,32.06,-0.30000000000000004,-0.15000000000000002,0.0,-0.32693968078731306,-0.21725268123758282,0.05807701467840869,-0.181463433683093,0.021253086816721195,0.045813176685427975,0.31675624129117885,0,0,0,4.943463539441034,4.943463539441034,8.05091485204412,5.356814320990145
backward_right,32.08,-0.30000000000000004,-0.15000000000000002,0.0,-0.3287101675944035,-0.23057357916981455,0.010713885686291707,-0.10388668204974455,0.020102085186187384,0.044155012326020655,0.3175779720917464,0,0,0,5.800644836305054,5.800644836305054,8.10587844148932,2.9023614219796867
backward_right,32.1,-0.30000000000000004,-0.15000000000000002,0.0,-0.3241991068402452,-0.2402137797802063,-0.0435705467049466,-0.0583406011498488,0.014659329443856338,0.03899888214617037,0.3173676444873686,0,0,0,6.611770102343489,6.611770102343489,8.100052238400998,4.106679545795201
backward_right,32.12,-0.30000000000000004,-0.15000000000000002,0.0,-0.31456210860614536,-0.24288312448966434,-0.10862709499177459,-0.05873184578955004,0.007429003343390827,0.030287447326289123,0.31596798801532544,0,0,0,7.233082584232079,7.233082584232079,8.074145286217963,5.0620333898490975
backward_right,32.14,-0.30000000000000004,-0.15000000000000002,0.0,-0.3084003906566804,-0.202264188874118,-0.13113776211714853,-0.03411515663181468,-0.007984784884621343,0.015233755057248829,0.31364586527134397,0,0,0,7.7446655407851654,7.7446655407851654,8.049631838844626,3.4724739906174715
backward_right,32.160000000000004,-0.30000000000000004,-0.15000000000000002,0.0,-0.3024824905917472,-0.14673438391267726,-0.08523585079062801,0.028153816878082834,-0.01855950678038743,-0.0022673276675806426,0.3112226912245649,0,0,0,7.2960514738651305,7.2960514738651305,8.02643170565878,3.6084612464936257
backward_right,32.18,-0.30000000000000004,-0.15000000000000002,0.0,-0.3036441932926529,-0.11422574569698206,-0.001856019771114369,0.1475431231464035,-0.012756298875553946,-0.010679256578922212,0.31047058849424003,0,0,0,7.039918891977879,7.039918891977879,8.004469847305668,6.056471457982171
backward_right,32.2,-0.30000000000000004,-0.15000000000000002,0.0,-0.3235103077391649,-0.08854596221035686,0.0687859357208538,0.18064314248226426,-0.008735127066060146,-0.017700482157646174,0.3111526580355015,0,0,0,7.308522322302204,7.308522322302204,7.983675990104711,6.132087643434185
backward_right,32.22,-0.30000000000000004,-0.15000000000000002,0.0,-0.3492994638933704,-0.07238900029742253,0.09786819867933264,0.17344506324580497,-0.007491309446112832,-0.025528168796441056,0.3126423147356895,0,0,0,6.928440615809405,6.928440615809405,7.963984274800609,5.467375994049644
backward_right,32.24,-0.30000000000000004,-0.15000000000000002,0.0,-0.36733570186934034,-0.06020317988105696,0.09461087714013038,0.09496880381821413,-0.007408942791898233,-0.03418533985951058,0.3143314041221937,0,0,0,6.952258502346824,6.952258502346824,7.945332936056083,3.0183271580280255
backward_right,32.26,-0.30000000000000004,-0.15000000000000002,0.0,-0.3745961980456243,-0.05755601672940726,0.06573411263485966,0.01357462269275117,-0.005856826186129011,-0.04286795154090649,0.31562325275706565,0,0,0,7.2946591278635395,7.2946591278635395,7.9276640095172155,2.7975243764521194
backward_right,32.28,-0.30000000000000004,-0.15000000000000002,0.0,-0.3743050793417769,-0.06766922989274367,0.015049209854605821,-0.03137320157292091,-0.0029826940451044876,-0.05018918815231638,0.3160611860466941,0,0,0,7.804372962896933,7.804372962896933,7.91092306365767,4.8252490984983485
backward_right,32.3,-0.30000000000000004,-0.15000000000000002,0.0,-0.371777528252428,-0.09161138050514998,-0.05242227968881217,-0.016075437240788283,0.001806419935381958,-0.05367256043935652,0.31529937626419907,0,0,0,8.056975697779926,8.056975697779926,7.895058953933269,9.88787730576204
backward_right,32.32,-0.30000000000000004,-0.15000000000000002,0.0,-0.3450476727187292,-0.0765188024457652,-0.05714510737386074,-0.13754783005729726,-0.006197921470958643,-0.04577589437391134,0.31397657976538423,0,0,0,7.471123690447122,7.471123690447122,7.869659468759583,6.152805391563781
backward_right,32.34,-0.30000000000000004,-0.15000000000000002,0.0,-0.29911738871048243,-0.0870424034768906,-0.04203796535369354,-0.11225772497942078,-0.0073540585276798635,-0.03521404232164687,0.31255160035877133,0,1,0,6.665449383662235,6.665449383662235,7.863446448549823,5.628077380616016
backward_right,32.36,-0.30000000000000004,-0.15000000000000002,0.0,-0.24827728408670324,-0.11080827019985898,-0.0007594405713845509,-0.06734778314537872,-0.0022507373935630923,-0.02902913555020952,0.311997421501929,0,0,0,7.457432657207697,7.457432657207697,7.88989829794156,1.9060487175692973
backward_right,32.38,-0.30000000000000004,-0.15000000000000002,0.0,-0.2108577838021919,-0.12406296904499989,0.04156597113261984,-0.05895183197237926,-0.00029244214546511935,-0.02553166146122995,0.31228332173347256,0,0,0,7.787386119010864,7.787386119010864,7.954241846940679,5.187212703016194
backward_right,32.4,-0.30000000000000004,-0.15000000000000002,0.0,-0.18599724888027577,-0.12453552115701524,0.06696070919049316,-0.10529424255375378,-0.0016510601357852006,-0.023718339162820828,0.31329091661456976,0,0,0,7.562220177332111,7.562220177332111,7.936104029507106,5.92589549586776
backward_right,32.42,-0.30000000000000004,-0.15000000000000002,0.0,-0.18409916866920903,-0.12175029693282244,0.09758873918337654,-0.13921112301452995,-0.0032247392021669086,-0.02124418815808516,0.3148897077477375,0,0,0,6.83321924916703,6.83321924916703,7.939953359350191,5.741207221629696
backward_right,32.44,-0.30000000000000004,-0.15000000000000002,0.0,-0.19348677491886904,-0.1267825065737817,0.12173905408291981,-0.13263813281713577,-0.004043481654952692,-0.016547104930067086,0.31708653187285596,0,0,0,5.7516164286577585,5.7516164286577585,8.030376326338352,4.05405359206754
backward_right,32.46,-0.30000000000000004,-0.15000000000000002,0.0,-0.20848995286684732,-0.1374703461318361,0.12824517612265485,-0.0907711819878905,-0.0024525159859790607,-0.011426447593471367,0.3196196354945736,0,0,0,5.283347432552311,5.283347432552311,8.17186140817267,2.6173100414403114
backward_right,32.480000000000004,-0.30000000000000004,-0.15000000000000002,0.0,-0.22443835700680315,-0.15095747901849885,0.10879043923137321,-0.016815386934448263,0.00016508831635796042,-0.007602206901275504,0.32199665369147873,0,0,0,4.721270897668017,4.721270897668017,8.282943768566334,2.5457064833689
backward_right,32.5,-0.30000000000000004,-0.15000000000000002,0.0,-0.2391040178119491,-0.16531326843677444,0.06782803631703688,0.08142085524425899,0.0018289793884540117,-0.006062134617992873,0.3237341168601366,0,0,0,4.771670064810347,4.771670064810347,8.328852103875114,2.6659442455393565
backward_right,32.52,-0.30000000000000004,-0.15000000000000002,0.0,-0.25421760423405404,-0.17195422113089626,0.024538217163377053,0.12386864851704266,0.0012423381333384158,-0.00552854853970957,0.3246435005782175,0,0,0,5.131958201103007,5.131958201103007,8.331069917199851,4.231743682152748
backward_right,32.54,-0.30000000000000004,-0.15000000000000002,0.0,-0.2641175569882007,-0.17435628798441,-0.036171234043192224,0.13779342666646346,-6.460402884927801e-05,-0.005225075137215822,0.32455546774394783,0,0,0,5.296680882583239,5.296680882583239,8.325154002719575,6.018108215659338
backward_right,32.56,-0.30000000000000004,-0.15000000000000002,0.0,-0.2656015452631416,-0.1711572636006605,-0.12360498167035547,0.11468564487056042,0.0005691924165834895,-0.005898926266346034,0.32298297194133607,0,0,0,6.974419791025353,6.974419791025353,8.420527976910119,8.673339378067471
backward_right,32.58,-0.30000000000000004,-0.15000000000000002,0.0,-0.25369411361086974,-0.17362942461476527,-0.1934489723755209,0.11377587620623016,0.005162508180798817,-0.006177684659487614,0.31954677377331386,0,0,0,7.265736672236676,7.265736672236676,8.485768972774668,12.342691655443634
backward_right,32.6,-0.30000000000000004,-0.15000000000000002,0.0,-0.2331108083704567,-0.1705304440830632,-0.14661054778712623,0.2187688585560268,0.011480614328543776,0.0007545522989780519,0.31593461361156644,0,0,0,7.466392312196936,7.466392312196936,8.381604556401552,4.964796261214971
backward_right,32.62,-0.30000000000000004,-0.15000000000000002,0.0,-0.24484591442503473,-0.1492538673284253,-0.07018375809181997,0.3382073951125478,0.0032355081886958777,0.002948484792381413,0.3138430240377997,0,0,0,7.857939157107065,7.857939157107065,8.340182657092296,8.790817997131839
backward_right,32.64,-0.30000000000000004,-0.15000000000000002,0.0,-0.27413215491573484,-0.1254538153079741,0.002476336803289877,0.33252599323524706,-0.007669973285185824,0.003959930681003135,0.3132641897089484,0,0,0,9.85696003944684,9.85696003944684,8.301086253143815,11.580936117150696
backward_right,32.660000000000004,-0.30000000000000004,-0.15000000000000002,0.0,-0.2905035624302802,-0.10210829315204735,0.0382932705544187,0.2672169674379043,-0.018789863178402873,0.0027538896325774646,0.3137737021797363,0,0,0,7.849067808102104,7.849067808102104,8.264171110439353,11.26038555354117
backward_right,32.68,-0.30000000000000004,-0.15000000000000002,0.0,-0.2942180134849897,-0.08406717827250083,0.04423556865242887,0.1770414901354025,-0.02721327401149953,-0.00160271839203511,0.31469602374232597,0,0,0,7.7461156887773495,7.7461156887773495,8.229303386741815,7.817330413721098
backward_right,32.7,-0.30000000000000004,-0.15000000000000002,0.0,-0.29184958287791524,-0.07676787267720904,0.029974444291057535,0.10453255598007932,-0.029875986681196988,-0.007288963776364025,0.3155057446025885,0,0,0,7.752770452949509,7.752770452949509,8.196358730661142,5.238484585062602
backward_right,32.72,-0.30000000000000004,-0.15000000000000002,0.0,-0.2897231355670945,-0.08322502167203535,-0.007553733627471931,0.07253220612178202,-0.026430289208696296,-0.010734461440998863,0.31577289575594003,0,0,0,7.499177589864149,7.499177589864149,8.165221474686664,6.991722326666001
backward_right,32.74,-0.30000000000000004,-0.15000000000000002,0.0,-0.28992981084636993,-0.09999583902314142,-0.061524375258564044,0.09995076196325736,-0.02034013827749772,-0.009975566773520067,0.31512136710605154,0,0,0,8.308069109785201,8.308069109785201,8.154037121953923,9.990368256403253
backward_right,32.76,-0.30000000000000004,-0.15000000000000002,0.0,-0.2936773932280866,-0.12499616334792187,-0.13101056952118398,0.18338358427517448,-0.015723000496699814,-0.004004635718575026,0.3133153192218698,0,0,0,15.042746967209052,14.0,8.153853699777773,16.777746196415798
backward_right,32.78,-0.30000000000000004,-0.15000000000000002,0.0,-0.3018126568254686,-0.17444976754361466,-0.12983302258400442,0.17553175799742976,-0.0007653741842211292,0.0010298219800183635,0.31105460584251476,0,0,0,16.08013456402331,14.0,8.162554735493192,17.20274324737632
backward_right,32.8,-0.30000000000000004,-0.15000000000000002,0.0,-0.2877038804199318,-0.1943164522984564,-0.05277001957782653,-0.04625820634430755,0.007100632058144778,0.007387196436968848,0.3093905612314122,0,1,0,7.040520915685219,7.040520915685219,8.20525848291587,17.722312167963768
backward_right,32.82,-0.30000000000000004,-0.15000000000000002,0.0,-0.2675621683654706,-0.20224945264070016,-0.010856550646180206,-0.1848584485768105,0.010173058482681395,0.015719606605782446,0.30878872847197597,0,0,0,8.043542784351477,8.043542784351477,8.226088321027042,4.223080348303705
backward_right,32.84,-0.30000000000000004,-0.15000000000000002,0.0,-0.26507570955990184,-0.20744926964614413,0.04812508956423156,-0.3309625848464517,0.014034821424374797,0.025550474479972676,0.30917490314917834,0,0,0,8.044022470343931,8.044022470343931,8.19332045935294,6.008319351737261
backward_right,32.86,-0.30000000000000004,-0.15000000000000002,0.0,-0.2741860661036396,-0.22476981986946834,0.08073117679084234,-0.3570920189073716,0.019131784320358072,0.038090239521808456,0.3105100592098478,0,0,0,8.335799434958018,8.335799434958018,8.162349419199082,9.668073651348426
backward_right,32.88,-0.30000000000000004,-0.15000000000000002,0.0,-0.284695843574699,-0.25065570235818246,0.0800944606920989,-0.2927321704478928,0.027917077178429294,0.04854169824595559,0.31213677777158216,0,0,0,7.448344107450653,7.448344107450653,8.133068214699332,9.743189159129102
backward_right,32.9,-0.30000000000000004,-0.15000000000000002,0.0,-0.28904374996145465,-0.2761073318599581,0.05554834751996278,-0.17065200839832081,0.03750845448660793,0.05441215418469522,0.3135010253366711,0,0,0,5.291293525997315,5.291293525997315,8.105377109075327,8.255350911291336
backward_right,32.92,-0.30000000000000004,-0.15000000000000002,0.0,-0.28559354428995004,-0.29599185154692553,0.019385480810818388,-0.02876620902813793,0.044156439653635755,0.05594449759630517,0.3142578147442448,0,0,0,5.852112788610663,5.852112788610663,8.079183032581195,5.101935079636056
backward_right,32.94,-0.30000000000000004,-0.15000000000000002,0.0,-0.2764088027512609,-0.3084248994537522,-0.01882972567752981,0.0765653457476895,0.04558112958322108,0.054882454203552034,0.3142383063606633,0,0,0,7.0473512253780735,7.0473512253780735,8.081502812775707,3.057299182517899
backward_right,32.96,-0.30000000000000004,-0.15000000000000002,0.0,-0.2725194251824423,-0.2968535523765189,-0.014721035296300427,0.18261590336743191,0.03775255020686544,0.05097759465281005,0.3138150666442316,0,0,0,7.474813279141569,7.474813279141569,8.1804724003844,3.5248428022490623
backward_right,32.980000000000004,-0.30000000000000004,-0.15000000000000002,0.0,-0.2747400905276354,-0.26162056460665134,-0.0006220484249825388,0.2265907814223363,0.02199072285558988,0.04183246854869498,0.3137578737676012,0,0,0,6.993393795308238,6.993393795308238,8.169278193746749,2.8503901276622767
backward_right,33.0,-0.30000000000000004,-0.15000000000000002,0.0,-0.2723573057797546,-0.2016214188297605,-0.017128525492613268,0.20365657077390426,0.0018668213710182739,0.028729325356883217,0.3137510572026094,0,0,0,6.250652041271715,6.250652041271715,8.139619655249032,2.4768453663300596
combined,33.02,0.30000000000000004,0.12,0.375,-0.2781993605967019,-0.13905960139093623,-0.02186521645304527,0.10823102957932546,-0.014900627522173178,0.012325194605751183,0.3133146880010421,0,0,0,5.762219912606022,5.762219912606022,8.111573412458153,3.9328486711885353
combined,33.04,0.30000000000000004,0.12,0.375,-0.2903448322576266,-0.10743048898319885,0.025298860267447182,0.037565370001910306,-0.007608440136566046,0.004027050332305622,0.31338404963123767,0,0,0,9.272192949939438,9.272192949939438,8.155861248918828,9.67301525640323
combined,33.06,0.30000000000000004,0.12,0.375,-0.3118067176368739,-0.0948934343196609,0.03245793117434684,0.07506991184259931,-0.0001968499258553866,-0.0025612598843267817,0.31375286560272614,0,0,0,13.793895996263698,13.793895996263698,8.12693301171905,15.014789651354283
combined,33.08,0.30000000000000004,0.12,0.375,-0.3300352748262073,-0.08862052164761663,0.05229177171791375,0.17326088352489133,0.0003209373981226231,-0.008072793489752235,0.31444436514052015,0,0,0,12.284711552936091,12.284711552936091,8.072504228101241,15.237831803657725
combined,33.1,0.30000000000000004,0.12,0.375,-0.32908555460305505,-0.08343340095846118,0.04502230695993414,0.241280350289137,-0.0006027047846882095,-0.012839584071310714,0.3153371068916919,0,0,0,7.947867481850519,7.947867481850519,7.722181831269722,13.137446432289623
combined,33.12,0.30000000000000004,0.12,0.375,-0.3091547144398047,-0.08448984165280571,0.007442265959106072,0.28186009429140957,0.0011819326994858392,-0.01920728072715094,0.3157582012199782,0,0,0,8.05104279664637,8.05104279664637,7.631413462977957,7.571853358543791
combined,33.14,0.30000000000000004,0.12,0.375,-0.2745858244265545,-0.09585519726334667,-0.041767339750853436,0.3362368569652456,0.0081085119748645,-0.02783005526654179,0.31525346785890096,0,0,0,8.658161462422372,8.658161462422372,7.629846615957607,4.1702379291557765
combined,33.160000000000004,0.30000000000000004,0.12,0.375,-0.23343648890322932,-0.11012820689889406,-0.06457107982278383,0.362250657509542,0.020539721496129027,-0.03779669021675566,0.31380575386129944,0,0,0,9.37733170687505,9.37733170687505,7.62835811023967,4.839109788375072
combined,33.18,0.30000000000000004,0.12,0.375,-0.1783416017739141,-0.08476347965545974,-0.024829436687870594,0.22565264956682812,0.02048581815489659,-0.03783079521504602,0.3128514904284573,0,0,0,8.389851957058552,8.389851957058552,7.626944010337805,6.14224919953201
combined,33.2,0.30000000000000004,0.12,0.375,-0.10636545806548742,-0.0481193829025579,-0.00940835672050866,0.14074029070685612,0.011653120630737738,-0.03394095295538648,0.312378590490889,0,0,0,9.386820276369045,9.386820276369045,7.62560058026396,6.961085330174638
combined,33.22,0.30000000000000004,0.12,0.375,-0.024316882321128216,-0.009391757485277727,-0.0009754410536000098,0.07018384102767643,-0.0020468690083332588,-0.03096824308283277,0.31220222224433697,0,0,0,11.665325627362819,11.665325627362819,7.624324273240404,7.463925476606857
combined,33.24,0.30000000000000004,0.12,0.375,0.06084856061166209,0.030392135704642043,0.014221882579140196,0.1378339870979865,-0.017163957622081057,-0.030573146383776537,0.3123560773508611,0,0,0,8.480018331849912,8.480018331849912,7.623111721959283,7.886871393372715
combined,33.26,0.30000000000000004,0.12,0.375,0.13876678383190263,0.054833347860394094,0.015730317608793933,0.2246468666028175,-0.02992426109900864,-0.029841559979062036,0.3126355971638287,0,0,0,8.333443417959412,8.333443417959412,7.649320049527461,7.886871393372715
combined,33.28,0.30000000000000004,0.12,0.375,0.20466853370357263,0.06296856391733141,0.0471819751932306,0.3356913248914094,-0.0327779161674169,-0.0302160894574401,0.3132874424774626,0,0,0,8.789204117989383,8.789204117989383,7.7272818460782595,6.519331887447116
combined,33.3,0.30000000000000004,0.12,0.375,0.2568834963524922,0.06161771079690386,0.06140945786533073,0.3710113315919508,-0.03150189338471151,-0.032581971640127494,0.31451221514510463,0,1,0,8.672939850751812,8.672939850751812,7.7208835832713305,4.3621427638336545
combined,33.32,0.30000000000000004,0.12,0.375,0.28309754897820066,0.060898406606747536,0.06498284773293933,0.34039090019636087,-0.032636012358335645,-0.03462235128464569,0.31595083014701375,0,0,0,8.326328675299326,8.326328675299326,7.724731453002146,3.517669382948248
combined,33.34,0.30000000000000004,0.12,0.375,0.2909458441882904,0.06530399004656978,0.05766545254312173,0.3087678225175519,-0.03655431061760648,-0.03806154723807996,0.3173234781114339,0,0,0,8.223931109245417,8.223931109245417,7.741865828386427,2.189675726885036
combined,33.36,0.30000000000000004,0.12,0.375,0.28335861515378735,0.07011824508438222,0.061311214924985175,0.3190196377740105,-0.040703102873738115,-0.0426609134677433,0.318596638183121,0,0,0,8.060841035057251,8.060841035057251,7.761418328364062,3.5464884260449274
combined,33.38,0.30000000000000004,0.12,0.375,0.2737232896773365,0.07284593799033355,0.07510400213255189,0.32271764943265385,-0.042466945800846596,-0.04668672746777269,0.3200879264402383,0,0,0,7.61903649390016,7.61903649390016,7.8015186530851075,4.2294755320502855
combined,33.4,0.30000000000000004,0.12,0.375,0.26716151058309184,0.07472126910593695,0.08283245246086195,0.3177761393727288,-0.04237983752136789,-0.049361035255699834,0.32185308912569505,0,0,0,6.848487893259868,6.848487893259868,7.8683318374087925,4.036196692589064
combined,33.42,0.30000000000000004,0.12,0.375,0.2672537870343277,0.07640571043153258,0.07331249923949525,0.31794410286251135,-0.04237829160130809,-0.050931597821555485,0.323623473840556,0,0,0,6.045567340116218,6.045567340116218,7.948139527078119,2.872900965093068
combined,33.44,0.30000000000000004,0.12,0.375,0.27526894337276514,0.08136007547726096,0.0397451858682045,0.30404177650850533,-0.04467522192356994,-0.05185928152242288,0.3249578372033067,0,0,0,5.3290527248456145,5.3290527248456145,8.037659006341233,2.3187626158733248
combined,33.46,0.30000000000000004,0.12,0.375,0.2874776711020398,0.09166900539347017,-0.0139651380913754,0.2710991092146652,-0.05037746336925473,-0.051680225826609,0.32540919036591576,0,0,0,4.729940329760922,4.729940329760922,8.130328100190258,3.095568198311301
combined,33.480000000000004,0.30000000000000004,0.12,0.375,0.30149933783046906,0.1072306099838371,-0.08260508365813975,0.23930012428522054,-0.059542690985810706,-0.0495019627331928,0.32461356025684385,0,0,0,4.27440770913075,4.27440770913075,8.163371519519295,4.130306675517767
combined,33.5,0.30000000000000004,0.12,0.375,0.31146498618178,0.1193175494796208,-0.14245645478147523,0.2426319995459777,-0.0675137998552803,-0.044382649056700044,0.32235366925324827,0,0,0,4.243189638626722,4.243189638626722,8.14950145765722,5.182770791792283
combined,33.52,0.30000000000000004,0.12,0.375,0.3294276248699447,0.10225395177973004,-0.18563088308786688,0.21133541558819918,-0.06001243430485745,-0.03159355975398952,0.3192541450527298,0,0,0,5.039040733215131,5.039040733215131,8.12091885491833,6.702946091888975
combined,33.54,0.30000000000000004,0.12,0.375,0.3309171389487833,0.082425924089713,-0.17979265311089704,0.14614012367504456,-0.05266205552933282,-0.017442324236888983,0.3153556579090217,0,1,0,7.3574074139479375,7.3574074139479375,8.093885368014245,7.689507985060818
combined,33.56,0.30000000000000004,0.12,0.375,0.31477341428973077,0.0805192223078284,-0.09477500601086875,0.0689854027889315,-0.05683168159389388,-0.010894792599706394,0.31265723887489444,0,0,0,8.31551074599949,8.31551074599949,8.068310641003539,6.404228530302804
combined,33.58,0.30000000000000004,0.12,0.375,0.2931885026652793,0.09430731241952371,-0.04655013771587812,0.029502387834707853,-0.06294256066344474,-0.004624361227684724,0.31113272895185545,0,0,0,11.552646057461152,11.552646057461152,8.043238995839719,14.74043245809497
combined,33.6,0.30000000000000004,0.12,0.375,0.28682262521977914,0.11202628049139883,-0.014289190223746761,0.15844359884322706,-0.06372710744920743,-0.0005081963789672339,0.31023678747832595,0,0,0,13.96331750865842,13.96331750865842,8.020380525399574,16.87269338825757
combined,33.62,0.30000000000000004,0.12,0.375,0.2924387176245296,0.12247065868383013,0.009294686956097777,0.2947858954087239,-0.06170368932761236,-0.001869748949249184,0.3098369497005204,0,0,0,12.526520606222407,12.526520606222407,7.998740893589389,17.132677735261197
combined,33.64,0.30000000000000004,0.12,0.375,0.29760610877312227,0.1275928905098942,0.030448762501467313,0.44130142997044913,-0.061436915905025764,-0.005245411899275952,0.30999972507208107,0,0,0,7.78720713327219,7.78720713327219,7.978251052392331,13.71779087279399
combined,33.660000000000004,0.30000000000000004,0.12,0.375,0.2991529711682179,0.13380344182254242,0.0446626860920642,0.5209582374390538,-0.06339884907788887,-0.007746018509319927,0.3106272535965481,0,0,0,7.203466337809166,7.203466337809166,7.9588462787536045,6.9521321055212475
combined,33.68,0.30000000000000004,0.12,0.375,0.29150105600416204,0.14317051598322664,0.047205242347852075,0.5021737248520428,-0.0674785134124988,-0.006196678202377167,0.31145629899010896,0,0,0,6.2855648293823805,6.2855648293823805,7.940465861816612,2.856226584747692
combined,33.7,0.30000000000000004,0.12,0.375,0.2924161491612233,0.15576360022364483,0.028803655054749334,0.481558220661383,-0.07244419640268443,-0.0015830008517707702,0.3120815866240856,0,0,0,5.567039400609798,5.567039400609798,7.923052816942295,3.081642151339018
combined,33.72,0.30000000000000004,0.12,0.375,0.30533587690415687,0.16982415145022167,-0.006429869719092993,0.49302280109877633,-0.0748123588203524,0.003966393049335716,0.3120684367276631,0,0,0,5.33685295075803,5.33685295075803,7.912934622715888,3.287303398003298
combined,33.74,0.30000000000000004,0.12,0.375,0.3229407869443473,0.18417227472299333,-0.04315879802797544,0.527973579750101,-0.07426205463835003,0.010336995862841127,0.31123888599878546,0,0,0,5.457507790359116,5.457507790359116,7.984373459625761,3.7030053984843088
combined,33.76,0.30000000000000004,0.12,0.375,0.32400025551102524,0.17755280318512293,-0.029357600839050077,0.5141852834118066,-0.0683948733759159,0.017190163866188716,0.30991758344383097,0,0,0,6.4666107373256265,6.4666107373256265,8.004698789350002,3.6647420927766823
combined,33.78,0.30000000000000004,0.12,0.375,0.2886516787339887,0.1178903316520404,0.0350960000076388,0.356611209631938,-0.04915193695151787,0.016747383962849836,0.3098677640780362,0,0,0,6.941797207535258,6.941797207535258,7.983892777238083,3.294104713145461
combined,33.8,0.30000000000000004,0.12,0.375,0.24024737162555995,0.062273693172512946,0.07970481804862872,0.14247853671687888,-0.03515856650495965,0.01509500951326557,0.31087066280885156,0,0,0,7.745330905087544,7.745330905087544,7.999355305988701,3.247145387468798
combined,33.82,0.30000000000000004,0.12,0.375,0.20467164771126134,0.03390577331091257,0.08742408559246914,0.1295391973848713,-0.032582143829773105,0.015437275359070243,0.3124528841686862,0,0,0,11.815425212564932,11.815425212564932,7.978832873243153,12.63349959042781
combined,33.84,0.30000000000000004,0.12,0.375,0.17995704049190248,0.03521265576236354,0.056584094236343904,0.031469499997742664,-0.02744544452999529,0.011121062719186158,0.3135886355723751,0,0,0,12.521682050286906,12.521682050286906,7.959397337137695,13.766954374836327
combined,33.86,0.30000000000000004,0.12,0.375,0.17582662702070692,0.04932718952587793,0.034625780227237675,-0.07719333141342555,-0.019200797861212395,0.0025667996727287722,0.3143290170103607,0,0,0,11.750247314895379,11.750247314895379,7.940987873991212,14.562536764203418
combined,33.88,0.30000000000000004,0.12,0.375,0.180325251560118,0.06353536137850195,0.01549403247254279,-0.13278125338432484,-0.01121561210487472,-0.009202125114324045,0.3146844207123686,0,0,0,11.858304678691209,11.858304678691209,7.923547394326146,16.076514514488597
combined,33.9,0.30000000000000004,0.12,0.375,0.20494181568538544,0.07254870160516864,0.006146858319733348,-0.05052361137719225,-0.0008910688403494762,-0.020323851461928437,0.31480248281433193,0,0,0,10.518127833624748,10.518127833624748,7.847601515491064,16.05689526576066
combined,33.92,0.30000000000000004,0.12,0.375,0.21812071361585703,0.07974077801948139,0.0222630456287438,0.043536475409899855,0.008633568055188912,-0.02812636368315365,0.3151808779650401,0,0,0,10.194906303797723,10.194906303797723,7.716270522961953,8.537370748167078
combined,33.94,0.30000000000000004,0.12,0.375,0.21518851806860745,0.07954815711277552,0.03963394954527625,0.13434478050185167,0.015368233565139684,-0.031836335115116424,0.3160087807839245,0,0,0,9.041401792130587,9.041401792130587,7.581908254429219,3.3521923172816797
combined,33.96,0.30000000000000004,0.12,0.375,0.20822063511432995,0.07105613097009329,0.04486349158737882,0.22816757986583242,0.02113369511662269,-0.033259162590696896,0.3170716378982537,0,0,0,7.820407328404683,7.820407328404683,7.501745409472829,2.156981183497738
combined,33.980000000000004,0.30000000000000004,0.12,0.375,0.20722957616091509,0.06096456366949649,0.029566022949106298,0.34468294121781257,0.02445814898423994,-0.03373149583029811,0.31803828689713914,0,0,0,6.901830446236697,6.901830446236697,7.479490432079082,2.234513126252091
combined,34.0,0.30000000000000004,0.12,0.375,0.21081155249359243,0.055947285328359436,-0.003458376436701583,0.44117990701342275,0.023847661915007926,-0.032839277488042454,0.3184993259404917,0,0,0,6.499599648621742,6.499599648621742,7.497093609093255,3.2622608320263153
combined,34.02,0.30000000000000004,0.12,0.375,0.21582452691109102,0.05670267553874255,-0.05294079346347778,0.5182007562215275,0.018441417409330172,-0.02880546980108043,0.3181007606657425,0,0,0,6.177910115230498,6.177910115230498,7.53177838180239,4.497577587539814
combined,34.04,0.30000000000000004,0.12,0.375,0.2220875735060285,0.06223792586979036,-0.11577977095031819,0.5612186978363939,0.010817079189960582,-0.021164501312662246,0.31655663697847825,0,0,0,5.921633839429822,5.921633839429822,7.57717686374372,7.850582478172662
combined,34.06,0.30000000000000004,0.12,0.375,0.2327495542241721,0.05962177802948182,-0.10901370201485974,0.4950437361505899,0.013111247452747814,-0.008400275936509004,0.31430175249860426,0,1,0,6.492961334540898,6.492961334540898,7.635969741338336,4.385997626269292
combined,34.08,0.30000000000000004,0.12,0.375,0.23337591794469326,0.07722539885087017,-0.053452962048638766,0.40642822329631334,0.00854614511017616,-0.00011037066003164489,0.3127925370396472,0,1,0,7.609021698113191,7.609021698113191,7.728548591773162,2.555360526770277
combined,34.1,0.30000000000000004,0.12,0.375,0.22060161046475912,0.09535923278311022,-0.023636979346869605,0.311611581671216,0.0032992250839447993,0.006457882699643069,0.31210586308314914,0,0,0,9.02639336428469,9.02639336428469,7.72208598670257,2.48635402521025
combined,34.12,0.30000000000000004,0.12,0.375,0.20788056519174014,0.11244296650032164,-0.015334300767290868,0.23294021818774768,-0.0016214448380490571,0.010894966694508738,0.3116256329014339,0,0,0,8.46928341016175,8.46928341016175,7.715951501390734,5.669255988583117
combined,34.14,0.30000000000000004,0.12,0.375,0.210455222914329,0.11746511470077821,-0.008280533243397604,0.2552875669115453,-0.005926574679095208,0.011120826265722644,0.3112283529239564,0,0,0,7.4847073284370165,7.4847073284370165,7.702741201052511,6.884779177695579
combined,34.160000000000004,0.30000000000000004,0.12,0.375,0.21333569979463138,0.11892303642901604,0.008165688257168735,0.2923309768052249,-0.009580628464083262,0.009936032466988808,0.3111258669881732,0,0,0,6.81294865105306,6.81294865105306,7.694721321793942,5.644914359814467
combined,34.18,0.30000000000000004,0.12,0.375,0.21072004987252757,0.12312815818086756,0.022100809238288433,0.2794649638576577,-0.01402014498608186,0.009429585888872884,0.31137848316226796,0,0,0,6.548837537843082,6.548837537843082,7.689972406516507,3.671126662164455
combined,34.2,0.30000000000000004,0.12,0.375,0.20807743827725592,0.12952117104578575,0.02847734049141055,0.2359141549242807,-0.019140390558128884,0.010516928630471418,0.31185409232439637,0,0,0,6.129129257725927,6.129129257725927,7.685463321960672,2.783741567101845
combined,34.22,0.30000000000000004,0.12,0.375,0.21139544673178387,0.1363623413952762,0.026439712043906542,0.19477819701604832,-0.024230713837826892,0.012721560142143283,0.31236962929123524,0,0,0,5.737933602858195,5.737933602858195,7.681181785614793,2.92956706335933
combined,34.24,0.30000000000000004,0.12,0.375,0.22569161895904086,0.14213967142427172,0.012395053596420326,0.19124464218986356,-0.027822222761637448,0.014721230085146074,0.3126690679893743,0,0,0,5.503663790493689,5.503663790493689,7.677116160712345,2.768516582743525
combined,34.26,0.30000000000000004,0.12,0.375,0.24743613726214175,0.14715090381964327,-0.013763352167864066,0.22411332128532357,-0.02820108024443242,0.01643803541943945,0.3125139101248961,0,0,0,5.658617366449919,5.658617366449919,7.6732554206470205,3.1416560996505605
combined,34.28,0.30000000000000004,0.12,0.375,0.2731097931963945,0.15319593468224812,-0.046047972383131984,0.3187521197603508,-0.02531511812086062,0.01791398884589434,0.3117538086970706,0,0,0,6.0735781253052235,6.0735781253052235,7.742861911702487,3.5608295373539054
combined,34.300000000000004,0.30000000000000004,0.12,0.375,0.2845616765495388,0.16887722981083472,-0.019456502547272395,0.38675728783573915,-0.02824126437595158,0.020958779674637627,0.3107129417525211,0,1,0,6.186766143841096,6.186766143841096,7.798478151003561,3.699670375220677
combined,34.32,0.30000000000000004,0.12,0.375,0.2766533381555212,0.15415332011156396,0.07326547679036391,0.3672391157399218,-0.026535601569785572,0.01933534131341178,0.31124985785609627,0,1,0,6.703470048190161,6.703470048190161,7.845256863867931,2.3856488682453145
combined,34.34,0.30000000000000004,0.12,0.375,0.26561718619753844,0.1357039888539058,0.09612769185153561,0.3566681295569024,-0.0253037410499551,0.014083745065465031,0.3129190494278939,0,0,0,7.11295138343541,7.11295138343541,7.887090646656031,2.134656374062302
combined,34.36,0.30000000000000004,0.12,0.375,0.2596907589721128,0.12213875860457385,0.08304520615467795,0.35241465587599646,-0.01885385865956097,0.007101809274356213,0.3145139636314294,0,0,0,7.8127307004335345,7.8127307004335345,7.872470768979106,7.5600269697352145
combined,34.38,0.30000000000000004,0.12,0.375,0.26430632734141163,0.11331047038858853,0.06281832540928604,0.31134235013004335,-0.009515327963497742,-0.0024652031516488545,0.31582486367510415,0,0,0,13.872643388384112,13.872643388384112,7.85861181910067,16.5484004205797
combined,34.4,0.30000000000000004,0.12,0.375,0.2840563040107079,0.11809367052170001,0.037486340711950374,0.28485581777409563,-0.005942071997630871,-0.016809944189858553,0.3166716766785724,0,0,0,12.617185078282246,12.617185078282246,7.845472552366942,16.53433023008291
combined,34.42,0.30000000000000004,0.12,0.375,0.2930812099688302,0.12987307571391457,0.03959026364452102,0.2645213766425838,-0.007904754834725691,-0.03122946394584634,0.3174574858184665,0,0,0,9.919119778900448,9.919119778900448,7.77375531386615,12.559987587105102
combined,34.44,0.30000000000000004,0.12,0.375,0.2933940655473063,0.13836950405618156,0.05760506242135948,0.27250467092896763,-0.011520130921549394,-0.04234787304311054,0.31861301108499496,0,0,0,9.103710423852075,9.103710423852075,7.67326981458169,8.499053487118061
combined,34.46,0.30000000000000004,0.12,0.375,0.28498427923185504,0.13861026468729395,0.07035071265420444,0.31681940845315126,-0.01372085460430043,-0.05011214012672013,0.32015211987293835,0,0,0,7.764056148865329,7.764056148865329,7.598104271308056,4.450827817338799
combined,34.480000000000004,0.30000000000000004,0.12,0.375,0.27066050021678056,0.13251475237794383,0.06903807045126421,0.37814453006677307,-0.014812015920373556,-0.05462405992495064,0.32182905933115347,0,0,0,6.42389673396558,6.42389673396558,7.5765127722994166,3.043178432748415
combined,34.5,0.30000000000000004,0.12,0.375,0.2579949405831047,0.12627874542185655,0.046941378886229526,0.42987429691848444,-0.01663928212636034,-0.056462360461905996,0.32327034609919175,0,0,0,5.52950756939141,5.52950756939141,7.577679048504869,3.08581313835325
combined,34.52,0.30000000000000004,0.12,0.375,0.25063850729728465,0.12345237718394349,0.005329640154398315,0.4626242372588274,-0.020998381469846596,-0.0556579986326686,0.3240485449081734,0,0,0,5.005660316553535,5.005660316553535,7.592698816901368,4.257630938650837
combined,34.54,0.30000000000000004,0.12,0.375,0.2484644190207675,0.1262308947534073,-0.0521646088114167,0.49005663367200747,-0.02918804223289592,-0.05185948625098903,0.32379764807917977,0,0,0,4.798786239780381,4.798786239780381,7.672555977163899,5.642808594868412
combined,34.56,0.30000000000000004,0.12,0.375,0.24779595956027625,0.1319839179341529,-0.11533662620525921,0.5303556022325642,-0.040039973804728186,-0.04471986421129805,0.3222734229638042,0,0,0,6.357739016343084,6.357739016343084,7.739870407291715,8.220532153098773
combined,34.58,0.30000000000000004,0.12,0.375,0.26294371413318884,0.12420950488944413,-0.16015297934204983,0.4206429320877695,-0.03757075510737523,-0.0325495062386069,0.3197824455082887,0,0,0,11.26398055923656,11.26398055923656,7.732832144712052,12.487267031480958
combined,34.6,0.30000000000000004,0.12,0.375,0.2471468837631091,0.13526002248386532,-0.1004216649315896,0.3303665114933312,-0.04042431119688651,-0.02262613092069961,0.3171148293343688,0,1,0,6.47856007185552,6.47856007185552,7.72615186613389,14.577101740732012
combined,34.62,0.30000000000000004,0.12,0.375,0.23267218777308685,0.1379989013721294,-0.06711595482307821,0.23805925307254028,-0.04538814343763781,-0.01675542831215202,0.3155297561756353,0,0,0,7.636764574914041,7.636764574914041,7.719810987697198,4.499750482878563
combined,34.64,0.30000000000000004,0.12,0.375,0.2307908471157208,0.14394870912362895,-0.07313163769699052,0.23200884837196836,-0.04542285340300218,-0.012067677173327726,0.3139951702226372,0,0,0,8.126118820827145,8.126118820827145,7.71379192730863,7.065431526244737
combined,34.660000000000004,0.30000000000000004,0.12,0.375,0.24488744326270132,0.14777300170723165,-0.06832551874412844,0.2954711681485108,-0.04250540194921699,-0.012635780772715825,0.31245064763598573,0,0,0,8.62079447325233,8.62079447325233,7.702184023340305,4.703052786116214
combined,34.68,0.30000000000000004,0.12,0.375,0.25385504652346236,0.14545603026909765,-0.044436360523809636,0.39214853747105527,-0.04005301615909422,-0.015736918213555353,0.3112726926789946,0,0,0,8.87432684414281,8.87432684414281,7.667123329673046,3.1892292967816047
combined,34.7,0.30000000000000004,0.12,0.375,0.25484522709317126,0.14294355552390867,-0.00840077814060348,0.4720700504098884,-0.0407651184675555,-0.01763492579045943,0.3107573088415167,0,0,0,8.599772847484212,8.599772847484212,7.6139198641564185,2.8773864971978536
combined,34.72,0.30000000000000004,0.12,0.375,0.25174214037699894,0.145901503665941,0.017971468919066595,0.4881200905532085,-0.04582535121740449,-0.016884159276403174,0.31089595296036415,0,0,0,7.885735723167614,7.885735723167614,7.564761110108641,2.6490324328414445
combined,34.74,0.30000000000000004,0.12,0.375,0.25082888127914127,0.15288687128261097,0.025871241910197917,0.4565005986994102,-0.054221179341755195,-0.013871042262193595,0.31134151678770366,0,0,0,6.969306029362263,6.969306029362263,7.543939279557023,2.697253756929668
combined,34.76,0.30000000000000004,0.12,0.375,0.25753305127231124,0.1614701968015809,0.011994759547845974,0.42091239372331657,-0.06287093584377063,-0.009271971081713681,0.31164531595319395,0,0,0,6.304548107808103,6.304548107808103,7.5467156388973144,2.510402442888566
combined,34.78,0.30000000000000004,0.12,0.375,0.27140479671489437,0.17142793126203945,-0.018566488008505872,0.4097332459945288,-0.06852171582015064,-0.003226718022218133,0.31142410307874663,0,0,0,5.962654880040757,5.962654880040757,7.549355098605108,3.141808425037657
combined,34.800000000000004,0.30000000000000004,0.12,0.375,0.2905953803731229,0.1829570161209145,-0.05353664692005417,0.45712061475880894,-0.07072908364988179,0.004075171439976169,0.31044107729855686,0,0,0,5.901423467195162,5.901423467195162,7.603980856851578,3.6157780207163386
combined,34.82,0.30000000000000004,0.12,0.375,0.29488060831184953,0.16949581225350366,-0.0407945013710265,0.457008106363477,-0.06419755614686233,0.010273024457558143,0.3089865327559754,0,0,0,6.633159297607237,6.633159297607237,7.662395218478949,4.071402298787195
combined,34.84,0.30000000000000004,0.12,0.375,0.2691734187665028,0.10996810566363314,0.038806950120021666,0.24119766343495533,-0.046722452819447105,0.008751005635464514,0.3087286952557193,0,1,0,7.563965118725284,7.563965118725284,7.717403873606294,3.729376490711803
combined,34.86,0.30000000000000004,0.12,0.375,0.2538914867557188,0.0579890989517931,0.09570846536794915,0.11079676164675537,-0.04151772153169261,0.009624721771693812,0.31011914891622383,0,0,0,8.155095634829859,8.155095634829859,7.78802956256833,2.8832405478308107
combined,34.88,0.30000000000000004,0.12,0.375,0.2500129962748761,0.028927458125539977,0.09964598534639038,0.18781222263987707,-0.037884865505766946,0.008259487529064868,0.31193855528529946,0,0,0,9.740531585609636,9.740531585609636,7.818176678916384,10.860126026318634
combined,34.9,0.30000000000000004,0.12,0.375,0.2548555979114045,0.02110888722018269,0.053122830919317285,0.32829984463308465,-0.03374099104278357,0.0017211704938706782,0.3131895088759065,0,0,0,13.800419174164599,13.800419174164599,7.807128069565998,15.71483617481797
combined,34.92,0.30000000000000004,0.12,0.375,0.2676700463572263,0.0298137955205122,0.023962568720216976,0.3418168399430799,-0.02752963509994114,-0.009671456372301771,0.31373480930889697,0,0,0,13.02889219200454,13.02889219200454,7.796648363190592,15.543701022726575
combined,34.94,0.30000000000000004,0.12,0.375,0.28389844376369555,0.04193043796100622,0.022033931477552508,0.3125533235231199,-0.022356032117152858,-0.021839187798234252,0.31412190075073765,0,0,0,10.527098300891279,10.527098300891279,7.786707334606717,14.343566641689291
combined,34.96,0.30000000000000004,0.12,0.375,0.2953767358965401,0.052565274272319815,0.04578024026172844,0.3039272041451425,-0.01923355033978381,-0.03165450028717786,0.3149155611055209,0,0,0,10.520143560240903,10.520143560240903,7.781762671361168,9.039405838621903
combined,34.980000000000004,0.30000000000000004,0.12,0.375,0.29624072809027224,0.05756724961387885,0.07403789851282926,0.3329408903687359,-0.016381797493720495,-0.038333849364933795,0.31638108684449906,0,0,0,9.32950700422801,9.32950700422801,7.775242919117222,4.653537392049976
combined,35.0,0.30000000000000004,0.12,0.375,0.28986007500058336,0.057072812613160835,0.08771212995606081,0.39905555784443963,-0.01193345937939123,-0.04274382801247752,0.3182994184397495,0,0,0,8.014380418705835,8.014380418705835,7.676858162311561,2.2518190176646486
combined,35.02,0.30000000000000004,0.12,0.375,0.28314581914568165,0.052591131573433855,0.08181054756380551,0.46816685660646185,-0.006798743374620155,-0.04518758476963283,0.32030385960672253,0,0,0,6.753253378071346,6.753253378071346,7.6411499720759615,1.6011320013206154
combined,35.04,0.30000000000000004,0.12,0.375,0.2772132014088656,0.04898437075829535,0.055528819234211685,0.5233535335193588,-0.003136731293754144,-0.045435003906387786,0.32198008264477096,0,0,0,5.892095347958335,5.892095347958335,7.639095858892613,2.6930983487201385
combined,35.06,0.30000000000000004,0.12,0.375,0.27493392135812117,0.04726530541423508,0.011137735584798508,0.5645034502870255,-0.002552103174094338,-0.04245486485374861,0.3229030052247826,0,0,0,5.376469736257823,5.376469736257823,7.687920253062774,3.48377725849863
combined,35.08,0.30000000000000004,0.12,0.375,0.2767703084709384,0.048735035679086006,-0.04728790951031707,0.5944252235795008,-0.005956705468305959,-0.03588139305360372,0.3227568627162552,0,0,0,5.07688541612707,5.07688541612707,7.754624047549406,4.503530051811082
combined,35.1,0.30000000000000004,0.12,0.375,0.27939033122396445,0.049762615467088225,-0.12215433092854341,0.611182836756353,-0.01076549058149839,-0.026368029784811904,0.3212267252731974,0,0,0,4.113650663497546,4.113650663497546,7.830649319847375,6.105613021430876
combined,35.12,0.30000000000000004,0.12,0.375,0.2782242832962777,0.03909335803062118,-0.18062489937380974,0.6357532751993388,-0.011781264475795502,-0.014807485101036117,0.3181158047224742,0,0,0,4.357671620906625,4.357671620906625,7.869939984367381,9.806081614322737
combined,35.14,0.30000000000000004,0.12,0.375,0.26033182966729534,0.04226321959043522,-0.12051693081153568,0.5006260869986656,-0.00915413539091633,-0.0038078406256103845,0.3150153952096668,0,1,0,8.120813245395297,8.120813245395297,7.9303912025738725,4.078958249489026
combined,35.160000000000004,0.30000000000000004,0.12,0.375,0.22970120481573233,0.05170863065506308,-0.06328549070835615,0.3499274778788268,-0.009903560495285362,0.0012249888333008697,0.31329272710587996,0,0,0,8.96534547847617,8.96534547847617,7.905987482536094,2.659881651520707
combined,35.18,0.30000000000000004,0.12,0.375,0.21142184444925832,0.07133537081184567,-0.034036267991627504,0.24269617816644867,-0.011923145788562527,0.004444562262552851,0.3121851096553774,0,0,0,9.69458915840152,9.69458915840152,7.850477809886058,10.744137397592652
combined,35.2,0.30000000000000004,0.12,0.375,0.2190781437374307,0.0791475247026879,-0.028426316449566103,0.29186419531824465,-0.009986266365490111,0.0030094402326083505,0.3113364472671476,0,0,0,8.133559119025607,8.133559119025607,7.7607760743123535,11.197603160441801
combined,35.22,0.30000000000000004,0.12,0.375,0.22951229201815546,0.07612651556299885,-0.018130810155903194,0.36833242120542503,-0.004634061686059135,-0.0005719382653525317,0.3107611007499747,0,0,0,7.342535880930773,7.342535880930773,7.720168867750598,7.963592530372448
combined,35.24,0.30000000000000004,0.12,0.375,0.23179229645084942,0.07525947672085877,-0.0028074603206137286,0.3998267040177794,-0.0005223919058907489,-0.003787138726424871,0.3105422022805623,0,0,0,6.5586885171220315,6.5586885171220315,7.7141316526802015,4.0991594986642115
combined,35.26,0.30000000000000004,0.12,0.375,0.22936014836124968,0.07704387513745056,0.013351706677762766,0.37935726746124604,0.0005390004001620698,-0.005597170370185417,0.31071150265914,0,0,0,5.9103312190374435,5.9103312190374435,7.708400555425655,2.6217962357007254
combined,35.28,0.30000000000000004,0.12,0.375,0.2187683647641786,0.08458144025463941,0.022618860666615778,0.2729492993993351,-0.0015917156565733314,-0.004532756936635671,0.31118576052708696,0,0,0,5.6723057042515705,5.6723057042515705,7.702959778098201,2.8415553999796477
combined,35.300000000000004,0.30000000000000004,0.12,0.375,0.21644054335365,0.09538269718776442,0.01704816709163762,0.18935784295835723,-0.005011942816518224,-0.0022468997683942915,0.31166786116059925,0,0,0,5.537336891477304,5.537336891477304,7.697794365240924,3.386413144208634
combined,35.32,0.30000000000000004,0.12,0.375,0.2244132797399317,0.10569564915053356,-0.0017262029768470768,0.2001987225402452,-0.006883630461446193,-0.0002125648308181244,0.3118699982599104,0,0,0,5.635871300517492,5.635871300517492,7.692890156244122,3.6427873857656192
combined,35.34,0.30000000000000004,0.12,0.375,0.23790019347567956,0.11704437655212697,-0.03188772272226157,0.28442968121633105,-0.006460031453103618,0.0010803687564874998,0.3115575140706612,0,0,0,5.842353570604652,5.842353570604652,7.760405348611918,3.963264060519215
combined,35.36,0.30000000000000004,0.12,0.375,0.24002232786691519,0.14904629896204827,-0.02430436018601792,0.30312518789065984,-0.012666704517467289,0.004443417881168399,0.31090463901863163,0,0,0,5.933731830469577,5.933731830469577,7.821845155830108,4.2567059368523
combined,35.38,0.30000000000000004,0.12,0.375,0.2461271736494502,0.18456223513814676,-0.027903781407569758,0.39836956377925753,-0.026904430528661635,0.01214883852894857,0.3101948924361138,0,1,0,6.6004324286064096,6.6004324286064096,7.81867034062773,4.6241889700055525
combined,35.4,0.30000000000000004,0.12,0.375,0.2300835771348225,0.16899698066902336,0.02604757169047185,0.38492872025100616,-0.02741957116780188,0.01278574726919968,0.3101206313213066,0,0,0,7.190541241427066,7.190541241427066,7.807596288634535,2.704563532701359
combined,35.42,0.30000000000000004,0.12,0.375,0.21916755573779112,0.14175909389113803,0.044494633179149354,0.3266757772229893,-0.023643815707209376,0.008957123541688986,0.3105404462052811,0,0,0,11.815450098364543,11.815450098364543,7.7970924937006885,14.200608670820937
combined,35.44,0.30000000000000004,0.12,0.375,0.21400439457405113,0.12482029220612037,0.04154265518484836,0.2196917671205967,-0.014441091530967932,0.0034052934376067813,0.31106191494780827,0,0,0,12.037659762044518,12.037659762044518,7.787128654320764,15.13939579931193
combined,35.46,0.30000000000000004,0.12,0.375,0.2266081412345889,0.12013831168155341,0.028127182834055915,0.1937431280869057,-0.010350021322921508,-0.006773222616726744,0.3115806146026313,0,0,0,13.765377856928156,13.765377856928156,7.768202646283196,16.548411950069866
combined,35.480000000000004,0.30000000000000004,0.12,0.375,0.24269882078283753,0.1320465822062142,0.021701759472971777,0.17971448520550318,-0.011643017974792919,-0.022037625490176568,0.3119715026916916,0,0,0,10.313019701319453,10.313019701319453,7.651804948577919,14.613793018824268
combined,35.5,0.30000000000000004,0.12,0.375,0.2508387884768334,0.1468068342346391,0.03318691584357484,0.20108014350650774,-0.015943011389927177,-0.03774082683311826,0.3125803223358921,0,0,0,10.176964669170557,10.176964669170557,7.460291854697935,10.35045549286789
combined,35.52,0.30000000000000004,0.12,0.375,0.24965982415357663,0.1577625203285585,0.05053026154305782,0.28320307412242274,-0.020676204595639763,-0.050709728980819345,0.313601020197715,0,0,0,9.526048294849552,9.526048294849552,7.467163733019923,5.515959200912682
combined,35.54,0.30000000000000004,0.12,0.375,0.2450167489380785,0.1627615167860111,0.05576112477794827,0.405836076245209,-0.02450519450951908,-0.05997669846908772,0.31489504382279887,0,0,0,8.445960170991283,8.445960170991283,7.403093178240063,3.358841197812189
combined,35.56,0.30000000000000004,0.12,0.375,0.2437212883555681,0.1657701407180193,0.04800178189260192,0.5083287859779577,-0.02812785166960606,-0.06655752674836321,0.31616278475436466,0,0,0,7.464659200629811,7.464659200629811,7.359630079111664,2.3997869421292535
combined,35.58,0.30000000000000004,0.12,0.375,0.2457947908684152,0.17174411077665525,0.025508771201015086,0.5683047775528425,-0.033442074405517073,-0.07082217644022401,0.3171331201563618,0,0,0,6.663746721669509,6.663746721669509,7.357667687967272,2.1053572775289546
combined,35.6,0.30000000000000004,0.12,0.375,0.24795229331080088,0.18068764602065537,-0.009744543280010511,0.6233687951102257,-0.042433345632686664,-0.07255114496777366,0.3175078648268955,0,0,0,6.079659364962941,6.079659364962941,7.386527045607831,3.078010317520673
combined,35.62,0.30000000000000004,0.12,0.375,0.2641196813564646,0.18830585107911407,-0.033895003413684587,0.5722270530900537,-0.044634127234787574,-0.06828362873137304,0.3173438249781253,0,0,0,5.301512659904894,5.301512659904894,7.436093486053444,4.057240367444564
combined,35.64,0.30000000000000004,0.12,0.375,0.28703712766450484,0.19416543359107696,-0.0786967150720209,0.4542702427559849,-0.04358174171981881,-0.05817655635239854,0.3163993392497636,0,0,0,4.415706279786123,4.415706279786123,7.501906135608081,5.037455220176687
combined,35.660000000000004,0.30000000000000004,0.12,0.375,0.3064548025929068,0.1822353837397875,-0.12847198830338002,0.29375260235299566,-0.03871203961460276,-0.042695611507333024,0.31447988830337054,0,0,0,5.599215415673926,5.599215415673926,7.506747529155167,6.749662801860003
combined,35.68,0.30000000000000004,0.12,0.375,0.291577047527987,0.1705849895610858,-0.0919130285526271,0.1433509504255624,-0.0411388272738569,-0.027786065975124962,0.31217011904641584,0,0,0,6.812745884680733,6.812745884680733,7.511351795019909,7.263383423932147
combined,35.7,0.30000000000000004,0.12,0.375,0.26684530123973094,0.16239540944005326,-0.03743012498713819,0.04167169934684997,-0.05032019848108978,-0.020962276592776517,0.31085342590578596,0,0,0,7.363592835280634,7.363592835280634,7.515730372901089,6.277937875497115
combined,35.72,0.30000000000000004,0.12,0.375,0.25446825165427533,0.15849637537675246,-0.032362395579368854,0.07269438051745515,-0.05460492402004839,-0.017563711379559272,0.3100574501847454,0,0,0,7.783140993174624,7.783140993174624,7.519894167378659,9.78734148557649
combined,35.74,0.30000000000000004,0.12,0.375,0.26247643067524906,0.15633332890742366,-0.04029006989504113,0.1937207525626215,-0.05000228972825484,-0.017358116493530643,0.3091702499822908,0,0,0,8.164559508167178,8.164559508167178,7.523853571331028,9.4229914705091
combined,35.76,0.30000000000000004,0.12,0.375,0.2771833824076266,0.15194913121084686,-0.02914558214721683,0.33195421051009266,-0.04081288769635899,-0.01984106936295888,0.30837050122356746,0,0,0,8.24019780541629,8.24019780541629,7.512861655566219,6.927709973863196
combined,35.78,0.30000000000000004,0.12,0.375,0.2861438210893129,0.14519256019952545,-0.00966079908662126,0.45879834831036764,-0.03460205610796662,-0.02214248682142394,0.3079894845491364,0,0,0,7.865024024837566,7.865024024837566,7.491170491779471,4.597643646869689
combined,35.800000000000004,0.30000000000000004,0.12,0.375,0.29113651467070006,0.13932073196864966,-0.0017719708719467926,0.529126812131171,-0.03391156636715714,-0.02206456091240022,0.30797136377416334,0,0,0,7.3054373396340155,7.3054373396340155,7.476924273242076,2.7532723108918145
combined,35.82,0.30000000000000004,0.12,0.375,0.30407325137100083,0.13270321030817053,-0.009221583838506638,0.5784029789184155,-0.036233178583665385,-0.01971250804686731,0.30796416599252624,0,0,0,6.615874794534833,6.615874794534833,7.482150317264711,2.757355931904886
combined,35.84,0.30000000000000004,0.12,0.375,0.32497207185150634,0.12661674567487158,-0.03136628443239134,0.6395866691149514,-0.039539791886235506,-0.01596632819773624,0.3076030429212467,0,0,0,6.211722064706975,6.211722064706975,7.487957385944842,2.632656366685123
combined,35.86,0.30000000000000004,0.12,0.375,0.3488168438391021,0.12404302389452548,-0.05692308649895306,0.7059672849386281,-0.04212264709568101,-0.010873804521293723,0.30670713102631025,0,0,0,5.931559955441447,5.931559955441447,7.527363428482847,3.1693553892539645
combined,35.88,0.30000000000000004,0.12,0.375,0.366063273211454,0.13108772128248314,-0.06940862010506584,0.7150084877921369,-0.042896494829074296,-0.004173606719561294,0.30529640124679414,0,0,0,5.682534211490705,5.682534211490705,7.582754425727529,3.5979311779934218
combined,35.9,0.30000000000000004,0.12,0.375,0.35823240348645957,0.12517483557088266,0.020190590004708436,0.5788817511998432,-0.04609070439722764,0.005897755943181219,0.3045761197429068,0,1,0,7.547238315470635,7.547238315470635,7.6464416641521105,3.823483302118751
combined,35.92,0.30000000000000004,0.12,0.375,0.33488019786369194,0.08788878464024838,0.10783459161430393,0.3177388672293369,-0.039324143901964065,0.008717134290225805,0.3059245801521298,0,1,0,8.109390824004242,8.109390824004242,7.7293558017098505,1.7479962854051865
combined,35.94,0.30000000000000004,0.12,0.375,0.3107199308117275,0.05585944720106237,0.13700965059345613,0.1261277157038333,-0.03399538438096388,0.007876249408115151,0.30833255143337157,0,0,0,8.110898336902984,8.110898336902984,7.7228521888749455,2.2163745311766023
combined,35.96,0.30000000000000004,0.12,0.375,0.29704697290160936,0.040075008412489246,0.1265890127659974,0.17849327189906872,-0.030598510436003354,0.0022224594635221035,0.3107738331594447,0,0,0,7.018258604542622,7.018258604542622,7.716678819789379,7.961015897719681
combined,35.980000000000004,0.30000000000000004,0.12,0.375,0.299644103978119,0.038525542243645836,0.08571262265188603,0.30363095868892476,-0.025909702707710335,-0.007584018959143937,0.3126175161994819,0,0,0,8.136561334457404,8.136561334457404,7.710818604485084,9.489250908835348
combined,36.0,0.30000000000000004,0.12,0.375,0.3148464211287198,0.049433945834507866,0.05044927056974226,0.34783657097141313,-0.02002871866106028,-0.0198598609481164,0.3137612451776589,0,0,0,9.366350015892795,9.366350015892795,7.705255368949356,8.078693339144492
combined_reverse,36.02,-0.30000000000000004,-0.12,-0.375,0.32136397446331366,0.06121263573608348,0.05047292867458076,0.37212458879982174,-0.015773247917073668,-0.029939142394154863,0.31477258888799325,0,0,0,9.549700797177094,9.549700797177094,7.649104096393149,5.328173003240955
combined_reverse,36.04,-0.30000000000000004,-0.12,-0.375,0.31830330161997933,0.06550696680939481,0.0686189476513125,0.4166637239774209,-0.011546192140474391,-0.03660457217263344,0.3161499773272086,0,0,0,8.870721009095034,8.870721009095034,7.563874752556618,2.97404283108035
combined_reverse,36.06,-0.30000000000000004,-0.12,-0.375,0.30829060495554383,0.05896162233748825,0.08333384720392378,0.49244282910344406,-0.006081487308686428,-0.041052497471307944,0.31793177813999773,0,0,0,7.79797058253619,7.79797058253619,7.499011047737078,1.4464490810094124
combined_reverse,36.08,-0.30000000000000004,-0.12,-0.375,0.29204647725735117,0.0474407058626907,0.09307394045217907,0.5365502662089373,-0.0014595485985926622,-0.043253969078518674,0.3200030473178328,0,0,0,6.493848153914832,6.493848153914832,7.47880543505671,1.930663660242328
combined_reverse,36.1,-0.30000000000000004,-0.12,-0.375,0.2669583533318408,0.033627187496450064,0.09750539552016504,0.5359978380811534,0.0008212862903401915,-0.041680131704374776,0.3222214070563475,0,0,0,6.694709774069882,6.694709774069882,7.503879761268458,3.1297760041455263
combined_reverse,36.12,-0.30000000000000004,-0.12,-0.375,0.23103253150593636,0.011853588384229643,0.08044201931331008,0.4933935899649709,0.0008995238738222703,-0.03600342246853167,0.3242702363673509,0,0,0,6.978211802576799,6.978211802576799,7.572328943072048,4.366877461791091
combined_reverse,36.14,-0.30000000000000004,-0.12,-0.375,0.18053165937979435,-0.018948900991857205,0.029542741888984397,0.4048897637370389,0.001723381562202111,-0.028470659499694156,0.3255758781317416,0,0,0,7.251364968377707,7.251364968377707,7.633779949693359,5.5862971199804905
combined_reverse,36.160000000000004,-0.30000000000000004,-0.12,-0.375,0.12217201597006264,-0.05582000211219531,-0.059538807992656456,0.2751970903714085,0.004740733667891059,-0.021450614350237728,0.3253606820854747,0,0,0,7.750302298923731,7.750302298923731,7.632094742104673,7.0984802479304365
combined_reverse,36.18,-0.30000000000000004,-0.12,-0.375,0.0711584812936798,-0.09451084859773713,-0.1748205667328271,0.15371274097876617,0.008191439929903094,-0.017781736099577092,0.32301589124730173,0,0,0,8.232505675242628,8.232505675242628,7.630493825361825,10.215463018378113
combined_reverse,36.2,-0.30000000000000004,-0.12,-0.375,-0.01283831185077667,-0.12439600146690251,-0.09284219276584595,0.3306442595151194,0.011861799949582716,-0.012039392041510298,0.32035405840852876,0,0,0,7.659551579761751,7.659551579761751,7.7369217797464245,7.496843053403585
combined_reverse,36.22,-0.30000000000000004,-0.12,-0.375,-0.07125098369849207,-0.10346587428846674,-0.05901580941559179,0.41579356342403256,0.009224452031018538,-0.005623402948737556,0.31858754805565165,0,0,0,10.292576409589769,10.292576409589769,7.803915007166275,13.074866747699847
combined_reverse,36.24,-0.30000000000000004,-0.12,-0.375,-0.10574453749636165,-0.07363910047914411,-0.022226115121103077,0.4141847580985112,0.0065141626981764745,-0.004589916288184834,0.3176030320732913,0,0,0,6.925364784216398,6.925364784216398,7.858651995673426,12.114909652385972
combined_reverse,36.26,-0.30000000000000004,-0.12,-0.375,-0.13259136246383998,-0.05269077324387565,0.0076797423700744145,0.3591457222922265,0.0051822343492955334,-0.008869562161848912,0.31743570310042374,0,0,0,6.354589127626714,6.354589127626714,7.8908559987894975,6.988118185490693
combined_reverse,36.28,-0.30000000000000004,-0.12,-0.375,-0.15387016170472603,-0.040143112920264325,0.01904835696662721,0.2583594392764719,0.005821138458804773,-0.01663059243760714,0.3177095981784001,0,0,0,6.796481773759612,6.796481773759612,7.882202626868256,3.2869723039284087
combined_reverse,36.300000000000004,-0.30000000000000004,-0.12,-0.375,-0.17083923672032836,-0.038642610816461954,0.00934280971657232,0.12215148109050589,0.010137669891011709,-0.025688697350486154,0.3179722435655292,0,0,0,7.236943375875287,7.236943375875287,7.871518972298073,3.99664043207604
combined_reverse,36.32,-0.30000000000000004,-0.12,-0.375,-0.18470878884269049,-0.05131723323174766,-0.022956137178223715,-0.0027686089547649595,0.016534537418826264,-0.03315224970243189,0.3177622121480688,0,0,0,7.5781958466799,7.5781958466799,7.857709499418931,5.237678826346781
combined_reverse,36.34,-0.30000000000000004,-0.12,-0.375,-0.20016911402603219,-0.07493608857028972,-0.07391436069052632,-0.105802316693475,0.022756689290329507,-0.03651086115609114,0.31670209258725335,0,0,0,7.373057383461566,7.373057383461566,7.917615791083147,7.216231796323286
combined_reverse,36.36,-0.30000000000000004,-0.12,-0.375,-0.19684307993016137,-0.06303749029086844,-0.07460652127051161,-0.27325208148148034,0.011763304621900894,-0.028219293821534718,0.3152572660954115,0,0,0,5.726898725802871,5.726898725802871,8.019199112177642,4.006121975635916
combined_reverse,36.38,-0.30000000000000004,-0.12,-0.375,-0.1836758885510789,-0.05051150109601226,-0.08684578622301421,-0.32866074213920526,-0.0027756047001317413,-0.01345125906435844,0.31331679801813217,0,1,0,6.228003260708885,6.228003260708885,7.997622354839216,3.7810871597373694
combined_reverse,36.4,-0.30000000000000004,-0.12,-0.375,-0.17386327801241647,-0.060096563529475094,-0.03251410894643944,-0.40621105696285864,-0.00118551720638447,-0.005392213808009101,0.31213554928691983,0,0,0,7.668007588285953,7.668007588285953,7.979968985241005,3.4547723182371857
combined_reverse,36.42,-0.30000000000000004,-0.12,-0.375,-0.17747972061996153,-0.07286300407918869,0.020702713132979805,-0.48513879649188296,0.0011406809719064965,-0.0008634501851356063,0.31205738112182685,0,0,0,8.524172273064318,8.524172273064318,7.960473371579944,3.8646661036846637
combined_reverse,36.44,-0.30000000000000004,-0.12,-0.375,-0.20252025692895798,-0.08533201676318444,0.07441377654596765,-0.4770427916140926,0.0017808301898297376,0.0034518152759733457,0.31312132368156914,0,0,0,7.2501933029514145,7.2501933029514145,7.942007183474075,3.8100893725135516
combined_reverse,36.46,-0.30000000000000004,-0.12,-0.375,-0.23354163302939354,-0.1014322677985044,0.10999448032831555,-0.4353826729724011,0.003076200942888116,0.009590926926966226,0.3151010288271441,0,0,0,6.341438599118015,6.341438599118015,7.945568610091076,3.759614720196378
combined_reverse,36.480000000000004,-0.30000000000000004,-0.12,-0.375,-0.26162813202778207,-0.12165487100078146,0.1133165779110398,-0.3589621091311364,0.005752388354965701,0.015633067077010482,0.3174538867954899,0,0,0,5.509194574009295,5.509194574009295,8.002469762065434,2.702738175618737
combined_reverse,36.5,-0.30000000000000004,-0.12,-0.375,-0.2829118677404831,-0.1429849207638877,0.08620155227999603,-0.2691989166243779,0.008448626217305646,0.019385823792962883,0.3195436641167226,0,0,0,4.878084357848781,4.878084357848781,8.084399746696242,2.7240574617958373
combined_reverse,36.52,-0.30000000000000004,-0.12,-0.375,-0.29519972504438835,-0.16250102609473974,0.04268272212802117,-0.18700137252163207,0.009601912503128956,0.019367554542809882,0.32088816941443987,0,0,0,4.65219390984973,4.65219390984973,8.190653792422946,2.6932549251521594
combined_reverse,36.54,-0.30000000000000004,-0.12,-0.375,-0.29980647022074214,-0.17023717178784395,-0.011457970213825847,-0.188438836055466,0.00711004441658802,0.016530593620993687,0.3212296141752077,0,0,0,5.472446018990278,5.472446018990278,8.288685280166415,2.588161520189832
combined_reverse,36.56,-0.30000000000000004,-0.12,-0.375,-0.3016634408215838,-0.16935951161259793,-0.0719722843948248,-0.2906194266366346,0.001212694234478716,0.013002363217998194,0.32043025290376104,0,0,0,5.745244394126455,5.745244394126455,8.365941398587722,3.374141045717254
combined_reverse,36.58,-0.30000000000000004,-0.12,-0.375,-0.30498738224604316,-0.16269742034879925,-0.1443987472630214,-0.45941064856690167,-0.005347074312449386,0.01017949658658901,0.3183428088281976,0,0,0,5.428723389898183,5.428723389898183,8.431022683945457,3.851646678396038
combined_reverse,36.6,-0.30000000000000004,-0.12,-0.375,-0.3024624216814381,-0.15160926876411876,-0.19274702819616019,-0.5762980310296731,-0.007428174359029301,0.008038391454106902,0.3147160290676224,0,1,0,5.54876664970595,5.54876664970595,8.502149196264963,6.341978772682343
combined_reverse,36.62,-0.30000000000000004,-0.12,-0.375,-0.2873559178215561,-0.12264161231849391,-0.08386177188375471,-0.34645898364718836,-0.004254754721375646,0.007945541290740429,0.3121826163605457,0,0,0,7.897068293931533,7.897068293931533,8.577038500961574,3.391692353013028
combined_reverse,36.64,-0.30000000000000004,-0.12,-0.375,-0.2815045569093277,-0.1022820447345902,0.0041013669456002435,-0.09339938576592112,-0.0033682824672703767,0.005688323450685136,0.3115775303233661,0,0,0,7.9534820383702876,7.9534820383702876,8.623404946394125,4.948807823369975
combined_reverse,36.660000000000004,-0.30000000000000004,-0.12,-0.375,-0.30224060579187767,-0.08483925803974333,0.08567996181365593,0.002868210291576464,-0.009591349900032303,0.00351969523581059,0.3126782727385772,0,0,0,7.9280544964211925,7.9280544964211925,8.568107354524706,5.8044643006885615
combined_reverse,36.68,-0.30000000000000004,-0.12,-0.375,-0.3178315751227571,-0.0663709097331907,0.11714060212440656,-0.01814387803051529,-0.021099126936629096,0.000794628613959507,0.31482550373548207,0,0,0,7.49976122117199,7.49976122117199,8.51602860976886,7.60242824000396
combined_reverse,36.7,-0.30000000000000004,-0.12,-0.375,-0.3228294833448563,-0.050305264167692314,0.1053932999251147,-0.11068252841393784,-0.03221018478951242,-0.002824002082913293,0.31708829912582137,0,0,0,7.2237065251202734,7.2237065251202734,8.46695651311181,6.9816683764979945
combined_reverse,36.72,-0.30000000000000004,-0.12,-0.375,-0.322723437568094,-0.038939720828863066,0.07478124589210726,-0.1987555264890746,-0.037534996035203584,-0.006369822523014498,0.3188769712929867,0,0,0,7.118640768806058,7.118640768806058,8.420695551129267,4.979898482570035
combined_reverse,36.74,-0.30000000000000004,-0.12,-0.375,-0.3245488594097249,-0.035771856078914165,0.034889251437468904,-0.25312921242242603,-0.03536448811011286,-0.008180806248445147,0.3199662852676814,0,0,0,7.059755761750055,7.059755761750055,8.392403263598254,6.803744408689451
combined_reverse,36.76,-0.30000000000000004,-0.12,-0.375,-0.32883470133630294,-0.04224607154575217,-0.016029269790583854,-0.2659943025458337,-0.02874877181090296,-0.006575813680194426,0.32020702273457263,0,0,0,9.40929821994122,9.40929821994122,8.398649392998504,11.106411700873043
combined_reverse,36.78,-0.30000000000000004,-0.12,-0.375,-0.33294043593754913,-0.056068830501441395,-0.07865148138536507,-0.23790367324084263,-0.020781993856460075,-0.0008673189335747571,0.31942429803692973,0,0,0,15.207263726310442,14.0,8.409838264620888,16.70702800043313
combined_reverse,36.800000000000004,-0.30000000000000004,-0.12,-0.375,-0.33120819390947687,-0.06929987803106415,-0.15484202115602685,-0.18514178528059408,-0.014520903931335339,0.008550944335190576,0.3173573110233755,0,0,0,17.28527920419883,14.0,8.428261470081686,17.783140132892886
combined_reverse,36.82,-0.30000000000000004,-0.12,-0.375,-0.3250086518780716,-0.08951147059141343,-0.1328629039357561,-0.2419050651635314,-0.00621977434208971,0.016054814904988085,0.3143429684632113,0,1,0,5.957040040762947,5.957040040762947,8.388377054291173,18.266245899731256
combined_reverse,36.84,-0.30000000000000004,-0.12,-0.375,-0.2948907414611152,-0.10296873305406133,-0.07802594518770893,-0.2697288566054835,-0.008052383603845517,0.023511880935038993,0.31247852681123184,0,1,0,7.471893404861468,7.471893404861468,8.048110348492777,3.9637409369696264
combined_reverse,36.86,-0.30000000000000004,-0.12,-0.375,-0.2821190363280989,-0.11090356003433752,0.001089729600983332,-0.36640466675619937,-0.012241700593368737,0.031144730253661438,0.31195346214957315,0,0,0,8.945456751593317,8.945456751593317,8.146350961575415,4.815793594124749
combined_reverse,36.88,-0.30000000000000004,-0.12,-0.375,-0.2936143789174837,-0.11796893418520467,0.08975544571083163,-0.4924083078164466,-0.016203050189432026,0.042232356421360404,0.3131223317864165,0,0,0,8.7399529987851,8.7399529987851,8.192971288028563,4.994683362848839
combined_reverse,36.9,-0.30000000000000004,-0.12,-0.375,-0.31296629859952657,-0.14430692153063035,0.1095807553353261,-0.46252069778638616,-0.013262578906171258,0.05281475009337576,0.31548790856766756,0,0,0,7.215053510281419,7.215053510281419,8.190744885441347,5.522410137706686
combined_reverse,36.92,-0.30000000000000004,-0.12,-0.375,-0.3243026189374024,-0.17589767857257024,0.07364373433229347,-0.3522399458913324,-0.003992140895110974,0.05481101942734978,0.31758075251676454,0,0,0,6.031027507845609,6.031027507845609,8.291162903595442,6.947603643762815
combined_reverse,36.94,-0.30000000000000004,-0.12,-0.375,-0.3231180698122909,-0.1991017113583601,0.013857944466195812,-0.23374064518752022,0.002351411352284355,0.04993789632423792,0.31860498690757166,0,0,0,8.336403252615385,8.336403252615385,8.360594309902446,9.482019396079075
combined_reverse,36.96,-0.30000000000000004,-0.12,-0.375,-0.31467530995149773,-0.21332335867867125,-0.0463356306017614,-0.1501986537078373,0.0010233311073444369,0.04189953256584302,0.31827323529328594,0,0,0,13.158432730646435,13.158432730646435,8.34603131579167,14.10777737203005
combined_reverse,36.980000000000004,-0.30000000000000004,-0.12,-0.375,-0.30570430067138005,-0.2194919385598448,-0.0966353652919947,-0.16688168968837455,-0.00801074650761546,0.03241556539949269,0.31674874311879936,0,0,0,13.740974828178057,13.740974828178057,8.266515500888083,14.968669829206544
combined_reverse,37.0,-0.30000000000000004,-0.12,-0.375,-0.3006535530425012,-0.22080345891030215,-0.1339929332904564,-0.2962970169452577,-0.02096713477333221,0.02189984192846906,0.31437636461245194,0,0,0,13.85074757149421,13.85074757149421,7.892076161865312,15.660983400689037
combined_reverse,37.02,-0.30000000000000004,-0.12,-0.375,-0.29194809463884286,-0.21740046430093096,-0.08484757197532936,-0.39249350684581374,-0.019084118129660745,0.01908495034446965,0.31222294408753676,0,1,0,5.87015271111206,5.87015271111206,7.52589456478238,15.660983400689037
combined_reverse,37.04,-0.30000000000000004,-0.12,-0.375,-0.2784306624002776,-0.1689252473388019,-0.041487894885490775,-0.4113850997701475,-0.020290683730881814,0.014256690048822874,0.31122009916278925,0,1,0,7.235494836408156,7.235494836408156,7.529559178634798,2.8364896994301265
combined_reverse,37.06,-0.30000000000000004,-0.12,-0.375,-0.28137977815144544,-0.10702281852758071,-0.0030204610573118604,-0.4167152033371341,-0.019711906110643804,0.003078634625426276,0.3108899396873563,0,0,0,7.762633077153509,7.762633077153509,7.533043613299746,3.407746807011606
combined_reverse,37.08,-0.30000000000000004,-0.12,-0.375,-0.29752730827364027,-0.07029481885258358,0.034178000393662394,-0.3154544163164209,-0.013279736147899257,-0.012328412179278105,0.31105901725678425,0,0,0,6.494560946603736,6.494560946603736,7.536356627463594,6.246900999448292
combined_reverse,37.1,-0.30000000000000004,-0.12,-0.375,-0.3197475841423207,-0.06306204701937558,0.09029675759360706,-0.15379936314602805,-0.0028605952463107653,-0.024347142329737892,0.31207703476813314,0,0,0,6.842527619466708,6.842527619466708,7.539506563692157,7.341756160204397
combined_reverse,37.12,-0.30000000000000004,-0.12,-0.375,-0.34348045413706496,-0.05458428693838235,0.13566994169198032,-0.07939691193962549,0.0032689236496637594,-0.03100569066951386,0.3141431627622001,0,0,0,6.7950976551010696,6.7950976551010696,7.54250136726975,6.924404712315863
combined_reverse,37.14,-0.30000000000000004,-0.12,-0.375,-0.36452449483003696,-0.04259543031116362,0.1471154562667975,-0.07798426243813811,0.0045384261970983315,-0.03577019156297479,0.31673778173779377,0,0,0,6.145804484477882,6.145804484477882,7.545348604275947,4.976576228421443
combined_reverse,37.160000000000004,-0.30000000000000004,-0.12,-0.375,-0.38064908743649395,-0.03453745916309928,0.11803634754168052,-0.12573285937063394,0.003977319168117455,-0.04029587437206479,0.31909362298093213,0,0,0,5.902098678896839,5.902098678896839,7.548055478921864,2.8798444130312717
combined_reverse,37.18,-0.30000000000000004,-0.12,-0.375,-0.39065464375385106,-0.03687208570732465,0.052764438693638074,-0.18669204146314416,0.004712902712135852,-0.0430774202595142,0.3204341809340973,0,0,0,6.10121317755284,6.10121317755284,7.596025197712407,2.9004048636017803
combined_reverse,37.2,-0.30000000000000004,-0.12,-0.375,-0.39511469560079665,-0.04973519186653933,-0.02997169937497826,-0.2123436550197103,0.007862358129122084,-0.04155105027493655,0.32026201270728055,0,0,0,6.449819789944099,6.449819789944099,7.650803788062937,4.0613169724333025
combined_reverse,37.22,-0.30000000000000004,-0.12,-0.375,-0.3917259262886834,-0.07049987749428384,-0.1257992971277304,-0.1823824924822226,0.012091548789356673,-0.035465587251257924,0.31837109863831414,0,0,0,6.680361513487183,6.680361513487183,7.6940653122341445,5.821757092998799
combined_reverse,37.24,-0.30000000000000004,-0.12,-0.375,-0.3617171996675128,-0.06678889343205581,-0.18240399659409676,-0.17349146728963497,0.006826216282944024,-0.023144451857409886,0.314956688764579,0,0,0,6.238058385991901,6.238058385991901,7.728664734236084,7.026048491815357
combined_reverse,37.26,-0.30000000000000004,-0.12,-0.375,-0.3100586222072106,-0.07179391078968281,-0.14171533210032805,-0.1714607713403749,-0.000250612598173104,-0.00869943827427701,0.31121848319751155,0,1,0,8.385270844706413,8.385270844706413,7.772078523059072,5.743683805321982
combined_reverse,37.28,-0.30000000000000004,-0.12,-0.375,-0.2775926976436642,-0.08691170783359468,-0.03644853016091765,-0.2914347929439391,-7.422644970063879e-05,-0.0025386789540608155,0.30952566205355136,0,0,0,9.843462850879533,9.843462850879533,7.791460242144879,5.696560878730914
combined_reverse,37.300000000000004,-0.30000000000000004,-0.12,-0.375,-0.2845159521596927,-0.09955844965877841,0.06570923766253609,-0.4347539295879211,-0.001880734251616999,0.00039172604946103657,0.3099824920361452,0,0,0,9.838132800527786,9.838132800527786,7.895605603979483,5.625784471031244
combined_reverse,37.32,-0.30000000000000004,-0.12,-0.375,-0.30441393691062835,-0.11279411166891487,0.1327443165292779,-0.48941685459382495,-0.0006495033457371476,0.0031763766024301325,0.31218984819391615,0,0,0,7.012543687026628,7.012543687026628,8.005606507041325,3.9231395564764773
combined_reverse,37.34,-0.30000000000000004,-0.12,-0.375,-0.31932280158337806,-0.12946494737920702,0.14214340720458435,-0.42732349246283213,0.002842138156428506,0.005559693386169236,0.31511002333071536,0,0,0,5.6951555051382785,5.6951555051382785,8.13546491942148,3.681604505048801
combined_reverse,37.36,-0.30000000000000004,-0.12,-0.375,-0.32680481526233657,-0.14711870792096757,0.11142642021804347,-0.28607068970376814,0.005724373399241404,0.00498932021969418,0.31774416201934474,0,0,0,5.847954608084041,5.847954608084041,8.227436888535795,5.069239538904799
combined_reverse,37.38,-0.30000000000000004,-0.12,-0.375,-0.3306923541076297,-0.15904518683108934,0.06752509756133082,-0.17564239824743544,0.004166202209678693,0.001242769005347685,0.3195832307226143,0,0,0,6.424263746669902,6.424263746669902,8.292824401989932,6.839666492360059
combined_reverse,37.4,-0.30000000000000004,-0.12,-0.375,-0.33345468432464587,-0.1569590376315445,0.011078014380633163,-0.16120642319316744,-0.0033997467924146395,-0.002784836455253773,0.320457336824437,0,0,0,7.810282533647976,7.810282533647976,8.363745408394202,9.362966279803251
combined_reverse,37.42,-0.30000000000000004,-0.12,-0.375,-0.3343766760750396,-0.14030467028336696,-0.07073531358481956,-0.239422444733342,-0.015496293295719374,-0.0037517415716417026,0.3200278151883753,0,0,0,13.26879961142974,13.26879961142974,8.381468714637474,14.848015968277446
combined_reverse,37.44,-0.30000000000000004,-0.12,-0.375,-0.3328582477196647,-0.13419132496535066,-0.12089206509760603,-0.2527837197205172,-0.022694027438880656,0.0006021699214030115,0.31803825422292176,0,0,0,6.200196545176162,6.200196545176162,8.221005822252586,16.53644209118784
combined_reverse,37.46,-0.30000000000000004,-0.12,-0.375,-0.30296260464939767,-0.13617814418435262,-0.21099498745611858,-0.44090160342271595,-0.009069862049712466,0.014284043271957684,0.3146838166480416,0,0,0,4.015283137056424,4.015283137056424,7.847578494357585,8.339285622635265
combined_reverse,37.480000000000004,-0.30000000000000004,-0.12,-0.375,-0.26814213383994573,-0.10262574249715645,-0.18719463640848963,-0.4063818730040942,0.0006360988037860996,0.025607997974190787,0.31031137857171986,0,0,0,9.905547103525283,9.905547103525283,7.900394908099965,5.810851048084242
combined_reverse,37.5,-0.30000000000000004,-0.12,-0.375,-0.2525010326855704,-0.061899095409182474,-0.060738777791216204,-0.2408126031980358,-0.0018720541474753231,0.023041103231094887,0.3079788307019029,0,0,0,9.999148514136724,9.999148514136724,7.905706417246897,4.133977960301296
combined_reverse,37.52,-0.30000000000000004,-0.12,-0.375,-0.25232350104508466,-0.038487868573681666,0.07116164962026664,-0.08401831359855237,-0.007152651533862106,0.016229116331692082,0.30827340536865955,0,0,0,9.193012363150304,9.193012363150304,7.857105154957122,5.736729251192016
combined_reverse,37.54,-0.30000000000000004,-0.12,-0.375,-0.2562796201455556,-0.02178106068622934,0.14485237159595604,-0.059942002025657165,-0.014342869756167052,0.009349469093478282,0.31063260395964487,0,0,0,8.047602722826811,8.047602722826811,7.785134615814776,5.807920052543349
combined_reverse,37.56,-0.30000000000000004,-0.12,-0.375,-0.2574160044269023,-0.0093130199711851,0.15281734915451683,-0.13232113517169816,-0.01914141245313391,0.0039007670586002244,0.31367785273039234,0,0,0,6.876047478610691,6.876047478610691,7.755543543766056,4.917247272480836
combined_reverse,37.58,-0.30000000000000004,-0.12,-0.375,-0.25899313469082397,0.002174680921547212,0.12464695891724664,-0.24714306159351934,-0.022361685198035223,-0.0008468871074921806,0.3164343343380391,0,0,0,6.266895814901691,6.266895814901691,7.747706644131689,3.214907100467655
combined_reverse,37.6,-0.30000000000000004,-0.12,-0.375,-0.2650917674548117,0.007695943024189704,0.08347469784114173,-0.3354543369761844,-0.02372751714520155,-0.004127204264935237,0.31845562480904527,0,0,0,6.111196965755507,6.111196965755507,7.777507341529727,2.9312449241444414
combined_reverse,37.62,-0.30000000000000004,-0.12,-0.375,-0.2740976929569113,0.00495548719041933,0.02851263451375475,-0.37588916098015385,-0.02264980020008075,-0.002947281273932949,0.31952652820247723,0,0,0,5.974336043048335,5.974336043048335,7.8282378499004714,2.6550196610633106
combined_reverse,37.64,-0.30000000000000004,-0.12,-0.375,-0.27448111678827775,-0.0032262379221369565,-0.04731467954721921,-0.35905605847595456,-0.02112735024752497,0.0028460336839013114,0.3193222053737445,0,0,0,5.896312146445353,5.896312146445353,7.881953793661051,3.6921325287185045
combined_reverse,37.660000000000004,-0.30000000000000004,-0.12,-0.375,-0.2644834549227806,-0.029980095494462906,-0.09864407329628198,-0.3403589977463901,-0.0166881914186205,0.009456740131316706,0.31766447174459345,0,0,0,5.816607221530979,5.816607221530979,7.940153243271567,4.162371316230734
combined_reverse,37.68,-0.30000000000000004,-0.12,-0.375,-0.25162058060979436,-0.0956986949548528,-0.11190309482227849,-0.30256461336511803,-0.0010482923692777088,0.00513370729321956,0.31568436159583413,0,0,0,6.376927648049712,6.376927648049712,8.007265846805012,8.049410267211536
combined_reverse,37.7,-0.30000000000000004,-0.12,-0.375,-0.23289630685256685,-0.13173922581321507,-0.04095832990687794,-0.3612461145056723,0.00629890541131766,-0.0012069830283681683,0.3141289600164343,0,0,0,8.293680694164912,8.293680694164912,8.079113878920072,9.993619685728097
combined_reverse,37.72,-0.30000000000000004,-0.12,-0.375,-0.22568849995552936,-0.1395523556346023,0.03194328772554223,-0.47423883616693413,-0.0002257896574548421,-0.0005828276019782448,0.3142715088669544,0,0,0,7.425298875255921,7.425298875255921,8.168303719837255,4.491784944838971
combined_reverse,37.74,-0.30000000000000004,-0.12,-0.375,-0.24186684067049766,-0.14950816695210822,0.08549904203045602,-0.5634757815849332,-0.0009937688165208662,0.003627356038931922,0.31557902229072643,0,0,0,6.78407489326563,6.78407489326563,8.239999253631535,4.002738755574678
combined_reverse,37.76,-0.30000000000000004,-0.12,-0.375,-0.258479969521409,-0.17038742330954665,0.11125034671207165,-0.5540604810417277,0.006583449810490178,0.008883593511448124,0.317710743997141,0,0,0,5.626475575913997,5.626475575913997,8.365295930748712,4.510987947254145
combined_reverse,37.78,-0.30000000000000004,-0.12,-0.375,-0.2671189038077508,-0.19492108717763426,0.10059308065214467,-0.45673262425962835,0.018016294799355632,0.011123402364298858,0.3199402813116074,0,0,0,5.526558778170386,5.526558778170386,8.35902085191212,4.510987947254145
combined_reverse,37.800000000000004,-0.30000000000000004,-0.12,-0.375,-0.26498934395645357,-0.21610674926441611,0.06561047247400187,-0.3273491511268366,0.025581223215667612,0.009094577074915585,0.32163248028779917,0,0,0,6.370292039798463,6.370292039798463,8.42058860636816,5.174798078318553
combined_reverse,37.82,-0.30000000000000004,-0.12,-0.375,-0.2545657932716263,-0.2289583833546924,0.023420138770007065,-0.23308542766782916,0.026844410283006735,0.003714018000851043,0.3224923806560513,0,0,0,7.4917548165603165,7.4917548165603165,8.53478009402933,6.664693947003431
combined_reverse,37.84,-0.30000000000000004,-0.12,-0.375,-0.24301766160330376,-0.23046448688180576,-0.025245826081138054,-0.21839266992880815,0.022287920418928422,-0.002228889089421319,0.3224665239401609,0,0,0,7.892358102037562,7.892358102037562,8.658614670339656,9.400777202851689
combined_reverse,37.86,-0.30000000000000004,-0.12,-0.375,-0.23451765830030932,-0.2205806749832311,-0.09340003253747531,-0.2858960689274459,0.014979056472143005,-0.005409696315612481,0.321363061721973,0,0,0,13.823990618281506,13.823990618281506,8.72113753230117,15.307321528853551
combined_reverse,37.88,-0.30000000000000004,-0.12,-0.375,-0.22942023111698076,-0.2068552622584803,-0.1679177423111139,-0.38320862302228526,0.011649280574603156,-0.0036777387529854755,0.3189101504143303,0,0,0,15.733207773086777,14.0,8.575526607641507,16.79502852226129
combined_reverse,37.9,-0.30000000000000004,-0.12,-0.375,-0.20876661828787663,-0.20908407740321813,-0.16689868912228448,-0.3607713343284245,0.029826014542359888,0.009676165344551551,0.3156294626042969,0,1,0,8.32529992697306,8.32529992697306,8.194153166235033,11.875040137092192
combined_reverse,37.92,-0.30000000000000004,-0.12,-0.375,-0.21010609782715958,-0.14230555680581497,-0.08319354376408197,-0.2854756213332712,0.03323537682301728,0.012486509050180908,0.3132141687756046,0,0,0,8.991583776004543,8.991583776004543,8.277201023310464,4.917387947994911
combined_reverse,37.94,-0.30000000000000004,-0.12,-0.375,-0.22167672038551875,-0.10458014158166097,0.012884554413957186,-0.23787176753198966,0.03123136838925945,0.004066560800160524,0.312624651518703,0,0,0,8.076826762980641,8.076826762980641,8.309678282629314,9.186467514801542
combined_reverse,37.96,-0.30000000000000004,-0.12,-0.375,-0.2342188437642554,-0.09132546842047756,0.09810632204309441,-0.1998848740365537,0.020386519603690673,-0.006347649737452849,0.31375288286387515,0,0,0,7.96954297005766,7.96954297005766,8.289213441855871,9.379418903134018
combined_reverse,37.980000000000004,-0.30000000000000004,-0.12,-0.375,-0.24502232116787184,-0.08498843891319921,0.13099307138317032,-0.25243180670922294,0.005379588342480746,-0.012596001337384331,0.31607314849871226,0,0,0,7.060861059750188,7.060861059750188,8.252958083970618,7.707368489541144
combined_reverse,38.0,-0.30000000000000004,-0.12,-0.375,-0.25156472270042435,-0.07778964330081363,0.11719794217835895,-0.3587085986223619,-0.006571894592701435,-0.01477501862744566,0.31851186906580226,0,0,0,6.395862322018524,6.395862322018524,8.218709937218723,5.074907361941903
combined_reverse,38.02,-0.30000000000000004,-0.12,-0.375,-0.2582694338743637,-0.0700668688521085,0.08554635293041299,-0.4490061965927784,-0.012173180935017968,-0.014689423347209548,0.3204968229116632,0,0,0,5.861066838445015,5.861066838445015,8.248439374747417,4.306892272860525
combined_reverse,38.04,-0.30000000000000004,-0.12,-0.375,-0.2664821812663021,-0.06729615355845878,0.03843604440251562,-0.4798609954276539,-0.011276571288245371,-0.012861925365281374,0.3216931789287329,0,0,0,5.5666652989313645,5.5666652989313645,8.297125077302201,5.86914646404525
combined_reverse,38.06,-0.30000000000000004,-0.12,-0.375,-0.27764812915631454,-0.06984639221487773,-0.02151511991712957,-0.4374505290781385,-0.005377612052935291,-0.008422941554878206,0.32187590477871664,0,0,0,6.312884544202479,6.312884544202479,8.354704394703727,8.288331875949108
combined_reverse,38.08,-0.30000000000000004,-0.12,-0.375,-0.29225489060632825,-0.07876434992773695,-0.10257964823713953,-0.33874820095654373,0.0014606940692465462,-0.0011426052422059275,0.32074657007200075,0,0,0,12.27350024334902,12.27350024334902,8.38212489975616,14.198896807909755
combined_reverse,38.1,-0.30000000000000004,-0.12,-0.375,-0.30814309259360134,-0.0857897305971433,-0.18912283427499257,-0.2171196999036014,0.005659892244202789,0.00836884360424835,0.31802966153228707,0,1,0,16.724312053944715,14.0,8.340673692428496,17.663463049612805
combined_reverse,38.12,-0.30000000000000004,-0.12,-0.375,-0.31721357206612033,-0.09883278148958322,-0.1160090358406585,-0.2581187286805232,0.009856558244697068,0.01523270651194341,0.31513955577811115,0,1,0,7.169548614100135,7.169548614100135,8.301549808358217,17.989367227754432
combined_reverse,38.14,-0.30000000000000004,-0.12,-0.375,-0.3114021042238945,-0.11226535250393016,-0.06439447172318376,-0.3224009037073125,0.008910502140306868,0.020679604808877556,0.31336540496773174,0,0,0,9.08796852513247,9.08796852513247,8.264608880652744,5.117466088640722
combined_reverse,38.160000000000004,-0.30000000000000004,-0.12,-0.375,-0.3152345337208739,-0.1292562403926576,0.035818140363871466,-0.5278488894335118,0.006427374805346222,0.02620478102632854,0.3131302575740756,0,0,0,9.886529496493942,9.886529496493942,8.20927447903042,8.424421600978018
combined_reverse,38.18,-0.30000000000000004,-0.12,-0.375,-0.33035998504331476,-0.15330023770533804,0.0963492839347463,-0.6495566602166531,0.005301366119956081,0.032124666259590096,0.31463197186100017,0,0,0,8.007732570935865,8.007732570935865,8.094437918209731,9.176029527261315
combined_reverse,38.2,-0.30000000000000004,-0.12,-0.375,-0.3481428815738985,-0.18002981459710962,0.10277605608540281,-0.6491221332796226,0.008390018455448256,0.03611407587001787,0.3168001633028671,0,0,0,5.807023542068552,5.807023542068552,8.041422936681144,8.520485529478215
combined_reverse,38.22,-0.30000000000000004,-0.12,-0.375,-0.35524718927270293,-0.2040370981829636,0.06553977329691493,-0.5469311712508277,0.013182418808304647,0.03721384861889561,0.31863707958694426,0,0,0,4.478160911457051,4.478160911457051,8.018661461770389,5.273661565225449
combined_reverse,38.24,-0.30000000000000004,-0.12,-0.375,-0.3500089469424935,-0.22108904529388673,0.007395295743720795,-0.4163084100458244,0.015711484791852547,0.035173939551260636,0.31946723254316334,0,0,0,5.4989682871348595,5.4989682871348595,8.027975343486165,2.989545636148044
combined_reverse,38.26,-0.30000000000000004,-0.12,-0.375,-0.3391503934963409,-0.22990013981831312,-0.047540064170349255,-0.3256790169240279,0.014079486715082763,0.03089775619034895,0.319102997992596,0,0,0,6.885803016448243,6.885803016448243,8.141619670181548,3.2387472645527833
combined_reverse,38.28,-0.30000000000000004,-0.12,-0.375,-0.32964017892584946,-0.23225286599443737,-0.08736022342922828,-0.34941876414487844,0.007703125740918863,0.02647488271973601,0.31779311753615036,0,0,0,7.439726592023895,7.439726592023895,8.257112922911833,3.6583657381778236
combined_reverse,38.300000000000004,-0.30000000000000004,-0.12,-0.375,-0.32095594475419065,-0.22584798706060172,-0.13462820400405756,-0.46191383485578885,3.083998140173997e-05,0.023916157801143572,0.3156676472256906,0,0,0,7.077189344671107,7.077189344671107,8.363072623266437,3.936842648449506
combined_reverse,38.32,-0.30000000000000004,-0.12,-0.375,-0.31317576275405024,-0.1926064475067795,-0.1557415143963254,-0.5203243878949542,-0.0079998404558149,0.022594737084206517,0.3126198644749347,0,0,0,6.503407924709858,6.503407924709858,8.367452235122933,5.129110399352744
combined_reverse,38.34,-0.30000000000000004,-0.12,-0.375,-0.30163553955324923,-0.13135775427759527,-0.055945393523060966,-0.3576780116122667,-0.008887553619986013,0.0191504082954389,0.3106279053419088,0,1,0,8.498987450089754,8.498987450089754,8.326826551288558,5.129110399352744
combined_reverse,38.36,-0.30000000000000004,-0.12,-0.375,-0.28824036198507125,-0.08782386916879371,0.028483851358363094,-0.20630614202653716,-0.00240258472664209,0.01231876967401078,0.3106793345619308,0,1,0,8.530488181317697,8.530488181317697,8.288476800426942,4.435181733731719
combined_reverse,38.38,-0.30000000000000004,-0.12,-0.375,-0.2899917851748228,-0.06788468477539307,0.0830639730469682,-0.13339278432492863,0.0032491908975034703,-0.0005728535454630561,0.3119664860901026,0,0,0,7.712668301186216,7.712668301186216,8.252262338322002,4.435181733731719
combined_reverse,38.4,-0.30000000000000004,-0.12,-0.375,-0.3003556505143984,-0.06686294002462964,0.11126129766216818,-0.08746591797731192,0.003950301161241464,-0.013299339165215255,0.3138679479242688,0,0,0,7.939455214887914,7.939455214887914,8.218052599359499,4.784294338418997
combined_reverse,38.42,-0.30000000000000004,-0.12,-0.375,-0.3061124049791493,-0.06751462683644946,0.11302794084480454,-0.10264214194217158,0.002627333296758913,-0.022539221735080696,0.3159692814535414,0,0,0,7.827806649281865,7.827806649281865,8.185726228419394,4.356066857236039
combined_reverse,38.44,-0.30000000000000004,-0.12,-0.375,-0.31224300504921454,-0.06577636100016933,0.09580780488254052,-0.15933167131661466,-0.00045032290844995135,-0.02900803375797774,0.31785011549840747,0,0,0,7.618356923394768,7.618356923394768,8.155170302771541,2.546077583158014
combined_reverse,38.46,-0.30000000000000004,-0.12,-0.375,-0.31972655878574463,-0.06528462245314127,0.062113409782836915,-0.2225667313486448,-0.0023847596457079855,-0.03350230706126184,0.31919937243547786,0,0,0,7.307846794409046,7.307846794409046,8.126279633017479,2.1521613539689226
combined_reverse,38.480000000000004,-0.30000000000000004,-0.12,-0.375,-0.3279930276876544,-0.07170095778828733,0.011868847474743264,-0.24022416072857722,-0.0013262624789177572,-0.03519817367349252,0.3196952996520639,0,0,0,7.144932747856526,7.144932747856526,8.130748519546398,2.2012822086917354
combined_reverse,38.5,-0.30000000000000004,-0.12,-0.375,-0.3359015680514545,-0.08432055598492699,-0.0487337525375563,-0.19457337882383896,0.0017460143088027114,-0.032966369007291205,0.31911106822147495,0,0,0,7.062188083990108,7.062188083990108,8.139965691338023,3.6715088719500835
combined_reverse,38.52,-0.30000000000000004,-0.12,-0.375,-0.3383921994227301,-0.10222727086874062,-0.127027513518775,-0.1016170513937866,0.006261550626502854,-0.026870741532870845,0.3171642247127267,0,0,0,6.775175944286253,6.775175944286253,8.151084167509367,4.925052155994265
combined_reverse,38.54,-0.30000000000000004,-0.12,-0.375,-0.30893451759036183,-0.09126707124738534,-0.1674524850093542,-0.002498874112270769,-0.0014909627975081986,-0.014499770089829405,0.31407001780683175,0,0,0,5.80827471795465,5.80827471795465,8.172709215960207,3.5550398615606493
combined_reverse,38.56,-0.30000000000000004,-0.12,-0.375,-0.2700223186631676,-0.09154747567619993,-0.11992659520826372,-0.0025648765602570957,-0.006367366032955542,-0.002232351015894075,0.3109622367294535,0,0,0,8.02941477844132,8.02941477844132,8.222102347434973,5.212498996989188
combined_reverse,38.58,-0.30000000000000004,-0.12,-0.375,-0.25686772423605153,-0.09468428456216113,-0.028266401716914004,-0.2029969626240165,-0.004494966795713358,0.003540493688696191,0.30955205322134727,0,0,0,9.805070063777755,9.805070063777755,8.362755511891294,7.318798793437274
combined_reverse,38.6,-0.30000000000000004,-0.12,-0.375,-0.2829228937787988,-0.1038351697372561,0.08130177050406776,-0.36629727551212893,-0.0026353536635655363,0.008152125476037568,0.3103027084687834,0,0,0,10.109671057960801,10.109671057960801,8.36264649040243,4.577794881766438
combined_reverse,38.62,-0.30000000000000004,-0.12,-0.375,-0.3132426814940297,-0.1161675516124156,0.14225569859118523,-0.41053042581401444,0.0007940940920673609,0.013408135894462991,0.31283908732240373,0,0,0,7.082617717040895,7.082617717040895,8.223006595683184,3.8587472599128168
combined_reverse,38.64,-0.30000000000000004,-0.12,-0.375,-0.3270593517486118,-0.12819043912458675,0.1329640537327581,-0.3638819062623903,0.004742065924593399,0.018068239481615952,0.31583345906954924,0,0,0,5.727122891790209,5.727122891790209,8.190408112723034,3.307880821289145
combined_reverse,38.660000000000004,-0.30000000000000004,-0.12,-0.375,-0.3233817391683395,-0.13824965791759808,0.0796517505118821,-0.2685679991154984,0.007059515665520169,0.019214089156784797,0.31811752857239156,0,0,0,6.01311917960553,6.01311917960553,8.240642816553432,4.793105778371761
combined_reverse,38.68,-0.30000000000000004,-0.12,-0.375,-0.31156407476925835,-0.14347198634658054,0.01607304817583823,-0.2223884396370513,0.003717577726061979,0.016403786197907097,0.31917814545381534,0,0,0,6.746269918967313,6.746269918967313,8.341407566055548,6.651090603600733
combined_reverse,38.7,-0.30000000000000004,-0.12,-0.375,-0.30031224448608695,-0.1386378649781491,-0.048314343822080476,-0.2644231065860103,-0.006408867443870584,0.011582282804990249,0.3190063705954546,0,0,0,7.6334680470993455,7.6334680470993455,8.451013070530166,9.166018546633552
combined_reverse,38.72,-0.30000000000000004,-0.12,-0.375,-0.2945530581793592,-0.12276757897788994,-0.12155970834827065,-0.3975260774811882,-0.019474483440764523,0.007099848977153987,0.3175458989225649,0,0,0,13.295721836891788,13.295721836891788,8.565020794533837,14.823554392494561
combined_reverse,38.74,-0.30000000000000004,-0.12,-0.375,-0.2925223734685759,-0.10223786429590513,-0.19675727920142347,-0.5458113883998399,-0.02761279160601513,0.005039218184309916,0.31468227396828424,0,0,0,17.21698437062081,14.0,8.630246673350761,17.852269209921715
combined_reverse,38.76,-0.30000000000000004,-0.12,-0.375,-0.25442371267602126,-0.13096470457150958,-0.2136672613085211,-0.4652487246813264,-0.005568702508819105,0.015717979119418902,0.31107384550887873,0,1,0,4.239005823774739,4.239005823774739,8.40023525685184,10.756883749770672
combined_reverse,38.78,-0.30000000000000004,-0.12,-0.375,-0.21660995191703178,-0.08653465129893971,-0.11334752825079411,-0.20224747791424946,0.0022078633499338016,0.02025427800977553,0.30788418578958865,0,0,0,9.170229182333474,9.170229182333474,8.439840263555006,5.412702699764308
combined_reverse,38.800000000000004,-0.30000000000000004,-0.12,-0.375,-0.20381845397217643,-0.0515493210122768,0.010382429728856422,0.006154755330502742,0.0019947002201661504,0.014212057935817481,0.3069983934306074,0,0,0,8.503670601920401,8.503670601920401,8.424808143061455,6.659924965022975
combined_reverse,38.82,-0.30000000000000004,-0.12,-0.375,-0.20301370790157827,-0.03244844032711304,0.10682496232318138,0.11321643812347648,-0.0057374741370571965,0.007582102192190328,0.3082444001804313,0,0,0,7.989519354525958,7.989519354525958,8.380944774217213,6.640999100702939
combined_reverse,38.84,-0.30000000000000004,-0.12,-0.375,-0.20480830147951826,-0.01805471109101164,0.14185869947665214,0.04408872724254241,-0.02185559438905914,0.0033518682459764844,0.31084356039990824,0,0,0,7.041254194658213,7.041254194658213,8.340208333232226,4.30809385505473
combined_reverse,38.86,-0.30000000000000004,-0.12,-0.375,-0.2024774177482824,-0.005682350999644802,0.1312096875270772,-0.11198606392694047,-0.03730443638634524,0.0023958616709697416,0.31358416377360104,0,0,0,6.274174896434292,6.274174896434292,8.30940382916189,2.84642816417296
combined_reverse,38.88,-0.30000000000000004,-0.12,-0.375,-0.20200645873997966,0.008264488202874305,0.10079970009759001,-0.27769475615267725,-0.04798101311563205,0.004359839078453154,0.315897709934412,0,0,0,5.685415615251239,5.685415615251239,8.344905106989444,2.3043218765162288
combined_reverse,38.9,-0.30000000000000004,-0.12,-0.375,-0.20691245051291463,0.019238205720202756,0.061047996852127584,-0.3845321885620921,-0.05395129068363413,0.009478879283671143,0.31751724237664547,0,0,0,5.214328815220427,5.214328815220427,8.399248305709396,2.3978880743632396
combined_reverse,38.92,-0.30000000000000004,-0.12,-0.375,-0.21845564162902428,0.024874845929013824,0.013695148787642789,-0.41617704901911623,-0.05827518537829309,0.01799761096596401,0.31826621333770444,0,0,0,4.3879615289510925,4.3879615289510925,8.46744384086502,3.7840686406961708
combined_reverse,38.94,-0.30000000000000004,-0.12,-0.375,-0.22900279973983395,0.008017148564534327,-0.007728648259457032,-0.4804302844223224,-0.05519453335736392,0.02432616670190977,0.3184482322011856,0,0,0,5.100065072856811,5.100065072856811,8.555485283072485,6.109954868156056
combined_reverse,38.96,-0.30000000000000004,-0.12,-0.375,-0.24840461680879478,-0.034323135268908025,-0.036127381170724115,-0.5026890935920741,-0.04703616561464909,0.02589778801371828,0.31829003026115577,0,0,0,10.24080773848167,10.24080773848167,8.58669008005181,12.205236753208052
combined_reverse,38.980000000000004,-0.30000000000000004,-0.12,-0.375,-0.26786397647308385,-0.08406727809531993,-0.09052917131990533,-0.44396370240042854,-0.031174830755212667,0.021475676692329686,0.3175347617460242,0,0,0,17.023865782474886,14.0,8.533532679916046,17.82170377409514
combined_reverse,39.0,-0.30000000000000004,-0.12,-0.375,-0.2778393725328178,-0.11416915534959719,-0.0989312472070034,-0.4076346143368733,-0.010911288419091118,0.007988942912301978,0.31553910014045655,0,0,0,8.847215405098337,8.847215405098337,8.483452705181488,18.49122860206684
