stage,time_s,command_vx,command_vy,command_wz,vx,vy,vz,wz,roll,pitch,height,flight,four_feet,illegal_contacts,raw_peak_nm,motor_peak_nm,guard_min_nm,max_speed_rad_s
march,0.02,0.0,0.0,0.0,-0.009459212294688229,-2.4655822932404265e-05,-0.13476318666708784,0.001175700157046966,-3.870945821551766e-06,0.00097890878656291,0.3142769250873208,0,1,0,1.7187280517796024,1.7187280517796024,14.0,1.3120909672179384
march,0.04,0.0,0.0,0.0,-0.034046648241488085,-0.00042215722878317046,-0.16888196253665927,0.0009538906231581591,4.454021803999537e-05,0.003841405258043316,0.31106695872905016,0,1,0,3.4191595182200416,3.4191595182200416,14.0,1.6799529282546906
march,0.06,0.0,0.0,0.0,-0.06699255525154488,-0.00404016684959479,-0.1342860163139159,-0.009038904954327492,-9.917538231596464e-05,0.007457151277247183,0.3080002534273757,0,1,0,5.092711712899616,5.092711712899616,14.0,1.6799529282546906
march,0.08,0.0,0.0,0.0,-0.10000786725946191,-0.015090043732338927,-0.06518885851812439,-0.02853107444194097,-0.00011628262298992023,0.009557016772529407,0.30608080335876225,0,1,0,6.538482129789921,6.538482129789921,14.0,1.386874248485341
march,0.1,0.0,0.0,0.0,-0.13035006017954961,-0.029917129700020213,0.007670316166479689,-0.10798520364100801,-0.00022569286059656997,0.008736909285200906,0.30564419908232693,0,1,0,7.649172685026726,7.649172685026726,14.0,0.611486032977442
march,0.12,0.0,0.0,0.0,-0.16102973826342168,-0.04599178162566737,0.05368443475317882,-0.2841475947221183,-3.722836529445449e-05,0.006015119824359322,0.306319906233375,0,0,0,8.784849652396002,8.784849652396002,14.0,4.433311300957097
march,0.14,0.0,0.0,0.0,-0.18528761617436568,-0.05586510798453095,0.0849617885900841,-0.3681107626757709,0.005155545785663131,0.0009807964819899756,0.3076669033928069,0,0,0,9.891298146903146,9.891298146903146,14.0,4.68505666626421
march,0.16,0.0,0.0,0.0,-0.20199512751710988,-0.061619714089828505,0.10741871108324234,-0.3349791115681802,0.014994128663796479,-0.0043708765420232745,0.30956713617801257,0,0,0,10.241980588686602,10.241980588686602,14.0,4.919071944455207
march,0.18,0.0,0.0,0.0,-0.20299539545741768,-0.06292365081940525,0.10195680767604325,-0.2542184584203418,0.024884090799429184,-0.010150003358103322,0.3115965373084315,0,0,0,10.491217765975444,10.491217765975444,14.0,4.943635859865013
march,0.2,0.0,0.0,0.0,-0.18495375815863727,-0.05748612056041323,0.06764864644476912,-0.1507234634701454,0.030514770772901167,-0.017481085747628664,0.3131673996281971,0,0,0,10.985014381362328,10.985014381362328,14.0,4.385351581260203
march,0.22,0.0,0.0,0.0,-0.15279720883851494,-0.040336836958096416,0.013336958069509621,-0.047450720788850084,0.030150328492704208,-0.026594440980476954,0.3138201594102111,0,0,0,11.857251091123443,11.857251091123443,14.0,2.9743594074466513
march,0.24,0.0,0.0,0.0,-0.11153851492932546,-0.0113379399644144,-0.045607655929640015,0.02286580102013355,0.024918227584154417,-0.03686645134590702,0.313283727472516,0,0,0,13.060611784951812,13.060611784951812,14.0,4.529383259674785
march,0.26,0.0,0.0,0.0,-0.07567905477469838,0.024087858571284183,-0.0880670490297686,-0.0021154906822614186,0.01583697116606723,-0.0471645468755222,0.3117512674459162,0,0,0,14.23999771473403,14.0,14.0,4.529383259674785
march,0.28,0.0,0.0,0.0,-0.04045275865255885,0.06584117205668488,-0.12820778626048324,-0.07912584273033543,0.006944454261708651,-0.057274206151551425,0.3095515330593628,0,0,0,15.362729955123454,14.0,14.0,3.1466364962347084
march,0.3,0.0,0.0,0.0,0.006717176298600811,0.06704398474880166,-0.07596102625340341,-0.013383462882041411,0.015737391084059752,-0.05754891186952528,0.30758838761546753,0,0,0,15.149941516161475,14.0,14.0,3.6087432838919016
march,0.32,0.0,0.0,0.0,0.07085515598094551,0.06211465207848647,-0.05196712492403966,-0.06820507540530837,0.03101562019211519,-0.0466095189917853,0.3065188584989466,0,1,0,13.473505861774312,13.473505861774312,14.0,5.024619380509963
march,0.34,0.0,0.0,0.0,0.11348772766083812,0.08475211683441786,0.040466750961952874,-0.05876678555805962,0.027363631958878698,-0.03824000625678384,0.306741598618178,0,1,0,10.745055877570111,10.745055877570111,14.0,5.178642442733348
march,0.36,0.0,0.0,0.0,0.1433016230673638,0.08910813967805752,0.10897317922973664,-0.03383305317967087,0.02039954946114625,-0.03528925549238685,0.3085941747334599,0,1,0,7.638581274897,7.638581274897,14.0,4.509390079467175
march,0.38,0.0,0.0,0.0,0.1686705704943418,0.08503231484801442,0.10943855609844917,0.02837281468797991,0.014917945713217506,-0.03336355310615584,0.3110598736505393,0,1,0,7.067775645922204,7.067775645922204,14.0,4.625443008258555
march,0.4,0.0,0.0,0.0,0.17053185272796909,0.07521511501409564,0.08212455420774996,0.034833340749423757,0.011512466700693783,-0.03035145227520969,0.31315754744144425,0,0,0,6.47052686096934,6.47052686096934,14.0,4.09840980712807
march,0.42,0.0,0.0,0.0,0.15684893868438293,0.0728494216942817,0.03799349547357815,-0.03839538852012342,0.008635737162101675,-0.02433698791799656,0.31441005254193977,0,0,0,5.927551177057093,5.927551177057093,14.0,3.8666540824988838
march,0.44,0.0,0.0,0.0,0.13265743161881483,0.0760150116266932,0.0017485596445662981,-0.17509826412629198,0.007169534787675892,-0.018007623480903717,0.314770090189,0,0,0,5.95484350458017,5.95484350458017,14.0,4.823036357820114
march,0.46,0.0,0.0,0.0,0.11036547639093915,0.08253445202570878,-0.020041364462272462,-0.2516086991975572,0.003209716396842664,-0.012821189995484336,0.3145233028982476,0,0,0,6.4492507293212045,6.4492507293212045,14.0,4.841569278845212
march,0.48,0.0,0.0,0.0,0.09158952818174554,0.08994259581223722,-0.025139343548237603,-0.28122305664328273,-0.0035644024386423776,-0.008542342308219498,0.31403741137877766,0,0,0,6.771393364632721,6.771393364632721,14.0,3.67493660473424
march,0.5,0.0,0.0,0.0,0.07545812186708505,0.09935336161266653,-0.018951067465196224,-0.27810404569915914,-0.011432261061904158,-0.004711564747543261,0.31358404988367655,0,0,0,6.948800039567134,6.948800039567134,14.0,2.4422471350398918
march,0.52,0.0,0.0,0.0,0.06343526772571223,0.10999596054020072,-0.00850792507286857,-0.2322672987563657,-0.01889026757959499,-0.0010944249448226807,0.31330768966905526,0,0,0,6.97554896705254,6.97554896705254,14.0,2.423647957429285
march,0.54,0.0,0.0,0.0,0.05499322711022211,0.11837055161968957,-0.0005603120674750133,-0.15567006348670506,-0.025315454111110695,0.0020942008518151783,0.31321698374645374,0,0,0,6.998627349310008,6.998627349310008,14.0,2.2064094788348823
march,0.56,0.0,0.0,0.0,0.04828311984536398,0.12560422581507513,0.0025979495196323025,-0.0926363493657509,-0.03195705631531704,0.005468103652775809,0.3132164262602201,0,0,0,7.0164110433287625,7.0164110433287625,14.0,2.9540769173291292
march,0.58,0.0,0.0,0.0,0.04293704777302742,0.1336771280369275,0.0010142751883076223,-0.04371839424708654,-0.03895905165937523,0.009252153895771918,0.31319766679039934,0,0,0,7.058840304391103,7.058840304391103,14.0,3.1582370349339937
march,0.6,0.0,0.0,0.0,0.03794774477431489,0.14384316181158602,-0.010703669537984867,-0.007899448282684268,-0.046801241550863286,0.013308794208382284,0.3130512556101986,0,0,0,6.717526192374696,6.717526192374696,14.0,3.855767869776685
march,0.62,0.0,0.0,0.0,0.008718731182271426,0.12808271835273113,0.038208851184377834,-0.01769802441275267,-0.041138538192252674,0.011748983070935469,0.31331380495238714,0,0,0,5.935417774369811,5.935417774369811,14.0,4.848901431525186
march,0.64,0.0,0.0,0.0,-0.012133167593377058,0.1038016110409656,0.045422722735391774,-0.010595775007472451,-0.02392670719753585,0.002254433253321937,0.3142454255069093,0,0,0,5.259364128283262,5.259364128283262,14.0,7.763322780413476
march,0.66,0.0,0.0,0.0,-0.015972096143462,0.08329244068866269,0.051749223940269304,-0.0942974785488944,-0.0099094766596211,-0.006915261897296586,0.3150903357902682,0,1,0,5.174716581879349,5.174716581879349,14.0,10.474679375261179
march,0.68,0.0,0.0,0.0,-0.01261904497762171,0.06570322169854359,0.03024078814775282,-0.058517473394346375,-0.012810897413139238,-0.0076735004641776934,0.31590191945101537,0,0,0,6.162201851375041,6.162201851375041,14.0,2.154439199869415
march,0.7000000000000001,0.0,0.0,0.0,-0.017604813269913887,0.05632273795628815,0.0012731340258650492,0.029578317039872636,-0.01315452984478511,-0.008501317417758112,0.3161042724887464,0,0,0,6.708961180606695,6.708961180606695,14.0,6.709099291717993
march,0.72,0.0,0.0,0.0,-0.02808495954773375,0.054880982756240454,-0.028256691848841872,0.07429070740391369,-0.009283035944265721,-0.008894455057290002,0.3156418262956032,0,0,0,9.238076541318737,9.238076541318737,14.0,10.650603186828734
march,0.74,0.0,0.0,0.0,-0.032431984485931535,0.05192265918513307,-0.042460632938736295,0.05812395850407221,-0.005287279091839475,-0.008983357093686915,0.3147856795079358,0,0,0,8.545645270609622,8.545645270609622,14.0,11.431225039327243
march,0.76,0.0,0.0,0.0,-0.03298164940328698,0.04772779289785088,-0.04191781601103595,0.019475669425222934,-0.004032596890909189,-0.009208552367643915,0.31386015273949297,0,0,0,8.221136897540235,8.221136897540235,14.0,9.731879323855335
march,0.78,0.0,0.0,0.0,-0.03256767263649998,0.04454231380205249,-0.02925377694116544,-0.026369953860799367,-0.005340720792940366,-0.009983185448696802,0.3131309048525346,0,0,0,8.362359732106759,8.362359732106759,14.0,5.586294601875823
march,0.8,0.0,0.0,0.0,-0.03483504530578617,0.04239866407461323,-0.01187186913764716,-0.08673963322975056,-0.00833679003999009,-0.0112464477082653,0.3127362070628334,0,0,0,8.329941800996947,8.329941800996947,14.0,3.0499012785371513
march,0.8200000000000001,0.0,0.0,0.0,-0.035987240974285836,0.04184477297869809,-6.725352786522633e-05,-0.13317460565895967,-0.012296742264803706,-0.01311620591105013,0.3126448243422769,0,0,0,8.156732396803376,8.156732396803376,14.0,2.8037878405582775
march,0.84,0.0,0.0,0.0,-0.03641095134989441,0.0435094627088008,0.004706053481854375,-0.1514658162226152,-0.016959980554536274,-0.01565123809658525,0.31271264613163957,0,0,0,7.938302708301881,7.938302708301881,14.0,3.6782953597084607
march,0.86,0.0,0.0,0.0,-0.037015898176307,0.04712142702342501,0.006107736955704468,-0.16218057899899113,-0.02208520049316312,-0.018648500053587033,0.31284000438003323,0,0,0,7.724529236483804,7.724529236483804,14.0,4.569277474291003
march,0.88,0.0,0.0,0.0,-0.03779331435177166,0.05230131675211667,0.0005667223187030179,-0.15638230415889834,-0.027180666606068944,-0.021771846700991904,0.3129471435258292,0,0,0,7.569674017604048,7.569674017604048,14.0,5.585211945184121
march,0.9,0.0,0.0,0.0,-0.030616594681624275,0.03521494148648242,0.03229630724353646,-0.059101613250719005,-0.02097182242245369,-0.020424725703656024,0.31338472501389464,0,0,0,7.33281270771733,7.33281270771733,14.0,2.8608727672074474
march,0.92,0.0,0.0,0.0,-0.01718882578013418,0.01045597493533797,0.021375416165578635,0.03506120695826095,-0.00719631516767201,-0.016555649077765487,0.3139553162988649,0,0,0,6.518424882863997,6.518424882863997,14.0,3.880976508666778
march,0.9400000000000001,0.0,0.0,0.0,-0.008722000244669884,-0.01586866695065814,-0.001113915638672347,0.13535188894773284,0.0067692636909960305,-0.011552467858442652,0.314046168156991,0,1,0,5.952267525671949,5.952267525671949,14.0,4.888743833072101
march,0.96,0.0,0.0,0.0,-0.012263916149855938,-0.024251423477547378,0.011800906940200685,0.19267711524371373,0.004040772078175855,-0.011032444199811007,0.31423063911248095,0,1,0,7.299576074891997,7.299576074891997,14.0,1.2469329085671708
march,0.98,0.0,0.0,0.0,-0.012022564927889135,-0.0231315760517952,-0.0023795752028525864,0.1615859179771625,0.0024405543128250455,-0.01063565234901995,0.3142634697391421,0,1,0,7.692223715336965,7.692223715336965,14.0,4.0869837878400554
march,1.0,0.0,0.0,0.0,-0.01853965515383324,-0.019755062777281833,-0.01623994810166761,0.04295017772434103,0.0034051730721887147,-0.009969735208361676,0.31401020510653826,0,0,0,7.9800181083707,7.9800181083707,14.0,4.714286864022386
march,1.02,0.0,0.0,0.0,-0.023141424605912578,-0.02305786848813797,-0.034656680130745514,0.014038019294108837,0.007529268013731936,-0.011227179374839772,0.3133506066226002,0,0,0,8.635065270470882,8.635065270470882,14.0,7.290567202738988
march,1.04,0.0,0.0,0.0,-0.030711200634979053,-0.030377193407988157,-0.043487719879764686,0.054704696644797435,0.012899659431552189,-0.013811033547076869,0.3124013710732849,0,0,0,9.122066664548713,9.122066664548713,14.0,7.168562869207783
march,1.06,0.0,0.0,0.0,-0.039226103086076436,-0.03787077367575202,-0.03997836321316535,0.08905348635247999,0.017867806808963486,-0.016344711100342683,0.3114698365603764,0,0,0,9.359315991603346,9.359315991603346,14.0,4.618957909433625
march,1.08,0.0,0.0,0.0,-0.04738910308944596,-0.0448920899326131,-0.026382628988222256,0.11068120872696091,0.021787159206202854,-0.018382187698162737,0.3107676233085597,0,0,0,9.442051112403735,9.442051112403735,14.0,2.634087800851356
march,1.1,0.0,0.0,0.0,-0.05276776731223165,-0.05159547459702125,-0.011970247679376052,0.1285878594995199,0.025168739219804056,-0.02039759245767763,0.31036945540609867,0,0,0,9.442578035167692,9.442578035167692,14.0,1.8233843593555428
march,1.12,0.0,0.0,0.0,-0.055227808987027636,-0.05949902693332862,-0.004688728211212877,0.14728507570620947,0.029007589475752174,-0.022717194663514368,0.31019564922514037,0,0,0,9.365039959091838,9.365039959091838,14.0,1.8461244934613275
march,1.1400000000000001,0.0,0.0,0.0,-0.058390640496328944,-0.06818537197952278,-0.0002609291995722667,0.14216547376473745,0.03408641170032511,-0.025747476474128818,0.31013845157630004,0,0,0,9.33841774933857,9.33841774933857,14.0,3.004612787939531
march,1.16,0.0,0.0,0.0,-0.062090521839057916,-0.07917757390027136,0.0005891230603515167,0.12751866640863757,0.03994118181141194,-0.02940224000063363,0.3101001679257115,0,0,0,9.34912845542544,9.34912845542544,14.0,3.190075167820071
march,1.18,0.0,0.0,0.0,-0.0658530971076825,-0.08338345219909325,0.017446360288893153,0.06369487059229237,0.04404672625568015,-0.032397813080129685,0.31009843551117017,0,0,0,9.222402492707912,9.222402492707912,13.663806347913717,3.813798462912337
march,1.2,0.0,0.0,0.0,-0.05555175174238233,-0.06662034345873742,0.0445486889009031,0.003157202667381803,0.03474183252373588,-0.029037987562743908,0.3107452802286033,0,0,0,8.092073376284867,8.092073376284867,13.21585331422768,4.221500106870092
march,1.22,0.0,0.0,0.0,-0.035096170077098525,-0.041907724148437936,0.04586068133206047,-0.04649091295038667,0.018742787549057706,-0.02385858946048018,0.31167449823372717,0,0,0,6.979843837904161,6.979843837904161,12.906247516465125,5.35730757448281
march,1.24,0.0,0.0,0.0,-0.02379011817613501,-0.02217934738799959,0.07678426270451023,-0.06189047887323545,0.012141343621442225,-0.02129803879495834,0.3128142477652842,0,1,0,8.015235746948974,8.015235746948974,12.690015154560705,5.630763256486782
march,1.26,0.0,0.0,0.0,-0.007853226453137145,-0.002281236420044786,0.0921664854308495,-0.048600731327679655,0.013701969603032285,-0.023696144347031697,0.3145782299385441,0,1,0,8.546968189436447,8.546968189436447,12.485252546099797,1.1294784664982171
march,1.28,0.0,0.0,0.0,0.008227308125817774,0.01624430880995723,0.06904048159914748,-0.04296933415193757,0.01291024004522335,-0.024568788387480778,0.3162024362428003,0,0,0,8.388248150775818,8.388248150775818,12.30143264328305,1.1840975908163247
march,1.3,0.0,0.0,0.0,0.014962512059209367,0.025273218987683945,0.039627575989393905,0.017381021169589235,0.008739620883932594,-0.021265039658840537,0.31721004730372904,0,0,0,7.807591216084286,7.807591216084286,12.158436771885242,3.9603316622501925
march,1.32,0.0,0.0,0.0,0.008398850686259401,0.029777095429705275,0.015756875307861618,0.08419386934247068,0.000936614398395258,-0.01567653090660407,0.3176496019398137,0,0,0,7.274507673078935,7.274507673078935,12.072203316097443,7.497667916168614
march,1.34,0.0,0.0,0.0,-0.005688406271647548,0.0319925724513413,0.0014140170736613431,0.07502480439392893,-0.0065080223563902615,-0.009281149314797493,0.3176713064600865,0,0,0,7.122520175910089,7.122520175910089,12.028601431900977,7.7950314533367235
march,1.36,0.0,0.0,0.0,-0.022541810108137564,0.03161726841601087,-0.0031134846783480554,0.015633311297144546,-0.010014625574967892,-0.00295971228818417,0.3175425547298554,0,0,0,7.725065240242689,7.725065240242689,12.009935795058635,6.870226376324683
march,1.3800000000000001,0.0,0.0,0.0,-0.03973476029826115,0.02697075911752924,-0.005742317016466715,-0.03940963542851095,-0.009888613010925341,0.002162103219743564,0.31738247481934406,0,0,0,7.966227518041958,7.966227518041958,12.009340690965828,4.373272506845753
march,1.4000000000000001,0.0,0.0,0.0,-0.05323023263181257,0.01921618263650826,-0.010139963188165796,-0.06991793457369655,-0.0064792077498209075,0.0045912560889419494,0.3171784788656303,0,0,0,7.7761929969040375,7.7761929969040375,12.010610265545175,3.5159501508082487
march,1.42,0.0,0.0,0.0,-0.0591152844283803,0.01331552746238561,-0.018480970948300573,-0.06813178603816358,-0.0030805855614308188,0.0036414591546237865,0.3168674980667456,0,0,0,7.48269570226168,7.48269570226168,12.008566019272802,2.642218765738485
march,1.44,0.0,0.0,0.0,-0.059387810372836664,0.010464478418593092,-0.03112076568107166,-0.03376144608242464,-0.0023520338244477994,-0.0009416257266421691,0.3163587402729038,0,0,0,7.973438965321966,7.973438965321966,11.987296397730244,1.5168428334701431
march,1.46,0.0,0.0,0.0,-0.054630399175760395,0.013133559381175632,-0.043885405494933485,0.02196392791335315,-0.003960685739289241,-0.00913043756228836,0.3155967420665621,0,0,0,9.11751336107794,9.11751336107794,11.928091129400148,2.6057826034788603
march,1.48,0.0,0.0,0.0,-0.05144739422976463,0.02336753529811002,-0.045419193298154276,0.05464514520535841,-0.009316587989296717,-0.018473300053566254,0.3147105221268723,0,0,0,9.90209685444403,9.90209685444403,11.819158592623353,3.500850516547335
march,1.5,0.0,0.0,0.0,-0.051088623593692296,0.03866607884099208,-0.04326917644971686,0.05391069970923261,-0.01923392556862806,-0.02645950343325231,0.31387225097065646,0,0,0,10.181403469572373,10.181403469572373,11.661009756879832,4.36802924068955
march,1.52,0.0,0.0,0.0,-0.03794901072650622,0.027231010273478653,0.02027006762206444,0.11386580081907564,-0.013080153864618149,-0.02497137103675426,0.3138126196250753,0,0,0,8.723752585220248,8.723752585220248,11.481177010500314,3.0328982193183647
march,1.54,0.0,0.0,0.0,-0.017490244620014632,0.013868091348716204,0.01339243005669889,0.10351039792852176,0.000858300752247087,-0.016742612471204055,0.3142368395956064,0,0,0,6.549627344290055,6.549627344290055,11.364513156957418,3.8579357767959612
march,1.56,0.0,0.0,0.0,-0.001602707383740516,0.005024243220608658,-0.028201952841583354,0.06311314186734418,0.012388381832701497,-0.006788397532521818,0.3139900334971687,0,1,0,5.401677494234186,5.401677494234186,11.35181402712372,4.6752365623134455
march,1.58,0.0,0.0,0.0,0.0003268366903932284,0.01482943294513889,-0.02208365272830326,0.08920350634285527,0.007727137558673498,-0.0036680345578723864,0.3135065094987548,0,1,0,6.325603081377906,6.325603081377906,11.388845704111183,1.4924718693621866
march,1.6,0.0,0.0,0.0,0.0011958713858606748,0.023715325631769212,-0.028684822804882507,0.11841316650961901,0.0036902587356637045,-0.0037718376084964074,0.3130196911115107,0,1,0,6.947615318362728,6.947615318362728,11.315078876505073,2.715318338036677
march,1.62,0.0,0.0,0.0,-0.007253593177342921,0.027032388386706505,-0.03637706474625583,0.09394143613090204,0.0030298207313372476,-0.00520921330251701,0.3123253037092254,0,0,0,7.614993990805008,7.614993990805008,11.225073401154827,5.666966289865241
march,1.6400000000000001,0.0,0.0,0.0,-0.020278908412989696,0.025547710905140176,-0.050412745452397094,0.052530983116587486,0.007663514702361613,-0.007970542915993651,0.3113187787934516,0,0,0,8.28104766231281,8.28104766231281,11.01124321983717,7.070797233765137
march,1.6600000000000001,0.0,0.0,0.0,-0.031161942716088274,0.019418456650633176,-0.049115009373335926,0.04875355483538315,0.015210588950117693,-0.011930340742790901,0.3102168703313188,0,0,0,8.858489015729651,8.858489015729651,10.980376832009586,6.813286786736888
march,1.68,0.0,0.0,0.0,-0.04155701075695269,0.010735572856962859,-0.033981932931305255,0.06649762300680692,0.0219614972366281,-0.015642890428583703,0.30934775860204683,0,0,0,9.140379884084991,9.140379884084991,11.07505791051257,4.3786030757281065
march,1.7,0.0,0.0,0.0,-0.04893857413511355,0.0006940967885316856,-0.014408766820779323,0.09987464731318266,0.026655110698534937,-0.018083299335036884,0.308876714985619,0,0,0,9.136760679247823,9.136760679247823,11.16692163917688,1.9093710533752044
march,1.72,0.0,0.0,0.0,-0.05269862341308537,-0.008742143623838093,-0.0011927709231695158,0.12442002897826894,0.029535839152504975,-0.019595711409294267,0.3087510030583778,0,0,0,9.04393933947937,9.04393933947937,11.132492361331803,1.6983557389599986
march,1.74,0.0,0.0,0.0,-0.05621439643304269,-0.01843047687057579,0.005202519510828254,0.12769195372272404,0.032381852293476544,-0.021295683614768177,0.3088270313879921,0,0,0,8.9928985959031,8.9928985959031,10.968451553873617,2.8723889396657496
march,1.76,0.0,0.0,0.0,-0.0594591530899115,-0.02897669190678371,0.005646868761337421,0.10676074296158473,0.034988860702146976,-0.023183949884105572,0.30894977467255275,0,0,0,8.993744714417108,8.993744714417108,10.749547485877695,3.3619626585992726
march,1.78,0.0,0.0,0.0,-0.05439598936071198,-0.026009253447815753,0.030180156415099503,0.04778802203436625,0.030925183694089878,-0.022518251216309106,0.30929720994544535,0,0,0,8.66583201624524,8.66583201624524,10.548322363765472,2.990502295246512
march,1.8,0.0,0.0,0.0,-0.03861800477627147,-0.013865695576796047,0.039129021240986855,0.01522171956018047,0.01936907683208808,-0.01864642767273363,0.31003217349442436,0,0,0,7.743961945705937,7.743961945705937,10.362883065043896,3.850715041604628
march,1.82,0.0,0.0,0.0,-0.02369855869259237,0.003445223711365854,0.04259582249646308,-0.019308382448831714,0.00574128832437668,-0.014445801782838642,0.31078737239373805,0,1,0,6.3470877103373455,6.3470877103373455,10.191604448887624,5.1147168704638375
march,1.84,0.0,0.0,0.0,-0.01395420086051527,0.013448121144954491,0.077462791789867,-0.06333020511247389,0.007668069832998252,-0.016355985390488815,0.3120706700534651,0,1,0,7.422688063588462,7.422688063588462,10.033081672692003,1.1075283137344114
march,1.86,0.0,0.0,0.0,-0.0018167023126503656,0.01967814343491447,0.07818261274230108,-0.0872053086529274,0.010360953564513487,-0.019781404469665077,0.31369498469867424,0,1,0,7.98954213863525,7.98954213863525,9.886092641713649,1.1597935886900026
march,1.8800000000000001,0.0,0.0,0.0,0.007511305144457048,0.024860291766196897,0.04849761895567495,-0.08699542895659546,0.011762826031829036,-0.02065755952651379,0.31495230622500486,0,1,0,8.45213603937659,8.45213603937659,9.749568112754222,1.9956962854478375
march,1.9000000000000001,0.0,0.0,0.0,0.006518970977033501,0.02809530805755533,0.01907751941596323,-0.014860709744372376,0.010501688627836264,-0.018584843224574675,0.3156278880100795,0,0,0,8.157630455643826,8.157630455643826,9.622567653427904,5.381507084776351
march,1.92,0.0,0.0,0.0,-0.004114003802600915,0.028113234357207643,0.001435699733071677,0.0848469062725168,0.007913495712759037,-0.014571707125867596,0.3158459973147879,0,0,0,8.096782250645404,8.096782250645404,9.504260133366447,6.320340444729736
march,1.94,0.0,0.0,0.0,-0.010673603787394586,0.027641509104171243,-0.006346142889104433,0.09067524814788307,0.005650120856630751,-0.010667424998027942,0.31574527709305283,0,0,0,8.273685235309229,8.273685235309229,9.4024204652628,7.656092368643624
march,1.96,0.0,0.0,0.0,-0.015204095792220372,0.025833630935511075,-0.007782903002731492,0.07272482051562637,0.00428468527624058,-0.008005960718547516,0.31555323951704345,0,0,0,8.5480104604298,8.5480104604298,9.314853291124766,7.677945716201562
march,1.98,0.0,0.0,0.0,-0.0178842158383378,0.023520003938204952,-0.005719435608069628,0.062191719461742616,0.004159562644160806,-0.0073000203733795226,0.3153883669510514,0,0,0,8.882468471462996,8.882468471462996,9.229371944154,5.91597434791364
march,2.0,0.0,0.0,0.0,-0.016310105854696427,0.022589677062767648,-0.003938615836036432,0.06773954337060482,0.004069373985108299,-0.008718089414666801,0.3153045654493222,0,0,0,9.226775445971414,9.226775445971414,9.13698060226351,3.348728976512721
march,2.02,0.0,0.0,0.0,-0.012986484909534059,0.02465344902379418,-0.0004933262277878615,0.06638355055937319,0.002916111103253753,-0.011683633770368632,0.3152822316942916,0,0,0,9.506340269404852,9.506340269404852,9.050178644033984,2.118863853873104
march,2.04,0.0,0.0,0.0,-0.008852300023305082,0.02936195063127832,0.002519785577170726,0.056644292538761715,-0.00023142094662057704,-0.015447158355590575,0.3153394857953269,0,0,0,9.636829440308855,9.636829440308855,8.948959265251421,3.506422386406413
march,2.06,0.0,0.0,0.0,-0.005289643892005074,0.03635225539116121,0.0037014791758417185,0.056333906554434904,-0.004594027479058296,-0.019352768441652336,0.31545737118832373,0,0,0,9.598627953811791,9.598627953811791,8.840635943917462,4.399153694646819
march,2.08,0.0,0.0,0.0,-0.003290056657120571,0.04425032844255349,0.002358743218384515,0.05171917513828731,-0.00939014026089715,-0.023003519100682605,0.3155868383469954,0,0,0,9.412269226716699,9.412269226716699,8.733991440270216,5.394594309052679
march,2.1,0.0,0.0,0.0,-0.002816089079920208,0.04660942125953419,0.010493669178797559,0.0907544790269228,-0.013031757681358707,-0.026208713780823,0.31567284685024294,0,0,0,9.023225653909657,9.023225653909657,8.637202860633703,6.277649982366688
march,2.12,0.0,0.0,0.0,0.005095761874052703,0.036678437223835535,0.017266755449187137,0.09642339733668435,-0.005432461322264888,-0.02468009735882979,0.3159612062761302,0,0,0,7.203943767276105,7.203943767276105,8.561355379770934,5.573703002965395
march,2.14,0.0,0.0,0.0,0.01522319376317411,0.018859263207952934,-0.01584382452757653,0.0855224945358995,0.00781117441616181,-0.019110794318521234,0.31608666608063407,0,1,0,5.103246688460906,5.103246688460906,8.552358687365174,6.337408665448647
march,2.16,0.0,0.0,0.0,-0.0012705733967095926,0.021778051978888987,0.0006412924749635484,0.06904457659795628,0.005168260884437992,-0.016037489762006047,0.31603953536915413,0,1,0,4.922123708694684,4.922123708694684,8.61686515994375,5.228019684964803
march,2.18,0.0,0.0,0.0,-0.008833236854954364,0.022035590356353933,-0.02001406965396501,0.08429699672868966,0.001293230347609258,-0.014655527491849642,0.31584362883624917,0,1,0,5.980973478500869,5.980973478500869,8.596775955752324,0.487738528406515
march,2.2,0.0,0.0,0.0,-0.018746339114822923,0.025026313515570008,-0.04427500257628213,0.05570327496448677,0.0006093226584378153,-0.011863754713396232,0.31511126312626486,0,0,0,6.881075323332504,6.881075323332504,8.548208170893087,5.6874853046023786
march,2.22,0.0,0.0,0.0,-0.028026483782758967,0.02499593634872307,-0.07176995407641099,-0.03186567263497241,0.0011358670015563582,-0.009066106439954171,0.31375476032582406,0,0,0,7.869572959041394,7.869572959041394,8.497281096966056,7.529609019205313
march,2.24,0.0,0.0,0.0,-0.031430802528512714,0.02200704297784973,-0.08386287249733705,-0.051426437429767165,0.00023488870733353573,-0.007230685878361504,0.31200938161052827,0,0,0,8.76408591814283,8.76408591814283,8.449285472934246,7.05199620546161
march,2.2600000000000002,0.0,0.0,0.0,-0.03419502900794168,0.01942682267504586,-0.07486864792978909,-0.025075577392428636,-0.0009454777205239399,-0.005768627719836939,0.31033118604634247,0,0,0,9.279606660987687,9.279606660987687,8.553710352376978,4.889352497339499
march,2.2800000000000002,0.0,0.0,0.0,-0.04163008334455726,0.017999821055306828,-0.05181647945349621,0.0013085837136698124,-0.002361289315362451,-0.003724795338424761,0.3090457514994729,0,0,0,9.468725133897651,9.468725133897651,8.695579203459264,2.931993338076193
march,2.3000000000000003,0.0,0.0,0.0,-0.047674445538165876,0.01845485944274157,-0.027077064653995633,0.030887122920208378,-0.004027109250855407,-0.0016686945150980962,0.30826953849804345,0,0,0,9.439774692817837,9.439774692817837,8.80990200946891,1.8170417842829698
march,2.32,0.0,0.0,0.0,-0.05001619197738391,0.019471531316096087,-0.007824437143857154,0.058716080218187694,-0.005790436884107057,-0.0005252236959525748,0.3079656383086635,0,0,0,9.158539911858057,9.158539911858057,8.843095024199044,1.6209161180042593
march,2.34,0.0,0.0,0.0,-0.05179718523500626,0.018195540619099462,0.00028891004513645975,0.07569244427005625,-0.006303647324662462,-0.0005736053913452203,0.30793294446231845,0,0,0,8.909534845010146,8.909534845010146,8.79682182885431,2.2981784189806493
march,2.36,0.0,0.0,0.0,-0.052386236608161794,0.015575254979026053,0.00011833331450349773,0.08527550141712179,-0.006319793041654943,-0.001624380740018683,0.3079800422404067,0,0,0,8.764439754461879,8.764439754461879,8.731252006450053,2.9017103614422095
march,2.38,0.0,0.0,0.0,-0.05275134343088717,0.011495558551442074,-0.005314916912750386,0.08882953915648312,-0.005572493206102224,-0.0031802780102367623,0.30797220155252836,0,0,0,8.74829563923288,8.74829563923288,8.669598018248369,3.7826238932542426
march,2.4,0.0,0.0,0.0,-0.052801353812015575,0.008767995391381863,-0.0052146360123040796,0.05545550820827433,-0.004971751819495762,-0.004561137702112634,0.3078308436097803,0,0,0,8.872320231323902,8.872320231323902,8.611590628861663,4.033375434228427
march,2.42,0.0,0.0,0.0,-0.0541582791972162,0.006085372591570655,0.05280070000759282,0.03524615040535733,-0.00752608680150286,-0.004046149517915674,0.3083011527524854,0,1,0,7.535325284194307,7.535325284194307,8.556983031097097,4.251255782768874
march,2.44,0.0,0.0,0.0,-0.044343823553378243,0.0014398248510424428,0.09208247195419884,-0.014350847871700163,-0.005834395968891381,-0.008076689297834547,0.3098605663430289,0,1,0,5.751707848679052,5.751707848679052,8.505548542659078,1.259049633101522
march,2.46,0.0,0.0,0.0,-0.022782464825658853,-0.002086581485198488,0.08348256836828725,-0.07754869608883216,-0.0035411761396136996,-0.01217235226886275,0.31166400377286435,0,0,0,6.068844911285718,6.068844911285718,8.45707858853999,2.713869903127031
march,2.48,0.0,0.0,0.0,-0.0028318863381596214,0.0011282173689814877,0.04277775048054224,-0.1339059098264912,-0.0007593246993797896,-0.014920981603115654,0.31290109130239724,0,1,0,6.802066154511744,6.802066154511744,8.411380927704247,2.713869903127031
march,2.5,0.0,0.0,0.0,0.004141787562972999,0.01206467202676985,0.006208006974918317,-0.1485246299255747,-0.0005217396559981109,-0.015571090997873755,0.31335803767309467,0,0,0,7.152859934156198,7.152859934156198,8.368278089488268,2.0177780206709395
march,2.52,0.0,0.0,0.0,-0.001588024777831981,0.01988665148388445,-0.016062952217452686,-0.09282033846440169,-0.0014943561765663614,-0.012480976426946514,0.3131846243622641,0,0,0,7.233074575912333,7.233074575912333,8.327605990704061,6.185870612393208
march,2.54,0.0,0.0,0.0,-0.010692237186040883,0.021970460276815238,-0.024492275336100534,-0.06277070417106716,-0.0020621986096810013,-0.0067535417866421005,0.3127004071504847,0,0,0,7.837339688940793,7.837339688940793,8.289212709000864,7.503538280316526
march,2.56,0.0,0.0,0.0,-0.01859323318207356,0.018047290817851395,-0.026400541488739958,-0.04459647699639859,-0.0005980918591057348,-0.0010354743498157675,0.31215058802614626,0,0,0,8.348938126926104,8.348938126926104,8.271551553289456,7.165869193812181
march,2.58,0.0,0.0,0.0,-0.022025031296791963,0.01239692590731715,-0.023456604395929653,-0.028278792013745998,0.0022705998623089338,0.0020482505458792187,0.31164178433600487,0,0,0,8.376675540833544,8.376675540833544,8.251048273140405,4.898865270966316
march,2.6,0.0,0.0,0.0,-0.02050737909611543,0.008438837773794922,-0.017466002664754985,-0.014921134648240913,0.00496089051141448,0.0018946787823966482,0.31124698615784313,0,0,0,8.286938457113735,8.286938457113735,8.222776188545676,2.899208761375782
march,2.62,0.0,0.0,0.0,-0.015589396969575224,0.008630814713475201,-0.010555390257600949,-0.004014970596642119,0.005260680756920574,-0.00029328758459533106,0.31099210269881467,0,0,0,8.658665782386764,8.658665782386764,8.190190366012988,2.5515408870234886
march,2.64,0.0,0.0,0.0,-0.009953986892555375,0.012078125224568158,-0.002689226687074794,0.0013304818932241102,0.0028307898991252116,-0.003543910919590471,0.3109052602483641,0,0,0,8.839431456502613,8.839431456502613,8.14196660912761,3.6460280156219773
march,2.66,0.0,0.0,0.0,-0.004496735919866264,0.018165715576302924,0.00252225671808267,0.011719824219330486,-0.0011023954386182374,-0.007150786200528057,0.31096799921513724,0,0,0,8.778923600574544,8.778923600574544,8.083960090838591,4.439874670516243
march,2.68,0.0,0.0,0.0,-0.0007993153524484637,0.025218287908148035,0.00449203519281707,0.01922898152803398,-0.005864746775143633,-0.010665089923626725,0.31111548029456937,0,0,0,8.592539392347401,8.592539392347401,8.027206917190064,4.867682697704917
march,2.7,0.0,0.0,0.0,0.0010047352658623088,0.027668303584714903,0.013080943959563997,0.06586230989757255,-0.009605590019475148,-0.0138051279370836,0.31126937764587365,0,0,0,8.204012783087595,8.204012783087595,7.9786794135538095,5.290596038758749
march,2.72,0.0,0.0,0.0,0.010298389392351745,0.018706079516079683,0.015786974906582915,0.07297729771283779,-0.0018730506811650842,-0.012292862446465158,0.3116552780152904,0,0,0,6.594307898803223,6.594307898803223,7.948453267578508,4.38794216192255
march,2.74,0.0,0.0,0.0,0.004742386109962853,0.01599811449390342,0.019053359267468397,0.0468676882502771,0.0037391480054752195,-0.00907811919802875,0.3118786597107075,0,1,0,5.575187484053192,5.575187484053192,7.975254810405453,4.793525846119184
march,2.7600000000000002,0.0,0.0,0.0,-0.002550653596448177,0.022182670419372403,0.01808193246150704,0.027795023734881665,-0.0024543364726704203,-0.008869781583627655,0.3123313527411333,0,1,0,4.349275171618056,4.349275171618056,8.034803906583644,0.4021916361801958
march,2.7800000000000002,0.0,0.0,0.0,-0.0065193354816910154,0.027527869298043732,-0.011803680625046834,0.02642158060265611,-0.007473228865375854,-0.007498412957090085,0.31232663754340245,0,0,0,5.774206935759064,5.774206935759064,8.012395717649692,3.1139406595952046
march,2.8000000000000003,0.0,0.0,0.0,-0.01177814535210325,0.0342532199625331,-0.029452661531145126,-0.049457449887940284,-0.008095898205616705,-0.004753502054150262,0.3118143140709279,0,0,0,6.943536135582646,6.943536135582646,7.991180806139685,7.77241963448826
march,2.82,0.0,0.0,0.0,-0.023205816227206282,0.03531896702482144,-0.046107056296265006,-0.13056183351561187,-0.006522235444353126,-0.0016865892410811247,0.31088384922990697,0,0,0,7.706787939856846,7.706787939856846,7.971091730453544,9.802243482278964
march,2.84,0.0,0.0,0.0,-0.02670732435348885,0.033238611056650325,-0.06322610423280292,-0.13492210658104203,-0.007974213178010616,0.0005375740852181221,0.3096400584835284,0,0,0,8.445144925255667,8.445144925255667,7.952065257248503,9.058939528365011
march,2.86,0.0,0.0,0.0,-0.027561257946485753,0.030733885240481405,-0.06454649089151061,-0.10449340645968641,-0.012615999958324797,0.002665640960791929,0.30827429527714034,0,0,0,8.997508494374998,8.997508494374998,8.004668540518662,4.7318966810928345
march,2.88,0.0,0.0,0.0,-0.0304951761185875,0.030428804137508352,-0.052960370440251085,-0.0853072416440854,-0.01852433291427616,0.0059211270411268484,0.3070666748955841,0,0,0,9.164711861600424,9.164711861600424,8.142074321005275,2.252534398288275
march,2.9,0.0,0.0,0.0,-0.033911700829699944,0.03402554249073843,-0.036981075678046114,-0.06532477066908897,-0.0246147217990485,0.009499504121242883,0.30615281346370826,0,0,0,9.00771374527323,9.00771374527323,8.289011108139917,2.1209289228698953
march,2.92,0.0,0.0,0.0,-0.03490021522257552,0.04070337811103388,-0.022104744237995598,-0.022573854615296027,-0.030442085456533156,0.01212115058464022,0.3055668836434895,0,0,0,8.721473334950204,8.721473334950204,8.227665440037669,1.7025909009761917
march,2.94,0.0,0.0,0.0,-0.03513092232345546,0.046310762125390016,-0.013592773369557457,0.01729810295987022,-0.03435047273933682,0.013359500397774204,0.3052244577029723,0,0,0,8.535775192685032,8.535775192685032,8.169884888658302,2.605388699805585
march,2.96,0.0,0.0,0.0,-0.036150830764538955,0.04927148465504669,-0.01293887478743375,0.051631476642420876,-0.03712635833405654,0.013872779682277353,0.3049566837620451,0,0,0,8.40977283253872,8.40977283253872,8.122536722818513,2.6171040738063347
march,2.98,0.0,0.0,0.0,-0.04079604666335251,0.04821896794924291,-0.009307607282705806,0.08577511811900115,-0.0382864368419172,0.01383142003985859,0.3046771342505242,0,0,0,8.383677575025727,8.383677575025727,8.081833200948402,3.4036690775858576
march,3.0,0.0,0.0,0.0,-0.05491886920622363,0.026598697262812686,0.027391806088928692,0.08277915701482783,-0.027676557084047388,0.008533497701650301,0.3049594629275713,0,0,0,8.212629721037136,8.212629721037136,8.04299179431283,4.721656311916032
march,3.02,0.0,0.0,0.0,-0.05710873911337379,0.011057691000754826,0.09213817853796964,0.04055131462506932,-0.020003967642185812,0.0017766564584738103,0.3061593699805341,0,1,0,7.639975560308599,7.639975560308599,8.011487515770707,5.044248709706392
march,3.04,0.0,0.0,0.0,-0.04197869653455078,3.9518730357919214e-05,0.1190897107672863,0.03430085369754995,-0.01908839414972145,-0.0017454532162088192,0.30839064983432346,0,1,0,5.8051114644913175,5.8051114644913175,7.994261250167796,1.4029085056191504
march,3.06,0.0,0.0,0.0,-0.019898784192045813,-0.008476107843624129,0.10367604583584608,0.010102622537779783,-0.016137645300173243,-0.0044423115329937,0.3106431354436309,0,1,0,5.330702295431715,5.330702295431715,8.039715919107035,3.3413146190554537
march,3.08,0.0,0.0,0.0,-0.0021330254916421577,-0.008521683484603483,0.067277397017461,-0.028783601663653475,-0.013792277048820705,-0.007376200975782315,0.31232961868454745,0,0,0,5.900083045939035,5.900083045939035,8.085043902277867,2.3540521931576768
march,3.1,0.0,0.0,0.0,0.0055646049631571095,0.0023867867275435945,0.031006339277194275,-0.03929456911684747,-0.012469056900528044,-0.009491417457032806,0.3131959702812306,0,0,0,6.519820143035346,6.519820143035346,8.099014745699048,5.562797923882348
march,3.12,0.0,0.0,0.0,0.0028622397884687217,0.011677106852204465,0.0005858084575857219,0.014358727102812274,-0.011124199509676216,-0.007694365431884762,0.3132775258092538,0,0,0,7.042495632756268,7.042495632756268,8.073163708508925,8.426155291096672
march,3.14,0.0,0.0,0.0,-0.003104121673735686,0.014518975085706938,-0.013707029627177274,0.026386606274936008,-0.009332966592344763,-0.0027365615904832038,0.31294106187748594,0,0,0,8.018795020470284,8.018795020470284,8.060220089314157,8.907131805126959
march,3.16,0.0,0.0,0.0,-0.007849626574520126,0.0116739884159855,-0.01889798475003624,0.019844780461747143,-0.006798130493894036,0.002470158496575965,0.31249057242318373,0,0,0,8.5168223433301,8.5168223433301,8.164615372841524,6.730061493193059
march,3.18,0.0,0.0,0.0,-0.010723570656127751,0.006666515226870246,-0.0196420660598032,0.012801137721288495,-0.002813303566847091,0.005358357465903568,0.31202739367466237,0,0,0,8.57808779688705,8.57808779688705,8.292004705035222,3.1590674286284015
march,3.2,0.0,0.0,0.0,-0.010627863803417285,0.0015141068563036884,-0.01858702515518241,0.0028755403047384426,0.0014441326657163934,0.005399910846761022,0.311588602279888,0,0,0,8.42588830454751,8.42588830454751,8.316105163954276,2.5749321066650404
march,3.22,0.0,0.0,0.0,-0.007393915354760628,-0.00106633360395844,-0.015744242626094966,-0.007258063664742762,0.003315773962546516,0.00350241203533467,0.3111973854660311,0,0,0,8.295840799628513,8.295840799628513,8.316648718215465,2.470482351582313
march,3.24,0.0,0.0,0.0,-0.003347628189937961,0.00037476820748847436,-0.010179728363063566,-0.017074720138093486,0.0020202039611328672,0.00047569384706718805,0.31091945881849137,0,0,0,8.137400839892592,8.137400839892592,8.309911531008918,1.7944574150815522
march,3.2600000000000002,0.0,0.0,0.0,0.0011202721344598602,0.005000981884891864,-0.004116113349137918,-0.030373268674271557,-0.0009763678739997499,-0.002890769020319277,0.31079162724234904,0,0,0,7.981720795683494,7.981720795683494,8.292552260615754,2.9489294114606985
march,3.2800000000000002,0.0,0.0,0.0,0.005426361367904101,0.010520435259567102,0.0009593414367373914,-0.03829195968638035,-0.004924870540680639,-0.005881547476262117,0.3108031172397421,0,0,0,7.938344897053736,7.938344897053736,8.270177466972783,3.6900534664980595
march,3.3000000000000003,0.0,0.0,0.0,0.007193970914315136,0.01272437361687308,0.008158976613039865,-0.005551552391284623,-0.007456677556446106,-0.008515208152561682,0.3108755752408271,0,0,0,7.666184258072152,7.666184258072152,8.248869775696722,3.888576619328039
march,3.3200000000000003,0.0,0.0,0.0,0.01665372452572872,0.0014056537298410274,0.012706269016884528,0.0012716956455865146,0.0015687713216805696,-0.006798062517619759,0.31119084549326936,0,0,0,6.933761087842945,6.933761087842945,8.248281883921518,4.378046410015649
march,3.34,0.0,0.0,0.0,0.006332747138512456,0.001471103048831922,0.03136456910870985,-0.01811712270940834,0.004019608276484356,-0.004703111171041788,0.31155170072863586,0,1,0,5.5608463071196494,5.5608463071196494,8.256686586833016,4.626183889643446
march,3.36,0.0,0.0,0.0,0.0003543875070025417,0.0060329396028189295,0.02408276400017872,-0.022205737421428354,-0.0013179989412031956,-0.0044700590675897855,0.31215943351493614,0,1,0,4.845351742328037,4.845351742328037,8.222232541554007,0.4321213656121001
march,3.38,0.0,0.0,0.0,-0.0071062208158969705,0.012000437574466609,-0.004626093288309516,-0.010880294973202712,-0.004531522054586997,-0.003061942187785954,0.3122854390126547,0,0,0,5.760334936973251,5.760334936973251,8.189676589566336,1.883367393525652
march,3.4,0.0,0.0,0.0,-0.018513203783385303,0.01813888769491194,-0.029446353609333478,-0.0057795498209218515,-0.005689494096479136,-0.00026797372212961654,0.3118793325375021,0,0,0,6.445768445148445,6.445768445148445,8.158904791621953,3.7880935684534247
march,3.42,0.0,0.0,0.0,-0.02611529515368754,0.021618269782532003,-0.05436584424779463,-0.04418833546500308,-0.005848738503883881,0.0018879829330332885,0.3110093450975994,0,0,0,7.310088330201727,7.310088330201727,8.1298110253827,4.720394592383389
march,3.44,0.0,0.0,0.0,-0.02503706828571554,0.018750174789766896,-0.0727267328687405,-0.07626528905164642,-0.008424308067691769,0.0019952946834792245,0.3096601786214394,0,0,0,8.37666265991199,8.37666265991199,8.102296347724149,3.279847619548798
march,3.46,0.0,0.0,0.0,-0.026119783563205542,0.016004039809032363,-0.07284246232671629,-0.0877770959323488,-0.012173470997922096,0.002865206392503721,0.30813308701672143,0,0,0,8.882917748753606,8.882917748753606,8.074249819338501,3.3175905221659887
march,3.48,0.0,0.0,0.0,-0.03084003814607687,0.016031754047324678,-0.05828499192818897,-0.07543234639051208,-0.016723349969658928,0.005529040468486882,0.30680190197555585,0,0,0,8.9519722056466,8.9519722056466,8.017295296061597,2.777071866037228
march,3.5,0.0,0.0,0.0,-0.03450463974632321,0.02048665287453463,-0.04038923008889298,-0.04572309402291835,-0.022123176319524367,0.008809690740224831,0.30583478008689746,0,0,0,8.670817115758762,8.670817115758762,7.953386577274337,1.744697063350327
march,3.52,0.0,0.0,0.0,-0.03726864450855566,0.02749307317927001,-0.025739878186243983,-0.0003853108353265845,-0.027452260573523252,0.011060861864798474,0.3052165009183353,0,0,0,8.39046551435058,8.39046551435058,7.900715111965006,1.5662615735006744
march,3.54,0.0,0.0,0.0,-0.039409091162287746,0.03356230332330169,-0.017098893794906672,0.03163389682879746,-0.030715430231472496,0.011952230578183015,0.3048538102082674,0,0,0,8.178932028042365,8.178932028042365,7.861942302891677,3.00608666589691
march,3.56,0.0,0.0,0.0,-0.04108010427312751,0.03730075475710532,-0.014646313714753402,0.04457331859843521,-0.0328110774572123,0.012090479130444481,0.30457607511306867,0,0,0,8.164787299038217,8.164787299038217,7.833895876377014,3.401311353822404
march,3.58,0.0,0.0,0.0,-0.0460938882953244,0.03860871768270766,-0.01575769632990118,0.06528268516171193,-0.03366144629282231,0.011856149491678746,0.3042800306730982,0,0,0,8.09734520142167,8.09734520142167,7.8084164600497274,3.351061040393225
march,3.6,0.0,0.0,0.0,-0.059575240201930585,0.020985098717400372,0.01857923693341434,0.0481603167870503,-0.023463961939793415,0.006975410676120771,0.30439988430258297,0,0,0,8.00323930641713,8.00323930641713,7.7854884749563205,3.393511242519289
march,3.62,0.0,0.0,0.0,-0.06646907073914674,0.004055009348946573,0.071624931552652,0.024952016332873,-0.0116739093417037,-0.0006489838391677626,0.3052383711540451,0,1,0,7.641074082953019,7.641074082953019,7.76699713141916,4.018490731872658
march,3.64,0.0,0.0,0.0,-0.05843667216651425,-0.0038852780669886384,0.11448341794782302,0.03135859994813194,-0.010297754346842125,-0.0033911266288076556,0.30724331802697985,0,1,0,5.669523372545677,5.669523372545677,7.751390561267542,1.3271149776968372
march,3.66,0.0,0.0,0.0,-0.03796269151238771,-0.01062074319141804,0.10476288298747938,0.03729003789318562,-0.0070153093889239035,-0.005345859848274703,0.3094893049349399,0,0,0,5.492194354884953,5.492194354884953,7.802501923682936,2.9057249591384346
march,3.68,0.0,0.0,0.0,-0.022276076268796848,-0.010498459413345049,0.06140813725499641,0.004887377180898758,-0.0037169858736442055,-0.007217411511200206,0.3110935670916881,0,1,0,5.8082934699863955,5.8082934699863955,7.850491749064208,2.9057249591384346
march,3.7,0.0,0.0,0.0,-0.014770092841570758,-0.0020481718648452836,0.025684361621641033,-0.019477040098771194,-0.0027438908065698106,-0.009021690052593193,0.31184331305741547,0,0,0,6.7329572492507355,6.7329572492507355,7.859227935829164,4.540789545197423
march,3.72,0.0,0.0,0.0,-0.01772059819995446,0.006697111155100771,-6.6188602963596055e-06,0.002390114914574514,-0.002773966702120704,-0.0069244800043744,0.3118818406568868,0,0,0,7.152987676897579,7.152987676897579,7.846056708571492,7.369289827693123
march,3.74,0.0,0.0,0.0,-0.022859415004238423,0.010552530111964458,-0.009448489170769963,-0.004780516437108338,-0.002480383784235937,-0.00158657651569042,0.31160167102917546,0,0,0,8.12940704027703,8.12940704027703,7.833568041295127,7.6247427784650785
march,3.7600000000000002,0.0,0.0,0.0,-0.026165548362322988,0.009040523907528459,-0.011264922186482548,-0.024381182391723197,-0.0009776734115948347,0.004189248335084476,0.31128259716458156,0,0,0,8.61681627391595,8.61681627391595,7.936073230040673,6.058570628732941
march,3.7800000000000002,0.0,0.0,0.0,-0.026829744246934004,0.004831668973587138,-0.011442210906122524,-0.032372886669149205,0.002549723638289153,0.007555492988240685,0.3109853225220722,0,0,0,8.596236785879146,8.596236785879146,8.078088922057496,3.41555772662921
march,3.8000000000000003,0.0,0.0,0.0,-0.022719976689647394,0.0017006915439759728,-0.011441056828162053,-0.03514257274702359,0.0064401873246778185,0.007776825829879805,0.31070281125672067,0,0,0,8.404541212443334,8.404541212443334,8.179155315329968,2.6195337521789694
march,3.8200000000000003,0.0,0.0,0.0,-0.015637697269635854,0.0011016897958675148,-0.008792420809499123,-0.03989167155704464,0.007969664073243567,0.006093555435822076,0.3104540961555127,0,0,0,8.446844845126469,8.446844845126469,8.14895816929716,2.5085502692485053
march,3.84,0.0,0.0,0.0,-0.008089732527331268,0.004218740908010203,-0.003773009309504014,-0.039795422075124265,0.0064511689732880345,0.0030447472898432718,0.31031010224322925,0,0,0,8.65667984809277,8.65667984809277,8.110698985735883,1.770797334580052
march,3.86,0.0,0.0,0.0,-0.0005050732946389777,0.010509032599105315,0.0008104727900858958,-0.042886980240447146,0.0032900302819826584,-0.0005839295321468037,0.31029486511130655,0,0,0,8.687204477442423,8.687204477442423,8.061586407928907,2.9198534938584975
march,3.88,0.0,0.0,0.0,0.006376667122619776,0.017341468251184926,0.002883263889235281,-0.039508086809048645,-0.0007455261605033943,-0.004106995913207073,0.3103714399795707,0,0,0,8.502040319631044,8.502040319631044,8.010007477576927,3.6868426889739845
march,3.9,0.0,0.0,0.0,0.009963850730704273,0.021989871039415212,0.0046742216321240095,0.0018959566556144437,-0.0041855518355696395,-0.007439949210860103,0.31045287099573937,0,0,0,8.093405560423518,8.093405560423518,7.9658284526320955,3.870061607355638
march,3.92,0.0,0.0,0.0,0.020098495474431266,0.01132557362517317,0.014617283680434814,0.03622866148486513,0.003976939795784647,-0.005721585509309359,0.31078079661298663,0,0,0,6.872593959219065,6.872593959219065,7.940267986080723,4.428527250071827
march,3.94,0.0,0.0,0.0,0.011917786594509396,0.011270029362273521,0.031570066005488555,0.022685732810179573,0.006353940258204317,-0.0033244131668429865,0.31117208590152695,0,1,0,5.546306197695561,5.546306197695561,7.973763416404623,4.689252989512973
march,3.96,0.0,0.0,0.0,0.006848894984592817,0.013367187042589867,0.02811388024382565,0.019750284797369153,0.0010105348078373532,-0.0026592617537928064,0.3118125414144934,0,1,0,5.053956420601996,5.053956420601996,8.017789740834406,0.5005739767446612
march,3.98,0.0,0.0,0.0,0.0023523818362776536,0.01635710778845633,0.0020516295811852004,0.02647768708393643,-0.0031232914062706047,-0.0008488734552385363,0.312042146541862,0,0,0,5.911016217399595,5.911016217399595,7.996287974447181,2.7890922668287517
march,4.0,0.0,0.0,0.0,-0.00419287264960212,0.02249349468454913,-0.026385143014818604,-0.0020789521621438047,-0.005586751167213871,0.0018810910416960187,0.3116776977551784,0,0,0,6.488505558020696,6.488505558020696,7.975928216875367,4.539683436923255
march,4.0200000000000005,0.0,0.0,0.0,-0.01102317236864658,0.024620089863617873,-0.05230963706573549,-0.043883404592989096,-0.0073622825849625866,0.003871298429079477,0.31076406535002604,0,0,0,7.294687307889084,7.294687307889084,7.9699992925772065,6.665796541367948
march,4.04,0.0,0.0,0.0,-0.009411142590114711,0.021608803062299804,-0.07286946278509877,-0.05922399435128629,-0.011545771381157508,0.004428965406547346,0.30938513700337467,0,0,0,8.339376776428907,8.339376776428907,7.951030506253257,6.283775420598601
march,4.0600000000000005,0.0,0.0,0.0,-0.010083373375788289,0.01911415023063783,-0.07586441936202404,-0.0816552088766804,-0.01808457099239362,0.005985146036873689,0.3077915578449624,0,0,0,8.805374443046222,8.805374443046222,7.9635647493609945,4.682832694695035
march,4.08,0.0,0.0,0.0,-0.014241601010875184,0.02088390983769336,-0.06300825480272595,-0.08607640239143126,-0.02568154504706344,0.009630490622110584,0.3063609202525386,0,0,0,8.860603476824389,8.860603476824389,7.910427891439802,3.1382737890514907
march,4.1,0.0,0.0,0.0,-0.018485360448784557,0.027941819731981312,-0.044736721436983325,-0.0729837517487946,-0.033527688672913836,0.014052682357705482,0.30529194201748505,0,0,0,8.591414440395978,8.591414440395978,7.851965771256008,1.6232314416491036
march,4.12,0.0,0.0,0.0,-0.021375777435587932,0.03844781260632606,-0.028553995738750265,-0.04590682425200637,-0.040502947855908626,0.017441445041074057,0.30458807845707414,0,0,0,8.322713295034074,8.322713295034074,7.804274637705404,1.502861824060761
march,4.14,0.0,0.0,0.0,-0.024857364124791392,0.04884197519227966,-0.015995806163719484,-0.0169892020559674,-0.04492014520890877,0.019218587701911077,0.3041891432241173,0,0,0,8.174560412808965,8.174560412808965,7.7711031190669075,2.9080040981146937
march,4.16,0.0,0.0,0.0,-0.02768405116606713,0.05627582404891142,-0.012394834059482412,-0.0023227096346225403,-0.0478824692204478,0.020116492934163316,0.30393060661581145,0,0,0,7.951627397021205,7.951627397021205,7.749360447917034,3.6710125639012205
march,4.18,0.0,0.0,0.0,-0.040355146362963334,0.05193797336625332,0.00929571928495779,-0.006373274424670227,-0.04593738510169655,0.019266161609070145,0.3038294290477547,0,0,0,7.842836704327017,7.842836704327017,7.733140245521053,3.275429596602948
march,4.2,0.0,0.0,0.0,-0.05265062004848457,0.03578322871989455,0.03506459649167748,-0.01543088031494641,-0.033720236391456396,0.01315869221132715,0.3043438936681589,0,0,0,7.768041532790481,7.768041532790481,7.720987016601278,3.2968533618290197
march,4.22,0.0,0.0,0.0,-0.05869544357824658,0.017076505573230722,0.06009125834559766,-0.02063600717874536,-0.01705051660308134,0.0043762104005984955,0.3052625521858509,0,1,0,7.591793667821489,7.591793667821489,7.712342545585734,4.371356717473471
march,4.24,0.0,0.0,0.0,-0.050432813850293454,0.008252395966685139,0.08818760779284811,0.02409462107518812,-0.016186917487619874,0.0017086083432491155,0.30689923859310664,0,1,0,5.769987532228763,5.769987532228763,7.711988835662986,1.3939969354099382
march,4.26,0.0,0.0,0.0,-0.032760809145015404,0.0013047152978103494,0.06927731882335068,0.02345880287944646,-0.015487513483264357,0.0010462458762322399,0.30851041587162287,0,1,0,4.72110767442616,4.72110767442616,7.760928590832457,0.9928809752260019
march,4.28,0.0,0.0,0.0,-0.01826167023833954,-0.004461447455889986,0.033204229770910934,-0.021676615377090286,-0.013746790974823227,-0.0009910471866495382,0.309470685412101,0,0,0,5.7847566421172445,5.7847566421172445,7.819292530024917,2.473563681766183
march,4.3,0.0,0.0,0.0,-0.010281298719726766,-0.0030443939169895622,0.004997374419644945,-0.06387682046155356,-0.012124398017903396,-0.0032506675453927146,0.30981605692844105,0,1,0,6.470678936422251,6.470678936422251,7.853036255564305,3.8096655208870427
march,4.32,0.0,0.0,0.0,-0.008779987939037849,0.002890580834241768,-0.012771692808441914,-0.055648380106066965,-0.010941541320971504,-0.0036089729253702164,0.3097142497660331,0,0,0,7.415637222368635,7.415637222368635,7.891240900574122,4.272342487068263
march,4.34,0.0,0.0,0.0,-0.010143652495612871,0.007344626972284051,-0.019597015644781963,-0.027309563289640747,-0.007976001833412868,-0.0024740562992655664,0.309342648817887,0,0,0,8.087661280263504,8.087661280263504,7.907625893492813,4.921928816533437
march,4.36,0.0,0.0,0.0,-0.010100881418421583,0.00972146644735757,-0.01848008960674432,-0.013438226265584169,-0.004506611610961819,-0.0015897640759033177,0.3089131221914192,0,0,0,8.435855567711702,8.435855567711702,7.95726781696624,4.645346811434125
march,4.38,0.0,0.0,0.0,-0.008200280653878522,0.011520277167887002,-0.010420105912646154,-0.02381212189581843,-0.0014176990655445267,-0.0015315411936385323,0.30858532246833037,0,0,0,8.543195861479845,8.543195861479845,7.932062955820125,3.330443209879183
march,4.4,0.0,0.0,0.0,-0.004504484789317157,0.013356868387231303,-0.0004576679631982938,-0.0450589243557012,-0.0002374873752834526,-0.002031391735987855,0.30846414665746374,0,0,0,8.4791836553428,8.4791836553428,7.896988358470296,2.422812322859448
march,4.42,0.0,0.0,0.0,-0.00022075247319554674,0.015051220760715562,0.006052990777985906,-0.061222624974102274,-0.000835530587998406,-0.0031620249999739,0.30852437223226126,0,0,0,8.223177356810881,8.223177356810881,7.863188152796603,1.9099097049296754
march,4.44,0.0,0.0,0.0,0.0025376152382931877,0.01825388139908693,0.00840519107682117,-0.06996418573239759,-0.0031944707041731972,-0.005177663486279179,0.30869167684893184,0,0,0,8.013741010885465,8.013741010885465,7.835886338967072,2.3446426453420943
march,4.46,0.0,0.0,0.0,0.004432547815671615,0.023351821322310864,0.00788438986652817,-0.0745609480663004,-0.006009681503506809,-0.007724457199634424,0.3088908381546454,0,0,0,7.8452273371047925,7.8452273371047925,7.816862505089411,3.207364853722026
march,4.48,0.0,0.0,0.0,0.005212969570785435,0.028700004611585537,0.005534645795536112,-0.07160735195310797,-0.009043549198312947,-0.01031623337849436,0.30906643782800386,0,0,0,7.778372375981466,7.778372375981466,7.8035357272945625,3.493981540056633
march,4.5,0.0,0.0,0.0,0.009369939406967006,0.024418502141320936,0.02352047055011026,-0.03363296219202764,-0.006951500739839197,-0.011112663016841632,0.30933117997628634,0,0,0,7.685131672439619,7.685131672439619,7.794903040509464,3.483219104561954
march,4.5200000000000005,0.0,0.0,0.0,0.02117903674589833,0.011109304820339134,0.023883068324682177,-0.02925731552007217,0.004092908584714709,-0.007698479976286015,0.30988108152850796,0,0,0,7.061675139995055,7.061675139995055,7.7941079799127415,3.315238537779619
march,4.54,0.0,0.0,0.0,0.01723257791232265,0.003202389510054474,0.030606068044903696,-0.04890432285014511,0.0091830187473965,-0.003598082473141756,0.31028471850189676,0,1,0,5.950801038074676,5.950801038074676,7.846331182871687,6.82923289633981
march,4.5600000000000005,0.0,0.0,0.0,0.010679594636260524,0.006045995973555516,0.03235911230036298,-0.028424870980800522,0.0029746950855458363,-0.0027944343080257934,0.31100261076632835,0,1,0,5.092945290330507,5.092945290330507,7.88768091299573,0.583345916808224
march,4.58,0.0,0.0,0.0,0.005110073096082347,0.011652042811063714,0.009341096969841383,-0.022746277549412993,-0.002344243368875201,-0.0017355200201492334,0.31133808797935725,0,0,0,5.929377016733443,5.929377016733443,7.873030276097026,3.0295663291044455
march,4.6000000000000005,0.0,0.0,0.0,-0.003087157282977428,0.018918399181112083,-0.011195397411399077,-0.08111955978922876,-0.0035045018264783516,-0.00026792170267163687,0.3112565334105504,0,0,0,6.532464208828685,6.532464208828685,7.85914223799157,6.57703081497344
march,4.62,0.0,0.0,0.0,-0.00625249833079241,0.021374755341484548,-0.03440940036063862,-0.10856954904816027,-0.002509374765903305,-0.000216063129594748,0.31078226804452913,0,0,0,7.331974436728668,7.331974436728668,7.88370424410126,3.0256330276147474
march,4.64,0.0,0.0,0.0,-0.011419561543393129,0.017524548714890217,-0.050629875342354726,-0.09852499894598618,-0.0029197342656659122,-0.0010574958577494774,0.3098890320008201,0,0,0,8.171981076017651,8.171981076017651,7.966460373383203,3.0256330276147474
march,4.66,0.0,0.0,0.0,-0.016414857813235286,0.013339748056598058,-0.05439512619210845,-0.0859694426942785,-0.004460814610526351,-0.0014533251510358489,0.308783984432191,0,0,0,8.609423094190182,8.609423094190182,7.987897502466069,2.862002351633561
march,4.68,0.0,0.0,0.0,-0.023076920313505167,0.011670885185352734,-0.04648079765495281,-0.06824874902122889,-0.0072216392130510084,-0.00035840053289733594,0.30775193043958965,0,0,0,8.624324841229486,8.624324841229486,7.944107370856745,2.3174266399858494
march,4.7,0.0,0.0,0.0,-0.028258859619480513,0.013527729681505963,-0.033382909664043246,-0.030015937013427554,-0.01090576488548688,0.0015599329965010076,0.30696586017041955,0,0,0,8.414873345926594,8.414873345926594,7.895875175108834,1.690073969392396
march,4.72,0.0,0.0,0.0,-0.031510274112332516,0.017472326015088996,-0.022341231939911395,0.021785561924050165,-0.014593399582702659,0.002889258671587096,0.30644973817963916,0,0,0,8.235791670535882,8.235791670535882,7.856428905763796,1.564770249925349
march,4.74,0.0,0.0,0.0,-0.03444635280351797,0.020479370940033194,-0.01717235694051358,0.05615929386764826,-0.016635876515118296,0.0032155198535345603,0.30612622714818977,0,0,0,8.01153978566244,8.01153978566244,7.825789833233998,2.954413674879216
march,4.76,0.0,0.0,0.0,-0.038071086152001075,0.021578190610010414,-0.018280463982058397,0.06818718341741134,-0.017787372162656207,0.003041987494474403,0.3058217763141251,0,0,0,7.928902623644207,7.928902623644207,7.8049017813886685,3.4227339114935953
march,4.78,0.0,0.0,0.0,-0.04228309479247704,0.021890352417802107,-0.0233475711214299,0.0818308477486805,-0.01811226017003975,0.0026324851763181857,0.3054322884838338,0,0,0,8.001344618270538,8.001344618270538,7.789375440099558,3.241150316729746
march,4.8,0.0,0.0,0.0,-0.054771316280269454,0.01600877299053834,-0.014145366277406262,0.10037510555513539,-0.01495242780950877,0.001493148018457587,0.3050036353016237,0,0,0,7.944146122681956,7.944146122681956,7.7722254546792335,3.186454538335513
march,4.82,0.0,0.0,0.0,-0.06304913407733215,0.011679225182749352,0.05169086505821054,0.0990359968346532,-0.010929272979790449,-0.0009789747659446522,0.30543826747375097,0,1,0,7.347816666882833,7.347816666882833,7.75473334009056,1.1195356689631524
march,4.84,0.0,0.0,0.0,-0.060756905058038456,0.007724424353681074,0.09452892027380821,0.11771201615628242,-0.009127002171030916,-0.0030520706815395744,0.3070081925881672,0,1,0,5.66533742411498,5.66533742411498,7.753791606183846,1.1788213900596978
march,4.86,0.0,0.0,0.0,-0.04585151256859294,0.005351255888102091,0.09076165344809596,0.08071727121369072,-0.007422278340411249,-0.005469706572386568,0.3089377336755244,0,1,0,5.776840885539642,5.776840885539642,7.8069171840966405,1.2002393687667505
march,4.88,0.0,0.0,0.0,-0.03220241682169232,0.005503251240306304,0.05283814224510363,0.009139232216845762,-0.0064589590215556195,-0.007867952231619306,0.3103309497775633,0,0,0,6.32144245130304,6.32144245130304,7.848229783336535,2.8029929535709295
march,4.9,0.0,0.0,0.0,-0.033740295926666476,0.006618562984463161,0.014752221011073995,-0.042511298175911476,-0.006371845902204436,-0.009807023783046279,0.31092181605897456,0,1,0,6.986385324173939,6.986385324173939,7.865355671727784,3.5175082173827947
march,4.92,0.0,0.0,0.0,-0.049681877511776454,0.0047253586986511125,-0.00836408939531243,-0.039278360945294875,-0.006126298491380232,-0.008451862112165824,0.31095209770284477,0,0,0,7.342836913330967,7.342836913330967,7.851866401903052,3.6146223388788608
march,4.94,0.0,0.0,0.0,-0.06987404991896223,0.000599457219736733,-0.015967858080823204,-0.04163368039684062,-0.004551668169909921,-0.004328919159640665,0.3106727991526796,0,0,0,7.827478103294978,7.827478103294978,7.910138253997161,3.9451386968346718
march,4.96,0.0,0.0,0.0,-0.08335765483267205,-0.0037685767786905435,-0.01884324580292249,-0.05931479213325962,-0.0016478287193053406,0.0005781144552161291,0.3103044932508694,0,0,0,8.348079701710374,8.348079701710374,7.982807048403785,3.3013676520387945
march,4.98,0.0,0.0,0.0,-0.0862981576003948,-0.006461793495796764,-0.020180662554668983,-0.06981236229591285,0.002423360333848784,0.003738409155848979,0.3098926624263649,0,0,0,8.42639656059604,8.42639656059604,7.963161310725589,2.7886588846961438
march,5.0,0.0,0.0,0.0,-0.07981839527399202,-0.007259006661728477,-0.024877262095863138,-0.059999824273950834,0.005831853634262956,0.0036867141444119774,0.30942734259209737,0,0,0,8.547093740190698,8.547093740190698,7.944553381003132,2.2942728826679635
forward,5.0200000000000005,0.30000000000000004,0.0,0.0,-0.06895273721068536,-0.002904048303403542,-0.026615734141649427,-0.06816914109413376,0.006289684277919424,0.001384211650124652,0.3089301475617678,0,0,0,9.10610826119834,9.10610826119834,7.906991975197467,1.8830416774651957
forward,5.04,0.30000000000000004,0.0,0.0,-0.05760549580636828,0.005348634920298567,-0.02595389385819024,-0.07654968008815104,0.0035411699866236316,-0.0017814406119609234,0.30846240714082973,0,0,0,9.329721719756904,9.329721719756904,7.842989985666552,3.3448331370307622
forward,5.0600000000000005,0.30000000000000004,0.0,0.0,-0.04814280024143201,0.016143582799748812,-0.02591424830764745,-0.07614133475365228,-0.0008403259363498509,-0.005322734047130469,0.30800907344336953,0,0,0,9.302839867571643,9.302839867571643,7.766114638503751,4.416185426215992
forward,5.08,0.30000000000000004,0.0,0.0,-0.0385086137663436,0.028108404981062388,-0.02947783972682667,-0.08024281118313761,-0.005526398409785841,-0.009018487404186856,0.30752400662407886,0,0,0,9.14097493475407,9.14097493475407,7.6890761361193185,5.050295098760564
forward,5.1000000000000005,0.30000000000000004,0.0,0.0,-0.022948169750272706,0.028884479185442406,-0.006390562341080217,-0.016103627191120285,-0.005136156921935576,-0.01075237910329751,0.30707576002874193,0,0,0,8.780016724880634,8.780016724880634,7.619686578807016,6.244313683781185
forward,5.12,0.30000000000000004,0.0,0.0,0.007542486487981389,0.014561125326641285,-0.0019580870921080892,0.03758160971947718,0.0070571401999247165,-0.00581539750583644,0.3071065316551811,0,1,0,8.32694074666646,8.32694074666646,7.553360805359645,2.773539737242426
forward,5.14,0.30000000000000004,0.0,0.0,0.036854776134549044,0.008131084491234307,0.03227167620360633,0.09014581315415221,0.008053331139265488,-0.003201446352655784,0.3074762820372676,0,1,0,7.654927299156368,7.654927299156368,7.5310077514429565,2.0544105006110844
forward,5.16,0.30000000000000004,0.0,0.0,0.07828109096405376,-0.0011908098647369684,0.04027788858076703,0.15824745715342514,0.005855189627787824,-0.003775534457715683,0.3082507211518498,0,1,0,6.184867006397928,6.184867006397928,7.5514135221413135,0.4233215393254411
forward,5.18,0.30000000000000004,0.0,0.0,0.1183556266867498,-0.014068546278228357,0.02448618532089593,0.1758410857729621,0.004013785662573939,-0.004378122371885526,0.3089021632950264,0,1,0,5.433645751766498,5.433645751766498,7.622685976008924,0.4261180736366419
forward,5.2,0.30000000000000004,0.0,0.0,0.14625102265524295,-0.02558457858522622,-0.0020967491897420855,0.1025820248449549,0.0030402269878275177,-0.004080037292896643,0.30910689426872623,0,1,0,6.307710909280333,6.307710909280333,7.642046302175952,0.6415091622966099
forward,5.22,0.30000000000000004,0.0,0.0,0.15478814843650282,-0.03023387832071625,-0.035630260652605286,-0.043001027097191676,0.0022485772500852466,-0.0028841675548468356,0.3086802700046469,0,0,0,7.370498734018204,7.370498734018204,7.639947293173215,1.777659114529735
forward,5.24,0.30000000000000004,0.0,0.0,0.1541731310938371,-0.029652865370734714,-0.06160604627984242,-0.11958314766945512,-0.0018526191553070003,-0.0012662811458819655,0.3075995113316707,0,0,0,8.354316328355448,8.354316328355448,7.637953410092532,5.5668165478708165
forward,5.26,0.30000000000000004,0.0,0.0,0.15369714546453156,-0.024891607403586976,-0.06510610912084762,-0.07992557484812056,-0.007342963536341382,-0.0004942807280919813,0.30623344320454876,0,0,0,8.997933325336907,8.997933325336907,7.674934081776666,5.36817252876321
forward,5.28,0.30000000000000004,0.0,0.0,0.15032100302543427,-0.01694792893954121,-0.043567813296680614,-0.01839607391295038,-0.0118732518957177,-0.0006576794647877984,0.3051297175885054,0,0,0,9.28025870353944,9.28025870353944,7.816316048254379,3.371308703411506
forward,5.3,0.30000000000000004,0.0,0.0,0.1457376113331946,-0.007520425293100406,-0.016020472171166835,0.038982004527112604,-0.012937360385558608,-0.0012899545533759183,0.30458139408209056,0,0,0,9.047137172622527,9.047137172622527,7.90699253397063,2.8538509132976286
forward,5.32,0.30000000000000004,0.0,0.0,0.14622102095194955,-0.0021835417754953786,-0.0007891285139675118,0.09190438333463831,-0.011564058903375682,-0.0029113302631081314,0.30448134445601427,0,0,0,8.429136747246966,8.429136747246966,7.898074053711522,2.4183513336737503
forward,5.34,0.30000000000000004,0.0,0.0,0.15441667835120823,-0.0018650799977588117,-0.005001914179189457,0.1358826672195638,-0.007950193712513922,-0.004944197763744385,0.30448798877738326,0,0,0,8.08997611321459,8.08997611321459,7.882881347231695,2.328776202798896
forward,5.36,0.30000000000000004,0.0,0.0,0.16856979421740922,-0.005991362375294675,-0.02002339816043844,0.1778344905278098,-0.0019567530193025525,-0.007362593406950596,0.30429111788302865,0,0,0,8.027756173888728,8.027756173888728,7.868480735240372,2.6640957999834995
forward,5.38,0.30000000000000004,0.0,0.0,0.18423216052286026,-0.0005432903205541909,-0.004892530125575055,0.14197443711312321,-0.002438423921589556,-0.0065777766502720944,0.3040616668214013,0,0,0,8.206495975559223,8.206495975559223,7.854829147876348,2.5507408343883164
forward,5.4,0.30000000000000004,0.0,0.0,0.21265821611512736,0.014448664990456252,-0.007013134886734236,0.14544602435394086,-0.009937183252144655,-0.0025216461123191303,0.3039865533275931,0,0,0,8.207620320162558,8.207620320162558,7.841886034898316,2.463808214788396
forward,5.42,0.30000000000000004,0.0,0.0,0.22830884097753548,0.027035064504235377,0.015756922592539455,0.16235647501693057,-0.014044739158524567,-0.00011812452384966736,0.30397344413902117,0,1,0,7.134768621351133,7.134768621351133,7.829613200561191,2.3521436097507102
forward,5.44,0.30000000000000004,0.0,0.0,0.23714027751297614,0.03144301472315817,0.03995986395859204,0.15851801010962022,-0.012248187509880087,-0.002678386337033217,0.30459909205660507,0,1,0,7.142677396530684,7.142677396530684,7.817974651050843,1.1390660136119994
forward,5.46,0.30000000000000004,0.0,0.0,0.23256774544208852,0.02930716135209147,0.0460904758951971,0.1698224880062103,-0.009874065573897858,-0.006702156431303171,0.3055030048946003,0,1,0,7.818711279845638,7.818711279845638,7.8069364533565135,1.1830135139734639
forward,5.48,0.30000000000000004,0.0,0.0,0.20862067172318868,0.0216026883373676,0.037307419082161716,0.21318060056526852,-0.007829420748806899,-0.009508119954836618,0.30634181149891804,0,0,0,7.904032594684424,7.904032594684424,7.796466604575677,3.4286740230228387
forward,5.5,0.30000000000000004,0.0,0.0,0.1791203907324197,0.011542321025540177,0.026875778739476056,0.32756494906863204,-0.0005944627688300433,-0.009697055501002826,0.30689726637891146,0,0,0,8.179631034271095,8.179631034271095,7.780106106223361,7.351883531019253
forward,5.5200000000000005,0.30000000000000004,0.0,0.0,0.15350686013253242,0.0016571901718913944,0.004511474160778226,0.2825381468149758,0.009652490351707347,-0.011512449424037768,0.3071078214339466,0,0,0,8.873522361133434,8.873522361133434,7.760326290771353,10.246694789085277
forward,5.54,0.30000000000000004,0.0,0.0,0.1526303602766838,-0.006986875628585849,-0.015386183615501432,0.2016858849810928,0.01815743518843517,-0.019470461728855422,0.30691455000596546,0,0,0,10.190582073573108,10.190582073573108,7.714878415744483,7.668398489358587
forward,5.5600000000000005,0.30000000000000004,0.0,0.0,0.14752287008082138,-0.008891268595945433,-0.0059000040948133416,0.13162044266335823,0.022039852258927718,-0.028815573040123443,0.30675043310768063,0,0,0,10.653327702840633,10.653327702840633,7.60781054887261,4.505476092209525
forward,5.58,0.30000000000000004,0.0,0.0,0.13404972095917334,-0.008886549697167949,0.013500549657394858,0.025782601380695543,0.021549447545868326,-0.03497760255211132,0.30697053238027233,0,0,0,10.099099248123624,10.099099248123624,7.4632963356622355,2.446841197521571
forward,5.6000000000000005,0.30000000000000004,0.0,0.0,0.12195332477423443,-0.01119716124219794,0.023721933505962762,-0.09727527263420294,0.02013136149985364,-0.03876056905167748,0.3075230796673699,0,0,0,8.998376453782235,8.998376453782235,7.34183896574595,2.6786576885072098
forward,5.62,0.30000000000000004,0.0,0.0,0.11580987200496648,-0.010959858275632804,0.005181494918797234,-0.1862268957962281,0.01821006713290091,-0.04180291089530552,0.3079879939279066,0,0,0,8.09074709745141,8.09074709745141,7.274489243818778,3.9405448437008403
forward,5.64,0.30000000000000004,0.0,0.0,0.11245560967136525,-0.016602335228264164,-0.012652986488618033,-0.16924850565966754,0.02097353032624403,-0.04047349584627815,0.3080298222089483,0,0,0,7.461097873262675,7.461097873262675,7.250567036684,2.391593662287657
forward,5.66,0.30000000000000004,0.0,0.0,0.1291674660856074,-0.020526637015685086,-0.06170181345763663,-0.20644101317963393,0.027619499473587692,-0.03417511590971485,0.30735752833228863,0,0,0,7.1387781043448415,7.1387781043448415,7.253458912710041,2.425201766763096
forward,5.68,0.30000000000000004,0.0,0.0,0.15230753075355058,-0.022556351624647388,-0.10554293816705942,-0.26139928351113717,0.03325918969377754,-0.024285265989746396,0.3055796287696008,0,1,0,7.03342136198728,7.03342136198728,7.272750165366979,3.4303077362872876
forward,5.7,0.30000000000000004,0.0,0.0,0.17619493006156678,-0.006993589424052263,-0.0730125805015165,-0.2162893308749963,0.0258277187636369,-0.018633026086587245,0.30386284297352384,0,1,0,7.356921690081742,7.356921690081742,7.295946493005626,2.3714056366043956
forward,5.72,0.30000000000000004,0.0,0.0,0.2013815581927472,0.012200761211204092,-0.031142477612313525,-0.16485783858932537,0.015775347605747204,-0.015925557709439875,0.30292742608147494,0,1,0,8.45893451665917,8.45893451665917,7.32186144614365,1.0849984747682972
forward,5.74,0.30000000000000004,0.0,0.0,0.22100111681362467,0.028705769232248175,-0.00995915914305875,-0.14089969256435356,0.007553093275628188,-0.012585427701592366,0.30264703885727806,0,0,0,8.754271445863402,8.754271445863402,7.36852984740052,1.5947437850503592
forward,5.76,0.30000000000000004,0.0,0.0,0.23599134654944373,0.04565236743979555,-0.01493182626590803,-0.20653433735974186,0.0021921706245257837,-0.00808491727036924,0.30243253358334493,0,0,0,8.64888551824323,8.64888551824323,7.46703287089089,3.074194829612051
forward,5.78,0.30000000000000004,0.0,0.0,0.23777815104476016,0.05989339113212921,-0.030952220188524487,-0.30466253792651476,-0.0012765851581278975,-0.005778827237788186,0.30200434927727615,0,0,0,8.86904650636349,8.86904650636349,7.6021335929955285,2.557811818200385
forward,5.8,0.30000000000000004,0.0,0.0,0.23326639841407532,0.06572199441987621,-0.03610478252970392,-0.27530308730720476,-0.006644645737391154,-0.008123818744056769,0.3013563409907897,0,0,0,9.867508138669084,9.867508138669084,7.751841147394845,3.562900246940585
forward,5.82,0.30000000000000004,0.0,0.0,0.23348922278073117,0.06562925920149675,-0.0313106894529507,-0.15920553229115758,-0.01100935100065401,-0.013879202030476455,0.30073230895814884,0,0,0,10.61755288855891,10.61755288855891,7.831887113646626,3.6439458932474387
forward,5.84,0.30000000000000004,0.0,0.0,0.23438613233378458,0.05935070400493654,-0.023144026812412608,-0.04418984351273555,-0.011496488118056244,-0.019629786467516126,0.3003084909762462,0,0,0,10.649906272392435,10.649906272392435,7.724026478983124,3.3409280100420085
forward,5.86,0.30000000000000004,0.0,0.0,0.23872946646122756,0.04980528169865777,-0.01857263176261753,0.07053862581592438,-0.009195613293839638,-0.023927038974816007,0.30005010776541324,0,0,0,10.101398833237742,10.101398833237742,7.575485057160176,3.043946854461205
forward,5.88,0.30000000000000004,0.0,0.0,0.23458187328206828,0.05627045155522342,0.00959559942967535,0.026281501844121376,-0.012570159566375888,-0.023057414118858352,0.3000609152465737,0,0,0,8.875385661750336,8.875385661750336,7.452582548708879,2.474629422662146
forward,5.9,0.30000000000000004,0.0,0.0,0.24526927356898642,0.07325495087748647,0.014876017298755137,0.027968082660931443,-0.025793818787775317,-0.01593281290556199,0.3004464352900897,0,0,0,7.791229446747032,7.791229446747032,7.38104845029271,2.6088226511062698
forward,5.92,0.30000000000000004,0.0,0.0,0.26264539219325783,0.08682017156609274,0.009683789241424412,0.09048240236413622,-0.03966447634588514,-0.009063397498840085,0.3006081432681027,0,1,0,7.223332859540928,7.223332859540928,7.367789772811978,3.065663722558654
forward,5.94,0.30000000000000004,0.0,0.0,0.26639737675492475,0.06787182148334509,0.06452772801652493,0.0532763013450071,-0.03587565420630164,-0.010254914977063023,0.3014396464363894,0,1,0,6.694513191895974,6.694513191895974,7.378233456275975,2.20747060235529
forward,5.96,0.30000000000000004,0.0,0.0,0.2737956143791807,0.046368158848245314,0.09536150318074638,0.024388724068474595,-0.028993579880881096,-0.013334934785908782,0.30314631014910254,0,1,0,6.2872159492016655,6.2872159492016655,7.409428058161506,1.0557928827780065
forward,5.98,0.30000000000000004,0.0,0.0,0.28348360347981416,0.02783807108593715,0.08793449260253336,0.0646873336206712,-0.020861401639890257,-0.013699677331645763,0.30507996421392813,0,1,0,6.312103833577814,6.312103833577814,7.473285100069447,1.7712925297451865
forward,6.0,0.30000000000000004,0.0,0.0,0.28311087689985626,0.015889624532030126,0.05767454379287475,0.20408134239234205,-0.011996517821443545,-0.011839091617437524,0.30655997753485487,0,0,0,6.6388405426341786,6.6388405426341786,7.575126939393698,4.326490965420034
forward,6.0200000000000005,0.30000000000000004,0.0,0.0,0.26483757628446797,0.006205568116319145,0.02046353319650235,0.31913524701139506,-0.003142771578159333,-0.009201139870703466,0.3072520016279241,0,0,0,7.7565627714442344,7.7565627714442344,7.648962994197095,8.152368473353452
forward,6.04,0.30000000000000004,0.0,0.0,0.25641934978026487,-0.007371441802266783,-0.011057677726545569,0.33630462219398966,0.0064888365218799685,-0.009671806930769794,0.3073106160047196,0,0,0,8.112682909183862,8.112682909183862,7.7437068418854516,7.409726688574349
forward,6.0600000000000005,0.30000000000000004,0.0,0.0,0.2640163953117687,-0.015227957726789275,-0.021536907220995008,0.3324168240829722,0.015947384399213886,-0.015756076808759675,0.30699069863720757,0,0,0,9.558276120868126,9.558276120868126,7.736473277238439,5.4853600764873445
forward,6.08,0.30000000000000004,0.0,0.0,0.2678867894730386,-0.017934345712719672,-0.006468039001030666,0.26833062805312297,0.021202613631460598,-0.02263931725283443,0.3068264596323857,0,0,0,10.028296921151487,10.028296921151487,7.661041348371079,4.026733030068365
forward,6.1000000000000005,0.30000000000000004,0.0,0.0,0.26911731561277924,-0.01952262111050704,0.016988763572532498,0.169906623499537,0.022337563284548608,-0.026830449649733926,0.30713313848955753,0,0,0,9.428496597118057,9.428496597118057,7.5495954866883,3.311566650832635
forward,6.12,0.30000000000000004,0.0,0.0,0.27075744398138285,-0.023052418724936255,0.027518029900510655,0.08149007332718156,0.02138929613893254,-0.02917831015022575,0.3078140127253315,0,0,0,8.270855415157833,8.270855415157833,7.460004141157427,2.9182122604247986
forward,6.140000000000001,0.30000000000000004,0.0,0.0,0.2744096513191667,-0.02534879050274203,0.02190308450778862,-0.003989417884735313,0.020820950361183383,-0.03099881010442928,0.30852708127743367,0,0,0,7.319524873843284,7.319524873843284,7.42332462477906,3.2225296503874885
forward,6.16,0.30000000000000004,0.0,0.0,0.28297584810641935,-0.024092959068906163,-0.0028189899230952123,-0.08380778305243185,0.020109318240736244,-0.031597129249144304,0.30891006042204966,0,0,0,6.736431910439087,6.736431910439087,7.428550573864754,2.5743177123106404
forward,6.18,0.30000000000000004,0.0,0.0,0.2933067073088247,-0.02102366647805176,-0.03667531813305098,-0.12064362400774542,0.018159570300202297,-0.029469970152436107,0.30861710442733875,0,0,0,6.398217061737986,6.398217061737986,7.4576797775372725,2.7165798984889022
forward,6.2,0.30000000000000004,0.0,0.0,0.30867774736245296,-0.02618263138756364,-0.057232046763767114,-0.17485984898112208,0.023556629920357293,-0.020065901720554793,0.3078277678699753,0,1,0,5.5859370111809845,5.5859370111809845,7.501816193151928,2.675127124255483
forward,6.22,0.30000000000000004,0.0,0.0,0.30919993396788353,-0.005551246226709002,-0.015821386718974616,-0.15678182062725726,0.01822509437255365,-0.013717153522286344,0.30723382976184016,0,1,0,6.527110616335435,6.527110616335435,7.5678569108955145,2.675127124255483
forward,6.24,0.30000000000000004,0.0,0.0,0.30763153423497774,0.01705961520854669,0.001968182424132565,-0.0906811314703019,0.012883609661686637,-0.011620479990863361,0.3072463570288599,0,1,0,7.4404385787949945,7.4404385787949945,7.663637150373841,1.2145443390003354
forward,6.26,0.30000000000000004,0.0,0.0,0.2971554915281464,0.0312066420870741,0.002671090989427932,-0.07567954748386092,0.0073426373055139995,-0.011288546032081626,0.30733943552891674,0,0,0,8.046755156422549,8.046755156422549,7.683591905579821,5.359254021347229
forward,6.28,0.30000000000000004,0.0,0.0,0.2766054793242175,0.0335679688796104,-0.021362669842711842,-0.07984185215447401,0.0023243426433032983,-0.011246625356254614,0.307127273023883,0,0,0,8.154453258456002,8.154453258456002,7.679404760362942,8.630379047765402
forward,6.3,0.30000000000000004,0.0,0.0,0.2774765427397141,0.03509987347703359,-0.05159603671186823,-0.03791762625364176,-0.0027520629596311584,-0.013735996331417494,0.3063701754902678,0,0,0,9.233959280106077,9.233959280106077,7.747709256838615,8.046376752598158
forward,6.32,0.30000000000000004,0.0,0.0,0.28409695134732854,0.03145775712189081,-0.062265348234800386,0.030278416096928093,-0.006540692774234344,-0.019850616143648903,0.3052683278126976,0,0,0,10.170705505303403,10.170705505303403,7.731043508537752,4.6583110094926585
forward,6.34,0.30000000000000004,0.0,0.0,0.2812079785412232,0.02727352880537821,-0.051098590642528044,0.10309422367897142,-0.008737960263509321,-0.02618534798639175,0.3042607260446749,0,0,0,10.47139943060335,10.47139943060335,7.61947400432544,3.265326066051421
forward,6.36,0.30000000000000004,0.0,0.0,0.2717587666295273,0.025488624140309335,-0.02842367412626564,0.16240079527327894,-0.00939771640263821,-0.03077620994545034,0.3036662243277713,0,0,0,10.034233538867863,10.034233538867863,7.484082319514659,2.853268189594098
forward,6.38,0.30000000000000004,0.0,0.0,0.26316995113029473,0.025826915450719544,-0.009114726934616086,0.20465014746740331,-0.009521891275018696,-0.03397153435728519,0.30354062847850616,0,0,0,9.165562374484217,9.165562374484217,7.366389091192609,2.5838938454912235
forward,6.4,0.30000000000000004,0.0,0.0,0.2575235429788223,0.026693119434764993,-0.0037283078611584407,0.2306327439782063,-0.00964031107957436,-0.03660577397604745,0.3036669703087841,0,0,0,8.313627066347102,8.313627066347102,7.290818461676167,2.66505418179037
forward,6.42,0.30000000000000004,0.0,0.0,0.2506589856261966,0.030862540087172315,-0.0022386793883011425,0.20221414497941925,-0.01127066257016052,-0.03805915535515548,0.3037453517850718,0,0,0,7.764880320441659,7.764880320441659,7.256636095608734,2.5387530539693683
forward,6.44,0.30000000000000004,0.0,0.0,0.25564297934474944,0.045961247291616054,0.0026306491969931498,0.1942391177882114,-0.022449107919009625,-0.03375196658416845,0.30399831709978403,0,0,0,6.886915475673059,6.886915475673059,7.246334690404563,2.804798559231962
forward,6.46,0.30000000000000004,0.0,0.0,0.2714626025473537,0.05942068936746319,-0.013773643450697873,0.2237086245408759,-0.034494330634278945,-0.026841372983572136,0.3039899497666439,0,1,0,6.348255418182329,6.348255418182329,7.270616422474749,2.852633511178908
forward,6.48,0.30000000000000004,0.0,0.0,0.2736637003337645,0.04408124699059898,0.034619501965929986,0.19413979034138068,-0.028138130018177335,-0.02457033277701377,0.3043768234177309,0,1,0,5.910820654493928,5.910820654493928,7.315387264407114,2.305773880638563
forward,6.5,0.30000000000000004,0.0,0.0,0.27438923823264044,0.02239036347374658,0.061423421052276106,0.1415858252204785,-0.01758629812665618,-0.024259400423637542,0.30553932468510164,0,1,0,6.564397550151675,6.564397550151675,7.384871960419886,1.0752032453223037
forward,6.5200000000000005,0.30000000000000004,0.0,0.0,0.2710403694187548,0.0049991443150205934,0.06500667770331127,0.09286993983649595,-0.007568931217942799,-0.02270612537118991,0.3069387400734087,0,1,0,7.205666382593819,7.205666382593819,7.486850301406022,4.646733758708181
forward,6.54,0.30000000000000004,0.0,0.0,0.2570523383009727,-0.0049664781530598095,0.03676904707675491,0.041487396451182136,0.00017927142486301074,-0.020706940638100482,0.3081527730567921,0,1,0,7.9128839036129275,7.9128839036129275,7.5431097743986015,7.68142823701673
forward,6.5600000000000005,0.30000000000000004,0.0,0.0,0.22756674205486332,-0.011260744764543284,0.010573794248436914,-0.0015585746357050581,0.005468531013141346,-0.017834234743953684,0.30877365805190343,0,0,0,11.256862094663578,11.256862094663578,7.55964458028469,10.89081448938065
forward,6.58,0.30000000000000004,0.0,0.0,0.22678377578085,-0.015104901802727548,-0.02465102330835245,-0.0207924494899979,0.010014594128196906,-0.019487697488392876,0.30870321523660144,0,0,0,8.174584811356972,8.174584811356972,7.561645707560178,10.111250029393679
forward,6.6000000000000005,0.30000000000000004,0.0,0.0,0.23779206502150196,-0.013545851135200761,-0.045361453769043304,-0.03583318153350548,0.014419515765239558,-0.026287283449299433,0.3080337127504557,0,0,0,9.601736679658169,9.601736679658169,7.674797510883341,6.319336688949537
forward,6.62,0.30000000000000004,0.0,0.0,0.24846097527319738,-0.006459086547979057,-0.04703490082048563,-0.10011486693754162,0.01509988545051752,-0.033887853750632066,0.307215937699871,0,0,0,10.329710150610032,10.329710150610032,7.794593943160077,3.5257482729809935
forward,6.640000000000001,0.30000000000000004,0.0,0.0,0.2594272435912155,0.004218789255576953,-0.04143537680098644,-0.21641304389585794,0.010915672334883435,-0.03970477855904797,0.30652521125007864,0,0,0,10.123295169677363,10.123295169677363,7.669499632662074,2.802449019370979
forward,6.66,0.30000000000000004,0.0,0.0,0.2725220603869326,0.016860027972212133,-0.03912614501264279,-0.36291280696763817,0.004127662520075895,-0.04421008981576432,0.3059816991669996,0,0,0,9.286177715020097,9.286177715020097,7.547796425780778,2.3719012413432545
forward,6.68,0.30000000000000004,0.0,0.0,0.27938804146491375,0.022746056773637308,-0.028294556628586168,-0.4041283077381309,-0.00038299959391392956,-0.04713644484056611,0.30549422733906834,0,0,0,8.371549429088217,8.371549429088217,7.465430503075016,6.105034867415183
forward,6.7,0.30000000000000004,0.0,0.0,0.2841835010832054,-0.0009031474151972964,0.005960246535993044,-0.26286038629014497,0.010586453719505907,-0.0395170504066635,0.30568057407214827,0,0,0,7.642521911463803,7.642521911463803,7.42674072840947,2.5873589191384356
forward,6.72,0.30000000000000004,0.0,0.0,0.30651854142542323,-0.029678377555689552,-0.009102942956920077,-0.12886156557977718,0.02370321402419082,-0.02793146418870744,0.3058845273957702,0,0,0,6.836196399019808,6.836196399019808,7.456395858999247,2.7506282979344077
forward,6.74,0.30000000000000004,0.0,0.0,0.3306590782681915,-0.057825284721640856,-0.039649466070809804,-0.08238367788607358,0.03364831568200424,-0.016627523581660555,0.3054518849968448,0,1,0,6.648667114438772,6.648667114438772,7.525339124655183,3.070790800952213
forward,6.76,0.30000000000000004,0.0,0.0,0.327902258020284,-0.05272207479607452,0.020929913424752058,-0.09216528592021259,0.023705558902323544,-0.013407920038079384,0.305395188560859,0,1,0,5.741020126375453,5.741020126375453,7.608039151765645,3.070790800952213
forward,6.78,0.30000000000000004,0.0,0.0,0.3203359627509278,-0.040690310327434615,0.06143597291591899,-0.15375988520342282,0.012424627101696577,-0.013610833335148497,0.30639112191329454,0,1,0,6.618226665830402,6.618226665830402,7.699680560050336,1.267877097027307
forward,6.8,0.30000000000000004,0.0,0.0,0.3018216441636097,-0.02428079297913354,0.06374028567326792,-0.24094691191670145,0.004149337258308656,-0.012617501270318042,0.3077744487437906,0,1,0,7.440210182342782,7.440210182342782,7.7460568251536905,1.2732174004677153
forward,6.82,0.30000000000000004,0.0,0.0,0.27212388581842223,-0.008454411407375555,0.027400795546333182,-0.31480342460287103,-0.002394990105947584,-0.011730140065258845,0.3086812239945376,0,0,0,7.152831926822167,7.152831926822167,7.738703569799249,4.435188334962303
forward,6.84,0.30000000000000004,0.0,0.0,0.26607435745411206,0.0024196201058849843,-0.018673723820356973,-0.31919072901131246,-0.008785744567827481,-0.015887122389247894,0.30865162689673,0,0,0,8.326596354439676,8.326596354439676,7.731724683663742,5.529543979374728
forward,6.86,0.30000000000000004,0.0,0.0,0.2617462238756667,0.007197833478563353,-0.03530418163050601,-0.23527558247460512,-0.011760853306426249,-0.024321455157332472,0.30808706345351067,0,0,0,9.590700826646861,9.590700826646861,7.754455317262533,5.1623912262513505
forward,6.88,0.30000000000000004,0.0,0.0,0.24960856350464605,0.007730706752591773,-0.019203602111579676,-0.10871029279923969,-0.010689871541395522,-0.031857160014009615,0.30767919145962697,0,0,0,9.86851713018197,9.86851713018197,7.674627775159436,3.625989041736256
forward,6.9,0.30000000000000004,0.0,0.0,0.23414996741431116,0.007211708188208901,0.00312527330756124,0.0054019150313925745,-0.007260671078416968,-0.03654355901550495,0.30773795984776964,0,0,0,9.202782606825803,9.202782606825803,7.569724904388153,3.056611227335013
forward,6.92,0.30000000000000004,0.0,0.0,0.22243823098801024,0.008693801632551632,0.011755896501513747,0.09938612631073515,-0.005200629742414128,-0.039581959149469215,0.3081458296975964,0,0,0,8.308741190794828,8.308741190794828,7.490532510149404,2.79569882034003
forward,6.94,0.30000000000000004,0.0,0.0,0.21477278339121425,0.009943739913760243,0.004293412513411268,0.18124366076987797,-0.004137399490239631,-0.04225114776577359,0.3085421709792366,0,0,0,7.63056225873496,7.63056225873496,7.453811326622212,2.6488766997382096
forward,6.96,0.30000000000000004,0.0,0.0,0.20961231624673413,0.009667615852451098,-0.01509373862310224,0.2352210822482614,-0.002376974202699628,-0.044425095243195004,0.30861389688955077,0,0,0,7.330166323264044,7.330166323264044,7.448621277962168,2.548339476562734
forward,6.98,0.30000000000000004,0.0,0.0,0.2091629293817701,0.02212087301249088,-0.00885818869988072,0.2507805518271321,-0.010606629868122528,-0.040642429379606035,0.30863317361117426,0,0,0,6.540409512998935,6.540409512998935,7.456060109959985,2.6960094305917357
forward,7.0,0.30000000000000004,0.0,0.0,0.2289452081041704,0.036424465916040184,-0.03304960911161021,0.2820192596118509,-0.02177437270289845,-0.033089891975273344,0.308375556047143,0,0,0,6.143995989280752,6.143995989280752,7.490774270198312,2.5279291044608074
forward,7.0200000000000005,0.30000000000000004,0.0,0.0,0.2489917728126072,0.039967113771808414,-0.03133883482830146,0.2828219408700616,-0.027372054414926395,-0.024303854035326002,0.3076273347218765,0,1,0,6.8853198769165305,6.8853198769165305,7.541713458538478,2.974230287619165
forward,7.04,0.30000000000000004,0.0,0.0,0.26113523080963763,0.019754638440283134,0.011241324392958106,0.21614061786733602,-0.01871699356135783,-0.021747817461635902,0.3076146920093237,0,1,0,7.798933174020341,7.798933174020341,7.605603030706309,1.769949070802762
forward,7.0600000000000005,0.30000000000000004,0.0,0.0,0.2623177895988554,-0.004424699142425887,0.03494195834036959,0.12913146222419108,-0.009819670950921702,-0.020475724886738315,0.30824361674134576,0,1,0,8.175282761662563,8.175282761662563,7.700761250638049,1.8612108961317433
forward,7.08,0.30000000000000004,0.0,0.0,0.24641457111021162,-0.017677913331608522,0.0323180542437848,0.08703130613870248,-0.0026316159115062857,-0.017907087614796386,0.3091038839802723,0,1,0,8.152542777090156,8.152542777090156,7.74858396469207,4.475973444693599
forward,7.1000000000000005,0.30000000000000004,0.0,0.0,0.21529320789249456,-0.02593459512960379,0.017104522009415014,0.04734292023998985,0.00291059926074774,-0.01540760812319735,0.30970555193718896,0,0,0,8.053547984013255,8.053547984013255,7.765592932248648,5.446337672610944
forward,7.12,0.30000000000000004,0.0,0.0,0.1986175605112901,-0.03167837256020447,0.0014813385350760698,0.004559642562516135,0.006610080458779438,-0.018095507979901764,0.30989960062962907,0,0,0,8.82289509278871,8.82289509278871,7.79313974640683,4.913194942839446
forward,7.140000000000001,0.30000000000000004,0.0,0.0,0.18104931434401883,-0.03606764991331067,0.0012136203813798091,-0.018164968350359686,0.0098994767070523,-0.025285084654238336,0.30995027359385796,0,0,0,9.836449351799583,9.836449351799583,7.748935343571038,3.823719631366795
forward,7.16,0.30000000000000004,0.0,0.0,0.16269995792028596,-0.03914622483359674,0.010026124112187392,-0.025176849717077142,0.012340471712658818,-0.033967489988491355,0.31015910730924806,0,0,0,10.432840016184421,10.432840016184421,7.6558481805217085,3.226019532055068
forward,7.18,0.30000000000000004,0.0,0.0,0.1499309659120344,-0.04050000019391541,0.015435098418855524,-0.005640211498568058,0.01382072852012063,-0.04304032922932846,0.3105554548800253,0,0,0,10.62788247678186,10.62788247678186,7.528325373817644,3.2118220593499838
forward,7.2,0.30000000000000004,0.0,0.0,0.14232509359438222,-0.03778413668787892,0.012579953231595237,-0.005857724365479499,0.013127552729856926,-0.05201785821641188,0.31099826864415064,0,0,0,10.462239875873413,10.462239875873413,7.388468279415989,2.993184396566582
forward,7.22,0.30000000000000004,0.0,0.0,0.1390585560059932,-0.0312773433587235,0.0003802065651323308,-0.0353199757489554,0.010812776284015215,-0.059925578978582805,0.3113046143979281,0,0,0,10.11972396062259,10.11972396062259,7.2553470291151285,2.551552297868381
forward,7.24,0.30000000000000004,0.0,0.0,0.1376099262411932,-0.022272958110715453,-0.0229689480621635,-0.04326588796565539,0.0072336956172651045,-0.06561088941713712,0.3112296851577665,0,0,0,9.716238603539203,9.716238603539203,7.1406084912281145,2.9213575708553075
forward,7.26,0.30000000000000004,0.0,0.0,0.14314786709289753,-0.029099327382750936,-0.024173264238642238,0.008007543957212565,0.015027396067700682,-0.062393385720696526,0.3110446564742844,0,0,0,8.61022022012004,8.61022022012004,7.049964420626225,2.6619108032502763
forward,7.28,0.30000000000000004,0.0,0.0,0.16864630039193676,-0.033146382442880415,-0.07055655005814308,-0.036606940211488886,0.026328949356710114,-0.05427541246067887,0.3102533305244562,0,0,0,7.972796335828168,7.972796335828168,7.005034137568302,2.893362138041379
forward,7.3,0.30000000000000004,0.0,0.0,0.1882962914763586,-0.027014811592501454,-0.08063712124828958,-0.0930391402743679,0.031336063518394096,-0.044651712727287254,0.30866114829359853,0,1,0,7.322904449117301,7.322904449117301,6.991703883221266,3.124622704303732
forward,7.32,0.30000000000000004,0.0,0.0,0.20270150673866147,-0.007309650535103431,-0.05006078738750449,-0.08227200637760607,0.025827624785661144,-0.0400848503982269,0.3075589011858459,0,1,0,7.432253956966136,7.432253956966136,7.003682195887492,1.6937138413275403
forward,7.34,0.30000000000000004,0.0,0.0,0.21182211349332583,0.0146746766621034,-0.03229277475962543,-0.0774125478766259,0.020809454638776665,-0.03616448526372161,0.3069198742677239,0,0,0,8.153487640298716,8.153487640298716,7.034171076836262,2.3330617927630635
forward,7.36,0.30000000000000004,0.0,0.0,0.21765139325305394,0.033852419520871986,-0.02511102883079964,-0.12471760299813096,0.018823371267838025,-0.03178187187875581,0.3064946332378458,0,0,0,8.719461725175806,8.719461725175806,7.1124739002166635,3.6310597705261536
forward,7.38,0.30000000000000004,0.0,0.0,0.2146599057024755,0.04900691106436436,-0.02881218776481118,-0.2262521453107138,0.021014048102236477,-0.02893039402132828,0.30610276358024857,0,0,0,9.073080710577278,9.073080710577278,7.2391833871052675,3.451301959310277
forward,7.4,0.30000000000000004,0.0,0.0,0.2029274523439255,0.050197524875669176,-0.03781258356644632,-0.20828957691503272,0.023003681691071483,-0.03105270364180234,0.305554714556215,0,0,0,8.959159427442131,8.959159427442131,7.384262767593558,3.0262405617910795
forward,7.42,0.30000000000000004,0.0,0.0,0.20078306267663157,0.04184890399328876,-0.03856411562806619,-0.06822351986263855,0.02343664629939585,-0.037382360709431614,0.30498650367229807,0,0,0,9.7885485027509,9.7885485027509,7.449203247247812,3.536763805161308
forward,7.44,0.30000000000000004,0.0,0.0,0.20742138274114957,0.025263182688701775,-0.04269829073436483,0.08051261806469187,0.026080986097619226,-0.045565392022587706,0.3044087660456964,0,0,0,10.348209724725052,10.348209724725052,7.456613833106182,3.3577633536763294
forward,7.46,0.30000000000000004,0.0,0.0,0.21907289237511463,0.0018270136071433542,-0.0524734795332472,0.21604621224909684,0.031846602687175984,-0.05336328384253098,0.30372023751834115,0,0,0,10.26885743753799,10.26885743753799,7.463664506262187,2.8158331609035594
forward,7.48,0.30000000000000004,0.0,0.0,0.22395800065424812,-0.0025048152585779525,-0.025574948935107276,0.1740173951750016,0.031902170413909865,-0.05615549259703179,0.30312844423350777,0,0,0,9.290441728223481,9.290441728223481,7.470372339232856,2.540324142193782
forward,7.5,0.30000000000000004,0.0,0.0,0.24292917961634478,0.008500046556298801,-0.015615987541362704,0.17202525161758875,0.021188908360451363,-0.05159941146468758,0.30304937550526606,0,0,0,8.186647701861727,8.186647701861727,7.42270800415821,2.530805640240703
forward,7.5200000000000005,0.30000000000000004,0.0,0.0,0.27325880954707743,0.022233019973441067,-0.022376354605743415,0.22829742800523486,0.004935067902462613,-0.04631686202285683,0.30294542750705145,0,0,0,7.645003516645014,7.645003516645014,7.391907611984866,3.1280270860442787
forward,7.54,0.30000000000000004,0.0,0.0,0.2981200735349547,0.02543931446861453,-0.007272527783841681,0.32190885330705477,-0.006260654061109271,-0.04244224247823463,0.302732912129753,0,1,0,7.0748924113302385,7.0748924113302385,7.38804874804795,3.3487240873850066
forward,7.5600000000000005,0.30000000000000004,0.0,0.0,0.31169837816611284,0.012230068401337916,0.04366777417741522,0.3091009791411665,-0.002419499437944251,-0.04492741162867496,0.30346227747552457,0,1,0,6.730679636519071,6.730679636519071,7.401981565738755,1.529171040840054
forward,7.58,0.30000000000000004,0.0,0.0,0.31760344779457367,0.0008038849448894019,0.06565693569176786,0.23158420296343674,0.0010284276006384398,-0.04629159945622227,0.3049181662880412,0,1,0,6.78397641514484,6.78397641514484,7.451807770643512,1.4368133054533567
forward,7.6000000000000005,0.30000000000000004,0.0,0.0,0.3060144063162792,-0.006647793098012448,0.057661021016115484,0.10836554805542475,0.003287220669662768,-0.04338229402334397,0.3064564189563789,0,0,0,6.68004963631923,6.68004963631923,7.5042824568801585,1.228320993004934
forward,7.62,0.30000000000000004,0.0,0.0,0.27693340344228445,-0.01571252775844471,0.04169579566867438,0.08055554359804884,0.005798380956450518,-0.03808165953039105,0.30756917271396356,0,0,0,7.730158229053492,7.730158229053492,7.509007483579676,6.146820133458275
forward,7.640000000000001,0.30000000000000004,0.0,0.0,0.2491389652129449,-0.03325093994250084,0.013427435508514555,0.06276810736531678,0.006774745313876473,-0.03399203338069956,0.3081371016459671,0,0,0,8.204401221565528,8.204401221565528,7.5135009942011735,6.312026221852686
forward,7.66,0.30000000000000004,0.0,0.0,0.2310509212819953,-0.04452601193402001,0.003301328891894933,0.008785647864093813,0.007540958919362118,-0.034145338241399696,0.30835601068149965,0,0,0,8.090034085523543,8.090034085523543,7.517774166164447,4.879443566582266
forward,7.68,0.30000000000000004,0.0,0.0,0.2135249463642049,-0.05287867562245134,0.012378573433129252,-0.053770076581377155,0.007663584996440598,-0.03569437272750247,0.30864728254651536,0,0,0,7.78732543570853,7.78732543570853,7.521837653226882,3.8557745985712595
forward,7.7,0.30000000000000004,0.0,0.0,0.2011974183497767,-0.060380528846813344,0.01980540783472964,-0.09450073765402182,0.007967243526486993,-0.03802741324573068,0.30915349734822944,0,0,0,7.300943459224589,7.300943459224589,7.525701608478606,2.8631628180119377
forward,7.72,0.30000000000000004,0.0,0.0,0.19604514574660584,-0.0645387218733459,0.018675687256170526,-0.1223183779258645,0.007551789519790912,-0.04097607503635749,0.30974812967922466,0,0,0,7.322295295844327,7.322295295844327,7.529375706477964,2.931954311012789
forward,7.74,0.30000000000000004,0.0,0.0,0.19736021497222417,-0.06345939781488398,0.005485994745105773,-0.15690510973127028,0.0061502388032608005,-0.043664096616270034,0.31020022524528723,0,0,0,7.298662316649147,7.298662316649147,7.532869164544213,3.513149639821461
forward,7.76,0.30000000000000004,0.0,0.0,0.20207062314635832,-0.05962791337101394,-0.015853388428059178,-0.1754302280295532,0.004204153644314315,-0.044909297083481944,0.31027489049793955,0,0,0,7.265388883333888,7.265388883333888,7.536190763225758,3.0554491916674764
forward,7.78,0.30000000000000004,0.0,0.0,0.21565376273406248,-0.06256388117794924,-0.022087740887950055,-0.18842991876194712,0.011377131642807693,-0.04065150791922124,0.3101505253069696,0,0,0,6.80396149079527,6.80396149079527,7.551251604137427,4.562851730948762
forward,7.8,0.30000000000000004,0.0,0.0,0.23013978114584377,-0.047802791657008986,-0.016051369200357872,-0.23076496716495623,0.016992622541754578,-0.034388975567147116,0.3097652749473472,0,1,0,6.353420796329739,6.353420796329739,7.578192274072713,6.275985515811279
forward,7.82,0.30000000000000004,0.0,0.0,0.24377070746468757,-0.021178634840089684,0.006271090522438633,-0.22040645660957717,0.01305717119238188,-0.032683645939704596,0.30989157295162356,0,1,0,5.735017931765867,5.735017931765867,7.618140478825293,1.4690919123136315
forward,7.84,0.30000000000000004,0.0,0.0,0.25831898230795564,-0.0009035452640238756,-0.0020280505387466835,-0.18180682143492027,0.010408165941528902,-0.031494666107031305,0.31009647631101817,0,0,0,6.634049908893649,6.634049908893649,7.69247742477782,1.619797450383043
forward,7.86,0.30000000000000004,0.0,0.0,0.26447388484067225,0.0080365909208998,-0.026996114590088,-0.1882500484717558,0.006610999192084378,-0.03034454734753992,0.3099415526292444,0,1,0,7.451276115008326,7.451276115008326,7.732718695879623,4.964381037365822
forward,7.88,0.30000000000000004,0.0,0.0,0.25348022749283167,0.011239042506046532,-0.05521743239180268,-0.20532347486068334,0.003739040897038986,-0.02794347992322257,0.3092909729807708,0,0,0,8.28632031233009,8.28632031233009,7.736811993505576,9.101484065916384
forward,7.9,0.30000000000000004,0.0,0.0,0.23937740334388719,0.014867629458472639,-0.06961333548757656,-0.20207209214816726,0.00030081956111549166,-0.025275489006333664,0.308176808087637,0,0,0,8.585163448548322,8.585163448548322,7.729929339599035,9.242193545131896
forward,7.92,0.30000000000000004,0.0,0.0,0.2413526874730886,0.01627231963081864,-0.07354487458356389,-0.1247904862258698,-0.004671781968653057,-0.02679819794302486,0.30681115059418523,0,0,0,9.580876147479254,9.580876147479254,7.7233965867269845,7.425724822265423
forward,7.94,0.30000000000000004,0.0,0.0,0.24094095535047766,0.01729522058636066,-0.05669316860899309,-0.019419523160651916,-0.0075728810130310095,-0.032089986908154226,0.3056377252391394,0,0,0,10.083417415298104,10.083417415298104,7.7023492351389855,4.675708843402917
forward,7.96,0.30000000000000004,0.0,0.0,0.23485623967491237,0.015159673485912203,-0.029799043099141803,0.07186386062148777,-0.0072827158498328035,-0.03767385705455107,0.30497704772040163,0,0,0,9.987534611203971,9.987534611203971,7.589532225947899,3.030299096346298
forward,7.98,0.30000000000000004,0.0,0.0,0.22757140825696692,0.012360374303359184,-0.00806016080399297,0.15826582867671413,-0.0042177625882945475,-0.04180853158558534,0.3048619061858673,0,0,0,9.169703924946011,9.169703924946011,7.476368379760924,2.5344176447449813
forward,8.0,0.30000000000000004,0.0,0.0,0.22147958095577436,0.010128575873078534,-0.0029681868446863264,0.21262855594744978,-0.00044255318877972383,-0.0451878271063098,0.30502641226632204,0,0,0,8.336941358199258,8.336941358199258,7.398819121956933,2.4116944820781696
forward,8.02,0.30000000000000004,0.0,0.0,0.21042330147115496,0.02161656992765091,0.017742183902242088,0.13264815388500173,-0.002517473475278808,-0.04519489160885764,0.3053535218626061,0,0,0,7.261609311995233,7.261609311995233,7.363169204886148,2.60258079119914
forward,8.040000000000001,0.30000000000000004,0.0,0.0,0.21636483455277647,0.04075208182829661,0.017672539401174227,0.0973109675133201,-0.012153512191326142,-0.03985112541415702,0.30594279051730466,0,0,0,6.641487602601582,6.641487602601582,7.364404410018366,2.8023094564344966
forward,8.06,0.30000000000000004,0.0,0.0,0.2350489427368491,0.058935749319092325,-0.00027829245008087304,0.10657334130216119,-0.024056495589802343,-0.03411564981053435,0.30626224678312414,0,0,0,6.150785369011978,6.150785369011978,7.406166887974599,2.777650560428299
forward,8.08,0.30000000000000004,0.0,0.0,0.24321585636622095,0.05644459608725006,0.024540187525584727,0.1687351442643511,-0.026105151363437617,-0.030473378207672316,0.30648030750619937,0,1,0,5.667921235660652,5.667921235660652,7.459908161548594,2.9107747118440566
forward,8.1,0.30000000000000004,0.0,0.0,0.24514736888054459,0.039124373092274824,0.060729229982503,0.1879453606427452,-0.019401101769513075,-0.0305140018063691,0.30756010136989936,0,1,0,6.237121962339227,6.237121962339227,7.52462922843938,0.9190391586360747
forward,8.120000000000001,0.30000000000000004,0.0,0.0,0.242037457338254,0.01978803759019036,0.06354821058119099,0.18604847123648832,-0.014810629484100167,-0.029235020382596805,0.3089926027815549,0,1,0,6.8724283937249755,6.8724283937249755,7.62074764077985,1.0498609678448654
forward,8.14,0.30000000000000004,0.0,0.0,0.22762879803135827,0.009571691847688617,0.043672367516078295,0.2159629043092809,-0.01045900245012022,-0.027157889061243022,0.31014419329581117,0,0,0,8.17486877435365,8.17486877435365,7.663521438042661,6.897725811757556
forward,8.16,0.30000000000000004,0.0,0.0,0.20494535651406345,0.008266150857979548,0.007392515786356256,0.21408086938959922,-0.004980460481263248,-0.026447010493155856,0.3105448770797457,0,0,0,11.1576348813829,11.1576348813829,7.736154618021537,13.60177672024097
forward,8.18,0.30000000000000004,0.0,0.0,0.19802396103117942,0.004073373320907874,-0.025916596464743324,0.08773938469832172,-0.0015616776156723228,-0.029650543698502868,0.31032253748853383,0,0,0,8.69254926037083,8.69254926037083,7.810231641323991,14.011259459722023
forward,8.2,0.30000000000000004,0.0,0.0,0.2050489101655754,0.005982119668730022,-0.03589385114766191,-0.012771545388924903,0.0007597935661596027,-0.03711063930668014,0.3097437704987407,0,0,0,9.860261864703562,9.860261864703562,7.783191985854778,8.138132661220663
forward,8.22,0.30000000000000004,0.0,0.0,0.20512338811438133,0.011230839241140126,-0.020868979387641196,-0.10635317049150365,0.0008559319007599289,-0.044562519528380334,0.30937290482049634,0,0,0,10.105481689231686,10.105481689231686,7.688229994060048,4.3689157404545265
forward,8.24,0.30000000000000004,0.0,0.0,0.1993497052022458,0.014669859209921497,-0.005539985964796892,-0.19515063028381927,-0.0004967067434851997,-0.05057154467159652,0.3093577875588029,0,0,0,9.706660913831321,9.706660913831321,7.571477592118253,3.056063243398041
forward,8.26,0.30000000000000004,0.0,0.0,0.19460109277884488,0.018157148085852604,-0.002510116419348474,-0.28806563148699,-0.0031139078351487873,-0.055874058549665824,0.3095300745951532,0,0,0,8.928860128441105,8.928860128441105,7.471899675546542,3.488458246167463
forward,8.28,0.30000000000000004,0.0,0.0,0.18054087153533271,0.00047075532161575047,0.024710196756550448,-0.1303004173842069,0.002447245025186136,-0.054506136266237834,0.3100650063614969,0,0,0,7.514405586019369,7.514405586019369,7.408858229405286,2.9814491331101225
forward,8.3,0.30000000000000004,0.0,0.0,0.1874033477764229,-0.014701873461853782,0.00035517693297733646,-0.028990388845194195,0.0122797822547233,-0.04818730730713851,0.31050353310218626,0,0,0,6.806450491999183,6.806450491999183,7.40072320332181,2.098849378193291
forward,8.32,0.30000000000000004,0.0,0.0,0.20774726668607216,-0.026235937907480484,-0.05120540657135406,0.035720063602004144,0.020823643436666574,-0.0398279160708767,0.31010442725130843,0,0,0,6.4267449952042615,6.4267449952042615,7.427049773521873,2.358411366183325
forward,8.34,0.30000000000000004,0.0,0.0,0.23647000959497297,-0.036195286864846174,-0.10756933828427498,0.04250930697071165,0.027788889834583413,-0.028398099141768506,0.30857459658431813,0,0,0,6.52569756943889,6.52569756943889,7.46960129129689,2.294636729709426
forward,8.36,0.30000000000000004,0.0,0.0,0.24420969477884938,-0.019436134696975253,-0.07906571157859262,-0.00035225073311729747,0.024100084534283073,-0.0175190691186464,0.30653752746560653,0,1,0,7.745722129073487,7.745722129073487,7.5114704057971835,4.003143610366377
forward,8.38,0.30000000000000004,0.0,0.0,0.24219693310370985,0.01232225884376262,-0.020584212931634364,-0.03689099719106518,0.011625570195357638,-0.012972445764787906,0.30572214108002027,0,1,0,8.345303898022168,8.345303898022168,7.558906272823762,1.8948895479738048
forward,8.4,0.30000000000000004,0.0,0.0,0.23612454538675715,0.04085576788270328,0.00482427035778042,-0.08844098034451287,0.002651925564938398,-0.009986451663139927,0.3056888631476238,0,0,0,8.969349413961353,8.969349413961353,7.64786327670198,2.1437160028118596
forward,8.42,0.30000000000000004,0.0,0.0,0.2333932989242041,0.0620077829756066,-0.011490708999018518,-0.20629355154321966,-0.0017467535975756068,-0.00782070781862114,0.3056647507371424,0,0,0,8.434030246836144,8.434030246836144,7.705802780671775,3.5844578246760164
forward,8.44,0.30000000000000004,0.0,0.0,0.2333952205668614,0.06770557336863103,-0.04176858612458171,-0.2504229745737728,-0.003946077747551961,-0.00953497988057647,0.3050486794310042,0,0,0,8.896140721288726,8.896140721288726,7.715940914421239,4.123879884033585
forward,8.46,0.30000000000000004,0.0,0.0,0.23970675576322426,0.0634398458998947,-0.0548518894948039,-0.1342716680026964,-0.00561987130500432,-0.01550024521771903,0.30406521581897594,0,0,0,9.962221503410454,9.962221503410454,7.671077596906631,4.376357946824978
forward,8.48,0.30000000000000004,0.0,0.0,0.24525959438835093,0.05346384765017006,-0.051805727479296876,0.020744457984639565,-0.004926237705580171,-0.022283717819301746,0.3030818847568859,0,0,0,10.399314135707906,10.399314135707906,7.572963295635638,3.798125430490942
forward,8.5,0.30000000000000004,0.0,0.0,0.2506780464612765,0.04063244224350563,-0.04361596980199744,0.17079061759900957,-0.0010648904789730916,-0.02755352589569454,0.3023016368241131,0,0,0,10.07893487607748,10.07893487607748,7.444080811199779,3.1219706738418616
forward,8.52,0.30000000000000004,0.0,0.0,0.2594836935897093,0.026258665162344326,-0.039536826998343266,0.3166939061210957,0.0033689580069910297,-0.03134585554942984,0.30168961992315574,0,0,0,9.370255406038103,9.370255406038103,7.326437051722834,2.8579746820256053
forward,8.540000000000001,0.30000000000000004,0.0,0.0,0.2652328455709234,0.017558312317987414,-0.0336848911653877,0.3710875335922253,0.00594284577776204,-0.03369330767441613,0.30107730249788844,0,0,0,8.548341915800528,8.548341915800528,7.243036991822404,2.540683817828482
forward,8.56,0.30000000000000004,0.0,0.0,0.26789232687658215,0.03542505001869336,-0.004355558129505464,0.3061721001175557,-0.006421228393994182,-0.02731842614117809,0.30098893685133804,0,0,0,7.907050508840798,7.907050508840798,7.197680916566316,2.429574598635252
forward,8.58,0.30000000000000004,0.0,0.0,0.2879664603594249,0.05925887726981206,-0.006515240515325527,0.27948011542939144,-0.023496520395300913,-0.018323560889572377,0.30102892793134717,0,0,0,7.892856061665281,7.892856061665281,7.211045390501177,3.294465287341267
forward,8.6,0.30000000000000004,0.0,0.0,0.29298428707213914,0.057186604925839046,0.034502222061915326,0.24247795794379848,-0.028382374474566555,-0.013599931677689399,0.30120455631863846,0,1,0,6.782499208031845,6.782499208031845,7.256629805618651,3.461402317578635
forward,8.620000000000001,0.30000000000000004,0.0,0.0,0.2920473120714194,0.040678106830906974,0.08880106722487319,0.12632175394256123,-0.0215980970585786,-0.016784201793436957,0.3026199224377013,0,1,0,6.025871539216812,6.025871539216812,7.324309328010678,1.3483730368699385
forward,8.64,0.30000000000000004,0.0,0.0,0.29351777424123826,0.023797682190296734,0.10495264088329526,0.05511671512102409,-0.013833178244848728,-0.019296307895732237,0.30473201605290473,0,1,0,6.59755550028953,6.59755550028953,7.408068311266355,1.1746789085774352
forward,8.66,0.30000000000000004,0.0,0.0,0.28698752029700997,0.013424761807873158,0.08316114414852552,0.07682578336307903,-0.006559062594241403,-0.018967810479235462,0.3067190353322027,0,0,0,6.46279496697614,6.46279496697614,7.47562421192448,2.707711141094138
forward,8.68,0.30000000000000004,0.0,0.0,0.2628399344760786,0.010807571862545749,0.042831028266394,0.1536384332340159,0.0013627858023119253,-0.016402976713611014,0.30794963306106715,0,0,0,6.803902512513937,6.803902512513937,7.512731391949508,6.96044486714989
forward,8.700000000000001,0.30000000000000004,0.0,0.0,0.2345078962301961,0.006914330598170019,0.015818147846628324,0.06421348386977246,0.006663905974336049,-0.015179113449146726,0.3084497866474564,0,0,0,7.47375306483442,7.47375306483442,7.617716511795056,9.596110706098745
forward,8.72,0.30000000000000004,0.0,0.0,0.2163355825617237,-0.0015324875003660608,0.0045894151447343915,-0.015911818330624036,0.011237561641946872,-0.01574852358822628,0.308636456686528,0,0,0,7.679378017319844,7.679378017319844,7.753596319846949,7.833097669084765
forward,8.74,0.30000000000000004,0.0,0.0,0.20137836761621541,-0.008960874067650946,0.013049884109490657,-0.05145279250266663,0.0174414889812228,-0.016578414170665513,0.30888089975086414,0,0,0,8.036556473284326,8.036556473284326,7.802586655550861,5.407867309291566
forward,8.76,0.30000000000000004,0.0,0.0,0.18939131703530765,-0.018758766615762448,0.022225310626694743,-0.061390771887139824,0.024387353751142413,-0.0172575384527204,0.30933979678824336,0,0,0,8.05854535325699,8.05854535325699,7.792340498239692,3.5166959057260176
forward,8.78,0.30000000000000004,0.0,0.0,0.18533845942320504,-0.029123604785883134,0.018034817073664552,-0.041973291575809965,0.029822151921182396,-0.018987968574848416,0.30983659549246423,0,0,0,8.172325074805535,8.172325074805535,7.782620639597184,3.1632210450114018
forward,8.8,0.30000000000000004,0.0,0.0,0.1918098372036386,-0.0349272283869668,-0.0004366746623899278,-0.0035924886897577054,0.031648328303128005,-0.02309606859259553,0.3100881785640805,0,0,0,8.60771584834406,8.60771584834406,7.773399245598419,3.5796888541291834
forward,8.82,0.30000000000000004,0.0,0.0,0.20536083282387493,-0.03259327391164956,-0.02515583930210708,-0.01716761402058202,0.029239381812058225,-0.02834277144104445,0.30992693285896905,0,0,0,8.995237265726267,8.995237265726267,7.739172931763314,3.6687928843656463
forward,8.84,0.30000000000000004,0.0,0.0,0.22272319367025584,-0.022879784831673033,-0.05553722421018877,-0.06311096575905227,0.021067662623970182,-0.032595899878258325,0.3092820013583886,0,0,0,9.034259150823766,9.034259150823766,7.680383390143433,4.006689843188283
forward,8.86,0.30000000000000004,0.0,0.0,0.23356776334956883,-0.029236174459250534,-0.03771662330826567,-0.004733837449355809,0.023474948975964985,-0.029157426229691488,0.3086076748932012,0,0,0,8.245586718493897,8.245586718493897,7.6177765219599145,3.6794971471024223
forward,8.88,0.30000000000000004,0.0,0.0,0.25603170532837166,-0.03397004751504054,-0.061222700370746334,-0.08281625845655274,0.030993587686492262,-0.01932371951227635,0.3077057421643757,0,1,0,7.516489742420171,7.516489742420171,7.580253594455236,3.221256295407912
forward,8.9,0.30000000000000004,0.0,0.0,0.2631702960180027,-0.016096243185676047,-0.02021644134359796,-0.1087422074528466,0.025216017493299735,-0.01390771724645086,0.3069999891461591,0,1,0,6.334505008786328,6.334505008786328,7.579062569293484,2.271067473973406
forward,8.92,0.30000000000000004,0.0,0.0,0.26478686644057053,0.0036184873108256756,0.0026640502188127494,-0.15294027393287368,0.016241423548820858,-0.012750021113856348,0.30695555100165667,0,1,0,6.63078316926139,6.63078316926139,7.6175860812515666,1.143264104193662
forward,8.94,0.30000000000000004,0.0,0.0,0.255083805252825,0.024091856224252448,0.001968547102078166,-0.23429783611437996,0.007860025686794265,-0.011671589323175477,0.3070671990442788,0,0,0,7.586643988978868,7.586643988978868,7.693763613667546,4.343979907571633
forward,8.96,0.30000000000000004,0.0,0.0,0.2506989424017372,0.040473375263088585,-0.030697415813434246,-0.4096963663172962,-6.243805734967835e-05,-0.011831030569530627,0.3068058031641729,0,0,0,8.798709191834732,8.798709191834732,7.714703975871085,6.326688410902965
forward,8.98,0.30000000000000004,0.0,0.0,0.24774332582748176,0.04747802708129503,-0.047649222961328584,-0.46621961717464405,-0.011109325351239228,-0.01639559431468664,0.30601492074741793,0,0,0,10.256631067119281,10.256631067119281,7.681415996586555,5.965878748972118
forward,9.0,0.30000000000000004,0.0,0.0,0.24493738147630825,0.049812910106488396,-0.03651616504552456,-0.39999310958185647,-0.01939552603547335,-0.022901324101337984,0.305234088351014,0,0,0,11.043250397398973,11.043250397398973,7.5725877078703085,3.865313703736767
forward,9.02,0.30000000000000004,0.0,0.0,0.2371065433779677,0.05010841371957214,-0.009838244460777114,-0.28823304929974897,-0.023341707713967087,-0.02809577219279622,0.30490939494542774,0,0,0,10.834868546222962,10.834868546222962,7.412385840904484,3.337492231926131
forward,9.040000000000001,0.30000000000000004,0.0,0.0,0.2272154926582589,0.051506923124370656,0.012546727340200835,-0.1841215670207981,-0.023915392728275107,-0.03106220698386046,0.3051332203679798,0,0,0,9.74467260598554,9.74467260598554,7.253159267594029,3.021470836047489
forward,9.06,0.30000000000000004,0.0,0.0,0.2191822080695746,0.05309284276751419,0.01975825234918366,-0.08834950974156097,-0.024996338368889728,-0.03289491630424453,0.3056623035897062,0,0,0,8.67260310514766,8.67260310514766,7.146968812830735,2.7938222421087646
forward,9.08,0.30000000000000004,0.0,0.0,0.21643348684645358,0.05425457013114849,0.00813699114419206,0.006864803398674771,-0.02696920556195801,-0.034139896903206464,0.3061115400479265,0,0,0,7.96413900465824,7.96413900465824,7.096137814164244,3.063906691823929
forward,9.1,0.30000000000000004,0.0,0.0,0.21911848616076426,0.05312473995770565,-0.01691067311736093,0.11255567085394881,-0.02899064124480294,-0.03444017346705681,0.30615674651225955,0,0,0,7.61167284773443,7.61167284773443,7.080999849114331,3.081133278761444
forward,9.120000000000001,0.30000000000000004,0.0,0.0,0.22239795729425096,0.05772094019630779,-0.02534634963787073,0.18321254400478834,-0.036426258479683324,-0.03192803486947317,0.30578957654346367,0,0,0,7.357167078680681,7.357167078680681,7.08347012380467,2.983342734170079
forward,9.14,0.30000000000000004,0.0,0.0,0.22242030660391382,0.05495384466420336,0.0028152979969413776,0.2554656096859835,-0.04397949315669757,-0.02686989935554094,0.30550319302535284,0,1,0,6.668579092645823,6.668579092645823,7.093698332135215,3.0260759206775156
forward,9.16,0.30000000000000004,0.0,0.0,0.21670350282648917,0.03858362049415752,0.05571372314723067,0.19516929356924634,-0.04064316752577557,-0.025749217126535322,0.3062574109067099,0,1,0,6.129867313468778,6.129867313468778,7.126430699936904,0.9920201330629118
forward,9.18,0.30000000000000004,0.0,0.0,0.20917023617151095,0.025727128888067413,0.07447909210538048,0.09679415455545214,-0.03619493446362146,-0.023990180667341862,0.30771989765620333,0,1,0,6.8923149340886685,6.8923149340886685,7.190576229668359,1.069955526767216
forward,9.200000000000001,0.30000000000000004,0.0,0.0,0.1895349967394092,0.021768510338579402,0.06642947410217469,0.040377895487962896,-0.03057811699570892,-0.020032968038877545,0.30917776385158724,0,0,0,7.187388403275846,7.187388403275846,7.300506807390917,6.798497029905416
forward,9.22,0.30000000000000004,0.0,0.0,0.15833151056645348,0.02051583754922018,0.03568786318176986,0.03210269965451862,-0.02417224398991809,-0.015226419486841664,0.31006604713742275,0,0,0,11.186943870955492,11.186943870955492,7.3831216414978655,13.286357733274984
forward,9.24,0.30000000000000004,0.0,0.0,0.14054924961816276,0.015499860459402342,0.0004676059760933796,-0.04869219097136656,-0.017445530492686802,-0.013125720432305796,0.31026643032545403,0,0,0,8.308982472216728,8.308982472216728,7.518514869903672,12.742394204926319
forward,9.26,0.30000000000000004,0.0,0.0,0.1269558676022314,0.016445617739471688,-0.0029757873952270374,-0.14495072690143523,-0.011672492857327563,-0.013474905164506059,0.31020511489204927,0,0,0,8.342733896481747,8.342733896481747,7.640970421430691,6.532792994592251
forward,9.28,0.30000000000000004,0.0,0.0,0.10789941174338616,0.017662205100743213,0.008594550739621624,-0.25435865052662676,-0.007265988211685135,-0.013901436865028639,0.31032696444018504,0,0,0,8.129662379907252,8.129662379907252,7.689161513521007,3.277060179423986
forward,9.3,0.30000000000000004,0.0,0.0,0.08891623911370646,0.01526580547304415,0.01215131284032361,-0.32627599298817384,-0.0034289866422467963,-0.014893813081283005,0.31060151802111646,0,0,0,7.649895732273073,7.649895732273073,7.6846933624352545,2.9454814077973293
forward,9.32,0.30000000000000004,0.0,0.0,0.08119731137409555,0.013589257246898868,0.00032598486452169693,-0.3322131865204027,-0.0020595361622605733,-0.01839288460809211,0.31076396237055287,0,0,0,7.814706963316822,7.814706963316822,7.680450665029586,3.1526536263148532
forward,9.34,0.30000000000000004,0.0,0.0,0.08579141283727874,0.01756174491163432,-0.024190219507247354,-0.29413645204470973,-0.005068260982447579,-0.025787627193603696,0.3105550195992068,0,0,0,8.573474687742431,8.573474687742431,7.676421894479255,3.592623713957601
forward,9.36,0.30000000000000004,0.0,0.0,0.09909645869752744,0.03108588352644264,-0.056408995363986296,-0.2678928772940145,-0.013424250363014152,-0.03688279697750478,0.3098175974943075,0,0,0,9.672683079079947,9.672683079079947,7.672596128078354,3.87993270495068
forward,9.38,0.30000000000000004,0.0,0.0,0.11141732889481219,0.023734791287762277,-0.022644284390612078,-0.05008983172003287,-0.011403603170467087,-0.043298318819493024,0.3091738368378926,0,0,0,9.904262757198868,9.904262757198868,7.668963014132665,3.0836383519850896
forward,9.4,0.30000000000000004,0.0,0.0,0.14647898252228558,0.01547078295481101,-0.01940779886318228,0.07023802672442675,-0.0017448489566111672,-0.04385429528682223,0.30890891072361637,0,0,0,9.693994939670274,9.693994939670274,7.590260610462277,2.546842398660168
forward,9.42,0.30000000000000004,0.0,0.0,0.18917957469179267,0.0077315063751535445,-0.04209011014074371,0.08648615009425611,0.01003240432269753,-0.042307891977481846,0.3084927751324549,0,1,0,9.12718313573978,9.12718313573978,7.49560426683923,3.4932900130781444
forward,9.44,0.30000000000000004,0.0,0.0,0.21464345335887156,0.014394837675144132,-0.010670911048210394,0.0318960706099943,0.0075055945196915,-0.04289846911649309,0.30820590133908704,0,1,0,7.389598800110142,7.389598800110142,7.42490195293961,2.8142704810287342
forward,9.46,0.30000000000000004,0.0,0.0,0.23340169308090247,0.021551070946890356,-0.006422027891437266,-0.04353046273486716,0.002654704831144493,-0.044755812903785906,0.3082574039245419,0,1,0,7.688564020015679,7.688564020015679,7.422928160207338,1.1476099347254538
forward,9.48,0.30000000000000004,0.0,0.0,0.2331694509486091,0.02617266197308235,-0.01651012442619992,-0.09667963229580508,-0.0007709682747982178,-0.043287299178036795,0.30824082977780454,0,0,0,7.850778156452502,7.850778156452502,7.492466607477219,2.5754088509265394
forward,9.5,0.30000000000000004,0.0,0.0,0.22349170433693963,0.031085367025240784,-0.0471163555973062,-0.0964200743377076,-0.002504594879626637,-0.03952572565156055,0.3077044809992725,0,0,0,7.984501408824836,7.984501408824836,7.540568719390777,7.368934772412245
forward,9.52,0.30000000000000004,0.0,0.0,0.21276527080028126,0.03523069179904018,-0.0692849143757456,-0.07665235104516857,-0.0049927743167685265,-0.039059082230815875,0.306585329981854,0,0,0,8.786358454711722,8.786358454711722,7.631757733956185,7.481614999753888
forward,9.540000000000001,0.30000000000000004,0.0,0.0,0.20534378954139315,0.0392152090715209,-0.06785582752623602,-0.007867109020866318,-0.007908057389085817,-0.042275215508174854,0.3053254551649692,0,0,0,9.622816288100575,9.622816288100575,7.590454044839202,5.321080652824087
forward,9.56,0.30000000000000004,0.0,0.0,0.20169427878244248,0.03595991458174767,-0.05461091079678927,0.11159603093117293,-0.008269834698249873,-0.04724597443948222,0.3042783710087876,0,0,0,10.122431356432159,10.122431356432159,7.508431659952102,2.810780014583476
forward,9.58,0.30000000000000004,0.0,0.0,0.20512138242985453,0.025591210433688807,-0.044578934113053796,0.28674857694237466,-0.004889040415431321,-0.05207646230012344,0.3035229718720292,0,0,0,9.920964397504646,9.920964397504646,7.397675645854012,1.979080676462104
forward,9.6,0.30000000000000004,0.0,0.0,0.2114597198588294,0.01162315261063419,-0.045510004903651154,0.4495518746961462,0.0006477298926926071,-0.0561046562910722,0.3029042495584715,0,0,0,9.243940056261748,9.243940056261748,7.289885603714946,2.2941710454558293
forward,9.620000000000001,0.30000000000000004,0.0,0.0,0.21542319901637527,0.014898308959804216,-0.020317982861164104,0.4724980119205216,-0.003043573957934221,-0.05593542143749686,0.30250170462754455,0,0,0,8.224463638226636,8.224463638226636,7.213551830214389,3.2189077557286434
forward,9.64,0.30000000000000004,0.0,0.0,0.23660200351817343,0.026253999197967177,-0.020603574609912724,0.5296059741923684,-0.016084046559945202,-0.05069614092459712,0.3024014823452751,0,0,0,7.313590049908807,7.313590049908807,7.17879246488944,3.611415074106027
forward,9.66,0.30000000000000004,0.0,0.0,0.2620976285616791,0.03849130863867993,-0.036900651452505,0.56703707879388,-0.030877212026235296,-0.04369971556668455,0.30201570499871633,0,1,0,6.718120535049362,6.718120535049362,7.187699375455928,3.5086047530207156
forward,9.68,0.30000000000000004,0.0,0.0,0.27083529922092314,0.023066453914194707,0.017042302193415668,0.4268898790814602,-0.025843127893064675,-0.04175613485836952,0.30211264215972217,0,1,0,6.859316743937298,6.859316743937298,7.220002188430538,2.596454620689561
forward,9.700000000000001,0.30000000000000004,0.0,0.0,0.2746069256693682,0.006000726540681443,0.051964838442162695,0.25336420124840886,-0.015829502139394776,-0.04072073374228868,0.30310482754339524,0,1,0,7.041062662016356,7.041062662016356,7.278478823357929,1.2935325429630185
forward,9.72,0.30000000000000004,0.0,0.0,0.2694890735916333,-0.0051232637280321305,0.06466009847159876,0.06992711113861014,-0.00578935511316155,-0.0356870353592116,0.30450651379880345,0,1,0,7.017691770590807,7.017691770590807,7.365317627540481,2.6915989184346207
forward,9.74,0.30000000000000004,0.0,0.0,0.24810070429255765,-0.007311692156370386,0.05819946578090229,-0.07067747847407715,0.003293525007115908,-0.02837579615543785,0.30589873768082754,0,0,0,7.5645876573154816,7.5645876573154816,7.4547095569935244,4.5623237434216275
forward,9.76,0.30000000000000004,0.0,0.0,0.2172119287194995,-0.012332792524711103,0.026851341619358454,-0.15571768961019697,0.008987301835896256,-0.020925679008727497,0.3067705921457989,0,0,0,8.278247572362174,8.278247572362174,7.530626005965718,9.314904025112966
forward,9.78,0.30000000000000004,0.0,0.0,0.2097722079193782,-0.02548305787325722,-0.013907298001826392,-0.18107369142765364,0.015136350777706557,-0.01688845843034134,0.3068621334660761,0,0,0,8.282570970937916,8.282570970937916,7.657964158032421,7.824187632634306
forward,9.8,0.30000000000000004,0.0,0.0,0.21270932859420386,-0.03162534331595499,-0.03251447808777186,-0.21436224239447077,0.021561675578804732,-0.016494613308230894,0.3064088632951294,0,0,0,8.249627001812055,8.249627001812055,7.758209956800428,5.688376679698894
forward,9.82,0.30000000000000004,0.0,0.0,0.21961501220245236,-0.03389836241934782,-0.03645580207832482,-0.2508732371979292,0.025347077979755616,-0.017426158877064144,0.30579297853663856,0,0,0,8.212782574356982,8.212782574356982,7.75023698706951,3.10609939004278
forward,9.84,0.30000000000000004,0.0,0.0,0.2321905300794346,-0.033513966024162914,-0.040773909798677524,-0.28464796369391887,0.025522859254818425,-0.019534563040279004,0.3051363458932256,0,0,0,8.520067595314536,8.520067595314536,7.73609614342692,2.872262486586907
forward,9.86,0.30000000000000004,0.0,0.0,0.2505331155787854,-0.027887757848067986,-0.04973547783330797,-0.3352314482027518,0.022618872332341996,-0.023187022876173684,0.3043669062374969,0,0,0,8.647257530111318,8.647257530111318,7.700232020596474,3.1102482863121987
forward,9.88,0.30000000000000004,0.0,0.0,0.2698347381354809,-0.0195292617131321,-0.05545976658264873,-0.35957354054292173,0.018235110860047202,-0.027306480166138087,0.3034145848029742,0,0,0,8.709642831327761,8.709642831327761,7.656444327498974,3.432942063041851
forward,9.9,0.30000000000000004,0.0,0.0,0.2799540619910071,-0.03471183880644189,-0.01804688349085964,-0.2353114344559718,0.025996202464397582,-0.022391623454199972,0.30295093915995475,0,0,0,7.708748481779464,7.708748481779464,7.610583546112004,2.883862279390623
forward,9.92,0.30000000000000004,0.0,0.0,0.3003431775973166,-0.05226193373789702,-0.01892720583613254,-0.13887722886704057,0.03677800701105977,-0.012358956779663595,0.30266700229070725,0,1,0,6.886097317469599,6.886097317469599,7.605117136527561,3.2456485104970993
forward,9.94,0.30000000000000004,0.0,0.0,0.2996183366580803,-0.03881601033294538,0.036041514491393825,0.004548507079549461,0.031025058353215153,-0.0077041782285256185,0.3029559204869602,0,1,0,5.628703036311114,5.628703036311114,7.636729893521256,2.3836985792957037
forward,9.96,0.30000000000000004,0.0,0.0,0.2996317040665534,-0.017324577188203384,0.06070321623628228,0.0815642326843845,0.020970857634325383,-0.006813924033436813,0.3040387857525598,0,1,0,6.160574721262469,6.160574721262469,7.7018009398453735,1.059314945219028
forward,9.98,0.30000000000000004,0.0,0.0,0.2965283639064474,0.005875143886477667,0.05208558572381932,0.04119341494040485,0.011015055644739676,-0.005415757337605356,0.3052168352011805,0,1,0,6.690446664894098,6.690446664894098,7.730226208726549,1.5794750958703767
forward,10.0,0.30000000000000004,0.0,0.0,0.28198684571861626,0.02560064538938522,0.01680226462125049,-0.11102509915144754,0.0012809013935950685,-0.0031740055087188814,0.30595145291314013,0,0,0,6.83271318832926,6.83271318832926,7.723678371611175,5.826696734514968
backward,10.02,-0.30000000000000004,0.0,0.0,0.2536872902314862,0.03478863863418223,-0.012904935342144895,-0.15908659145501522,-0.008455692617110377,-0.0012847974684249812,0.3059725681466548,0,0,0,7.3994101268413,7.3994101268413,7.717463069424618,7.957185408600187
backward,10.040000000000001,-0.30000000000000004,0.0,0.0,0.249190497391016,0.04039624036524651,-0.03654015006337997,-0.16325634503792855,-0.019694917101289917,-0.0030738814277210817,0.3054019482538356,0,0,0,8.749901115174207,8.749901115174207,7.711563089145706,7.3946329337702075
backward,10.06,-0.30000000000000004,0.0,0.0,0.24496226597798643,0.04445354514159553,-0.03349457050282317,-0.11763182854783014,-0.029087692577212946,-0.006616748080643214,0.30463806625083145,0,0,0,9.498087748624368,9.498087748624368,7.676389731628067,5.724898873833949
backward,10.08,-0.30000000000000004,0.0,0.0,0.23134732068587807,0.052157783519252765,-0.0035070968259011096,-0.04791154571409236,-0.035420273816286554,-0.008581910065342044,0.30427946370493947,0,0,0,9.324040017406562,9.324040017406562,7.595484167184846,3.6427683547253253
backward,10.1,-0.30000000000000004,0.0,0.0,0.2061557331035366,0.06515574771664884,0.03367918160238872,0.005277765082303671,-0.04026696538728723,-0.007883993374355927,0.304642975577375,0,0,0,8.321704385503427,8.321704385503427,7.51384342909493,1.8202386669793862
backward,10.120000000000001,-0.30000000000000004,0.0,0.0,0.1739800456199269,0.0808449252537457,0.061543428927396955,0.05203097125978823,-0.0478896915004534,-0.004286045995027894,0.3056368228590348,0,0,0,7.03171840138164,7.03171840138164,7.473272011325989,2.9511653359723127
backward,10.14,-0.30000000000000004,0.0,0.0,0.1413908227016159,0.09497714777585706,0.05985157433289615,0.0865447697430487,-0.0598850332665498,0.003004554029162985,0.3068162732521336,0,0,0,6.264650617646776,6.264650617646776,7.484350189822994,2.915917371052397
backward,10.16,-0.30000000000000004,0.0,0.0,0.10195092710677678,0.10418128032416228,0.04597097801036878,0.09393493534822897,-0.07302889439536897,0.014335167491143058,0.3076133987493243,0,0,0,6.371958766855752,6.371958766855752,7.539319281396292,2.4646672105776695
backward,10.18,-0.30000000000000004,0.0,0.0,0.05835468026932166,0.08773109265595053,0.0389573158260762,-0.018768792834311338,-0.07309163599366844,0.02042248425138608,0.30838907023388046,0,0,0,5.929686923730334,5.929686923730334,7.624405740351985,3.5259669240252247
backward,10.200000000000001,-0.30000000000000004,0.0,0.0,0.014610971636555524,0.058421026679780226,-0.006953158471157503,-0.1351089115257556,-0.062447033433564544,0.019461284903652534,0.308594253462138,0,0,0,6.5441956870482185,6.5441956870482185,7.692924017392016,4.245523069358336
backward,10.22,-0.30000000000000004,0.0,0.0,-0.027526491357136265,0.04193249722294668,-0.04033116102511567,-0.18743660835186368,-0.04744558978902097,0.015084270692517885,0.30789666449222425,0,0,0,7.422072742053112,7.422072742053112,7.75075901035018,9.211347346620904
backward,10.24,-0.30000000000000004,0.0,0.0,-0.06437518091026471,0.03849646370287247,-0.04513105891777571,-0.22559235353219553,-0.035362460544152194,0.01693067125240546,0.30689156208241075,0,0,0,7.222112411715596,7.222112411715596,7.870669314613224,9.716275012885992
backward,10.26,-0.30000000000000004,0.0,0.0,-0.10196245500816842,0.033999261075005484,-0.025472291641041405,-0.3272316036885884,-0.017779890032515393,0.025545282078284298,0.30611249056051115,0,0,0,8.357415843590484,8.357415843590484,7.959412861100173,6.388882877953236
backward,10.28,-0.30000000000000004,0.0,0.0,-0.14107548949903825,0.018343535268463274,-0.0037132186865997466,-0.4276624308696303,0.0002158344444893639,0.0384598888266585,0.30589908725325254,0,0,0,9.117911689586267,9.117911689586267,7.9410025796509665,3.221454111857859
backward,10.3,-0.30000000000000004,0.0,0.0,-0.17258924983313342,-0.0010394852634641799,0.007731673756316388,-0.41975189797327456,0.015091282520435147,0.04904157078268016,0.306079268887113,0,0,0,8.69580578915215,8.69580578915215,7.897354202045182,4.022428067029892
backward,10.32,-0.30000000000000004,0.0,0.0,-0.18797009660773292,-0.01502213555128748,0.0012097379518725554,-0.2934286810305118,0.02302600668982977,0.05243230155253853,0.3063092032814865,0,0,0,7.677156651022451,7.677156651022451,7.840465710346095,3.9633979527333354
backward,10.34,-0.30000000000000004,0.0,0.0,-0.1922457509791294,-0.01877667643604901,-0.017796217636566712,-0.10857119972603549,0.02184632516105011,0.04785010592276432,0.3062738849023041,0,0,0,6.519262326969177,6.519262326969177,7.825731488991252,3.6784571945711106
backward,10.36,-0.30000000000000004,0.0,0.0,-0.19361035138685145,-0.01143932071792756,-0.044961236925069065,0.037566414081542564,0.010678201896462474,0.036187337777807346,0.30577557952086226,0,0,0,6.190004213226411,6.190004213226411,7.854837869623509,3.817319409490203
backward,10.38,-0.30000000000000004,0.0,0.0,-0.19850665556406055,-0.0008450626633652458,-0.06733985534486973,0.07540049650376034,-0.00541143965596235,0.02105912234087055,0.30460616142363456,0,1,0,5.915687837494883,5.915687837494883,7.913009929570009,4.503687238386757
backward,10.4,-0.30000000000000004,0.0,0.0,-0.18220801910488027,-0.016412111704745148,-0.0386017271728057,0.14448633200645758,-0.004262333969812199,0.017188230707510743,0.30373137032999087,0,1,0,5.777411649773844,5.777411649773844,7.984628768710859,2.3253744920788657
backward,10.42,-0.30000000000000004,0.0,0.0,-0.15122588727581823,-0.03143521566485505,-0.03596571793721403,0.2335810206737157,-0.003199543630618138,0.01694307851004447,0.30301551725383225,0,1,0,6.967805581065384,6.967805581065384,8.073177759627868,3.311459331177876
backward,10.44,-0.30000000000000004,0.0,0.0,-0.132276721672713,-0.03962805520843102,-0.019563924525302444,0.23561710571147404,-0.0020843314348404666,0.016179906429988792,0.3024603993225766,0,0,0,7.4208195151612015,7.4208195151612015,8.048716244158058,4.358984256522854
backward,10.46,-0.30000000000000004,0.0,0.0,-0.13692880648367073,-0.036688704038220936,-0.00754198653226687,0.2011133374134739,-0.0034786824561354123,0.015713881379114506,0.3021192746539333,0,0,0,7.6328900255489724,7.6328900255489724,8.040963805816435,5.515050571742144
backward,10.48,-0.30000000000000004,0.0,0.0,-0.15442591945599785,-0.021029503579015976,0.0029820386129229513,0.18130530542139386,-0.010999836186637557,0.016236038056336857,0.30203150680834706,0,0,0,7.775265462838672,7.775265462838672,8.01822684862578,5.469364802570578
backward,10.5,-0.30000000000000004,0.0,0.0,-0.17784452738399026,-0.0015253695741120634,0.017823159781750142,0.1435738613568242,-0.022417893902087815,0.01688149576753218,0.30226169452421425,0,0,0,7.923990810484592,7.923990810484592,7.99670182605027,4.419711810941159
backward,10.52,-0.30000000000000004,0.0,0.0,-0.20188184208403162,0.017649814537167702,0.03194880204790158,0.08009733163195788,-0.03276644205557459,0.01801906347694717,0.30282545541770267,0,0,0,7.81172322569558,7.81172322569558,7.97632012457839,3.2201410851313925
backward,10.540000000000001,-0.30000000000000004,0.0,0.0,-0.22720524925204097,0.03553496116425032,0.03627057561219889,0.031013875898362187,-0.040757015139863684,0.020298338991189675,0.30358853143774606,0,0,0,7.491065656612918,7.491065656612918,7.9570174240324185,2.3412502970044544
backward,10.56,-0.30000000000000004,0.0,0.0,-0.2544188505537328,0.05052495632620116,0.034211903276801174,0.029344781894555215,-0.04633739872062002,0.024061698819008735,0.30437636151423314,0,0,0,7.0198048066279135,7.0198048066279135,7.953824991948466,2.8804972643215754
backward,10.58,-0.30000000000000004,0.0,0.0,-0.2749673522261191,0.04672436796928525,0.055084443372805374,-0.021066520725520035,-0.04314900783718443,0.024987150166122303,0.3054300847921106,0,0,0,6.595659334362324,6.595659334362324,7.96818199636839,4.214496419471277
backward,10.6,-0.30000000000000004,0.0,0.0,-0.2955116832176285,0.030216667598708696,0.06845598490020592,-0.03663769026424925,-0.03173245772839998,0.021124767757402824,0.30687682540910766,0,0,0,5.591435082658093,5.591435082658093,7.998614681506606,4.815659124742735
backward,10.620000000000001,-0.30000000000000004,0.0,0.0,-0.3087585638657934,0.003209010583604481,0.0443645247907656,-0.014065241722707065,-0.014759774251369304,0.01181340702350132,0.30820730376134625,0,0,0,4.47955579972025,4.47955579972025,8.058550804001651,5.795999623482776
backward,10.64,-0.30000000000000004,0.0,0.0,-0.3012091739657406,-0.014890118472645332,0.03157327695927548,-0.010280274626441745,-0.0058737694519627424,0.004048764603306256,0.3089310916792914,0,0,0,4.901448309882564,4.901448309882564,8.136543908283414,6.312292367966941
backward,10.66,-0.30000000000000004,0.0,0.0,-0.28465436046562653,-0.014711749648302769,0.002996297012650984,-0.01659369413282042,-0.0027893134148050946,0.0025712142267737288,0.30920962457067575,0,0,0,6.291572208069857,6.291572208069857,8.18967430966839,3.0590114645489193
backward,10.68,-0.30000000000000004,0.0,0.0,-0.2784022231932119,-0.010335543395861204,0.0026120713945883625,-0.05637625257545208,0.00967409201396839,0.0041067934899139255,0.3091508982312198,0,0,0,7.427332089295669,7.427332089295669,8.158902636350355,4.384484295893985
backward,10.700000000000001,-0.30000000000000004,0.0,0.0,-0.27743622140555035,-0.01960986760144671,0.015642674821910504,-0.09139000878600577,0.03135826504512619,0.009681945769528317,0.3092896396627441,0,0,0,8.050873373947082,8.050873373947082,8.18256500159822,5.396318245707782
backward,10.72,-0.30000000000000004,0.0,0.0,-0.27793702129095277,-0.035811854802589395,0.03246780553943118,-0.04144597051160863,0.05516804908952709,0.01507120598886787,0.3097844679015923,0,0,0,8.517420668219815,8.517420668219815,8.152181728797206,4.72042145244392
backward,10.74,-0.30000000000000004,0.0,0.0,-0.27241712516886807,-0.0564238799467552,0.031518414479545724,0.054438659432493576,0.07456453143310089,0.017298130076433087,0.3103946405584853,0,0,0,8.93571118890225,8.93571118890225,8.146007180545638,4.802826433299884
backward,10.76,-0.30000000000000004,0.0,0.0,-0.2600659624395944,-0.07105506136883306,0.02593477035678956,0.15179301484042576,0.08369768244259981,0.016345273397876312,0.3109658969017119,0,0,0,9.29333814973224,9.29333814973224,8.099375356370125,2.868813349298315
backward,10.78,-0.30000000000000004,0.0,0.0,-0.2541821668534316,-0.07351401716492621,0.025500674968448985,0.1806195227888585,0.08248048728719991,0.014975084423272665,0.31144861003367086,0,0,0,9.192801199105748,9.192801199105748,8.021325673150173,3.154245900900639
backward,10.8,-0.30000000000000004,0.0,0.0,-0.24738498345490145,-0.06948637408902893,0.01768634259497303,0.16604820263121567,0.0699316880975208,0.013488994572560515,0.3118565583542443,0,0,0,8.449807334335746,8.449807334335746,7.9435274206861095,2.9415535564188424
backward,10.82,-0.30000000000000004,0.0,0.0,-0.24672840926915204,-0.0556111916765515,-0.0072888462471233754,0.09906770139449327,0.05048703203530464,0.012012966796763,0.31197120375897375,0,0,0,6.914372126869622,6.914372126869622,7.897292949311815,4.158929266229908
backward,10.84,-0.30000000000000004,0.0,0.0,-0.2507198146540048,-0.02206467101543719,-0.043557154758066055,0.007464083318327341,0.028813309218693885,0.009489935032219647,0.3114966844459054,0,0,0,5.296041889395235,5.296041889395235,7.910135842669149,4.766875137504174
backward,10.86,-0.30000000000000004,0.0,0.0,-0.2512242561358205,0.01065806168981261,-0.03507092881974784,-0.0484491724042002,0.018192259234018224,0.008859732564126697,0.31060327005583677,0,0,0,6.699620901884931,6.699620901884931,7.978239082671543,5.485781213103991
backward,10.88,-0.30000000000000004,0.0,0.0,-0.25005792284399603,0.026463351065268,-0.04373912322765307,-0.0725110323628113,0.016693938057601037,0.010805104434406382,0.3098693376354164,0,0,0,7.450959509216619,7.450959509216619,8.090504844281906,4.497979479443377
backward,10.9,-0.30000000000000004,0.0,0.0,-0.26322764220879075,0.03109992596640642,-0.040604937591546646,0.001265321287477363,0.011048533390805675,0.009934604931414638,0.3090288365915134,0,0,0,8.270722089241435,8.270722089241435,8.223419642967567,4.830085388374268
backward,10.92,-0.30000000000000004,0.0,0.0,-0.27575260432277404,0.036539017229919465,-0.02465983637119741,0.10231289829050415,0.0007387851247314297,0.009268089236387961,0.308407148735512,0,0,0,9.057643856535321,9.057643856535321,8.20438815087277,5.571487115729461
backward,10.94,-0.30000000000000004,0.0,0.0,-0.28380918753872975,0.04255840389676629,-0.016607322196719895,0.16925709361744212,-0.008824956439232529,0.008621242083491486,0.30803227977515735,0,0,0,9.368561724340644,9.368561724340644,8.13985440791943,4.924733947675156
backward,10.96,-0.30000000000000004,0.0,0.0,-0.2896980099635761,0.0482947364845402,-0.01867574422574948,0.1803576145774215,-0.01616147213111327,0.008048833619894048,0.3077311195557946,0,0,0,9.32008326426381,9.32008326426381,8.05773991122662,3.1082248610312946
backward,10.98,-0.30000000000000004,0.0,0.0,-0.2949462375349964,0.052038412810986256,-0.03009313449405804,0.17776882640160568,-0.02037422398813641,0.007435188740789244,0.3072919769959253,0,0,0,9.238812445452748,9.238812445452748,7.975183410478646,3.8500422950011934
backward,11.0,-0.30000000000000004,0.0,0.0,-0.3016157724031742,0.05322916837668164,-0.04645963868594931,0.19972057143841007,-0.021964290378728525,0.007075862166854446,0.3065835741903344,0,0,0,9.16956082600255,9.16956082600255,7.898025752194446,5.2679963560578
backward,11.02,-0.30000000000000004,0.0,0.0,-0.31016450682585595,0.038414715695860496,-0.03428828032805063,0.18164733955778356,-0.015115461228774486,0.003966080090647611,0.3058312033284526,0,0,0,8.48932708317113,8.48932708317113,7.825044099983231,6.143802095940914
backward,11.040000000000001,-0.30000000000000004,0.0,0.0,-0.31515419724844745,0.01544469649580189,-0.004756384471380373,0.10469189940900228,-0.00016485078174810144,-0.0048768198488246366,0.30540274063912926,0,1,0,7.536043418930326,7.536043418930326,7.778439532722313,7.606571443429195
backward,11.06,-0.30000000000000004,0.0,0.0,-0.2929033669425917,-0.0024322137631653915,0.037377534076491165,0.04002836599976457,-0.000592157975985184,-0.008805500299774748,0.30584554079811355,0,0,0,6.32124437324053,6.32124437324053,7.774169498779234,3.0916092516390012
backward,11.08,-0.30000000000000004,0.0,0.0,-0.26228647918978404,-0.012544011061322692,0.0363796848947081,0.0013327583874904216,-0.0019566292733711613,-0.012308453577664826,0.3065350204103447,0,1,0,6.21050052093455,6.21050052093455,7.839022639150947,3.914896674900062
backward,11.1,-0.30000000000000004,0.0,0.0,-0.2485267836240065,-0.020286668299147135,0.02664968961137529,-0.04711429524837651,-0.002249985232131355,-0.014587865803287099,0.307169887818779,0,1,0,6.654758143208661,6.654758143208661,7.888806815368628,3.988336749824539
backward,11.120000000000001,-0.30000000000000004,0.0,0.0,-0.26651423119384626,-0.028488663144282857,0.03795130469807366,-0.09050314735980243,-0.0011880105427861552,-0.0113392990618781,0.3078001262343131,0,0,0,7.352232062346722,7.352232062346722,8.013716473204806,3.988336749824539
backward,11.14,-0.30000000000000004,0.0,0.0,-0.29603486875799084,-0.0465953101672201,0.055531154264265144,-0.1383075618375625,0.004046078781506644,-0.001689499951843187,0.30874318181598587,0,0,0,7.911059630847037,7.911059630847037,8.062466751068659,3.4507528895698423
backward,11.16,-0.30000000000000004,0.0,0.0,-0.31924421868065184,-0.06854036865908963,0.05479855732966813,-0.14572945292273742,0.013976076463971348,0.008807373175685319,0.3099048544609042,0,0,0,7.8327721945535576,7.8327721945535576,8.038579618385949,3.4124228230781193
backward,11.18,-0.30000000000000004,0.0,0.0,-0.33151878576369204,-0.08716622622876023,0.03573844521632787,-0.10580667659961873,0.026153167404197077,0.015497999990952551,0.310888738368497,0,0,0,7.1233807562593014,7.1233807562593014,8.081686622568572,3.3950119687893148
backward,11.200000000000001,-0.30000000000000004,0.0,0.0,-0.3337127763141074,-0.0945811050918908,0.008729044651460086,-0.0629438754664545,0.03610095279500344,0.01853772002487186,0.3114111086906667,0,0,0,7.229437546146484,7.229437546146484,8.059469625997867,4.429435336354508
backward,11.22,-0.30000000000000004,0.0,0.0,-0.3308491871258727,-0.09362210775489369,-0.023555679073749676,-0.06970993441958671,0.04170063866247157,0.01996145925517885,0.3113400781982352,0,0,0,7.601212646681018,7.601212646681018,8.035743041654328,4.921748406524188
backward,11.24,-0.30000000000000004,0.0,0.0,-0.32382299432907913,-0.08882527074733713,-0.07293990071859026,-0.15926376991925908,0.04349151436238527,0.02090186206003065,0.31047454770779664,0,0,0,7.034691436520149,7.034691436520149,8.013284749576588,5.476855727707499
backward,11.26,-0.30000000000000004,0.0,0.0,-0.3113773003887463,-0.06531338907060784,-0.11382901340978935,-0.24900276175409594,0.036167783800458236,0.017899814428359466,0.30861592699844215,0,0,0,6.422734534936603,6.422734534936603,7.992022576098567,6.553654761510914
backward,11.28,-0.30000000000000004,0.0,0.0,-0.2943257743558767,-0.031357523009010915,-0.09682608753260476,-0.2610485373282645,0.022945800203273983,0.007110943714797672,0.3063529153615908,0,1,0,5.921287775714175,5.921287775714175,7.971888901373145,7.649177025223904
backward,11.3,-0.30000000000000004,0.0,0.0,-0.2712792818151285,-0.02135042429173433,-0.053134640153510555,-0.14676668447286967,0.02227553467111611,-0.0013503856688441161,0.3049916285313454,0,1,0,7.494826333340017,7.494826333340017,7.952820326729011,5.68678729859335
backward,11.32,-0.30000000000000004,0.0,0.0,-0.26114107962528044,-0.017188737113282546,-0.0214555834073308,-0.008193426875980894,0.021439670231635132,-0.009665812621756907,0.304376632153204,0,0,0,7.646024129282545,7.646024129282545,7.934757370844611,5.060140154527861
backward,11.34,-0.30000000000000004,0.0,0.0,-0.2850016580739415,-0.012899699451123528,0.011541561116226822,0.11414968703003192,0.016876717553217485,-0.012990892352528123,0.30430191458450717,0,0,0,7.886386259048194,7.886386259048194,7.917644191798743,5.060140154527861
backward,11.36,-0.30000000000000004,0.0,0.0,-0.3169133138796715,-0.0008936359384812713,0.03818425139994264,0.1463029914294919,0.009854416898757106,-0.011646701124202598,0.30478824445999664,0,0,0,7.651146512289428,7.651146512289428,7.9014283324022365,3.754376321435555
backward,11.38,-0.30000000000000004,0.0,0.0,-0.3478304892967605,0.015015298013139127,0.04684696602244187,0.14418669511090546,0.0015174237040914214,-0.009006647148315877,0.30560039757206037,0,0,0,7.262551049427011,7.262551049427011,7.886060486514378,3.910516177522432
backward,11.4,-0.30000000000000004,0.0,0.0,-0.37454792710534646,0.030507804095332183,0.040543785829766886,0.14978228405286637,-0.005439949134267012,-0.006839774233861493,0.3064356912665538,0,0,0,6.969694744919855,6.969694744919855,7.871494284308504,3.592245219667626
backward,11.42,-0.30000000000000004,0.0,0.0,-0.39750600651624146,0.04243179454998502,0.020293126624493858,0.13475848932519602,-0.009315382982925925,-0.0053826161530252025,0.30701664555293007,0,0,0,7.014862141054383,7.014862141054383,7.857686094678524,4.284769566130771
backward,11.44,-0.30000000000000004,0.0,0.0,-0.41409974818353673,0.04723745790042676,-0.011787099714888144,0.13134384984113906,-0.010104154439491498,-0.004812600578633579,0.30706406740830317,0,0,0,7.337630458593257,7.337630458593257,7.8792609034293015,5.411244714224217
backward,11.46,-0.30000000000000004,0.0,0.0,-0.41284694589602455,0.03276855446765204,0.003995623017489945,0.06798330897115255,-0.004388830663896064,-0.00744921206881345,0.3068774993765939,0,1,0,7.770595866611406,7.770595866611406,7.8890164504514395,6.551057188630422
backward,11.48,-0.30000000000000004,0.0,0.0,-0.37940774478412875,0.006048326096452412,0.01626236823038036,0.0709767487721803,-0.003712476421192087,-0.009650771761083322,0.3070655371409794,0,1,0,6.996779175410649,6.996779175410649,7.880108781225175,2.676722820592658
backward,11.5,-0.30000000000000004,0.0,0.0,-0.33651636954802844,-0.01779050281112565,0.03613107690924382,0.03645263040003895,-0.0018035340218294919,-0.014431660150552018,0.3075198797156792,0,1,0,7.156912898403996,7.156912898403996,7.890912401677877,2.341432071584929
backward,11.52,-0.30000000000000004,0.0,0.0,-0.3058539578648042,-0.021922533601654182,0.04704908509326355,-0.07524325150215559,-0.0016921025491810314,-0.02059050651005924,0.3083144203574974,0,0,0,7.971273613768734,7.971273613768734,7.939853478050615,6.253046788915162
backward,11.540000000000001,-0.30000000000000004,0.0,0.0,-0.30356907930797383,-0.020910185940131328,0.062168399274601834,-0.1596224404819737,-0.003479710594025405,-0.022280994347037675,0.30932628402890083,0,0,0,8.030889999449588,8.030889999449588,8.00965737340254,6.171389996690716
backward,11.56,-0.30000000000000004,0.0,0.0,-0.3229453402066947,-0.023551700782637148,0.061814814067495,-0.1997100406770134,-0.004148941297960801,-0.019543482762433086,0.3103576855439572,0,0,0,7.136459573603373,7.136459573603373,8.038005342954538,5.833561408695201
backward,11.58,-0.30000000000000004,0.0,0.0,-0.34583729702036065,-0.0367671020871966,0.058239276657418716,-0.16634651446040255,-0.0006760802842805564,-0.016249996031836012,0.31140413333818673,0,0,0,6.785980563507264,6.785980563507264,8.154636815283272,3.3990649388418226
backward,11.6,-0.30000000000000004,0.0,0.0,-0.3603438516233269,-0.05103834343887588,0.04411753105938065,-0.10302875154761346,0.005057150544385302,-0.016823790489650468,0.31227893685252683,0,0,0,7.4149665786870935,7.4149665786870935,8.155578533641865,2.772943108239491
backward,11.620000000000001,-0.30000000000000004,0.0,0.0,-0.3664684390555645,-0.05417264665155262,0.018793049744380685,-0.04020898664445047,0.009204773110465258,-0.02061919470167117,0.3127443885286925,0,0,0,8.433717919100745,8.433717919100745,8.126665668452283,2.70044203722146
backward,11.64,-0.30000000000000004,0.0,0.0,-0.3638027716278894,-0.04125807456459081,-0.02540473824381078,-0.02384816509881801,0.009584742373166668,-0.023921972752694885,0.31248497854318424,0,0,0,9.160498438688338,9.160498438688338,8.095797823197515,3.468768536641773
backward,11.66,-0.30000000000000004,0.0,0.0,-0.35448868387014937,-0.015592499990948238,-0.08954890539115551,-0.07407884756476067,0.005634659670172391,-0.02310689151513245,0.3111115028796165,0,0,0,9.280819229291952,9.280819229291952,8.027753435978255,4.992098240575195
backward,11.68,-0.30000000000000004,0.0,0.0,-0.3188756499322547,0.0031493284153692866,-0.11704393363755158,-0.2180861929290281,0.010567544437196994,-0.013358081657268978,0.3088292206303454,0,0,0,8.1994595825365,8.1994595825365,7.9512700752115535,5.364344479378191
backward,11.700000000000001,-0.30000000000000004,0.0,0.0,-0.2754519632147507,0.033573579970862105,-0.06750898046962323,-0.18191806127278928,0.006268227311753754,-0.006824640900194437,0.30692321818615087,0,1,0,8.13970622356453,8.13970622356453,7.912047449108243,4.512997527811937
backward,11.72,-0.30000000000000004,0.0,0.0,-0.23232080717709364,0.05106010321691752,-0.01564532560532711,-0.08376564094992989,0.0024808143345428483,-0.00712247714293615,0.30610055707222417,0,1,0,9.990558850536539,9.990558850536539,7.937397169525305,6.484860396305771
backward,11.74,-0.30000000000000004,0.0,0.0,-0.21162631024783854,0.058398202985424544,0.021840134489576873,0.016453536843089027,-0.0012432074147433409,-0.009755028660221834,0.3061948681221151,0,0,0,10.125304297815966,10.125304297815966,7.933822405135782,6.698474315089067
backward,11.76,-0.30000000000000004,0.0,0.0,-0.21871456681887666,0.06305740144100289,0.03957678337718358,0.039931246328956595,-0.006661166587709649,-0.012570730323880223,0.30670072991329644,0,0,0,9.555831806050934,9.555831806050934,7.916758313672144,6.769011879720956
backward,11.78,-0.30000000000000004,0.0,0.0,-0.23447822683098646,0.07384938654519063,0.05258690952734109,-0.008709865422041363,-0.01417110638879968,-0.01425572251798037,0.3074999936678006,0,0,0,9.01733843999558,9.01733843999558,7.914596432989168,5.838523633661726
backward,11.8,-0.30000000000000004,0.0,0.0,-0.2506025283997714,0.0862405577321086,0.06265522185577303,-0.013348437708745584,-0.024084613325160313,-0.015421756825277855,0.3085390271501939,0,0,0,8.59168542730355,8.59168542730355,7.843803199001847,3.7512910083056044
backward,11.82,-0.30000000000000004,0.0,0.0,-0.2706778573823268,0.09706633172645376,0.06571933588631981,0.027667927721371097,-0.03418294485165973,-0.01568552855374216,0.30970962477094016,0,0,0,8.12790370888511,8.12790370888511,7.79372847999154,2.4473328528344593
backward,11.84,-0.30000000000000004,0.0,0.0,-0.29158506463900463,0.10614895160496697,0.05261001192392303,0.09884941991289335,-0.0451339508187322,-0.014502275277503845,0.3107497649151093,0,0,0,7.742863702274534,7.742863702274534,7.765092186792327,3.936115314640511
backward,11.86,-0.30000000000000004,0.0,0.0,-0.31171663269970523,0.11209482320784867,0.016976491562066796,0.18223346220239417,-0.05694746907462508,-0.010665473634479315,0.31127581579859337,0,0,0,7.37343774800133,7.37343774800133,7.753860917105111,4.722093101911057
backward,11.88,-0.30000000000000004,0.0,0.0,-0.33242479210869114,0.10276450340236808,-0.012379623013990959,0.21545803135748312,-0.06606672543878936,-0.004089810297356391,0.3109741858942914,0,0,0,7.010550761989369,7.010550761989369,7.757863048029854,4.709781334552631
backward,11.9,-0.30000000000000004,0.0,0.0,-0.35072366074688166,0.058496300878396315,-0.026851881654061195,0.18837306842412338,-0.05984470564663821,-0.00280974982677544,0.3105194371830718,0,0,0,6.864175040516418,6.864175040516418,7.774462847388779,4.217702377472822
backward,11.92,-0.30000000000000004,0.0,0.0,-0.3625949448821263,-0.000513993388556561,-0.06303966348841976,0.2604443503904886,-0.04071734580521615,-0.008029140973287677,0.3096235453227913,0,0,0,6.584523478580223,6.584523478580223,7.800752581083902,8.321106736708622
backward,11.94,-0.30000000000000004,0.0,0.0,-0.3476806637720643,-0.02556766911137271,-0.01847412691824577,0.3095256105758846,-0.027798288484880376,-0.01326422909145167,0.30845018972823096,0,0,0,7.217780581355357,7.217780581355357,7.8354375127445195,11.81667829758252
backward,11.96,-0.30000000000000004,0.0,0.0,-0.3325310188759274,-0.030316554216958783,0.016267474749395414,0.250920009862705,-0.024751693393544744,-0.010529723399558733,0.30826084971015866,0,0,0,7.835234720927734,7.835234720927734,7.877596196355487,7.322283153257592
backward,11.98,-0.30000000000000004,0.0,0.0,-0.34376824267190326,-0.028390026136449427,0.05720885410786933,0.11054442642281748,-0.016326185947352464,-0.003676224848876501,0.3089159793370377,0,0,0,8.155358507180162,8.155358507180162,7.863470683255471,7.276247581829086
backward,12.0,-0.30000000000000004,0.0,0.0,-0.3681585156860579,-0.038267057142849996,0.07897963845950196,0.06009688909780689,-0.003931129319433922,0.007650878977927715,0.3103124608838068,0,0,0,8.205344474406127,8.205344474406127,7.891905460052055,5.267785808149309
backward,12.02,-0.30000000000000004,0.0,0.0,-0.383838666789563,-0.05468587779659339,0.06931517645175418,0.0724800172428383,0.00952049632924401,0.01854765705276149,0.3118896885404136,0,0,0,7.658306636883387,7.658306636883387,8.011703483693317,4.305097915212793
backward,12.040000000000001,-0.30000000000000004,0.0,0.0,-0.3841063433093232,-0.06987961288775149,0.035905835859199695,0.1485104263639255,0.019227451403614492,0.02443663919606978,0.3130440814655151,0,0,0,6.946101132271832,6.946101132271832,8.132940607119117,2.6036547448136282
backward,12.06,-0.30000000000000004,0.0,0.0,-0.374654357922158,-0.07476064224446713,-0.0023974672408748924,0.20045806824583987,0.022929302714885677,0.025507135279006776,0.313477440193828,0,0,0,7.6275197062219,7.6275197062219,8.17240379406281,2.669740732947476
backward,12.08,-0.30000000000000004,0.0,0.0,-0.36257884774154503,-0.0700893186484599,-0.040734040714380575,0.19168974111808126,0.021000734498264707,0.023701054468355746,0.31314292793969073,0,0,0,8.018214892871733,8.018214892871733,8.175362525287891,3.436840837233
backward,12.1,-0.30000000000000004,0.0,0.0,-0.3519117208186368,-0.059266342853812916,-0.08272826122173221,0.08237518729704911,0.016399391662668725,0.020780239600128942,0.3120204280731318,0,0,0,7.621159813726362,7.621159813726362,8.1575895555522,4.932655646426543
backward,12.120000000000001,-0.30000000000000004,0.0,0.0,-0.3408450210095837,-0.0202429875683526,-0.08422990561992046,-0.027553797415976883,0.00154723450556551,0.013821308316824196,0.3104469340787987,0,0,0,6.734394898062674,6.734394898062674,8.150692399278832,5.0198353522329215
backward,12.14,-0.30000000000000004,0.0,0.0,-0.3249728795924927,0.022594682962197913,-0.07185012665214023,-0.15924479466079894,-0.014812378597532596,0.003297206218659823,0.30862585422274535,0,1,0,7.301917773755898,7.301917773755898,8.17463085331983,5.68302012425101
backward,12.16,-0.30000000000000004,0.0,0.0,-0.29238931991667727,0.025241659417917027,5.773671384054415e-05,-0.15242720126636602,-0.007243474488828137,0.002053907400940621,0.30806837027746004,0,0,0,7.008338218278847,7.008338218278847,8.229234840088377,5.647186640687012
backward,12.18,-0.30000000000000004,0.0,0.0,-0.2716303189853992,0.023025422311151164,0.024347784828289996,-0.03365167067870077,-0.0006325380407217608,-9.127667846657975e-05,0.3083613794204619,0,0,0,7.733563515851235,7.733563515851235,8.34194822139074,6.090880381190074
backward,12.200000000000001,-0.30000000000000004,0.0,0.0,-0.27790052101327933,0.02942359222953671,0.05076332847397398,0.02403367684422593,-0.001458953025124933,-0.0015067301191058749,0.3092204671417011,0,0,0,7.114289327561608,7.114289327561608,8.302753000271611,5.419118370202204
backward,12.22,-0.30000000000000004,0.0,0.0,-0.2918603892620969,0.0438649639320468,0.057935070507744504,0.03366404132832747,-0.007613272289358892,-0.002871234098663784,0.31031486488909066,0,0,0,7.2976998946759135,7.2976998946759135,8.265745137004682,4.764284900827939
backward,12.24,-0.30000000000000004,0.0,0.0,-0.29952780582684113,0.057043730971274874,0.0566667982704689,0.003132714710916298,-0.014511573758143407,-0.004446406629191105,0.3114490113639207,0,0,0,7.598869192329032,7.598869192329032,8.230790353523773,2.9281990218224747
backward,12.26,-0.30000000000000004,0.0,0.0,-0.30464716289680593,0.0667319755586921,0.04954688367956175,-0.04043830104766227,-0.02065976304876025,-0.005880840389954124,0.3124757759010542,0,0,0,7.8052006617591765,7.8052006617591765,8.19776390003734,3.16529197874303
backward,12.280000000000001,-0.30000000000000004,0.0,0.0,-0.3159658049637271,0.07324528976289778,0.04112461380054112,-0.02696458934077801,-0.025959624112640876,-0.005832896199505372,0.3133624923759353,0,0,0,7.758684078935575,7.758684078935575,8.166549744192633,4.908390654427943
backward,12.3,-0.30000000000000004,0.0,0.0,-0.3287963267905665,0.06602710926680355,0.05440138787333934,-0.037140854627501885,-0.026460450250518734,-0.006175801910768173,0.3142788180004317,0,0,0,7.536451376538019,7.536451376538019,8.153178608969519,6.313782315519891
backward,12.32,-0.30000000000000004,0.0,0.0,-0.33803325796647826,0.04979259489038813,0.04657404370365672,0.006433665634037427,-0.019373872955964717,-0.008815445132602991,0.31528603638683045,0,0,0,7.078168862846958,7.078168862846958,8.148304111145809,5.044499645103262
backward,12.34,-0.30000000000000004,0.0,0.0,-0.34531600004967344,0.017312039823693677,0.0069097723640662335,0.08097886096145476,-0.006428148987726258,-0.012220379321429485,0.3158600576156059,0,1,0,7.113747192085926,7.113747192085926,8.158534298708453,8.897782443991915
backward,12.36,-0.30000000000000004,0.0,0.0,-0.327428075300648,-0.0062296191932640545,0.020793165687074913,0.08750561934959784,-0.005284371475651677,-0.01127723180303567,0.3161966964357592,0,0,0,5.919952824898477,5.919952824898477,8.196915980243933,6.472104349238101
backward,12.38,-0.30000000000000004,0.0,0.0,-0.3058040656271423,-0.020414841877449963,0.015165158511361389,0.13623656685824448,-0.004668645403040912,-0.010234705690982334,0.3163666135694074,0,0,0,6.69663290558185,6.69663290558185,8.276273167609666,6.2799551865499605
backward,12.4,-0.30000000000000004,0.0,0.0,-0.30062845692014983,-0.018861764699035975,0.010013604167116219,0.06111260647639304,-0.0013965706530785092,-0.008961180245717308,0.3163122655924072,0,0,0,7.180606925905713,7.180606925905713,8.379284430796556,8.367580238168909
backward,12.42,-0.30000000000000004,0.0,0.0,-0.30958744851738146,-0.023648226119498628,0.027406924704000992,-0.033374022364327446,0.006086678049691241,-0.003888087047710101,0.31647905673459376,0,0,0,7.4948444048546845,7.4948444048546845,8.424322005664493,8.21325972176767
backward,12.44,-0.30000000000000004,0.0,0.0,-0.31992639366082004,-0.03566251962558224,0.035296394596653874,-0.08583594026578267,0.015180338485372988,0.0030468812705828716,0.31701175791860936,0,0,0,7.385410127821936,7.385410127821936,8.413860995290925,5.228437395646757
backward,12.46,-0.30000000000000004,0.0,0.0,-0.32449214196758314,-0.050248221456041034,0.025900707642373844,-0.06558492009717899,0.023687717931287502,0.008070609135182996,0.31757894686700217,0,0,0,7.259524574008854,7.259524574008854,8.408751327552928,4.327236947265574
backward,12.48,-0.30000000000000004,0.0,0.0,-0.3209897857411396,-0.06046990918887754,0.005784126340250603,-0.013621734568440631,0.029340138004524115,0.009718166606455601,0.31784020706968164,0,0,0,7.882038140642463,7.882038140642463,8.422391756929656,3.1019004061147673
backward,12.5,-0.30000000000000004,0.0,0.0,-0.3152633169154216,-0.062153063607323825,-0.017217686802119537,0.00383547307861887,0.03142266736929117,0.00927931228472416,0.317659149069087,0,0,0,8.22809676079391,8.22809676079391,8.454145146470328,3.8578681882457904
backward,12.52,-0.30000000000000004,0.0,0.0,-0.31085066380810866,-0.057315549250222295,-0.04908031678517532,-0.03233878599328189,0.030110658448048305,0.009343295052294956,0.31695061825888593,0,0,0,7.829210213145402,7.829210213145402,8.42815011456398,5.065936465384048
backward,12.540000000000001,-0.30000000000000004,0.0,0.0,-0.30867472011203734,-0.04381202761161102,-0.08083167040005564,-0.06759723326782546,0.026084736641803826,0.010142373341092978,0.3155137944900234,0,0,0,6.896563781327689,6.896563781327689,8.408008116063296,7.377404331892775
backward,12.56,-0.30000000000000004,0.0,0.0,-0.30347529086813135,-0.006375787297348317,-0.10090338028363922,-0.05292959774265984,0.011131843822876426,0.004926527871146928,0.3135718526363362,0,1,0,12.538703437073488,12.538703437073488,8.420879994347867,11.710038234082374
backward,12.58,-0.30000000000000004,0.0,0.0,-0.28143732734508703,0.00898538800538454,-0.048099466246111604,0.06750748339007197,0.011645799605724977,0.003586579654644342,0.3122268751262327,0,1,0,6.962093125855257,6.962093125855257,8.463523549917323,4.213960456685828
backward,12.6,-0.30000000000000004,0.0,0.0,-0.2635188707061648,0.017085849013505496,-0.029101673198289872,0.14422898809986542,0.012172918323417938,0.0005071658311944661,0.31152889924553845,0,1,0,6.985097581370566,6.985097581370566,8.540194175567095,4.731478221446352
backward,12.620000000000001,-0.30000000000000004,0.0,0.0,-0.2738955748890353,0.023125826540637474,-0.008846939988912204,0.1568470907007341,0.010051170690226147,-0.00173590187101651,0.31122045900909884,0,0,0,7.145726587578711,7.145726587578711,8.623325397561064,4.731478221446352
backward,12.64,-0.30000000000000004,0.0,0.0,-0.2943343948656299,0.034751535156295955,0.010358259300077015,0.10202701935780395,0.00537146693909773,-0.002507204588121881,0.311250324878313,0,0,0,7.58313203804429,7.58313203804429,8.592075541126714,3.4945253182673452
backward,12.66,-0.30000000000000004,0.0,0.0,-0.30988074614157063,0.046629500453517846,0.024849632029643798,0.05010871554873239,-0.0005257184349032438,-0.0031170982964662864,0.31159085685423366,0,0,0,7.980746506261921,7.980746506261921,8.53860496189585,2.6684682603313474
backward,12.68,-0.30000000000000004,0.0,0.0,-0.3208796903387922,0.05486756049778458,0.035098840604138676,0.012892219377129146,-0.006361802537216723,-0.0037323435358162954,0.3121822144984529,0,0,0,8.202298462998755,8.202298462998755,8.488232420422964,2.3945268186491155
backward,12.700000000000001,-0.30000000000000004,0.0,0.0,-0.33179791662830876,0.057725731195014694,0.03596238248380021,0.020145028109664658,-0.0102703886265995,-0.0031505070789576398,0.31290655284307217,0,0,0,8.074890109173074,8.074890109173074,8.440755257237868,2.1848724444500376
backward,12.72,-0.30000000000000004,0.0,0.0,-0.3438359456099702,0.05797244855595433,0.024933275297815857,0.05364881072734045,-0.014499006069862623,-0.0007261263916805386,0.3135703708453553,0,0,0,7.760313449729129,7.760313449729129,8.4521755364973,3.591400708834226
backward,12.74,-0.30000000000000004,0.0,0.0,-0.355131038933426,0.052783619204689054,0.014336146991155554,0.08989021233266886,-0.0186070336440456,0.001987657965378785,0.3139415926719557,0,0,0,7.376091739272214,7.376091739272214,8.514487171051499,4.899646577722914
backward,12.76,-0.30000000000000004,0.0,0.0,-0.35856319705614165,0.03119324807155966,0.012239110269404252,0.10713117771025785,-0.014616167223847575,-0.001975961530263182,0.3143155559324986,0,0,0,6.841234099803474,6.841234099803474,8.573183723711868,5.7057631537386255
backward,12.780000000000001,-0.30000000000000004,0.0,0.0,-0.35325176730151286,-0.00652628902739483,-0.029344918061500688,0.1401242326367515,-0.00563712374342008,-0.012533511635938362,0.3142042919060214,0,0,0,6.302579777466739,6.302579777466739,8.607825330777647,7.557360016224195
backward,12.8,-0.30000000000000004,0.0,0.0,-0.3321382637038514,-0.02593213596967207,-0.021228521653996718,0.0793466770525025,-0.0037649673665541483,-0.02201887196217093,0.31344559853389353,0,0,0,5.578124802496293,5.578124802496293,8.608341167814093,8.532564510376659
backward,12.82,-0.30000000000000004,0.0,0.0,-0.31204702124594913,-0.026667337326765437,-0.009995130937723367,-0.022669641784473157,-0.010825060975504498,-0.02506480091649948,0.3128999102515138,0,0,0,6.730684098202859,6.730684098202859,8.553923130711542,5.017713502618493
backward,12.84,-0.30000000000000004,0.0,0.0,-0.3190813458166669,-0.022279776025548242,0.012073340441512672,-0.20931449410158698,-0.013671379156136853,-0.02359986649872118,0.3127463898659479,0,0,0,7.816896955457468,7.816896955457468,8.502665661411434,6.378838465636951
backward,12.86,-0.30000000000000004,0.0,0.0,-0.34708912468077163,-0.02926098344504625,0.04299791457007728,-0.3066689787976928,-0.011228210891327388,-0.017479100631383512,0.31317195636697415,0,0,0,8.26322997831115,8.26322997831115,8.45436117599644,7.239556065702265
backward,12.88,-0.30000000000000004,0.0,0.0,-0.3690246880594388,-0.043486854180839245,0.054358044491181506,-0.3467599862142245,-0.005216115142255458,-0.01012266465357802,0.3140739937684072,0,0,0,7.84444037355419,7.84444037355419,8.408818328653663,7.029620079716267
backward,12.9,-0.30000000000000004,0.0,0.0,-0.377043072810764,-0.0583383600753806,0.03872050873118651,-0.30062341810797155,0.0019239001440892478,-0.006494712443248779,0.3149660217326046,0,0,0,6.893993553774624,6.893993553774624,8.417504000937363,5.28311010100815
backward,12.92,-0.30000000000000004,0.0,0.0,-0.3728057484517464,-0.06515149932308713,0.007103709731166502,-0.19563283087450348,0.006621108865329651,-0.007906414415623845,0.31535926874863174,0,0,0,8.209480874090382,8.209480874090382,8.442995588517977,3.5671724375388534
backward,12.94,-0.30000000000000004,0.0,0.0,-0.3601170906549619,-0.05981923057938849,-0.036124383349303686,-0.09960025919084294,0.006909189406527855,-0.01296761697386669,0.3149767924204634,0,0,0,9.226297835683091,9.226297835683091,8.423021498080768,4.7176602578092455
backward,12.96,-0.30000000000000004,0.0,0.0,-0.3410103706317744,-0.03948510379618698,-0.09692424014715798,-0.052200965674804804,0.001957534388891762,-0.018699069334272705,0.31352294364866323,0,0,0,9.6139681813572,9.6139681813572,8.354281770505633,5.505395979012617
backward,12.98,-0.30000000000000004,0.0,0.0,-0.3185623455480975,-0.00872991592363868,-0.17931357359926342,-0.09931993476992924,-0.0071917760856400606,-0.02208610936514499,0.3106557603466583,0,0,0,9.188710219184498,9.188710219184498,8.259882867315987,6.531219064937889
backward,13.0,-0.30000000000000004,0.0,0.0,-0.28790889135111725,0.007802502854632427,-0.13633020484904146,-0.023676488665997055,-0.0061557377574970595,-0.016647191648152565,0.30725701514617937,0,1,0,7.340627544029766,7.340627544029766,8.181231758177034,5.651284677704013
backward,13.02,-0.30000000000000004,0.0,0.0,-0.25792112651683874,0.03039987949784057,-0.07197059431372786,0.06854294378466645,-0.007126435689089337,-0.014594281661358321,0.30522707659620973,0,0,0,8.245295814755618,8.245295814755618,8.171370708249665,5.427943579584692
backward,13.040000000000001,-0.30000000000000004,0.0,0.0,-0.24973765424929387,0.05247476277226126,-0.009368022394031342,0.16576759253374038,-0.008800500295794869,-0.017164535994291324,0.3045339325128034,0,1,0,8.374733777466515,8.374733777466515,8.2306860148034,6.1885041552169096
backward,13.06,-0.30000000000000004,0.0,0.0,-0.2658557354622775,0.060934478588040644,0.02531343455272569,0.22150132295834685,-0.009755508514599042,-0.02027797273288416,0.3047353312833771,0,0,0,8.122698777366692,8.122698777366692,8.277834198319496,4.559808046789364
backward,13.08,-0.30000000000000004,0.0,0.0,-0.2898573925152525,0.07098304621004355,0.03809434483358426,0.16500114019856035,-0.011638341956913543,-0.020695886726185633,0.3052980292106172,0,0,0,8.064048945070365,8.064048945070365,8.32248805590989,4.009294441072672
backward,13.1,-0.30000000000000004,0.0,0.0,-0.3073766543063942,0.0804871769975186,0.03981332709700653,0.10001842051216223,-0.01646873039232182,-0.020308720891422688,0.3059639505991995,0,0,0,8.045859377899154,8.045859377899154,8.303882789442337,2.576206038776993
backward,13.120000000000001,-0.30000000000000004,0.0,0.0,-0.32272902441093626,0.08555989838866203,0.0349605810639795,0.08635963703458045,-0.024144439328296914,-0.019925204742171437,0.3065871111720957,0,0,0,8.047623274744966,8.047623274744966,8.266812062720376,3.545905802041731
backward,13.14,-0.30000000000000004,0.0,0.0,-0.3422604628247041,0.08609677976797972,0.024998379668065153,0.14634556736261575,-0.034020473670646804,-0.018014654528996723,0.30706573965120715,0,0,0,7.960267064194188,7.960267064194188,8.231798255170286,5.057480263929133
backward,13.16,-0.30000000000000004,0.0,0.0,-0.360899433568992,0.08360024933008064,-0.009231270582800205,0.23304951767707674,-0.045849042808264275,-0.013195820415038688,0.30711891690060467,0,0,0,7.740236373371709,7.740236373371709,8.198716346635212,5.924489565716033
backward,13.18,-0.30000000000000004,0.0,0.0,-0.3750402516456546,0.07460192328045641,-0.05882114343221049,0.31908959979270535,-0.05753053483971465,-0.005016912375737987,0.3062610856100161,0,0,0,7.453499660391341,7.453499660391341,8.167450057187303,6.9616767378133515
backward,13.200000000000001,-0.30000000000000004,0.0,0.0,-0.3836601276717546,0.025101319015911686,-0.06596994621129962,0.30531194165625486,-0.05178657789314979,-0.0031629144936294834,0.30513493472178527,0,1,0,10.38679709393223,10.38679709393223,8.137891116987593,11.183675976702233
backward,13.22,-0.30000000000000004,0.0,0.0,-0.37019696232996974,-0.012331597688643397,-0.0170041817333681,0.22766908970017058,-0.04757072061861386,-0.00445161433368229,0.3044329870055009,0,0,0,8.218004503991255,8.218004503991255,8.084326689415516,9.418761393084417
backward,13.24,-0.30000000000000004,0.0,0.0,-0.3528770398696391,-0.03003661700252852,0.009280201747069786,0.16317889512366984,-0.0451711694375253,-0.005710462640136963,0.30426559770219763,0,0,0,8.040851740200033,8.040851740200033,8.059266275176597,7.009621644655453
backward,13.26,-0.30000000000000004,0.0,0.0,-0.35146969239948433,-0.02891173730189124,0.001412384418980426,-0.04174561473440674,-0.040434326893899857,-0.005829973421892928,0.30430623036561183,0,0,0,7.811075720994951,7.811075720994951,8.035550581064282,6.378284690692549
backward,13.280000000000001,-0.30000000000000004,0.0,0.0,-0.37574953921730164,-0.028418657722213126,0.020203473827012902,-0.17825379652957402,-0.03483796733513807,-0.0013886141701136808,0.3045438228547018,0,0,0,8.127955309815967,8.127955309815967,8.013102557424475,6.1904243833091215
backward,13.3,-0.30000000000000004,0.0,0.0,-0.40921815108148457,-0.03678179157309112,0.03669530942093702,-0.2376219916217484,-0.03015815904244191,0.008458546805708093,0.3052249609865069,0,0,0,8.36591596662372,8.36591596662372,7.99185007003484,4.629681871848744
backward,13.32,-0.30000000000000004,0.0,0.0,-0.4341978255769098,-0.04981951174543591,0.026950293102854312,-0.21575403524137288,-0.025244322311191128,0.01795014649368171,0.30605853959518453,0,0,0,8.122326615838803,8.122326615838803,7.971725535589471,3.013807123859519
backward,13.34,-0.30000000000000004,0.0,0.0,-0.4462297958279828,-0.05993122801887444,-0.002944482285231779,-0.15272980439546446,-0.01972718928617894,0.022375315672447844,0.3065275303417719,0,0,0,7.390042909016444,7.390042909016444,8.015631877435972,4.4863517519134275
backward,13.36,-0.30000000000000004,0.0,0.0,-0.44765732430742355,-0.05903218431548413,-0.040746637683058654,-0.11137851332607467,-0.017092488209252923,0.02208207869006699,0.3063560676390153,0,0,0,7.881385401033859,7.881385401033859,8.06543330176141,6.139759681369245
backward,13.38,-0.30000000000000004,0.0,0.0,-0.43513361270911494,-0.03279118447981292,-0.05628052804884091,-0.0707907141976774,-0.02408858257147296,0.016603726929275676,0.30564347364326855,0,0,0,8.673846228110026,8.673846228110026,8.063344357203452,6.975837739516724
backward,13.4,-0.30000000000000004,0.0,0.0,-0.40283119171973203,-0.0024994740370614973,-0.036306239804760915,-0.0015760628151973675,-0.03338479688373931,0.0069802327819965945,0.3046910911661279,0,0,0,8.533682966525493,8.533682966525493,8.022971234645212,7.827640228023554
backward,13.42,-0.30000000000000004,0.0,0.0,-0.352615670939649,0.019010813704273752,-0.005742859482359974,-0.03371712456826284,-0.03097611497028511,0.001075378229302925,0.3043362977197037,0,1,0,6.946508379740488,6.946508379740488,7.971356101859417,4.98457392708483
backward,13.44,-0.30000000000000004,0.0,0.0,-0.30633303382801996,0.02251536919243117,0.006157936445134201,-0.04376756684649974,-0.02550484160528955,-0.007234765921770423,0.3044267998518383,0,1,0,7.859148460559389,7.859148460559389,7.984190769278342,5.692055405745222
backward,13.46,-0.30000000000000004,0.0,0.0,-0.2790131028445575,0.021278960272021814,0.008183939514289432,0.003309659110263123,-0.018277758942308982,-0.014566460386393065,0.3046305464227962,0,1,0,7.510500321007435,7.510500321007435,7.964471812878962,5.198801068581104
backward,13.48,-0.30000000000000004,0.0,0.0,-0.2829424774935601,0.016056290812979677,0.008465066525234178,0.021082795877326078,-0.012197184782279864,-0.018843512988407248,0.304767311653172,0,0,0,8.076859517111115,8.076859517111115,7.98741114288665,5.388529582672736
backward,13.5,-0.30000000000000004,0.0,0.0,-0.30295482606486296,0.020039027696025245,0.01534559079248467,-0.06975836585878122,-0.009835386125838981,-0.018799607635954965,0.3049241571599168,0,0,0,8.114472769914153,8.114472769914153,8.04082391458508,5.148792370229702
backward,13.52,-0.30000000000000004,0.0,0.0,-0.3211106796877111,0.026733376695544576,0.02402639092520792,-0.15056300917618004,-0.011244628159065963,-0.01720219891680193,0.3052200327244548,0,0,0,8.010459619657967,8.010459619657967,8.015017706776359,3.073551218780832
backward,13.540000000000001,-0.30000000000000004,0.0,0.0,-0.3381351593397483,0.030097102546944705,0.029687108003062693,-0.13684357294939037,-0.015525178527622736,-0.0147745037523656,0.30568439322614227,0,0,0,7.7799271145113655,7.7799271145113655,7.992244234115599,2.5960185159938436
backward,13.56,-0.30000000000000004,0.0,0.0,-0.3557377419581328,0.03154331190564212,0.02039260073218844,-0.07322528678338304,-0.02111667629886115,-0.011069410396744098,0.3061505612669974,0,0,0,7.508263777344762,7.508263777344762,7.972098814413478,2.5930603900308333
backward,13.58,-0.30000000000000004,0.0,0.0,-0.3708471563756271,0.03015268582875107,-0.0013205652301862521,0.0284176872133057,-0.027898490459162137,-0.00649762007092174,0.30631951577275246,0,0,0,7.315769259571048,7.315769259571048,7.953019152626297,3.923201247778689
backward,13.6,-0.30000000000000004,0.0,0.0,-0.3827423729232116,0.02680295830101413,-0.03383204993296029,0.1779373365127451,-0.03674851733654255,-0.0011060559759762136,0.305972072980031,0,0,0,7.210393712808511,7.210393712808511,7.958789155925594,4.9026934959568145
backward,13.620000000000001,-0.30000000000000004,0.0,0.0,-0.39437828467357444,0.0008418556102460866,-0.03014564820731905,0.3061826152820263,-0.035845214734894416,0.001139957275989309,0.30530747242879347,0,0,0,7.10937940210623,7.10937940210623,7.969943894330751,5.781492422737356
backward,13.64,-0.30000000000000004,0.0,0.0,-0.3944469779332816,-0.04898269958300701,-0.043073717737896894,0.4367601581525484,-0.022477362105399034,-0.005218195438180196,0.3047416987343077,0,0,0,7.196710834977022,7.196710834977022,7.9861467539550475,8.159179586168943
backward,13.66,-0.30000000000000004,0.0,0.0,-0.37722882940074537,-0.06240779131674106,0.019996604979170534,0.3447194624354698,-0.02196500784527331,-0.009816518068879192,0.3046126563179209,0,0,0,7.246744659990285,7.246744659990285,8.015339532318663,6.573306530008356
backward,13.68,-0.30000000000000004,0.0,0.0,-0.3589453768169534,-0.056768657270546044,0.03937259970965365,0.23187305492113605,-0.02591243972615544,-0.01265680209036766,0.30516247336800517,0,1,0,6.762669170105295,6.762669170105295,8.053557710920835,5.114875768635695
backward,13.700000000000001,-0.30000000000000004,0.0,0.0,-0.36256526284570645,-0.04304959876852238,0.04699502545705587,0.04356095718247103,-0.02579639108055409,-0.010703228488581846,0.3060682799304999,0,0,0,7.153690450291251,7.153690450291251,8.03014759000823,5.600878346968303
backward,13.72,-0.30000000000000004,0.0,0.0,-0.3923650392506253,-0.040818111898438494,0.05202828363964501,-0.03612683400629502,-0.021482833388707993,-0.0019299480068932027,0.30711431870734096,0,0,0,7.624479660239122,7.624479660239122,8.007987707052827,5.541192594561464
backward,13.74,-0.30000000000000004,0.0,0.0,-0.41879925026414827,-0.04916203839157915,0.040814627563466155,-0.04940019453609162,-0.013218146405465503,0.00952577820824104,0.30811926534411815,0,0,0,7.921274643377014,7.921274643377014,7.987007032180621,3.4219602593384035
backward,13.76,-0.30000000000000004,0.0,0.0,-0.42976228058195864,-0.06112921933831947,0.010691873726668827,0.001904391145786704,-0.00347741162550757,0.017269171577954195,0.3087350896873648,0,0,0,7.5893841580925585,7.5893841580925585,7.967139005318494,2.8447210410966526
backward,13.780000000000001,-0.30000000000000004,0.0,0.0,-0.42770978057570147,-0.06324517672832673,-0.02289752089238839,0.022119549503985952,0.003900585812796813,0.020103231071928965,0.30875277251193134,0,0,0,7.562769854588202,7.562769854588202,7.988646641520013,2.766158537952629
backward,13.8,-0.30000000000000004,0.0,0.0,-0.41738023637065536,-0.05201362012259127,-0.055354875705378934,-0.03346165898631364,0.00643452555869598,0.020514592333625622,0.3081366667092673,0,0,0,8.743900135014202,8.743900135014202,7.997780920448694,4.386392413659484
backward,13.82,-0.30000000000000004,0.0,0.0,-0.3991222133914328,-0.023058777586009452,-0.07945107853550473,-0.144354390996023,0.0015473168259052003,0.019704074124224567,0.30693002614780357,0,0,0,8.871322220572406,8.871322220572406,7.955363542507598,6.029389083927034
backward,13.84,-0.30000000000000004,0.0,0.0,-0.3741064448622034,0.02748890208546201,-0.1054604362456912,-0.27386002933483583,-0.01558863557311816,0.013999963271175458,0.3053122888351691,0,1,0,8.8581062266671,8.8581062266671,7.899245092249604,7.315070315741085
backward,13.86,-0.30000000000000004,0.0,0.0,-0.343432507878008,0.04848783043962318,-0.029483045252733434,-0.2736244782880061,-0.01821521544117893,0.010586847675934272,0.30420031503790285,0,1,0,7.935632933179207,7.935632933179207,7.867320154430789,5.835298924918721
backward,13.88,-0.30000000000000004,0.0,0.0,-0.3062127700314239,0.05539086804054203,-0.005564415983971021,-0.2521652433139471,-0.015418664720925351,0.007385580853676375,0.3040143087950452,0,1,0,6.76110131896715,6.76110131896715,7.89409790735661,5.513059092641477
backward,13.9,-0.30000000000000004,0.0,0.0,-0.2934367789532578,0.045408968053000154,0.01593651333261897,-0.14079849173409661,-0.011838102111353867,0.003120922104022655,0.3042512225368705,0,0,0,7.314518379959723,7.314518379959723,7.880555779965491,5.811656719858851
backward,13.92,-0.30000000000000004,0.0,0.0,-0.3020905884993543,0.043062869672762315,0.02290741284948847,-0.04966607460308902,-0.01267678707867573,0.0015258688490119442,0.3046483833995466,0,0,0,7.861652758284213,7.861652758284213,8.002522654652644,4.951107747524757
backward,13.94,-0.30000000000000004,0.0,0.0,-0.31866386135219066,0.049906598957679654,0.023446058263806267,-0.04821895190371463,-0.018221552063914914,0.003499329085220889,0.3051073365584089,0,0,0,8.082085534956917,8.082085534956917,8.070398400001348,4.5095485537160025
backward,13.96,-0.30000000000000004,0.0,0.0,-0.3312146341100334,0.060289072854223455,0.021539215088419314,-0.06608679879741623,-0.025353672993007483,0.006146528957515395,0.30557275862831657,0,0,0,7.998607811725745,7.998607811725745,8.051651949114945,3.952477816619136
backward,13.98,-0.30000000000000004,0.0,0.0,-0.3429681500277251,0.07017492709442567,0.013231908260111454,-0.05672739368747681,-0.03192136561072761,0.00917406939405836,0.30596104066892005,0,0,0,7.8775874056519894,7.8775874056519894,8.028343780192973,3.505276207536069
backward,14.0,-0.30000000000000004,0.0,0.0,-0.3529747483751837,0.07622480041047908,-0.0029253259152721605,-0.023057794413340573,-0.036835787840261834,0.012668167776213657,0.3061328472419488,0,0,0,7.749878195188046,7.749878195188046,8.006280039296755,5.716929626022904
backward,14.02,-0.30000000000000004,0.0,0.0,-0.3629952464513656,0.08044801360782451,-0.029597919075851627,0.036398946441980023,-0.04071031478087887,0.01664370034143029,0.30594061386309485,0,0,0,7.705961914739903,7.705961914739903,7.985390063970097,7.177644359273935
backward,14.040000000000001,-0.30000000000000004,0.0,0.0,-0.36868114700282634,0.06176599621202144,-0.020299833933170083,0.0659987041646628,-0.03433034676705825,0.01628881388448406,0.3056860325199084,0,0,0,9.152019897280054,9.152019897280054,7.965607634634836,9.947494988621347
backward,14.06,-0.30000000000000004,0.0,0.0,-0.362319266183177,0.022396463911916027,-0.03548287216521858,0.11536716459963707,-0.020100618445944202,0.009709906772964075,0.3054608122435526,0,1,0,14.710526740463004,14.0,7.941783217645394,15.058506911832477
backward,14.08,-0.30000000000000004,0.0,0.0,-0.33544096629370357,0.002299638414564996,0.0014841748640499963,0.09202713108318362,-0.016802448974444637,0.004425791409224554,0.30525581254545614,0,0,0,6.507475992692452,6.507475992692452,7.580890643517282,15.024571083085846
backward,14.1,-0.30000000000000004,0.0,0.0,-0.30863312152121464,-0.011346415321080248,0.001034230143842805,0.18538487594303651,-0.021427833163784517,0.0010504838092740356,0.3052791806305685,0,0,0,6.1299753018569305,6.1299753018569305,7.581839871607382,5.458038245840379
backward,14.120000000000001,-0.30000000000000004,0.0,0.0,-0.3023779737295781,-0.019582906985760044,-0.01599418940056505,0.17148297258423326,-0.023949524459362583,-0.0042180406539042105,0.3050397450934693,0,0,0,6.808932432241469,6.808932432241469,7.58274201798633,5.935092241736287
backward,14.14,-0.30000000000000004,0.0,0.0,-0.3162267626004129,-0.013331825496357665,-0.014263761576252976,-0.016333928970137853,-0.025387724072775605,-0.006301623466387294,0.3046806244747368,0,0,0,7.447911284776171,7.447911284776171,7.583599411152996,4.735510753329197
backward,14.16,-0.30000000000000004,0.0,0.0,-0.3448950107637736,-0.014060990647207663,0.0098865585834446,-0.12325129827888487,-0.024101147264453886,0.00021038899646988807,0.3046907372611054,0,0,0,8.195417623657018,8.195417623657018,7.584414265100669,4.957939638535622
backward,14.18,-0.30000000000000004,0.0,0.0,-0.3694008353674048,-0.024568812575058614,0.014007340978259604,-0.11817584661934516,-0.019343858632629107,0.008616403110281038,0.3050183531383708,0,0,0,8.259370812726353,8.259370812726353,7.585188684884624,4.999585913307337
backward,14.200000000000001,-0.30000000000000004,0.0,0.0,-0.3786920761955462,-0.03516844972842778,-0.004295075082289031,-0.037599034221855274,-0.012338676213221426,0.013030802330032345,0.30522750910873375,0,0,0,7.747865141814898,7.747865141814898,7.589293894488964,3.846954484303226
backward,14.22,-0.30000000000000004,0.0,0.0,-0.37623935998069885,-0.0371042580283223,-0.029845558780196988,0.047806886008713405,-0.007893758725080061,0.012262648731668182,0.30500952280913785,0,0,0,8.320805876899927,8.320805876899927,7.62049847235242,5.507234768787178
backward,14.24,-0.30000000000000004,0.0,0.0,-0.3687769778823861,-0.026183406967213357,-0.05502208100980923,0.060676459201189144,-0.008582215159963715,0.009197993736543402,0.3042853770790774,0,0,0,9.423789090807475,9.423789090807475,7.603937873738545,6.710923137112351
backward,14.26,-0.30000000000000004,0.0,0.0,-0.35361956019479535,-0.022333341881096407,-0.05748045229156713,0.05365931344494058,-0.008217391234070939,0.008224749708689394,0.30315655673954306,0,1,0,9.010239582550286,9.010239582550286,7.533433410015814,7.313086820747918
backward,14.280000000000001,-0.30000000000000004,0.0,0.0,-0.3156371011422429,-0.013751404545776719,-0.029289607941151513,-0.03226003591239788,-0.005210908381242895,0.010170036303596355,0.30241335667655783,0,1,0,7.334291746561721,7.334291746561721,7.461627941822549,1.5623366673933348
backward,14.3,-0.30000000000000004,0.0,0.0,-0.26790590822542254,-0.001751415903166372,-0.007252159777516042,-0.09362450976516752,-0.0038479710312878694,0.008065479652240696,0.3020877195126992,0,0,0,6.419325869534069,6.419325869534069,7.462759695204063,4.038622259394451
backward,14.32,-0.30000000000000004,0.0,0.0,-0.23129394995959837,0.006193416888120476,0.012731934821047465,-0.03857893647375437,0.0008798432074549721,0.001353715267358547,0.30215682241507275,0,1,0,7.25423628332084,7.25423628332084,7.522027547742514,5.398341162474372
backward,14.34,-0.30000000000000004,0.0,0.0,-0.22223935283989338,0.00504441460595272,0.04126937820921095,0.015159567925861237,0.008632715330617416,-0.006381103285928022,0.3027686265865895,0,0,0,7.616556896365208,7.616556896365208,7.565711903023132,5.296045874286042
backward,14.36,-0.30000000000000004,0.0,0.0,-0.23727026018447067,0.007246153935428513,0.04232173757671273,0.04746132356764362,0.014786191467596372,-0.011454554669017793,0.30348462855916275,0,0,0,7.815775076513694,7.815775076513694,7.692249555463896,4.845545885055717
backward,14.38,-0.30000000000000004,0.0,0.0,-0.2557490770500217,0.012464832701607725,0.04630845188374003,-0.02525576693103194,0.017436134438436716,-0.015198918107246547,0.30425868434731296,0,0,0,7.896725566632005,7.896725566632005,7.832850303369813,3.031632193841599
backward,14.4,-0.30000000000000004,0.0,0.0,-0.2697879358372279,0.016610903620554597,0.053405058689769226,-0.07591192853080295,0.01639372979895792,-0.019191648004798865,0.3051405684046493,0,0,0,7.904549853048492,7.904549853048492,7.91869686420592,3.0554614854083693
backward,14.42,-0.30000000000000004,0.0,0.0,-0.2892252614851875,0.018019620358773566,0.056913714004984024,-0.0615367109709024,0.014290796546329958,-0.021931019477856424,0.3061317395011181,0,0,0,7.66598492503447,7.66598492503447,7.901846202212393,3.0302115086837347
backward,14.44,-0.30000000000000004,0.0,0.0,-0.31473964569365587,0.017979045749451302,0.050930534103719005,-0.0024280210086921614,0.010902782119006877,-0.022443792042489967,0.3071056445661828,0,0,0,7.297287207218695,7.297287207218695,7.886456531214357,2.688280297390043
backward,14.46,-0.30000000000000004,0.0,0.0,-0.34321025668448496,0.017669733184753508,0.033938383093331574,0.08849946712698277,0.004326881626221552,-0.02146557596376667,0.3078661910692982,0,0,0,6.993973807225452,6.993973807225452,7.89208700904144,3.821272207940747
backward,14.48,-0.30000000000000004,0.0,0.0,-0.36016393836917904,0.014961816724720082,0.06582654990411411,0.17401290091373176,-0.003554314598446721,-0.019256145811335206,0.30863119683175694,0,1,0,6.335225825432206,6.335225825432206,7.890149319755508,5.840744887052666
backward,14.5,-0.30000000000000004,0.0,0.0,-0.3546602728576627,0.0016978450997975172,0.09006359423809256,0.26854905605982127,-0.0049791172518725765,-0.02035475998972686,0.31016873203606043,0,1,0,5.290162972003881,5.290162972003881,7.875370020905319,1.6836940899530142
backward,14.52,-0.30000000000000004,0.0,0.0,-0.3311499114861317,-0.010216968002494786,0.07291191603751779,0.29773290756771653,-0.006032129211241854,-0.02219355629405942,0.31167329963026114,0,0,0,6.6576232555150785,6.6576232555150785,7.861360313565093,3.6979042505419977
backward,14.540000000000001,-0.30000000000000004,0.0,0.0,-0.31540445465624717,-0.004380966872331334,0.05302665967024597,0.22104463329932125,-0.0069212334510523905,-0.0239324747930251,0.31272603681776756,0,0,0,7.312131062826512,7.312131062826512,7.848078446724163,3.6979042505419977
backward,14.56,-0.30000000000000004,0.0,0.0,-0.321064186620959,0.0014503171561464493,0.049586647151350215,0.13054277042123752,-0.00594725516440504,-0.022730458639993945,0.3135255103152067,0,0,0,7.242088190582728,7.242088190582728,7.8354851023235454,5.906355135240982
backward,14.58,-0.30000000000000004,0.0,0.0,-0.3385120300238507,-0.0031355539283126795,0.05901599726948835,0.024622265401521078,-0.0020158832929512835,-0.017735366991964773,0.31443968222001767,0,0,0,7.167557068315954,7.167557068315954,7.823543236746559,6.619553623454012
backward,14.6,-0.30000000000000004,0.0,0.0,-0.3599810133275572,-0.015151315341627024,0.06081312871070124,-0.048848721975595276,0.0038350124992634583,-0.011481097473620043,0.31554635750401827,0,0,0,6.988390759326892,6.988390759326892,7.812217934275388,5.487707437618711
backward,14.620000000000001,-0.30000000000000004,0.0,0.0,-0.37958629744271477,-0.029853761895184534,0.0453125522932469,-0.060470116791835365,0.010753900297113045,-0.007076259528607488,0.31655158454427657,0,0,0,6.433466694411202,6.433466694411202,7.801476271454188,3.358919311929127
backward,14.64,-0.30000000000000004,0.0,0.0,-0.391098716133085,-0.04035503816933473,0.013356639622827461,-0.029405032737442997,0.018664386164170533,-0.006117830177191271,0.3170663448930438,0,0,0,6.6971252962624845,6.6971252962624845,7.844637477918187,2.866288325246852
backward,14.66,-0.30000000000000004,0.0,0.0,-0.3936152064583279,-0.039657417632306166,-0.03025221683860665,-0.029019665916035987,0.023116119152229952,-0.007451901461756541,0.316827082357977,0,0,0,7.778747120624667,7.778747120624667,7.883749563913902,4.42359249780319
backward,14.68,-0.30000000000000004,0.0,0.0,-0.38707738632344896,-0.028079471546279253,-0.09628016450545193,-0.07129739445261192,0.022862499149043525,-0.008846864504348538,0.3154905699323504,0,0,0,8.211872040953251,8.211872040953251,7.883942298911542,5.609936347040118
backward,14.700000000000001,-0.30000000000000004,0.0,0.0,-0.36886511804045996,-0.009901626953751514,-0.19053520105070648,-0.1386807731968874,0.0190931112942343,-0.010518734765313047,0.3125548110925526,0,0,0,8.274001587454936,8.274001587454936,7.862833088902704,6.654044136951132
backward,14.72,-0.30000000000000004,0.0,0.0,-0.33910344622859095,0.006957873236449463,-0.1839803768169138,-0.030124399817033867,0.01595576177999621,-0.011407327898294812,0.30838348195046605,0,1,0,7.565974888497609,7.565974888497609,7.838525379796501,6.935777610952991
backward,14.74,-0.30000000000000004,0.0,0.0,-0.30787409395043214,0.027854457669403334,-0.11784689060007851,0.1453763996495055,0.01357257008363387,-0.012161015929880323,0.30531784772918485,0,0,0,8.033285780057623,8.033285780057623,7.823157740610366,6.617304747692958
backward,14.76,-0.30000000000000004,0.0,0.0,-0.30327040773198094,0.04284097497862286,-0.035309882549308426,0.3337515697989225,0.008784265657764566,-0.014154111585517548,0.3037768964128193,0,0,0,8.893579807753577,8.893579807753577,7.823826433361884,6.9945608676624635
backward,14.780000000000001,-0.30000000000000004,0.0,0.0,-0.3235051734887828,0.054007475570450186,0.006079417105957309,0.4639310185614332,0.0014949775912075963,-0.01495507304621043,0.30336470393857895,0,0,0,8.56079960144708,8.56079960144708,7.845625773948065,7.482016748217716
backward,14.8,-0.30000000000000004,0.0,0.0,-0.3485406455787907,0.06927761507607991,0.01961331260735652,0.37943298971610284,-0.005780622483779929,-0.013813131856892051,0.3034958984076408,0,0,0,8.322127933496438,8.322127933496438,7.918933261421184,5.9568588505193745
backward,14.82,-0.30000000000000004,0.0,0.0,-0.36271010876847026,0.08429509080040094,0.017441694151706596,0.23676520240381255,-0.013963441526569762,-0.01399153793748577,0.303723118619084,0,0,0,8.481236780278904,8.481236780278904,8.047967370499322,3.195100392841359
backward,14.84,-0.30000000000000004,0.0,0.0,-0.37482042494821893,0.09396702256770764,0.008874754279633038,0.12146520655340848,-0.021038269478916228,-0.015915229201961378,0.30381587163825297,0,0,0,8.853535369761751,8.853535369761751,8.029494448443867,2.415029882388297
backward,14.86,-0.30000000000000004,0.0,0.0,-0.388506285378165,0.09544215055534884,-0.004167265723155459,0.07874592544899434,-0.025525079776226946,-0.01765428756392336,0.303678997082365,0,0,0,9.09216973879054,9.09216973879054,7.974245060820795,2.656538002088862
backward,14.88,-0.30000000000000004,0.0,0.0,-0.3998908658140218,0.08733477631130657,-0.0324738495323692,0.09060120054050892,-0.028363235847240497,-0.016950652009062532,0.303147876550717,0,0,0,8.941039061869331,8.941039061869331,7.906209369771986,2.9673809450897863
backward,14.9,-0.30000000000000004,0.0,0.0,-0.40266516452723056,0.0793860755525648,-0.07196256909668974,0.12082895861423834,-0.033930950900111084,-0.011624384102835549,0.3018958768383258,0,1,0,8.572792341717209,8.572792341717209,7.841722972121307,3.9960770879670218
backward,14.92,-0.30000000000000004,0.0,0.0,-0.3807271016230105,0.04934597973108564,-0.03383468586742196,0.14878816009564133,-0.0374400158020013,-0.004946098557427323,0.30076773958515873,0,0,0,7.795173831328074,7.795173831328074,7.791608901012697,2.9201318749735368
backward,14.94,-0.30000000000000004,0.0,0.0,-0.3483270279195302,0.018402429678392448,0.00093054792752482,0.2038919558683697,-0.037030739995840625,-0.00330642500135358,0.30039700752413884,0,0,0,7.304050714031,7.304050714031,7.776582069859803,2.8050197273398525
backward,14.96,-0.30000000000000004,0.0,0.0,-0.32237458960951115,0.008948387763477537,0.032857886472933966,0.21374893188324695,-0.03878477475497211,-0.006211223415190308,0.30072724591723077,0,0,0,7.9430302181863714,7.9430302181863714,7.806879527544041,5.330025778730406
backward,14.98,-0.30000000000000004,0.0,0.0,-0.310331957497129,0.009442359837962093,0.0590266870212596,0.19764114159453725,-0.04182351124437561,-0.008503109392708201,0.3016012119955202,0,0,0,7.83443625087092,7.83443625087092,7.845643570666709,5.35413815949861
backward,15.0,-0.30000000000000004,0.0,0.0,-0.32006663812393105,0.019608699732536473,0.07104675031119016,0.14583670866831833,-0.045758275943116315,-0.007648997664027689,0.30274969651775085,0,0,0,7.314810693243272,7.314810693243272,7.932684856772433,5.751120019634262
left,15.02,0.0,0.30000000000000004,0.0,-0.3423691365633189,0.025412186080696737,0.07393742141389563,0.12938293739241094,-0.04829042331444064,-0.003463402964897364,0.30410111158214825,0,0,0,7.568956069118264,7.568956069118264,7.980825409554743,5.284377461991166
left,15.040000000000001,0.0,0.30000000000000004,0.0,-0.3643023136376542,0.024499307960254693,0.06347660651095642,0.19938661130207158,-0.04782457308956345,-8.451366169426372e-05,0.3054212908367413,0,0,0,7.308326481420158,7.308326481420158,8.109807185226018,3.7836508127289905
left,15.06,0.0,0.30000000000000004,0.0,-0.3767928456078612,0.0275415370252076,0.038182762988313364,0.2751851835285249,-0.04340748649922231,-0.0007585007943020719,0.3063818148531299,0,0,0,6.884105585684235,6.884105585684235,8.167347321038598,2.87833914151441
left,15.08,0.0,0.30000000000000004,0.0,-0.37675299008026947,0.042085332241908836,-0.0003097085357720913,0.2916186435576325,-0.03856437693549596,-0.00534905025205811,0.3066949747226986,0,0,0,7.88585955149878,7.88585955149878,8.153811845759389,2.87833914151441
left,15.1,0.0,0.30000000000000004,0.0,-0.35652270798650076,0.059165231232312425,-0.03602534973366888,0.2867241977514513,-0.032971829333327304,-0.011413258298278777,0.3060940154353427,0,0,0,8.963491179216852,8.963491179216852,8.124995024813177,2.3471142933077447
left,15.120000000000001,0.0,0.30000000000000004,0.0,-0.3010270096289844,0.06363616935276907,-0.07072299363477574,0.19883396266275885,-0.017898748879623796,-0.01075388829230052,0.3049195174436065,0,0,0,9.223535032390023,9.223535032390023,8.097741043680603,4.015416614913883
left,15.14,0.0,0.30000000000000004,0.0,-0.23472662622348434,0.0744682952622208,-0.05198014057221355,0.19060890832007368,-0.011877472088913136,-0.007057421164231447,0.30346530556036466,0,1,0,8.309168895702648,8.309168895702648,8.04999755822817,4.015416614913883
left,15.16,0.0,0.30000000000000004,0.0,-0.17491468194047785,0.0866066492195911,-0.024026908157437046,0.2956187013581677,-0.012956117571641881,-0.007674942694834675,0.30279981042502324,0,1,0,8.54042067115896,8.54042067115896,8.003650340639702,8.162105584685307
left,15.18,0.0,0.30000000000000004,0.0,-0.14219248157746534,0.11723354781923404,0.01815905316981241,0.2839687386634063,-0.01792604084492583,-0.009441202435948006,0.3028412019083313,0,0,0,8.684265788459891,8.684265788459891,8.001879495797112,3.2505782486869235
left,15.200000000000001,0.0,0.30000000000000004,0.0,-0.12456068320690651,0.13541315643562102,0.031195487885844045,0.3959150262665821,-0.02352871771008444,-0.012348042312422461,0.3032605810607693,0,0,0,8.86087451965507,8.86087451965507,7.952298244906576,4.911701553176677
left,15.22,0.0,0.30000000000000004,0.0,-0.1158521150026643,0.14515352923974795,0.025262215976402255,0.4371381375546883,-0.028334780328824114,-0.01606279236576191,0.30372058742885966,0,0,0,8.858527116454292,8.858527116454292,7.897966494302789,4.911701553176677
left,15.24,0.0,0.30000000000000004,0.0,-0.11636011632066644,0.15683703059787465,0.018752064272524977,0.36322468212595244,-0.03226775959546232,-0.019206033381689403,0.30408875391143697,0,0,0,8.911690867365015,8.911690867365015,7.840586713354806,4.756582809514839
left,15.26,0.0,0.30000000000000004,0.0,-0.12018649283778084,0.17291173307786373,0.01732197064959671,0.265072592464719,-0.03613309529429037,-0.02079830415189518,0.3043563977765278,0,0,0,8.91843014597861,8.91843014597861,7.7816399224393535,4.351930311296301
left,15.280000000000001,0.0,0.30000000000000004,0.0,-0.12232998402724862,0.18896545761544292,0.011141879299774024,0.22240705648536857,-0.038614495141477904,-0.02220913897670161,0.3045061625607284,0,0,0,9.01603115559491,9.01603115559491,7.7226565899700645,4.149517429876698
left,15.3,0.0,0.30000000000000004,0.0,-0.11828168786610692,0.20686214564513947,0.007843839296490622,0.22626189316911838,-0.04303995132862097,-0.022009014253327755,0.3045234466515245,0,0,0,8.97794758892582,8.97794758892582,7.660970133669018,5.063483838087582
left,15.32,0.0,0.30000000000000004,0.0,-0.10463311045145722,0.21779802163550016,-0.027313143794353054,0.3161115256568081,-0.050599101637192515,-0.018205770093829954,0.3040647981456563,0,0,0,8.882433892696987,8.882433892696987,7.601251687172354,2.7975749573742874
left,15.34,0.0,0.30000000000000004,0.0,-0.08540495185187175,0.23077683319200876,-0.0809907886192022,0.4183194658585851,-0.059915289687216,-0.008992694963729649,0.30269562536415967,0,1,0,8.676409546549367,8.676409546549367,7.545252225144836,2.9733470001836944
left,15.36,0.0,0.30000000000000004,0.0,-0.08244358013512794,0.2060757929784435,-0.04871699584025113,0.21552589266920097,-0.061201101895906544,-0.0007776378041606654,0.30111651992669464,0,1,0,8.079051889749318,8.079051889749318,7.499292092374276,3.077019886254371
left,15.38,0.0,0.30000000000000004,0.0,-0.07750141317657819,0.16516400837342535,-0.025665048208176118,-0.15972601192388874,-0.0611394112262515,0.0052272463954599726,0.30020718584330375,0,0,0,9.903558523721227,9.903558523721227,7.4748137208119125,4.995142596358931
left,15.4,0.0,0.30000000000000004,0.0,-0.06683039358486428,0.13009783397493968,0.009787571897057652,-0.3778459228913208,-0.06278285808589443,0.006794151679267904,0.2998628068830589,0,0,0,10.499697821272347,10.499697821272347,7.493816948122241,7.426779190415858
left,15.42,0.0,0.30000000000000004,0.0,-0.05589770288712178,0.1129324036430462,0.019145716612603433,-0.44028998920182266,-0.06325466828731863,0.004686480257244125,0.30012288940509463,0,0,0,9.00617613357332,9.00617613357332,7.532015675140251,5.548732751842593
left,15.44,0.0,0.30000000000000004,0.0,-0.06044037132313223,0.11594135604528236,0.015573221908467334,-0.38912531486972607,-0.057024431079950484,-2.1741390385725293e-05,0.3003743088356939,0,0,0,7.559770132736568,7.559770132736568,7.5995315158612335,5.379044913015066
left,15.46,0.0,0.30000000000000004,0.0,-0.06656505379848483,0.13644216266807244,-0.0030305799759221125,-0.3712151266871919,-0.04158352279708237,-0.005420440163523791,0.30030390141037155,0,0,0,7.720103742921176,7.720103742921176,7.713782478196698,4.113698789994206
left,15.48,0.0,0.30000000000000004,0.0,-0.06335683360489884,0.15461785089406324,-0.027087378980788057,-0.34933108518117123,-0.019341922703814886,-0.010325973845618515,0.29988290328863965,0,0,0,8.439298998543595,8.439298998543595,7.836907683282174,2.632115851404611
left,15.5,0.0,0.30000000000000004,0.0,-0.05203331402378539,0.17150468871250063,-0.0630792161813526,-0.32963526664423026,0.00250088610428675,-0.015362574386641592,0.298908800483208,0,0,0,9.066637066646736,9.066637066646736,7.8921924012260725,2.576152617919349
left,15.52,0.0,0.30000000000000004,0.0,-0.04035993223301677,0.19345125879943648,-0.09092538444788519,-0.3908928652494631,0.010236559681406842,-0.020302434419313266,0.2972329287453073,0,0,0,8.350322352638155,8.350322352638155,7.889688982621575,3.008225348352913
left,15.540000000000001,0.0,0.30000000000000004,0.0,-0.023339103850350366,0.22695215646549197,-0.1154805297086231,-0.46699667271327533,-0.010727446655428042,-0.030968963646358972,0.29517789739729694,0,0,0,6.843389265759586,6.843389265759586,7.874933681992626,2.957316761661361
left,15.56,0.0,0.30000000000000004,0.0,-0.013540724366644307,0.2286703402895889,-0.07891579729727882,-0.17625266222241573,-0.032083902464540064,-0.038368076888576866,0.29292033535288575,0,1,0,7.822925888653508,7.822925888653508,7.86094666819513,3.843849901980976
left,15.58,0.0,0.30000000000000004,0.0,0.0004642564128733973,0.19785927012420562,-0.03816570960644824,0.2396132870200847,-0.045017551370784954,-0.03263498184866367,0.29168899528189185,0,1,0,8.471938457466193,8.471938457466193,7.847686266521318,2.000744097394527
left,15.6,0.0,0.30000000000000004,0.0,0.009164436362279949,0.18158832321645335,0.0008890199810501504,0.3952081475475939,-0.0587162304939592,-0.023015989993880468,0.29110562183684535,0,0,0,9.079671939467733,9.079671939467733,7.813802673299705,4.641794091681019
left,15.620000000000001,0.0,0.30000000000000004,0.0,0.008508202765420338,0.18251384896373468,0.030534018154653002,0.3308238090468185,-0.07005612277569917,-0.013684801040164235,0.29113881233397515,0,0,0,7.9154349583988255,7.9154349583988255,7.752331323344048,9.030536316735484
left,15.64,0.0,0.30000000000000004,0.0,-0.006836896816332531,0.19366522693167934,0.04518155331972856,0.15089390553485782,-0.07535126381026616,-0.0078950324265138,0.291504810613661,0,0,0,8.077960206444155,8.077960206444155,7.722153155864646,9.457861391465372
left,15.66,0.0,0.30000000000000004,0.0,-0.027783275357827875,0.22189781308497258,0.042559543004760135,0.025272968883278714,-0.07239392383501467,-0.00340658569926523,0.2919832678671599,0,0,0,7.5259095751878675,7.5259095751878675,7.716015261996706,6.530629824120815
left,15.68,0.0,0.30000000000000004,0.0,-0.05399810191202424,0.2568445014910713,0.04865324553869594,-0.013079667133405238,-0.06337679144072801,0.0010431546175478012,0.2925221548954265,0,0,0,7.539039377036082,7.539039377036082,7.710188688114837,4.463315871056785
left,15.700000000000001,0.0,0.30000000000000004,0.0,-0.07469257104743102,0.2888400022075345,0.04777246477355279,0.01810078539372174,-0.054928197497673886,0.005797903979748955,0.2931689703229967,0,0,0,7.474360340333148,7.474360340333148,7.704657358291087,4.360309173530209
left,15.72,0.0,0.30000000000000004,0.0,-0.08390678281715354,0.30898969540061105,0.02187387785995691,0.0744060215706365,-0.04820962200493612,0.01074895811079955,0.2935067847226209,0,0,0,7.783144918673042,7.783144918673042,7.707714736152379,4.076536149697186
left,15.74,0.0,0.30000000000000004,0.0,-0.095524158423696,0.291662492598861,0.0111105319589418,0.03578495841985751,-0.04410169690900385,0.01585488990650342,0.2934310171348095,0,0,0,8.134585249200123,8.134585249200123,7.701462252679349,3.8134283578268837
left,15.76,0.0,0.30000000000000004,0.0,-0.10525135390392178,0.2393922508632701,0.007900582346398989,-0.061874399879874274,-0.04477098697587741,0.01935727305693351,0.29339575617797925,0,1,0,7.743793326892653,7.743793326892653,7.683113148519762,3.8134283578268837
left,15.780000000000001,0.0,0.30000000000000004,0.0,-0.1116568422695777,0.17864104588381488,0.018808082180735253,-0.1353357499512056,-0.04763485634378963,0.02198919200216878,0.2934738582621807,0,0,0,8.984747139279275,8.984747139279275,7.6718279551564095,5.561523861410254
left,15.8,0.0,0.30000000000000004,0.0,-0.10666893923568442,0.12602849665903376,0.029774872746413907,-0.04571351140942077,-0.048796383657988246,0.02190085055219447,0.29380107273595274,0,0,0,8.722455169610313,8.722455169610313,7.70119645956542,8.094664911234897
left,15.82,0.0,0.30000000000000004,0.0,-0.10053968241321588,0.09981044776768958,0.012938284762900334,0.11260257298411663,-0.04894167884077928,0.018367940295180223,0.29408026044333846,0,0,0,8.252095652161305,8.252095652161305,7.778446342931126,7.959003776517369
left,15.84,0.0,0.30000000000000004,0.0,-0.09643574750693594,0.09868639728801408,-0.0045596993574233075,0.2515553872158727,-0.045784530555796524,0.012568460645031495,0.2941247255137598,0,0,0,8.45576477868578,8.45576477868578,7.886839541069037,5.558195841840063
left,15.860000000000001,0.0,0.30000000000000004,0.0,-0.08687971495385376,0.12069073301041741,-0.018732082859522155,0.20426541125877717,-0.03601615279516779,0.006431170500699398,0.2937821691303259,0,0,0,9.691508914292758,9.691508914292758,8.004136265912148,2.8817889517600674
left,15.88,0.0,0.30000000000000004,0.0,-0.06846182904652838,0.1435919557660857,-0.022057613239251338,0.0021488576615066573,-0.02890094681277399,0.0027572994550939273,0.29323901181816553,0,0,0,9.796582618390538,9.796582618390538,8.051200367107963,4.086844049295948
left,15.9,0.0,0.30000000000000004,0.0,-0.047185980734305945,0.16412897964679452,-0.026753520874134164,-0.28170688658095583,-0.029481257011131242,-0.0015407633475564616,0.29269793638189306,0,0,0,9.11623854422047,9.11623854422047,7.952676130105388,3.5404216466563536
left,15.92,0.0,0.30000000000000004,0.0,-0.028915903162003008,0.19484511366463625,-0.03581423383608089,-0.6145891920168266,-0.0393055633597759,-0.008305200435437116,0.29203184354988443,0,1,0,8.221139017116272,8.221139017116272,7.875768099240801,3.9531115990813706
left,15.94,0.0,0.30000000000000004,0.0,-0.011177453222420424,0.18823351131465738,0.01932322118582326,-0.5792733148441082,-0.04481955926146033,-0.007883240324166301,0.291773075536839,0,1,0,7.604588801126677,7.604588801126677,7.838526557504686,2.6016346800495556
left,15.96,0.0,0.30000000000000004,0.0,0.00205634373681869,0.1708231533518442,0.04529376236572137,-0.442608203184487,-0.05106049374017082,0.0004602708111242631,0.2923012165506262,0,1,0,7.240460804355516,7.240460804355516,7.891950468938397,5.163325619706819
left,15.98,0.0,0.30000000000000004,0.0,0.00990904525881612,0.1551196616769895,0.057184802965138996,-0.27329321828988246,-0.057831159028862954,0.006878504736405684,0.29319006151075777,0,0,0,6.651119694334857,6.651119694334857,7.877077255912734,3.458623957652928
left,16.0,0.0,0.30000000000000004,0.0,0.001002031306589476,0.1490165977471626,0.07339949861808814,-0.2127369030997964,-0.0631537634154739,0.012171755851138286,0.294391735666339,0,0,0,6.713572768503792,6.713572768503792,7.86297874180417,3.352305003822452
left,16.02,0.0,0.30000000000000004,0.0,-0.0131311768595026,0.15936920530925214,0.06714641741485271,-0.2240000749721546,-0.06553340611832227,0.01651902373918123,0.29562561849381164,0,0,0,6.545987565831146,6.545987565831146,7.911994909617171,2.9453841005564794
left,16.04,0.0,0.30000000000000004,0.0,-0.03537819906105229,0.1805378593584133,0.04732396391907658,-0.21371477887486107,-0.06434139483172133,0.020393636527574293,0.2965322614867385,0,0,0,6.767173148712679,6.767173148712679,7.896074730186996,3.8128240397950353
left,16.06,0.0,0.30000000000000004,0.0,-0.05836158017421533,0.20648378197937486,0.02947218497775452,-0.15647014896964428,-0.05992316616796157,0.02367700424211952,0.29705288120701145,0,0,0,7.125195065788488,7.125195065788488,7.880986371258022,3.263976475154928
left,16.080000000000002,0.0,0.30000000000000004,0.0,-0.07659251092636675,0.23202044294547144,0.017514935264902304,-0.05476281703293243,-0.05231226862105743,0.026176559077242086,0.2973124710438954,0,0,0,7.449447239678758,7.449447239678758,7.876113214822439,2.6071576004856007
left,16.1,0.0,0.30000000000000004,0.0,-0.09116163230745084,0.2556541176875917,0.005065145942659185,0.06757954092586853,-0.04377136545064385,0.028411929219828307,0.2973641999558043,0,0,0,7.759166281799404,7.759166281799404,7.882576038419533,2.7539244919193364
left,16.12,0.0,0.30000000000000004,0.0,-0.09898004861054974,0.2766263870387616,-0.015030828765173686,0.22084307179857993,-0.03732657657715824,0.030969046737802753,0.2971272132704805,0,0,0,8.008448334413233,8.008448334413233,7.876740555897545,2.2727009583153355
left,16.14,0.0,0.30000000000000004,0.0,-0.11534954037543489,0.26590149245259587,-0.005500712938598296,0.264178502810108,-0.03179117235855884,0.03047600136136628,0.2968458718288964,0,1,0,7.779263883124391,7.779263883124391,7.8603809075083575,3.540145371073678
left,16.16,0.0,0.30000000000000004,0.0,-0.12651331091974985,0.24500972008394528,0.04409632317747872,0.18933583274570842,-0.037082966393426314,0.0296496792295045,0.2972569188929937,0,1,0,6.786219086688693,6.786219086688693,7.849385092926383,1.7368953327728014
left,16.18,0.0,0.30000000000000004,0.0,-0.12942819370395797,0.2057492413595461,0.05743698031618755,0.03411740705099011,-0.04479901096558431,0.03011196433977479,0.2982308190744151,0,0,0,8.468384360263085,8.468384360263085,7.876530099671566,1.7368953327728014
left,16.2,0.0,0.30000000000000004,0.0,-0.13460669298534603,0.17354174831632357,0.052287606556253065,-0.022781299426239937,-0.050196333688886076,0.028142040827661693,0.2991557112922663,0,0,0,8.119329367876162,8.119329367876162,7.961932504150976,5.1142916497752315
left,16.22,0.0,0.30000000000000004,0.0,-0.1435785216718158,0.15786933640565692,0.024451681585417894,0.040704910015950405,-0.052396986058826665,0.02363194713939943,0.2996803343805267,0,0,0,7.550041810498934,7.550041810498934,8.023572036199287,7.156994649745497
left,16.240000000000002,0.0,0.30000000000000004,0.0,-0.14943071830592514,0.1637400923927787,-0.0037347952568825334,0.040339491458275985,-0.04508658052147365,0.01718267273232949,0.2996120363251588,0,0,0,8.179861519617631,8.179861519617631,8.001762494283,7.623281254687462
left,16.26,0.0,0.30000000000000004,0.0,-0.14134914144020685,0.17514484771849764,-0.02733848267100719,0.021804884518815956,-0.030783397295979866,0.010967860914505984,0.2991004549424479,0,0,0,9.493615456963209,9.493615456963209,7.981112341473029,6.123294202777871
left,16.28,0.0,0.30000000000000004,0.0,-0.1259932994537722,0.18812429376682568,-0.03919659031024719,-0.10394540484574824,-0.02526182303653614,0.005224612416315214,0.2982343658679415,0,0,0,9.882554070953333,9.882554070953333,7.97717630977203,5.201530531207753
left,16.3,0.0,0.30000000000000004,0.0,-0.10885433520324941,0.20212807782451428,-0.041243800078881857,-0.3127371774854974,-0.03330364674713566,-0.0025682279047403406,0.2973406273197524,0,0,0,9.499676943427437,9.499676943427437,7.87390878174055,3.510644578961819
left,16.32,0.0,0.30000000000000004,0.0,-0.0927319409204529,0.20516414907988118,-0.0006983912236266081,-0.33490086752498155,-0.04832525526684028,-0.009927698416989124,0.2966341768518581,0,1,0,8.173252339492588,8.173252339492588,7.782142909396992,3.0858639137685513
left,16.34,0.0,0.30000000000000004,0.0,-0.060490756986482284,0.17483455898073422,0.04622798189617811,-0.12217033572507324,-0.0583214620093841,-0.005109549455437118,0.29699565364925135,0,1,0,7.058044957947977,7.058044957947977,7.72977157414029,1.754447846033912
left,16.36,0.0,0.30000000000000004,0.0,-0.027921737075059468,0.1453262220047534,0.047719226089568606,0.03747408858465896,-0.0694352990812805,0.0035949852620888313,0.29778078822014703,0,1,0,8.77081550228101,8.77081550228101,7.800937843452921,4.561354682942207
left,16.38,0.0,0.30000000000000004,0.0,-0.014830185451468554,0.12208380276697561,0.051543876540734265,0.06597617311185121,-0.07896605109087941,0.011071041107086402,0.29856761150684674,0,0,0,6.954259446396236,6.954259446396236,7.790776436648773,3.610514265616151
left,16.4,0.0,0.30000000000000004,0.0,-0.01886352752155404,0.1175913282364881,0.04910241500647055,0.009352828595159674,-0.0850091823088616,0.016000274405088537,0.2993194643044313,0,0,0,6.274847198048298,6.274847198048298,7.781136840553678,6.00884928740186
left,16.42,0.0,0.30000000000000004,0.0,-0.03251732752016398,0.12819996136164397,0.03378557470103907,-0.06565957646990218,-0.08387043242727323,0.019251336286811693,0.29985321868069925,0,0,0,6.634808451994342,6.634808451994342,7.771991471873193,6.74942651681309
left,16.44,0.0,0.30000000000000004,0.0,-0.049161668967959184,0.15290023347090592,0.015708535836008987,-0.07581831150887079,-0.07614906607113132,0.02143600014592138,0.30003030518736745,0,0,0,7.124225230711161,7.124225230711161,7.81732884530194,5.357080749214534
left,16.46,0.0,0.30000000000000004,0.0,-0.06399556254748136,0.1795295261961612,0.006182636475483802,-0.05338298119253515,-0.062119695669994666,0.02158228337303717,0.29998651155285216,0,0,0,7.6335009170903865,7.6335009170903865,7.947617152665906,2.8177580889098155
left,16.48,0.0,0.30000000000000004,0.0,-0.07753682535975939,0.2013031422593584,0.0001932919009798896,-0.011257663279411426,-0.044484722053280766,0.019663030118680085,0.29985577588066986,0,0,0,8.105849294323685,8.105849294323685,8.018894242927285,2.954134676681342
left,16.5,0.0,0.30000000000000004,0.0,-0.0873304816022163,0.21821692486527036,-0.008816681739455606,0.04182478372137868,-0.028138592623895953,0.017538312928300204,0.2996454717883112,0,0,0,8.493297399545916,8.493297399545916,7.998605105290704,2.234216448872189
left,16.52,0.0,0.30000000000000004,0.0,-0.09295729174596001,0.23236226078827765,-0.020139790172292064,0.13801376406238977,-0.01777294858420343,0.01643383443229886,0.2992467156805576,0,0,0,8.314211372350178,8.314211372350178,7.9609084306809805,2.731368389411191
left,16.54,0.0,0.30000000000000004,0.0,-0.09623625807366981,0.24451838813928065,-0.012089343797403257,0.2384830706860178,-0.022209725927558415,0.019816409328757594,0.29879661713064437,0,1,0,7.152938646853177,7.152938646853177,7.92665713646857,2.686377580586198
left,16.56,0.0,0.30000000000000004,0.0,-0.1012438690227736,0.2327778153343594,0.020628261401003774,0.11542082294731114,-0.025187649250237285,0.02159967213657133,0.2988954772061366,0,1,0,6.778647379949326,6.778647379949326,7.928677741478758,1.8179762817617637
left,16.580000000000002,0.0,0.30000000000000004,0.0,-0.10169409926480152,0.20332884813320948,0.02672302000129511,-0.06759228917163095,-0.029861139735757464,0.02200424672022304,0.2993133798177303,0,0,0,8.56765971625817,8.56765971625817,7.984934025725497,2.164178280540811
left,16.6,0.0,0.30000000000000004,0.0,-0.10873778651607949,0.18120910162155532,0.02697741845652003,-0.08059210067752434,-0.033452349403517434,0.0190878847726137,0.29967364946199126,0,0,0,8.177326981409585,8.177326981409585,8.057074797917458,7.245179209999115
left,16.62,0.0,0.30000000000000004,0.0,-0.12140454614358143,0.17216565597023578,0.008975204751646329,0.007705568915713976,-0.03360768815148126,0.014444007561230975,0.2997646547367971,0,0,0,9.497122134739442,9.497122134739442,8.033476443779431,10.726585220765521
left,16.64,0.0,0.30000000000000004,0.0,-0.13229479423529386,0.17667401059519403,-0.011982686499318941,0.010456473847662375,-0.027495655425600216,0.008768405036496563,0.2994507837156888,0,0,0,8.13837064422107,8.13837064422107,8.011139062695559,10.43724133078819
left,16.66,0.0,0.30000000000000004,0.0,-0.1316005484437451,0.18355490730452179,-0.02780953838909464,-0.0450837113871245,-0.021312472452530002,0.00242360682018004,0.29885344049079815,0,0,0,8.990318285328069,8.990318285328069,7.989990945065241,8.188859672534333
left,16.68,0.0,0.30000000000000004,0.0,-0.12032102843155601,0.19135049082006894,-0.03996333077426681,-0.17458198950905063,-0.02434046772935303,-0.006659791674898322,0.2980790405186888,0,0,0,9.486010360831104,9.486010360831104,7.933615485158828,5.811278455985418
left,16.7,0.0,0.30000000000000004,0.0,-0.11361795588076465,0.21287913324171412,-0.038571401638256855,-0.3639747367509552,-0.03662393177822597,-0.01806796075242519,0.2972017084852937,0,0,0,9.33842936528653,9.33842936528653,7.851242793132403,4.908573634881485
left,16.72,0.0,0.30000000000000004,0.0,-0.1002333579299519,0.17993467901355828,0.013614725601487356,-0.19719520344344388,-0.043073866017304306,-0.018819916695058232,0.2968584051619412,0,1,0,7.46693425015707,7.46693425015707,7.768918192631329,4.004975922803624
left,16.740000000000002,0.0,0.30000000000000004,0.0,-0.0714177557841991,0.14181534766967674,0.02321697694718789,-0.07541063271260598,-0.051846871563062676,-0.00897568484642503,0.29713571498804536,0,1,0,7.199793938666607,7.199793938666607,7.7566304097054655,2.088577387686577
left,16.76,0.0,0.30000000000000004,0.0,-0.04326827953505745,0.10889644766173368,0.01391310904999151,0.07059233392617292,-0.06182120987963346,0.002549393389911061,0.2973398959487595,0,0,0,9.12957472831198,9.12957472831198,7.842438978704017,4.861753775436294
left,16.78,0.0,0.30000000000000004,0.0,-0.033960002406283406,0.08580773622941765,0.02080162029719594,0.12489489746169892,-0.06930297472698137,0.012061364221275612,0.29761842471916944,0,0,0,6.297776743625393,6.297776743625393,7.838768525557917,4.01416284279255
left,16.8,0.0,0.30000000000000004,0.0,-0.05143189547835127,0.08141547914146748,0.03754666416193843,0.12507939317847003,-0.07279372962809508,0.019788092678227266,0.2981407972303301,0,0,0,6.472719955651836,6.472719955651836,7.8266569286052,5.847132418306646
left,16.82,0.0,0.30000000000000004,0.0,-0.08030407105877121,0.09791934686712503,0.03964830773390045,0.08389856858073662,-0.0691012826415794,0.025906668863187363,0.2987989341887391,0,0,0,6.911402363935302,6.911402363935302,7.8722980242257705,6.596385691408743
left,16.84,0.0,0.30000000000000004,0.0,-0.11097743533610668,0.1316565098727728,0.02138693623693725,0.07759089631276607,-0.059932065413399446,0.030078882625758828,0.2992805756313799,0,0,0,7.091514039816201,7.091514039816201,7.966914265055408,5.4542575896703145
left,16.86,0.0,0.30000000000000004,0.0,-0.13591656712318373,0.16846431389153252,0.004766713514767915,0.06923437826001873,-0.045281230830347456,0.030383673442304086,0.2994293726705724,0,0,0,6.786986944305379,6.786986944305379,8.065978227829152,2.6085506210449383
left,16.88,0.0,0.30000000000000004,0.0,-0.15108534964771975,0.19564372286558362,-0.012127390006046818,0.07168346118314464,-0.02707116890432136,0.026080928006757636,0.2993069327134498,0,0,0,7.991152832359337,7.991152832359337,8.059233681373513,2.3831563361127057
left,16.9,0.0,0.30000000000000004,0.0,-0.1576862948893538,0.21412492701309788,-0.011547972576180423,0.10594089723693748,-0.011978666856560237,0.02071257597600524,0.29897511508051416,0,0,0,9.044915294791913,9.044915294791913,8.048230334331699,2.806358524035723
left,16.92,0.0,0.30000000000000004,0.0,-0.14435868816207953,0.23874385943943144,0.0026615926382875027,0.19625358110480953,-0.013124830997993334,0.02159691652976631,0.29896767239466643,0,0,0,8.897353065415551,8.897353065415551,7.989471876251059,2.2902251949545853
left,16.94,0.0,0.30000000000000004,0.0,-0.1285765592759729,0.26091485825884825,0.009929818569192457,0.24312728263085645,-0.02249536712940798,0.027242230675658265,0.299007338965192,0,1,0,7.889688732822101,7.889688732822101,7.926258647684531,2.3147769652120744
left,16.96,0.0,0.30000000000000004,0.0,-0.11864952356473994,0.25299361796121067,0.030964575747908094,0.11448189103635849,-0.026302344093933543,0.029182103368433215,0.29943736481914685,0,1,0,6.691894927708355,6.691894927708355,7.897850297232459,1.6593335000894167
left,16.98,0.0,0.30000000000000004,0.0,-0.11284577654833705,0.22799383619669927,0.033140545671362424,-0.046026681132396136,-0.030944123164007485,0.027240140893571848,0.29997256460798777,0,0,0,7.6380268154685504,7.6380268154685504,7.920560673926502,5.879907045622029
left,17.0,0.0,0.30000000000000004,0.0,-0.10940435076228693,0.20764570635387616,0.03427498027971565,-0.01756882837779409,-0.03342168393054105,0.02374840606386052,0.3005223670269874,0,0,0,7.428897120964609,7.428897120964609,7.944266032592154,6.84313680934107
left,17.02,0.0,0.30000000000000004,0.0,-0.10962013956733847,0.20302974059377757,0.009212914625129685,0.05786504833284289,-0.03313712975370277,0.018681428658650443,0.30070591124528084,0,0,0,7.3473435191299,7.3473435191299,7.926653214421197,8.866777992150292
left,17.04,0.0,0.30000000000000004,0.0,-0.11380476676761908,0.20940325806066815,-0.01560706192281359,0.09637060184883034,-0.029577805982977195,0.012786935113759385,0.30037531880727586,0,0,0,8.008215275184217,8.008215275184217,7.909965277096763,8.078219081368372
left,17.06,0.0,0.30000000000000004,0.0,-0.11045414693467856,0.21710493679919976,-0.033815950262797365,0.07717799163916686,-0.024848727931378104,0.006104286373278687,0.2996590597252593,0,0,0,8.874776643855483,8.874776643855483,7.894151262369281,5.067982606224206
left,17.080000000000002,0.0,0.30000000000000004,0.0,-0.1003587818517868,0.22693775495080395,-0.03942153699792439,-0.08016301178812085,-0.02935126300368065,-0.002981934490904614,0.29874968786217165,0,0,0,9.233836856765144,9.233836856765144,7.842607169749904,4.575005873976075
left,17.1,0.0,0.30000000000000004,0.0,-0.08509535281199505,0.21518770995055259,0.016339012959722392,-0.052686875876638554,-0.038947878432082354,-0.01023426815061378,0.29825507624300057,0,0,0,8.291049711538726,8.291049711538726,7.768672977302817,3.504844672225374
left,17.12,0.0,0.30000000000000004,0.0,-0.05343484271233283,0.17812008475128635,0.0631256484251303,0.008349478272499038,-0.047267037692886066,-0.008103100603018477,0.2989337052202852,0,1,0,7.784018474728464,7.784018474728464,7.721431322848414,3.655750671212509
left,17.14,0.0,0.30000000000000004,0.0,-0.01021562063586381,0.13719218970251368,0.07204109575899234,0.039407642462852624,-0.05725017322788943,-0.0024054975382094123,0.3001816024475584,0,1,0,7.909984065588445,7.909984065588445,7.767842158109087,1.7304268491193167
left,17.16,0.0,0.30000000000000004,0.0,0.017177777128630993,0.10303356144289165,0.06985141650631196,0.05081359565680248,-0.06649076129861216,0.004027642780888461,0.30137486104211914,0,0,0,7.270776430388475,7.270776430388475,7.799950672047416,5.4476167102369875
left,17.18,0.0,0.30000000000000004,0.0,0.022969833911674575,0.08649273201376353,0.06546381715803794,-0.04449817456302314,-0.07254603861648114,0.010487715075847096,0.3024375802618434,0,0,0,7.278009537483117,7.278009537483117,7.789839996048986,7.795147148156367
left,17.2,0.0,0.30000000000000004,0.0,0.016849010524363946,0.0935172635612716,0.047959710405297944,-0.1184035070546157,-0.07265539493096898,0.016712847114784404,0.30322829643260707,0,0,0,8.23321947853364,8.23321947853364,7.780248445379268,9.901523298260331
left,17.22,0.0,0.30000000000000004,0.0,-0.00042522268186899996,0.12094590107131895,0.02387071390244177,-0.11822945712998253,-0.06846211935679448,0.020775417399588433,0.3036596587925182,0,0,0,6.7122971473021735,6.7122971473021735,7.7413071083776615,8.990518750129638
left,17.240000000000002,0.0,0.30000000000000004,0.0,-0.019234071189621716,0.1539880252427562,0.012335629038587615,-0.06608839715523193,-0.060118765716590375,0.02205951054608575,0.3037623871702438,0,0,0,6.7268194196092645,6.7268194196092645,7.76116604998796,5.446352104630002
left,17.26,0.0,0.30000000000000004,0.0,-0.03540266818462033,0.18190870577304832,0.01051328343335392,0.004824309390732831,-0.04741818013429949,0.020970922058420775,0.3037936711843916,0,0,0,7.45041426249087,7.45041426249087,7.8808990691875955,2.9881420201425124
left,17.28,0.0,0.30000000000000004,0.0,-0.048503243727281695,0.20473303389094183,0.008931763297164948,0.08691975477753477,-0.033377188533457613,0.01914210976127963,0.30382172009071007,0,0,0,7.960407711185827,7.960407711185827,8.017515114718591,3.79678308453406
left,17.3,0.0,0.30000000000000004,0.0,-0.05674449619465399,0.224880390577871,-0.0007980538608766833,0.17074643089323596,-0.023415992038577024,0.01864833111594401,0.3037810085837261,0,0,0,7.909374859627427,7.909374859627427,8.079010027521708,3.3306873117322278
left,17.32,0.0,0.30000000000000004,0.0,-0.05892196071760878,0.24532938866744602,-0.023606582359555112,0.27112356237185437,-0.021082108729321425,0.020832210788178183,0.3034430944358432,0,0,0,7.106310932681162,7.106310932681162,8.06103839267363,3.008874121725756
left,17.34,0.0,0.30000000000000004,0.0,-0.05883535834453541,0.2678260969839006,-0.06191097116210499,0.3217159389416843,-0.028941205758284856,0.028117906375046308,0.302455155520254,0,1,0,5.893131976359913,5.893131976359913,8.068911364278868,3.0956232114962203
left,17.36,0.0,0.30000000000000004,0.0,-0.07324461943515796,0.25693461644951776,-0.04111163277117241,0.09511066184679498,-0.03264997485310996,0.034745028816544864,0.3013373151801753,0,1,0,7.491491362502073,7.491491362502073,8.085955939068782,3.0956232114962203
left,17.38,0.0,0.30000000000000004,0.0,-0.09002253547856792,0.23275280961496114,-0.029424371679932497,-0.1992127459441052,-0.03777351981183152,0.038254890995796716,0.30057783997395093,0,0,0,9.725236554473405,9.725236554473405,8.060807916471727,3.744038531029605
left,17.400000000000002,0.0,0.30000000000000004,0.0,-0.11271277651812246,0.20065059194754756,0.006661352100571357,-0.2536254722195184,-0.03858578028951825,0.037039382016192494,0.3002487774804451,0,0,0,10.765022586805674,10.765022586805674,7.97750343503958,9.092654521636424
left,17.42,0.0,0.30000000000000004,0.0,-0.132798514383278,0.18995615909349464,0.009119067777485963,-0.23077951326844687,-0.03414727633482387,0.031256851111502934,0.300219980468765,0,0,0,8.824081195948429,8.824081195948429,7.822010451043489,9.54971138694975
left,17.44,0.0,0.30000000000000004,0.0,-0.1420321965322659,0.19025869486285318,0.0011213672127541605,-0.17985555128470077,-0.026266694355434998,0.025156888970380722,0.30019823799368023,0,0,0,8.116344224886051,8.116344224886051,7.747312030409695,7.170578880516683
left,17.46,0.0,0.30000000000000004,0.0,-0.14062165459233666,0.19447012552447207,-0.015893948914860304,-0.14336886803980212,-0.022177678110084968,0.018825758001870013,0.299921589819397,0,0,0,8.583892882549625,8.583892882549625,7.737543989146804,4.022454085146437
left,17.48,0.0,0.30000000000000004,0.0,-0.12836150766635077,0.20151080938068522,-0.03743711424517954,-0.1524511968870027,-0.02783542817051479,0.009020114885994046,0.29928757761347574,0,0,0,9.090215424745743,9.090215424745743,7.7486506933130705,3.881595302517133
left,17.5,0.0,0.30000000000000004,0.0,-0.11820073174819583,0.21984608345131065,-0.051719756153522686,-0.2783814548660162,-0.039752984674554064,-0.0031565561554951723,0.298292287802393,0,0,0,9.394091268748113,9.394091268748113,7.768934172637074,3.492827734419473
left,17.52,0.0,0.30000000000000004,0.0,-0.10606341866102598,0.20551546226107145,0.00647296014891932,-0.1822453375609701,-0.049943351882417907,-0.008904632121056417,0.2975650951310882,0,0,0,7.704114339716524,7.704114339716524,7.785059958610223,4.031340304174822
left,17.54,0.0,0.30000000000000004,0.0,-0.0743976958008017,0.16373060247027418,0.038369059194522076,-0.07179156876012398,-0.056663051929215016,-0.00276399614263071,0.2978855081583431,0,1,0,7.215700416079984,7.215700416079984,7.7930883666156205,1.6675614708787265
left,17.56,0.0,0.30000000000000004,0.0,-0.038953258836531585,0.11934913892021326,0.03697066589755311,-0.012669909056712631,-0.06433852977177873,0.005047259398530689,0.29850292629484365,0,0,0,7.989457441663418,7.989457441663418,7.803336117398889,5.148904143080034
left,17.580000000000002,0.0,0.30000000000000004,0.0,-0.02296332562726769,0.09057131757897267,0.03655511799052685,-0.06551626648406254,-0.07111999765131473,0.012597208561466906,0.2990669891968259,0,0,0,7.256575371317453,7.256575371317453,7.850496736225253,5.148904143080034
left,17.6,0.0,0.30000000000000004,0.0,-0.02556588207549189,0.08834300333919286,0.03452701157922429,-0.18891039880904104,-0.07708159127547652,0.017387746189882133,0.299527364339331,0,0,0,7.261465228936808,7.261465228936808,7.856649977738936,6.777765044888188
left,17.62,0.0,0.30000000000000004,0.0,-0.03666536660545382,0.1079521895235392,0.02304671087588149,-0.20553146510545728,-0.07716666827696188,0.0201139372338539,0.299840788338561,0,0,0,7.566138070455888,7.566138070455888,7.8436124588441345,7.270363237793097
left,17.64,0.0,0.30000000000000004,0.0,-0.057315325329418736,0.13649814354483267,0.017206215669369508,-0.14327779523124645,-0.06865038776099329,0.021548612366215657,0.3000037711157895,0,0,0,7.804086934771112,7.804086934771112,7.831250299318533,7.418014666161271
left,17.66,0.0,0.30000000000000004,0.0,-0.07579476348095934,0.1652489440386769,0.015443436912792076,-0.044379510592829796,-0.05257546538184069,0.020736998951486164,0.30013430489592213,0,0,0,8.010769344525379,8.010769344525379,7.905213450285579,5.506475228908627
left,17.68,0.0,0.30000000000000004,0.0,-0.092182110649711,0.18962650296702183,0.013206366411543243,0.06431884681826172,-0.03345192082013989,0.017791671331225403,0.30028602878079846,0,0,0,8.2586844735561,8.2586844735561,7.99906653181889,3.2968296101787233
left,17.7,0.0,0.30000000000000004,0.0,-0.10288051112217841,0.20730303743435222,0.009330887504511326,0.21684758572379575,-0.021261788054271175,0.015319213721741052,0.30041837846091757,0,0,0,8.51301325729747,8.51301325729747,7.978559417514777,3.1480152180844225
left,17.72,0.0,0.30000000000000004,0.0,-0.10242812761295225,0.2246120620268548,-0.0033364944101639408,0.41183267172817295,-0.018544804309080048,0.015324933070979712,0.3004276634646034,0,0,0,8.189422927736178,8.189422927736178,7.959138340118869,2.432117983568105
left,17.740000000000002,0.0,0.30000000000000004,0.0,-0.09731618951922935,0.24575957720289698,-0.0287988163560019,0.5284048579979724,-0.02499534042197095,0.020317123876568016,0.30003232768254307,0,1,0,6.9852354373805,6.9852354373805,7.940742528985556,2.405858996965822
left,17.76,0.0,0.30000000000000004,0.0,-0.09856445402206385,0.2374868170946888,-0.01847523936467428,0.35897300721871644,-0.02871121904111525,0.024957132141780292,0.2995099044696488,0,1,0,6.601129854272687,6.601129854272687,7.92331494391841,2.405858996965822
left,17.78,0.0,0.30000000000000004,0.0,-0.09989942025565024,0.21299689168793726,-0.01280208296620295,0.10182352406159303,-0.03367478188218666,0.027055239942710824,0.2990840591186903,0,0,0,8.808646361303333,8.808646361303333,7.906802012918035,3.0572126041785026
left,17.8,0.0,0.30000000000000004,0.0,-0.10769712803270211,0.18852385150072187,-0.0008902045388993361,-0.01924411117468262,-0.03566337978296754,0.02449961635975634,0.2987919309798303,0,0,0,10.088004802992764,10.088004802992764,7.869308859064628,7.376727867488486
left,17.82,0.0,0.30000000000000004,0.0,-0.12012336006303204,0.17664803303069504,0.0045216427205808565,0.0016354303305424062,-0.03470919682172064,0.019235823492208308,0.29879302169615835,0,0,0,8.703896278635558,8.703896278635558,7.761369834328278,8.363202438285905
left,17.84,0.0,0.30000000000000004,0.0,-0.1297369792704518,0.1797601502923896,-0.006131858643395934,0.019499178259188787,-0.031109175859390586,0.01301539726004446,0.2986655081915594,0,0,0,8.281852956978355,8.281852956978355,7.698523318325634,7.062290656824814
left,17.86,0.0,0.30000000000000004,0.0,-0.1272918926114285,0.18877995695165684,-0.024496700935334174,0.012915100085890025,-0.026114026492909687,0.006598444763176886,0.2982643042724973,0,0,0,9.039841392704359,9.039841392704359,7.684846928903667,3.807908560714714
left,17.88,0.0,0.30000000000000004,0.0,-0.11750501698871796,0.19977476399879043,-0.04548060850864111,-0.07203949309632303,-0.025958160472622716,-0.0005180512953549712,0.29745105954750733,0,0,0,9.270970124298172,9.270970124298172,7.694152322434615,4.138435975199528
left,17.900000000000002,0.0,0.30000000000000004,0.0,-0.10936831529214501,0.21765149618093152,-0.046403948709680745,-0.24184812918629145,-0.036193432459683164,-0.009853715265721638,0.29641965385315927,0,0,0,9.210438755128695,9.210438755128695,7.69941901155341,4.274809009234358
left,17.92,0.0,0.30000000000000004,0.0,-0.09283198810093403,0.19003219713143382,0.0149995713290942,-0.0746546525695677,-0.04521245041169134,-0.011988248074454408,0.29600929609359156,0,1,0,7.975552909464502,7.975552909464502,7.697358908518112,2.6810675351321125
left,17.94,0.0,0.30000000000000004,0.0,-0.06148483980403395,0.1568991714138091,0.044779342681133136,0.03303436443388698,-0.05596294202108776,-0.006519411748342754,0.29648432969206323,0,1,0,7.388367389769411,7.388367389769411,7.6880844216633974,2.481447457407734
left,17.96,0.0,0.30000000000000004,0.0,-0.030222160454388372,0.1267720673732257,0.039399610760504515,0.09564133722881794,-0.06727536208530124,3.077577268552291e-05,0.2971838085474578,0,1,0,8.984675570222295,8.984675570222295,7.689791345748215,5.205301040817458
left,17.98,0.0,0.30000000000000004,0.0,-0.0115915485867778,0.10004803112957204,0.02764928455729595,0.04651391265669995,-0.07637849105786215,0.00581938935459531,0.29776069196603006,0,0,0,6.651799088856904,6.651799088856904,7.685291401514618,4.072883176120906
left,18.0,0.0,0.30000000000000004,0.0,-0.017851558498073707,0.08941704683613352,0.03179094387986251,-0.09879482743889254,-0.0812968960584509,0.009975765858572818,0.2981627240359781,0,0,0,6.908197659270381,6.908197659270381,7.751395897743109,5.6828298634520555
left,18.02,0.0,0.30000000000000004,0.0,-0.03162502375636845,0.09987392620811282,0.026981755079111342,-0.21454028068708522,-0.07822912133279829,0.011727820836430614,0.29844825721464097,0,0,0,7.317002239127831,7.317002239127831,7.826810308537901,6.301166763430186
left,18.04,0.0,0.30000000000000004,0.0,-0.05236766028573955,0.12170752251750797,0.01698367745138596,-0.21876483219160908,-0.06828133385947988,0.012212615262167149,0.29867373681762255,0,0,0,7.602378436992717,7.602378436992717,7.950162324642982,5.3843609896174085
left,18.06,0.0,0.30000000000000004,0.0,-0.07511432108401643,0.15070234627132165,0.015722702365157843,-0.13290019156713037,-0.05160335554481244,0.011951961395128519,0.29883843382769265,0,0,0,7.7804958594044304,7.7804958594044304,7.9322393017746045,3.0152596758131978
left,18.080000000000002,0.0,0.30000000000000004,0.0,-0.09362914188073232,0.17572529232133155,0.018594165716367392,0.007820912037518342,-0.03430489534031512,0.010241133676554123,0.29907789087226594,0,0,0,7.957008468864382,7.957008468864382,7.915258309762503,3.1810766057233546
left,18.1,0.0,0.30000000000000004,0.0,-0.0965332054537444,0.19961391931236008,0.03266005465484732,0.20096430302311383,-0.026049425897766054,0.008898203337066537,0.29956523328975176,0,0,0,8.078757537301993,8.078757537301993,7.899167358456715,2.9090192681469826
left,18.12,0.0,0.30000000000000004,0.0,-0.08521005624067307,0.22485268469173172,0.032372399030225735,0.3915649122266247,-0.0259679316551435,0.010216844817855014,0.3001718715961201,0,0,0,7.6249552987300255,7.6249552987300255,7.883917576755277,2.1297915328543713
left,18.14,0.0,0.30000000000000004,0.0,-0.06972315053634036,0.25486795888456404,0.005350565606753975,0.5349305066580392,-0.03319384539193334,0.015003304946325449,0.30044888269328407,0,0,0,6.575756190526955,6.575756190526955,7.869463000441044,2.2008248247275533
left,18.16,0.0,0.30000000000000004,0.0,-0.06215833060651062,0.26490592675091523,-0.012790389968141585,0.4823330471406132,-0.04164670963830452,0.020845308904851752,0.3000503516375989,0,1,0,6.004086736481999,6.004086736481999,7.855760376916358,2.3880068978552744
left,18.18,0.0,0.30000000000000004,0.0,-0.061954350418678986,0.2386587295003757,-0.009076161623101927,0.21073230529112505,-0.04699605905380817,0.02186981886612872,0.29964062317586776,0,0,0,7.95415695062017,7.95415695062017,7.842768985252736,1.8379568073749935
left,18.2,0.0,0.30000000000000004,0.0,-0.0694571899815555,0.20788678029402916,0.0022163541891718668,0.025344176723387322,-0.05082924030584157,0.018909797890931508,0.29941380842882437,0,0,0,9.301793731509841,9.301793731509841,7.83045047014371,5.5816215785332375
left,18.22,0.0,0.30000000000000004,0.0,-0.08298752836262399,0.18748686391349026,0.015967346516008504,0.022557440518727632,-0.05079255412979332,0.012513989698777176,0.29947436787945264,0,0,0,8.22811208637528,8.22811208637528,7.7611820906020235,9.362942020396353
left,18.240000000000002,0.0,0.30000000000000004,0.0,-0.09327721366661022,0.18091972008700585,0.011912419049006372,0.11403214187695511,-0.04555227790788409,0.005265397232269028,0.2995261114340743,0,0,0,8.38558243469632,8.38558243469632,7.72526259344372,9.723455603712265
left,18.26,0.0,0.30000000000000004,0.0,-0.09328817956063848,0.1925699347590533,-0.010974204703361183,0.09793140059303558,-0.03338677139680908,-0.0032110945571137105,0.2992568815245483,0,0,0,9.48143491623455,9.48143491623455,7.718966868052899,6.889974594647114
left,18.28,0.0,0.30000000000000004,0.0,-0.08839412151924295,0.2077364392440452,-0.031357942836062434,-0.0639927019910026,-0.022554464320059732,-0.010500138023523536,0.2986365695412997,0,0,0,9.666792512694368,9.666792512694368,7.752676715026254,4.992273924321042
left,18.3,0.0,0.30000000000000004,0.0,-0.07973378976694666,0.2063915445744756,-0.0017326503903979974,-0.16775560417973576,-0.023873054413777486,-0.01644693361650664,0.2980616232289644,0,0,0,8.875545099204357,8.875545099204357,7.742761087144281,3.903719945175517
left,18.32,0.0,0.30000000000000004,0.0,-0.06134985807140945,0.1742454181564259,0.027143433258761177,-0.2133101072373219,-0.024029988131261178,-0.012666791540083693,0.29826232132645897,0,1,0,7.3259817031128005,7.3259817031128005,7.66630924858276,4.217422880142171
left,18.34,0.0,0.30000000000000004,0.0,-0.03616109775534451,0.14113367697021198,0.032104036865306225,-0.272592468992558,-0.02747078140558284,-0.005033303545733586,0.2988111103561436,0,1,0,6.471457013673166,6.471457013673166,7.687833155824752,3.162581755204788
left,18.36,0.0,0.30000000000000004,0.0,-0.01427529575541122,0.1120630625139698,0.016718054039772338,-0.26461754338546695,-0.033956717720225946,0.0023948824238738185,0.2992240561179332,0,1,0,7.456167434739224,7.456167434739224,7.764622020008964,4.716949899751195
left,18.38,0.0,0.30000000000000004,0.0,-0.013700040048566257,0.0965012399779289,0.022138929900222922,-0.3034157379593106,-0.04174615151245984,0.00829912754428558,0.29951934569689953,0,0,0,6.858070821170808,6.858070821170808,7.756321596029622,3.475253848925612
left,18.400000000000002,0.0,0.30000000000000004,0.0,-0.02930185375408525,0.09865433188959498,0.03329916337836441,-0.32065322478096514,-0.049101113671481594,0.013601134603985512,0.2999206140292637,0,0,0,7.249164395383417,7.249164395383417,7.748444997540986,6.328673696914284
left,18.42,0.0,0.30000000000000004,0.0,-0.04932386786421882,0.11952337870758682,0.02876512827601321,-0.24328078212764795,-0.0548346827499063,0.018417534058980774,0.30032036638591186,0,0,0,7.539041356409011,7.539041356409011,7.740970059940434,6.392404196666589
left,18.44,0.0,0.30000000000000004,0.0,-0.07141262378870682,0.14541490001305313,0.026147590071746222,-0.15469610796641292,-0.058069401597516834,0.02192861390995149,0.30065924547620476,0,0,0,7.772566836824535,7.772566836824535,7.7732947276186515,5.121496287239562
left,18.46,0.0,0.30000000000000004,0.0,-0.0900459300347946,0.16944055085048332,0.023543079739391386,-0.09268299688658868,-0.05731332424277543,0.023263798117490315,0.3009696149817801,0,0,0,8.080177557334943,8.080177557334943,7.898960412588956,3.258784135161192
left,18.48,0.0,0.30000000000000004,0.0,-0.10410218261077339,0.19070393084692777,0.015524091973889893,-0.037303908351256604,-0.052990796837248375,0.022958764661074205,0.3011781861858369,0,0,0,8.440474876732736,8.440474876732736,8.04028293573123,2.966028743620089
left,18.5,0.0,0.30000000000000004,0.0,-0.11366856825580743,0.2091925312846762,0.00378760054144439,0.031256846965130425,-0.0478213229981349,0.022508121046913784,0.30120640837293466,0,0,0,8.692562167265738,8.692562167265738,8.063488318523735,2.365387632936616
left,18.52,0.0,0.30000000000000004,0.0,-0.1201220177230563,0.22693451914426158,-0.01636049744230075,0.16086943053935324,-0.04349219327178685,0.022775280132765613,0.3009544326200148,0,0,0,8.694091134556645,8.694091134556645,8.014503015876464,2.9392831297569924
left,18.54,0.0,0.30000000000000004,0.0,-0.13322019340289976,0.215068688105772,-0.007826313521655795,0.19434760713587212,-0.03414230070379022,0.0194717153937219,0.30069393986560267,0,1,0,8.192495495905725,8.192495495905725,7.963858720021541,3.003392719446683
left,18.56,0.0,0.30000000000000004,0.0,-0.13389959366864979,0.20468517871423525,0.026347342887144416,0.12185798023003665,-0.0338940943738532,0.017828915843567623,0.30089953526951946,0,1,0,6.576843656006792,6.576843656006792,7.9315006942525095,1.548516355781739
left,18.580000000000002,0.0,0.30000000000000004,0.0,-0.12395397191077624,0.18105981817026529,0.020435028626397664,0.013614623787692993,-0.03703642690146123,0.019655813748256652,0.3013430144908911,0,0,0,8.355132298035157,8.355132298035157,7.9502928851565144,6.016449111900671
left,18.6,0.0,0.30000000000000004,0.0,-0.11934973114748404,0.1644618769637079,0.009756787951787856,-0.030211070234301404,-0.039193030403459374,0.019631847351182164,0.301485132880187,0,0,0,8.529321033177519,8.529321033177519,8.023151901533033,6.016449111900671
left,18.62,0.0,0.30000000000000004,0.0,-0.12353829453294016,0.15395283768757756,-0.004070094993874748,0.031508397864640346,-0.03928364158705348,0.017080815051976037,0.30136991943860125,0,0,0,8.336192879147545,8.336192879147545,7.977872334067843,6.064539702698319
left,18.64,0.0,0.30000000000000004,0.0,-0.12939606806750648,0.16025983408672548,-0.02168066635780522,0.005268116660947417,-0.0351715712311468,0.011972365579237114,0.3008883897960182,0,0,0,8.22636209096983,8.22636209096983,7.93918731345844,5.761480264581146
left,18.66,0.0,0.30000000000000004,0.0,-0.12399753870052785,0.168857740333266,-0.03400881744838837,-0.022493664553519248,-0.028965116628396983,0.006048633078031295,0.30018171345268363,0,0,0,9.311329639961412,9.311329639961412,7.919196557840436,4.0329064271281725
left,18.68,0.0,0.30000000000000004,0.0,-0.1114790655939939,0.18105269485077877,-0.04751703699366734,-0.07621075428899544,-0.02668769737628555,-0.0003507339432748371,0.29922068329312623,0,0,0,9.790580482181094,9.790580482181094,7.90244339625762,2.720196393736927
left,18.7,0.0,0.30000000000000004,0.0,-0.09957536016529847,0.19632183158715621,-0.05642686388673873,-0.22285273607695238,-0.030091160158540197,-0.006619032649110303,0.2980456179915358,0,0,0,9.624668900669239,9.624668900669239,7.80358971575934,2.3939765575286502
left,18.72,0.0,0.30000000000000004,0.0,-0.08690066733859803,0.20140005595992147,-0.037621388073860895,-0.3121357595354119,-0.04150386571119785,-0.0107123820637372,0.2967684131451592,0,1,0,8.418431387327441,8.418431387327441,7.70662568667364,3.459843127095641
left,18.740000000000002,0.0,0.30000000000000004,0.0,-0.06276959660110089,0.17649419847423412,0.017153608669568898,-0.1593927142796017,-0.05237517360598579,-0.004791455630144229,0.296478222947606,0,1,0,7.503793982747968,7.503793982747968,7.646184036061616,1.6764887379079265
left,18.76,0.0,0.30000000000000004,0.0,-0.03546244561595566,0.15500529329092966,0.040193105775037916,-0.03390935328256223,-0.06503901850670506,0.003507522338673828,0.29693241810459675,0,1,0,9.074676876774326,9.074676876774326,7.706831967203318,5.095576131289606
left,18.78,0.0,0.30000000000000004,0.0,-0.01893996521355679,0.13629391643509636,0.049558611240213296,-0.008716729273260542,-0.07590173276325131,0.008126064768900779,0.29770895108515755,0,0,0,7.3269820218872965,7.3269820218872965,7.770540444865468,3.8246391444001757
left,18.8,0.0,0.30000000000000004,0.0,-0.023891537391618325,0.13067244382925566,0.05397527132724762,-0.06561617451763324,-0.08128021440938839,0.010387353125297144,0.29851169940223565,0,0,0,7.410664903927348,7.410664903927348,7.825989337128213,6.249380999615845
left,18.82,0.0,0.30000000000000004,0.0,-0.03713033838608507,0.13953061379617623,0.03950567191811925,-0.1287659381715493,-0.07749791009336249,0.011472275392806743,0.2991162687035722,0,0,0,7.582203164044575,7.582203164044575,7.8987915787376615,6.1925546215143275
left,18.84,0.0,0.30000000000000004,0.0,-0.055410243546025396,0.1634820726357451,0.018047404846641725,-0.09351254557906391,-0.06693017472756534,0.012417915940936233,0.2993514809932738,0,0,0,7.712381661917966,7.712381661917966,7.989598513730467,4.792736455869747
left,18.86,0.0,0.30000000000000004,0.0,-0.07566993410323766,0.18846344330205028,0.013171827662974023,0.002283483265957923,-0.052922224842803706,0.012022684975504223,0.29940302464634183,0,0,0,8.067603635537116,8.067603635537116,8.077319574875624,3.084442500140657
left,18.88,0.0,0.30000000000000004,0.0,-0.08196762939181845,0.21072403425122754,0.01982461261302609,0.19468375916040379,-0.04403382435536022,0.010981220602175299,0.29962531540617326,0,0,0,8.276453478429636,8.276453478429636,8.083273116534059,3.552307217024496
left,18.900000000000002,0.0,0.30000000000000004,0.0,-0.0755181200890776,0.23323536715185358,0.026578087250918897,0.3636565345902371,-0.04096956231893079,0.010599154261543755,0.299984341047259,0,0,0,8.448080226576941,8.448080226576941,8.052631582519467,3.3569549922689808
left,18.92,0.0,0.30000000000000004,0.0,-0.05443761313729051,0.25780219199531385,0.021203958195770662,0.5433475599197936,-0.04385899451193854,0.013283613573577373,0.30030096321575234,0,0,0,8.10960837982991,8.10960837982991,8.009162278896124,2.5518140126689035
left,18.94,0.0,0.30000000000000004,0.0,-0.039729064630008866,0.26351112332598803,0.02034772506167966,0.5549889682917885,-0.04681183053893809,0.0175289265472709,0.30042309107450627,0,1,0,7.073628830216601,7.073628830216601,7.979322138686445,2.5481818507793133
left,18.96,0.0,0.30000000000000004,0.0,-0.02816884893965257,0.24228897321898046,0.017249330660920652,0.3569966000469419,-0.047294426368337535,0.019287796824764065,0.3005960239304853,0,0,0,7.115045036043165,7.115045036043165,7.987483905917834,1.5144330191976314
left,18.98,0.0,0.30000000000000004,0.0,-0.021265037271525924,0.2121194833899398,0.022000166656983764,0.20352432677575397,-0.04808147413660482,0.018715765741277333,0.3007173734802141,0,0,0,8.968986251022798,8.968986251022798,7.988446674073398,5.000267826024877
left,19.0,0.0,0.30000000000000004,0.0,-0.02057657762903151,0.19204703224256292,0.027728210840299597,0.17350580236045782,-0.04880639533227517,0.013933516952663792,0.30092964991263754,0,0,0,8.502253048454078,8.502253048454078,7.968502418330381,9.201004194450107
left,19.02,0.0,0.30000000000000004,0.0,-0.024725590328066097,0.17980848766784896,0.023256733115157018,0.24616930151661454,-0.0503225925067513,0.007308140221813851,0.3012103845349641,0,0,0,8.109445774898784,8.109445774898784,7.937994880080151,9.338953337069764
left,19.04,0.0,0.30000000000000004,0.0,-0.033121876123643416,0.1857567157513729,0.006538073293865656,0.2616946460857972,-0.05103267110861566,-0.002285148919630027,0.30125785860201115,0,0,0,8.536271902027735,8.536271902027735,7.910847055137825,7.225634907311742
left,19.06,0.0,0.30000000000000004,0.0,-0.036493881918767686,0.20042439767365602,-0.0039872593949730455,0.19819625965658164,-0.050088343892566285,-0.012393355648911315,0.3010587862888264,0,0,0,9.164270853271791,9.164270853271791,7.894986921157564,4.067357435792041
left,19.080000000000002,0.0,0.30000000000000004,0.0,-0.03529857505219994,0.2190530972051116,-0.013629491647624338,0.0800363567792233,-0.05127181006646735,-0.020903000275628518,0.30064599476935844,0,0,0,9.272477046711115,9.272477046711115,7.831314784895461,3.207691128298327
left,19.1,0.0,0.30000000000000004,0.0,-0.03454174267417917,0.23056285596922063,-0.006987209222159152,-0.046263555920442574,-0.05525292859736243,-0.027211927501027636,0.30008483118076645,0,0,0,8.580496583957144,8.580496583957144,7.75388880276547,3.9531266258367195
left,19.12,0.0,0.30000000000000004,0.0,-0.030071290889578123,0.20514860320848743,0.02574778245428335,0.021343598768211448,-0.060345069010571566,-0.02466907218711806,0.3000262971245647,0,0,0,8.335975513067513,8.335975513067513,7.700945643317471,2.2538610480232606
left,19.14,0.0,0.30000000000000004,0.0,-0.020802770682332185,0.17197552365243718,0.044202596243505546,0.05196314259009824,-0.07122422592298883,-0.018286240067869015,0.3004981242899521,0,1,0,7.541762872837944,7.541762872837944,7.7305705938528355,1.6097245174076404
left,19.16,0.0,0.30000000000000004,0.0,-0.020185111720961997,0.13850117143256,0.04987120695298977,0.06936992927099209,-0.08219447969968051,-0.012830145367604826,0.30121704506607744,0,1,0,6.159000865562246,6.159000865562246,7.787142293931378,1.6028572950788769
left,19.18,0.0,0.30000000000000004,0.0,-0.028264275583538147,0.1137838946251217,0.05120517824684779,0.01777887957826538,-0.09250324636285773,-0.008930849589359552,0.30199248840797,0,0,0,6.704899758108734,6.704899758108734,7.777689112305826,2.8759724972176595
left,19.2,0.0,0.30000000000000004,0.0,-0.04282669923729288,0.10485079421208693,0.04809577303846859,-0.10937435551640243,-0.10039737937609922,-0.005512959575019732,0.30262514228592186,0,0,0,7.230389056637231,7.230389056637231,7.768720324611479,6.7111344964893025
left,19.22,0.0,0.30000000000000004,0.0,-0.05794948567282657,0.11540460832578305,0.02835876385293548,-0.18223834399614242,-0.10520944255097138,-0.0023476303650596716,0.30303898228502074,0,0,0,7.625194285419652,7.625194285419652,7.760210429305559,7.077792513731609
left,19.240000000000002,0.0,0.30000000000000004,0.0,-0.07322247256104371,0.14721644597383074,0.018904358965242757,-0.14617144637512372,-0.09810307377236852,0.0004271560665985044,0.3031147376507007,0,0,0,7.770167062384808,7.770167062384808,7.7742304314373705,5.676723116490979
left,19.26,0.0,0.30000000000000004,0.0,-0.0894885802795049,0.1776964078400315,0.017431320334186966,-0.08751795315726849,-0.08080810926323426,6.089579176302664e-06,0.3031440912735337,0,0,0,8.036288799688565,8.036288799688565,7.896708403310409,3.3272691027918544
left,19.28,0.0,0.30000000000000004,0.0,-0.10629713080272803,0.2022652270458386,0.014540621659974213,-0.007436249852253798,-0.058933544928676126,-0.003134952314045041,0.30317714078352254,0,0,0,8.295755526599443,8.295755526599443,8.006047193498748,2.9837950185845465
left,19.3,0.0,0.30000000000000004,0.0,-0.12165265212474631,0.2199063008666012,0.005680737202540576,0.09822114290394303,-0.03813035925960188,-0.007138441305247422,0.3031646345397,0,0,0,8.599524100437192,8.599524100437192,7.975547426858284,2.397633345170246
left,19.32,0.0,0.30000000000000004,0.0,-0.12863279834153338,0.2287588178567257,-0.006491840376088388,0.2607084775863541,-0.028069924748256522,-0.008993293369310694,0.3029669759327417,0,0,0,8.92049016440231,8.92049016440231,7.932952680167713,2.8923652738527905
left,19.34,0.0,0.30000000000000004,0.0,-0.12221013721736693,0.2361427847822601,-0.033211346790559246,0.4315196913928113,-0.031438456909695614,-0.003656722619687729,0.30244115212079015,0,0,0,8.542926514394933,8.542926514394933,7.874058057629295,2.7180334795827807
left,19.36,0.0,0.30000000000000004,0.0,-0.1162562736356578,0.23469705945094058,-0.05217231947451447,0.43992334584007864,-0.03885357523007069,0.008188631756985804,0.30123491941750713,0,1,0,7.557439611990382,7.557439611990382,7.825926396156174,3.3034177736147488
left,19.38,0.0,0.30000000000000004,0.0,-0.11230863862583239,0.19750048667003453,-0.036508080179665635,0.23222463455551717,-0.03858261666757775,0.01523448975182334,0.3002222962086523,0,0,0,8.767202625361673,8.767202625361673,7.81721285154552,2.5678161595053184
left,19.400000000000002,0.0,0.30000000000000004,0.0,-0.11273913741279473,0.154386434361669,-0.007589077550603064,0.14211231062185709,-0.036071144757993195,0.016178538654479234,0.2995436657924704,0,0,0,10.160293141785859,10.160293141785859,7.851454971163118,7.710402312946072
left,19.42,0.0,0.30000000000000004,0.0,-0.1156927090973405,0.13289866640006914,0.002240349205207572,0.11943255897573576,-0.032888271189088734,0.012181473351482739,0.29939011219975215,0,0,0,8.684667670458055,8.684667670458055,7.913951020867767,8.906719389770169
left,19.44,0.0,0.30000000000000004,0.0,-0.12467184690005016,0.13408711634668466,-0.006705847704511055,0.1337461186743119,-0.027408554320361975,0.005835068120724959,0.2992562646088982,0,0,0,8.88741690280281,8.88741690280281,7.913600834120576,7.646945434130243
left,19.46,0.0,0.30000000000000004,0.0,-0.12324904655976915,0.1441913405906746,-0.02055395023954008,0.11643478943752719,-0.018650709834240862,-0.000991797396195349,0.2989031809502251,0,0,0,9.78223215339019,9.78223215339019,7.903191187165973,4.417219725652362
left,19.48,0.0,0.30000000000000004,0.0,-0.11253396167536708,0.1573971410493594,-0.03955925851641271,0.061551982687718096,-0.012297686616609354,-0.007176883118287973,0.29822657955650556,0,0,0,10.044265100187504,10.044265100187504,7.841315869929538,3.0113122912889416
left,19.5,0.0,0.30000000000000004,0.0,-0.10129914769147542,0.16897918998984254,-0.057293711313214375,-0.08517645516129303,-0.012342670096580317,-0.012091064713721705,0.2972091365528108,0,0,0,9.74859039590393,9.74859039590393,7.727737616307358,2.772440850290808
left,19.52,0.0,0.30000000000000004,0.0,-0.09030039975472896,0.18864987069295905,-0.06181539193173793,-0.30793655749164156,-0.028773208749191103,-0.01783830028602473,0.29598655576102445,0,0,0,8.895465267780295,8.895465267780295,7.621536372565902,3.5899039489481144
left,19.54,0.0,0.30000000000000004,0.0,-0.08164570007388841,0.19112817666579876,-0.02563954646236092,-0.30034171926129277,-0.04986080747130434,-0.020614668999715383,0.2947831644536939,0,1,0,7.182464774445837,7.182464774445837,7.5571356488947465,3.6308237674283363
left,19.56,0.0,0.30000000000000004,0.0,-0.07217404846522164,0.1776108119182955,0.01546008321256823,-0.18178483447372729,-0.06526194915448157,-0.012406903232941208,0.2945542537031815,0,1,0,7.0664989603571176,7.0664989603571176,7.547351824031757,1.8812981198299341
left,19.580000000000002,0.0,0.30000000000000004,0.0,-0.06518474261265024,0.16041311730402824,0.02453206808667669,-0.1031959007400703,-0.07991895092619151,-0.0038040638193319733,0.29469610668925,0,1,0,6.877847956474707,6.877847956474707,7.611206151875379,4.1908306766268915
left,19.6,0.0,0.30000000000000004,0.0,-0.06567534691926678,0.15318383365276636,0.03418953067654505,-0.13949057166418885,-0.09093734291113316,0.0016926407671344736,0.29500899078628706,0,0,0,7.417758227901741,7.417758227901741,7.610648127655356,3.7059349447725243
left,19.62,0.0,0.30000000000000004,0.0,-0.0767757063193,0.15730390619364004,0.032861089826269965,-0.24916572496492354,-0.09332305752572004,0.004356735830171339,0.29532907079879583,0,0,0,7.893500913312882,7.893500913312882,7.610117915027917,5.032004984393442
left,19.64,0.0,0.30000000000000004,0.0,-0.0946289888162235,0.1722471710925961,0.020271149512784616,-0.29752145536451774,-0.08506240950448182,0.005791880685574298,0.2954619984570856,0,0,0,8.306794670659503,8.306794670659503,7.686654444296465,4.7953418596980315
left,19.66,0.0,0.30000000000000004,0.0,-0.11248375102779164,0.19478324089711202,0.007647563562118718,-0.25772361705169167,-0.06997944223120629,0.0064905796642880055,0.29539872999711186,0,0,0,8.563471066401544,8.563471066401544,7.819999942804085,3.1914666654050516
left,19.68,0.0,0.30000000000000004,0.0,-0.1293429070242268,0.21442349925273269,0.0014860154444226743,-0.17327347987784064,-0.05101994258111434,0.005309756843260961,0.2952407652787726,0,0,0,8.858921996825083,8.858921996825083,7.891959972276908,2.6393951682503616
left,19.7,0.0,0.30000000000000004,0.0,-0.14092846160504838,0.2284439992197841,0.00024353578198226151,-0.03997155490025255,-0.035531527976921086,0.0031542918291843376,0.2950452369829778,0,0,0,9.142638256166912,9.142638256166912,7.838314724034721,2.485421727644279
left,19.72,0.0,0.30000000000000004,0.0,-0.1364105353055224,0.23748260229396495,-0.004640345944096515,0.19631172224138924,-0.03203512658067657,0.0023930822664714963,0.29486364959022554,0,0,0,9.37917475436834,9.37917475436834,7.769433785521276,2.6291382261274463
left,19.740000000000002,0.0,0.30000000000000004,0.0,-0.12517093276530936,0.24824131052393067,-0.011812461609410595,0.4147629050244825,-0.037868337641049396,0.006378651654022068,0.29453098455134186,0,1,0,8.868344325464847,8.868344325464847,7.690797824713648,2.7704245832378307
left,19.76,0.0,0.30000000000000004,0.0,-0.11396796900989659,0.22910951219494008,0.007323317473182653,0.35639280679730667,-0.04021323387189378,0.010282168311325496,0.29437775673568894,0,1,0,7.683049087122422,7.683049087122422,7.628031616290041,1.8470449499048827
left,19.78,0.0,0.30000000000000004,0.0,-0.09931436194924478,0.19152237779028763,0.010535141889723586,0.18689336861075503,-0.040698203887495316,0.011809948246268834,0.29442337942480934,0,0,0,8.158482738891598,8.158482738891598,7.61377870173385,1.3177502279536681
left,19.8,0.0,0.30000000000000004,0.0,-0.09748019697961138,0.15640119543394074,0.017978319922605266,0.036321906428839895,-0.04146948660275249,0.009359004562575714,0.29457217309670614,0,0,0,9.331364802159412,9.331364802159412,7.653043783477905,5.887330361980422
left,19.82,0.0,0.30000000000000004,0.0,-0.10403586553066374,0.1271657542005286,0.0335874091184432,0.07973584728778225,-0.04070137949845542,0.004466856829627266,0.2949554966278828,0,0,0,8.211062118531707,8.211062118531707,7.735847286997757,9.52966254255547
left,19.84,0.0,0.30000000000000004,0.0,-0.10698050248701453,0.11875059277187254,0.014261431009099131,0.17144722313712635,-0.03827160452070074,-0.0019028794391505427,0.29523616691725996,0,0,0,7.896426290120609,7.896426290120609,7.778547500994037,9.96778367472367
left,19.86,0.0,0.30000000000000004,0.0,-0.10381703211408783,0.12130251417896735,-0.005136079414748368,0.2880071400885747,-0.03154518392486317,-0.008881390722481198,0.2951811177590819,0,0,0,9.197687513481462,9.197687513481462,7.769534758688803,7.608100543306994
left,19.88,0.0,0.30000000000000004,0.0,-0.09635756222887201,0.1390636135407586,-0.026874118199961994,0.20934506210091552,-0.02186747775151472,-0.01498040462709564,0.2946534770113022,0,0,0,9.706731192847199,9.706731192847199,7.783341298341384,4.143635613231971
left,19.900000000000002,0.0,0.30000000000000004,0.0,-0.08584972975086202,0.14119070766712938,-0.020032784193140085,0.050616744825862266,-0.01802581410864656,-0.015711168887466487,0.29397251991463264,0,0,0,8.868831987071824,8.868831987071824,7.688865627805111,4.057707226386004
left,19.92,0.0,0.30000000000000004,0.0,-0.06829584991906891,0.12221437429584171,0.0003260191543983811,-0.07076955848310827,-0.021924596520854298,-0.010426230482570693,0.29370920877867535,0,1,0,7.8526926212126344,7.8526926212126344,7.618714332892999,3.0848557809042054
left,19.94,0.0,0.30000000000000004,0.0,-0.044031319980705114,0.09785939706436748,0.018277359005883825,-0.19051695206037028,-0.028040589989845544,-0.0006744152677841281,0.29383904102632497,0,1,0,7.115440447165605,7.115440447165605,7.624317156485869,1.7098446876234357
left,19.96,0.0,0.30000000000000004,0.0,-0.023954024346681112,0.07837370587101117,0.03221912201495494,-0.27439498998094436,-0.03710005636260063,0.009945722816042212,0.2943369702088528,0,1,0,6.747287920569939,6.747287920569939,7.6988431742917385,1.7901019101652587
left,19.98,0.0,0.30000000000000004,0.0,-0.021555276288974298,0.06857258089987146,0.03485953939139239,-0.279164342435934,-0.04745166913170571,0.016919973383419416,0.2949264718216266,0,1,0,6.480652155885738,6.480652155885738,7.75250469477762,4.095362717754315
left,20.0,0.0,0.30000000000000004,0.0,-0.03422499881882841,0.07491406412200463,0.036218170167171784,-0.28998282869433756,-0.05717586876203199,0.02091876744689844,0.2955831718176672,0,0,0,6.841672286930548,6.841672286930548,7.751124290986084,2.372990121437422
right,20.02,0.0,-0.30000000000000004,0.0,-0.0593737324574874,0.09407410082619146,0.03348128372536256,-0.27502158778717256,-0.06430195891560131,0.02481128919953291,0.2961899560956993,0,0,0,7.206342572114632,7.206342572114632,7.753002382075628,4.780596945954168
right,20.04,0.0,-0.30000000000000004,0.0,-0.08110562432754816,0.12431663511112268,0.021114178100235883,-0.2421053552705149,-0.06673773567192362,0.027580310444222992,0.29657315551930885,0,0,0,7.607245307234621,7.607245307234621,7.819023264820142,5.018338284010323
right,20.06,0.0,-0.30000000000000004,0.0,-0.09595971612796632,0.1519616708762042,0.011444508828508324,-0.2010883191201094,-0.06344709370631094,0.027266318410118322,0.2967415753891712,0,0,0,8.221831888012938,8.221831888012938,7.8079310223661125,3.9256404173033657
right,20.080000000000002,0.0,-0.30000000000000004,0.0,-0.10315653805556758,0.1686894895987152,-0.00394295114764715,-0.12409721795594504,-0.05641554198245383,0.024876080502894568,0.2966763147616328,0,0,0,8.757100601319062,8.757100601319062,7.786987682961321,2.5475924890735198
right,20.1,0.0,-0.30000000000000004,0.0,-0.10266648912168269,0.16834134925886934,-0.03593922048786929,-0.04376864895300633,-0.04905302158861362,0.024185443341614415,0.29615552109964705,0,0,0,9.030798076780803,9.030798076780803,7.740939291839812,3.2299678906873948
right,20.12,0.0,-0.30000000000000004,0.0,-0.10260839407142767,0.14183809602408304,-0.05701429829182169,0.011350788367658899,-0.04236273032885247,0.02772619136195294,0.29500717974141905,0,0,0,8.882269520563852,8.882269520563852,7.6791222416907345,2.736691765274776
right,20.14,0.0,-0.30000000000000004,0.0,-0.10661409919579606,0.08216652180344414,-0.051535749803844406,-0.048638577627864485,-0.028434088435926562,0.03132176754479361,0.2938773407429028,0,0,0,8.270350348833027,8.270350348833027,7.619114030677167,4.15553971634111
right,20.16,0.0,-0.30000000000000004,0.0,-0.10732809655076418,0.02556214841788255,-0.014687380572144453,-0.0805717341206234,-0.0191935269004002,0.03685422526950049,0.29323595266354247,0,1,0,7.362946663476095,7.362946663476095,7.580467026112409,4.15553971634111
right,20.18,0.0,-0.30000000000000004,0.0,-0.1030808330354177,-0.01696835436069599,0.012382413164206038,-0.1309192236780484,-0.009161800815268566,0.04433145541983398,0.29338733445700815,0,1,0,7.379072247605938,7.379072247605938,7.575047744630073,3.4873979560979933
right,20.2,0.0,-0.30000000000000004,0.0,-0.09164155671831169,-0.04392449952003872,0.006252947104975139,-0.20440329944641977,0.0007622069890818766,0.05017917034422035,0.2937211865378131,0,1,0,7.310842690917341,7.310842690917341,7.627940835532684,2.450737765221462
right,20.22,0.0,-0.30000000000000004,0.0,-0.07621934627181351,-0.05565651911769083,-0.014579811268325058,-0.28575901586990893,0.00885071762514568,0.052034018845413074,0.2936609164497816,0,1,0,6.916636846280986,6.916636846280986,7.726709491656049,4.1355643270661435
right,20.240000000000002,0.0,-0.30000000000000004,0.0,-0.06150880800397441,-0.06109431006600715,-0.037086873700461875,-0.3593461939971594,0.01578030338484452,0.052331636489214926,0.29316899478819586,0,0,0,7.993538936892487,7.993538936892487,7.755292299419555,3.813890195513644
right,20.26,0.0,-0.30000000000000004,0.0,-0.043383702721788105,-0.07040766962716621,-0.060476986797802675,-0.4285997174546455,0.01958881010789488,0.05221729155495259,0.2921651163297547,0,0,0,8.963167256411973,8.963167256411973,7.747468218057346,4.2628092047648325
right,20.28,0.0,-0.30000000000000004,0.0,-0.0161873567150259,-0.09589559237589323,-0.052085104987409515,-0.41772738437115586,0.021195806583251816,0.05354428023897374,0.29104345518362046,0,0,0,9.059392195557267,9.059392195557267,7.783756547055962,2.5946247725479155
right,20.3,0.0,-0.30000000000000004,0.0,-0.004702763760169219,-0.11272395127093252,-0.004825531729531986,-0.3549497182054039,0.020773686298382086,0.05582022703983317,0.2904262900094726,0,1,0,8.713816274054649,8.713816274054649,7.77447694037599,2.0791342662122902
right,20.32,0.0,-0.30000000000000004,0.0,0.0009292905079859365,-0.12378120912485036,0.05801547386723067,-0.2353814622988111,0.018951631323193593,0.055701875607917735,0.29097783256511467,0,1,0,7.715751932945111,7.715751932945111,7.7502584268895625,1.0659942764713832
right,20.34,0.0,-0.30000000000000004,0.0,0.01577740631906755,-0.13575681691184974,0.10008777551096726,-0.10924188036059897,0.01865582814286324,0.0534402549523969,0.29262042102652197,0,1,0,6.194406761497675,6.194406761497675,7.734007749001851,1.5908929466844397
right,20.36,0.0,-0.30000000000000004,0.0,0.03832702174764213,-0.13695861224264896,0.09461185043142536,-0.027722621648511282,0.019140396681590715,0.048179911419449536,0.29454597997685167,0,0,0,5.972055874666116,5.972055874666116,7.749391004518703,3.8980338349340213
right,20.38,0.0,-0.30000000000000004,0.0,0.05644196214068244,-0.12856810747798028,0.05637485930591804,0.012483815068063394,0.021915674554175216,0.04155791332859491,0.29589247352975867,0,1,0,6.246723721699127,6.246723721699127,7.74186785298113,3.8980338349340213
right,20.400000000000002,0.0,-0.30000000000000004,0.0,0.05307180178206941,-0.12430652940775191,0.0126169207656871,-0.010137390524120755,0.024750404393032246,0.03436203876299674,0.29645285635972024,0,0,0,6.7625493114646575,6.7625493114646575,7.734727921152391,3.172914358488627
right,20.42,0.0,-0.30000000000000004,0.0,0.0358190648613388,-0.12901755309467206,-0.0043962479948196544,-0.0383437706477396,0.023961384205939722,0.02667863846753217,0.2964030125237542,0,0,0,7.679911023181381,7.679911023181381,7.727951258541744,3.172914358488627
right,20.44,0.0,-0.30000000000000004,0.0,0.0230742452101703,-0.14027632082254146,-0.008299619681571634,-0.04577529122331893,0.017036830664751795,0.020488611791092782,0.2961680172431245,0,0,0,8.268720006855718,8.268720006855718,7.72151899566925,4.511761618488937
right,20.46,0.0,-0.30000000000000004,0.0,0.018394872235205608,-0.15355365342465097,0.00036210754957706395,-0.010178124534020097,0.012195575108543829,0.015879056365782004,0.29601545045555716,0,0,0,8.160189833472993,8.160189833472993,7.696920956871253,5.062378757911416
right,20.48,0.0,-0.30000000000000004,0.0,0.014631541247060592,-0.16558663605821425,0.0074214456680126335,0.056742789939003856,0.010908166154996056,0.011631760843009627,0.2960428478583155,0,0,0,8.116479443561863,8.116479443561863,7.669229128315923,4.2752736941411
right,20.5,0.0,-0.30000000000000004,0.0,0.00947985923063465,-0.1748732357816155,0.005105220061985027,0.18421121103247423,0.01814201454257172,0.006078516708294057,0.2961336639817225,0,0,0,7.709726108028307,7.709726108028307,7.660631894441732,3.6539901119812734
right,20.52,0.0,-0.30000000000000004,0.0,0.00017166960523203707,-0.19139089792383224,-0.005046466441063751,0.3342225885948861,0.034669307887299695,-0.0005745825999588097,0.2961244962266651,0,1,0,6.7678483853886755,6.7678483853886755,7.675881102011331,3.685462409330618
right,20.54,0.0,-0.30000000000000004,0.0,-0.007230745067210084,-0.1857279003345411,0.04151863335450005,0.2955268641742045,0.04638413369601897,8.247911539994507e-05,0.2964070505581156,0,1,0,5.84965970573023,5.84965970573023,7.713107929830549,2.0609112949311794
right,20.56,0.0,-0.30000000000000004,0.0,-0.01324867481494983,-0.18194948857381968,0.0600363719007343,0.236828271671346,0.057537562084413525,0.0070397016243477625,0.29730584703336527,0,1,0,5.286774507947733,5.286774507947733,7.798165197205414,1.9456368753499662
right,20.580000000000002,0.0,-0.30000000000000004,0.0,-0.02278292976801143,-0.1801564230162328,0.07460499639874092,0.14848041375850873,0.06676909958995077,0.0151096897033288,0.2983956889177812,0,0,0,6.558447992599199,6.558447992599199,7.788146256448073,4.021852036040398
right,20.6,0.0,-0.30000000000000004,0.0,-0.03778965204035559,-0.1878567303324699,0.08240403156151548,0.17144220178293643,0.07247962478525523,0.02435711988042804,0.2996464148518378,0,0,0,6.529682134241337,6.529682134241337,7.778641587143625,6.757975017455871
right,20.62,0.0,-0.30000000000000004,0.0,-0.055182207388693116,-0.19441746674470048,0.08097179922749755,0.289144022660605,0.07555605014785824,0.031108642866715632,0.3009342712010874,0,0,0,6.505204149861142,6.505204149861142,7.769624026698295,7.155750850254683
right,20.64,0.0,-0.30000000000000004,0.0,-0.07010920481550992,-0.2054446738804049,0.066730419060292,0.34356944726143634,0.07865646636647532,0.03538443928740624,0.3020249323313906,0,0,0,6.918700902383823,6.918700902383823,7.763511041453441,6.5362860847083715
right,20.66,0.0,-0.30000000000000004,0.0,-0.0722959014252168,-0.22449342240218376,0.041768779721476884,0.30071454256633323,0.07866189477968047,0.037968902436479025,0.30276782503913974,0,0,0,7.68917346507834,7.68917346507834,7.874495671456774,3.770693143139006
right,20.68,0.0,-0.30000000000000004,0.0,-0.07263139350640248,-0.2373092924890103,0.02292592064869857,0.23026903155499492,0.07128839667133274,0.03975954474872891,0.3030308622512877,0,0,0,8.148852246298757,8.148852246298757,8.011369941677646,3.861188528863147
right,20.7,0.0,-0.30000000000000004,0.0,-0.07110784239151975,-0.2315038805949427,0.0062771260355565465,0.22550744979842227,0.059024930279211435,0.040495905531161176,0.3029392453666726,0,0,0,8.54686470664132,8.54686470664132,7.991285652082375,4.851660086013299
right,20.72,0.0,-0.30000000000000004,0.0,-0.06700838039443331,-0.19927977327252155,-0.012652007228587787,0.277533112266061,0.04308599935355321,0.0397543453523759,0.3027029271374025,0,0,0,8.653970247375483,8.653970247375483,7.952101215891691,2.360548330426284
right,20.740000000000002,0.0,-0.30000000000000004,0.0,-0.053146182783709896,-0.15411157343802906,-0.05145105572813042,0.3050963406080553,0.02612737209874847,0.038969803494570514,0.3019411436043382,0,0,0,8.070125228354025,8.070125228354025,7.904673444390134,2.360548330426284
right,20.76,0.0,-0.30000000000000004,0.0,-0.039843519225401976,-0.10311593134850283,-0.06575833513813124,0.3326634831838735,0.017392424603978433,0.04026900752641097,0.30059228205248484,0,0,0,7.926758206302426,7.926758206302426,7.879396289930465,3.240742258808664
right,20.78,0.0,-0.30000000000000004,0.0,-0.023797023023320228,-0.059394277198866675,-0.06207229946306086,0.2071749388444651,0.022072366921341142,0.04567266837172125,0.29924015774413787,0,0,0,9.614788178045954,9.614788178045954,7.893687586961338,5.295043855516587
right,20.8,0.0,-0.30000000000000004,0.0,-0.01667001993293771,-0.02196846907646646,-0.04716865103887332,0.006089915687123151,0.0301346955239615,0.048038478747000665,0.29813853991048933,0,0,0,10.219936647541616,10.219936647541616,7.969136434860133,5.2071973872970165
right,20.82,0.0,-0.30000000000000004,0.0,-0.023953750902990737,-0.002799007110838906,-0.0345015581767496,-0.13542639639801463,0.03714088510627707,0.04495193101264533,0.2973717513137989,0,0,0,9.76380153872753,9.76380153872753,8.063588379188925,5.138408405508738
right,20.84,0.0,-0.30000000000000004,0.0,-0.03702516445905719,-0.005188065896880618,-0.0326884118408862,-0.1387206195043211,0.03528658727612086,0.03725203839152266,0.2967635378924453,0,0,0,9.182039927673676,9.182039927673676,8.039641144205554,5.14203541973378
right,20.86,0.0,-0.30000000000000004,0.0,-0.04341962449059251,-0.017809685229334103,-0.02166313219614391,-0.012189134887145079,0.023299443672372425,0.030582245834251093,0.29629708481128586,0,0,0,10.03434823650842,10.03434823650842,7.9857823438185065,4.585115594415531
right,20.88,0.0,-0.30000000000000004,0.0,-0.0428605964915485,-0.029093339904894502,-0.021577428233194078,0.12754677212169385,0.010121135370388728,0.0289114729945115,0.29592064111344457,0,0,0,9.82981347653241,9.82981347653241,7.874248153313371,3.737286624931193
right,20.900000000000002,0.0,-0.30000000000000004,0.0,-0.035045259821387634,-0.04131338759233256,-0.008973160922236788,0.25287958103156866,0.012859597532410304,0.027138951230283762,0.2956450948978472,0,0,0,8.899376270842039,8.899376270842039,7.764030630665644,3.737286624931193
right,20.92,0.0,-0.30000000000000004,0.0,-0.020295653674373713,-0.06766404802287299,-0.0025212759415178866,0.34476612595685246,0.029104182053843575,0.02043857165020262,0.2955944484712609,0,0,0,8.142822607218017,8.142822607218017,7.698351253874208,4.476471100786727
right,20.94,0.0,-0.30000000000000004,0.0,-5.644991202343396e-05,-0.08907592645545388,0.04473055552258088,0.286726190811299,0.042356140374319465,0.015925072000204495,0.2958949743909143,0,1,0,6.708050283183202,6.708050283183202,7.667008861506137,4.720406844045412
right,20.96,0.0,-0.30000000000000004,0.0,0.024613122051457954,-0.10604703532319279,0.07244506466060227,0.2944616870830538,0.04713358077457388,0.020320094808272942,0.2970722139825559,0,0,0,6.371376992009585,6.371376992009585,7.677349114935655,3.339516430929872
right,20.98,0.0,-0.30000000000000004,0.0,0.03528211995570566,-0.11743911584847602,0.07056701633378304,0.2585327926344463,0.05131740484086884,0.027098051930142565,0.2983772004122326,0,1,0,7.107178492943894,7.107178492943894,7.776621472799924,3.339516430929872
right,21.0,0.0,-0.30000000000000004,0.0,0.032963624643333786,-0.12653252345117805,0.06243183870325143,0.21881531797246545,0.05302491947089426,0.03334904577545418,0.2995324877918368,0,0,0,7.46084740677772,7.46084740677772,7.860177956344529,2.9851516834320297
right,21.02,0.0,-0.30000000000000004,0.0,0.016470559536732297,-0.13528197819890614,0.062181006082297416,0.2394557106810707,0.05215794893781979,0.03857396130874124,0.30056996925691265,0,0,0,7.612373228492655,7.612373228492655,7.933274032563805,4.976918893493328
right,21.04,0.0,-0.30000000000000004,0.0,0.0025020906188114723,-0.15766496941778244,0.049643506911210535,0.20689565632957652,0.05136256044829656,0.04286565088802937,0.30146674103458365,0,0,0,7.600411460592718,7.600411460592718,7.91623872836422,4.902789217519057
right,21.06,0.0,-0.30000000000000004,0.0,-0.009004878872998948,-0.186540811508234,0.03826165734330032,0.12375017327969841,0.04721552423906027,0.04571279642710445,0.3021371901130033,0,0,0,7.322616437571043,7.322616437571043,7.917339923252545,3.9747071608086095
right,21.080000000000002,0.0,-0.30000000000000004,0.0,-0.016533860241738946,-0.2138439326684858,0.02958478166975676,0.003014010310594846,0.03873183790587658,0.04684082163745062,0.30263174068995274,0,0,0,7.221908035969567,7.221908035969567,7.956701190141665,2.5684721950599028
right,21.1,0.0,-0.30000000000000004,0.0,-0.019750927521410673,-0.23799841443624212,0.016920524923988513,-0.13756682549814442,0.02811985989747542,0.04734123419989592,0.302951652833463,0,0,0,7.418597014592122,7.418597014592122,7.9728296345885,2.454750097945383
right,21.12,0.0,-0.30000000000000004,0.0,-0.03213394065082789,-0.2395125709554138,0.024359696280039828,-0.20877204553949952,0.017544838918781606,0.04530517293774167,0.30328350176415253,0,0,0,6.784290660189368,6.784290660189368,7.977805305780368,4.246222235228896
right,21.14,0.0,-0.30000000000000004,0.0,-0.03846478199176067,-0.23022381137076608,0.04693353779236012,-0.20239557800882163,0.014418049510409007,0.041431451665473615,0.30396790823906117,0,1,0,5.4645348969376135,5.4645348969376135,8.002868591026857,3.5860881424128124
right,21.16,0.0,-0.30000000000000004,0.0,-0.031595363610018384,-0.20682268135192589,0.03163157121555897,-0.18114272321873515,0.017988147036470302,0.03961745343546282,0.30476156708135027,0,0,0,7.092853519431188,7.092853519431188,8.062871987432608,3.196718952751314
right,21.18,0.0,-0.30000000000000004,0.0,-0.020999041234478048,-0.1747426927574762,0.0029922407656311225,-0.24339688060438913,0.023313180567325693,0.03664859799053047,0.30494075676087096,0,0,0,7.7962626064301634,7.7962626064301634,8.106695208323277,4.084944598126196
right,21.2,0.0,-0.30000000000000004,0.0,-0.01926218525569438,-0.15212716161808354,-0.017134309025595332,-0.36852576295402584,0.031834243339114714,0.031249325074647512,0.30468461163883975,0,0,0,8.28047776154478,8.28047776154478,8.080430020919977,5.963523700802235
right,21.22,0.0,-0.30000000000000004,0.0,-0.027570305464022893,-0.14454985187055244,-0.018230190138107342,-0.39847859318238305,0.03908949473216077,0.022869978969113178,0.30418793240665226,0,0,0,8.098386311920299,8.098386311920299,8.055579047876225,5.674947032235458
right,21.240000000000002,0.0,-0.30000000000000004,0.0,-0.035231441713992034,-0.15216714831008968,-0.009664164061592566,-0.2406999000203575,0.04069899814018802,0.014515420674329173,0.3037115608843903,0,0,0,8.656365366718017,8.656365366718017,8.032060758523958,4.14721340540075
right,21.26,0.0,-0.30000000000000004,0.0,-0.04090421168473522,-0.16006915363954957,-0.0004312546065037056,-0.0717051762531383,0.0404068330804748,0.009520385861287882,0.303465599974666,0,0,0,8.51075883534067,8.51075883534067,7.986505124535213,2.827167262266726
right,21.28,0.0,-0.30000000000000004,0.0,-0.04763008234590174,-0.16438155830449816,-0.0012794535796493726,0.06965946195256871,0.040115595310980794,0.0068437187678445895,0.30330704370301503,0,0,0,7.9918391851301465,7.9918391851301465,7.940689872308969,2.585134727130851
right,21.3,0.0,-0.30000000000000004,0.0,-0.05834939200206531,-0.16740128218979247,-0.01659398924137325,0.1910678713541839,0.04204890197041082,0.004483105474319009,0.30298883387525627,0,0,0,7.401880771345521,7.401880771345521,7.916218187680418,2.2489914243978526
right,21.32,0.0,-0.30000000000000004,0.0,-0.06944076254874454,-0.16130400734558012,-0.030032132881556442,0.23788283661130913,0.046317865240969175,0.00404441600310808,0.30227952737703656,0,0,0,6.809349044364548,6.809349044364548,7.927159114900157,3.316774390073005
right,21.34,0.0,-0.30000000000000004,0.0,-0.07316125105137875,-0.12906272791351298,-0.03397355474685449,0.21801141345539302,0.043960953203788955,0.012722242251899454,0.3015109160273185,0,1,0,6.479111260121392,6.479111260121392,7.9880740993272,2.4807260471290933
right,21.36,0.0,-0.30000000000000004,0.0,-0.0904415159448541,-0.10184709123066818,0.007225629104594597,0.10574547622169306,0.048687102448207654,0.021764703203086568,0.30117536779538706,0,0,0,7.018312641976922,7.018312641976922,7.97715493675868,2.78577670292402
right,21.38,0.0,-0.30000000000000004,0.0,-0.11686720539107065,-0.0892556537306903,0.04942079426666815,0.11640966189416294,0.049888281743663006,0.029654906562663418,0.3016916115370106,0,0,0,7.278328293936684,7.278328293936684,7.957808110044667,6.705446758364827
right,21.400000000000002,0.0,-0.30000000000000004,0.0,-0.13738795601574696,-0.09335789015464659,0.05724177043313898,0.1565758504949538,0.04884149538744318,0.037551550978457214,0.3027091921134538,0,0,0,7.640273062545869,7.640273062545869,7.939482407920835,8.716347478372988
right,21.42,0.0,-0.30000000000000004,0.0,-0.15220626187946182,-0.11345541040324715,0.04474398117186379,0.08656722944040232,0.043345981563872975,0.04425412645186018,0.30368323757824256,0,0,0,7.933333666449321,7.933333666449321,7.922121043104241,8.14109015251653
right,21.44,0.0,-0.30000000000000004,0.0,-0.1647328072812953,-0.13975291495509562,0.02919454785213907,-0.027861351399591224,0.032879241420083305,0.047309440132896424,0.30442436077199453,0,0,0,7.720033485000159,7.720033485000159,8.004001172157476,5.035094322284821
right,21.46,0.0,-0.30000000000000004,0.0,-0.1716784948382775,-0.16198601034879834,0.011098157294956522,-0.12289673738549195,0.019144367816583505,0.045331449210658674,0.3048721707928112,0,0,0,7.838159041529053,7.838159041529053,8.13201670684191,2.52826430227716
right,21.48,0.0,-0.30000000000000004,0.0,-0.1705629980295259,-0.17613982423626065,-0.009541136930209975,-0.217574468000796,0.0029362111602288564,0.03920408595528694,0.3049566683509187,0,0,0,9.103907181567948,9.103907181567948,8.241310480473778,2.7002118866709535
right,21.5,0.0,-0.30000000000000004,0.0,-0.16642465918030727,-0.1818687242686946,-0.028206189209717007,-0.34836617692600363,-0.014955661124289874,0.031624564012360995,0.3046913406242798,0,0,0,9.87625326887808,9.87625326887808,8.181280076137902,3.019851099033715
right,21.52,0.0,-0.30000000000000004,0.0,-0.1553547292503599,-0.19345147791433714,-0.020838063263633744,-0.4685814201733855,-0.023051493617699235,0.027782396676890107,0.3043238013532408,0,0,0,9.470307394710757,9.470307394710757,8.07912074062515,2.5721764424295546
right,21.54,0.0,-0.30000000000000004,0.0,-0.13364231345373687,-0.21357929161379155,-0.04178165777318958,-0.5531826895633443,-0.017843435865073486,0.03148362354957163,0.303908494911646,0,0,0,7.965662303174104,7.965662303174104,7.981576532260036,2.3952218736931536
right,21.56,0.0,-0.30000000000000004,0.0,-0.12040135918606568,-0.21699272752444904,-0.05302359455677224,-0.47321168962112975,-0.009772368515742435,0.03821456049573967,0.3028714792421195,0,1,0,6.9123174871404665,6.9123174871404665,7.949850399738541,7.588967827171494
right,21.580000000000002,0.0,-0.30000000000000004,0.0,-0.11759324751132301,-0.1871309265330924,-0.040315047066649165,-0.26069905623019063,-0.008253375118860344,0.041133772954986915,0.3020054489255581,0,0,0,8.215115973000321,8.215115973000321,7.896060850076044,6.595086684804003
right,21.6,0.0,-0.30000000000000004,0.0,-0.13606727617727502,-0.1633961130307626,-0.03510083811903352,-0.07770389461870261,-0.011301604283344426,0.03874299533898202,0.30121525125858184,0,0,0,9.215573733960145,9.215573733960145,8.022998087331462,6.167802192293585
right,21.62,0.0,-0.30000000000000004,0.0,-0.15573970272548557,-0.146343225395535,-0.028636891665721944,-0.012726838744483342,-0.019551456641169224,0.03415172982404552,0.30066822480224775,0,0,0,8.75583678013883,8.75583678013883,8.060612765068296,4.579519432280251
right,21.64,0.0,-0.30000000000000004,0.0,-0.16202763561060335,-0.13629039795664458,-0.03414852834546174,-0.0026321620732926744,-0.028325728786289858,0.02885411845321765,0.30015319484084774,0,0,0,9.408016038709937,9.408016038709937,8.110038074976796,4.591475919023981
right,21.66,0.0,-0.30000000000000004,0.0,-0.1576070811662452,-0.13031474038684657,-0.050847332426915796,0.03369869845469983,-0.0330998794326063,0.02334452947211896,0.29944177569753555,0,0,0,9.748854759645836,9.748854759645836,8.030713835928658,3.5272717045707536
right,21.68,0.0,-0.30000000000000004,0.0,-0.1468399519729003,-0.13394380268197548,-0.051901907136873406,0.09560700599698731,-0.024756473974476043,0.01585629287721608,0.2985344169428861,0,0,0,9.814010224031904,9.814010224031904,7.929388590363381,2.831232450915899
right,21.7,0.0,-0.30000000000000004,0.0,-0.12630556745070298,-0.1519028797945846,-0.061165438692076496,0.16874791027936742,-0.006558146570952865,0.005452508113788173,0.2974890330286903,0,0,0,9.67808287083919,9.67808287083919,7.826690839905176,3.1982024155166418
right,21.72,0.0,-0.30000000000000004,0.0,-0.09677482478213276,-0.17077626632395174,-0.043649863043280675,0.1721812657129627,0.012116593493975406,-0.0025186054067812863,0.296308902316635,0,1,0,8.945530648201407,8.945530648201407,7.726447592788656,3.4074371264264127
right,21.740000000000002,0.0,-0.30000000000000004,0.0,-0.05437891792778437,-0.1717261770252422,0.02217363500565714,0.09127143904099068,0.02025647501059444,0.0026481263152629696,0.29612512632279864,0,1,0,7.1399709832647105,7.1399709832647105,7.644411384865524,4.472284297949078
right,21.76,0.0,-0.30000000000000004,0.0,-0.008991227615435596,-0.16599529922245412,0.06590917397566447,0.06898900075460408,0.028067815929960157,0.010788732910232163,0.2970223145451756,0,1,0,8.000567102665324,8.000567102665324,7.666048693698951,4.476565814128521
right,21.78,0.0,-0.30000000000000004,0.0,0.023150593327390653,-0.15510732157502755,0.07117224190509147,-0.0019126063567819493,0.03393733594130228,0.01734407106835297,0.2983304126617909,0,1,0,6.759412245584869,6.759412245584869,7.766598436275299,3.9564383114764374
right,21.8,0.0,-0.30000000000000004,0.0,0.03296808647166264,-0.15010801531399587,0.0626316118164025,-0.07842608578077882,0.035584804854568726,0.023130416687475654,0.299583169278328,0,0,0,6.705956624905146,6.705956624905146,7.8259346467050115,2.7496742268563166
right,21.82,0.0,-0.30000000000000004,0.0,0.019328169737976,-0.1601297039425202,0.052070841286815196,-0.05918481331994767,0.03164198641274077,0.03037382584010798,0.300648676779257,0,0,0,7.221704641747757,7.221704641747757,7.968453944515556,2.1952260847880227
right,21.84,0.0,-0.30000000000000004,0.0,0.0006423414854855817,-0.18759042338794116,0.0321832866299922,-0.036542869261564914,0.025280821305666234,0.036398467645463735,0.30136900556403373,0,0,0,7.489914663172836,7.489914663172836,8.092319591670272,2.217114936780392
right,21.86,0.0,-0.30000000000000004,0.0,-0.014630334685032787,-0.21987475977029688,0.016945290976209847,-0.06139749655669012,0.017462197758273026,0.038652867113057064,0.3017713328835472,0,0,0,7.146111708100522,7.146111708100522,8.116790019140641,2.1028719509624887
right,21.88,0.0,-0.30000000000000004,0.0,-0.022284825006646348,-0.24513094450149536,0.00955019080650777,-0.15036800699632727,0.007194257526493593,0.03847429351292841,0.3020426982939503,0,0,0,7.713830805685842,7.713830805685842,8.0899797312108,3.476522762149048
right,21.900000000000002,0.0,-0.30000000000000004,0.0,-0.02306540346098211,-0.26569078958920495,-0.006512287816621946,-0.2515494567811511,-0.004246838973677601,0.037796003821209775,0.30216842855510484,0,0,0,7.908862109324794,7.908862109324794,8.064615243942558,5.0235066959893295
right,21.92,0.0,-0.30000000000000004,0.0,-0.02019441818415792,-0.2966767299161812,0.0021172122813511137,-0.3318894153565296,-0.002741619153115252,0.04119907881523973,0.30228734340576574,0,1,0,6.9496921289362925,6.9496921289362925,8.040612975205761,2.970532018557302
right,21.94,0.0,-0.30000000000000004,0.0,-0.032671196139570834,-0.29122868208398467,0.02897607078334875,-0.26568336629949796,0.0033705705222183474,0.04309282036793119,0.3026724131759847,0,1,0,6.072904396781045,6.072904396781045,8.01789475127065,1.8730742480549332
right,21.96,0.0,-0.30000000000000004,0.0,-0.041440233832973024,-0.2603714436551344,0.025730048380296553,-0.11196467887937994,0.010143303696501158,0.040988039613493135,0.30325163941373234,0,0,0,7.551153448886113,7.551153448886113,7.996387397981753,2.0340506378804752
right,21.98,0.0,-0.30000000000000004,0.0,-0.05270056862209373,-0.22249675115076736,0.024781773124176946,-0.06721502703643692,0.016693580182387213,0.0358104905855846,0.3036366977816906,0,0,0,8.885772619863411,8.885772619863411,7.97602236874809,5.353772133023259
right,22.0,0.0,-0.30000000000000004,0.0,-0.059632000933944704,-0.19465875675625152,0.014114983826012664,-0.1926827006385614,0.023631866968317684,0.02807445000711357,0.3038874791036154,0,0,0,8.164526705406512,8.164526705406512,7.956735405445308,7.756641673063273
right,22.02,0.0,-0.30000000000000004,0.0,-0.06888439027846556,-0.18304007562639532,-0.0032195710706382948,-0.3246340577233646,0.03001451003227288,0.018378569885684433,0.30379185860228647,0,0,0,7.6164232869127195,7.6164232869127195,7.93846622880028,7.6551610335645535
right,22.04,0.0,-0.30000000000000004,0.0,-0.07565451506771341,-0.1894714567133496,-0.008359031948137231,-0.26722842285985693,0.032107923226949935,0.008457001813896178,0.30345344295647325,0,0,0,8.388994284082496,8.388994284082496,7.921158255239053,4.806607859016565
right,22.06,0.0,-0.30000000000000004,0.0,-0.07774984619494976,-0.197895697650288,-0.00834244757011375,-0.15650337539388942,0.03310719101625301,0.0016218593154086443,0.3031208720090016,0,0,0,8.465011390221349,8.465011390221349,7.891504097616501,2.817081872231352
right,22.080000000000002,0.0,-0.30000000000000004,0.0,-0.07741717158774027,-0.20514842509903103,-0.013186377033939711,-0.02150745548307487,0.035705740636593854,-0.0030461215260219805,0.3027288695508609,0,0,0,8.103850501428811,8.103850501428811,7.851219395984312,2.840651536417841
right,22.1,0.0,-0.30000000000000004,0.0,-0.0727012621952849,-0.2164177285480545,-0.036604097268663996,0.11227047274174873,0.041962454247379474,-0.006943977223551531,0.30204672802765326,0,0,0,7.5609940911839,7.5609940911839,7.823436521810422,2.5673569587127556
right,22.12,0.0,-0.30000000000000004,0.0,-0.055891977820107165,-0.2032535872009065,-0.022138143567501815,0.10707636130297478,0.0485538451544867,-0.004510254829681712,0.30121366910771197,0,1,0,7.3474688864214395,7.3474688864214395,7.817462432100772,2.105171671226991
right,22.14,0.0,-0.30000000000000004,0.0,-0.02428599260286877,-0.1823594854947056,0.0006615013418475955,0.0900674771525965,0.05820917247671928,0.0031292676407030933,0.30081018624965283,0,1,0,7.327707998332112,7.327707998332112,7.859487426228721,1.3911145335297703
right,22.16,0.0,-0.30000000000000004,0.0,-0.0021756147772341045,-0.15915612455850933,0.028344475857143673,0.03579406246701796,0.06715318544022979,0.010691297113690997,0.30091476852086535,0,0,0,8.393742260924814,8.393742260924814,7.925979300624455,2.0123516221066895
right,22.18,0.0,-0.30000000000000004,0.0,0.003613191498173876,-0.14950267499162906,0.051918258027101004,0.042672928704397844,0.07262470527602898,0.018276758482911017,0.3014888904990938,0,0,0,7.651947711819753,7.651947711819753,7.909326700223964,3.618779470582255
right,22.2,0.0,-0.30000000000000004,0.0,-0.008740442154256463,-0.14744093236618724,0.07392842949811514,0.1626306204427632,0.07364998665411208,0.025588252999873332,0.302575262157732,0,0,0,7.036627312693522,7.036627312693522,7.89354608065544,8.204465289274864
right,22.22,0.0,-0.30000000000000004,0.0,-0.03070896152469576,-0.15467881629097394,0.07919888302252212,0.2442187719374374,0.07131424459854319,0.030852315796441276,0.3038825165613851,0,0,0,7.200997154984803,7.200997154984803,7.886282777195241,8.547201414501735
right,22.240000000000002,0.0,-0.30000000000000004,0.0,-0.04332206924290735,-0.18106789746080112,0.06070882314595498,0.19958207222321683,0.06553499838570111,0.03452819389537657,0.3049553792220529,0,0,0,7.225033589948215,7.225033589948215,7.9095029496494185,7.205895084094632
right,22.26,0.0,-0.30000000000000004,0.0,-0.051664630203041004,-0.20714680866632917,0.04678136888604403,0.12778123579032996,0.05732606717509496,0.03450006671980351,0.3057544227440051,0,0,0,7.643673021038745,7.643673021038745,8.00824640126574,4.131780367401646
right,22.28,0.0,-0.30000000000000004,0.0,-0.05279908933309363,-0.22362181406556547,0.032910397107591895,0.02356416804428434,0.04690704416295819,0.032388772984299506,0.3063326366956648,0,0,0,8.31216558384014,8.31216558384014,8.05196535925137,2.6534683882612513
right,22.3,0.0,-0.30000000000000004,0.0,-0.04743427455384458,-0.23141256523355047,0.004540482644853869,-0.07881546054849212,0.03463097267618697,0.03127686797968349,0.30654216280669805,0,0,0,8.68485043371979,8.68485043371979,8.028640426027138,2.751072559718625
right,22.32,0.0,-0.30000000000000004,0.0,-0.03945925410552091,-0.2365604272516998,-0.033102895862799034,-0.15871225632354208,0.02498163990670446,0.03323571541873153,0.30607678300462793,0,0,0,8.307023328903613,8.307023328903613,8.006560875958805,3.3691861751233416
right,22.34,0.0,-0.30000000000000004,0.0,-0.02704984057848079,-0.2437048295182859,-0.056214485434711504,-0.25621092651482513,0.030521585724638343,0.04209396678770095,0.3049910293854875,0,1,0,6.8951027914443985,6.8951027914443985,7.985655986210148,2.842824153805806
right,22.36,0.0,-0.30000000000000004,0.0,-0.025919562104017642,-0.2152586170213553,-0.04692457735238319,-0.12025483943611731,0.03286736837064001,0.0486992793491268,0.303886556741804,0,0,0,8.089426190102946,8.089426190102946,7.967578215655003,2.825447463421142
right,22.38,0.0,-0.30000000000000004,0.0,-0.02516504187920317,-0.1756081756022723,-0.05602495805693131,0.015669171004173643,0.033688402005962126,0.05018342719234004,0.3026972241423187,0,0,0,9.933839925269313,9.933839925269313,7.948737240170157,5.881745191270796
right,22.400000000000002,0.0,-0.30000000000000004,0.0,-0.03739942892287208,-0.14544207003468965,-0.04695617872069426,0.026888019309024853,0.033570380780743,0.04625510384577708,0.3016842679777535,0,0,0,9.558306679014269,9.558306679014269,7.930889217851625,4.930842460989355
right,22.42,0.0,-0.30000000000000004,0.0,-0.05387934338582814,-0.1363818762586761,-0.03290128652164988,0.021595203356713322,0.028520833971023674,0.03882493015364214,0.3008826681733766,0,0,0,8.411126120261768,8.411126120261768,7.913979077203511,4.517793240529143
right,22.44,0.0,-0.30000000000000004,0.0,-0.06179464104191285,-0.13633392094330843,-0.0222055982733808,0.015521062772010034,0.019036576346579036,0.03189584119223416,0.30035619320743273,0,0,0,8.899892282565224,8.899892282565224,7.897955078000265,3.45978856874287
right,22.46,0.0,-0.30000000000000004,0.0,-0.06029773331055667,-0.14029185476434008,-0.02355209112269005,0.0052366594746332176,0.010332789429650106,0.026555870219329234,0.29994249587075394,0,0,0,8.869432483484077,8.869432483484077,7.844251405943911,2.7918098994164975
right,22.48,0.0,-0.30000000000000004,0.0,-0.0529583336739291,-0.14459655664379262,-0.03497817157297168,0.02164054965568309,0.00412797644988904,0.022330157026066753,0.2993945550486689,0,0,0,8.69142715483355,8.69142715483355,7.785796841440902,2.852082685078288
right,22.5,0.0,-0.30000000000000004,0.0,-0.04408003144635773,-0.15052426046514283,-0.040137574508356616,0.12012015712433052,0.004993105323764271,0.01763307382538196,0.29863693208290565,0,0,0,8.278939959875828,8.278939959875828,7.736120517061714,3.926678240402174
right,22.52,0.0,-0.30000000000000004,0.0,-0.02608939121771245,-0.16897486169579398,-0.03697725560903931,0.25803213568417116,0.022018790639566296,0.008341442563620124,0.2978963813135642,0,0,0,7.679632039738195,7.679632039738195,7.699155252823765,4.747931075661574
right,22.54,0.0,-0.30000000000000004,0.0,-0.006791966048241927,-0.18567629830214682,-0.008894790449699113,0.25945630222131155,0.04486158211735931,-0.0019375527023180676,0.29719403733842586,0,1,0,6.357042611607871,6.357042611607871,7.686561248027473,5.125372614254561
right,22.56,0.0,-0.30000000000000004,0.0,0.013674774305601241,-0.17168181706461863,0.03471147778881296,0.08636988370736189,0.05411870634852642,-0.00023006522097536398,0.2973983096334548,0,1,0,5.58925655142644,5.58925655142644,7.719431583179478,2.0078925936082377
right,22.580000000000002,0.0,-0.30000000000000004,0.0,0.025803936959047147,-0.15463624401857218,0.0509934217762805,-0.06220009668486698,0.06256761605879549,0.006554997181551086,0.29806884377294246,0,0,0,5.905347130380837,5.905347130380837,7.772808771392228,3.140319453302318
right,22.6,0.0,-0.30000000000000004,0.0,0.021188680005521165,-0.15154022819284688,0.06756166298640877,-0.06328238422895255,0.06696574061380976,0.014951451801255915,0.29895210275765244,0,0,0,6.879018709079621,6.879018709079621,7.816044839317854,6.940061113529738
right,22.62,0.0,-0.30000000000000004,0.0,0.006861500538935614,-0.15744366261512227,0.07449661981229803,0.04184538801103911,0.06621675332837368,0.021828884894438315,0.3000551691199341,0,0,0,7.141062757490285,7.141062757490285,7.82969794216498,7.735201068416704
right,22.64,0.0,-0.30000000000000004,0.0,-0.00739418526621307,-0.17211820728865054,0.06705272677180049,0.15198305670768064,0.061561111735126836,0.0260213740711049,0.30118176064596686,0,0,0,7.014667853404761,7.014667853404761,7.8706824173032075,6.903261415215801
right,22.66,0.0,-0.30000000000000004,0.0,-0.01743576260193802,-0.19684015388069256,0.04888049083081075,0.1657796643810124,0.05324286798994427,0.02840624879116825,0.3020842013798806,0,0,0,7.011911651884755,7.011911651884755,7.965423392543947,4.319053665383754
right,22.68,0.0,-0.30000000000000004,0.0,-0.023423201798299514,-0.221595254296059,0.03637001114134712,0.0965396165028809,0.03895895080978146,0.029571159660766934,0.3027337469699147,0,0,0,7.282313047876473,7.282313047876473,8.019045497587893,2.9109894961011555
right,22.7,0.0,-0.30000000000000004,0.0,-0.020961438670443904,-0.23744226931128698,0.010507173075465996,0.010978116065225883,0.021210493273463596,0.030156237770987533,0.30307739829835856,0,0,0,7.514883512731538,7.514883512731538,7.997476914709537,2.8081328750934427
right,22.72,0.0,-0.30000000000000004,0.0,-0.009106908271032811,-0.24657802001946055,-0.02118143406542871,-0.10869803367858753,0.010675103770310309,0.033069036644956196,0.3028394383051888,0,1,0,6.767306056730516,6.767306056730516,7.977054111375008,3.0092114217372132
right,22.740000000000002,0.0,-0.30000000000000004,0.0,-0.005996992906713741,-0.22839575952240032,-0.013949152840016195,-0.10787820561508343,0.009948933140956314,0.03767230019647179,0.3024705514466694,0,1,0,5.773932061845892,5.773932061845892,7.957712614359359,1.5696100751611526
right,22.76,0.0,-0.30000000000000004,0.0,-0.0019329582249194464,-0.1944524233293906,-0.01804171606593803,-0.05954233556794693,0.010516553362703268,0.04018912028467301,0.3020940241106614,0,0,0,7.943201973212917,7.943201973212917,7.939391944710174,1.8416707167591764
right,22.78,0.0,-0.30000000000000004,0.0,-0.0034490014169437366,-0.15590262933495694,-0.01388142488382244,-0.11788182883750865,0.01042689486177532,0.03903378893727161,0.3016580421595976,0,0,0,9.419768360786506,9.419768360786506,7.9220353332881,5.7610357440177085
right,22.8,0.0,-0.30000000000000004,0.0,-0.009192286164218822,-0.1260150801440361,-0.010761442399697943,-0.28131237617510957,0.013219222490252418,0.03385070911305763,0.3013149166086622,0,0,0,8.792295702211254,8.792295702211254,7.9055894602372625,6.364397818726133
right,22.82,0.0,-0.30000000000000004,0.0,-0.020361023658138695,-0.11996066356574028,-0.009828801067685317,-0.31080192547770774,0.016494175029334552,0.02592835421685131,0.30095547547233537,0,0,0,8.12670377598235,8.12670377598235,7.890004216014926,5.440227604026113
right,22.84,0.0,-0.30000000000000004,0.0,-0.029222765395722647,-0.12165655671951424,0.0030049383309147266,-0.2495371140885095,0.017803883006088803,0.019914970723245728,0.3008194061014856,0,0,0,8.132065112851867,8.132065112851867,7.8752324818799515,3.9714797866990716
right,22.86,0.0,-0.30000000000000004,0.0,-0.033973914875751195,-0.12363178653022508,0.008686091006771575,-0.1709781502245627,0.018728411306266336,0.01670128621950947,0.30090595736840065,0,0,0,7.829587279248576,7.829587279248576,7.849148763131044,2.8021345879021524
right,22.88,0.0,-0.30000000000000004,0.0,-0.03439394183799821,-0.1242032105188429,-0.0003399115136502556,-0.08084812852519932,0.019723075817229454,0.014480991441839395,0.30095112978534044,0,0,0,7.876909999384417,7.876909999384417,7.837583851973751,2.403179530440714
right,22.900000000000002,0.0,-0.30000000000000004,0.0,-0.03466803902035655,-0.12952586814451864,-0.016696605885184256,0.04911445256086506,0.02456523674114345,0.01264481477103489,0.3006959032292002,0,0,0,7.983076215235329,7.983076215235329,7.842907381612616,2.705484466003078
right,22.92,0.0,-0.30000000000000004,0.0,-0.020736771293198925,-0.14294602304660867,-0.023210758098214816,0.18751216807309745,0.042760092937874646,0.008730156352557744,0.3001719933504003,0,1,0,7.28741097681691,7.28741097681691,7.865701960465596,3.0435576684170957
right,22.94,0.0,-0.30000000000000004,0.0,0.004660720166953711,-0.13803093014023585,0.02166118801240787,0.17904042107363674,0.05262901265545275,0.011087281925608716,0.3001128283069386,0,1,0,6.304437016005331,6.304437016005331,7.917998845473349,1.5219011328765746
right,22.96,0.0,-0.30000000000000004,0.0,0.028683028069706188,-0.12926308883840304,0.03842495355779016,0.18753132036040954,0.05937417732833883,0.01820236489082186,0.30061373673595587,0,1,0,6.985515659249954,6.985515659249954,7.978886872494133,1.5589670571422145
right,22.98,0.0,-0.30000000000000004,0.0,0.03707414186988019,-0.12359856949584895,0.07031493453758471,0.21736891774139122,0.06290577881133551,0.027180661157127514,0.30145291759028664,0,0,0,7.487284938898156,7.487284938898156,7.974842971684588,4.9553815421047105
right,23.0,0.0,-0.30000000000000004,0.0,0.028514258777914782,-0.13232119174020024,0.09717022646553714,0.3070788076169997,0.061575581379069724,0.03623967121559036,0.3028554262720029,0,0,0,8.817795578343672,8.817795578343672,7.955618335562747,10.609494469144993
right,23.02,0.0,-0.30000000000000004,0.0,0.014004409368581727,-0.14358043660423025,0.10151922272624131,0.3610609162692649,0.058380387757172726,0.04172891372938163,0.30452301565477835,0,0,0,8.455146853152364,8.455146853152364,7.9374080119497314,11.031660313931022
right,23.04,0.0,-0.30000000000000004,0.0,0.0054967318173790155,-0.1647857238884926,0.08011345728813946,0.307757658160396,0.05545613802761384,0.044074093264610065,0.3060146760092107,0,0,0,6.991006220227293,6.991006220227293,7.8750566354412115,8.86690753530864
right,23.06,0.0,-0.30000000000000004,0.0,0.0006270029208600984,-0.19080412199838284,0.05639928746558037,0.19386272229419677,0.048546469899991986,0.044619885277920365,0.3070957912677644,0,0,0,7.105536383383944,7.105536383383944,7.950480425192659,3.9705172338106642
right,23.080000000000002,0.0,-0.30000000000000004,0.0,-0.0009944744871713527,-0.21352812481427202,0.037251177588420906,0.05462091940829614,0.03715888397402261,0.04386934142794232,0.3078049347968717,0,0,0,7.613665090634511,7.613665090634511,8.021374847049493,3.27386934240397
right,23.1,0.0,-0.30000000000000004,0.0,0.0008495911651592372,-0.23452814335982475,0.01717232724585597,-0.10791490380832265,0.024431881477839416,0.042515190372574084,0.30816689618939447,0,0,0,7.380043547742999,7.380043547742999,8.03802895086541,3.870898943299544
right,23.12,0.0,-0.30000000000000004,0.0,0.004307100536035944,-0.2546846745271822,-0.015025156898331884,-0.2986277659964806,0.014829108153706385,0.040694905708930695,0.3080431277123211,0,0,0,6.658213645788434,6.658213645788434,8.096546126391395,4.842863539417779
right,23.14,0.0,-0.30000000000000004,0.0,0.015622001814389039,-0.2822212548133063,-0.0402760558135113,-0.5105587559220399,0.020947761862748597,0.04367334586487363,0.30746297601151695,0,1,0,5.074184163893815,5.074184163893815,8.222019999127763,2.841532117514657
right,23.16,0.0,-0.30000000000000004,0.0,0.01154928675903203,-0.26658882424004204,-0.026854729001124893,-0.4801454641513771,0.02665433690020891,0.045484217956234585,0.3066477458140166,0,1,0,7.126720453333356,7.126720453333356,8.195117489590427,2.794693956262999
right,23.18,0.0,-0.30000000000000004,0.0,0.005741530907202145,-0.2253544921943171,-0.022442188468113716,-0.4029085495245105,0.030977296889048492,0.04348666642734384,0.30598264622636845,0,0,0,8.866991816020287,8.866991816020287,8.16404814820272,1.8216655349064381
right,23.2,0.0,-0.30000000000000004,0.0,-0.008566609472926989,-0.19163952507320714,-0.012826916377178916,-0.37452084289828597,0.034070952424760347,0.035751434107130955,0.30546235673440175,0,0,0,9.812953118766753,9.812953118766753,8.117562389937184,5.431034501835895
right,23.22,0.0,-0.30000000000000004,0.0,-0.023169750808726377,-0.1802598084204408,0.0063984986146621604,-0.29527515268562987,0.030795173385080324,0.02452923567402991,0.30529134744015285,0,0,0,8.07032025180207,8.07032025180207,8.01297971851869,7.087044717216097
right,23.240000000000002,0.0,-0.30000000000000004,0.0,-0.0300340460898675,-0.17963593926183255,0.021822788670128886,-0.19553137844845164,0.023816185557885058,0.016601473754019144,0.30551971900297853,0,0,0,8.036895650228091,8.036895650228091,7.973452966179778,6.4666763377687175
right,23.26,0.0,-0.30000000000000004,0.0,-0.0332271658249875,-0.17952071505366096,0.02067524392735374,-0.12529686466403067,0.017595152818386896,0.013284128518011628,0.30592647860616007,0,0,0,7.5735118573234645,7.5735118573234645,7.964651166846043,4.137446955083472
right,23.28,0.0,-0.30000000000000004,0.0,-0.035346698254116314,-0.1753142180291105,0.006195299242934706,-0.06831950583760742,0.012744257787912248,0.011680984654339617,0.306167678616223,0,0,0,7.295292907516203,7.295292907516203,7.98448825190891,3.01220006068621
right,23.3,0.0,-0.30000000000000004,0.0,-0.03548422572762312,-0.1704538850583761,-0.011908958832746884,0.011306399163809867,0.011250814100464576,0.009651792890221887,0.30609303889550554,0,0,0,7.662482616820481,7.662482616820481,7.995361130786129,4.261103686914868
right,23.32,0.0,-0.30000000000000004,0.0,-0.03297652374785647,-0.16982870850265647,-0.048165770263175096,0.1132358393995966,0.01538646110228158,0.007593814701328049,0.3055207195320252,0,0,0,7.397060641159997,7.397060641159997,7.993412548731076,4.8179141404778925
right,23.34,0.0,-0.30000000000000004,0.0,-0.03299686723868381,-0.18383350325362502,-0.07029213361860194,0.24456778697637555,0.031768206763183045,0.0038408088413604585,0.30431262853716873,0,0,0,6.779562890854123,6.779562890854123,7.999007962224304,5.680620357348433
right,23.36,0.0,-0.30000000000000004,0.0,-0.03842740581547038,-0.19548743055873935,-0.04563494054090372,0.1985929877336082,0.05040553233580547,-0.00047813465033954964,0.3028276188507905,0,1,0,5.690555073141129,5.690555073141129,8.022484511149663,6.585201200797014
right,23.38,0.0,-0.30000000000000004,0.0,-0.049472874281683565,-0.1838583497622333,0.006858701690579038,0.05685044261819478,0.05827181517389172,0.0036603644434402617,0.3023153341174684,0,0,0,6.3963184447535255,6.3963184447535255,8.08017344994581,2.5403310738271183
right,23.400000000000002,0.0,-0.30000000000000004,0.0,-0.05973893952442928,-0.18480122394449625,0.0379458598117647,0.08395531557681796,0.06447955768677321,0.009578043974585794,0.3025658217180443,0,0,0,7.0068460475943075,7.0068460475943075,8.169225193108758,8.027538798184299
right,23.42,0.0,-0.30000000000000004,0.0,-0.07963372148766441,-0.18671292745586246,0.06435783996469284,0.2638832199789389,0.06829137864453286,0.014423064950172428,0.30330558000113406,0,0,0,8.098911926793074,8.098911926793074,8.217724635484132,10.385672802858986
right,23.44,0.0,-0.30000000000000004,0.0,-0.08917661026793781,-0.19157957779290363,0.06463745478509024,0.34679199261074484,0.06956830689506985,0.017625002684452374,0.304242550584822,0,0,0,7.595486941864014,7.595486941864014,8.182648495022981,9.559651068175796
right,23.46,0.0,-0.30000000000000004,0.0,-0.09446934045004807,-0.20812410690140692,0.058536245780777485,0.31511071946239255,0.06397415142681305,0.021768171973151212,0.305156338430065,0,0,0,7.742374188435903,7.742374188435903,8.240511821639018,5.243694894784629
right,23.48,0.0,-0.30000000000000004,0.0,-0.09980773807334042,-0.2263934020163244,0.05500520133706473,0.25792482696507024,0.052974196195450185,0.025335290480122105,0.3060653355941848,0,0,0,7.776923540920163,7.776923540920163,8.288548992240514,2.4248120285500745
right,23.5,0.0,-0.30000000000000004,0.0,-0.09901073158550637,-0.24107330637538307,0.039765529680210306,0.16912776139281283,0.04003322111049609,0.027545953467704352,0.3068273940172394,0,0,0,7.857933527990388,7.857933527990388,8.275416674337048,2.441474820364923
right,23.52,0.0,-0.30000000000000004,0.0,-0.09038137981784587,-0.24845442955243036,0.009169023866019706,0.02788628780491282,0.027927806636796792,0.0297122170098324,0.307172436902122,0,0,0,8.064872622198786,8.064872622198786,8.259470292952784,3.0117646301951186
right,23.54,0.0,-0.30000000000000004,0.0,-0.08326901244668238,-0.23259502916309993,-0.013409484859538079,-0.04003512966404733,0.017336591104512567,0.0309644507200778,0.30701265920646836,0,0,0,7.582083788778959,7.582083788778959,8.235566013025569,2.960696392875947
right,23.56,0.0,-0.30000000000000004,0.0,-0.07499181624642468,-0.19934028945649185,-0.020116837167847002,-0.030506253080260056,0.012576992203248571,0.030882927761513912,0.30656544885014203,0,1,0,6.3867862469500345,6.3867862469500345,8.230111350644766,1.633667438999721
right,23.580000000000002,0.0,-0.30000000000000004,0.0,-0.06835712464682575,-0.15738627766037241,-0.02599427076284107,-0.022620654400467687,0.015489111260572909,0.03399518639178492,0.3060822151554196,0,0,0,8.465896652363684,8.465896652363684,8.212386522233402,1.4856581755586185
right,23.6,0.0,-0.30000000000000004,0.0,-0.06841625742293636,-0.12222658379699008,-0.025676512634050703,-0.09198781313830004,0.019551195975119364,0.03443636744553693,0.3054528706499701,0,0,0,8.996696492229521,8.996696492229521,8.180371117943135,5.212848730479649
right,23.62,0.0,-0.30000000000000004,0.0,-0.0767999098565248,-0.1013230826872578,-0.0315278292288632,-0.17529882618396228,0.024159247981387633,0.03090335343687044,0.3048953742079214,0,0,0,8.749530143130588,8.749530143130588,8.110220499611078,5.518379200029351
right,23.64,0.0,-0.30000000000000004,0.0,-0.08652493208716568,-0.10310794912290172,-0.035231106905542584,-0.11825179387266063,0.02164877328189999,0.02261336988286576,0.30422858688043597,0,0,0,9.122788451592623,9.122788451592623,8.046213429061886,4.869375016928702
right,23.66,0.0,-0.30000000000000004,0.0,-0.08420610510858266,-0.111620988745848,-0.03708691159361663,-0.019443820809146833,0.014146131634294094,0.014229820264531996,0.3035540342531984,0,0,0,9.93549056586491,9.93549056586491,8.032093044099017,3.6321775129945104
right,23.68,0.0,-0.30000000000000004,0.0,-0.07353662955132675,-0.12247665718951907,-0.04850618514852942,0.08194511201843369,0.009198671003082916,0.007803630167753889,0.30273610769330056,0,0,0,10.14103953069028,10.14103953069028,8.053419043646162,4.283251523211443
right,23.7,0.0,-0.30000000000000004,0.0,-0.06039148889272267,-0.13482703752578754,-0.07262501044585108,0.22142515751630448,0.01063385659817013,0.003871196260089759,0.30158580113225436,0,0,0,9.605760839965686,9.605760839965686,8.069213073900723,5.225068235876195
right,23.72,0.0,-0.30000000000000004,0.0,-0.040616072378921224,-0.15133206696388396,-0.04000771695120641,0.22641875491162447,0.02389917939932454,0.0003987469936185011,0.30037007470621446,0,1,0,8.585136048314855,8.585136048314855,7.9620767724913115,5.5774276847864455
right,23.740000000000002,0.0,-0.30000000000000004,0.0,-0.006535155818684029,-0.1601522100812818,0.005774393577557855,0.15984709995149107,0.03341568852357869,0.0027993063940112118,0.30001131696851563,0,1,0,6.281972950925244,6.281972950925244,7.895690611013997,1.5146035631228938
right,23.76,0.0,-0.30000000000000004,0.0,0.021954088687540334,-0.1653075897426618,0.032972121831623596,0.1284579450418981,0.04363189599402534,0.008189717391367073,0.30032796790911265,0,1,0,5.968749518726661,5.968749518726661,7.920704927363175,3.8824783593587786
right,23.78,0.0,-0.30000000000000004,0.0,0.03722726923602854,-0.16464214144513684,0.041452807339826876,0.03976930538683861,0.05075536692253409,0.014318054421518473,0.30093949368197315,0,0,0,6.730402924653164,6.730402924653164,8.012894511706524,3.192255890112373
right,23.8,0.0,-0.30000000000000004,0.0,0.027181174058912048,-0.1664380493017507,0.06185328553544915,0.00045458835260194647,0.05140834074794059,0.021602316615433464,0.3017798322436038,0,0,0,7.286549367961008,7.286549367961008,8.08542318287239,4.613067094143218
right,23.82,0.0,-0.30000000000000004,0.0,0.008062751292357576,-0.1784525247989969,0.06653773136068547,0.02122949734960691,0.047892151018725654,0.029263507375162298,0.30285550571295317,0,0,0,7.507965690375748,7.507965690375748,8.126902293340198,5.370728203271695
right,23.84,0.0,-0.30000000000000004,0.0,-0.011328123767477225,-0.20562717979247788,0.053858235697433345,0.005170855187373289,0.04286507021382711,0.03552619108432775,0.3038476385658843,0,0,0,7.546036408422793,7.546036408422793,8.11400056073833,5.201972350659166
right,23.86,0.0,-0.30000000000000004,0.0,-0.024682114471939787,-0.23684189037787828,0.03860349730696522,-0.05827131060103087,0.03511573208407648,0.038179522023020496,0.3045684406908419,0,0,0,7.007430843792337,7.007430843792337,8.144807938796209,4.144946683403893
right,23.88,0.0,-0.30000000000000004,0.0,-0.02940124333321711,-0.26118577067388354,0.026271105295729347,-0.1599976052559748,0.024339919192276557,0.038175328612130854,0.30507132389539865,0,0,0,7.445866252603007,7.445866252603007,8.185189543045485,2.6883737840828097
right,23.900000000000002,0.0,-0.30000000000000004,0.0,-0.02806191948626209,-0.27973919483931986,0.0055673307320241675,-0.2668091267556904,0.012700950960238782,0.037809542229836755,0.3053117014694614,0,0,0,7.549560192879354,7.549560192879354,8.192386050177738,2.6338817532853884
right,23.92,0.0,-0.30000000000000004,0.0,-0.02242067787242339,-0.29566242412839716,-0.027148502100545924,-0.3813503069702953,0.004649509556005239,0.03836138234974678,0.3050135473048922,0,0,0,6.874070846385214,6.874070846385214,8.189966328837102,3.612184340359369
right,23.94,0.0,-0.30000000000000004,0.0,-0.023067933876103668,-0.2894943854869082,-0.02094217153780576,-0.40222540344555513,0.006835558688146312,0.04104221354092216,0.3043918241272628,0,1,0,5.893715755400563,5.893715755400563,8.210144790197358,3.612184340359369
right,23.96,0.0,-0.30000000000000004,0.0,-0.022776631465417786,-0.2572431478580128,-0.01741626174587687,-0.3020373809172595,0.010596213112261419,0.042116759428540276,0.3040155472519231,0,0,0,7.996953273307664,7.996953273307664,8.267961707543776,1.6089323715531807
right,23.98,0.0,-0.30000000000000004,0.0,-0.019843077081819878,-0.21637422479998772,-0.00993090804587543,-0.3255333730901976,0.013412156434887948,0.039376421970633534,0.3036449021859332,0,0,0,9.585552467928697,9.585552467928697,8.240623492766403,3.951580657665334
right,24.0,0.0,-0.30000000000000004,0.0,-0.02342094629207518,-0.18459951908788846,0.0005443078334088089,-0.439324237428848,0.01942549292347352,0.03197448224323262,0.30345494609892704,0,0,0,8.879155452123909,8.879155452123909,8.177417925714977,5.9500908171823985
right,24.02,0.0,-0.30000000000000004,0.0,-0.034589730752784154,-0.17805778805581318,-0.0022782533368116724,-0.4304851695085742,0.027456140695729617,0.021619775367980754,0.303309248813157,0,0,0,8.212447635843876,8.212447635843876,8.105421231259022,5.649672449357591
right,24.04,0.0,-0.30000000000000004,0.0,-0.04489455928971571,-0.18257293149822237,0.012293570678969423,-0.2962965536422244,0.03170009715500929,0.012729582946163033,0.3033417100296335,0,0,0,8.48528817548443,8.48528817548443,8.071211828850885,4.672830166601253
right,24.060000000000002,0.0,-0.30000000000000004,0.0,-0.05322810444565012,-0.1871989241368182,0.01899938095959313,-0.1636800299173204,0.03454891284487196,0.007172507381200858,0.3035978864795769,0,0,0,8.020125019821284,8.020125019821284,8.065053297061656,3.04820497072648
right,24.080000000000002,0.0,-0.30000000000000004,0.0,-0.05981066612432469,-0.18971240975575293,0.008264112705849726,-0.04480713960967093,0.03716017186922598,0.0030658882683339632,0.3037830086667022,0,0,0,7.542478641504852,7.542478641504852,8.068837148529596,2.938095231909926
right,24.1,0.0,-0.30000000000000004,0.0,-0.06330449607916112,-0.19348834715969293,-0.014791923318770857,0.08409477665481006,0.042448554997233955,-0.0010244258703874312,0.30359305910267054,0,0,0,7.238476969729401,7.238476969729401,8.067435757741343,4.230535577682873
right,24.12,0.0,-0.30000000000000004,0.0,-0.06026984488999137,-0.19074431995568558,-0.02499634160293855,0.12384821042099946,0.050190661527985896,-0.003093836467799268,0.3029174134613284,0,0,0,6.7081902649467775,6.7081902649467775,8.074708176238584,4.516854228715083
right,24.14,0.0,-0.30000000000000004,0.0,-0.0464540388107745,-0.18173384889580352,0.00219331433873096,0.09419496741909623,0.05936399552685545,0.001265220702845654,0.3024706493917703,0,1,0,6.008029739123335,6.008029739123335,8.099878595751417,1.3579699360016935
right,24.16,0.0,-0.30000000000000004,0.0,-0.029715939804457178,-0.17447467637081351,0.02436201298099984,0.03727549938555748,0.07003668619139768,0.005251662370545091,0.302554995750878,0,1,0,6.663215863076942,6.663215863076942,8.160829436385256,1.1305295887121278
right,24.18,0.0,-0.30000000000000004,0.0,-0.024703552320947137,-0.16968811834782802,0.04769627275077422,-0.0004001132813823971,0.07747429183891344,0.010135176710114905,0.3029721089817555,0,0,0,7.069021695344312,7.069021695344312,8.149960066502686,3.45975313645756
right,24.2,0.0,-0.30000000000000004,0.0,-0.03437243647184061,-0.17350779289029597,0.07092396640968232,0.035480290756619466,0.07894762111881114,0.01626313927134236,0.30382173926204287,0,0,0,6.8518991416074915,6.8518991416074915,8.121352551377562,7.315805150731588
right,24.22,0.0,-0.30000000000000004,0.0,-0.051734351884937205,-0.1839504095537359,0.07752027739321447,0.09668428936211018,0.07762063739989618,0.022392933592436288,0.3049840678539416,0,0,0,6.723266948553697,6.723266948553697,8.094295611043425,8.23847451294431
right,24.240000000000002,0.0,-0.30000000000000004,0.0,-0.06532411880899067,-0.2075766849364238,0.06320319715999953,0.092311577165842,0.07730729560331338,0.02759998749397097,0.306059748460601,0,0,0,6.747809471481949,6.747809471481949,8.12763339395864,7.499995013999264
right,24.26,0.0,-0.30000000000000004,0.0,-0.07171904166177955,-0.23778871313951103,0.04430121866003729,0.046850351787766004,0.07416961694081163,0.030609737467647218,0.30677792186426267,0,0,0,7.361582469978015,7.361582469978015,8.15898192359078,4.76828130994743
right,24.28,0.0,-0.30000000000000004,0.0,-0.06893697051186472,-0.2592454822422368,0.01683521614692644,-0.006977095217790526,0.0666854605032784,0.032246462745667635,0.3070593260938961,0,0,0,7.96426804217663,7.96426804217663,8.129883961350401,2.5878111363579586
right,24.3,0.0,-0.30000000000000004,0.0,-0.05634546088020387,-0.2707858330308982,-0.02821192780694976,-0.07775884831607627,0.054930597279230414,0.03513962657577292,0.3066269100680684,0,0,0,8.3759758976788,8.3759758976788,8.114745561885794,2.802800100948211
right,24.32,0.0,-0.30000000000000004,0.0,-0.04285354449728371,-0.270223969212016,-0.07281750259823974,-0.14105004944255561,0.0425149566197852,0.040033605038607686,0.30530752972984493,0,0,0,8.711605305390753,8.711605305390753,8.080635796303245,4.932817698179194
right,24.34,0.0,-0.30000000000000004,0.0,-0.048201859300301325,-0.23089261653732066,-0.041950366946510956,0.02802495721777888,0.033505448530177166,0.043774624933180586,0.3039312442087873,0,1,0,8.661611692009721,8.661611692009721,8.034832794066354,3.9157540725713615
right,24.36,0.0,-0.30000000000000004,0.0,-0.0538742168855738,-0.18233352731952174,-0.013228447260064238,0.1846626202780737,0.03455172877473578,0.051570015870290455,0.3033580982937937,0,0,0,9.30193214391856,9.30193214391856,7.975125248721412,3.3435553549838186
right,24.38,0.0,-0.30000000000000004,0.0,-0.06403701593501214,-0.1278079416388003,0.010794007459352455,0.2275642899704096,0.03423050085307696,0.05436345222507122,0.30316643312947933,0,0,0,11.05415602185024,11.05415602185024,7.988605032403882,7.473881394623208
right,24.400000000000002,0.0,-0.30000000000000004,0.0,-0.07499163524909364,-0.08635999565361838,0.011939496703572574,0.08730129860806454,0.03510873230071415,0.051156888516062385,0.30346439714251205,0,0,0,9.200621956411661,9.200621956411661,8.03488927075438,6.107238181067528
right,24.42,0.0,-0.30000000000000004,0.0,-0.09336607893464574,-0.0808402114147203,-0.007069751922810508,-0.0006713615656064598,0.03678543745084766,0.0427614883423582,0.30353087158299363,0,0,0,7.473602994777593,7.473602994777593,7.9795042425907425,6.15348375829691
right,24.44,0.0,-0.30000000000000004,0.0,-0.10440182595737774,-0.08907051592580491,-0.018541049941081595,-0.013316402088751726,0.032683131374219465,0.03463268073361394,0.3033278900245822,0,0,0,8.174963169541597,8.174963169541597,7.960033205811705,4.403703832551842
right,24.46,0.0,-0.30000000000000004,0.0,-0.10110234107478452,-0.1010135049659152,-0.03657001251893117,-0.013954925219761816,0.026237580440915984,0.027777693117618088,0.3028221142121438,0,0,0,9.110917994905499,9.110917994905499,7.986688798727954,3.5674314244501435
right,24.48,0.0,-0.30000000000000004,0.0,-0.08669903748063737,-0.11451648500803926,-0.06181642061993745,0.010581685791055936,0.02110369318196577,0.021261254125585726,0.3018654560101886,0,0,0,9.672071139614012,9.672071139614012,8.003658406509178,4.2683859316371375
right,24.5,0.0,-0.30000000000000004,0.0,-0.06857489530639393,-0.1312981962723983,-0.08754109194647412,0.08702200341043811,0.019091709634114003,0.014659343804656097,0.30038722459743916,0,0,0,9.925023383611345,9.925023383611345,7.911615537177411,5.018150804123875
right,24.52,0.0,-0.30000000000000004,0.0,-0.04988565107645926,-0.16104546683559176,-0.10136968584099301,0.23527103727405643,0.028614948571573613,0.007787357894466932,0.2984213320289043,0,0,0,9.179350467311313,9.179350467311313,7.8032783352721005,6.00167174886218
right,24.54,0.0,-0.30000000000000004,0.0,-0.02177323689210307,-0.17371204661279702,-0.0445771329017724,0.1461749862051239,0.045761199573180096,0.0023697342027508357,0.2967945386800796,0,1,0,7.0935604641191565,7.0935604641191565,7.72145014184704,6.414070540888884
right,24.560000000000002,0.0,-0.30000000000000004,0.0,0.00867857029883658,-0.17238734782782322,0.009176017064708858,0.01964195005146825,0.058234663402404546,0.005013745938199495,0.29634485194312615,0,0,0,6.138320255291865,6.138320255291865,7.7108495561446695,3.4237304124914525
right,24.580000000000002,0.0,-0.30000000000000004,0.0,0.023401457253417825,-0.16217112404660447,0.03763488413606149,-0.10862407801566758,0.06969467243531204,0.010075256136431211,0.29664089039090596,0,1,0,6.27888029304979,6.27888029304979,7.806097135594975,3.874206899963511
right,24.6,0.0,-0.30000000000000004,0.0,0.021789868165447607,-0.15658652546680882,0.05756352378273745,-0.14963722149351594,0.07649436909502565,0.016461695728766924,0.2974290771714044,0,0,0,6.5527861786456825,6.5527861786456825,7.889891249012699,2.843638452625269
right,24.62,0.0,-0.30000000000000004,0.0,0.001653047846774999,-0.15915954865646087,0.08419690731858637,0.021922253564858857,0.0761520204398787,0.023782686712710246,0.2986942464934373,0,0,0,6.732707660967173,6.732707660967173,7.912040705859557,3.000935453439754
right,24.64,0.0,-0.30000000000000004,0.0,-0.018209476207391384,-0.17114500919125322,0.09036906513407017,0.25545022369958514,0.0743657598127821,0.029233864387015245,0.3002252337262192,0,0,0,6.64906022513226,6.64906022513226,7.896118130552765,3.492886032479279
right,24.66,0.0,-0.30000000000000004,0.0,-0.03334356321266542,-0.1911977352880233,0.08243648207865882,0.40532209409952713,0.06977959958710479,0.03198142077372112,0.3017499705552471,0,0,0,6.462187589862883,6.462187589862883,7.900808789462058,4.51468504484316
right,24.68,0.0,-0.30000000000000004,0.0,-0.04011351716983549,-0.21821347048389095,0.06486127547200592,0.39474667567660177,0.05912083407569112,0.03394522813058885,0.3030370073729821,0,0,0,6.539149993063335,6.539149993063335,7.957686485893269,4.4491912264535545
right,24.7,0.0,-0.30000000000000004,0.0,-0.03926833982078081,-0.24227307488557281,0.04129333423385551,0.295214161101543,0.042471927967053055,0.035324447437388926,0.30395512932449303,0,0,0,6.743123797345825,6.743123797345825,7.997770134965833,4.800441200332097
right,24.72,0.0,-0.30000000000000004,0.0,-0.04312344113526034,-0.2443989469200736,0.023286164713142366,0.23450785521179232,0.025859355775197716,0.03428884654978144,0.3045491077632741,0,1,0,6.177766028761284,6.177766028761284,8.029551214797987,6.048008547314731
right,24.740000000000002,0.0,-0.30000000000000004,0.0,-0.04989072043228624,-0.23824441558084872,0.028152828149329717,0.22825310420006392,0.022391742281929354,0.0347683623408987,0.3050311638274345,0,1,0,4.881580647706357,4.881580647706357,8.052296026255828,7.505132495265905
right,24.76,0.0,-0.30000000000000004,0.0,-0.05699611453710153,-0.21626083619014494,-0.0018318247052670242,0.17958163844534353,0.02645174372472766,0.03734616742009498,0.3052118739435758,0,1,0,6.549909574669401,6.549909574669401,8.028953404759566,0.9418759395753548
right,24.78,0.0,-0.30000000000000004,0.0,-0.07104032728587294,-0.18063793784325333,-0.038394169827750145,0.09577770523453581,0.03034530911259296,0.03875043657129969,0.30465483206792904,0,0,0,8.359017605931975,8.359017605931975,8.006857174283837,2.942949149896331
right,24.8,0.0,-0.30000000000000004,0.0,-0.09373914991711194,-0.1495500203122766,-0.05376477404500005,-0.07349142528633466,0.03654569445866441,0.036833878958197376,0.30353774182832605,0,0,0,9.14789347159161,9.14789347159161,7.985936548269304,7.276327405862294
right,24.82,0.0,-0.30000000000000004,0.0,-0.11921835496569115,-0.13995062766600247,-0.056488164751114706,-0.09333937841826677,0.041545053985041845,0.03078962478061453,0.3022099780524887,0,0,0,8.923433516722291,8.923433516722291,7.966125192124817,7.496522820196973
right,24.84,0.0,-0.30000000000000004,0.0,-0.13298286165086656,-0.14357725796867227,-0.04900958064258124,-0.017699399461353238,0.042323646593026516,0.02299839643366365,0.30101878142766103,0,0,0,8.734828477348668,8.734828477348668,7.947360899460001,5.606564740141627
right,24.86,0.0,-0.30000000000000004,0.0,-0.1344127733570676,-0.15279455158713368,-0.046687814661935736,0.04801710940829988,0.04301729901640586,0.015131620184143013,0.2999539847491466,0,0,0,9.401166811811182,9.401166811811182,7.908947267358013,3.0230341653600927
right,24.88,0.0,-0.30000000000000004,0.0,-0.12864760131598496,-0.16570199199310362,-0.05364379040250074,0.11622034644495947,0.04661818997165234,0.007712258984959513,0.2987998594102157,0,0,0,9.457794473353232,9.457794473353232,7.831277273391414,2.6594218862848757
right,24.900000000000002,0.0,-0.30000000000000004,0.0,-0.11921155319109945,-0.1727714820610775,-0.04370708026875489,0.1267588182693583,0.053017477121947966,0.001528408379023966,0.2975231823425199,0,0,0,8.962938142256194,8.962938142256194,7.745130294867529,2.349851697175972
right,24.92,0.0,-0.30000000000000004,0.0,-0.08979857963592874,-0.1538673878293444,-0.016747544712484172,0.10208394631549858,0.05284207563094506,0.004485872988812312,0.2967921942816119,0,1,0,7.785848702389798,7.785848702389798,7.668892732189271,2.8679445454902273
right,24.94,0.0,-0.30000000000000004,0.0,-0.04185260318202995,-0.13508634390317334,0.019886584789773506,0.12059308651494302,0.060523730683900406,0.009784557470256689,0.296712519576249,0,1,0,8.24638681167553,8.24638681167553,7.6657536548406675,1.2301238106892756
right,24.96,0.0,-0.30000000000000004,0.0,-0.0012858909303545335,-0.12281865729041186,0.046472018093941005,0.132820696665694,0.07021076731523429,0.015367942969751483,0.29723059747215336,0,1,0,7.8724987880403114,7.8724987880403114,7.728799269887478,4.750447305121216
right,24.98,0.0,-0.30000000000000004,0.0,0.01960873633029502,-0.1093516911371964,0.06501955099539924,0.10803060052998305,0.07700081891639718,0.019479322878127037,0.29815573021900527,0,0,0,7.572042098234721,7.572042098234721,7.813119136792189,3.7164573194602886
right,25.0,0.0,-0.30000000000000004,0.0,0.015199491828717316,-0.1055702953211645,0.08568195158756658,0.15030702917394073,0.07777550278771665,0.025287132483033242,0.2994090987998389,0,0,0,6.801603787501342,6.801603787501342,7.883608119042403,4.381965322970446
turn_left,25.02,0.0,0.0,0.44999999999999996,-0.0030297122642447614,-0.11245525910655203,0.09489622289762781,0.25714977143125317,0.07528272841138976,0.030502629575812297,0.3009556458751905,0,0,0,6.628507954793893,6.628507954793893,8.009441365374776,7.49123251565206
turn_left,25.04,0.0,0.0,0.44999999999999996,-0.023849204896223306,-0.13033915188690742,0.0843488101193903,0.35208733666805964,0.0710600884942299,0.03301404368248633,0.3024663231477444,0,0,0,6.716382417756147,6.716382417756147,8.052689222202577,7.413275666173284
turn_left,25.060000000000002,0.0,0.0,0.44999999999999996,-0.03588737242586021,-0.15873333792047797,0.058882788884947114,0.31014431780179735,0.06481669038129757,0.033049127154343966,0.30359733515275267,0,0,0,7.089546778276758,7.089546778276758,8.10891908397857,5.477036920009828
turn_left,25.080000000000002,0.0,0.0,0.44999999999999996,-0.04066845985157685,-0.17983062225825386,0.038283634076165945,0.19947165797638258,0.05404240997112152,0.03173985940997423,0.30432621052380243,0,0,0,7.774041567674691,7.774041567674691,8.173401212723277,3.7305289117446323
turn_left,25.1,0.0,0.0,0.44999999999999996,-0.033485095164320335,-0.18590101634848843,0.008078237608234557,0.12563317594201204,0.04282900071888063,0.031097183922791916,0.30457776351322785,0,0,0,8.346005342723874,8.346005342723874,8.143517944069728,5.1279832239147085
turn_left,25.12,0.0,0.0,0.44999999999999996,-0.01034682884289181,-0.18115402903567812,-0.026171415128216746,0.07834993312967428,0.04317808516295329,0.03481722916875689,0.30419559467410223,0,0,0,8.327415462339296,8.327415462339296,8.115260211204085,5.1279832239147085
turn_left,25.14,0.0,0.0,0.44999999999999996,0.005001229951162084,-0.1567801188406781,-0.0281398536950419,0.1900807363345695,0.05100993138929719,0.04192191221498296,0.3033526993154761,0,1,0,7.253765849667877,7.253765849667877,8.088532585690093,2.753981313263518
turn_left,25.16,0.0,0.0,0.44999999999999996,0.010289154339364233,-0.12177920235405498,-0.014685968908249605,0.4292796704959326,0.05358714425797544,0.04675408495094213,0.3027883116912794,0,1,0,7.312656219023291,7.312656219023291,8.063245965147164,3.1369071004933056
turn_left,25.18,0.0,0.0,0.44999999999999996,0.010072934574171421,-0.08899168691225057,-0.011719670080559935,0.5682511672862597,0.049795848062435276,0.04891291190844304,0.3024774998178485,0,1,0,8.33577397203526,8.33577397203526,8.039317079505814,5.3807641181890995
turn_left,25.2,0.0,0.0,0.44999999999999996,0.004913958964916309,-0.07138384150915406,-0.03220003951839468,0.49881168483544763,0.0422341444401596,0.04823117881017599,0.3019981380079712,0,0,0,7.614376830729548,7.614376830729548,8.010609980050532,5.3807641181890995
turn_left,25.22,0.0,0.0,0.44999999999999996,-0.002126876960035775,-0.06933246874398238,-0.06964343000688118,0.3678985078543265,0.029478930820416614,0.04564931007950449,0.30079729816802536,0,0,0,7.312005555290341,7.312005555290341,7.989489980308161,4.209688472796739
turn_left,25.240000000000002,0.0,0.0,0.44999999999999996,-0.01004167855112315,-0.06320590649907205,-0.08356903498815287,0.2904461292082038,0.010530344261684452,0.043460274006741545,0.2991396433664216,0,0,0,7.692680998191572,7.692680998191572,7.9694904707300545,4.264674681415999
turn_left,25.26,0.0,0.0,0.44999999999999996,-0.01883925359436242,-0.047972605108457925,-0.08214680046595628,0.23622711142454675,-0.005226154712448618,0.04195295946040842,0.29744535869054417,0,0,0,8.323155393729893,8.323155393729893,7.950548549651966,3.5113844643025613
turn_left,25.28,0.0,0.0,0.44999999999999996,-0.024045822316638807,-0.028904553385716555,-0.07453117245634212,0.2323167630129646,-0.011459273329696157,0.04062461437632332,0.2959025592196007,0,0,0,8.62909144211243,8.62909144211243,7.932605197278853,2.4805025013454305
turn_left,25.3,0.0,0.0,0.44999999999999996,-0.025759392128770597,-0.009740770219109502,-0.06515548255476167,0.2976121761391123,-0.00784726989349565,0.03832903191510894,0.29455936334333604,0,0,0,8.703528103862876,8.703528103862876,7.906652315930266,1.955747215163196
turn_left,25.32,0.0,0.0,0.44999999999999996,-0.029997977789660464,0.008743339236217352,-0.05518636278770151,0.42072116581138463,0.0037731719162162444,0.0338943877325889,0.2934265585174609,0,0,0,8.592492855127725,8.592492855127725,7.87247308728444,2.3241759550861674
turn_left,25.34,0.0,0.0,0.44999999999999996,-0.040695029738771274,0.024697956983028978,-0.05065838474326739,0.5564748599836727,0.021345450626762564,0.027709818010556143,0.29243341308809523,0,0,0,8.424313476919078,8.424313476919078,7.847960877171261,2.7894601286073364
turn_left,25.36,0.0,0.0,0.44999999999999996,-0.05823946440745742,0.05950110205784779,-0.009872611039804958,0.5519476208734483,0.030296791414924664,0.024406091914904393,0.29182275507295113,0,0,0,7.847664036199835,7.847664036199835,7.835373620957284,2.7562450385115564
turn_left,25.38,0.0,0.0,0.44999999999999996,-0.06277453046844299,0.10187942033862987,0.009501710817831202,0.5791522653082213,0.022904452309264054,0.028170343104053943,0.2919658306693516,0,1,0,7.309183953310335,7.309183953310335,7.823437516665852,3.045079500380325
turn_left,25.400000000000002,0.0,0.0,0.44999999999999996,-0.058547775058292985,0.11207755025102054,0.06498176830904563,0.5299361595262104,0.01867961447053911,0.027278460661377752,0.2928410789721946,0,1,0,6.624463681056971,6.624463681056971,7.812117667292327,1.7285180543760859
turn_left,25.42,0.0,0.0,0.44999999999999996,-0.055789137310418964,0.10431022971685051,0.10776833006598864,0.5455644100391853,0.016054985097797056,0.021553202444803153,0.29472994625947535,0,1,0,6.6166687393002315,6.6166687393002315,7.86290254540102,2.334957865161619
turn_left,25.44,0.0,0.0,0.44999999999999996,-0.05873540426346473,0.08073970456557118,0.13170046012951392,0.5689657435359171,0.014082556988306806,0.013659946481257935,0.29724035248436576,0,1,0,7.042483325735753,7.042483325735753,7.9953281527566915,2.6220507970584452
turn_left,25.46,0.0,0.0,0.44999999999999996,-0.06633912390804035,0.05875047588383094,0.1262726180179809,0.6375882367520052,0.01163006986710303,0.005816800188201764,0.29987606322987326,0,0,0,7.3291190560901995,7.3291190560901995,8.11224037247947,3.27848598606497
turn_left,25.48,0.0,0.0,0.44999999999999996,-0.07883057450157989,0.05138602002880124,0.1093373511485857,0.7546213107841252,0.011212198270959262,-0.000810515056968702,0.302160783203165,0,0,0,7.730947971041111,7.730947971041111,8.085675864037157,3.7631686348818816
turn_left,25.5,0.0,0.0,0.44999999999999996,-0.09413431555096635,0.04917152833327948,0.10355147394204739,0.7520725290883122,0.009943473405992356,-0.00438538584918809,0.30412647794857917,0,0,0,7.670067043793102,7.670067043793102,8.060542903296433,7.476721527242844
turn_left,25.52,0.0,0.0,0.44999999999999996,-0.10714816913695765,0.04576612676853816,0.09841717327823679,0.7119009234728392,0.011036706696749327,-0.005313428669824643,0.30598609809376504,0,0,0,7.461998243569573,7.461998243569573,8.036758834962995,8.298083314232052
turn_left,25.54,0.0,0.0,0.44999999999999996,-0.1177767128793911,0.03959259842666364,0.08909535976334615,0.6641889032432585,0.015189041388945166,-0.004991828680652537,0.30773758010053887,0,0,0,7.239298044306388,7.239298044306388,8.014246341619998,7.431030929431053
turn_left,25.560000000000002,0.0,0.0,0.44999999999999996,-0.12437885991110594,0.0318548228912738,0.07246424866495244,0.6451861146746397,0.020487760829505233,-0.005421178954749891,0.30926505827462863,0,0,0,7.55240928613582,7.55240928613582,7.992933041299512,4.584000682549265
turn_left,25.580000000000002,0.0,0.0,0.44999999999999996,-0.12731851360030894,0.02587569470932979,0.05345955251179609,0.6346258603500005,0.024332233269047123,-0.0075106565464554175,0.31043083001866517,0,0,0,8.058029375496897,8.058029375496897,8.094635429988546,2.7019027557992157
turn_left,25.6,0.0,0.0,0.44999999999999996,-0.12827754653556805,0.0233489408241865,0.03459383884582287,0.6127391257019487,0.02586093038551495,-0.01028261633481701,0.3112172766521013,0,0,0,8.618880303773084,8.618880303773084,8.07529528352448,3.546259516626516
turn_left,25.62,0.0,0.0,0.44999999999999996,-0.12627822869135327,0.024164831976438025,0.017760451003855236,0.5766070748193688,0.0235666670775039,-0.013447045470405993,0.3116612003662636,0,0,0,8.984845199255775,8.984845199255775,8.032281487832417,3.118766642085335
turn_left,25.64,0.0,0.0,0.44999999999999996,-0.12196801305710174,0.029646261906506884,-0.0006464059692381995,0.5202589923989996,0.016941538219054936,-0.01675095480183684,0.311771327554333,0,0,0,9.121811283481081,9.121811283481081,7.971301124864997,2.863267885776429
turn_left,25.66,0.0,0.0,0.44999999999999996,-0.11606740288911138,0.03706329797014563,-0.012589452012242913,0.4733889844290641,0.007814218146982322,-0.019119285852188823,0.3114949378601265,0,0,0,9.122737753445366,9.122737753445366,7.902035426643803,3.880452105439431
turn_left,25.68,0.0,0.0,0.44999999999999996,-0.09384457659130115,0.03637831311073696,-0.008078591208586486,0.40463637749786446,0.008223738826914514,-0.01528265785051335,0.31125876295209,0,1,0,8.331372032769846,8.331372032769846,7.8335223782245755,2.8401883758056248
turn_left,25.7,0.0,0.0,0.44999999999999996,-0.06476247119852888,0.03839768085158129,-0.007256172844093092,0.45016524807905195,0.005044692665863077,-0.011182426053367,0.31109729465336605,0,1,0,6.868509016188756,6.868509016188756,7.7936996623897095,0.8526328149456076
turn_left,25.72,0.0,0.0,0.44999999999999996,-0.033922274435443794,0.03898793412815452,-0.02153450050203147,0.539305630684853,0.0001568579268334853,-0.007290256193251898,0.3108056668188518,0,1,0,6.083570038502242,6.083570038502242,7.808704525954315,0.8438269738039182
turn_left,25.740000000000002,0.0,0.0,0.44999999999999996,-0.014256733675346078,0.04222390418347914,-0.04629504900886815,0.605146720941044,-0.0048757575349023035,-0.0033217678988589393,0.31007306979847377,0,0,0,7.131984382998478,7.131984382998478,7.883742307947145,3.8262474186343214
turn_left,25.76,0.0,0.0,0.44999999999999996,-0.018553798474954933,0.04425470994809263,-0.06927641511300098,0.6457921851246105,-0.00524841024873499,0.0006479548421880814,0.3088656832204302,0,0,0,8.148153207929028,8.148153207929028,7.955187291263208,3.8262474186343214
turn_left,25.78,0.0,0.0,0.44999999999999996,-0.03762006932794816,0.04780691052039796,-0.07525986361529041,0.6287790331971563,-0.004261499527107401,0.002820613329053119,0.30737738680659726,0,0,0,8.460717242441545,8.460717242441545,8.051450150151503,3.1481968448239184
turn_left,25.8,0.0,0.0,0.44999999999999996,-0.05397178203034395,0.05214788466441128,-0.07344747765121104,0.5879401681138863,-0.006128734802584254,0.00209218994801157,0.3058670204906058,0,0,0,8.563906999266791,8.563906999266791,8.160779093147333,2.8167769742068662
turn_left,25.82,0.0,0.0,0.44999999999999996,-0.06212016098143048,0.05209494213091646,-0.07440970464291068,0.5169342854998105,-0.008943846283554362,-0.0009887997540281377,0.3043606103112547,0,0,0,9.49108776468402,9.49108776468402,8.124524093294962,2.0838599134323985
turn_left,25.84,0.0,0.0,0.44999999999999996,-0.06481146460443837,0.04800963787445427,-0.0743698699222701,0.44801751682558505,-0.01008135083302137,-0.004927411190266003,0.3028530604118695,0,0,0,10.056170494633985,10.056170494633985,8.044650427254794,1.9436924598894385
turn_left,25.86,0.0,0.0,0.44999999999999996,-0.06490280908091767,0.04150071591852119,-0.07517387025639277,0.4234449021670487,-0.00854177430373482,-0.008674048681465483,0.3013567521063787,0,0,0,10.22339918033759,10.22339918033759,7.931508779440314,2.098451169644891
turn_left,25.88,0.0,0.0,0.44999999999999996,-0.06811386217789402,0.03574218055520842,-0.07198758261005558,0.42861363675810576,-0.005453194886151874,-0.012304392201898011,0.2999077975873466,0,0,0,10.164539674449532,10.164539674449532,7.806865776825518,2.9657829043085973
turn_left,25.900000000000002,0.0,0.0,0.44999999999999996,-0.07605929061419174,0.03218140807867953,-0.07039083692073492,0.4530726192832768,-0.002059918119744346,-0.01616873821150779,0.29850765289055226,0,0,0,10.087394986895795,10.087394986895795,7.684853746121057,3.714950094975505
turn_left,25.92,0.0,0.0,0.44999999999999996,-0.08667383435774363,0.03958421851320337,-0.05320098273476027,0.45318129484796454,-0.0006745585864520938,-0.019178984473906074,0.29717752040760564,0,0,0,9.830885711895183,9.830885711895183,7.568736482911575,3.3162023330860606
turn_left,25.94,0.0,0.0,0.44999999999999996,-0.08599442934525099,0.0664114462127497,-0.022980153878998034,0.4653230651884703,-0.010190256325984482,-0.01569284513650827,0.29646406895900085,0,1,0,8.856450160732422,8.856450160732422,7.4588287872951895,3.061352969471352
turn_left,25.96,0.0,0.0,0.44999999999999996,-0.0820878165502741,0.07273236218255938,0.0558125216673663,0.401062735356908,-0.00937566004958584,-0.015679950300282925,0.29684569873000355,0,1,0,7.824986157667185,7.824986157667185,7.397075531570053,1.691532884588759
turn_left,25.98,0.0,0.0,0.44999999999999996,-0.07462508833575723,0.06724539148983134,0.11383593401146919,0.45488405330889436,-0.005789982156494854,-0.01867396176022407,0.29862421547453544,0,1,0,6.485815127297247,6.485815127297247,7.379477211876289,1.7506345298915487
turn_left,26.0,0.0,0.0,0.44999999999999996,-0.06246107540246166,0.0451430335802134,0.1385984666762786,0.5287109040640068,0.00036915052462181024,-0.021246471291705673,0.30119737820182796,0,0,0,6.4711492261912555,6.4711492261912555,7.409560695414054,2.2932126310099985
turn_left,26.02,0.0,0.0,0.44999999999999996,-0.05780277783003687,0.02818565979954382,0.13271739361962534,0.5741437922901956,0.005972527778115203,-0.02305750852371462,0.3039039402355281,0,0,0,6.386642972751761,6.386642972751761,7.493269097296359,3.3884051819944405
turn_left,26.04,0.0,0.0,0.44999999999999996,-0.06512803600503597,0.022364079657479267,0.11502493110614113,0.576723418170354,0.009846109606840688,-0.024659993755003443,0.3062417503406228,0,0,0,6.553307711062965,6.553307711062965,7.571222631972624,7.210618415995648
turn_left,26.060000000000002,0.0,0.0,0.44999999999999996,-0.07901260892171638,0.015779145902267058,0.09676368236248574,0.60468015739587,0.011597283909219944,-0.024692936789794426,0.30814097847033695,0,0,0,8.60842425643153,8.60842425643153,7.617616418610922,10.128709581904495
turn_left,26.080000000000002,0.0,0.0,0.44999999999999996,-0.08985662081939436,0.0062638085137828505,0.07731701410666096,0.6633838300652436,0.010837560649753105,-0.024715552942099886,0.3096571464610111,0,0,0,7.161944346087534,7.161944346087534,7.69098648158624,9.910876642754516
turn_left,26.1,0.0,0.0,0.44999999999999996,-0.09814113709246657,0.00029578069957625705,0.06418464249687539,0.6967864716777331,0.007763648626986275,-0.02567662958266103,0.3109008539368473,0,0,0,7.492988812071359,7.492988812071359,7.835215022506379,6.401170071868023
turn_left,26.12,0.0,0.0,0.44999999999999996,-0.10561383904656166,-0.0010542373692511353,0.05481372788318395,0.700604432279044,0.0034688613897978036,-0.02655756066285846,0.31195969222517556,0,0,0,7.812568506081384,7.812568506081384,7.961468952991055,2.8524035504461427
turn_left,26.14,0.0,0.0,0.44999999999999996,-0.11128656419595585,0.0009675114331694544,0.04360030653043299,0.6777960113093969,0.00040237960760444014,-0.026665683456838462,0.31281752958124565,0,0,0,8.016122327004382,8.016122327004382,7.9842041762077365,2.961840602170664
turn_left,26.16,0.0,0.0,0.44999999999999996,-0.11429842912554325,0.004682920822202273,0.030737754162467934,0.6255020352409236,-0.0009340051088458956,-0.02602165392942443,0.31343498812291676,0,0,0,8.149362175201686,8.149362175201686,7.964484510310442,4.189232649817684
turn_left,26.18,0.0,0.0,0.44999999999999996,-0.11454082029352929,0.009007373335567675,0.017981019446339494,0.5510105573986739,-0.0017684046387853164,-0.025326518533897963,0.31383445774763874,0,0,0,8.204916378845544,8.204916378845544,7.939533902225442,3.883395715923485
turn_left,26.2,0.0,0.0,0.44999999999999996,-0.10286382907236294,0.010003602124876311,0.02169729532756868,0.45013811700628914,0.0013859545665700838,-0.023361635921258544,0.3141697648148885,0,0,0,8.15105625125344,8.15105625125344,7.91177328061076,3.2212627734296975
turn_left,26.22,0.0,0.0,0.44999999999999996,-0.08063889950038951,0.006400571592854722,0.008502912987109942,0.37614113952293804,0.006645938234508022,-0.01881373072351953,0.314427168588236,0,0,0,7.770316100385492,7.770316100385492,7.881947580256522,1.9644060665125473
turn_left,26.240000000000002,0.0,0.0,0.44999999999999996,-0.054507113630375206,-0.0009107824471504868,-0.027224648173241522,0.3529043419348959,0.011456435485531182,-0.011178147053211835,0.3141917493386024,0,0,0,6.89744912992471,6.89744912992471,7.86782827716922,1.9644060665125473
turn_left,26.26,0.0,0.0,0.44999999999999996,-0.0362352611897438,-0.006122534868781985,-0.046200129845159005,0.3874314005460868,0.011579886467171238,-0.003280415881223585,0.3133353203785719,0,1,0,5.522823003929082,5.522823003929082,7.885522890609646,2.3060239113567658
turn_left,26.28,0.0,0.0,0.44999999999999996,-0.018968615068701237,-0.003709363914506529,-0.043153661188146716,0.4671766338956144,0.007331577577226072,0.00033552159500541335,0.31241865972227584,0,1,0,6.895588179441121,6.895588179441121,7.897793177314348,1.037570298067451
turn_left,26.3,0.0,0.0,0.44999999999999996,-0.007558283375906928,0.004072183655099313,-0.04915993436690788,0.5149959300768028,0.003681007554252806,0.0024614816048130887,0.31149026555539594,0,0,0,8.37653211934851,8.37653211934851,7.882615132185528,2.932177665897003
turn_left,26.32,0.0,0.0,0.44999999999999996,-0.011884657723248116,0.008517269843084839,-0.07078905929084046,0.5665640902072536,0.006255028319792351,0.0019230514066764814,0.3102155220495212,0,0,0,8.436374416031404,8.436374416031404,7.8682283825864054,4.818725834959777
turn_left,26.34,0.0,0.0,0.44999999999999996,-0.02823712151062266,0.010495298920361332,-0.07388116033441385,0.5996186242307382,0.009024571577627004,-0.0020053730226131288,0.30870821706674634,0,0,0,8.4756152909833,8.4756152909833,7.854589905571007,4.890311583465687
turn_left,26.36,0.0,0.0,0.44999999999999996,-0.043794740095796404,0.011030571228775661,-0.0684901000802785,0.598670756257724,0.009676014471888449,-0.00842798716222081,0.30724861807436776,0,0,0,9.416895681524151,9.416895681524151,7.825957226440792,3.103007427821375
turn_left,26.38,0.0,0.0,0.44999999999999996,-0.05791189548414923,0.00851899794664074,-0.05838373488331739,0.5734224194823628,0.009339412409278656,-0.01566225250303454,0.30596529737123146,0,0,0,9.92552156000852,9.92552156000852,7.753197374090888,2.2355699357420886
turn_left,26.400000000000002,0.0,0.0,0.44999999999999996,-0.06986246781849538,0.004114374565271596,-0.05161702579656822,0.5335660383561625,0.009117537767337189,-0.022333525438004976,0.3048752330907593,0,0,0,9.935739500979675,9.935739500979675,7.649736570191401,1.9634055486853261
turn_left,26.42,0.0,0.0,0.44999999999999996,-0.08151659446308261,-0.0010846956475152585,-0.048618421218724825,0.5002687284147325,0.009686391352009724,-0.028077216443100045,0.30388813166328477,0,0,0,9.768765194692188,9.768765194692188,7.5412045109222134,2.6993728928215606
turn_left,26.44,0.0,0.0,0.44999999999999996,-0.09456707839437702,-0.00513872863420283,-0.04985128730623018,0.47013254578493435,0.011218014776905871,-0.03355110186264903,0.30289941576842044,0,0,0,9.583078755607719,9.583078755607719,7.442151402418226,3.969563005133084
turn_left,26.46,0.0,0.0,0.44999999999999996,-0.10425621004988406,0.010475624922622476,-0.02060206466398552,0.3377701500313066,0.00708207654602376,-0.03631415436768703,0.3020995533120927,0,0,0,9.044577786678303,9.044577786678303,7.354343991114494,4.229449174549442
turn_left,26.48,0.0,0.0,0.44999999999999996,-0.09986192351393655,0.03677212594260134,-0.006413075815746859,0.262306879051876,-0.005645084057629137,-0.03364910589759783,0.30183337943537225,0,0,0,8.39524006508993,8.39524006508993,7.282859376211242,2.839328230296526
turn_left,26.5,0.0,0.0,0.44999999999999996,-0.09142642917380277,0.06381827973384724,-0.0022031631756691383,0.2653982542052986,-0.02216329653228655,-0.029936587837801704,0.30167068876441283,0,1,0,8.128591806031112,8.128591806031112,7.248857154001104,3.446582524709225
turn_left,26.52,0.0,0.0,0.44999999999999996,-0.08393641275383719,0.06797444264411716,0.06160866075401075,0.24517417536060784,-0.024596910382089214,-0.03171050805048408,0.30226679559388275,0,1,0,7.5359399957684206,7.5359399957684206,7.228552775725799,1.4672726817298531
turn_left,26.54,0.0,0.0,0.44999999999999996,-0.07811181751056114,0.062020103244498526,0.11251207906870217,0.35251596497138826,-0.023863366025709792,-0.036331823273798004,0.30401625940116944,0,1,0,6.66614006742966,6.66614006742966,7.229573804468995,1.7675675245635192
turn_left,26.560000000000002,0.0,0.0,0.44999999999999996,-0.06963564424572469,0.04405457963018217,0.12728356058801674,0.49411354228471976,-0.01988346525444653,-0.03897333200115101,0.3064238030256257,0,1,0,6.610404739648329,6.610404739648329,7.257857066406565,1.7675675245635192
turn_left,26.580000000000002,0.0,0.0,0.44999999999999996,-0.0678938500305292,0.030040170567406883,0.11763208134506212,0.5584214198335639,-0.015078413777583146,-0.039539645343870354,0.3087950411444404,0,0,0,6.555360491316859,6.555360491316859,7.33890353989068,4.163304524365468
turn_left,26.6,0.0,0.0,0.44999999999999996,-0.07861413045794717,0.029372447347812285,0.09858925370431183,0.5537680658942418,-0.010088219230255527,-0.03937793129692165,0.31075420474632454,0,0,0,9.645486896126776,9.645486896126776,7.422651790709541,10.490053421700612
turn_left,26.62,0.0,0.0,0.44999999999999996,-0.09825460186193574,0.02813827594894149,0.08522413438472416,0.5530481041637019,-0.005695923310985518,-0.03625381347998033,0.3123434267999859,0,0,0,12.599152789321701,12.599152789321701,7.522106120742681,13.918430964863813
turn_left,26.64,0.0,0.0,0.44999999999999996,-0.11330753954012943,0.020825359972985083,0.06962320959396762,0.5612124523573997,-0.00164399158416616,-0.031590968156199765,0.31367472808413077,0,0,0,8.712717263563695,8.712717263563695,7.661662946871772,13.03819935964627
turn_left,26.66,0.0,0.0,0.44999999999999996,-0.12284717530864628,0.01273922697698795,0.046707772559926614,0.6070854291797395,0.002702867360722706,-0.0283813079902067,0.3146825524254946,0,0,0,6.875914604929725,6.875914604929725,7.787120968327862,7.442031808734949
turn_left,26.68,0.0,0.0,0.44999999999999996,-0.12820335717322884,0.00808228627564971,0.023283323540569025,0.6703947294500774,0.005858547020901253,-0.02743478959870729,0.31523645837239483,0,0,0,7.69673562973933,7.69673562973933,7.8203711121206325,4.642706966013103
turn_left,26.7,0.0,0.0,0.44999999999999996,-0.13161496215829993,0.008026203899172562,0.006943630208902993,0.6839047149216447,0.005955375875996889,-0.027664075652191367,0.3154014173707653,0,0,0,8.449784239263945,8.449784239263945,7.831910733226444,4.741190651653693
turn_left,26.72,0.0,0.0,0.44999999999999996,-0.13138277508655669,0.012504256705267891,-0.004329196764873454,0.647235592413772,0.0023026302314220555,-0.028458772986622406,0.31528256991604975,0,0,0,8.996334227088004,8.996334227088004,7.820153537499301,6.660559320975243
turn_left,26.740000000000002,0.0,0.0,0.44999999999999996,-0.12877428008702263,0.019661602617276473,-0.011558320600099495,0.5772093651121148,-0.004492218667613379,-0.029998216666708793,0.3149985585807194,0,0,0,9.198241003080089,9.198241003080089,7.809003031463966,6.289384141086249
turn_left,26.76,0.0,0.0,0.44999999999999996,-0.12002259491669348,0.021041465081536943,0.007262925215047547,0.5086837543994065,-0.006489990990257521,-0.030054340831885976,0.314817762988112,0,0,0,9.024480017275794,9.024480017275794,7.798426852660519,5.419048536043055
turn_left,26.78,0.0,0.0,0.44999999999999996,-0.10232101934038237,0.020254419025652098,-0.003212200425275261,0.4389240202324834,-0.0022467930705519098,-0.026990827110850515,0.31475965564773484,0,0,0,8.169406738314967,8.169406738314967,7.741412956713599,4.667248438867277
turn_left,26.8,0.0,0.0,0.44999999999999996,-0.08734224634490322,0.02015487498279075,-0.015205262974948619,0.44510642830134384,-0.0023731948677808722,-0.023729144957798935,0.3144599338825833,0,1,0,6.637711716198263,6.637711716198263,7.708728468721166,4.667248438867277
turn_left,26.82,0.0,0.0,0.44999999999999996,-0.06682812789561342,0.01925457497371827,-0.03262814377041494,0.5107103152019852,-0.00522846682709796,-0.02168838859982349,0.3139249797795707,0,1,0,5.257522010918512,5.257522010918512,7.734238970982194,0.6473749053837712
turn_left,26.84,0.0,0.0,0.44999999999999996,-0.04574878050731823,0.01704086061020314,-0.062092601930616574,0.5348131086549026,-0.008038690422625184,-0.019333692548447776,0.3129329549819203,0,0,0,6.396473143658142,6.396473143658142,7.761279921305341,0.9731598833923912
turn_left,26.86,0.0,0.0,0.44999999999999996,-0.030889844883123962,0.018318530703249847,-0.10534228251342405,0.533187142266557,-0.008557785691962139,-0.017340222887098994,0.31117528716630644,0,0,0,7.564979746789318,7.564979746789318,7.753150215383545,2.4483079329985005
turn_left,26.88,0.0,0.0,0.44999999999999996,-0.034203003847972285,0.02081743497301681,-0.12786699588387462,0.5106564168118211,-0.0049266504767513505,-0.01768191275973941,0.30876346365951524,0,0,0,8.646726069686595,8.646726069686595,7.7454354002505,3.7075882723381026
turn_left,26.900000000000002,0.0,0.0,0.44999999999999996,-0.05075274064105591,0.021320381576391424,-0.1208814864778076,0.5186430761130751,-0.0018532174915326261,-0.020713158774206066,0.30621029009544154,0,0,0,9.733956303482392,9.733956303482392,7.7131555666551,3.818726787822209
turn_left,26.92,0.0,0.0,0.44999999999999996,-0.06812626144235107,0.020119538642775783,-0.09797546485166675,0.547325502425394,-0.0009472643700595234,-0.025167007273669436,0.3039902201219531,0,0,0,10.35893196551321,10.35893196551321,7.6274283083400505,3.033277782497309
turn_left,26.94,0.0,0.0,0.44999999999999996,-0.08327941156659628,0.016383443701500373,-0.07650634410696122,0.5532645076448772,-0.0014659942324821223,-0.029717887826897767,0.30223055891558903,0,0,0,10.453838553028126,10.453838553028126,7.504558252481878,2.0279508559682786
turn_left,26.96,0.0,0.0,0.44999999999999996,-0.09499514886423754,0.012352507123187133,-0.06557588872461981,0.5460702500019172,-0.0021578041070392886,-0.03357948704101999,0.3008081417325356,0,0,0,10.152781208313655,10.152781208313655,7.371604909707926,1.9500232816872294
turn_left,26.98,0.0,0.0,0.44999999999999996,-0.10448926301889094,0.009299848155665114,-0.06433718174967816,0.5320218819487199,-0.0015370716021255956,-0.03733906986732997,0.29949702265241546,0,0,0,9.798248284888434,9.798248284888434,7.253029440391291,2.9470927048977527
turn_left,27.0,0.0,0.0,0.44999999999999996,-0.11325559090468643,0.0118291208597869,-0.06107130473399265,0.4951790059055015,0.00097847159046464,-0.04135185168945504,0.29812516960010266,0,0,0,9.6043211327237,9.6043211327237,7.154381437394097,3.5843271951045597
turn_left,27.02,0.0,0.0,0.44999999999999996,-0.10879074064932888,0.039148263211888475,-0.030229036083553627,0.3578386890490878,-0.005404033916435741,-0.039428830020192276,0.2972241233749879,0,0,0,8.705169690359357,8.705169690359357,7.069573305725722,2.6056764045554694
turn_left,27.04,0.0,0.0,0.44999999999999996,-0.09640631688592037,0.06915083715417814,-0.02244693064575279,0.32811702658001224,-0.01797149841785116,-0.03473758618010252,0.29664485877343016,0,0,0,8.27005692536639,8.27005692536639,7.021430778275683,2.9876351790851983
turn_left,27.060000000000002,0.0,0.0,0.44999999999999996,-0.08789855347509207,0.08638247122914071,0.014207758282665076,0.3106510578944062,-0.0288003156457017,-0.03073396707925162,0.29632134844939534,0,1,0,7.7231297132621775,7.7231297132621775,6.996461447373079,3.485986810394012
turn_left,27.080000000000002,0.0,0.0,0.44999999999999996,-0.08017096026796867,0.07672781958524344,0.08168739899494587,0.2895195676621443,-0.027690003995336634,-0.033747900548173844,0.2973103540749006,0,1,0,7.170250921257199,7.170250921257199,6.990353267156166,1.5001022608591104
turn_left,27.1,0.0,0.0,0.44999999999999996,-0.06896830036676026,0.05060635749890812,0.1155488787190424,0.35419412546297746,-0.0235335015515004,-0.036471653139744,0.2992979741433248,0,1,0,6.498411869432813,6.498411869432813,7.004901380594205,1.5433800471436627
turn_left,27.12,0.0,0.0,0.44999999999999996,-0.058872340999062744,0.0240522490444229,0.11470476400816636,0.42528594661840874,-0.018176427291160816,-0.03635632132681581,0.3016190805181761,0,1,0,6.321955465211833,6.321955465211833,7.058455018803297,3.3493968798325993
turn_left,27.14,0.0,0.0,0.44999999999999996,-0.062586988420968,0.013898833003614483,0.10343709659916575,0.40094906286532533,-0.014135005184773668,-0.03579203734751583,0.3037893762450863,0,0,0,6.2757332028003185,6.2757332028003185,7.158242729343186,3.3145355667682894
turn_left,27.16,0.0,0.0,0.44999999999999996,-0.07841337327207705,0.00915588378100382,0.0944370258402158,0.37048445382141365,-0.007968071024094404,-0.03435397371532769,0.30568286202352096,0,0,0,6.184070682023492,6.184070682023492,7.219758521404213,3.5609335123317294
turn_left,27.18,0.0,0.0,0.44999999999999996,-0.10548586846404152,0.004131562151852653,0.0862393240794894,0.3746583358746267,-0.0014141057237602877,-0.02956806525659376,0.3073665116118164,0,0,0,6.596721060126793,6.596721060126793,7.2964518752241965,3.360414457542724
turn_left,27.2,0.0,0.0,0.44999999999999996,-0.1318282023377046,-0.006741489175080418,0.07486577339360423,0.41831226936719584,0.00508977316966546,-0.02289792157308042,0.308862352553852,0,0,0,6.898579336058816,6.898579336058816,7.437524732145537,3.603801842206181
turn_left,27.22,0.0,0.0,0.44999999999999996,-0.14935360568300143,-0.01872603141493058,0.05146879424249802,0.49160090158681763,0.012473641195345428,-0.01776359480100778,0.31001898254253724,0,0,0,6.833496851282037,6.833496851282037,7.56917085923854,3.2756893348109513
turn_left,27.240000000000002,0.0,0.0,0.44999999999999996,-0.15346252498334179,-0.02480338970798909,0.02099691934006635,0.5631891900686743,0.018760630241460186,-0.015972216326548706,0.3106218958710376,0,0,0,7.531796073158276,7.531796073158276,7.633035998963166,2.6041767710848083
turn_left,27.26,0.0,0.0,0.44999999999999996,-0.14616895827506815,-0.022207749117579393,-0.009498903036616754,0.6011437989779881,0.020447843849625506,-0.017409888097406657,0.31062367935279817,0,0,0,8.867986856655472,8.867986856655472,7.631388005205913,1.5299440441436403
turn_left,27.28,0.0,0.0,0.44999999999999996,-0.13188729913509234,-0.01311482099485264,-0.030958023019956152,0.580599636972918,0.015862095219608203,-0.021120655426602172,0.3101316993483662,0,0,0,9.815751661699593,9.815751661699593,7.629822431216535,2.7862150250144584
turn_left,27.3,0.0,0.0,0.44999999999999996,-0.10977964067969806,-0.009152811078013814,-0.008826472068680893,0.5305612606313683,0.013516681922346273,-0.0235503480490827,0.30963653404056296,0,0,0,9.945003999950746,9.945003999950746,7.628335134563159,2.8225227154176324
turn_left,27.32,0.0,0.0,0.44999999999999996,-0.07291824994644001,-0.010400284176340771,-0.0007721732884235907,0.43832297210020355,0.018323569565114124,-0.021502424396497972,0.30957080721990454,0,0,0,9.344812867161387,9.344812867161387,7.626922183003547,3.1468122923045345
turn_left,27.34,0.0,0.0,0.44999999999999996,-0.030885187136480845,-0.015784133289797077,-0.015537743261634675,0.3898230111960681,0.02386986321240593,-0.01693898833031519,0.30940339821070023,0,0,0,8.624102469043102,8.624102469043102,7.556861602803082,3.1661731149220222
turn_left,27.36,0.0,0.0,0.44999999999999996,-0.0035060966295279057,-0.021048175012810724,-0.021773076969164768,0.38566320449720404,0.026629529647509677,-0.010846024517411918,0.3088772037749065,0,1,0,7.3175588730947805,7.3175588730947805,7.506773551551561,3.1190598305113832
turn_left,27.38,0.0,0.0,0.44999999999999996,0.0022679112114217014,-0.013897314786883658,-0.0033382181504235187,0.42881885549011456,0.022135368011604026,-0.009048057116169312,0.30866308541283416,0,1,0,5.627268844047745,5.627268844047745,7.5084197499536,0.9856711926015866
turn_left,27.400000000000002,0.0,0.0,0.44999999999999996,0.003156805255789723,-0.0037957714353395304,-0.009501149700971852,0.4394156448805853,0.01883741705365756,-0.009021387579687715,0.3085560293108009,0,0,0,6.194780654449189,6.194780654449189,7.56763892283799,0.6785731696218458
turn_left,27.42,0.0,0.0,0.44999999999999996,-0.0034609169720885196,0.0037493416937743797,-0.03840340321590636,0.4209403683836565,0.018376054740605722,-0.009864568517255413,0.3080493790604003,0,0,0,6.7798436028230205,6.7798436028230205,7.620848365738823,4.256903021498835
turn_left,27.44,0.0,0.0,0.44999999999999996,-0.02104960352607266,0.00873381388946445,-0.05925728512129042,0.34499272676063375,0.022310613271597623,-0.012760588510318685,0.30701847707597407,0,0,0,7.641407760049303,7.641407760049303,7.619809380435939,5.468632579740174
turn_left,27.46,0.0,0.0,0.44999999999999996,-0.04288122262480518,0.006416481721006219,-0.06915586327295437,0.3067090457551917,0.02741493978390216,-0.018262016400707952,0.30564366462978,0,0,0,8.660704556948282,8.660704556948282,7.61882225678924,5.30670333868161
turn_left,27.48,0.0,0.0,0.44999999999999996,-0.06179601449204836,-0.0005256214676372115,-0.06467328244875385,0.3050058829854587,0.0322795658034902,-0.024490032914738464,0.3042581537777434,0,0,0,9.270705735952289,9.270705735952289,7.5835629131465865,3.110392916315161
turn_left,27.5,0.0,0.0,0.44999999999999996,-0.07748668448609426,-0.01126511974084533,-0.05641970415835876,0.32650652692866927,0.03749863317021195,-0.030427010955045474,0.3030305794365404,0,0,0,9.460734330304728,9.460734330304728,7.516050688743331,2.022491327979007
turn_left,27.52,0.0,0.0,0.44999999999999996,-0.09093116763610808,-0.02318840636583141,-0.050395698217702664,0.358896575299624,0.04265208374030763,-0.03577650737544349,0.3019440495962436,0,0,0,9.293232488197958,9.293232488197958,7.435909184898836,2.863761228598365
turn_left,27.54,0.0,0.0,0.44999999999999996,-0.1032162999931427,-0.0205207328958262,-0.02481050267696977,0.2704003077199137,0.045234879721041676,-0.03952051506400235,0.30104044955469283,0,0,0,8.81913705939072,8.81913705939072,7.361402820882461,3.6978034365987087
turn_left,27.560000000000002,0.0,0.0,0.44999999999999996,-0.10523388509347399,0.004188591560499945,-0.0009705428357699216,0.11694395420983357,0.040442769076821344,-0.03756789753786287,0.3008076856516136,0,0,0,7.970667874803784,7.970667874803784,7.298551360630302,2.8927722835687346
turn_left,27.580000000000002,0.0,0.0,0.44999999999999996,-0.09935498252485232,0.028937176697852132,0.0023795486793681936,0.06924616824634713,0.030678321842651995,-0.03475110232662855,0.3007929757577112,0,0,0,7.588756762076812,7.588756762076812,7.281305748154864,3.0275771864027745
turn_left,27.6,0.0,0.0,0.44999999999999996,-0.0888723124480709,0.052335114896319423,-0.0033545489116320387,0.12598837894709564,0.017696719508024896,-0.032019317992956396,0.3007625906316803,0,0,0,7.537337999510282,7.537337999510282,7.282119677993446,3.4460226901994697
turn_left,27.62,0.0,0.0,0.44999999999999996,-0.08431019948266999,0.05220676941632544,0.04542922971432184,0.2059287975404686,0.013816722698104078,-0.03253394349919085,0.3010861994287807,0,1,0,7.352720405525403,7.352720405525403,7.287826579772204,1.7483811727310663
turn_left,27.64,0.0,0.0,0.44999999999999996,-0.07971667546029094,0.04138969327675481,0.0998911996333124,0.3384915915351366,0.0138485399685243,-0.03670240611133815,0.30258647913534076,0,1,0,6.642028989840768,6.642028989840768,7.299463953186795,1.5784592462244578
turn_left,27.66,0.0,0.0,0.44999999999999996,-0.07204214707309088,0.017861877704373048,0.12115846866042373,0.5069307324565242,0.01300625304264941,-0.03958185071785752,0.30484246163671563,0,1,0,6.504822731302782,6.504822731302782,7.328693724189296,1.6604210418909326
turn_left,27.68,0.0,0.0,0.44999999999999996,-0.06932481630810004,-0.004129691803400135,0.10945199918297824,0.5966893666035755,0.011322276331992665,-0.04054422768875049,0.3071368233538935,0,1,0,6.321810964525415,6.321810964525415,7.407241134182026,2.4302092491907583
turn_left,27.7,0.0,0.0,0.44999999999999996,-0.07842344061398195,-0.008818979759853294,0.08255294140442718,0.5780186200451398,0.012414479858555854,-0.04057304791101961,0.30901339411815115,0,0,0,6.467088310712531,6.467088310712531,7.47758294063183,4.32659564555629
turn_left,27.72,0.0,0.0,0.44999999999999996,-0.09986493020610478,-0.01057091851023917,0.062342319099950465,0.5695746934807806,0.014586326542618959,-0.036435527381476256,0.31037275564054423,0,0,0,6.332338619593449,6.332338619593449,7.533646844582709,5.373195241741543
turn_left,27.740000000000002,0.0,0.0,0.44999999999999996,-0.12404745448418328,-0.01618078115074742,0.048457928858451856,0.5344994005048,0.016447466561981348,-0.028861412077466075,0.31138058356798054,0,0,0,6.22596454365035,6.22596454365035,7.579467733960499,5.395569799971092
turn_left,27.76,0.0,0.0,0.44999999999999996,-0.14634059839125188,-0.025738284264020757,0.03309883215665935,0.5122187045415428,0.018008860009384065,-0.02123610545127367,0.31209172980156846,0,0,0,6.6634426180026765,6.6634426180026765,7.698606459488197,4.886840545336523
turn_left,27.78,0.0,0.0,0.44999999999999996,-0.16178275683843063,-0.03510105723915706,0.013190615358365323,0.5163525772762367,0.020892157233321704,-0.016312721174156174,0.3124415442441931,0,0,0,6.880855839485782,6.880855839485782,7.8156942330595385,2.816728773954416
turn_left,27.8,0.0,0.0,0.44999999999999996,-0.16622324010837028,-0.03941876385654779,-0.009376226978899128,0.5204419973694541,0.02444358343401738,-0.014829656775587351,0.31239094347990654,0,0,0,8.06171275156179,8.06171275156179,7.804773534995647,1.599125745360988
turn_left,27.82,0.0,0.0,0.44999999999999996,-0.16114444114955312,-0.03714550362120411,-0.03342551249415072,0.5138456270903814,0.02521192678878821,-0.016305072540908284,0.31187502040804277,0,0,0,9.301994704022231,9.301994704022231,7.794414935373723,2.5031865417579597
turn_left,27.84,0.0,0.0,0.44999999999999996,-0.15212862514391637,-0.029728008400661234,-0.04837285781451162,0.4707737381354536,0.021900632936634447,-0.019749094226921865,0.3109957820471325,0,0,0,10.214918051538664,10.214918051538664,7.731028338322737,3.4979368431844824
turn_left,27.86,0.0,0.0,0.44999999999999996,-0.1366897186888058,-0.026166041547453958,-0.030106919452532355,0.40932581003965834,0.02054184908485878,-0.022335916997012668,0.3100860816285857,0,0,0,10.410800259890376,10.410800259890376,7.618681567371816,4.059146213871356
turn_left,27.88,0.0,0.0,0.44999999999999996,-0.11784880569813039,-0.027118112295995454,0.006621701812616045,0.34441432194260785,0.025005202458606178,-0.02096966554663338,0.3097919571056024,0,1,0,9.712538622707763,9.712538622707763,7.481824168193661,4.5032684237994935
turn_left,27.900000000000002,0.0,0.0,0.44999999999999996,-0.0927784384958212,-0.022872617649437724,0.03272998068620243,0.35076219638251643,0.02423279082179537,-0.020706747509674203,0.31020571654759016,0,1,0,8.753961832655033,8.753961832655033,7.379571411752337,0.7530184093468589
turn_left,27.92,0.0,0.0,0.44999999999999996,-0.06369199296096667,-0.015223531305370203,0.0284333812519558,0.37722936422833914,0.0232683324436652,-0.01922069439857838,0.310818340634156,0,1,0,7.585510920462179,7.585510920462179,7.322873876203737,0.8065756908721017
turn_left,27.94,0.0,0.0,0.44999999999999996,-0.038252121856449,-0.0043229273418868034,0.002936657707161239,0.37899610629367275,0.02200628045873022,-0.01735222512795952,0.31107963608625677,0,1,0,6.051461586934503,6.051461586934503,7.316840295805708,1.9476104180747527
turn_left,27.96,0.0,0.0,0.44999999999999996,-0.025318112363767936,0.009620537810764716,-0.02270171606178282,0.3429806262912609,0.021710555863671408,-0.016199738409928003,0.31081902700135905,0,0,0,6.249434892686557,6.249434892686557,7.367740645569668,1.414207537050376
turn_left,27.98,0.0,0.0,0.44999999999999996,-0.02810005460846661,0.016827666505312113,-0.05035763459396037,0.31713552454615557,0.02395626077098337,-0.01726047628471638,0.3100372330968897,0,0,0,7.0292729720673,7.0292729720673,7.464131699528714,4.488090231766157
turn_left,28.0,0.0,0.0,0.44999999999999996,-0.04116497332710914,0.01715320176499905,-0.06730150474360731,0.27888703955937133,0.02698149983013047,-0.020926283711944462,0.3088493715277656,0,0,0,8.241396062001261,8.241396062001261,7.581791699246356,4.191768408395902
turn_left,28.02,0.0,0.0,0.44999999999999996,-0.05671360035561534,0.008424229814381708,-0.07348437337177882,0.2924863620546577,0.029248546039340597,-0.02627834275604586,0.30736890433255576,0,0,0,9.28525309529191,9.28525309529191,7.721392321244451,4.077585955639991
turn_left,28.04,0.0,0.0,0.44999999999999996,-0.0679528608010401,-0.0024013937956374816,-0.06860516088763186,0.32651293414467447,0.030418243413733413,-0.03104395830808916,0.30590017221106636,0,0,0,9.755850284442852,9.755850284442852,7.713517728660101,2.9080247723305406
turn_left,28.060000000000002,0.0,0.0,0.44999999999999996,-0.07674973270923609,-0.014558328375055829,-0.06207868920384059,0.3671238287367339,0.031463801728135704,-0.0351913434984132,0.3045642228798781,0,0,0,9.811515009206678,9.811515009206678,7.618646293673855,1.9701093713579942
turn_left,28.080000000000002,0.0,0.0,0.44999999999999996,-0.08655429611363277,-0.024424913413055,-0.05799500809163584,0.4040475998000728,0.033161257968482585,-0.039065539004475465,0.303344892224292,0,0,0,9.513055010222349,9.513055010222349,7.518025420674345,2.797560894742375
turn_left,28.1,0.0,0.0,0.44999999999999996,-0.09942751077550863,-0.028919472022917805,-0.049991560952854855,0.3790749706950538,0.03610401683679334,-0.043322690984316174,0.30215926916881675,0,0,0,9.322220605575705,9.322220605575705,7.430354732516211,3.9012992289408164
turn_left,28.12,0.0,0.0,0.44999999999999996,-0.10250456277563447,-0.0077884202192907365,-0.01745123589100273,0.24774837228420032,0.03140806874485281,-0.04272033209063598,0.3014876227758018,0,0,0,8.427349025070503,8.427349025070503,7.3559149217628494,2.771476363492406
turn_left,28.14,0.0,0.0,0.44999999999999996,-0.09823326610119025,0.017178102260696097,-0.009800079321386502,0.2003277587423115,0.020889880424679663,-0.039627714938887,0.30118262140645724,0,0,0,7.93471831188982,7.93471831188982,7.315841491643578,2.9709905819821136
turn_left,28.16,0.0,0.0,0.44999999999999996,-0.08730918065351073,0.045651689594908076,-0.009340802684698002,0.22216115708265674,0.006402601437234143,-0.03583290342282643,0.30096252481129887,0,0,0,7.593413325904632,7.593413325904632,7.30151875915751,3.684284263302633
turn_left,28.18,0.0,0.0,0.44999999999999996,-0.07876355645669013,0.0527218003986889,0.03711067292252308,0.26448082394079114,0.0007463386717598303,-0.03445769678891427,0.3010642937170907,0,1,0,7.225259033447218,7.225259033447218,7.30166693248178,4.047317464028885
turn_left,28.2,0.0,0.0,0.44999999999999996,-0.06923675865254508,0.04435365883471144,0.09118646745275054,0.3747934712665706,0.0035531018945368564,-0.03813303509163355,0.3024163486927149,0,1,0,6.63018703880049,6.63018703880049,7.316515336013875,1.4273390950132743
turn_left,28.22,0.0,0.0,0.44999999999999996,-0.05830538989900925,0.030456326156528005,0.10733405224175947,0.4871833436053453,0.008295513113979159,-0.04020654050625172,0.3044343327864432,0,0,0,6.71830156342794,6.71830156342794,7.3614815715371265,2.566641117825979
turn_left,28.240000000000002,0.0,0.0,0.44999999999999996,-0.06141632121675362,0.021956598891806713,0.10206491914123288,0.4595522288021993,0.011909730146740634,-0.039848415489526466,0.3064769129988283,0,0,0,6.397443389536062,6.397443389536062,7.461790299309321,2.566641117825979
turn_left,28.26,0.0,0.0,0.44999999999999996,-0.08386122875675142,0.014523796936277202,0.09940764847673865,0.412304690907354,0.014583023856830366,-0.036239246493657104,0.3083773148761522,0,0,0,6.174228665658711,6.174228665658711,7.4982814840473715,4.920529536739039
turn_left,28.28,0.0,0.0,0.44999999999999996,-0.11347674269124135,0.0003440521154228198,0.08712436241365538,0.40884009140120436,0.016242645481018485,-0.029632555826515163,0.31004142222450976,0,0,0,6.619832573633888,6.619832573633888,7.570094750306662,8.132289992181898
turn_left,28.3,0.0,0.0,0.44999999999999996,-0.1360909618165209,-0.01565722620774745,0.06392485847445974,0.4247084181960128,0.018074724787621954,-0.02368596002944657,0.311332336931216,0,0,0,6.244982280277565,6.244982280277565,7.711008144014592,8.489541746032005
turn_left,28.32,0.0,0.0,0.44999999999999996,-0.14836684902158362,-0.026401197163962296,0.03336479443510829,0.46071305872424945,0.021635044864007708,-0.02030974230231137,0.31211257863260755,0,0,0,6.366479072088576,6.366479072088576,7.725470453202181,6.482613980886693
turn_left,28.34,0.0,0.0,0.44999999999999996,-0.15042166303680063,-0.02945682174842205,0.0038125343978050842,0.48699041367964113,0.026413912594000593,-0.01899099605509829,0.3123153698877941,0,0,0,7.708687176143008,7.708687176143008,7.719164174260062,3.205109452689709
turn_left,28.36,0.0,0.0,0.44999999999999996,-0.1452491294725983,-0.027527441897735618,-0.02163867614917891,0.479804705177109,0.031173950991217694,-0.019331446989766975,0.31198626766929977,0,0,0,9.012516509309641,9.012516509309641,7.713177923018975,2.6116564542113516
turn_left,28.38,0.0,0.0,0.44999999999999996,-0.13337290643686703,-0.021183209618636976,-0.03989991200726824,0.43463465686401315,0.032846793686921276,-0.02094590704091035,0.31124853927086804,0,0,0,9.837708327085757,9.837708327085757,7.66467056747414,2.8721781564825495
turn_left,28.400000000000002,0.0,0.0,0.44999999999999996,-0.11726854627474391,-0.016206998158704328,-0.03421289684013788,0.37819248546869044,0.03203507631565041,-0.02265496756923933,0.3103275100229589,0,0,0,10.144042232740546,10.144042232740546,7.571409321626099,3.512180093399314
turn_left,28.42,0.0,0.0,0.44999999999999996,-0.08648770548363334,-0.02140330728312294,-0.01775810433157227,0.3123394512221467,0.03633729745326582,-0.020467338724970835,0.30978328314491604,0,1,0,9.59195982476656,9.59195982476656,7.452853484878354,2.184768843012729
turn_left,28.44,0.0,0.0,0.44999999999999996,-0.06491969675241538,-0.018888928734238943,0.021852663996035308,0.35733562104590094,0.03369507333861697,-0.0195067320520635,0.30984357202477214,0,1,0,8.752828910002112,8.752828910002112,7.360478192285733,0.7130042864691701
turn_left,28.46,0.0,0.0,0.44999999999999996,-0.04657520779059338,-0.011645692140302552,0.04379737470228366,0.49247608505596874,0.029126637378006075,-0.018891883835800222,0.3105266517466787,0,1,0,7.688618593882512,7.688618593882512,7.305598645434021,0.7107918743790989
turn_left,28.48,0.0,0.0,0.44999999999999996,-0.03172656671070565,0.00027098927270522246,0.03726603040724404,0.6138369639841689,0.02377618201471158,-0.0181449548741954,0.3113512394647549,0,1,0,6.024165930172717,6.024165930172717,7.295603686947182,0.7500639807158461
turn_left,28.5,0.0,0.0,0.44999999999999996,-0.02145107373242592,0.012827534579590206,0.0023051091306738897,0.6313329789669896,0.018764526263000306,-0.017403031075253723,0.31170904419209466,0,0,0,5.765249092217613,5.765249092217613,7.344269653411054,2.5685714547336636
turn_left,28.52,0.0,0.0,0.44999999999999996,-0.017584668356747057,0.02185585651062863,-0.045460978046090325,0.5517880354803173,0.01667767849850107,-0.018022570399906724,0.3112076418820675,0,0,0,6.448684515875537,6.448684515875537,7.425253748687318,6.11122766928775
turn_left,28.54,0.0,0.0,0.44999999999999996,-0.02303601706325318,0.030454563877198682,-0.06521268655742768,0.3926573277449579,0.019859790285941398,-0.021032686486389004,0.31000465284450984,0,0,0,7.638698368629896,7.638698368629896,7.555200171905273,6.6990731872106775
turn_left,28.560000000000002,0.0,0.0,0.44999999999999996,-0.035117308708673384,0.02867781137378453,-0.08137269858346503,0.28848351743704975,0.027157672066164335,-0.026399645750881995,0.30842465873178637,0,0,0,8.87540598740936,8.87540598740936,7.702076362456893,5.577805115007615
turn_left,28.580000000000002,0.0,0.0,0.44999999999999996,-0.04840667601045007,0.016322145657750215,-0.07853687414615396,0.29726486735055807,0.032883601326925235,-0.03304126476010624,0.30674374732858595,0,0,0,9.788355479597998,9.788355479597998,7.719465476372353,2.9302638949128075
turn_left,28.6,0.0,0.0,0.44999999999999996,-0.060560296958104755,0.0023743416654847045,-0.06500149496938563,0.3220085881485442,0.03653999656894802,-0.03849378345876988,0.3052670534078323,0,0,0,9.952637753664057,9.952637753664057,7.62734403848054,2.3064686755267148
turn_left,28.62,0.0,0.0,0.44999999999999996,-0.0723906115528385,-0.010862881911957403,-0.05334738395762786,0.3519587996831618,0.039101994445600106,-0.04274502300329698,0.3040516273096283,0,0,0,9.732993861793496,9.732993861793496,7.519953987025332,1.8173877108101304
turn_left,28.64,0.0,0.0,0.44999999999999996,-0.08347685532749433,-0.01288378966486814,-0.030438496624947915,0.2937592699983756,0.039512283494495405,-0.045533226525598554,0.303101000470942,0,0,0,9.139448888737702,9.139448888737702,7.421664864721979,2.1735197645217514
turn_left,28.66,0.0,0.0,0.44999999999999996,-0.08391362227360225,0.010387757390205782,-0.0018175375520603381,0.13747337520455477,0.033859254206777795,-0.043373610396302824,0.3028056676946436,0,0,0,8.223091175956467,8.223091175956467,7.34319697244764,2.3745624596878008
turn_left,28.68,0.0,0.0,0.44999999999999996,-0.07674489346307242,0.03781371858222979,0.007652391542019582,0.06234218357408698,0.02276073920187328,-0.03971664644155287,0.30285853736013657,0,0,0,7.760498631936827,7.760498631936827,7.313467573434817,2.89526692738862
turn_left,28.7,0.0,0.0,0.44999999999999996,-0.0642330639458196,0.061788759733279866,0.0012155838437642626,0.10678038956239197,0.009029277109602949,-0.036036397693858496,0.3029434441009169,0,0,0,7.504629874399068,7.504629874399068,7.306599569681822,3.313918325948415
turn_left,28.72,0.0,0.0,0.44999999999999996,-0.05438996967003588,0.0734832081540644,0.009607347306727992,0.24370646174136637,-0.0016889834385591827,-0.03303287914807537,0.30288746337298955,0,1,0,7.338259952846192,7.338259952846192,7.31155145351903,3.9671887741216048
turn_left,28.740000000000002,0.0,0.0,0.44999999999999996,-0.05101748037352699,0.0584721431376306,0.0673537808147526,0.3667708970454796,0.000620903366882866,-0.03508289694210637,0.30370589489672317,0,1,0,6.812911657545213,6.812911657545213,7.3172220086951185,1.1363027518059592
turn_left,28.76,0.0,0.0,0.44999999999999996,-0.04546360489786823,0.03022294650903382,0.09967929340570224,0.5072245498403589,0.003733635314987947,-0.03675155903427434,0.30543002944114145,0,0,0,6.542425298978576,6.542425298978576,7.341681359294064,2.7281471032948836
turn_left,28.78,0.0,0.0,0.44999999999999996,-0.050511344198791434,0.008269480129280908,0.10529450635110865,0.5603525360401819,0.006632409807861598,-0.03709462110479512,0.3074730866212758,0,1,0,6.653532567791427,6.653532567791427,7.417211241278597,3.654265320196322
turn_left,28.8,0.0,0.0,0.44999999999999996,-0.06307818428061347,0.0026760843897924045,0.09555114901501716,0.507773099643852,0.008217672699127548,-0.037309215533205965,0.30941000435448646,0,0,0,6.602539413843023,6.602539413843023,7.489313151766144,4.381909804404802
turn_left,28.82,0.0,0.0,0.44999999999999996,-0.08478512014535267,0.0012365753042121457,0.07823242781497179,0.4695725004959681,0.009213141880633706,-0.03418408455119842,0.31098456526372126,0,0,0,6.953078935174114,6.953078935174114,7.550275058201926,8.409691140394685
turn_left,28.84,0.0,0.0,0.44999999999999996,-0.1069758346137088,-0.005741237086053316,0.06086312670807968,0.46685742031316996,0.007375732570504248,-0.028635788580221457,0.31221117115396124,0,0,0,6.447414911047987,6.447414911047987,7.692820476554573,8.224263644799027
turn_left,28.86,0.0,0.0,0.44999999999999996,-0.12784543783342248,-0.014391785213237567,0.04116064180251627,0.47944843841744716,0.004921856620950453,-0.0236055206475388,0.31308828512685655,0,0,0,6.712668863642523,6.712668863642523,7.762374285502375,6.59669546377337
turn_left,28.88,0.0,0.0,0.44999999999999996,-0.14337282193940498,-0.020703006792929298,0.02079472378463483,0.49615333829263875,0.004451037233402827,-0.020682109253044093,0.3135870151654596,0,0,0,6.768486068763593,6.768486068763593,7.754188688377781,4.712047614657919
turn_left,28.900000000000002,0.0,0.0,0.44999999999999996,-0.14954142956878866,-0.021763603182708167,-0.000807857605951054,0.5086294628849382,0.004874776453926447,-0.02008664978478343,0.3136887111873582,0,0,0,7.8304666513130385,7.8304666513130385,7.7464209061636495,3.1359026190233115
turn_left,28.92,0.0,0.0,0.44999999999999996,-0.1460451305939339,-0.017186772309377013,-0.022763381300931602,0.5111150155627253,0.0038689893061391693,-0.021868893289437318,0.31335658998425325,0,0,0,8.982561763552162,8.982561763552162,7.739049103166931,3.7091497185913544
turn_left,28.94,0.0,0.0,0.44999999999999996,-0.13960271950295877,-0.007559682066769182,-0.038223682104955005,0.48689463741850797,-0.00016829847816571817,-0.025478854672245223,0.3126733054473026,0,0,0,9.806373541328337,9.806373541328337,7.690187963993356,4.649314393324585
turn_left,28.96,0.0,0.0,0.44999999999999996,-0.12379454279504842,-0.009072938003451533,-0.006145868814671341,0.4521737851118581,0.0020005087407621493,-0.026082654907577663,0.3122352939541437,0,0,0,9.789619866287106,9.789619866287106,7.598420043863399,2.767664277991708
turn_left,28.98,0.0,0.0,0.44999999999999996,-0.10425641214435852,-0.008392100259941655,0.005479768518196931,0.3960582326015392,0.006211988209261292,-0.02491903321573499,0.31212702222569716,0,1,0,9.332312057017145,9.332312057017145,7.496494162768862,2.280563202791565
turn_left,29.0,0.0,0.0,0.44999999999999996,-0.08369744330127982,-0.0005772970876925617,0.02652296868696206,0.4090307293920803,0.0024050140047284113,-0.025559217987286047,0.3124449397605785,0,1,0,8.49526912453571,8.49526912453571,7.414102231488503,0.6552090567364026
turn_left,29.02,0.0,0.0,0.44999999999999996,-0.06002446651773825,0.007858959918385353,0.022205510827445433,0.47347321012484056,-0.0015851049865926261,-0.02540377602598854,0.31292137123318914,0,1,0,6.9762583917063745,6.9762583917063745,7.370122584625822,0.6552090567364026
turn_left,29.04,0.0,0.0,0.44999999999999996,-0.03649284386780843,0.014628887394562612,-0.006008944125168501,0.5040579707844594,-0.004636819141129646,-0.023801189889784153,0.31304819796593175,0,0,0,5.948584406251,5.948584406251,7.384789923756497,0.8960527480023203
turn_left,29.060000000000002,0.0,0.0,0.44999999999999996,-0.02399792191689987,0.022858626649173132,-0.04254358826007077,0.4844462888608778,-0.007106974530055301,-0.02130825639120157,0.31248099332460655,0,0,0,6.455636754756093,6.455636754756093,7.4592064537296245,3.7105364116137842
turn_left,29.080000000000002,0.0,0.0,0.44999999999999996,-0.027555746497063358,0.02890928692689177,-0.0768162408882752,0.4325168154113881,-0.005499879866300045,-0.019645825134611293,0.31111313645992117,0,0,0,7.26734002225785,7.26734002225785,7.535852554085324,6.031151107036254
turn_left,29.1,0.0,0.0,0.44999999999999996,-0.04235552252002875,0.028745803655408034,-0.10626693098134511,0.4014325748642801,-0.0020908096113416955,-0.020677816799065326,0.3090649847412949,0,0,0,8.56662497675801,8.56662497675801,7.671043590643418,6.263581196155823
turn_left,29.12,0.0,0.0,0.44999999999999996,-0.05777386637122934,0.026965739474417393,-0.11035301405012218,0.3977964708589577,-0.0003012326495884745,-0.023268269671005776,0.3067744197563246,0,0,0,9.52783231763607,9.52783231763607,7.735457615402822,5.119129413204694
turn_left,29.14,0.0,0.0,0.44999999999999996,-0.0703056807263248,0.02330433238371308,-0.09962887323232761,0.41667176984123205,-0.0002628964189268094,-0.026603920130806046,0.3046170534322635,0,0,0,10.22061746922375,10.22061746922375,7.658115123586807,2.730636272627237
turn_left,29.16,0.0,0.0,0.44999999999999996,-0.08190383531067132,0.01821579374816138,-0.08390356758708646,0.44098210163337787,-0.0009455532599991059,-0.030023177484105892,0.30276920563546567,0,0,0,10.327440921756462,10.327440921756462,7.543274457374313,1.9483271957779396
turn_left,29.18,0.0,0.0,0.44999999999999996,-0.09326209245488111,0.014227750545555773,-0.07282805556769074,0.46408046015227267,-0.0012006678254178461,-0.03318340354997076,0.30121320124244927,0,0,0,10.13632649527416,10.13632649527416,7.416496151275606,2.7344608415731066
turn_left,29.2,0.0,0.0,0.44999999999999996,-0.10563467006943132,0.010298186462018076,-0.06986099577399793,0.46452183934805863,0.00028670729438386335,-0.03668341858490701,0.2997938656972251,0,0,0,9.913446329373166,9.913446329373166,7.299584739609809,3.9852726228770146
turn_left,29.22,0.0,0.0,0.44999999999999996,-0.11030681867485818,0.03237353082099258,-0.028919253288712796,0.32518330419992597,-0.005241597417396362,-0.036216335374878644,0.298822894753274,0,0,0,9.199256822480043,9.199256822480043,7.1963307310975,2.671908979535016
turn_left,29.240000000000002,0.0,0.0,0.44999999999999996,-0.10467814751001607,0.058686022566063235,-0.017283749767155594,0.28942927537436436,-0.016682568165593548,-0.03217547245098694,0.29834440605561546,0,0,0,8.556589176957617,8.556589176957617,7.121309037802337,3.0123553175380287
turn_left,29.26,0.0,0.0,0.44999999999999996,-0.09414516688021789,0.07361018765707657,0.01433548428116568,0.2385010471938098,-0.025405107645930073,-0.02975900207643253,0.2981263713610061,0,1,0,8.019155570299912,8.019155570299912,7.081490835824116,3.3011821884179655
turn_left,29.28,0.0,0.0,0.44999999999999996,-0.07781937796911852,0.06990263751975469,0.0696258701637819,0.23137254012864958,-0.02591189861361939,-0.03335601767546979,0.2989691828754256,0,1,0,7.567824298562308,7.567824298562308,7.06521286668686,1.4570709365738326
turn_left,29.3,0.0,0.0,0.44999999999999996,-0.060492032487946316,0.05406183791646971,0.10621006546700101,0.3350689824602739,-0.022688171937803935,-0.03720011622331011,0.3007258858232434,0,1,0,6.5761446121179565,6.5761446121179565,7.065478729555473,1.5378178656054056
turn_left,29.32,0.0,0.0,0.44999999999999996,-0.04713388113088656,0.033895793164116415,0.11777278067835166,0.44635550508846894,-0.015408836172037598,-0.037709859475163615,0.30294086397084746,0,0,0,6.320417081448575,6.320417081448575,7.098222040453791,2.3679605682783347
turn_left,29.34,0.0,0.0,0.44999999999999996,-0.04871877523654737,0.022632205745960265,0.11360268680534744,0.44574141969608216,-0.008633003203678855,-0.03600687004095964,0.3051971476580746,0,0,0,5.983123464521062,5.983123464521062,7.190016792225464,3.3563593955744078
turn_left,29.36,0.0,0.0,0.44999999999999996,-0.06860131345777666,0.01854802370340666,0.1045595861846385,0.40827460127686555,-0.002101054400943794,-0.03302748616203847,0.30722150461209813,0,0,0,6.497932508803027,6.497932508803027,7.302495157635537,7.455918697205771
turn_left,29.38,0.0,0.0,0.44999999999999996,-0.09482650772759355,0.00926389789867315,0.08751721731043903,0.43951167250056433,0.003407289306759691,-0.02730757626260138,0.30891760552751496,0,0,0,9.342256304856779,9.342256304856779,7.411027313823091,10.900164552476536
turn_left,29.400000000000002,0.0,0.0,0.44999999999999996,-0.11402414638597991,-0.0049694590477002455,0.06352129376655521,0.5083088925508993,0.00781819870080855,-0.02225454718420647,0.31020145570899427,0,0,0,7.308829664257367,7.308829664257367,7.560598816280944,10.846608757955309
turn_left,29.42,0.0,0.0,0.44999999999999996,-0.12386818551886994,-0.014575150123270054,0.035671978041080514,0.5919021556005608,0.011441300923309448,-0.02027401986432425,0.31102619562480865,0,0,0,6.852206548596027,6.852206548596027,7.676382573471969,7.263656999996698
turn_left,29.44,0.0,0.0,0.44999999999999996,-0.12568218169633194,-0.015956382742942192,0.011804711071718738,0.6529381085066706,0.014138509864539553,-0.0204775861859612,0.31138758222090035,0,0,0,8.036654482169775,8.036654482169775,7.67631793455638,3.274879572193507
turn_left,29.46,0.0,0.0,0.44999999999999996,-0.1223265124602977,-0.011693396480041505,-0.005277469375119095,0.6577369257196073,0.015121235566984598,-0.021558178729963788,0.3113510310113778,0,0,0,9.015253125535196,9.015253125535196,7.67249740479847,3.5593298190927527
turn_left,29.48,0.0,0.0,0.44999999999999996,-0.11445982381999041,-0.003401706405126147,-0.017495270684579668,0.6207240948225939,0.012567648590515809,-0.02297589786685925,0.3110607446780931,0,0,0,9.445979958628085,9.445979958628085,7.668869260637777,4.821685905067743
turn_left,29.5,0.0,0.0,0.44999999999999996,-0.09602421929515649,-0.0024034448504468195,0.0028568723755142775,0.5394396671238156,0.014098194354970497,-0.022477312224889197,0.3109121011884393,0,0,0,9.391257962876297,9.391257962876297,7.636784288612425,2.9973615994890026
turn_left,29.52,0.0,0.0,0.44999999999999996,-0.0799149033522952,0.0011161960448641923,0.02865433240164251,0.4112475293799328,0.013957738409209738,-0.022877103123452317,0.31117251414253877,0,1,0,8.83512980311592,8.83512980311592,7.556062516813313,2.9973615994890026
turn_left,29.54,0.0,0.0,0.44999999999999996,-0.0642371913169516,0.005271086508045734,0.05625553930311123,0.36705054258976133,0.011264106653791685,-0.0249641075427817,0.3120396882572096,0,1,0,8.199875759362985,8.199875759362985,7.4974802306167305,0.9660993100069857
turn_left,29.560000000000002,0.0,0.0,0.44999999999999996,-0.04666381197213065,0.008783245337604594,0.05773361912001451,0.4098083297253442,0.010064474401139147,-0.02650996614721645,0.3131981328747408,0,1,0,6.602322737345715,6.602322737345715,7.467257174027409,0.9706793301070292
turn_left,29.580000000000002,0.0,0.0,0.44999999999999996,-0.028784996583697518,0.012057155015762431,0.025017245658965064,0.46549730317908034,0.010000977120427093,-0.02631156381929459,0.3140085048119796,0,1,0,5.1221056658748205,5.1221056658748205,7.4939161196877,0.8125905429471932
turn_left,29.6,0.0,0.0,0.44999999999999996,-0.016412553452765242,0.016026368145494546,-0.024468854359828072,0.44437619896775804,0.009329675118078752,-0.02509310214228108,0.3139390359518419,0,1,0,5.724893388166494,5.724893388166494,7.5681572257529695,1.6619870252906719
turn_left,29.62,0.0,0.0,0.44999999999999996,-0.013912890039299986,0.01933846693868859,-0.07285995589571027,0.35329059719895556,0.008862784280265075,-0.0243319681361461,0.3128909666051609,0,0,0,6.746411985483631,6.746411985483631,7.632173179898384,2.200198366410766
turn_left,29.64,0.0,0.0,0.44999999999999996,-0.024975577931247925,0.014866549845184129,-0.1129961732203812,0.2926379993568667,0.010938485535693817,-0.02542896129673958,0.31089068132670894,0,0,0,8.239055422708853,8.239055422708853,7.645694663729234,4.3790956997056565
turn_left,29.66,0.0,0.0,0.44999999999999996,-0.040705439379735545,0.008826716421014326,-0.12091660083339759,0.27972522963692315,0.012199138977447146,-0.027513195402692384,0.3084355527814364,0,0,0,9.40842928755072,9.40842928755072,7.634949661171003,4.95154248875986
turn_left,29.68,0.0,0.0,0.44999999999999996,-0.05570038030924112,0.0030364098055530677,-0.11048937689554687,0.3053247270015347,0.012801172176198292,-0.029767558217496916,0.306039635704006,0,0,0,10.070918766140302,10.070918766140302,7.5659668244982825,4.832239125564946
turn_left,29.7,0.0,0.0,0.44999999999999996,-0.06986629790242438,-0.0026317547038872914,-0.09189161640078253,0.3378524299207343,0.012475895255655896,-0.032255495891859984,0.3039700291671804,0,0,0,10.245083521383354,10.245083521383354,7.459573092681886,4.004758846541067
turn_left,29.72,0.0,0.0,0.44999999999999996,-0.0844457289370275,-0.006987062776438206,-0.0722788608077695,0.382584764884681,0.011633575188534844,-0.03517800646390808,0.3023117690128778,0,0,0,10.022360898560672,10.022360898560672,7.33968297932466,2.4798298872938735
turn_left,29.740000000000002,0.0,0.0,0.44999999999999996,-0.09819695226442249,-0.010782583669910037,-0.06088552131045467,0.41422275043981005,0.011855743322332636,-0.03869096010842031,0.30096633353775726,0,0,0,9.714282581896562,9.714282581896562,7.229045350422517,3.1072269727537285
turn_left,29.76,0.0,0.0,0.44999999999999996,-0.11256932517851521,-0.01346042475589748,-0.059046337301704686,0.4433982193883143,0.014449430992671451,-0.0430750209780975,0.29972933162157367,0,0,0,9.437366283881067,9.437366283881067,7.13549180896846,3.9505774419134188
turn_left,29.78,0.0,0.0,0.44999999999999996,-0.12528606097676365,0.004132608978629305,-0.02472209700706588,0.3332602568857932,0.012482895737270227,-0.045187119859396704,0.29874637815740757,0,0,0,8.877987299300026,8.877987299300026,7.057758160661717,3.3368958694386173
turn_left,29.8,0.0,0.0,0.44999999999999996,-0.12580737342066026,0.03336715601228613,-0.009751269629141347,0.28652756325693624,0.0018227933250907944,-0.04159788354191771,0.29839012080272714,0,0,0,8.13722408181904,8.13722408181904,6.996716634155803,3.879442579362456
turn_left,29.82,0.0,0.0,0.44999999999999996,-0.12328431254180966,0.05848027707802775,0.003158992468511804,0.316327776979227,-0.010343989862506585,-0.03697846433861021,0.2981482861804058,0,1,0,7.5080131572025515,7.5080131572025515,6.975627591619023,4.4929691678858905
turn_left,29.84,0.0,0.0,0.44999999999999996,-0.12443045562718692,0.05074205243414612,0.06832069075727464,0.3242827996488108,-0.007015583332809581,-0.03811564677078512,0.29888998405894174,0,1,0,6.634322139125327,6.634322139125327,6.97715019928302,1.6137039510535933
turn_left,29.86,0.0,0.0,0.44999999999999996,-0.1191909276653375,0.027515066775461193,0.09786004991654321,0.4298139614456428,-0.002397311898282723,-0.04013039501693461,0.30054613879934583,0,1,0,6.577254373134714,6.577254373134714,7.010444506667056,1.3602246977922616
turn_left,29.88,0.0,0.0,0.44999999999999996,-0.11583919168581708,0.009033779143439056,0.10349070927442336,0.511144655568135,0.0010189751669354655,-0.03972564464280845,0.3024882545742144,0,0,0,6.751645257099218,6.751645257099218,7.077764985534802,3.855033284554712
turn_left,29.900000000000002,0.0,0.0,0.44999999999999996,-0.12057187089202495,0.003178427258735916,0.08789046296401846,0.48222852587091597,0.001639165476413872,-0.03851346283839724,0.30425370861488343,0,0,0,6.560104917771092,6.560104917771092,7.19063222045288,4.151620980104165
turn_left,29.92,0.0,0.0,0.44999999999999996,-0.13721019445589927,0.005517180313699641,0.07113862634641954,0.42367941903049083,0.0026734335954111286,-0.03537663474148773,0.30568297196816,0,0,0,6.266910480163396,6.266910480163396,7.299210875412445,6.954410055918447
turn_left,29.94,0.0,0.0,0.44999999999999996,-0.1597933407337922,0.0019629714038695138,0.055431012712882734,0.42803658913046483,0.00338996999619097,-0.029359132107981963,0.3067717310095934,0,0,0,6.720351877987602,6.720351877987602,7.444086633030398,7.427312247814775
turn_left,29.96,0.0,0.0,0.44999999999999996,-0.17972783892813005,-0.004127383946291287,0.03476828151247879,0.46570764008841514,0.005168780649677061,-0.023032903121336993,0.30751106840941594,0,0,0,7.079301346741111,7.079301346741111,7.581442202791511,6.820847078031272
turn_left,29.98,0.0,0.0,0.44999999999999996,-0.19236787363559,-0.009724483946744777,0.011481113340469851,0.525288182329938,0.008062199650503601,-0.018794760080196326,0.30783891396590324,0,0,0,7.165099810354645,7.165099810354645,7.655701557069619,4.839361958707812
turn_left,30.0,0.0,0.0,0.44999999999999996,-0.19537743125595855,-0.010587362811452632,-0.012079357125145075,0.5804870165849166,0.009545431785156882,-0.01784234893843285,0.30772828518544376,0,0,0,8.161975942732385,8.161975942732385,7.652917768607789,2.950218697288159
turn_right,30.02,0.0,0.0,-0.44999999999999996,-0.18856023440024802,-0.0037817089984900753,-0.0357344192511996,0.603480951854842,0.007211933075085626,-0.02012470103871529,0.3071420253268129,0,0,0,9.459703596117171,9.459703596117171,7.650273703867711,3.615009846596551
turn_right,30.04,0.0,0.0,-0.44999999999999996,-0.16930716612777286,0.0016136115359999725,-0.02334009472847924,0.5866501938638221,0.005774651733087091,-0.02284149821629998,0.3063916329349951,0,0,0,10.112374781507182,10.112374781507182,7.6477622914230174,3.705208125572991
turn_right,30.060000000000002,0.0,0.0,-0.44999999999999996,-0.13384607166063806,0.004553415571720129,-0.012749218557051111,0.48005953712359917,0.010626801641863368,-0.02274201135021508,0.30598184280159296,0,0,0,9.95607994619775,9.95607994619775,7.62112492213306,1.6344882585106686
turn_right,30.080000000000002,0.0,0.0,-0.44999999999999996,-0.09368311117939429,0.0010202295537936321,-0.007906301248040312,0.3211657246616908,0.015044149506485811,-0.02099942605754728,0.30572435458847513,0,0,0,9.332309564564785,9.332309564564785,7.510714031590531,1.6344882585106686
turn_right,30.1,0.0,0.0,-0.44999999999999996,-0.05932028102351595,-0.010363745009179116,0.005252344044836347,0.12588519186189978,0.016948382613212878,-0.017949515930867802,0.3056275129921834,0,1,0,8.429642138139675,8.429642138139675,7.427501521721837,2.487794743204673
turn_right,30.12,0.0,0.0,-0.44999999999999996,-0.024349422234335828,-0.014155287830998906,0.0434818551125203,-0.01768082602352556,0.013657168978404903,-0.018097804219714284,0.3061519187108651,0,1,0,7.5888415295098826,7.5888415295098826,7.384236754028269,0.5441358458934038
turn_right,30.14,0.0,0.0,-0.44999999999999996,0.006406590019334137,-0.014692350246093984,0.07840370152999186,-0.19096093235382117,0.010229958671680816,-0.017767381166920337,0.3074271215792269,0,0,0,6.737308146504469,6.737308146504469,7.377106171812606,6.3865019655247135
turn_right,30.16,0.0,0.0,-0.44999999999999996,0.020829793413198166,-0.012701374178682038,0.09565800935409645,-0.27723505311662405,0.010086820417478517,-0.015236414128734428,0.309209161943373,0,1,0,5.279360912587298,5.279360912587298,7.416224142943122,6.3865019655247135
turn_right,30.18,0.0,0.0,-0.44999999999999996,0.028858961319535022,-0.007505426160577074,0.07088755111969025,-0.26596117969121297,0.014496914796227786,-0.01317148787281036,0.3109165334273242,0,1,0,5.905286098674757,5.905286098674757,7.504497235388921,4.109016826419584
turn_right,30.2,0.0,0.0,-0.44999999999999996,0.028149231086344643,-0.0017115877287658117,0.024957726164749092,-0.12821422219945006,0.0233258122875744,-0.01441697276996885,0.31186811032701617,0,0,0,6.295889644508237,6.295889644508237,7.548679354415906,2.4210462321557444
turn_right,30.22,0.0,0.0,-0.44999999999999996,0.022236302621434084,0.005748753108597712,-0.017490447601469696,0.08926410810320624,0.032192595226854255,-0.017435253659345444,0.311862819330172,0,0,0,6.608944728037237,6.608944728037237,7.6301278195125555,3.6050024875499918
turn_right,30.240000000000002,0.0,0.0,-0.44999999999999996,0.016218195525740928,0.010399561712889678,-0.04023646301541584,0.2547557115286409,0.035589524407111314,-0.021143032859129683,0.3112194838766948,0,0,0,7.336629741128801,7.336629741128801,7.6286252552736755,4.556749198400223
turn_right,30.26,0.0,0.0,-0.44999999999999996,0.009163803125487513,0.01139626781616608,-0.05333064189261916,0.3565214750696382,0.03356452190011729,-0.024250085928879818,0.3102372705016417,0,0,0,8.24862613019608,8.24862613019608,7.627197802939637,4.016238956303005
turn_right,30.28,0.0,0.0,-0.44999999999999996,-0.0033349522888517155,0.007738033760826613,-0.05879554584851636,0.43337665510019646,0.028824641573554324,-0.026793039727753553,0.30908550684890584,0,0,0,8.783924515846612,8.783924515846612,7.608576495149787,2.3219495306299747
turn_right,30.3,0.0,0.0,-0.44999999999999996,-0.018085196683587847,0.0011663708434162666,-0.06440079410785991,0.48349109600441664,0.024988410657742897,-0.028872229447985818,0.30784730511310165,0,0,0,8.961791605241821,8.961791605241821,7.56284488047163,1.3215848673045043
turn_right,30.32,0.0,0.0,-0.44999999999999996,-0.02727400748624299,0.007915192373295571,-0.0462532464859342,0.443265844749806,0.018298193124888652,-0.028240154234186184,0.30668313001074055,0,0,0,8.64184918135415,8.64184918135415,7.505674365167785,1.753545047432756
turn_right,30.34,0.0,0.0,-0.44999999999999996,-0.022424067658781556,0.027840637208364282,-0.0367810765518562,0.38776423659954634,0.004895320743511912,-0.02254806685536321,0.30592472178982016,0,0,0,7.972354584313669,7.972354584313669,7.454108377108497,2.825919931400336
turn_right,30.36,0.0,0.0,-0.44999999999999996,-0.015429674478499803,0.04730662757620142,-0.026334149916677214,0.2733750756784054,-0.007849281467091455,-0.01547585632563586,0.3051986628748332,0,1,0,7.421852201618803,7.421852201618803,7.4352899870388,2.979652728192369
turn_right,30.38,0.0,0.0,-0.44999999999999996,-0.0013046489945713515,0.04516336885496544,0.0059879224884151535,0.022017902326233248,-0.009981933915657933,-0.013952895636964575,0.3050561351036513,0,1,0,7.190974296869023,7.190974296869023,7.438784751701686,1.5145774071626266
turn_right,30.400000000000002,0.0,0.0,-0.44999999999999996,0.015845504726088297,0.03285800880599831,0.01886102246164549,-0.22358722676681594,-0.009548021640162314,-0.013406544403709298,0.3053475602256032,0,0,0,7.125555278604077,7.125555278604077,7.453824465442796,1.202040378134366
turn_right,30.42,0.0,0.0,-0.44999999999999996,0.029235590801252494,0.02180728278407569,0.01413862135508848,-0.4073680002010592,-0.0074509255212398,-0.011443144494575402,0.3056437800183217,0,0,0,7.462049878454411,7.462049878454411,7.501448469852772,3.602975712752765
turn_right,30.44,0.0,0.0,-0.44999999999999996,0.027228717988671557,0.014038320271350936,0.008387005735315364,-0.5456432155425993,-0.009553106977264525,-0.009361588985317396,0.3058576960490273,0,0,0,8.120622831760445,8.120622831760445,7.59786896948799,4.341915799160252
turn_right,30.46,0.0,0.0,-0.44999999999999996,0.0019517634692587653,0.003965657212236243,0.01993890222683504,-0.6019243168642849,-0.017050909177537276,-0.007387098358528501,0.3061748455977752,0,0,0,8.58306415070122,8.58306415070122,7.710443734090628,4.071040877651589
turn_right,30.48,0.0,0.0,-0.44999999999999996,-0.038757695834982564,-0.0018175753165675743,0.02249783054815192,-0.6229690618301524,-0.02705909297501707,-0.006110349548981237,0.30655968934731814,0,0,0,8.701327921165078,8.701327921165078,7.818657071972382,2.3438670705052216
turn_right,30.5,0.0,0.0,-0.44999999999999996,-0.07661969259146957,-0.008027822444312598,0.019943743874521337,-0.6064731288288171,-0.034860370476832325,-0.0055537327946558355,0.3069542284014903,0,0,0,8.422595819600536,8.422595819600536,7.815166926424592,2.6164045463068355
turn_right,30.52,0.0,0.0,-0.44999999999999996,-0.1042779696069269,-0.011560766558714951,0.008258149452861857,-0.5630336475222808,-0.0377495732694935,-0.007446915249303988,0.3072066340432015,0,0,0,7.670896709173535,7.670896709173535,7.804273391967627,2.565618993620833
turn_right,30.54,0.0,0.0,-0.44999999999999996,-0.11784991927027942,-0.00794472241591232,-0.007622070687616526,-0.4941835300759318,-0.03738524219875787,-0.01198913616226801,0.3071768433918684,0,0,0,7.424537213914385,7.424537213914385,7.793940511575638,1.9086254167390913
turn_right,30.560000000000002,0.0,0.0,-0.44999999999999996,-0.11886578606931555,0.003864954487555021,-0.029118835199199902,-0.42907069096777334,-0.036243828447182956,-0.0185656313758884,0.3067554479836808,0,0,0,8.683146746317348,8.683146746317348,7.784138524578545,2.073882999352018
turn_right,30.580000000000002,0.0,0.0,-0.44999999999999996,-0.11086650439143662,0.020055171543264833,-0.05051307071244903,-0.3797082272642299,-0.03669232058633515,-0.026959569056755565,0.3058753209940353,0,0,0,9.845847196366853,9.845847196366853,7.748991019953149,2.604457255263554
turn_right,30.6,0.0,0.0,-0.44999999999999996,-0.10640482270093116,0.03007461060881337,-0.045589073424185333,-0.30759646945406,-0.038617549884821946,-0.035576074275580245,0.30470580045732154,0,0,0,10.428936668454082,10.428936668454082,7.658542983259132,3.2029558821794257
turn_right,30.62,0.0,0.0,-0.44999999999999996,-0.0955945888256952,0.0018495789355588218,0.004567586906514693,-0.11830212165442729,-0.03218544563253883,-0.034303000657794035,0.30437511530523026,0,0,0,9.101948724686784,9.101948724686784,7.527894228368879,2.891998647254338
turn_right,30.64,0.0,0.0,-0.44999999999999996,-0.0773252489407675,-0.02322206041588866,0.01917997845014085,-0.14450113248138638,-0.0218271828586172,-0.029682799377310335,0.30464564379894193,0,0,0,8.078486949951015,8.078486949951015,7.451867268551769,3.594314856429369
turn_right,30.66,0.0,0.0,-0.44999999999999996,-0.055393049041728884,-0.02829763792076197,0.04170065363458889,-0.28614652783989175,-0.014978541547021738,-0.02704522170622765,0.30514469302237096,0,1,0,7.030014987767736,7.030014987767736,7.42561581070261,3.877434844398792
turn_right,30.68,0.0,0.0,-0.44999999999999996,-0.03387185743545383,-0.015311790948630524,0.0680627322290757,-0.42661618829334225,-0.01587561230399687,-0.028918647220004628,0.30628797076779857,0,1,0,5.915102115438161,5.915102115438161,7.443938724461912,0.9667044623684703
turn_right,30.7,0.0,0.0,-0.44999999999999996,-0.02690367294266647,0.0023733746435879474,0.07732658491240586,-0.5502273397194638,-0.012169804570370781,-0.029771795993755464,0.3077293914381995,0,0,0,6.058227344908094,6.058227344908094,7.517011688249344,4.465867693238418
turn_right,30.72,0.0,0.0,-0.44999999999999996,-0.03556173011087826,0.009965142436864232,0.059514423395094405,-0.5786574594115105,-0.004894021468272115,-0.03176851434058751,0.3090461681398598,0,0,0,6.608798696460258,6.608798696460258,7.5284955683594745,4.159825621821298
turn_right,30.740000000000002,0.0,0.0,-0.44999999999999996,-0.05397900357057587,0.011908347792612205,0.04479026971177625,-0.6197684856722445,0.0020286290593304708,-0.034632016112910675,0.30997969934111413,0,0,0,7.059007706682889,7.059007706682889,7.5320323090059205,4.140622835122649
turn_right,30.76,0.0,0.0,-0.44999999999999996,-0.0760229795724976,0.011581331407884374,0.02974791907709976,-0.669720103393602,0.0015597335242336315,-0.035145283771534,0.31051619827349797,0,0,0,7.59611942906447,7.59611942906447,7.535395085435564,5.534259494178027
turn_right,30.78,0.0,0.0,-0.44999999999999996,-0.09068923727227593,0.013498282896015741,0.024687065978134845,-0.6986921607977729,-0.00527027129767569,-0.03327552147593775,0.31089182954271516,0,0,0,7.9239626474535765,7.9239626474535765,7.589408713016855,4.959694722513981
turn_right,30.8,0.0,0.0,-0.44999999999999996,-0.10419966869710795,0.01837454000326544,0.023328365518650144,-0.7077548648226057,-0.013319053022681007,-0.029656164529847488,0.3112574889436258,0,0,0,7.897931281724775,7.897931281724775,7.728616378499591,3.3097943733139683
turn_right,30.82,0.0,0.0,-0.44999999999999996,-0.11766356772485635,0.026050708374937587,0.01863063237028298,-0.7218760709859064,-0.020365585650363095,-0.025172754954636185,0.31157801931443624,0,0,0,7.775372025905649,7.775372025905649,7.847685088349898,3.360337029314727
turn_right,30.84,0.0,0.0,-0.44999999999999996,-0.12440998437479105,0.03246354706526049,0.004900317845705125,-0.7076149035857411,-0.025672487839688455,-0.020842270827292852,0.3117244906411226,0,0,0,7.815348618910967,7.815348618910967,7.873054107217904,3.067350167809988
turn_right,30.86,0.0,0.0,-0.44999999999999996,-0.12297799487175239,0.03559812505783032,-0.013660923840460946,-0.6503904287517329,-0.02782387422562608,-0.017760627028768287,0.31155839673211305,0,0,0,8.0064765222192,8.0064765222192,7.859164830098042,2.8916196554536895
turn_right,30.88,0.0,0.0,-0.44999999999999996,-0.1173878331756712,0.03484461691894905,-0.031390729204352666,-0.5433541171369781,-0.026283278459352157,-0.015988527064604623,0.31105316642134784,0,0,0,8.350659765413189,8.350659765413189,7.843860003956891,4.084065210543034
turn_right,30.900000000000002,0.0,0.0,-0.44999999999999996,-0.10685859935536093,0.028827333394153463,-0.05402413284050082,-0.4019870300813205,-0.021282724406641806,-0.014959927407244077,0.31017343568144307,0,0,0,8.613655917607947,8.613655917607947,7.8141388632735875,4.296695241102965
turn_right,30.92,0.0,0.0,-0.44999999999999996,-0.09238574375381693,0.013274943092532498,-0.049423820546968075,-0.30830437816742995,-0.01449375430137428,-0.014558955459472077,0.30895728979809356,0,1,0,8.924345665322605,8.924345665322605,7.771946651682619,4.559041309805921
turn_right,30.94,0.0,0.0,-0.44999999999999996,-0.054084711838104954,-0.009257559137504858,-0.01321181776185506,-0.21095095946496356,-0.014794925895141227,-0.014408497561495124,0.3083707747952829,0,1,0,8.076300038538966,8.076300038538966,7.718420030341385,0.5760865617006543
turn_right,30.96,0.0,0.0,-0.44999999999999996,-0.014879246413217273,-0.03056693035472025,0.008274539650132277,-0.21602368082366064,-0.014505070474800463,-0.013920997806956315,0.3083727344209848,0,1,0,7.370357326641073,7.370357326641073,7.686250447026833,0.2775556632806013
turn_right,30.98,0.0,0.0,-0.44999999999999996,0.007101489392183351,-0.04316987057866126,0.01816391562533729,-0.2907329949380336,-0.014760220766677464,-0.012034252528971957,0.3086707044732794,0,1,0,7.732307940476281,7.732307940476281,7.716591765923866,1.482142778331227
turn_right,31.0,0.0,0.0,-0.44999999999999996,0.007058300473861673,-0.04931298894290957,0.014326149349321174,-0.40046220913140745,-0.01619073383084672,-0.007942855090555387,0.3090059515122557,0,0,0,8.266712156811188,8.266712156811188,7.780106000560981,2.9712846333598897
turn_right,31.02,0.0,0.0,-0.44999999999999996,-0.013861585196513143,-0.052897898189400175,0.0065223376475645745,-0.4967607485576296,-0.01991113352984224,-0.0037144831745482025,0.3091511894909977,0,0,0,8.611844383357582,8.611844383357582,7.771013438283937,4.4988570481210255
turn_right,31.04,0.0,0.0,-0.44999999999999996,-0.04076002525125307,-0.05908860297588054,0.004468336872035791,-0.5198081330448148,-0.02201754960469158,-0.0005740023068695479,0.30922020952108237,0,0,0,8.495697807212764,8.495697807212764,7.762386277721259,4.371223615835274
turn_right,31.060000000000002,0.0,0.0,-0.44999999999999996,-0.0630937702468111,-0.06428211191517472,0.0012363710588115494,-0.5131290808547592,-0.020368765316796485,0.0007496857834438324,0.3092552147359407,0,0,0,7.956302723470748,7.956302723470748,7.75420006807731,3.1051938098313703
turn_right,31.080000000000002,0.0,0.0,-0.44999999999999996,-0.07485436176680148,-0.0660831392825832,-0.00518531008391258,-0.47043844450647954,-0.015186323987329942,-0.00023453982449119483,0.30921184148828706,0,0,0,7.59944008094065,7.59944008094065,7.7464317053950715,2.8437222814070333
turn_right,31.1,0.0,0.0,-0.44999999999999996,-0.0738339219354339,-0.06317435761634023,-0.01894845861713328,-0.4184527084280366,-0.008248913136808304,-0.0031980480729696167,0.30896028145251436,0,0,0,8.634323989786123,8.634323989786123,7.739059352228669,1.8517302064811516
turn_right,31.12,0.0,0.0,-0.44999999999999996,-0.06379928683154375,-0.053146440585611104,-0.035324079298063506,-0.3875072306759381,-0.0030999622715995935,-0.006602667690311039,0.30841045293640257,0,0,0,9.308957379028547,9.308957379028547,7.703396957974029,1.9346397299653002
turn_right,31.14,0.0,0.0,-0.44999999999999996,-0.04970546688960017,-0.04034712895554784,-0.05143673330827342,-0.4077855523920641,-0.0018667792320462057,-0.0097826114495196,0.3075385719467677,0,0,0,9.69152020345111,9.69152020345111,7.633629071815591,2.653538609795098
turn_right,31.16,0.0,0.0,-0.44999999999999996,-0.03348442908745019,-0.026255505642897043,-0.0666643241025758,-0.516748686955298,-0.003953561100308162,-0.013342954230390064,0.30635613487256486,0,0,0,9.798277736779927,9.798277736779927,7.544034759095613,3.141875706632648
turn_right,31.18,0.0,0.0,-0.44999999999999996,-0.020202427205412342,-0.03632055295200185,-0.028094863064406672,-0.5392397211572802,-0.0004925439396606209,-0.012849181681112449,0.30533643984603803,0,0,0,8.850032912447448,8.850032912447448,7.4465034180289535,3.0556699095742292
turn_right,31.2,0.0,0.0,-0.44999999999999996,0.00305198926370605,-0.05370145045756633,-0.004939197687575177,-0.6338833202201448,0.011144285686062141,-0.00532429004243271,0.3050292063265718,0,1,0,8.193657154220286,8.193657154220286,7.375650099035266,4.061682808145978
turn_right,31.220000000000002,0.0,0.0,-0.44999999999999996,0.01155425049114063,-0.038043669293456484,0.0799961991454305,-0.6212867689029252,0.006757443982760009,-0.00334155377705127,0.30590744157432587,0,1,0,7.095535858590848,7.095535858590848,7.36846688478537,2.1431539502024957
turn_right,31.240000000000002,0.0,0.0,-0.44999999999999996,0.02125487272808499,-0.016854039611475,0.11708364320455396,-0.6269796365559078,-0.00013337927334364428,-0.005433984640316552,0.30801875500376724,0,1,0,7.062791748586223,7.062791748586223,7.416927822765668,6.018051720458332
turn_right,31.26,0.0,0.0,-0.44999999999999996,0.02104088274495613,-0.0027926453220962874,0.11396047749623538,-0.619211801238681,-0.0031738441893387616,-0.010160445308269768,0.3103901596745468,0,1,0,6.369742063462427,6.369742063462427,7.489536140596677,3.6781818139337528
turn_right,31.28,0.0,0.0,-0.44999999999999996,0.010599276915989216,0.0015616503481215669,0.08798590188005738,-0.599843139317806,-0.0026192323391307304,-0.015748331216493158,0.3123370241628356,0,0,0,6.734935236512932,6.734935236512932,7.494982552545093,5.156286978966609
turn_right,31.3,0.0,0.0,-0.44999999999999996,-0.0043984822558297745,-0.0012967313116098475,0.05484368812590045,-0.5977368499794455,0.0025716102001134473,-0.020650517507938653,0.3135860801376159,0,0,0,7.113683435681743,7.113683435681743,7.500162730884881,7.134240882124538
turn_right,31.32,0.0,0.0,-0.44999999999999996,-0.020415503210047,-0.008158245386327001,0.01832832539443665,-0.5837425751140776,0.006369064261063841,-0.02345911395790053,0.3140614968139114,0,0,0,7.563000438767888,7.563000438767888,7.505089468956047,7.129377262768505
turn_right,31.34,0.0,0.0,-0.44999999999999996,-0.02895161411752783,-0.011790593454648689,-0.00951836343931331,-0.5667924411662089,0.0027754184625558287,-0.023738507086096053,0.3139432490954614,0,0,0,8.067836519281077,8.067836519281077,7.571241835789831,7.90984219299395
turn_right,31.36,0.0,0.0,-0.44999999999999996,-0.03242464757858866,-0.013233426234858268,-0.022335729140976607,-0.5559945630113399,-0.00512683488588849,-0.022044622233542602,0.31350370742638467,0,0,0,8.352033039694069,8.352033039694069,7.713618350715514,5.755611298951909
turn_right,31.38,0.0,0.0,-0.44999999999999996,-0.040708552185074236,-0.010834364322525327,-0.023892326305519337,-0.532517216612903,-0.013509856720054702,-0.018188207179581504,0.3129777214099629,0,0,0,8.308512040993268,8.308512040993268,7.848544891701017,2.5236029081525717
turn_right,31.400000000000002,0.0,0.0,-0.44999999999999996,-0.05099835220575707,-0.0031370707320162125,-0.024785017952985933,-0.4815475345910317,-0.021659634182412284,-0.013264397389152301,0.31243922190391576,0,0,0,8.158402038389989,8.158402038389989,7.917538572719117,2.6668404343126086
turn_right,31.42,0.0,0.0,-0.44999999999999996,-0.06006503882339528,0.005964410296902339,-0.025913190968710104,-0.40952040063227674,-0.027535836340534824,-0.009567450938930615,0.31188847724798235,0,0,0,8.14294368433754,8.14294368433754,7.890284340756885,2.2935474863030096
turn_right,31.44,0.0,0.0,-0.44999999999999996,-0.06853942905008005,0.013459924678599373,-0.028538839218264552,-0.32132418193989293,-0.029203762151356578,-0.007614610047410966,0.31133377408459495,0,0,0,8.147943360909986,8.147943360909986,7.865359719785445,3.242687377121187
turn_right,31.46,0.0,0.0,-0.44999999999999996,-0.07612270301993534,0.019996554185655338,-0.03186485544867923,-0.2553996554706996,-0.027420887195359334,-0.006497334698696584,0.31068864010730485,0,1,0,8.17003391268282,8.17003391268282,7.840555699434791,4.364154500158078
turn_right,31.48,0.0,0.0,-0.44999999999999996,-0.06646094392310359,0.022165451867399343,-6.580352608259515e-05,-0.22960740630121837,-0.029471511010650524,-0.005431362783358225,0.31045955500299566,0,1,0,7.227783020509641,7.227783020509641,7.816889460022502,1.2501422516757705
turn_right,31.5,0.0,0.0,-0.44999999999999996,-0.04450013866729715,0.019781733738662367,0.007791839881771716,-0.2810389782810059,-0.029645872881031758,-0.005526418131139932,0.31054539150300897,0,1,0,5.716736219216628,5.716736219216628,7.819622580988661,0.4012292604340624
turn_right,31.52,0.0,0.0,-0.44999999999999996,-0.02304666933057495,0.014581021922902648,0.008559760612741815,-0.38427176843384103,-0.028563115625196738,-0.0056322916773360945,0.31070354505625647,0,1,0,7.196539227271169,7.196539227271169,7.840012288694837,0.4236801954131212
turn_right,31.54,0.0,0.0,-0.44999999999999996,-0.011766403100547789,0.01060720971491103,-0.00369874700731362,-0.47767773708174494,-0.027989006315728614,-0.004205408618306172,0.3107350006176103,0,0,0,7.8207191137902266,7.8207191137902266,7.82783637404761,2.472561006422877
turn_right,31.560000000000002,0.0,0.0,-0.44999999999999996,-0.015846030121241937,0.007456848318249359,-0.017380824414358016,-0.5152696398555209,-0.03079951880568913,-0.0025806574704406054,0.3104565376982698,0,0,0,8.452111530102686,8.452111530102686,7.816289551154217,4.868071078278584
turn_right,31.580000000000002,0.0,0.0,-0.44999999999999996,-0.03255526668032739,0.008143436476019441,-0.022340391377268284,-0.5392074760273035,-0.0347264697008058,-0.003406105997815933,0.3099323149724937,0,0,0,8.459194397105088,8.459194397105088,7.805338183187139,5.0919204266928615
turn_right,31.6,0.0,0.0,-0.44999999999999996,-0.047322764031544826,0.009477192424606281,-0.022076683873553674,-0.5342458755191662,-0.03782796069431372,-0.006003119903339608,0.3094115285130699,0,0,0,8.139029512059784,8.139029512059784,7.794950544755185,3.6121428786755008
turn_right,31.62,0.0,0.0,-0.44999999999999996,-0.058311451357425395,0.013112774704490203,-0.02175987283374852,-0.4963735886570637,-0.04007489541391522,-0.010840817164177823,0.3089132914662833,0,0,0,8.474763045815672,8.474763045815672,7.785096702088612,2.7956545784185165
turn_right,31.64,0.0,0.0,-0.44999999999999996,-0.06532903538286551,0.020913701808693536,-0.02160740154495222,-0.4504729285091915,-0.04157989800623925,-0.016712243132071567,0.30843101515739224,0,0,0,8.939269615057988,8.939269615057988,7.75342290637111,1.9563139211220912
turn_right,31.66,0.0,0.0,-0.44999999999999996,-0.07053463957776308,0.03378370163904897,-0.02221830071939715,-0.42705494518919473,-0.04166884299143433,-0.022331691825776705,0.30795793087523515,0,0,0,9.158114392543405,9.158114392543405,7.6982774919063495,2.123618696451574
turn_right,31.68,0.0,0.0,-0.44999999999999996,-0.07351126812500856,0.04712615931976022,-0.024559760355066566,-0.4142788648752452,-0.04149568373850916,-0.02726341355148145,0.30744634653622005,0,0,0,9.131944081810259,9.131944081810259,7.6307271116797075,2.7170804978091314
turn_right,31.7,0.0,0.0,-0.44999999999999996,-0.07693787168450897,0.029610966098055205,0.013028456008935872,-0.19283558376401438,-0.03898286057614105,-0.027719743625272235,0.3072333855625483,0,0,0,8.08079817526336,8.08079817526336,7.563516462552052,2.6769491137765353
turn_right,31.720000000000002,0.0,0.0,-0.44999999999999996,-0.07448426447169496,-0.00391979131741871,0.035839097564185636,0.01926168781416638,-0.03175950336280348,-0.021341173832568134,0.3077631571988829,0,0,0,7.624192055650607,7.624192055650607,7.527608578307085,2.732988499088794
turn_right,31.740000000000002,0.0,0.0,-0.44999999999999996,-0.06339880594229692,-0.033259068231217166,0.03557669564281886,0.07997211253980202,-0.022728456347368847,-0.01381683437063831,0.30851851391355756,0,0,0,7.851039381551234,7.851039381551234,7.545050273192686,3.248814107410799
turn_right,31.76,0.0,0.0,-0.44999999999999996,-0.04765691925670516,-0.05027361884232004,0.019058459418266914,-0.06490227652154154,-0.014046544369888954,-0.007458844263379409,0.30906164329431424,0,1,0,7.960855449572428,7.960855449572428,7.591889763114889,4.231354182977302
turn_right,31.78,0.0,0.0,-0.44999999999999996,-0.031018602272112863,-0.04166336413013266,0.03731543978198387,-0.292657891879519,-0.017289681966150574,-0.0072041658493106,0.309663703528914,0,1,0,6.431900789535444,6.431900789535444,7.65981496642587,0.8271104739304806
turn_right,31.8,0.0,0.0,-0.44999999999999996,-0.02031461330723528,-0.02995512885408465,0.04111086559810153,-0.5525953542103266,-0.021667059192114105,-0.008101956654767385,0.3104705096260989,0,1,0,7.277826898839152,7.277826898839152,7.730556650303367,5.108976338646965
turn_right,31.82,0.0,0.0,-0.44999999999999996,-0.023808301311419068,-0.023732344307504868,0.040312421126698396,-0.7802665102460373,-0.023300306849798363,-0.009285842308509163,0.3112868405131791,0,0,0,7.187887236977014,7.187887236977014,7.723992022242012,3.4356938676095234
turn_right,31.84,0.0,0.0,-0.44999999999999996,-0.03174654602918848,-0.01590195597392245,0.030297053392648744,-0.8924250884899327,-0.020558652111306364,-0.011862255663029083,0.31194164048190764,0,0,0,7.855518047373975,7.855518047373975,7.7177607991781585,6.35555973663671
turn_right,31.86,0.0,0.0,-0.44999999999999996,-0.04280308068906284,-0.011700804280738643,0.01904550236222282,-0.8587257662153871,-0.016769728318491623,-0.015599457095670682,0.31235715184664997,0,0,0,8.39254551364664,8.39254551364664,7.711845721345821,7.327133078734471
turn_right,31.88,0.0,0.0,-0.44999999999999996,-0.0545713980160253,-0.010969423291425825,0.013782878767005746,-0.7876067784148897,-0.01631838915720535,-0.01826016886144157,0.312634342098838,0,0,0,8.676080904455294,8.676080904455294,7.709292648987638,6.537307156027721
turn_right,31.900000000000002,0.0,0.0,-0.44999999999999996,-0.06522236171073097,-0.010019645124572929,0.012198124594340819,-0.7380627292024002,-0.01921841862327951,-0.01884078477949898,0.3128551060282677,0,0,0,8.651158916218023,8.651158916218023,7.82291642949027,4.084439476908811
turn_right,31.92,0.0,0.0,-0.44999999999999996,-0.07313176556347785,-0.007198747522041547,0.0082104432308955,-0.7128125409279341,-0.024307098589739562,-0.017925720586855022,0.31300690510448287,0,0,0,8.553238922614817,8.553238922614817,7.962789781167697,2.9608479325423995
turn_right,31.94,0.0,0.0,-0.44999999999999996,-0.08022735939718063,-0.002548489954543916,0.0034036013948662612,-0.6803019323426999,-0.029508149607846836,-0.01623730836305882,0.31308072116668195,0,0,0,8.384870300772265,8.384870300772265,7.937660365645819,2.867735381264202
turn_right,31.96,0.0,0.0,-0.44999999999999996,-0.08882863920677608,0.004084630656329522,-0.004235554471400227,-0.6382906717169103,-0.0329693546532939,-0.014246703764088898,0.31304998317046007,0,0,0,8.262985282307065,8.262985282307065,7.899299618872746,2.291138711802766
turn_right,31.98,0.0,0.0,-0.44999999999999996,-0.09733819102073736,0.01102760048296733,-0.011982711435821082,-0.5811221584693499,-0.03385556823066657,-0.01288760694625388,0.3128846604061204,0,0,0,8.235415479383652,8.235415479383652,7.867920839311754,2.9595331237139013
turn_right,32.0,0.0,0.0,-0.44999999999999996,-0.10468965867887206,0.01503479252809288,-0.024436288857922185,-0.5012087032941881,-0.03218030793036422,-0.012290626827205171,0.3125151487260248,0,0,0,8.309540562173517,8.309540562173517,7.839404648744981,3.178125595560439
turn_right,32.02,0.0,0.0,-0.44999999999999996,-0.10907481597746405,0.012742912758829038,-0.010243666796084475,-0.4495606276901629,-0.02872092173409271,-0.011850453152085688,0.3120121204210118,0,1,0,8.398287424272073,8.398287424272073,7.808755168849363,4.692486567631992
turn_right,32.04,0.0,0.0,-0.44999999999999996,-0.08664162681116812,0.007399956750290247,0.004465372008363829,-0.40891709176225544,-0.028372138850218394,-0.011308926227962734,0.312003236815571,0,1,0,7.4993984829003715,7.4993984829003715,7.772820692454811,0.6180224680518936
turn_right,32.06,0.0,0.0,-0.44999999999999996,-0.05934965517408146,0.0018966556438121873,0.0056013213952527865,-0.42094122216767316,-0.027827047230576447,-0.009831086880758224,0.31209825650696593,0,1,0,6.128564513690812,6.128564513690812,7.764977790014768,0.6521846042021661
turn_right,32.08,0.0,0.0,-0.44999999999999996,-0.0385311396884938,-0.003606496594856664,-0.007712562484914709,-0.4533999170969869,-0.026556278900097364,-0.007201156890924001,0.31207524217940696,0,0,0,6.944755901178634,6.944755901178634,7.811719314623559,1.585716869641988
turn_right,32.1,0.0,0.0,-0.44999999999999996,-0.035683698265786205,-0.008815438414269386,-0.018878314029407536,-0.49655696630654383,-0.028164784726283837,-0.003768040735931549,0.3117102464274273,0,0,0,8.020268653226536,8.020268653226536,7.904470082495603,5.0370842077582605
turn_right,32.12,0.0,0.0,-0.44999999999999996,-0.050149200685305755,-0.014872786342804263,-0.01982699951263252,-0.49910772949982324,-0.03253555100057233,-0.0007213271946078323,0.31127613629940293,0,0,0,8.668973329050228,8.668973329050228,7.892935734527228,5.619556850718824
turn_right,32.14,0.0,0.0,-0.44999999999999996,-0.07208266844592127,-0.015186078444739076,-0.018129146653071665,-0.5362881724066196,-0.03519000347875363,9.670965651634453e-05,0.31083119092239125,0,0,0,8.504369103774552,8.504369103774552,7.878011137089224,4.801555235068484
turn_right,32.160000000000004,0.0,0.0,-0.44999999999999996,-0.08749873996104364,-0.013260359763177427,-0.018473139129125085,-0.5503707259613502,-0.03491005999753564,-0.000535872246457541,0.31043110452702116,0,0,0,8.017679470806423,8.017679470806423,7.863864034194886,3.0588383972359834
turn_right,32.18,0.0,0.0,-0.44999999999999996,-0.09439239341313135,-0.009117444820311993,-0.028356640287332285,-0.515523380603548,-0.03228098015911951,-0.0033624452056102826,0.30993205735675666,0,0,0,8.370336685223224,8.370336685223224,7.850452212253394,2.812306418634445
turn_right,32.2,0.0,0.0,-0.44999999999999996,-0.09314656829043952,-0.001660959754709811,-0.04185829145750191,-0.4514038647499039,-0.02911413884729852,-0.008650275543808561,0.3091864277810363,0,0,0,9.311083887113135,9.311083887113135,7.825436997449323,2.041010738166566
turn_right,32.22,0.0,0.0,-0.44999999999999996,-0.08799114446808072,0.011804403531523252,-0.0518033482656262,-0.4135905202608691,-0.028093627337065226,-0.015108364226356521,0.3082065213726996,0,0,0,10.018944751887606,10.018944751887606,7.757698244021153,2.01500186033755
turn_right,32.24,0.0,0.0,-0.44999999999999996,-0.08665722229115282,0.0254857094854507,-0.052687574179498944,-0.402588785480264,-0.029684250191653834,-0.021638855336765687,0.30712821311838207,0,0,0,10.198557510690296,10.198557510690296,7.6523033663205595,2.562723978789286
turn_right,32.26,0.0,0.0,-0.44999999999999996,-0.08966637090337828,0.038156927773997276,-0.05309666187443353,-0.4288363154434894,-0.03302678808719386,-0.028173272966123396,0.3060367713251472,0,0,0,10.071891108468137,10.071891108468137,7.533307803097834,3.237816194292104
turn_right,32.28,0.0,0.0,-0.44999999999999996,-0.08817578612725205,0.019500711936615372,-0.005603372311113645,-0.28759618170331014,-0.028788030487723403,-0.028796975847810585,0.30544364749816966,0,0,0,8.893412083654216,8.893412083654216,7.41953100415375,2.8504178357386225
turn_right,32.3,0.0,0.0,-0.44999999999999996,-0.07438236355135093,-0.001953312569100387,0.008547311204722272,-0.27467557304110923,-0.017658432110851507,-0.02353118084228378,0.30551678632840373,0,0,0,7.773900389613133,7.773900389613133,7.349332620088088,3.619002645029442
turn_right,32.32,0.0,0.0,-0.44999999999999996,-0.05960579051157237,-0.008880695677197325,0.03579197486556621,-0.35081055204323575,-0.009823998948900277,-0.018687255531042665,0.3057982509160301,0,1,0,7.352711767012396,7.352711767012396,7.3361807570244935,4.520755008288842
turn_right,32.34,0.0,0.0,-0.44999999999999996,-0.048435891002712034,-0.0018708103392723855,0.07883859021294586,-0.40958057924318825,-0.014172549162825324,-0.019283370793694417,0.3070493499895721,0,1,0,6.16904834034399,6.16904834034399,7.361692666111477,0.918228051203107
turn_right,32.36,0.0,0.0,-0.44999999999999996,-0.04257113056317193,0.0077492703683790095,0.07572402976831186,-0.4734570015636345,-0.015856082490075488,-0.020488464264788363,0.30862009620459074,0,1,0,6.401246342336826,6.401246342336826,7.447933955318401,3.831265191405149
turn_right,32.38,0.0,0.0,-0.44999999999999996,-0.04801750535509804,0.011079047364279155,0.05088759665468629,-0.48570374290477547,-0.011479592721774685,-0.022092481510774243,0.3098291502669961,0,0,0,6.797447653326537,6.797447653326537,7.4554061433439,1.820107199326907
turn_right,32.4,0.0,0.0,-0.44999999999999996,-0.06176342156259644,0.011320890580444935,0.025041986725428265,-0.5476175125710457,-0.004466498505930656,-0.023942570267100297,0.31041352675932593,0,0,0,7.287354702749252,7.287354702749252,7.4625155007528825,4.991797316470314
turn_right,32.42,0.0,0.0,-0.44999999999999996,-0.07425540225906274,0.009393061038428229,0.002298412005321879,-0.6232439855031547,-0.0018310834062895626,-0.025268019193422225,0.31046607428321066,0,0,0,7.99338782300522,7.99338782300522,7.469279231424778,5.74233773523644
turn_right,32.44,0.0,0.0,-0.44999999999999996,-0.08415375398240775,0.006392746575733937,-0.008921181333543636,-0.6597770299083756,-0.00547532771247632,-0.024459087939032047,0.31021009730007604,0,0,0,8.488933634183603,8.488933634183603,7.513981244044476,6.063827812775595
turn_right,32.46,0.0,0.0,-0.44999999999999996,-0.09149463897366049,0.005621918104791475,-0.009283392865976521,-0.6734730355302216,-0.011820876501425045,-0.021462263336605062,0.3099104759282988,0,0,0,8.635012519098373,8.635012519098373,7.653343483399546,4.804963877171527
turn_right,32.480000000000004,0.0,0.0,-0.44999999999999996,-0.10153343680563628,0.008824905843436233,-0.007707690104399844,-0.6854346321370353,-0.018865093678186198,-0.016960685387491643,0.3096609830786336,0,0,0,8.499848346079785,8.499848346079785,7.788681948573252,2.5905680128075637
turn_right,32.5,0.0,0.0,-0.44999999999999996,-0.1106226559185021,0.015507304611478959,-0.0091030915187751,-0.6722786665311163,-0.02572531593578745,-0.012373552052844048,0.3094216172664046,0,0,0,8.351645583530203,8.351645583530203,7.855135980814666,2.5970803609575515
turn_right,32.52,0.0,0.0,-0.44999999999999996,-0.11732034247763162,0.021757049319157708,-0.011716811834211048,-0.6265565483368682,-0.030121941988912337,-0.00910506642092006,0.3091550635375036,0,0,0,8.444539450428135,8.444539450428135,7.842176961169113,2.0381178918698657
turn_right,32.54,0.0,0.0,-0.44999999999999996,-0.1219948438422112,0.026076613527468304,-0.016026756804551578,-0.5567030803423731,-0.030113125974417034,-0.007569980099848692,0.30884789981052746,0,0,0,8.504567974708051,8.504567974708051,7.82988907603513,2.9653236125276385
turn_right,32.56,0.0,0.0,-0.44999999999999996,-0.12766313448467623,0.026619912235392416,-0.018796496040225333,-0.4694679849364817,-0.026171400395097962,-0.007749198042471956,0.30845652300916127,0,0,0,8.655840020601596,8.655840020601596,7.818236282428227,3.9082569328153234
turn_right,32.58,0.0,0.0,-0.44999999999999996,-0.11579851790409317,0.023875578381990833,0.015480657173037593,-0.3975874135261704,-0.025749532659397275,-0.009080677042826462,0.30840323065783837,0,1,0,8.668783265859863,8.668783265859863,7.775094297384943,3.522798315414251
turn_right,32.6,0.0,0.0,-0.44999999999999996,-0.08377841709774578,0.016120016824481085,0.03334317262477683,-0.3446644587352991,-0.026936128245310227,-0.010419081049290173,0.30891338935483686,0,1,0,7.740663913746693,7.740663913746693,7.724703560169978,0.7032592461617041
turn_right,32.62,0.0,0.0,-0.44999999999999996,-0.04629573793216393,0.0070908641185378025,0.034022323047682435,-0.3621485805424583,-0.026509809283711383,-0.011320446680552744,0.3095975678443389,0,1,0,6.180514064069789,6.180514064069789,7.7076385754344905,0.5905871716051746
turn_right,32.64,0.0,0.0,-0.44999999999999996,-0.014845804456437222,0.0008421990046727226,0.015085634850911403,-0.3958196434785725,-0.026144485536213295,-0.010139066877047255,0.310070372727189,0,1,0,6.799232024660791,6.799232024660791,7.746427764310532,1.2192953933105517
turn_right,32.660000000000004,0.0,0.0,-0.44999999999999996,-0.005456310025905623,-0.002908397497950591,-0.002790180169899925,-0.42835407466806696,-0.027602536566404445,-0.007030298799300477,0.3101635592233812,0,0,0,7.759784622313049,7.759784622313049,7.768374587645873,1.4634771752133453
turn_right,32.68,0.0,0.0,-0.44999999999999996,-0.01958026837253234,-0.005860805784383283,-0.01647801038089508,-0.46070858395985753,-0.03263209547516324,-0.004068084250350634,0.3099315795232104,0,0,0,8.633773683952388,8.633773683952388,7.759882368883503,3.275837222813952
turn_right,32.7,0.0,0.0,-0.44999999999999996,-0.04566549525528918,-0.006602955162917777,-0.0208932206129713,-0.49541443091490983,-0.036948854679432486,-0.0033607188905199065,0.3095243293812981,0,0,0,8.699658672315824,8.699658672315824,7.751824024225748,3.552910552020802
turn_right,32.72,0.0,0.0,-0.44999999999999996,-0.06547962450104804,-0.0047522257032441145,-0.02257191702570319,-0.5211711916163061,-0.038071844695813796,-0.004472105671501506,0.309095264732617,0,0,0,8.220869734816375,8.220869734816375,7.744176838287132,3.426928425105223
turn_right,32.74,0.0,0.0,-0.44999999999999996,-0.0754123091321466,-0.00024338830859134603,-0.02847183588497707,-0.5033979163341736,-0.036167101411736936,-0.007497694666072793,0.30859780027472883,0,0,0,8.13925728188863,8.13925728188863,7.736919339139519,2.9389762884582575
turn_right,32.76,0.0,0.0,-0.44999999999999996,-0.0772082816029924,0.008308460477024014,-0.037772589134915074,-0.4613670283002996,-0.032454955593042394,-0.01258178053603922,0.3079478011179586,0,0,0,9.009549081213697,9.009549081213697,7.72350951657576,3.5190893487251014
turn_right,32.78,0.0,0.0,-0.44999999999999996,-0.07469475711040893,0.021986340935324835,-0.04615276096930804,-0.4262769407609359,-0.029723781417211402,-0.01864960429876697,0.30710699065822505,0,0,0,9.592540912553078,9.592540912553078,7.6704846459701095,4.676555330988884
turn_right,32.8,0.0,0.0,-0.44999999999999996,-0.07356002168297511,0.029138590048637104,-0.03693658910583304,-0.3575194944009796,-0.028928404240569038,-0.024069653310302842,0.3061563342770712,0,0,0,9.727083324403615,9.727083324403615,7.586271415487911,4.869869988311118
turn_right,32.82,0.0,0.0,-0.44999999999999996,-0.06982274189845315,0.0054455990618578155,-0.0032052343954014,-0.15988024055823674,-0.021768981161394075,-0.02177282571159289,0.30582937756175194,0,0,0,8.575216304116477,8.575216304116477,7.490574326585563,2.21103471213288
turn_right,32.84,0.0,0.0,-0.44999999999999996,-0.06646674851592914,-0.02174388981522864,0.007888164195863176,-0.09818033740543884,-0.012565379067836396,-0.01731223985767745,0.3059021466157042,0,0,0,7.7842638857087865,7.7842638857087865,7.443148983991179,3.0466990688083095
turn_right,32.86,0.0,0.0,-0.44999999999999996,-0.06255047516525533,-0.046947472974322155,0.0081717993976169,-0.1796444935277588,-0.00326085046426859,-0.013010410794595924,0.3060899574514872,0,0,0,7.618165934398155,7.618165934398155,7.430982432978485,3.737429317011176
turn_right,32.88,0.0,0.0,-0.44999999999999996,-0.06257447031212568,-0.05252806468820455,0.02777695411615953,-0.3324265930304765,9.853625189398623e-05,-0.01021507681959097,0.3063335571940244,0,1,0,6.4205254690910705,6.4205254690910705,7.446415691424441,3.991204201048685
turn_right,32.9,0.0,0.0,-0.44999999999999996,-0.06397608996069208,-0.039288871212660906,0.05498880525838132,-0.4545021183814887,-0.0041294088551210705,-0.010975191268977886,0.3072274024865209,0,1,0,5.61250414260468,5.61250414260468,7.500144779592262,0.8197170342513169
turn_right,32.92,0.0,0.0,-0.44999999999999996,-0.06884519155375779,-0.022949244589960643,0.0506345964171984,-0.4985639357310101,-0.007230574147374219,-0.012234602487115885,0.3082907756069219,0,1,0,6.428117112883443,6.428117112883443,7.559413066449061,2.818231686161732
turn_right,32.94,0.0,0.0,-0.44999999999999996,-0.0823056635412066,-0.012158930648170392,0.03668296436243045,-0.5208282104743371,-0.005609472904742952,-0.015128449056164625,0.3090967071005026,0,0,0,7.111007211173623,7.111007211173623,7.561425635968046,2.801926290018229
turn_right,32.96,0.0,0.0,-0.44999999999999996,-0.09820361070509363,-0.007442501510937842,0.019539938035655704,-0.5782341839887004,-0.001825911146071971,-0.0192986789130274,0.3095133535523212,0,0,0,7.922701512312152,7.922701512312152,7.563338722623012,5.653536138113187
turn_right,32.980000000000004,0.0,0.0,-0.44999999999999996,-0.1092389162906043,-0.009309308472448664,0.004918918168399679,-0.6092841131825942,-0.0007116097794889572,-0.023379207089765656,0.3095708013625778,0,0,0,8.633356847570978,8.633356847570978,7.568687568654056,5.731450695096234
turn_right,33.0,0.0,0.0,-0.44999999999999996,-0.11695648914828914,-0.013364284271874078,-0.0013242597256033668,-0.6093594292417475,-0.0015712762818800641,-0.025904726246904815,0.3094631448952302,0,0,0,8.92792493790563,8.92792493790563,7.69185932725286,4.5259535694977275
turn_right,33.02,0.0,0.0,-0.44999999999999996,-0.1260204551279418,-0.016611930230207652,-0.0013105630479983174,-0.5912697081937408,-0.00297400576418661,-0.02696283673323719,0.30933798052680483,0,0,0,8.909679393589494,8.909679393589494,7.812936893842242,2.7051144315180924
turn_right,33.04,0.0,0.0,-0.44999999999999996,-0.13607438447148004,-0.018314164656436323,-0.002567553577130917,-0.5664110169527192,-0.003978703088166271,-0.026845772012414837,0.30923058453214824,0,0,0,8.729741160323867,8.729741160323867,7.752708306064722,2.304627571388582
turn_right,33.06,0.0,0.0,-0.44999999999999996,-0.14439738905004615,-0.01981511314033549,-0.009716924387182333,-0.534012720340214,-0.0033954375663041545,-0.026892141923337685,0.3090485878752819,0,0,0,8.637881338540511,8.637881338540511,7.70122861585622,2.0002631140699583
turn_right,33.08,0.0,0.0,-0.44999999999999996,-0.14915881574053502,-0.020370732220644536,-0.00694650156464259,-0.4717738163104288,-0.0034948843215621495,-0.02737316079800236,0.3087636276722397,0,0,0,8.664963891239545,8.664963891239545,7.6560856759719265,2.462097842886331
turn_right,33.1,0.0,0.0,-0.44999999999999996,-0.1373710121747977,-0.013612618549856468,-0.0001946087591429015,-0.3590043300263142,-0.010657034327633225,-0.025935026281959723,0.30864868670367307,0,0,0,8.43373329606852,8.43373329606852,7.610347910466885,2.5891933041427393
turn_right,33.12,0.0,0.0,-0.44999999999999996,-0.12099500564258181,-0.006961402043203415,0.014299930324324816,-0.26445606286430035,-0.015956430248774262,-0.023894916421125123,0.30868095962382935,0,1,0,8.082311158835887,8.082311158835887,7.5724450774804275,2.5804449384880375
turn_right,33.14,0.0,0.0,-0.44999999999999996,-0.09028605222505144,-0.005117882689585006,0.03192609191155843,-0.21855284604403027,-0.01564703720256675,-0.02569286463742056,0.309128039489763,0,1,0,7.635125691483697,7.635125691483697,7.550484223691928,0.6426866365017047
turn_right,33.160000000000004,0.0,0.0,-0.44999999999999996,-0.06125932245519575,-0.005312798559433778,0.0442384355437315,-0.233846528634565,-0.01379195718086403,-0.0284983095843167,0.3098831736306208,0,1,0,6.853769117959537,6.853769117959537,7.5441580168018305,0.8312725260580803
turn_right,33.18,0.0,0.0,-0.44999999999999996,-0.038790611784870435,-0.004842236411336387,0.036417884476771724,-0.3017754411544814,-0.011687913488669715,-0.029987766159275262,0.31068656521128873,0,1,0,6.939491123595873,6.939491123595873,7.580169492991349,0.8312725260580803
turn_right,33.2,0.0,0.0,-0.44999999999999996,-0.029574784533757153,-0.004073559494399189,0.019450135402963177,-0.37114891082415175,-0.009519099436426072,-0.0286529916958133,0.3111997490091739,0,0,0,6.695928063375055,6.695928063375055,7.662180282240325,1.3662081351852
turn_right,33.22,0.0,0.0,-0.44999999999999996,-0.04249695869877936,-0.00685719349213647,0.007662657295824178,-0.4679595447290041,-0.00979303008153502,-0.02541879452602702,0.31135124024760275,0,0,0,7.080148591410805,7.080148591410805,7.764406604772802,4.847079236231902
turn_right,33.24,0.0,0.0,-0.44999999999999996,-0.07192877547023269,-0.01276782012097742,-0.00334488346026893,-0.5418916363377585,-0.01284300504401606,-0.02205867026316078,0.3112519463460404,0,0,0,7.863632454434505,7.863632454434505,7.7791539723716205,7.015549856248187
turn_right,33.26,0.0,0.0,-0.44999999999999996,-0.10528539525753897,-0.01986951313841805,-0.013854396787967207,-0.5789256024009444,-0.01566155864010378,-0.020508798263788368,0.3109288224081963,0,0,0,8.011184064267471,8.011184064267471,7.770110171462051,7.179007370854837
turn_right,33.28,0.0,0.0,-0.44999999999999996,-0.12767281079662254,-0.02370729530744386,-0.026600729287642042,-0.5949267027350739,-0.01644843832154645,-0.021827108440927126,0.3103971204519268,0,0,0,7.479281361692768,7.479281361692768,7.761529207329001,5.14289141848372
turn_right,33.3,0.0,0.0,-0.44999999999999996,-0.13695610645908313,-0.02155186119128429,-0.046020999471543915,-0.5912124993745788,-0.015597202732013777,-0.02643124857663149,0.3095552727488598,0,0,0,8.378122809792021,8.378122809792021,7.753386770775496,2.725248599244468
turn_right,33.32,0.0,0.0,-0.44999999999999996,-0.13305925790599465,-0.010764571571307495,-0.07410726217442035,-0.5927940423792248,-0.014723709281637971,-0.033725771762597,0.3082242510675399,0,0,0,9.602197594557994,9.602197594557994,7.731436021338471,2.019290276551069
turn_right,33.34,0.0,0.0,-0.44999999999999996,-0.12051140540160833,0.006375124825228975,-0.10075853711650885,-0.5806478493045073,-0.015156594862467518,-0.04349112164027168,0.3063268230219602,0,0,0,10.848465872286667,10.848465872286667,7.655180038640886,2.673600087537854
turn_right,33.36,0.0,0.0,-0.44999999999999996,-0.10810515556162355,-0.00841955074459699,-0.0571198072505119,-0.3315656078487712,-0.010836709421434283,-0.048780655301622025,0.30453585793825527,0,0,0,10.589889334975046,10.589889334975046,7.51522275725652,2.657058744942442
turn_right,33.38,0.0,0.0,-0.44999999999999996,-0.08615325887248332,-0.0414406008620819,-0.0168594926894621,-0.11933418016735992,0.002438457809363771,-0.044140899382918916,0.3038263982678381,0,0,0,9.576049973811187,9.576049973811187,7.359177130393114,2.201646662985228
turn_right,33.4,0.0,0.0,-0.44999999999999996,-0.05739472854891984,-0.06832600136250105,-0.00846314925874421,-0.08638872685400224,0.019233186226003233,-0.03773055058973325,0.30357884246736944,0,0,0,8.658937524699185,8.658937524699185,7.2647868955358845,3.1566571171266995
turn_right,33.42,0.0,0.0,-0.44999999999999996,-0.031769191811188716,-0.06717904540333379,0.012980740563438356,-0.23745116114302223,0.027824989466728317,-0.03372525535482533,0.3034372139106582,0,1,0,7.834330884688506,7.834330884688506,7.216192848339503,3.512401786240943
turn_right,33.44,0.0,0.0,-0.44999999999999996,-0.015205138146918457,-0.03805500162811187,0.06197798959364366,-0.45316451233403005,0.02448995352931772,-0.035654208972548326,0.30418365775286166,0,1,0,7.039692285652892,7.039692285652892,7.2037030325636735,5.53941359810153
turn_right,33.46,0.0,0.0,-0.44999999999999996,-0.012967481941149418,-0.007497780327746696,0.10578452535058075,-0.6883261795342511,0.02385359869369184,-0.037887620383203764,0.3058832707711968,0,0,0,6.405021534754385,6.405021534754385,7.224438945277591,4.503216736359234
turn_right,33.480000000000004,0.0,0.0,-0.44999999999999996,-0.026063280626904592,0.010002080569005962,0.11273053830071078,-0.8076882757470439,0.02737507356311558,-0.03891725308159048,0.3080659536975594,0,0,0,6.296580024173529,6.296580024173529,7.30155215941517,7.566755218539905
turn_right,33.5,0.0,0.0,-0.44999999999999996,-0.045444577241378,0.008864927600126743,0.08266892662174012,-0.799383657873623,0.03308370777777104,-0.04106300194591672,0.30993880890999503,0,0,0,6.58576943433067,6.58576943433067,7.355781427288296,4.623159393366794
turn_right,33.52,0.0,0.0,-0.44999999999999996,-0.06985126592924631,0.0011058291392891972,0.0526386548834824,-0.7590722260125482,0.03289922864537824,-0.042310683657723704,0.3110843321648046,0,0,0,6.953499959807348,6.953499959807348,7.454621456561952,6.932803429430435
turn_right,33.54,0.0,0.0,-0.44999999999999996,-0.08651684509094582,-0.006593948947505446,0.026752638356191998,-0.6732895008348623,0.029083517619217562,-0.041485012187331236,0.31165886462279774,0,0,0,7.402271946707742,7.402271946707742,7.601339281432903,7.129048120200868
turn_right,33.56,0.0,0.0,-0.44999999999999996,-0.09705032053525692,-0.011863863769969837,0.010802683548470724,-0.5784338949838769,0.024896669329695253,-0.039663001762518586,0.31188287245131047,0,0,0,7.7209293712372356,7.7209293712372356,7.719960954819115,4.684524127095124
turn_right,33.58,0.0,0.0,-0.44999999999999996,-0.10601419130739027,-0.016464632773314503,-0.002498065622357358,-0.4747030496955921,0.021731435168222474,-0.03790099571378708,0.31185257079126155,0,0,0,7.863636997644393,7.863636997644393,7.740952196427099,2.5751803671120497
turn_right,33.6,0.0,0.0,-0.44999999999999996,-0.11427761564778686,-0.020429782777929898,-0.014747428582361872,-0.3785236552369887,0.020447445754480473,-0.03668324090292938,0.3115691687870577,0,0,0,8.004795632039377,8.004795632039377,7.7338588752451365,2.79354205931196
turn_right,33.62,0.0,0.0,-0.44999999999999996,-0.12337397309405453,-0.024990143540596574,-0.02422915491791621,-0.289663565872343,0.02194531909900576,-0.036314484547531695,0.31106869665810855,0,0,0,8.160802035068723,8.160802035068723,7.727126399852828,2.696330681861762
turn_right,33.64,0.0,0.0,-0.44999999999999996,-0.1251541254393114,-0.027340821089543735,-0.022926108932455547,-0.16907135354689437,0.02173968535636841,-0.0361088258250158,0.31043295229146195,0,0,0,8.364238306973068,8.364238306973068,7.720736031774905,2.787607760023019
turn_right,33.660000000000004,0.0,0.0,-0.44999999999999996,-0.11008195609386444,-0.0273356338356299,-0.02910932586220704,0.022742201942714695,0.013750493833332062,-0.03321735330970296,0.3098593640726926,0,0,0,8.138802580758343,8.138802580758343,7.7146700432327755,2.262622229559999
turn_right,33.68,0.0,0.0,-0.44999999999999996,-0.09134132787431361,-0.024640923905573372,-0.03883541326051439,0.1529017794918084,0.005246146873165495,-0.02727533632521011,0.30901980503249254,0,1,0,7.650445298639782,7.650445298639782,7.708911658935314,3.241934112104995
turn_right,33.7,0.0,0.0,-0.44999999999999996,-0.06380228015939897,-0.030943338617320487,-0.012583854125566991,0.0253230937614332,0.005737948129589282,-0.02495260428948203,0.30852702098018914,0,1,0,6.839013560208452,6.839013560208452,7.703445001580768,1.6611614915400188
turn_right,33.72,0.0,0.0,-0.44999999999999996,-0.03393331489787871,-0.03801385974939379,-0.0031431174776164732,-0.17062218354210976,0.0075641524277959915,-0.02340524720397325,0.3083849710077622,0,1,0,7.227306315433575,7.227306315433575,7.698255040799278,0.3261980918045759
turn_right,33.74,0.0,0.0,-0.44999999999999996,-0.01675051658658798,-0.04146371450354935,-0.010035401030881682,-0.3871099913250392,0.007504379632980001,-0.0202768080885832,0.30821330396851426,0,0,0,7.346197214325974,7.346197214325974,7.69332754528828,3.2830063376644936
turn_right,33.76,0.0,0.0,-0.44999999999999996,-0.02109191619655249,-0.04441891654875373,-0.010910753125400064,-0.5716112686146939,0.0031425082986059113,-0.016090275058667617,0.307913479369247,0,0,0,8.255151942553907,8.255151942553907,7.688649037913667,4.919040545866152
turn_right,33.78,0.0,0.0,-0.44999999999999996,-0.045227732439732354,-0.05140500810057461,-0.006620020464305517,-0.6760557713890005,-0.003986716195850416,-0.012359963620622288,0.3076798098217614,0,0,0,8.668414184300698,8.668414184300698,7.684206753568279,4.684814056230011
turn_right,33.8,0.0,0.0,-0.44999999999999996,-0.0805405294224837,-0.06118710119068284,-0.005546873894443966,-0.6696636587539324,-0.010429941338484218,-0.010828182674631134,0.3075161941730513,0,0,0,8.309820610672913,8.309820610672913,7.6799885995961255,3.3553427593377427
turn_right,33.82,0.0,0.0,-0.44999999999999996,-0.10722387807352755,-0.06876110123266833,-0.013227662501839415,-0.6096915736818324,-0.012876973618550705,-0.01269405076169929,0.30727871052217265,0,0,0,7.357721255240843,7.357721255240843,7.675983118606194,3.3957396403058033
turn_right,33.84,0.0,0.0,-0.44999999999999996,-0.11977529906172363,-0.0680133434510108,-0.029287093411156994,-0.5268013008865972,-0.011095247354968914,-0.017575425599361948,0.30680334187559904,0,0,0,8.268980731840289,8.268980731840289,7.672179453513458,2.416713238960718
turn_right,33.86,0.0,0.0,-0.44999999999999996,-0.12171750600618284,-0.05914427120156033,-0.048705179433322233,-0.4389636097580331,-0.0074296147441492875,-0.023826937117526266,0.305955043113678,0,0,0,9.58008039608655,9.58008039608655,7.657307074515419,2.133694675047111
turn_right,33.88,0.0,0.0,-0.44999999999999996,-0.11682137902257184,-0.04628868808219101,-0.06919252064897907,-0.37369521315699633,-0.003873560700074225,-0.03082170921742239,0.30469559703532584,0,0,0,10.56419301930661,10.56419301930661,7.582934190268258,2.2485550828390752
turn_right,33.9,0.0,0.0,-0.44999999999999996,-0.10916410437942092,-0.03773178226786105,-0.071636381068823,-0.3331494283929942,-0.0029015344856907752,-0.03782814826357948,0.3031142466387067,0,0,0,11.06300599401912,11.06300599401912,7.4560426791893555,2.708324159101743
turn_right,33.92,0.0,0.0,-0.44999999999999996,-0.09294452999677864,-0.05987513348601359,-0.030868604132818545,-0.22161201746176437,0.005311430163824653,-0.03596329467259174,0.3021269809241208,0,0,0,9.937753079573145,9.937753079573145,7.293940981977606,2.6844300903771487
turn_right,33.94,0.0,0.0,-0.44999999999999996,-0.06345778756611804,-0.08124840059188061,-0.022878571227464076,-0.31976330822345594,0.017861840488883975,-0.0302482295683128,0.3016286128929594,0,1,0,8.966010587308132,8.966010587308132,7.1803599081964755,3.4830456188650296
turn_right,33.96,0.0,0.0,-0.44999999999999996,-0.03351830162048247,-0.06592913581257688,0.03564335799319704,-0.3659968538761372,0.02136205810584337,-0.029542055029761916,0.30175281047084906,0,1,0,7.900467356998959,7.900467356998959,7.117847567328724,2.0576993813249547
turn_right,33.980000000000004,0.0,0.0,-0.44999999999999996,-0.012770668750656878,-0.03846442443239095,0.09280274554769263,-0.4770861134567559,0.02278792806859609,-0.03213665032794987,0.30304524917467063,0,1,0,6.797799568544493,6.797799568544493,7.101063072821567,6.521585892385692
turn_right,34.0,0.0,0.0,-0.44999999999999996,-0.005764872907210682,-0.007049733810503199,0.13459510910382566,-0.6332137398438417,0.02526960680960863,-0.03288192457242136,0.3054351815053949,0,1,0,5.777855740834318,5.777855740834318,7.1300691496492306,4.769266811741747
turn_right,34.02,0.0,0.0,-0.44999999999999996,-0.017032516828097803,0.009819387929206214,0.14653448815945816,-0.7453345143774672,0.02628404238842227,-0.03180527458501568,0.30834195360960853,0,0,0,5.257754345920344,5.257754345920344,7.207709633873641,6.400909498153199
turn_right,34.04,0.0,0.0,-0.44999999999999996,-0.03406377027998636,0.009632778606129698,0.1060422535400863,-0.7705075543515746,0.024893850228527307,-0.03180382008564017,0.3108129053498844,0,0,0,6.26320751760144,6.26320751760144,7.245275773289716,6.117995288003669
turn_right,34.06,0.0,0.0,-0.44999999999999996,-0.05564743042382776,0.008240367447555404,0.0630423290493478,-0.8194461717153025,0.021408495151440783,-0.03162752200987131,0.31240807541599397,0,0,0,6.273764424474972,6.273764424474972,7.262419502739355,3.39008966522735
turn_right,34.08,0.0,0.0,-0.44999999999999996,-0.07164166973293236,0.004567207220818283,0.02692959746525069,-0.8555134087967964,0.013354319752287774,-0.02987703572812129,0.31313258151921486,0,0,0,7.190164705315839,7.190164705315839,7.285208012711706,5.15281803719801
turn_right,34.1,0.0,0.0,-0.44999999999999996,-0.07890068893030605,0.0031357028182354228,0.005051734007552117,-0.8498283438947092,0.004508978609326729,-0.027287029160938978,0.31333918862338916,0,0,0,7.875807068519263,7.875807068519263,7.40754804692757,4.999330357804785
turn_right,34.12,0.0,0.0,-0.44999999999999996,-0.0850327511848694,0.00233170150356491,-0.007960150975611296,-0.8120842620395021,-0.0032097129839443175,-0.023836244514472762,0.3132243355268129,0,0,0,8.228930178713668,8.228930178713668,7.542687915207331,3.600313330803552
turn_right,34.14,0.0,0.0,-0.44999999999999996,-0.09066474619973068,0.0033628562451510162,-0.016897250341829703,-0.760666720628715,-0.009562427830000737,-0.019876350481968116,0.3128950268504126,0,0,0,8.41372825953515,8.41372825953515,7.605208685441539,2.9241548173614653
turn_right,34.160000000000004,0.0,0.0,-0.44999999999999996,-0.09703708299306622,0.005496621189229351,-0.022313873373226465,-0.7009952477763777,-0.013388585387369336,-0.016344943414276128,0.3124534252628528,0,0,0,8.421270703169824,8.421270703169824,7.604949439097641,2.3966419885228567
turn_right,34.18,0.0,0.0,-0.44999999999999996,-0.10332327623424398,0.007690472992134277,-0.02452486099761845,-0.6106131769151231,-0.014258730266496225,-0.014227902481288433,0.31196455920592076,0,0,0,8.511600565131124,8.511600565131124,7.604703101144583,2.5269684841224045
turn_right,34.2,0.0,0.0,-0.44999999999999996,-0.1080342550691683,0.007440111751051735,-0.0314033046821877,-0.5026966499568342,-0.01138821558264874,-0.013633601133686583,0.3114033145876627,0,0,0,8.56229178719064,8.56229178719064,7.6044690283432,2.9960906470599324
turn_right,34.22,0.0,0.0,-0.44999999999999996,-0.10666997208156202,0.0077187542848262064,-0.02652613178511017,-0.36143636359692,-0.010460934315962131,-0.012746397126122681,0.3107555519323327,0,0,0,8.578786657106894,8.578786657106894,7.604246609556643,3.0173038230716145
turn_right,34.24,0.0,0.0,-0.44999999999999996,-0.09216654485039115,0.009192978745738442,-0.018952581489606622,-0.19058957336901208,-0.015834898619669344,-0.009005158258082081,0.31023636696207496,0,1,0,8.185525714954606,8.185525714954606,7.604035264143466,2.6543016702555327
turn_right,34.26,0.0,0.0,-0.44999999999999996,-0.06002071794731944,0.006851912397059297,-0.002193340766942887,-0.17276903227734342,-0.017488324773935852,-0.006711473318726933,0.31004750893070565,0,1,0,7.140094912183597,7.140094912183597,7.603834440431633,0.627730094261328
turn_right,34.28,0.0,0.0,-0.44999999999999996,-0.02807783224538819,0.004783074911544405,0.001978683286527313,-0.2549827393145017,-0.018117631696121447,-0.004438069506713316,0.3100614480989971,0,1,0,6.551538176641896,6.551538176641896,7.603643614269313,0.5449862351826847
turn_right,34.300000000000004,0.0,0.0,-0.44999999999999996,-0.006651512504822312,0.001984335928530107,-0.007257434214424064,-0.37995905038682126,-0.017937303743156593,-0.0011029802111210054,0.30999851242770304,0,0,0,7.531285877386067,7.531285877386067,7.6034622876485045,2.3943940717160515
turn_right,34.32,0.0,0.0,-0.44999999999999996,-0.008102295042917101,-0.001327872479304985,-0.01332585352763267,-0.5074386837871337,-0.022109151331582748,0.0034079826195218014,0.3097043612866824,0,0,0,8.601891187527942,8.601891187527942,7.60328998739789,4.448286389437167
turn_right,34.34,0.0,0.0,-0.44999999999999996,-0.030042251017193735,-0.005509905168292319,-0.013927602119027835,-0.5865787788557855,-0.0286766722809117,0.0070928256918504524,0.3093505301776677,0,0,0,8.983371640058367,8.983371640058367,7.603126263941306,4.748121781624658
turn_right,34.36,0.0,0.0,-0.44999999999999996,-0.06313777299409107,-0.011953668995427439,-0.006249648941755659,-0.6197951172328429,-0.031791696791213915,0.009214577568101626,0.30911477284965805,0,0,0,8.703453685515338,8.703453685515338,7.602970690118585,3.4069117236322266
turn_right,34.38,0.0,0.0,-0.44999999999999996,-0.08967865567331082,-0.017212504249781754,-0.007089811501276545,-0.6072521876829731,-0.030731929920946643,0.009300681385960496,0.30897079791886695,0,0,0,7.973621332532335,7.973621332532335,7.602822860065558,3.4213827753602835
turn_right,34.4,0.0,0.0,-0.44999999999999996,-0.10460584056414067,-0.01879410969682029,-0.016546568272155438,-0.5458004367626891,-0.026644341702614417,0.007110627631602847,0.3087457627905249,0,0,0,7.4503809290691,7.4503809290691,7.602682388150239,2.4281929558917854
turn_right,34.42,0.0,0.0,-0.44999999999999996,-0.10864550358568376,-0.014925296920355394,-0.034098419028372066,-0.449889333445208,-0.021779251284786024,0.0028176239569701117,0.308245803198713,0,0,0,8.578994248917908,8.578994248917908,7.6025489079623725,2.183864961707929
turn_right,34.44,0.0,0.0,-0.44999999999999996,-0.10515694726587779,-0.006996172931874855,-0.05193703450656155,-0.3639727284054194,-0.01848474865484497,-0.0031691818073218228,0.30738399174554865,0,0,0,9.63365706052883,9.63365706052883,7.572893851825832,2.3464938229226076
turn_right,34.46,0.0,0.0,-0.44999999999999996,-0.09742125486789176,0.0037654483245609777,-0.06725353262955837,-0.35531960866716694,-0.02053113747630775,-0.010563570781281097,0.3061847531230213,0,0,0,10.229520310263087,10.229520310263087,7.494535888131715,3.1063651241123336
turn_right,34.480000000000004,0.0,0.0,-0.44999999999999996,-0.0868007284403175,-0.005888081020131785,-0.035604487378225684,-0.2840834534765092,-0.021943347108552044,-0.01527478378299949,0.30501998879601205,0,0,0,9.843735980442831,9.843735980442831,7.381513489990681,3.0389435727096243
turn_right,34.5,0.0,0.0,-0.44999999999999996,-0.061964466728407025,-0.03419691241069376,-0.008486826145172007,-0.30034892895112,-0.014409403901886548,-0.012135549853916718,0.3046905711232484,0,0,0,8.77833498819872,8.77833498819872,7.266019571321923,3.5161449908310494
turn_right,34.52,0.0,0.0,-0.44999999999999996,-0.03986238899574546,-0.04748088680070509,0.02481491682028484,-0.4082976920618686,-0.007342380746728033,-0.009248081891128569,0.30475783532442785,0,1,0,7.568887280078073,7.568887280078073,7.211075272970948,4.380104710943095
turn_right,34.54,0.0,0.0,-0.44999999999999996,-0.021696745226227276,-0.04006738419136215,0.07219505414745496,-0.5122006562078418,-0.007237760030409256,-0.012332344207145575,0.30585131101611257,0,1,0,6.429951728050763,6.429951728050763,7.203736247467553,1.3657280969013537
turn_right,34.56,0.0,0.0,-0.44999999999999996,-0.01051565924480923,-0.023514944085974966,0.07728650849407402,-0.6335855437740866,-0.004802921883673849,-0.016496986968686858,0.30739082061635065,0,1,0,6.600039209939115,6.600039209939115,7.2629519672538265,4.151179618709494
turn_right,34.58,0.0,0.0,-0.44999999999999996,-0.013960834463833805,-0.016104646591660162,0.05832314952365847,-0.6898288179869235,0.00016553605778199608,-0.01990706269058491,0.3087404877680259,0,1,0,7.000551929966264,7.000551929966264,7.279265029428068,3.679203956054344
turn_right,34.6,0.0,0.0,-0.44999999999999996,-0.02863719928929869,-0.016588572478530933,0.04093920736285919,-0.7184417159075416,0.0031459664605141724,-0.021815431621711786,0.3096430708043848,0,0,0,7.284718183192688,7.284718183192688,7.294809306492567,3.7622186127317887
turn_right,34.62,0.0,0.0,-0.44999999999999996,-0.044243128326614325,-0.017247104662464492,0.02247381064885501,-0.7275406072803166,0.0004940220388865764,-0.02150873453078684,0.31011339662963416,0,0,0,7.601647126360933,7.601647126360933,7.309619082346291,5.384442007982394
turn_right,34.64,0.0,0.0,-0.44999999999999996,-0.05185399902127908,-0.01648035038267065,0.008518400689033449,-0.7230831490566019,-0.006862655966085565,-0.019420780232669403,0.31027987231178605,0,0,0,7.8682731285024445,7.8682731285024445,7.370564684727562,5.16599168342952
turn_right,34.660000000000004,0.0,0.0,-0.44999999999999996,-0.057830526399516295,-0.013228485408101348,0.0020297912137597876,-0.6968373238516679,-0.015168972926149361,-0.01593350326552502,0.31029752328856164,0,0,0,7.9023666783132995,7.9023666783132995,7.5064289975286265,3.398168007261612
turn_right,34.68,0.0,0.0,-0.44999999999999996,-0.06560215853315216,-0.007500992331729491,-0.0024732697198213377,-0.6684146349769794,-0.022702945883280354,-0.011754663715863435,0.31022731702379835,0,0,0,7.897747468994409,7.897747468994409,7.632970765881371,2.7493663045507146
turn_right,34.7,0.0,0.0,-0.44999999999999996,-0.07441281406626725,0.0005190605458239455,-0.005231640839425553,-0.6359560334434098,-0.0288548177268402,-0.007601848348633034,0.31010293154432134,0,0,0,7.879717427088424,7.879717427088424,7.687577704209609,2.2430478497506354
turn_right,34.72,0.0,0.0,-0.44999999999999996,-0.08184950832371893,0.008720106050745104,-0.008560464892569966,-0.5850878052798504,-0.03168613282491075,-0.004609402096475948,0.30993228999970496,0,0,0,7.882474606120548,7.882474606120548,7.683189487528537,1.6434686311527391
turn_right,34.74,0.0,0.0,-0.44999999999999996,-0.08813976532087607,0.015647353766407652,-0.01115969307118652,-0.5031948888697062,-0.030987860364780895,-0.0031483995824796375,0.3097253026287138,0,0,0,8.04212895644087,8.04212895644087,7.679022635872876,2.6277248524629124
turn_right,34.76,0.0,0.0,-0.44999999999999996,-0.09348475755456138,0.013162578552225216,0.0017503803621585676,-0.4298139747455209,-0.02518114015834047,-0.0049102979045993365,0.30964589378967605,0,0,0,8.281975003226325,8.281975003226325,7.675065836882538,3.538024266259796
turn_right,34.78,0.0,0.0,-0.44999999999999996,-0.08097366061875727,0.006022736420854022,0.039121817987724475,-0.39603274139156774,-0.021195632747743214,-0.008859213206664175,0.31001614199142563,0,1,0,8.16637486060029,8.16637486060029,7.671308370545731,3.9241965805436005
turn_right,34.800000000000004,0.0,0.0,-0.44999999999999996,-0.04838113947554343,-0.0012393985565160874,0.053755539174283884,-0.3665858483323442,-0.02099941953873069,-0.01127247000186976,0.3110123098186744,0,1,0,6.896856842577182,6.896856842577182,7.66774007678832,0.7600108434017
turn_right,34.82,0.0,0.0,-0.44999999999999996,-0.01003118615636466,-0.004513120386220291,0.038277161497914956,-0.38822919659775973,-0.02140386761092553,-0.011853428034895466,0.31194386850950256,0,1,0,5.660611182605271,5.660611182605271,7.664351324971662,0.7459593757306705
turn_right,34.84,0.0,0.0,-0.44999999999999996,0.01837578068606064,-0.003790564937180373,0.01055838630853176,-0.4145378543756022,-0.021207289085927276,-0.009834466550700992,0.3123997611378293,0,1,0,6.605065401370494,6.605065401370494,7.661132985173687,0.6037678042917155
turn_right,34.86,0.0,0.0,-0.44999999999999996,0.02451407501385004,-0.004583137032618102,-0.015365036933789145,-0.4649455157388828,-0.02081990071726567,-0.005847725478878399,0.31228837425456596,0,0,0,8.018520085909246,8.018520085909246,7.658076401137386,3.785513812727475
turn_right,34.88,0.0,0.0,-0.44999999999999996,0.007462901568976849,-0.0066710468986507735,-0.026781486314167956,-0.5291181943100345,-0.02321778582569873,-0.0019679847976528876,0.31173013165781255,0,0,0,8.99898177184487,8.99898177184487,7.6551733647795,5.7948721415926565
turn_right,34.9,0.0,0.0,-0.44999999999999996,-0.017725100148935614,-0.011957132886621313,-0.019907092371396443,-0.5997458315131047,-0.02316730548814925,0.0002074785621384939,0.31115653626196466,0,0,0,9.018546229585565,9.018546229585565,7.652416092159964,5.872329586585468
turn_right,34.92,0.0,0.0,-0.44999999999999996,-0.03746843000946596,-0.016657070645680533,-0.014739631958723467,-0.6214484669649493,-0.02131096539244099,0.0001238913565959651,0.31076058866353773,0,0,0,8.375937975131547,8.375937975131547,7.649797200819997,4.29289029378268
turn_right,34.94,0.0,0.0,-0.44999999999999996,-0.04985230086256205,-0.018601443963844777,-0.017383940633406748,-0.5830331735018992,-0.018569750512970832,-0.002248154457593851,0.3104124207019801,0,0,0,7.7882803744879405,7.7882803744879405,7.647309688403212,2.914448730662114
turn_right,34.96,0.0,0.0,-0.44999999999999996,-0.05455036622593134,-0.01653133899553408,-0.0267925613431666,-0.5134591650602335,-0.015185864632313445,-0.0067739658047674305,0.30994368871320266,0,0,0,8.555917761824825,8.555917761824825,7.644946912480183,1.9669679916786635
turn_right,34.980000000000004,0.0,0.0,-0.44999999999999996,-0.0534853786723915,-0.009420703659650692,-0.03637825464077543,-0.4468384079548065,-0.012965265927122905,-0.01221531846618331,0.309294692227303,0,0,0,9.166108477640957,9.166108477640957,7.612109939683748,1.662257027354048
turn_right,35.0,0.0,0.0,-0.44999999999999996,-0.051895838301618806,0.00037880852022883094,-0.039069009031940695,-0.41486323699880867,-0.012853451918380374,-0.017508071125312625,0.30854347927384146,0,0,0,9.501898803978273,9.501898803978273,7.549750534551432,2.6155024446198887
forward_left,35.02,0.30000000000000004,0.15000000000000002,0.0,-0.053109608560474184,0.008185045694513655,-0.04011914842095989,-0.4213752962152367,-0.015825932070607503,-0.022706690251297557,0.3077557773815518,0,0,0,9.418675375553741,9.418675375553741,7.469286368468353,3.2097698134101225
forward_left,35.04,0.30000000000000004,0.15000000000000002,0.0,-0.06044102016914044,0.000413053089362234,-0.006567948036813839,-0.34041806312623646,-0.017724386044257176,-0.025593938732546163,0.3071568353239169,0,0,0,8.748695127226679,8.748695127226679,7.38926230370625,3.191386241257479
forward_left,35.06,0.30000000000000004,0.15000000000000002,0.0,-0.05608166689247585,-0.02263535063426163,0.01691902332407249,-0.26164355284017776,-0.009004288138428131,-0.02015181537868844,0.30737709580197764,0,0,0,7.4902809267081425,7.4902809267081425,7.324659803277619,2.9930812608329997
forward_left,35.08,0.30000000000000004,0.15000000000000002,0.0,-0.03724612560515487,-0.026887833270450797,0.018376853205049958,-0.24042728422831608,-0.0028465971421836097,-0.015316757443556204,0.3076523154864127,0,1,0,6.67728799807672,6.67728799807672,7.323875735002595,3.440653692698029
forward_left,35.1,0.30000000000000004,0.15000000000000002,0.0,0.003205783690562604,-0.014963394257139157,0.010008413175808775,-0.21806250685446193,-0.005499454114213227,-0.01563478472826365,0.30797735291910133,0,1,0,5.678311265442401,5.678311265442401,7.354639062045571,0.5561162880505897
forward_left,35.12,0.30000000000000004,0.15000000000000002,0.0,0.04576837747028207,-0.003117787085320762,-0.011735702781051524,-0.26948657645345997,-0.009546586758826876,-0.015859938748047142,0.30791066109749143,0,1,0,6.67370011911368,6.67370011911368,7.426576219065787,3.975533736676719
forward_left,35.14,0.30000000000000004,0.15000000000000002,0.0,0.0780023596102765,0.0030950280875761647,-0.03395308784662368,-0.34731252775430527,-0.014045519648962668,-0.014188994774345976,0.3074341742334337,0,1,0,7.540462791704311,7.540462791704311,7.455196899683401,3.103925540190282
forward_left,35.160000000000004,0.30000000000000004,0.15000000000000002,0.0,0.09287604305319773,0.01031841913183977,-0.048559244271487806,-0.4436370960267044,-0.018922139326264478,-0.009913939489325929,0.30654652705372054,0,0,0,8.023782066717443,8.023782066717443,7.462316423508764,5.096237253317979
forward_left,35.18,0.30000000000000004,0.15000000000000002,0.0,0.0959997971931743,0.024759916000523245,-0.05467044356401403,-0.5097225070631434,-0.02201790207906442,-0.00505438481303354,0.3053599008260178,0,0,0,8.823952789593832,8.823952789593832,7.4690898379699,10.041955745376182
forward_left,35.2,0.30000000000000004,0.15000000000000002,0.0,0.09702278620735205,0.03798975703528727,-0.0533566394091182,-0.4596624588530157,-0.024468764156640507,-0.002625716742286117,0.304152741009694,0,0,0,9.26382528835432,9.26382528835432,7.469576264370961,10.019454022367855
forward_left,35.22,0.30000000000000004,0.15000000000000002,0.0,0.09803652960543321,0.050698984270954414,-0.030124768118751484,-0.3263849956255117,-0.02403895419878463,-0.004782972405040888,0.30328022662400766,0,0,0,9.249688106960102,9.249688106960102,7.558549459380512,5.07519982147554
forward_left,35.24,0.30000000000000004,0.15000000000000002,0.0,0.09639571579376865,0.05933923722786642,-0.0011032169336428956,-0.2166854072867926,-0.019748771131814353,-0.008754387450279122,0.3030189922968585,0,0,0,9.1424816404034,9.1424816404034,7.684460922944567,3.0762851773210684
forward_left,35.26,0.30000000000000004,0.15000000000000002,0.0,0.09483074618320013,0.0656015722898389,0.021038703790923974,-0.10055075912291969,-0.010525715784237579,-0.012583388806250182,0.303296723338617,0,0,0,8.532072542967395,8.532072542967395,7.735176080551387,1.9589476948291775
forward_left,35.28,0.30000000000000004,0.15000000000000002,0.0,0.09320360139555514,0.0684306877101825,0.02539584728373272,0.012119152913801565,0.0007634286400326941,-0.015716980441521724,0.30387040218371697,0,0,0,7.736563849345707,7.736563849345707,7.728376628555832,2.6663826829242683
forward_left,35.300000000000004,0.30000000000000004,0.15000000000000002,0.0,0.09719061316126235,0.07114644474116208,0.03131241234968203,0.12912912612110472,0.003521552704025692,-0.01642870184235564,0.3045596230558286,0,0,0,7.035426951060392,7.035426951060392,7.721922758845778,2.7940882864763124
forward_left,35.32,0.30000000000000004,0.15000000000000002,0.0,0.11942576155186373,0.07762686892418763,0.016582495113418617,0.2697250024094566,0.0014681712765456955,-0.01568367989489177,0.30508401985633427,0,0,0,6.637302498708279,6.637302498708279,7.7157965565158975,2.683248628457478
forward_left,35.34,0.30000000000000004,0.15000000000000002,0.0,0.14866037854735675,0.09166737141901236,-0.00019262374718715097,0.39611263036634803,-0.0009031376369627399,-0.013519266438140519,0.3052738947359938,0,0,0,6.364251478895455,6.364251478895455,7.709981069896099,2.5646313744465568
forward_left,35.36,0.30000000000000004,0.15000000000000002,0.0,0.17222224976166528,0.10229729020213703,0.012119806919239104,0.45581825351626354,0.0001493897719445565,-0.011378216131596302,0.3053219228643335,0,1,0,6.837413876322312,6.837413876322312,7.7044602553710355,2.6779545248715766
forward_left,35.38,0.30000000000000004,0.15000000000000002,0.0,0.1918321474264113,0.10177768780278638,0.03824361134851707,0.38562630466172404,0.005275567361174174,-0.013927773853244169,0.3059422394008716,0,1,0,7.758974712277991,7.758974712277991,7.699218925689667,1.163102377631869
forward_left,35.4,0.30000000000000004,0.15000000000000002,0.0,0.2040877529377706,0.09227062097450231,0.039519510761021726,0.2741720735220368,0.0070254869285195426,-0.017467650110209777,0.30682666176463863,0,1,0,8.106399932799796,8.106399932799796,7.694242701513062,1.2246147560864251
forward_left,35.42,0.30000000000000004,0.15000000000000002,0.0,0.20185321392201122,0.08031256765526337,0.03469611017347515,0.2536874106334202,0.007289148481799574,-0.020771769872286412,0.30759396731669697,0,0,0,8.338234892843241,8.338234892843241,7.674929959832106,7.603773521695273
forward_left,35.44,0.30000000000000004,0.15000000000000002,0.0,0.1887871804997505,0.0733199613938024,0.009953435962094772,0.28009074988506594,0.01006070492021211,-0.02647200309336149,0.3079824906824298,0,0,0,12.806879333470949,12.806879333470949,7.647861902967339,14.435087996360526
forward_left,35.46,0.30000000000000004,0.15000000000000002,0.0,0.17762338397956842,0.06742024879497152,-0.009887005469956096,0.23320693181398616,0.01781457069236581,-0.03676021451470655,0.3079515217960995,0,0,0,12.833140831079934,12.833140831079934,7.592131244243031,14.875608114049228
forward_left,35.480000000000004,0.30000000000000004,0.15000000000000002,0.0,0.18043394757596276,0.06530850749647127,-0.03181727145059157,0.17148265378777766,0.024052804185048522,-0.050594592792289436,0.30758431542272213,0,0,0,11.799098375517858,11.799098375517858,7.473248431677533,13.239993331602694
forward_left,35.5,0.30000000000000004,0.15000000000000002,0.0,0.18398132163583655,0.07150378726127529,-0.03828575041577131,0.12949804331513867,0.027011384048951356,-0.06294621313907829,0.3070814538426847,0,0,0,12.051573827465118,12.051573827465118,7.279396361326793,5.1683583664311
forward_left,35.52,0.30000000000000004,0.15000000000000002,0.0,0.18250116094151442,0.0806872151401638,-0.04043767258200008,0.045447722163183435,0.02576318457941906,-0.07014340603295888,0.3065750406402526,0,0,0,11.22004520440549,11.22004520440549,7.057219922395763,4.0268370537672284
forward_left,35.54,0.30000000000000004,0.15000000000000002,0.0,0.1803515149798396,0.08925173586526484,-0.05763403916261338,-0.048772519761938735,0.02262229373451253,-0.07203882352422014,0.30586692259722037,0,0,0,9.822436751145304,9.822436751145304,6.876125768861492,5.798177273029741
forward_left,35.56,0.30000000000000004,0.15000000000000002,0.0,0.1822763227074808,0.0981935805736232,-0.09921389633922996,-0.11412473987108887,0.017546130397538186,-0.06999323002651661,0.3045196714582466,0,0,0,8.638366518319481,8.638366518319481,6.769922706041594,5.909157810203621
forward_left,35.58,0.30000000000000004,0.15000000000000002,0.0,0.1786785162955942,0.11250083014644455,-0.11859754393584857,-0.06324488166469673,0.009133725105727313,-0.06620289106510377,0.3024104155651581,0,1,0,8.076669505164473,8.076669505164473,6.725263639444602,5.389467600366383
forward_left,35.6,0.30000000000000004,0.15000000000000002,0.0,0.17606242961053134,0.11737974504908973,-0.08526151780639729,0.16445205665304102,0.004845430018510178,-0.05847753914680258,0.30066867988561385,0,1,0,6.961900786846229,6.961900786846229,6.715483170471472,1.8856611929341787
forward_left,35.62,0.30000000000000004,0.15000000000000002,0.0,0.18193343988180855,0.13056349135877313,-0.04665826448073964,0.2781528668914722,-0.0021084806494694017,-0.05048704117660256,0.29956881529879903,0,1,0,7.863709694390024,7.863709694390024,6.738881771581603,1.8661508886509934
forward_left,35.64,0.30000000000000004,0.15000000000000002,0.0,0.18947916017182634,0.1457856691402839,-0.012007539943694134,0.2945687172097133,-0.009588016747032932,-0.04284677876157801,0.2992072609675685,0,1,0,8.56207016493113,8.56207016493113,6.794638178755456,1.5313737968590104
forward_left,35.660000000000004,0.30000000000000004,0.15000000000000002,0.0,0.19834913448695354,0.16294051948614763,-0.0007289681062958879,0.19449350410605046,-0.016996141837678013,-0.03376563836972811,0.29923751016912764,0,1,0,8.737091080091371,8.737091080091371,6.883364125795943,2.5303695039901
forward_left,35.68,0.30000000000000004,0.15000000000000002,0.0,0.2100841233439545,0.18709533611643522,-0.017210729104056605,0.06862493116879444,-0.02064064538350021,-0.022224298148134373,0.29911221410800565,0,0,0,9.398306829718415,9.398306829718415,6.997786647769313,3.5100549655764985
forward_left,35.7,0.30000000000000004,0.15000000000000002,0.0,0.222638950278206,0.21174342027529014,-0.03232727762839907,-0.11389495923113514,-0.019187568429850196,-0.011335706138794924,0.2985810089729682,0,0,0,10.070230252853525,10.070230252853525,7.119646898295489,2.7537234066343905
forward_left,35.72,0.30000000000000004,0.15000000000000002,0.0,0.22778916682066733,0.22532112356658945,-0.05134794283375897,-0.22594775706802195,-0.01815782158023713,-0.004090507106389087,0.29768979806324875,0,0,0,10.166178474144337,10.166178474144337,7.246030850751211,4.167328734106926
forward_left,35.74,0.30000000000000004,0.15000000000000002,0.0,0.23617136858526525,0.22842658191632206,-0.05651826862524573,-0.19822038033086237,-0.02085794194216893,-0.002800017693003005,0.29656950400278737,0,0,0,9.993012583321471,9.993012583321471,7.361898191936241,5.581389564846647
forward_left,35.76,0.30000000000000004,0.15000000000000002,0.0,0.2525382619245065,0.216847820849082,-0.05684009060268284,-0.056392864914509115,-0.01988301241064244,-0.006284867032580313,0.2953754534027421,0,0,0,11.143743623359764,11.143743623359764,7.465583716730443,5.306154793762611
forward_left,35.78,0.30000000000000004,0.15000000000000002,0.0,0.2681408121926997,0.1965639590563008,-0.05021370057071749,0.0978089584490332,-0.015842473683184928,-0.009379781912751864,0.29431214128239575,0,0,0,11.230905875977438,11.230905875977438,7.512040876963248,3.8643766202670644
forward_left,35.800000000000004,0.30000000000000004,0.15000000000000002,0.0,0.2885100183100371,0.17296284052604935,-0.049353370704613486,0.24047190855876516,-0.012030503572495192,-0.01026779599027722,0.2933689339151826,0,0,0,10.682156590000947,10.682156590000947,7.5026700625984155,2.5491158385260277
forward_left,35.82,0.30000000000000004,0.15000000000000002,0.0,0.30570936956699807,0.15377206314944286,-0.05094596153173729,0.3076139886340479,-0.012083058690249112,-0.008618183238734343,0.2923525049023147,0,0,0,9.92002614538492,9.92002614538492,7.349459666251114,2.6648129042242266
forward_left,35.84,0.30000000000000004,0.15000000000000002,0.0,0.32395145564170075,0.15630110732646776,-0.0320423282151312,0.376238186008053,-0.026020116611355264,-0.00015439994686558252,0.2916179119462789,0,1,0,8.60849182518906,8.60849182518906,7.240266992493982,2.5963691377904707
forward_left,35.86,0.30000000000000004,0.15000000000000002,0.0,0.31312143976321527,0.12302329452120497,0.06365110613425089,0.322963883688211,-0.026171583375779548,0.004149152728164489,0.29194684312171354,0,1,0,7.267823155621997,7.267823155621997,7.1889197262105995,3.422115139223462
forward_left,35.88,0.30000000000000004,0.15000000000000002,0.0,0.3039518862489894,0.09155745760831221,0.1360980936048108,0.22968851119518172,-0.01900560322102057,0.0004146310838457471,0.2940435351554185,0,1,0,7.011197881658252,7.011197881658252,7.195145101819438,1.9249990155418948
forward_left,35.9,0.30000000000000004,0.15000000000000002,0.0,0.3007155025877873,0.06344287115715794,0.17579905418375869,0.13191965470763523,-0.011526952060776547,-0.006447841623494712,0.2972551274596507,0,1,0,6.932235254963312,6.932235254963312,7.245855017452275,2.320236671908663
forward_left,35.92,0.30000000000000004,0.15000000000000002,0.0,0.3002058953110255,0.04466062544083513,0.16593464457469964,0.07403120456132016,-0.00789286759338843,-0.01096644017550188,0.3007787912989207,0,0,0,5.4944445013555985,5.4944445013555985,7.330558199208998,2.5773742127073027
forward_left,35.94,0.30000000000000004,0.15000000000000002,0.0,0.2920872735970518,0.03853331917673531,0.11237095215779488,0.06021013455747143,-0.006287515362018747,-0.010864247318815409,0.30363997441662394,0,1,0,5.6069114288825945,5.6069114288825945,7.4338666551434756,5.193007617215295
forward_left,35.96,0.30000000000000004,0.15000000000000002,0.0,0.2613588766481411,0.05035616563250696,0.07438410581259172,0.07873469540869403,-0.0058570041433353565,-0.010123126996638534,0.30553468847713605,0,0,0,8.395215347134283,8.395215347134283,7.500746877670654,7.354272844096067
forward_left,35.980000000000004,0.30000000000000004,0.15000000000000002,0.0,0.2315210321117583,0.055077944057174436,0.036528403514178166,0.008103928884208961,8.541102605676319e-05,-0.011554455534649222,0.30646480268969617,0,0,0,11.691705503665244,11.691705503665244,7.547038205419575,13.774507763899734
forward_left,36.0,0.30000000000000004,0.15000000000000002,0.0,0.2074921933243488,0.0530445866178771,0.008708265077128862,-0.09367521037175058,0.006942011559098454,-0.016384822219708394,0.3068057605707846,0,0,0,9.929571138778874,9.929571138778874,7.549661755651059,14.461388210933137
forward_left,36.02,0.30000000000000004,0.15000000000000002,0.0,0.2121281567123982,0.047696811608812714,-0.022522781144398082,-0.08313935858660318,0.01416421768768865,-0.024341842633777498,0.30665291638950376,0,0,0,9.19481785724826,9.19481785724826,7.5521558771998265,9.244692597395238
forward_left,36.04,0.30000000000000004,0.15000000000000002,0.0,0.22763138228747296,0.051832106438842285,-0.04120323564168315,-0.0628464515323309,0.017894456597066965,-0.03438979311740056,0.3061434771934623,0,0,0,10.147584322066741,10.147584322066741,7.500081702733734,4.736968119000822
forward_left,36.06,0.30000000000000004,0.15000000000000002,0.0,0.24241338768468973,0.06265047367518382,-0.055081057876914336,-0.12912210826780232,0.017545668831092105,-0.043552881681854234,0.30539298129495623,0,0,0,10.386949804152025,10.386949804152025,7.393631016571597,2.6033374103251785
forward_left,36.08,0.30000000000000004,0.15000000000000002,0.0,0.25624425913094223,0.07619694434851455,-0.06729301304042273,-0.2417435985622536,0.01514038511655971,-0.050035876460641934,0.3044124710201124,0,0,0,10.042418075047536,10.042418075047536,7.267540792403381,3.0873361900854213
forward_left,36.1,0.30000000000000004,0.15000000000000002,0.0,0.27280427568920174,0.09120067445319655,-0.08581884307821919,-0.3365874460362997,0.011180434537692047,-0.05424847094533587,0.30316475631879397,0,0,0,9.35576037680257,9.35576037680257,7.1556798563413615,3.9957817582266912
forward_left,36.12,0.30000000000000004,0.15000000000000002,0.0,0.28437934641014856,0.10490593512522357,-0.09914060124599619,-0.37139324418263076,0.005830336802521511,-0.05495447854309368,0.30152818011669746,0,0,0,8.401501819514918,8.401501819514918,7.075809026821034,4.173576636681995
forward_left,36.14,0.30000000000000004,0.15000000000000002,0.0,0.28251687937925,0.10558468713154749,-0.03812353352455056,-0.2494750597251499,0.005694025480900557,-0.047548443864372604,0.3004812143680031,0,1,0,6.448374381498431,6.448374381498431,7.038496330434285,2.3312086747737095
forward_left,36.160000000000004,0.30000000000000004,0.15000000000000002,0.0,0.2801547211583115,0.11739157713201041,0.015875657462662084,-0.17126652886109847,0.0034868755917560846,-0.039126164393286686,0.30060991438621293,0,1,0,6.578064988754845,6.578064988754845,7.070385931954988,1.4680208427975585
forward_left,36.18,0.30000000000000004,0.15000000000000002,0.0,0.27338713210472637,0.13784839577494293,0.05366690383516715,-0.15049166586128682,-0.001410418458406744,-0.03206362713061978,0.30157341559320383,0,1,0,8.257701219444348,8.257701219444348,7.160257938538933,1.7687742038693641
forward_left,36.2,0.30000000000000004,0.15000000000000002,0.0,0.2580554145017829,0.15625610349274652,0.05068888284347848,-0.18536176764469153,-0.005398899805221114,-0.025297181190528775,0.30281116150159115,0,1,0,7.894038681724585,7.894038681724585,7.244349548983227,1.8462907272246505
forward_left,36.22,0.30000000000000004,0.15000000000000002,0.0,0.2349391675909029,0.16915450812406324,0.009788048398423253,-0.21894668025365327,-0.007254300545960043,-0.01803357547881271,0.30348533837660996,0,0,0,8.200971207111296,8.200971207111296,7.2615367374567334,4.9334700284128825
forward_left,36.24,0.30000000000000004,0.15000000000000002,0.0,0.2324535129989553,0.17931017770792307,-0.03250910169192553,-0.26067355625005556,-0.008674477808670084,-0.014813150803683143,0.30325975036952374,0,0,0,8.18247127775043,8.18247127775043,7.374557410311272,6.5216304491688035
forward_left,36.26,0.30000000000000004,0.15000000000000002,0.0,0.2413473594311946,0.17792690676711503,-0.054588782769341024,-0.17878171650541566,-0.0071569849977509824,-0.01859232985169556,0.3023731939081487,0,0,0,9.393419667809615,9.393419667809615,7.4921959007613665,6.257828288718453
forward_left,36.28,0.30000000000000004,0.15000000000000002,0.0,0.24602415951478618,0.1665704785627716,-0.051808623783675456,-0.02806875654924395,-0.002408142941417674,-0.023484580755464134,0.30138312592661765,0,0,0,10.220081986981587,10.220081986981587,7.630007495960257,3.9880752564617565
forward_left,36.300000000000004,0.30000000000000004,0.15000000000000002,0.0,0.25083778511212,0.15164381424878254,-0.03963045422304481,0.13788836292496917,0.003394166567923112,-0.026022909454337183,0.3006413668495604,0,0,0,9.956700492331175,9.956700492331175,7.55934271117836,2.945379923922304
forward_left,36.32,0.30000000000000004,0.15000000000000002,0.0,0.2593553942168972,0.1356500046996882,-0.0349262711378572,0.28664800106438676,0.007261120988442634,-0.026183855951021674,0.30010908007640485,0,0,0,9.171660583337832,9.171660583337832,7.445870437628738,3.0505103266891727
forward_left,36.34,0.30000000000000004,0.15000000000000002,0.0,0.2732123761147958,0.11975122160312837,-0.042706726536948576,0.4077351662305968,0.007630284830752224,-0.024888210951421328,0.29953151608288586,0,0,0,8.449347090185023,8.449347090185023,7.370000881516745,2.643413454773479
forward_left,36.36,0.30000000000000004,0.15000000000000002,0.0,0.28651939787482744,0.1098329370972261,-0.044958885375604024,0.4526256105265989,0.0024132842997605063,-0.021782501780623385,0.2987140885810341,0,0,0,7.897445705839768,7.897445705839768,7.330575960098219,2.5253585927326268
forward_left,36.38,0.30000000000000004,0.15000000000000002,0.0,0.3102518140373173,0.11542610675806131,-0.03975559987971746,0.5232123952689683,-0.013058627642856733,-0.013712678671369181,0.29800488456384894,0,0,0,7.2602411592896265,7.2602411592896265,7.312655948318078,2.8177904395126885
forward_left,36.4,0.30000000000000004,0.15000000000000002,0.0,0.3259012718944925,0.11303221670260465,0.005174501414015039,0.5087020728309615,-0.023173067672037875,-0.005414650768887627,0.29746178478765406,0,1,0,7.163544997058275,7.163544997058275,7.326484534240411,3.6937998712774553
forward_left,36.42,0.30000000000000004,0.15000000000000002,0.0,0.3221361071557248,0.09099026730370259,0.1024611520965365,0.29558184406104077,-0.017474450567255613,-0.0055357815214295775,0.2987106846013235,0,1,0,6.910798497515093,6.910798497515093,7.364892891230518,2.2682039423925158
forward_left,36.44,0.30000000000000004,0.15000000000000002,0.0,0.31938929823351603,0.08272700447339763,0.15602723158080858,0.09895676399957833,-0.011197539555121332,-0.008219263076606685,0.301460700409722,0,1,0,6.546266213665609,6.546266213665609,7.437231122745821,1.9439746313237931
forward_left,36.46,0.30000000000000004,0.15000000000000002,0.0,0.3187430986757277,0.08719527432354172,0.14067136778524694,0.006486616189721061,-0.00611447330982263,-0.009300986406853376,0.3045643747319669,0,1,0,5.442560144200015,5.442560144200015,7.5296864155364425,1.9439746313237931
forward_left,36.480000000000004,0.30000000000000004,0.15000000000000002,0.0,0.3088601008682899,0.09402655818977172,0.07668517614190128,0.03835225810633552,-0.0010477976064288132,-0.008217194832066312,0.3067449972804588,0,0,0,5.683879859568159,5.683879859568159,7.5607131349736,1.7901055742630596
forward_left,36.5,0.30000000000000004,0.15000000000000002,0.0,0.2900419288779296,0.09749217048542705,0.016786190752253197,0.0675488418976208,0.007865830440820839,-0.008173067861089182,0.3075205439001866,0,0,0,8.94427531537408,8.94427531537408,7.562661444840668,5.767868496740128
forward_left,36.52,0.30000000000000004,0.15000000000000002,0.0,0.27985822045912134,0.09671740478254298,-0.030611812854659224,-0.0046961653486985114,0.015141471417103845,-0.012854224269111413,0.3072386327507534,0,0,0,8.844533886849497,8.844533886849497,7.591791077663217,11.633873935070147
forward_left,36.54,0.30000000000000004,0.15000000000000002,0.0,0.2929058041654456,0.09080074900437637,-0.06810492866567046,-0.0025874421958374545,0.02038461495696778,-0.023175147612135488,0.306180430972618,0,0,0,10.22461083108333,10.22461083108333,7.662652929816371,11.08851177341432
forward_left,36.56,0.30000000000000004,0.15000000000000002,0.0,0.31028366776824245,0.09519294934782621,-0.07410751920209736,-0.031385390997183675,0.020271979319052575,-0.0349516719162864,0.3048982460977472,0,0,0,11.130476069238929,11.130476069238929,7.564335440588238,7.014331061335588
forward_left,36.58,0.30000000000000004,0.15000000000000002,0.0,0.3234188303597425,0.1077842837429993,-0.05924341543598037,-0.16332025413816695,0.015220659834596566,-0.0434236996068282,0.3038720367930997,0,0,0,10.644557164775511,10.644557164775511,7.3991767444377,3.449233993480997
forward_left,36.6,0.30000000000000004,0.15000000000000002,0.0,0.33455455123332184,0.11933710230255157,-0.04904875733525485,-0.34057089932672036,0.009976491010636602,-0.0480175946768704,0.3031815443426259,0,0,0,9.23797895233268,9.23797895233268,7.248032383068036,3.0031431739364947
forward_left,36.62,0.30000000000000004,0.15000000000000002,0.0,0.3470695504437961,0.12952108892440065,-0.06521669640027244,-0.47320495431082354,0.006447104376216294,-0.051069808811833844,0.30241525822645804,0,0,0,8.004086880155231,8.004086880155231,7.166348414181591,3.989612421779359
forward_left,36.64,0.30000000000000004,0.15000000000000002,0.0,0.346431103061885,0.12409425871178258,-0.06086030902827302,-0.4075526868241739,0.005505634938602926,-0.04985915603304336,0.30137316296070576,0,0,0,6.515246161901196,6.515246161901196,7.143577104390069,4.157268398112822
forward_left,36.660000000000004,0.30000000000000004,0.15000000000000002,0.0,0.34666906239410294,0.09135471165888417,-0.05789793040009234,-0.19851494632680614,0.011339605206099597,-0.03649405822459475,0.30053835827543685,0,1,0,6.468485297564197,6.468485297564197,7.166672438870627,2.8939494353857103
forward_left,36.68,0.30000000000000004,0.15000000000000002,0.0,0.330727931521936,0.08400475092463745,0.008635375546636109,0.008459894459110483,0.0019329007442608754,-0.026132488578990108,0.30034359591251025,0,1,0,6.3620900833115535,6.3620900833115535,7.252795780134669,2.6299438394137504
forward_left,36.7,0.30000000000000004,0.15000000000000002,0.0,0.3124612336231034,0.08666193976570497,0.045659692032607224,0.11677682122465823,-0.008159408470317172,-0.021079829478977005,0.3011515018850312,0,1,0,6.800017852723524,6.800017852723524,7.371834865584752,1.4611169014092467
forward_left,36.72,0.30000000000000004,0.15000000000000002,0.0,0.2889858498145332,0.09288037254758066,0.03900723974786433,0.11041279059304776,-0.016551129262078454,-0.017258314602710368,0.3021197239539922,0,1,0,7.235212127318205,7.235212127318205,7.417394076839866,1.4247561696015658
forward_left,36.74,0.30000000000000004,0.15000000000000002,0.0,0.2593912838031601,0.10369257989092884,0.01243029640746273,-0.0022776773196279253,-0.022137648127671373,-0.01224529530786922,0.30256274241549397,0,0,0,8.415823625788779,8.415823625788779,7.426344571855282,4.559007690002375
forward_left,36.76,0.30000000000000004,0.15000000000000002,0.0,0.2503466744522347,0.11529176668273328,-0.03524079862749263,-0.11323106540545051,-0.025324939916370217,-0.009807238709522204,0.30218239585165707,0,0,0,7.95251148450864,7.95251148450864,7.434862581488581,6.84152516868291
forward_left,36.78,0.30000000000000004,0.15000000000000002,0.0,0.2645237568059529,0.11592032290001472,-0.07218774604592124,-0.12972196009457168,-0.029651630703420927,-0.014715929559649015,0.3009560766991341,0,0,0,9.90042544731425,9.90042544731425,7.442968410312396,6.350296011819255
forward_left,36.800000000000004,0.30000000000000004,0.15000000000000002,0.0,0.2697428122418068,0.11150844378522011,-0.06976545132214235,-0.06837177180775399,-0.032101593739282605,-0.021498884099322716,0.2995121675186473,0,0,0,11.117957008407592,11.117957008407592,7.576814486361165,4.496433116431962
forward_left,36.82,0.30000000000000004,0.15000000000000002,0.0,0.2628937729260619,0.10766865927779441,-0.043144571646714994,0.018429525126855327,-0.031175552250957975,-0.02524879230487747,0.2984713767174062,0,0,0,11.093390247538498,11.093390247538498,7.488861190316278,2.944724487889217
forward_left,36.84,0.30000000000000004,0.15000000000000002,0.0,0.25728996035460766,0.10654679111631803,-0.01548596443029385,0.09220533013751864,-0.029842216147589678,-0.025999150877983414,0.2980319284921411,0,0,0,10.178282480567495,10.178282480567495,7.3156557813795295,2.7560915552922367
forward_left,36.86,0.30000000000000004,0.15000000000000002,0.0,0.2572395021755722,0.10735672395317257,-0.002961118717893885,0.15856961075637704,-0.0303867182082586,-0.025692845756257562,0.2979935402279478,0,0,0,9.109448100768343,9.109448100768343,7.1876885053516055,2.416837371388884
forward_left,36.88,0.30000000000000004,0.15000000000000002,0.0,0.26039054096217823,0.11034332074420977,-0.010613610572214697,0.2253380195086592,-0.0317937465116894,-0.024510763071354177,0.2979702904357903,0,0,0,8.277775764931619,8.277775764931619,7.11582969259247,2.523603251450509
forward_left,36.9,0.30000000000000004,0.15000000000000002,0.0,0.261537065121049,0.11817789062414193,-0.025297968697899076,0.2810744153374671,-0.03211235462687708,-0.022137289627674618,0.29761278725177753,0,0,0,7.854426056754073,7.854426056754073,7.085958185496949,2.5655066836330622
forward_left,36.92,0.30000000000000004,0.15000000000000002,0.0,0.2700893365424015,0.1406514812844412,-0.02109888928109028,0.3984421304693419,-0.03999615408748171,-0.015697739876319766,0.2972360311983397,0,1,0,7.2260692008544165,7.2260692008544165,7.079175691420975,2.8448168475330005
forward_left,36.94,0.30000000000000004,0.15000000000000002,0.0,0.2552773417213202,0.1330594123219392,0.062282966485328016,0.41212119540006403,-0.035087639327823966,-0.013446501801467092,0.2976937195311304,0,1,0,6.372077121980646,6.372077121980646,7.093556734998234,2.7540510855501834
forward_left,36.96,0.30000000000000004,0.15000000000000002,0.0,0.23849045778124067,0.12004661909675673,0.11910691279750185,0.3003263214859918,-0.025902881222975047,-0.01578091069819874,0.2996570602260224,0,1,0,6.712017445642778,6.712017445642778,7.136302024303589,1.8551659591535334
forward_left,36.980000000000004,0.30000000000000004,0.15000000000000002,0.0,0.22247232791582155,0.10037362498116874,0.1291017650289598,0.09438369792846905,-0.01835524579130105,-0.01709017487012152,0.30225898636499127,0,1,0,7.448076611809933,7.448076611809933,7.209468302445462,1.8551659591535334
forward_left,37.0,0.30000000000000004,0.15000000000000002,0.0,0.2096470691914818,0.08188341451415856,0.09252203398952416,-0.02140416338511632,-0.014738656293444148,-0.017981213505226756,0.3046448150847025,0,1,0,12.035319259805336,12.035319259805336,7.322674587215985,12.351784974207261
forward_left,37.02,0.30000000000000004,0.15000000000000002,0.0,0.19529432162133673,0.07385656979879326,0.04315324346066802,0.03851970190742655,-0.015144843107203682,-0.021437041779631873,0.30621621675560146,0,1,0,16.05152987960352,14.0,7.4193591215944075,14.656569312057789
forward_left,37.04,0.30000000000000004,0.15000000000000002,0.0,0.1759415773157208,0.06652639070217475,-0.00028097801999550686,0.14807902823684865,-0.01464285565285592,-0.028137746029959387,0.30684295381874815,0,0,0,12.112206118054068,12.112206118054068,7.429109605459718,15.0706576278124
forward_left,37.06,0.30000000000000004,0.15000000000000002,0.0,0.16516930235522823,0.06597411454979031,-0.022413977547941298,0.24617464240574466,-0.009089201725872978,-0.037616806901659514,0.30671217313619575,0,0,0,9.577530423938086,9.577530423938086,7.475924814155075,13.766023440542186
forward_left,37.08,0.30000000000000004,0.15000000000000002,0.0,0.15816658882759213,0.07054728156558737,-0.02487551153784013,0.2555523688478829,-0.008076135334763644,-0.048921062576219,0.30634286079883905,0,0,0,10.813887559478513,10.813887559478513,7.553696816446397,7.968828398962348
forward_left,37.1,0.30000000000000004,0.15000000000000002,0.0,0.15204369542912194,0.0786779805781747,-0.01745783500884908,0.21963101689883227,-0.012590411295423001,-0.06123495707579164,0.30605414072780623,0,0,0,11.243407168549776,11.243407168549776,7.537395312440879,3.0747593736447456
forward_left,37.12,0.30000000000000004,0.15000000000000002,0.0,0.14460406387755667,0.09120509204045589,-0.0068715408855105535,0.13236789492231515,-0.019793109167127038,-0.073034389309612,0.30598728597933117,0,0,0,10.830612036653635,10.830612036653635,7.363983770878946,1.7819870357206802
forward_left,37.14,0.30000000000000004,0.15000000000000002,0.0,0.13906024786837826,0.10200668319345647,0.0034819369373732464,0.06836837934359827,-0.02633127932122089,-0.08285066963066949,0.30608712590896187,0,0,0,10.031021972870288,10.031021972870288,7.206848088260827,1.9557554818498475
forward_left,37.160000000000004,0.30000000000000004,0.15000000000000002,0.0,0.1428652470487693,0.08872412315639128,0.02454603200152749,0.16333676611759335,-0.029326515909260102,-0.08572759931949411,0.30663514783913803,0,0,0,8.38657097534482,8.38657097534482,7.087699502570366,2.231145929976847
forward_left,37.18,0.30000000000000004,0.15000000000000002,0.0,0.15845021893148623,0.07592203465017733,0.01544546738261236,0.20161484072055577,-0.029260073228271108,-0.08350432181591103,0.3072777939358433,0,0,0,6.993618774649258,6.993618774649258,7.045328632082729,2.218034407483162
forward_left,37.2,0.30000000000000004,0.15000000000000002,0.0,0.1812011750822655,0.06753708527264263,-0.02181275401543093,0.14742775145417933,-0.027682948327133184,-0.07618621068445315,0.3074422885710464,0,0,0,5.732761625598713,5.732761625598713,7.0614798906409995,2.279178378995013
forward_left,37.22,0.30000000000000004,0.15000000000000002,0.0,0.20477759612438506,0.06427704197447355,-0.07293095592281763,-0.02720635226404249,-0.026039628008647526,-0.06325517276911412,0.3066807285914452,0,0,0,5.484337097675394,5.484337097675394,7.12287085824412,2.4666793402764986
forward_left,37.24,0.30000000000000004,0.15000000000000002,0.0,0.22396301636984745,0.06356524533024903,-0.11610406748117051,-0.32163717388118496,-0.023362300108071835,-0.04483681246274845,0.30485924400394016,0,1,0,5.610417319238977,5.610417319238977,7.211719437160532,3.207331957614199
forward_left,37.26,0.30000000000000004,0.15000000000000002,0.0,0.22998655678450552,0.0818569292577735,-0.07033905275575822,-0.4456299466740303,-0.027887228523212824,-0.029649871745736828,0.3031319412716636,0,1,0,7.986259877214857,7.986259877214857,7.31951422678447,3.207331957614199
forward_left,37.28,0.30000000000000004,0.15000000000000002,0.0,0.22116828680818318,0.09886218028773806,-0.02243955778846446,-0.5078433993642539,-0.03227745643051398,-0.01874207255796081,0.3023287327125747,0,1,0,9.684124701078275,9.684124701078275,7.397179224627855,1.8177812542156118
forward_left,37.300000000000004,0.30000000000000004,0.15000000000000002,0.0,0.19963228101604338,0.11181307414063638,0.005492200923426667,-0.49854794279057324,-0.03631269715313399,-0.011507607126326494,0.302249812513577,0,0,0,10.68101993439779,10.68101993439779,7.407104148707788,4.483667006568259
forward_left,37.32,0.30000000000000004,0.15000000000000002,0.0,0.19365363345138636,0.12590410563456514,-0.0014233074493334545,-0.34735280548810543,-0.034320334078204486,-0.009085486444010603,0.3023038531580976,0,0,0,9.227425699620715,9.227425699620715,7.521893071349073,5.686818581309582
forward_left,37.34,0.30000000000000004,0.15000000000000002,0.0,0.2020503908147194,0.12992661973338177,-0.012810899640408508,-0.16074925441729834,-0.024942903041105333,-0.011668698959035858,0.3021291364111243,0,0,0,8.110070051929641,8.110070051929641,7.462482803146081,4.69083409252693
forward_left,37.36,0.30000000000000004,0.15000000000000002,0.0,0.21098720667758492,0.12480285570577473,-0.019947826890379806,0.030900816910148503,-0.014223513466140971,-0.01502135496242096,0.3018167037187262,0,0,0,8.184160576328965,8.184160576328965,7.433910581817653,3.193715358850508
forward_left,37.38,0.30000000000000004,0.15000000000000002,0.0,0.22087006672070014,0.11490095711760762,-0.028301538372441974,0.2127579255598194,-0.005734374815011971,-0.01640622026006436,0.3014146768686975,0,0,0,7.940598448769611,7.940598448769611,7.435917497616693,2.944662707246204
forward_left,37.4,0.30000000000000004,0.15000000000000002,0.0,0.23394426565534784,0.10340214475193893,-0.04283440129625342,0.3737544283605454,-0.0011929592717596642,-0.01569271957519577,0.30080316439839755,0,0,0,7.6469104648521595,7.6469104648521595,7.4439722394829175,2.7321001699698573
forward_left,37.42,0.30000000000000004,0.15000000000000002,0.0,0.2521370776553544,0.09175928688513776,-0.06732936896908807,0.5056042113170891,0.00045027970897956043,-0.01374537334896293,0.2998057052581049,0,0,0,7.440039296294085,7.440039296294085,7.451636617531911,2.6103534258411996
forward_left,37.44,0.30000000000000004,0.15000000000000002,0.0,0.26863697440868484,0.09618661074372385,-0.04705616329941426,0.5362860864036759,-0.0097809870771754,-0.006846763860619047,0.29876921789541455,0,0,0,7.312715568714746,7.312715568714746,7.458929069369301,2.4287002931681974
forward_left,37.46,0.30000000000000004,0.15000000000000002,0.0,0.29831323936274534,0.11321735712347498,-0.04077775475811313,0.5800674566525718,-0.02526056855107663,0.003189348119044113,0.2978839574493341,0,0,0,7.2472257260943245,7.2472257260943245,7.465867207597391,3.2190826009485765
forward_left,37.480000000000004,0.30000000000000004,0.15000000000000002,0.0,0.29673930029850826,0.09955383553860624,0.05561003832523698,0.42741021338217733,-0.027517352574570702,0.00876703309811097,0.29788806924348676,0,1,0,6.874981100054556,6.874981100054556,7.479370449726545,3.405298034610426
forward_left,37.5,0.30000000000000004,0.15000000000000002,0.0,0.2912566240255098,0.08574555614214811,0.13700601003899587,0.23960189554880615,-0.02190376096193304,0.006089582452170021,0.2999235103254271,0,1,0,6.7737960284820735,6.7737960284820735,7.51558666919156,2.0298463178773622
forward_left,37.52,0.30000000000000004,0.15000000000000002,0.0,0.2857272252976378,0.0795346922547762,0.1601499145914034,0.1114132254756673,-0.01571748925230483,0.0002972021745383782,0.30296885971911286,0,1,0,6.686722017724849,6.686722017724849,7.617617260370569,2.3014487644143
forward_left,37.54,0.30000000000000004,0.15000000000000002,0.0,0.27120571349918854,0.07872040821120138,0.11938042850877194,0.10679293486151213,-0.009708022678233494,-0.004304728672995033,0.3057892715590476,0,0,0,6.422858381040637,6.422858381040637,7.642953552903069,2.3014487644143
forward_left,37.56,0.30000000000000004,0.15000000000000002,0.0,0.2525057541202823,0.08757678552476128,0.0613854673440978,0.18631944794733915,-0.0004151400482261131,-0.007651425333469583,0.30741157280225956,0,0,0,9.840746700923559,9.840746700923559,7.640809094428974,8.058080859331225
forward_left,37.58,0.30000000000000004,0.15000000000000002,0.0,0.2376792167749124,0.09756713955860206,0.013907632582428432,0.15130740937281914,0.008964962608246101,-0.013586459215037166,0.3079227309309883,0,0,0,11.379286700457378,11.379286700457378,7.6387720535765915,13.004430310565462
forward_left,37.6,0.30000000000000004,0.15000000000000002,0.0,0.23646553167020537,0.09408931737192408,-0.031455956743477356,0.1032402283441073,0.015751105308734255,-0.022402933095784054,0.30761879817725707,0,0,0,9.887023204274781,9.887023204274781,7.49871202901749,12.335265160280033
forward_left,37.62,0.30000000000000004,0.15000000000000002,0.0,0.24848793091890375,0.09616898522399556,-0.047860651273055804,0.10024858768543632,0.019388645453558145,-0.03239411884546245,0.3068890924556711,0,0,0,10.81835417939368,10.81835417939368,7.4798746021108045,8.30010982247078
forward_left,37.64,0.30000000000000004,0.15000000000000002,0.0,0.25691446018260017,0.10330060174976885,-0.039790217468200294,-0.0012862438900301653,0.018209747718106652,-0.039684111837483764,0.30625004440274656,0,0,0,10.474699937749628,10.474699937749628,7.45406416544834,4.104735600747475
forward_left,37.660000000000004,0.30000000000000004,0.15000000000000002,0.0,0.263319749161761,0.10965170353993085,-0.03582597992949006,-0.14610826700596688,0.01640344031551451,-0.04422556761651595,0.3057922739413574,0,0,0,9.522977672174521,9.522977672174521,7.314781169101849,3.0068096011516907
forward_left,37.68,0.30000000000000004,0.15000000000000002,0.0,0.27395874786048124,0.1147376775970432,-0.04869075316772674,-0.28457592294398737,0.014937160585359929,-0.04837541131476586,0.3052335393449468,0,0,0,8.742052128179903,8.742052128179903,7.222934745026464,4.100037674617257
forward_left,37.7,0.30000000000000004,0.15000000000000002,0.0,0.2883631853120992,0.12354454511337669,-0.0752633295508175,-0.3951975221901597,0.011737507316309794,-0.052902985810951465,0.304303400312196,0,0,0,8.257044239787563,8.257044239787563,7.172269552246092,4.3071327253592
forward_left,37.72,0.30000000000000004,0.15000000000000002,0.0,0.29155763122038664,0.10195121817678329,-0.05338933172546524,-0.21006024331709303,0.01422716295403715,-0.04976260178425659,0.3033724118158953,0,0,0,6.918513904440099,6.918513904440099,7.1453031686107735,2.3726236913902095
forward_left,37.74,0.30000000000000004,0.15000000000000002,0.0,0.2987542177671621,0.07386957668445723,-0.059350693501295765,-0.10990364891251672,0.019642968819362804,-0.03840972124004962,0.30254355221117263,0,0,0,5.8854403422638,5.8854403422638,7.161000294621271,2.3862894360974054
forward_left,37.76,0.30000000000000004,0.15000000000000002,0.0,0.2799100073731627,0.06333887674964772,-0.02080264134987583,-0.10246594170188271,0.014725183314644745,-0.027469553561427825,0.301850358295668,0,1,0,6.1569880218787585,6.1569880218787585,7.223974068329106,2.820887509323165
forward_left,37.78,0.30000000000000004,0.15000000000000002,0.0,0.2540018534267263,0.06470417378910141,0.028465538601585,-0.11136534577051307,0.0033455617532402596,-0.02186498733141606,0.30215956655572257,0,1,0,6.8310952300998204,6.8310952300998204,7.322043594754547,1.2930586530005521
forward_left,37.800000000000004,0.30000000000000004,0.15000000000000002,0.0,0.23301060720676287,0.0676755247983784,0.04088574164137962,-0.15254028560767516,-0.00662516167901084,-0.017985870390036452,0.30301553215134497,0,1,0,7.764386929266907,7.764386929266907,7.403813702652844,1.3395658558448857
forward_left,37.82,0.30000000000000004,0.15000000000000002,0.0,0.21475460769808208,0.07651551119871278,0.009615154493350505,-0.17865701140916102,-0.012967968738503071,-0.012807604721561892,0.30349689306705796,0,0,0,7.868819166019944,7.868819166019944,7.422000171968328,5.122532973314718
forward_left,37.84,0.30000000000000004,0.15000000000000002,0.0,0.21986145525442144,0.09239971335183443,-0.03171666234350483,-0.3338541820531251,-0.016603411272335805,-0.009273142510454493,0.303091692809572,0,0,0,8.157963898138696,8.157963898138696,7.430728181489286,8.472791377082281
forward_left,37.86,0.30000000000000004,0.15000000000000002,0.0,0.23744734003905332,0.09497252364739744,-0.0697620111976311,-0.33017922377879577,-0.019174271786910724,-0.011707532110342622,0.30189990575016645,0,0,0,9.886330167312268,9.886330167312268,7.43903414343151,7.769780637488296
forward_left,37.88,0.30000000000000004,0.15000000000000002,0.0,0.2518791637538931,0.08711333631587914,-0.07094661270577164,-0.1886879358189186,-0.017295086932730012,-0.01940570974997866,0.30047318755720587,0,0,0,11.128400692785364,11.128400692785364,7.557434183245732,5.605249155572503
forward_left,37.9,0.30000000000000004,0.15000000000000002,0.0,0.2540758056874536,0.07525381549273111,-0.04845731658963237,-0.04135179210846193,-0.010990925509932858,-0.02597266239938924,0.29941119851451226,0,0,0,11.214918765463432,11.214918765463432,7.623161243076382,3.0342065428323335
forward_left,37.92,0.30000000000000004,0.15000000000000002,0.0,0.25340101472556437,0.06292816277842912,-0.02498620845420797,0.07209721858020146,-0.003301925337420291,-0.029919307326088582,0.29890033594825854,0,0,0,10.370863595912144,10.370863595912144,7.442966553160705,2.710212993138676
forward_left,37.94,0.30000000000000004,0.15000000000000002,0.0,0.2445372343866407,0.05932827451946734,0.003780207430135388,0.06678447691447822,-0.0027079621393204024,-0.030222670093434996,0.2988378254690007,0,0,0,9.053206837922588,9.053206837922588,7.303325060097553,4.5474522088563365
forward_left,37.96,0.30000000000000004,0.15000000000000002,0.0,0.2426948687305883,0.07031349237644949,0.01673066260799117,0.05161300784165584,-0.013893025830951674,-0.02390528268354646,0.2992422378937867,0,0,0,7.607620794510898,7.607620794510898,7.223044476942352,2.560546605627109
forward_left,37.980000000000004,0.30000000000000004,0.15000000000000002,0.0,0.2546480900414166,0.08947542369790402,0.00893643965859567,0.05962658772882767,-0.02807264740916911,-0.016220400620883434,0.2995831403283284,0,0,0,7.0102057750605224,7.0102057750605224,7.215207034389664,2.90558547909967
forward_left,38.0,0.30000000000000004,0.15000000000000002,0.0,0.25977257441433826,0.1005434648420635,0.033123971255519497,0.11466085866676456,-0.03341501227157232,-0.011404387195396649,0.29984081446553634,0,1,0,6.731480879523382,6.731480879523382,7.24209896295546,2.8528018643304125
forward_left,38.02,0.30000000000000004,0.15000000000000002,0.0,0.2553810178645164,0.10029594538795726,0.09694991833328175,0.11818009354325798,-0.0265890271879856,-0.014919112145807347,0.30125528219520736,0,1,0,6.028313766357785,6.028313766357785,7.288269765478692,1.5579535010322951
forward_left,38.04,0.30000000000000004,0.15000000000000002,0.0,0.25542155005447986,0.09918804555890336,0.13246325766291403,0.12795088456900047,-0.021875247714110237,-0.02124005325765803,0.30370447279155033,0,1,0,6.688763089391912,6.688763089391912,7.351866470154885,2.1334364201196454
forward_left,38.06,0.30000000000000004,0.15000000000000002,0.0,0.2548888269768887,0.09732677946517597,0.11565901838892492,0.1397262535095153,-0.021344670251603255,-0.026169872956126862,0.30632339630478955,0,1,0,6.441773415092062,6.441773415092062,7.451428675370913,2.1420979904510737
forward_left,38.08,0.30000000000000004,0.15000000000000002,0.0,0.2401396215657697,0.0991615745597687,0.076464869604921,0.20692351645335447,-0.022016375508246703,-0.02726177622934997,0.30823861930077373,0,0,0,8.016279650875441,8.016279650875441,7.558592747039523,8.81595070808644
forward_left,38.1,0.30000000000000004,0.15000000000000002,0.0,0.21819265841297003,0.10618760940823946,0.025593898528671607,0.20987268448965146,-0.017487595934779547,-0.02914304377845991,0.3090757011068213,0,0,0,12.232688536821357,12.232688536821357,7.650026640565507,14.074852291228748
forward_left,38.12,0.30000000000000004,0.15000000000000002,0.0,0.2066546492457111,0.1078456963864365,-0.013779872675687217,0.10378038118334139,-0.011160776943726981,-0.03504278850156223,0.30909468799464074,0,0,0,11.371753598455307,11.371753598455307,7.64940436509108,14.531627678856914
forward_left,38.14,0.30000000000000004,0.15000000000000002,0.0,0.21448766828267118,0.10872507708474242,-0.04513019737171813,0.04012191341139754,-0.00937078428477303,-0.04637186626087415,0.30847823472865016,0,0,0,10.273024073935279,10.273024073935279,7.588696135348901,12.22063411867028
forward_left,38.160000000000004,0.30000000000000004,0.15000000000000002,0.0,0.2249320793993384,0.1198062398254033,-0.052127563379836546,-0.03731252533320798,-0.014400115494632063,-0.060439825376576196,0.30765918396854824,0,0,0,11.135798134964865,11.135798134964865,7.523656481987604,5.82293924414763
forward_left,38.18,0.30000000000000004,0.15000000000000002,0.0,0.23116216808395457,0.13861723185175967,-0.050630493700229734,-0.16877436278626085,-0.02410524905155047,-0.07371289156317212,0.30688144410027146,0,0,0,11.02202309912276,11.02202309912276,7.3615075524081774,4.389869930326854
forward_left,38.2,0.30000000000000004,0.15000000000000002,0.0,0.23524423440350137,0.16025427070558027,-0.0524583735622893,-0.3239899387960954,-0.03490066011201238,-0.08466265868401199,0.3060911977395392,0,0,0,10.245213255329176,10.245213255329176,7.196358238045686,6.628027839139096
forward_left,38.22,0.30000000000000004,0.15000000000000002,0.0,0.2310732544847503,0.1411691700524241,-0.007845122949919474,-0.08454059030915498,-0.038212876195069335,-0.08678105932699413,0.3057452984680154,0,0,0,8.268992802357275,8.268992802357275,7.0698246216632015,6.943396405145449
forward_left,38.24,0.30000000000000004,0.15000000000000002,0.0,0.24477660332648715,0.11469119236683169,-0.008067334981036442,0.13816579297952197,-0.035078506415744906,-0.08011859602380512,0.3058632188097025,0,0,0,6.964790937839179,6.964790937839179,7.024638353203784,5.908789202563228
forward_left,38.26,0.30000000000000004,0.15000000000000002,0.0,0.2645784729509532,0.09191138289794148,-0.03385307787302524,0.2489229543839431,-0.030005250817167848,-0.07052635715597527,0.3056542520680909,0,0,0,6.305729181434806,6.305729181434806,7.05194586310601,6.185869243773376
forward_left,38.28,0.30000000000000004,0.15000000000000002,0.0,0.2762344108723558,0.08646131366919363,-0.01924388555555953,0.24865804765019706,-0.031291686743248774,-0.06154985532978327,0.30531746567464846,0,1,0,6.002697739307239,6.002697739307239,7.120782337660465,6.185869243773376
forward_left,38.300000000000004,0.30000000000000004,0.15000000000000002,0.0,0.28446800073351947,0.0986377177052165,0.006962321478182071,0.12645350019845947,-0.03697342294597755,-0.05523533933464555,0.30549784507151334,0,1,0,6.2366145425688275,6.2366145425688275,7.209360463274763,1.1233146064559008
forward_left,38.32,0.30000000000000004,0.15000000000000002,0.0,0.28785329908180063,0.11486332599358479,0.017100072003921767,-0.055374016837559784,-0.04245390677736472,-0.048079266873791035,0.30597977950434657,0,1,0,6.479297744249678,6.479297744249678,7.3113698146669,1.4709735098957701
forward_left,38.34,0.30000000000000004,0.15000000000000002,0.0,0.2776556129836657,0.1311795743372642,0.001729859522662901,-0.2201999405740006,-0.04656971596843647,-0.039437496400245055,0.3063335403360771,0,0,0,7.565021387630365,7.565021387630365,7.377780826852334,3.118081171848417
forward_left,38.36,0.30000000000000004,0.15000000000000002,0.0,0.2636063581464621,0.15766673922951774,-0.02572320691508992,-0.30839187410545743,-0.04443538842791749,-0.030034461712885645,0.30597261168398976,0,0,0,8.86689413477476,8.86689413477476,7.388637769716876,5.483644786567969
forward_left,38.38,0.30000000000000004,0.15000000000000002,0.0,0.26585792910981976,0.17390384036780362,-0.04978713445381489,-0.27563062277465683,-0.03998148735125785,-0.02618973216677382,0.30507121633851403,0,0,0,9.011925169940579,9.011925169940579,7.398973446272855,7.631988474795874
forward_left,38.4,0.30000000000000004,0.15000000000000002,0.0,0.27593219885229886,0.17495902038756134,-0.054446607294704547,-0.08578411780578496,-0.03485299296862681,-0.029992453026220438,0.3039690438523533,0,0,0,9.628193741892924,9.628193741892924,7.408812013823599,6.359901467759759
forward_left,38.42,0.30000000000000004,0.15000000000000002,0.0,0.28008115960225527,0.16723958697156563,-0.042672365417304105,0.12240840213070829,-0.02948267698828044,-0.03412308618999958,0.3030820723883031,0,0,0,9.969405094822518,9.969405094822518,7.5408952889322265,3.573258221655659
forward_left,38.44,0.30000000000000004,0.15000000000000002,0.0,0.2786869705064482,0.15802269922210463,-0.029840962862238377,0.26597737462114357,-0.0254063392851647,-0.03387499664907766,0.30252993068495615,0,0,0,9.34064529142979,9.34064529142979,7.532494723089503,2.9204008592428155
forward_left,38.46,0.30000000000000004,0.15000000000000002,0.0,0.2836955752696063,0.15165913597720845,-0.030124982031627737,0.3873775274822679,-0.025322181595063175,-0.030583549401865764,0.3020992811142308,0,0,0,8.488238803545771,8.488238803545771,7.4473217197168395,2.486342319093149
forward_left,38.480000000000004,0.30000000000000004,0.15000000000000002,0.0,0.29431740394265576,0.14793433637179088,-0.04508013272545837,0.4904953004017003,-0.028677596720361454,-0.0263076610521174,0.30146002006584316,0,0,0,7.8425179402040195,7.8425179402040195,7.403604454892687,2.4622184544762504
forward_left,38.5,0.30000000000000004,0.15000000000000002,0.0,0.3055874745631936,0.14610285886466054,-0.06476310746193273,0.5584556106823185,-0.03431737663366857,-0.020857735447936263,0.30041791819648833,0,0,0,7.59042422228113,7.59042422228113,7.3905780236622505,2.589077264422065
forward_left,38.52,0.30000000000000004,0.15000000000000002,0.0,0.31313579770345173,0.1614417584884996,-0.044764368683401834,0.5681843141799768,-0.04821073836276068,-0.011231719420472186,0.2993451708572505,0,0,0,7.015873484641823,7.015873484641823,7.39174138805712,2.7504110488419973
forward_left,38.54,0.30000000000000004,0.15000000000000002,0.0,0.30398615290212916,0.1495165863563142,0.04296288168252087,0.44031397448442183,-0.052699033922341924,-0.004777354611589362,0.29916714679924244,0,1,0,6.924627671047307,6.924627671047307,7.41018626481241,3.140302461969429
forward_left,38.56,0.30000000000000004,0.15000000000000002,0.0,0.29062196060473106,0.12906231548616745,0.12749324808456813,0.22678727733086654,-0.04826256056599821,-0.005881988173419402,0.3009404386802085,0,1,0,7.130516423946512,7.130516423946512,7.4524059292968445,1.991114360699602
forward_left,38.58,0.30000000000000004,0.15000000000000002,0.0,0.28045174741385553,0.10763929442107534,0.1526504285479855,0.03542951405127887,-0.04114191678877625,-0.007313741716480062,0.30380454812970187,0,1,0,7.304893795134153,7.304893795134153,7.522356735446493,2.016853331032144
forward_left,38.6,0.30000000000000004,0.15000000000000002,0.0,0.2682402283041303,0.0964072197072951,0.1268924972791031,0.04217383635177789,-0.03282233195067254,-0.008176068044817335,0.30652072357719673,0,0,0,10.270994511862995,10.270994511862995,7.617426135677391,9.97288335527197
forward_left,38.62,0.30000000000000004,0.15000000000000002,0.0,0.2510243086858298,0.0907617770515083,0.06994624923024438,0.2260079062032398,-0.023133351598104916,-0.009568061062672356,0.3082034465557764,0,0,0,11.624119667105996,11.624119667105996,7.654774456788932,13.464725428329542
forward_left,38.64,0.30000000000000004,0.15000000000000002,0.0,0.23444639946410864,0.09466581201305907,0.016677715897285547,0.2730425915438296,-0.008284215489562818,-0.014147663262445416,0.3087619087284741,0,0,0,11.412504824975201,11.412504824975201,7.6520372082897765,14.382840427945679
forward_left,38.660000000000004,0.30000000000000004,0.15000000000000002,0.0,0.23370445508441628,0.0949211061406686,-0.021851648986816748,0.2070934086670051,0.0040863848348703345,-0.024019104349455252,0.3085471509084881,0,0,0,10.192605273390713,10.192605273390713,7.603107194875957,14.599440248559128
forward_left,38.68,0.30000000000000004,0.15000000000000002,0.0,0.24596515216377046,0.10000266855718763,-0.03424981271766059,0.14835811950203392,0.008804729641926507,-0.03612049743042813,0.3079951787746137,0,0,0,11.289648082099426,11.289648082099426,7.4537078908132415,8.637482369923422
forward_left,38.7,0.30000000000000004,0.15000000000000002,0.0,0.25144137592334764,0.112264378388182,-0.023138346866854762,0.015346953888982226,0.004655124809076005,-0.0453973300682212,0.30758428231518287,0,0,0,10.76848552430551,10.76848552430551,7.381660756993959,7.401392326823787
forward_left,38.72,0.30000000000000004,0.15000000000000002,0.0,0.2517697527292217,0.12480973533217654,-0.011620837069529454,-0.1695396731707311,-0.0032651672142169834,-0.05116370185081564,0.30742503876437116,0,0,0,10.061261697935894,10.061261697935894,7.22358928484503,10.525263553982006
forward_left,38.74,0.30000000000000004,0.15000000000000002,0.0,0.25441616340691137,0.13493753839485814,-0.021704357857414223,-0.332190600476723,-0.009951273243073792,-0.05646483774023942,0.30721370495956074,0,0,0,14.06854770649565,14.0,7.134346293521968,14.057344806664245
forward_left,38.76,0.30000000000000004,0.15000000000000002,0.0,0.26536736363187235,0.1457934923044286,-0.052347107067355486,-0.42212105781066983,-0.01665139664496965,-0.06323486843152212,0.306557453642975,0,0,0,14.352848857344094,14.0,7.100591631967088,13.907741332389032
forward_left,38.78,0.30000000000000004,0.15000000000000002,0.0,0.2647908946695899,0.13020481884409335,-0.034567786576588586,-0.22020210832666454,-0.019574805327938486,-0.06596643995618977,0.30566648118012574,0,0,0,14.57096145539605,14.0,6.788486769002937,13.91952903313682
forward_left,38.800000000000004,0.30000000000000004,0.15000000000000002,0.0,0.2701457120663141,0.0985541981000279,-0.023716716273988952,-0.0508601633980554,-0.014671037061388264,-0.058203403511600096,0.30521355720487026,0,0,0,15.226231994715242,14.0,6.445773026060927,15.116408167497598
forward_left,38.82,0.30000000000000004,0.15000000000000002,0.0,0.26148892842234656,0.08776324925012495,0.021068350293044127,-0.0039592964483606,-0.01802555533033076,-0.050289894438999026,0.30533204924925883,0,1,0,5.459393012584772,5.459393012584772,6.110097415993867,14.910179321602731
forward_left,38.84,0.30000000000000004,0.15000000000000002,0.0,0.24564616863951017,0.0872532986690959,0.04574856183529467,-0.08896747227557367,-0.025242489327536557,-0.045818764988364555,0.3062920102010402,0,1,0,5.675090802426192,5.675090802426192,6.1830209383397765,1.3524221072396125
forward_left,38.86,0.30000000000000004,0.15000000000000002,0.0,0.21743532582577443,0.09312985446945356,0.040962507983488855,-0.20464727752357809,-0.031800819389910924,-0.042429276507685076,0.30733487931639775,0,0,0,6.523047395156994,6.523047395156994,6.273444664972175,2.531969709735259
forward_left,38.88,0.30000000000000004,0.15000000000000002,0.0,0.19684749433088197,0.10526258669631212,-0.013922705887488666,-0.3115948485661846,-0.0331051691669499,-0.03917391308615373,0.3075892768483814,0,0,0,7.296707245542686,7.296707245542686,6.333779381578189,6.27186400690341
forward_left,38.9,0.30000000000000004,0.15000000000000002,0.0,0.20939715426307778,0.10423992600125966,-0.0795992707746707,-0.36643372618108605,-0.029563137448876134,-0.04141001086069105,0.3065460512480933,0,0,0,9.322162476798164,9.322162476798164,6.391703947121943,6.483812325604601
forward_left,38.92,0.30000000000000004,0.15000000000000002,0.0,0.22179579631360924,0.09356635415694187,-0.10818909864015827,-0.32720173583777074,-0.023832677175650314,-0.0464530612960807,0.3046730810601646,0,0,0,10.889377123171197,10.889377123171197,6.454908886785972,4.9673660503798365
forward_left,38.94,0.30000000000000004,0.15000000000000002,0.0,0.22229446308538622,0.08072865842439937,-0.09407630066500816,-0.22031006570069797,-0.017121917246349268,-0.05032117404778688,0.3028004197383019,0,0,0,11.495574006737305,11.495574006737305,6.506750743027059,3.0713325758901457
forward_left,38.96,0.30000000000000004,0.15000000000000002,0.0,0.21188804396553165,0.07277896323075028,-0.060696779857892326,-0.12189715904493441,-0.012514953027906074,-0.05120218114154969,0.3015071585783797,0,0,0,10.957560348457116,10.957560348457116,6.553870169523851,2.4571320262289023
forward_left,38.980000000000004,0.30000000000000004,0.15000000000000002,0.0,0.20385791687646768,0.06826258708018378,-0.03223102495150065,-0.028874057463487375,-0.012106705452154224,-0.05073998334886739,0.3008662308704447,0,0,0,10.076521179358632,10.076521179358632,6.589658682518472,2.417945582620508
forward_left,39.0,0.30000000000000004,0.15000000000000002,0.0,0.19926332234745703,0.06476389729120152,-0.02203485419690608,0.03679088448846749,-0.015593280742217278,-0.04941896947601284,0.30058765159508477,0,0,0,9.130752628693878,9.130752628693878,6.630412769319072,2.457155495986791
forward_left,39.02,0.30000000000000004,0.15000000000000002,0.0,0.19553690321821016,0.06541371532549793,-0.02308127399850783,0.056900973565223376,-0.020620327974687762,-0.046433423255750506,0.3002795575428461,0,0,0,8.43441486906729,8.43441486906729,6.674954768679527,2.4970084134586616
forward_left,39.04,0.30000000000000004,0.15000000000000002,0.0,0.20444452627506335,0.07649599506676853,-0.025073580448365888,0.11643682450303426,-0.03151981730879464,-0.03984798129850658,0.29997455693408487,0,0,0,7.765208791315897,7.765208791315897,6.731896760464448,2.7505210381721312
forward_left,39.06,0.30000000000000004,0.15000000000000002,0.0,0.2183878552328182,0.09000401847546438,-0.02052772992279735,0.21546553179432965,-0.041354574503283954,-0.0328831954577559,0.2995185713532108,0,1,0,7.357681103359424,7.357681103359424,6.788538968005497,2.8831237330118427
forward_left,39.08,0.30000000000000004,0.15000000000000002,0.0,0.21790886206557,0.08385331254667566,0.05051702410869274,0.20386410644380623,-0.03564217896185208,-0.03272228364102851,0.29999795718651284,0,1,0,6.66716930809275,6.66716930809275,6.840489948958382,1.789899301965589
forward_left,39.1,0.30000000000000004,0.15000000000000002,0.0,0.2192146728263679,0.07564853535403969,0.0976722565528444,0.12777887716980077,-0.029153509131905873,-0.035457994764304106,0.301685392679373,0,1,0,6.795996866869035,6.795996866869035,6.9223247959778895,1.3316823864399232
forward_left,39.12,0.30000000000000004,0.15000000000000002,0.0,0.22243073890529824,0.06367947647329654,0.1036392792122236,0.01973334102171544,-0.026013767221899964,-0.03602972612827308,0.3038723907379764,0,0,0,6.520525581071117,6.520525581071117,6.982618199256816,2.204041017651141
forward_left,39.14,0.30000000000000004,0.15000000000000002,0.0,0.2209444831440606,0.05874154801382156,0.08200852365264313,0.0024652962175246906,-0.022443727584785415,-0.03378342036570769,0.30573623208398454,0,0,0,11.291936979092448,11.291936979092448,7.0118187816218445,11.686060328802295
forward_left,39.160000000000004,0.30000000000000004,0.15000000000000002,0.0,0.2136994927303696,0.046285700388204946,0.04161679977362562,0.0757312345476304,-0.018614903327965622,-0.03273552977542864,0.30695839868403274,0,1,0,6.950010914350163,6.950010914350163,6.985406783227351,14.803658545251253
forward_left,39.18,0.30000000000000004,0.15000000000000002,0.0,0.20087635832174033,0.03675814906217409,-0.01175820879013352,0.19782808959409376,-0.012126347062270249,-0.03452350338053436,0.3074613847969899,0,0,0,7.609737522990945,7.609737522990945,7.082844880838433,8.449156186786684
forward_left,39.2,0.30000000000000004,0.15000000000000002,0.0,0.20595749001901142,0.03553220602009156,-0.047353153272760906,0.25558581648513845,-0.002171196528974097,-0.04157419532294285,0.3070771100954579,0,0,0,9.973304512574039,9.973304512574039,7.098927413969644,7.2485180949084995
forward_left,39.22,0.30000000000000004,0.15000000000000002,0.0,0.21199762916218062,0.04520796932542681,-0.06374792254314529,0.14923870163689493,-0.0009248667273319251,-0.052371754663256075,0.3061665085031772,0,0,0,11.435410428677686,11.435410428677686,7.1751642998756076,3.9776286431496093
forward_left,39.24,0.30000000000000004,0.15000000000000002,0.0,0.21800919934309496,0.06428929689049895,-0.06522441670178611,-0.021974768404371743,-0.008437283601404997,-0.06343022109790313,0.30512890051432157,0,0,0,11.812287237941467,11.812287237941467,7.285726537814771,3.1607761128221328
forward_left,39.26,0.30000000000000004,0.15000000000000002,0.0,0.22661645162003197,0.08755942964914155,-0.06495271924473991,-0.23111971738621984,-0.019497449648884443,-0.07458912709440485,0.3041500652839417,0,0,0,11.474920046627414,11.474920046627414,7.194479519737296,2.6390151058612856
forward_left,39.28,0.30000000000000004,0.15000000000000002,0.0,0.23634629773924504,0.11001615520305016,-0.06995217536030773,-0.35962091851396216,-0.02954961553805512,-0.08531105543325083,0.30310207984673265,0,0,0,10.806479739763182,10.806479739763182,7.005608581530904,5.345953931060253
forward_left,39.300000000000004,0.30000000000000004,0.15000000000000002,0.0,0.23759810578837207,0.09855682568914352,-0.039085836711239594,-0.1401032002212378,-0.030364530921034225,-0.08627228365059891,0.30234057697667543,0,0,0,8.833643157580285,8.833643157580285,6.853621679683748,5.345953931060253
forward_left,39.32,0.30000000000000004,0.15000000000000002,0.0,0.25302991796107993,0.07257666755270054,-0.045114249999148454,0.09828912090263432,-0.024265754686924025,-0.07534310576801086,0.3019635241933142,0,0,0,7.017082230367079,7.017082230367079,6.783191944800212,4.4194126403360885
forward_left,39.34,0.30000000000000004,0.15000000000000002,0.0,0.26525023374719514,0.060141933776438804,-0.043707064151887305,0.19570560831931605,-0.019494172750247854,-0.06237949342867972,0.30126051960039985,0,1,0,6.0324700490763785,6.0324700490763785,6.801039711762488,4.515152780291102
forward_left,39.36,0.30000000000000004,0.15000000000000002,0.0,0.2710357364816023,0.06569288969971596,-0.010494426405907685,0.19636755295949135,-0.02131594591596979,-0.05382687306978113,0.301063487562489,0,1,0,5.9310596699783105,5.9310596699783105,6.861367163288655,1.6682842477079267
forward_left,39.38,0.30000000000000004,0.15000000000000002,0.0,0.2721718428976283,0.08211204171832928,0.0177657824411961,0.045687788781486084,-0.024304361329729823,-0.04647375053789503,0.30140679237598694,0,1,0,6.36737969854337,6.36737969854337,6.946894612043803,1.1189617688329316
forward_left,39.4,0.30000000000000004,0.15000000000000002,0.0,0.2653049605606472,0.10312429118216723,0.036268529436620414,-0.17662709671590077,-0.027459172403515142,-0.037570172354921126,0.3021583022514689,0,1,0,6.920587428563915,6.920587428563915,7.050264897494234,1.6552189109610964
forward_left,39.42,0.30000000000000004,0.15000000000000002,0.0,0.2431923157819913,0.12460999191965264,0.029550036677909616,-0.3694398642468616,-0.02997753881059599,-0.0262460073661416,0.30296472395068774,0,0,0,7.872467602878592,7.872467602878592,7.148857307108841,2.7730927861942503
forward_left,39.44,0.30000000000000004,0.15000000000000002,0.0,0.22217782112731707,0.15007094594591125,-0.009003010028774305,-0.4337813611295859,-0.03011510880710374,-0.01628848086707742,0.3031120999989946,0,0,0,8.601736194599107,8.601736194599107,7.175113697730293,5.031223853501789
forward_left,39.46,0.30000000000000004,0.15000000000000002,0.0,0.22636245632591503,0.16426197924856914,-0.03852086618301543,-0.3825474256464918,-0.029172832436261453,-0.01647557922313897,0.30253798155556677,0,0,0,8.542813932709254,8.542813932709254,7.284196070903107,5.142193175971023
forward_left,39.480000000000004,0.30000000000000004,0.15000000000000002,0.0,0.2292161265801082,0.162656593206081,-0.04679078356767176,-0.26051667026516434,-0.02602790356878741,-0.022091886224000417,0.3016316906991357,0,0,0,10.0422324518531,10.0422324518531,7.369965546539365,3.578998899588215
forward_left,39.5,0.30000000000000004,0.15000000000000002,0.0,0.22829658127226893,0.15366311324418355,-0.03927772110834264,-0.1108067447994428,-0.020023881821960163,-0.02592004289744544,0.30082014053048817,0,0,0,10.423708536524448,10.423708536524448,7.38100640220236,3.0189013724121097
forward_left,39.52,0.30000000000000004,0.15000000000000002,0.0,0.22955304244658972,0.14288981140572388,-0.030255386072136604,0.034711870937163075,-0.013833304421754023,-0.026530723770056136,0.3002590161494311,0,0,0,9.838974843540525,9.838974843540525,7.3917085756213154,2.8657907442648285
forward_left,39.54,0.30000000000000004,0.15000000000000002,0.0,0.23844743378704217,0.1320172600328463,-0.03277072808216385,0.16839141892078313,-0.010095239254055905,-0.025725018816337993,0.2997714506918958,0,0,0,9.123144156838709,9.123144156838709,7.375380551451059,2.3675527306841246
forward_left,39.56,0.30000000000000004,0.15000000000000002,0.0,0.24596014795998267,0.12635103692989597,-0.026236008969341005,0.23622033818706206,-0.014654401763865996,-0.022361066281665443,0.299213130708894,0,0,0,8.411731155083807,8.411731155083807,7.304828814632383,2.458886666655082
forward_left,39.58,0.30000000000000004,0.15000000000000002,0.0,0.2660545797864679,0.13363571453488798,-0.025354013200078303,0.32245860046504077,-0.02871323114010463,-0.014135575056531525,0.2987674992537595,0,0,0,7.71353065441692,7.71353065441692,7.261211069340344,2.5305057818889787
forward_left,39.6,0.30000000000000004,0.15000000000000002,0.0,0.28048240586913287,0.13292437537953866,0.007102341146794384,0.36291417008523286,-0.0391756275785859,-0.00646887074501842,0.298353840955275,0,1,0,7.101800367873418,7.101800367873418,7.255017308882554,3.1520476656748944
forward_left,39.62,0.30000000000000004,0.15000000000000002,0.0,0.28058135636890347,0.11221475347098775,0.09038425717921679,0.26144887201405925,-0.035009841538057765,-0.007835341237451233,0.29941912703085055,0,1,0,6.499865279359816,6.499865279359816,7.269725656017332,1.9699546591511319
forward_left,39.64,0.30000000000000004,0.15000000000000002,0.0,0.28488207152296824,0.0961771356014043,0.1429527082830072,0.17590438018802204,-0.02882053785148514,-0.012639106897928421,0.30186333259591025,0,1,0,6.674213357120863,6.674213357120863,7.310102490238101,2.0388293899418666
forward_left,39.660000000000004,0.30000000000000004,0.15000000000000002,0.0,0.2931341712195704,0.08573487869113672,0.13736632594574918,0.15485416625622045,-0.023168250718888856,-0.01549087332928543,0.3047970257899305,0,1,0,5.994709616830299,5.994709616830299,7.3803779728520595,2.0388293899418666
forward_left,39.68,0.30000000000000004,0.15000000000000002,0.0,0.2923101389073548,0.08190908716695432,0.09520029821557362,0.21920981165182357,-0.018546222484081516,-0.014233791739035075,0.3070965529447333,0,0,0,7.5526356018194125,7.5526356018194125,7.485043832552062,8.007732305255162
forward_left,39.7,0.30000000000000004,0.15000000000000002,0.0,0.28033398631301415,0.08266660581082466,0.030671885858440245,0.288565856928533,-0.01129603445350857,-0.013607187954201842,0.3081878774060555,0,0,0,11.17306392189417,11.17306392189417,7.5626993411773284,13.68344599695674
forward_left,39.72,0.30000000000000004,0.15000000000000002,0.0,0.2645113350355263,0.08353879972515692,-0.005658116541206558,0.23002290641217896,0.0019137016974637515,-0.016510840001311523,0.30829244259230565,0,0,0,11.848308410244902,11.848308410244902,7.398280313795809,14.193700485990158
forward_left,39.74,0.30000000000000004,0.15000000000000002,0.0,0.2656616921507195,0.0815044452817942,-0.03421664991450878,0.09550529060286711,0.008558330478767511,-0.024012634239227604,0.3078553206348982,0,0,0,9.61494000841301,9.61494000841301,7.179975648335883,14.02005939293428
forward_left,39.76,0.30000000000000004,0.15000000000000002,0.0,0.2838110858748056,0.08430784243754447,-0.04841563617462567,-0.009893838069796951,0.00688463031412883,-0.03482898449237245,0.3071142266885962,0,0,0,10.630532686043294,10.630532686043294,7.040692266694688,7.737728950817001
forward_left,39.78,0.30000000000000004,0.15000000000000002,0.0,0.2995770642203597,0.09646205560976773,-0.05006266947792966,-0.1504343582035194,-2.5285414098408168e-05,-0.0458927000392525,0.3063525439759445,0,0,0,10.63284645118332,10.63284645118332,7.137376286980473,4.4651250882986195
forward_left,39.800000000000004,0.30000000000000004,0.15000000000000002,0.0,0.311901083045391,0.11284631985890169,-0.049623570705124104,-0.3346802843475259,-0.009713618114339555,-0.055088474336741466,0.3056306165000689,0,0,0,9.966490551808496,9.966490551808496,7.221073609696468,5.702800991544799
forward_left,39.82,0.30000000000000004,0.15000000000000002,0.0,0.32435908848752354,0.13095253494394876,-0.058804170644913424,-0.5091830732724281,-0.020705857715001854,-0.0625393062095712,0.3048221688106675,0,0,0,8.942819710622992,8.942819710622992,7.109613253069419,8.18390273531513
forward_left,39.84,0.30000000000000004,0.15000000000000002,0.0,0.3161650327512367,0.1150513189575797,-0.01796311563792235,-0.3162435674326653,-0.021638787963158615,-0.06199819265591192,0.3042422975430616,0,0,0,8.768260502085964,8.768260502085964,7.047333806076168,8.565936398018824
forward_left,39.86,0.30000000000000004,0.15000000000000002,0.0,0.31667853725557754,0.08146690073784509,-0.01269524273035864,-0.11062385092866883,-0.01367093361961815,-0.04976614951793239,0.3042076113526007,0,1,0,9.343031856199358,9.343031856199358,7.049510750961577,8.297613838241071
forward_left,39.88,0.30000000000000004,0.15000000000000002,0.0,0.30306181269539995,0.06857214318851831,0.03398152528403927,0.021735641643038442,-0.018553679848818522,-0.04045476346083486,0.30477634000315806,0,1,0,5.2428318391251985,5.2428318391251985,7.125947554469178,3.7187948649355764
forward_left,39.9,0.30000000000000004,0.15000000000000002,0.0,0.28895666669932085,0.06611443171823252,0.05101312587657916,0.03840903858439284,-0.023878938501859976,-0.03462466211273878,0.30589476004303306,0,1,0,5.635350524942799,5.635350524942799,7.242504776318182,1.4052806836866352
forward_left,39.92,0.30000000000000004,0.15000000000000002,0.0,0.2689753683369544,0.07015446085925829,0.03350872613120094,-0.038614229035991404,-0.02889228894479147,-0.02967222629778884,0.3068824864855329,0,1,0,6.548495771512452,6.548495771512452,7.303979374135537,1.3833118648863885
forward_left,39.94,0.30000000000000004,0.15000000000000002,0.0,0.24637514530851568,0.08089326895460007,-0.02130089917316718,-0.0923580287825997,-0.031100825117142974,-0.024245655938818104,0.3070466558718411,0,0,0,7.23691586672307,7.23691586672307,7.3183549521471924,5.864976415755146
forward_left,39.96,0.30000000000000004,0.15000000000000002,0.0,0.24557464117208339,0.0970809661772567,-0.07359598909891786,-0.23544699248324316,-0.029777727819395344,-0.021406449266797033,0.3061050163594275,0,0,0,7.906575117648872,7.906575117648872,7.356449202209781,8.178733645468991
forward_left,39.980000000000004,0.30000000000000004,0.15000000000000002,0.0,0.2626455135158126,0.10117807480663872,-0.09992604101257324,-0.19930008695647175,-0.028701386678994193,-0.02622060297603453,0.30435165593045,0,0,0,10.229240730624998,10.229240730624998,7.34956911085164,6.875650712767074
forward_left,40.0,0.30000000000000004,0.15000000000000002,0.0,0.2695364344791231,0.09329988779285521,-0.0893021153691327,-0.0476221115147671,-0.025036854070676275,-0.0344398269440994,0.30254006486981067,0,0,0,11.481739023189334,11.481739023189334,7.344344203894977,3.718993022011257
forward_right,40.02,0.30000000000000004,-0.15000000000000002,0.0,0.2654888878923689,0.08289465104298227,-0.05919418651944117,0.12778819458246998,-0.02000283601228501,-0.03976636683833129,0.3012608330161657,0,0,0,11.272765908372403,11.272765908372403,7.354268403326106,2.597006469362241
forward_right,40.04,0.30000000000000004,-0.15000000000000002,0.0,0.25803741992030843,0.07539154066483467,-0.03199751838541366,0.23044507720315666,-0.017004902221604525,-0.04082356778752285,0.30063178020799447,0,0,0,10.103499918576093,10.103499918576093,7.222846931539738,2.4849866877426345
forward_right,40.06,0.30000000000000004,-0.15000000000000002,0.0,0.2542131358715298,0.07167119185877162,-0.024447589827943386,0.2904749245203323,-0.017268591172359696,-0.0395025866261326,0.30033827245400185,0,0,0,8.835960805334869,8.835960805334869,7.0964631206682185,2.429024060384249
forward_right,40.08,0.30000000000000004,-0.15000000000000002,0.0,0.2485247573149554,0.07487015280272444,-0.02340150030594981,0.2569354665783901,-0.02176829197429365,-0.03596582393247709,0.29996018286124343,0,0,0,7.870235025622877,7.870235025622877,7.037450544237082,2.4491212729099754
forward_right,40.1,0.30000000000000004,-0.15000000000000002,0.0,0.2534079788429672,0.08497210610176083,-0.038406000544700065,0.23059148561921522,-0.03353999040265929,-0.024931519451218718,0.29951034976329594,0,0,0,6.7000433745527905,6.7000433745527905,7.01842780615641,2.4159134994593217
forward_right,40.12,0.30000000000000004,-0.15000000000000002,0.0,0.2757159981959401,0.09214293685776664,-0.08662117801210907,0.284094727120284,-0.04335809201731345,-0.00976347637983568,0.29830355837660927,0,1,0,6.014795712233751,6.014795712233751,7.046015963306278,3.1477186906874555
forward_right,40.14,0.30000000000000004,-0.15000000000000002,0.0,0.2663968924666156,0.04548003981901647,-0.02871634182612367,0.20903813335169494,-0.032335710171979226,0.001867140328695339,0.29708774830207746,0,1,0,7.8890099457821234,7.8890099457821234,7.0992287244093575,4.372364463942728
forward_right,40.160000000000004,0.30000000000000004,-0.15000000000000002,0.0,0.25693688772302553,-0.010834958369886813,0.03315524516880039,0.1510979268353524,-0.013800677919086695,0.008261930668861509,0.2971640806398965,0,0,0,8.713533533369576,8.713533533369576,7.182542044159291,1.5211508838863197
forward_right,40.18,0.30000000000000004,-0.15000000000000002,0.0,0.2480777410192851,-0.06634058202664013,0.07208562972340499,0.15698511081856314,0.006199080304726761,0.013199648155924672,0.29821337504502105,0,1,0,9.247366993141492,9.247366993141492,7.291496887926776,2.2676317185242825
forward_right,40.2,0.30000000000000004,-0.15000000000000002,0.0,0.24188332433692308,-0.10698388906116582,0.07110930315586932,0.27744548298998256,0.0239693635884595,0.01778782335859673,0.29966578876415306,0,1,0,7.635583074494073,7.635583074494073,7.37854306887154,4.37438040238793
forward_right,40.22,0.30000000000000004,-0.15000000000000002,0.0,0.23280936383092454,-0.12210013157015474,0.036650659645479616,0.3573886486251986,0.03786921366764558,0.01939882080582395,0.3005596033475365,0,0,0,8.442522594200037,8.442522594200037,7.38936344531589,5.278320022162194
forward_right,40.24,0.30000000000000004,-0.15000000000000002,0.0,0.22553437576355914,-0.12222839850871557,0.004499735762350015,0.2910736247670956,0.05157924967823231,0.01684685037915232,0.30071579514256896,0,0,0,9.620924082748495,9.620924082748495,7.399664247180567,5.965974720335092
forward_right,40.26,0.30000000000000004,-0.15000000000000002,0.0,0.21286295115482512,-0.11992230471993245,-0.01027570369221231,0.1621589045753786,0.05946553090185128,0.01201896402550411,0.300449934703396,0,0,0,10.54392606363771,10.54392606363771,7.4094695594129085,6.024617834467203
forward_right,40.28,0.30000000000000004,-0.15000000000000002,0.0,0.2112327565986912,-0.1268813022083598,-0.014088472713174498,0.11251559026892352,0.06654068373244183,0.0073388339278710355,0.29996834992326105,0,0,0,11.091430360279542,11.091430360279542,7.362961213330021,5.327088241688786
forward_right,40.300000000000004,0.30000000000000004,-0.15000000000000002,0.0,0.20590395332757933,-0.13809019094718816,-0.006836485827662657,0.08175925968708812,0.07405752197022192,0.0033858952584477214,0.29954767825397743,0,0,0,10.991905513486119,10.991905513486119,7.203658535315565,3.5698780030281605
forward_right,40.32,0.30000000000000004,-0.15000000000000002,0.0,0.19689104715308128,-0.15053028026441956,-0.0007781144575812662,0.01924394092809473,0.07994723581908382,0.0007097959738922369,0.29926317693183385,0,0,0,10.554304237810532,10.554304237810532,7.043722920974538,2.390704703682906
forward_right,40.34,0.30000000000000004,-0.15000000000000002,0.0,0.1944957469059219,-0.1617803252483508,-0.0051733285538720555,-0.06932373999767674,0.08475256568437275,-0.0008799626531318304,0.29897261176453904,0,0,0,10.084820843616745,10.084820843616745,6.907119916711878,2.6601955234256756
forward_right,40.36,0.30000000000000004,-0.15000000000000002,0.0,0.20088160802171448,-0.1720892391610003,-0.0187413476023024,-0.1863712261229199,0.08916013305481485,-0.0015298535857883122,0.29846324827253873,0,0,0,9.668277471037541,9.668277471037541,6.798228635408105,2.4281516036735007
forward_right,40.38,0.30000000000000004,-0.15000000000000002,0.0,0.20126115201543354,-0.1686287743732275,-0.023004802926116067,-0.3167548152544407,0.08973775393306214,-0.0009308131286446676,0.29762033335251864,0,0,0,9.029744203361291,9.029744203361291,6.712223974010904,2.5891326621181063
forward_right,40.4,0.30000000000000004,-0.15000000000000002,0.0,0.17457832402477677,-0.13937735154741512,0.03679192680232038,-0.29260827210190365,0.08321174186256039,-0.001178453057054088,0.29756517771900204,0,1,0,7.897376264351144,7.897376264351144,6.650647774710578,1.4490144460036947
forward_right,40.42,0.30000000000000004,-0.15000000000000002,0.0,0.16207914998501172,-0.10183933423037672,0.06271374991855803,-0.2467954023402329,0.07517339136449258,-0.0009956852501994435,0.29846607620612076,0,1,0,6.994321934950188,6.994321934950188,6.635833728429372,1.1090699389379315
forward_right,40.44,0.30000000000000004,-0.15000000000000002,0.0,0.15974306095618312,-0.070187554672212,0.06344948926136112,-0.26253985624249443,0.06595158509082164,-0.0017119205513367204,0.29962531659371466,0,0,0,6.818622809128042,6.818622809128042,6.673616476250196,2.568900266749522
forward_right,40.46,0.30000000000000004,-0.15000000000000002,0.0,0.17001440051632094,-0.04522549990619551,0.0437119630108997,-0.37133806138561987,0.0573975114912816,-0.0024354787469711725,0.30065469463984507,0,0,0,6.8877206754382225,6.8877206754382225,6.747306497280903,3.521002274794543
forward_right,40.480000000000004,0.30000000000000004,-0.15000000000000002,0.0,0.19083787183129455,-0.02445130072322848,0.01704006709573123,-0.5427526358956697,0.05193290387900688,-0.004098870930826065,0.3012253450049554,0,0,0,7.6791668247092,7.6791668247092,6.83571998352522,4.7081710757156685
forward_right,40.5,0.30000000000000004,-0.15000000000000002,0.0,0.20864498625580805,-0.01048286562863298,0.0021498871841773045,-0.6809815118988667,0.05365396957654125,-0.006915766021763004,0.30141162719496595,0,0,0,8.328442243982947,8.328442243982947,6.945508715496853,4.7081710757156685
forward_right,40.52,0.30000000000000004,-0.15000000000000002,0.0,0.21479813329493241,-0.0020693726042270064,-0.0027258855473838795,-0.7920713188061655,0.06031003894006013,-0.010543787243956397,0.30139149504491636,0,0,0,8.993499951396034,8.993499951396034,7.079328759641761,4.183140695591297
forward_right,40.54,0.30000000000000004,-0.15000000000000002,0.0,0.2119852040221547,-0.00905040465733074,-0.011927019783105565,-0.7367242570020028,0.06374870727709168,-0.01604339058770517,0.3012833692615611,0,0,0,9.757711490143938,9.757711490143938,7.174168795706667,4.0051598951428256
forward_right,40.56,0.30000000000000004,-0.15000000000000002,0.0,0.21121825601813105,-0.02415886355967809,-0.01308583008057294,-0.5569191136396078,0.05871355824608872,-0.023121425414325804,0.301132784333973,0,0,0,10.422833044064395,10.422833044064395,7.19462939725538,3.999696696381731
forward_right,40.58,0.30000000000000004,-0.15000000000000002,0.0,0.21837991411045216,-0.041472345800785765,-0.018495873443109934,-0.31318477832219843,0.05294679282824493,-0.029846159159127725,0.3009391809555961,0,0,0,10.415766898714285,10.415766898714285,7.214139634397785,3.4562149228555654
forward_right,40.6,0.30000000000000004,-0.15000000000000002,0.0,0.2286347380493516,-0.05989343241834912,-0.027937492777135066,-0.062175477151833136,0.0502993976428694,-0.03480786621980912,0.3006084670101807,0,0,0,9.925221319111216,9.925221319111216,7.2327406086699,3.00112389076148
forward_right,40.62,0.30000000000000004,-0.15000000000000002,0.0,0.24218246703126045,-0.07908458013106477,-0.044859568369860554,0.18907099398504418,0.05070281142760885,-0.038945282456810455,0.3000208030303039,0,0,0,9.246413171613987,9.246413171613987,7.192558364624681,3.152778740522831
forward_right,40.64,0.30000000000000004,-0.15000000000000002,0.0,0.2511496394110591,-0.0654748572923549,-0.0235420233832025,0.15250982533742613,0.04398491800927815,-0.036595089361775315,0.29955578919851694,0,0,0,8.242544511489745,8.242544511489745,7.118039298501028,2.9450315246666188
forward_right,40.660000000000004,0.30000000000000004,-0.15000000000000002,0.0,0.2664057415581783,-0.05728161823233374,-0.0009502693783235662,0.17624860567010908,0.03887052778620656,-0.031136580985134065,0.299330973524387,0,1,0,7.555249303332851,7.555249303332851,7.100123002687724,2.582863450447575
forward_right,40.68,0.30000000000000004,-0.15000000000000002,0.0,0.28694957116369824,-0.0606382623399754,0.04068971275596129,0.10359676654545166,0.040456384651845624,-0.030730868119283723,0.2999317328633898,0,1,0,6.673711497794937,6.673711497794937,7.131903601410016,1.0750953438190824
forward_right,40.7,0.30000000000000004,-0.15000000000000002,0.0,0.310016395512876,-0.07329144858808556,0.0600373724641462,0.0640376517390767,0.04303993364014809,-0.03087322302306629,0.3011021569154866,0,0,0,6.777896663914374,6.777896663914374,7.192271944933154,3.093584155826373
forward_right,40.72,0.30000000000000004,-0.15000000000000002,0.0,0.3190811063261245,-0.08589794088314741,0.061682920975952175,0.049807204783762604,0.04457950742956414,-0.027983126596474322,0.3024471437493658,0,1,0,7.102706374381095,7.102706374381095,7.285551172883125,3.093584155826373
forward_right,40.74,0.30000000000000004,-0.15000000000000002,0.0,0.3108996388608371,-0.09509595814421631,0.04458245779975196,0.062303764412072714,0.043744095344421065,-0.022411584693364038,0.3035918652512186,0,1,0,8.034891872411663,8.034891872411663,7.34063393772697,1.47609100259995
forward_right,40.76,0.30000000000000004,-0.15000000000000002,0.0,0.28775895562880116,-0.10787117624418754,0.016021576638430932,0.005247170775580061,0.03862292132694878,-0.015437953066574438,0.30419607060950793,0,0,0,9.15056414286291,9.15056414286291,7.3532673177922625,3.316132204163854
forward_right,40.78,0.30000000000000004,-0.15000000000000002,0.0,0.2731136413997299,-0.1218358390368526,0.0009477665125342072,-0.09992037421354581,0.02873454853926374,-0.012434013076763867,0.30433006956062586,0,0,0,9.313966025446762,9.313966025446762,7.365297771087334,3.3814092053476776
forward_right,40.800000000000004,0.30000000000000004,-0.15000000000000002,0.0,0.2579969347669579,-0.13057194638030303,0.0006500931285246653,-0.19208325826544476,0.020157681298610168,-0.013574827366540688,0.304354724371413,0,0,0,8.710106760890653,8.710106760890653,7.376752897770995,3.183471190086645
forward_right,40.82,0.30000000000000004,-0.15000000000000002,0.0,0.24556104704370668,-0.13467403667297992,0.006399029587185442,-0.2340847277638497,0.016053477782696206,-0.015690016927060093,0.30448476880862646,0,0,0,7.6341525505413825,7.6341525505413825,7.387659145345914,3.212479997855361
forward_right,40.84,0.30000000000000004,-0.15000000000000002,0.0,0.23790705457911474,-0.13619423374514056,0.006093865491546032,-0.22866885962675568,0.016103668213392642,-0.016949859635625644,0.3046971254234812,0,0,0,7.147666521038726,7.147666521038726,7.398041846242091,3.1810624180103
forward_right,40.86,0.30000000000000004,-0.15000000000000002,0.0,0.23722463013340048,-0.136173746849647,-0.0004519960874570331,-0.20795249958265583,0.01912710104751222,-0.016373938846400135,0.304836547943594,0,0,0,7.170622006864742,7.170622006864742,7.4079252552296,2.9825605846431147
forward_right,40.88,0.30000000000000004,-0.15000000000000002,0.0,0.24424157363280147,-0.13616942793263603,-0.0133767249892152,-0.21153216940011166,0.0233087073620865,-0.013921644498281888,0.30475323831115025,0,0,0,7.009297748140266,7.009297748140266,7.417332586532954,3.7025984146655633
forward_right,40.9,0.30000000000000004,-0.15000000000000002,0.0,0.258040296364527,-0.13759811823604173,-0.030880702333670473,-0.23830684055277596,0.02655108882646219,-0.010198610574113169,0.3043185668478977,0,0,0,7.203458158375865,7.203458158375865,7.426286050535328,3.6345593202762174
forward_right,40.92,0.30000000000000004,-0.15000000000000002,0.0,0.2706783113415391,-0.14834587432505306,-0.026334464240535448,-0.24714819473101965,0.032092918429277126,-0.003905004311102127,0.30367268578321616,0,0,0,7.426885999162487,7.426885999162487,7.4527687596606285,2.7955693474777625
forward_right,40.94,0.30000000000000004,-0.15000000000000002,0.0,0.2699233618819813,-0.13007329848843424,0.024707197763180297,-0.21973969074335697,0.03136890636129514,0.0020271694971738395,0.3035635201830336,0,1,0,5.945822380648109,5.945822380648109,7.486755548606212,2.133075257099211
forward_right,40.96,0.30000000000000004,-0.15000000000000002,0.0,0.2706182282758686,-0.09930873706030825,0.05905709184350135,-0.13811117788814897,0.0235752588641318,0.002647632411867447,0.3044170839499582,0,1,0,6.555516954123415,6.555516954123415,7.54643044433962,1.0778152343798626
forward_right,40.980000000000004,0.30000000000000004,-0.15000000000000002,0.0,0.27330224706441997,-0.07062928354242377,0.052407621632290895,-0.05615033597704712,0.016765546344632152,0.0014872735684692921,0.3055227506713297,0,0,0,7.305690018590529,7.305690018590529,7.64445326121162,1.3495081329116627
forward_right,41.0,0.30000000000000004,-0.15000000000000002,0.0,0.2703255517492594,-0.058014857335382926,0.01862026285216833,-0.07112936043363667,0.01114883166415408,-0.0001358030445556938,0.30614511636769753,0,0,0,7.0819817166472925,7.0819817166472925,7.642233658935293,4.754863362097983
forward_right,41.02,0.30000000000000004,-0.15000000000000002,0.0,0.2580391272674302,-0.05242816480169918,-0.023583568037468475,-0.10935989342228686,0.008236218699675212,-0.0031158203826040947,0.3058999765794872,0,0,0,7.908474736493208,7.908474736493208,7.640125264690116,8.361520117916886
forward_right,41.04,0.30000000000000004,-0.15000000000000002,0.0,0.26007683568825457,-0.05223708890675967,-0.06008863111362188,-0.08204095529252198,0.005193214182969725,-0.010973752277112885,0.30489447622421356,0,0,0,9.662803529507748,9.662803529507748,7.638122469545788,8.338471206937133
forward_right,41.06,0.30000000000000004,-0.15000000000000002,0.0,0.2629424569197496,-0.05815732295920099,-0.07163923765314428,-0.0300320523770164,0.00491502652611925,-0.02288498898620171,0.30354840845805947,0,0,0,10.991562614498154,10.991562614498154,7.643610597033955,4.81485296289087
forward_right,41.08,0.30000000000000004,-0.15000000000000002,0.0,0.2561686798382594,-0.06597044235567069,-0.05666054926378611,0.03066943697236897,0.007349821040255787,-0.03514443790107029,0.3023881267280783,0,0,0,11.46851094630614,11.46851094630614,7.494109407383256,3.099226285079148
forward_right,41.1,0.30000000000000004,-0.15000000000000002,0.0,0.24214209668088038,-0.07188272325949414,-0.03130740926297278,0.07682525203772667,0.009984723547479656,-0.04491021886569169,0.30171718821141735,0,0,0,10.985224129677546,10.985224129677546,7.306552331336999,2.7779998139795485
forward_right,41.12,0.30000000000000004,-0.15000000000000002,0.0,0.22982850010767544,-0.0746634483186378,-0.009714624335330834,0.11050870648879432,0.011193914401379975,-0.052219358565269935,0.30156820036251475,0,0,0,9.97758829941743,9.97758829941743,7.138090869309011,2.5133344526508026
forward_right,41.14,0.30000000000000004,-0.15000000000000002,0.0,0.22074412832816165,-0.07542434294824493,-0.0038074363088096523,0.12470207079972571,0.01122043921558365,-0.05777429553510394,0.3017249423282408,0,0,0,8.90351458333375,8.90351458333375,7.022456725849036,2.3503717512297837
forward_right,41.160000000000004,0.30000000000000004,-0.15000000000000002,0.0,0.21245096792565477,-0.07349615225909599,-0.00702724695002062,0.07595151440880389,0.00982180061722222,-0.06150968114585483,0.30184607288580007,0,0,0,8.069248899932012,8.069248899932012,6.961824660625492,2.7097584421246963
forward_right,41.18,0.30000000000000004,-0.15000000000000002,0.0,0.21181953268128162,-0.05524684430246167,-0.005932121195049912,-0.03591465390619976,0.0004232386479306516,-0.05872192895731689,0.3020471658783492,0,0,0,6.990262390873725,6.990262390873725,6.9423505979032605,3.4968597223733293
forward_right,41.2,0.30000000000000004,-0.15000000000000002,0.0,0.21414391197128296,-0.05783094780349767,0.005638383749132057,-0.031602719551627564,-0.004689225036574352,-0.053939278805591295,0.3021785705054627,0,1,0,6.110814774156148,6.110814774156148,6.963332144625717,3.7148776902915457
forward_right,41.22,0.30000000000000004,-0.15000000000000002,0.0,0.22279777565192277,-0.0832931738933029,0.0266999670017317,0.0028200337967970272,-0.001874653245869584,-0.05233229821223492,0.302796705632565,0,1,0,6.302293463564644,6.302293463564644,7.015179066973005,0.8660935908341977
forward_right,41.24,0.30000000000000004,-0.15000000000000002,0.0,0.23682949866862996,-0.11630548394456337,0.03718566645804988,0.14608115803266022,0.002729861172851326,-0.04982427432630086,0.30365237535567846,0,0,0,7.090198763512426,7.090198763512426,7.091842729095816,2.2828427810640832
forward_right,41.26,0.30000000000000004,-0.15000000000000002,0.0,0.2401218424419409,-0.14446271218841042,0.04053196449683244,0.26484460363759826,0.011243078019619584,-0.044155205459438455,0.3046140666664392,0,1,0,7.554682155851621,7.554682155851621,7.19441979877616,4.610647635919247
forward_right,41.28,0.30000000000000004,-0.15000000000000002,0.0,0.23082360282943531,-0.16252175955144366,0.03341821732996811,0.2719672104972642,0.019903368018072038,-0.03625100548468552,0.30551442793814493,0,0,0,8.119569960198795,8.119569960198795,7.2686428549071955,2.2110706438895984
forward_right,41.300000000000004,0.30000000000000004,-0.15000000000000002,0.0,0.21087883444125138,-0.17290447063881692,0.025382608416709834,0.19741253544875864,0.025132291632199065,-0.02843185287091798,0.3061418460593242,0,0,0,8.825313795741115,8.825313795741115,7.284687960250551,3.118386480201399
forward_right,41.32,0.30000000000000004,-0.15000000000000002,0.0,0.19117968566238597,-0.1811057531007471,0.025546419148162473,0.0768613532104744,0.02272756894163937,-0.02382834986926703,0.306667465234414,0,0,0,8.710184079838186,8.710184079838186,7.395538340533015,3.489070874194128
forward_right,41.34,0.30000000000000004,-0.15000000000000002,0.0,0.16610554051819731,-0.1858749489854122,0.03190513051130345,-0.037235523670225194,0.017700173094018355,-0.022090278160630004,0.30725375381770736,0,0,0,8.211246141087107,8.211246141087107,7.54337348902537,2.4360143205832068
forward_right,41.36,0.30000000000000004,-0.15000000000000002,0.0,0.14161162382107392,-0.19021888556852787,0.03670739176580116,-0.09667646789948045,0.01570411894922687,-0.021596062908318298,0.3079746751155342,0,0,0,7.687205568113013,7.687205568113013,7.672746603368264,2.9313218159654726
forward_right,41.38,0.30000000000000004,-0.15000000000000002,0.0,0.12542951745635278,-0.19213825493037795,0.029709276644720367,-0.09664237533398516,0.017627384077399784,-0.02214681057197206,0.3086891803934416,0,0,0,8.080919588537677,8.080919588537677,7.732222722732807,3.096636148401002
forward_right,41.4,0.30000000000000004,-0.15000000000000002,0.0,0.12102440896130183,-0.1903804360540421,0.008489664183530648,-0.06146849271263837,0.02159727163814421,-0.0238096018787182,0.3090949130000103,0,0,0,8.72997138425018,8.72997138425018,7.725573421792657,3.164548079336672
forward_right,41.42,0.30000000000000004,-0.15000000000000002,0.0,0.12706409439478053,-0.18323867590784262,-0.016759753832256044,-0.053206081744733534,0.025384369181468636,-0.025587207534683985,0.30900880183247753,0,0,0,9.321214701861944,9.321214701861944,7.7192619147507,3.6072472830869082
forward_right,41.44,0.30000000000000004,-0.15000000000000002,0.0,0.1372690216522685,-0.17605191276290763,-0.029841854325738937,-0.045398391897856646,0.029706643362242442,-0.02567388362928899,0.3084495086140161,0,0,0,9.665519109222323,9.665519109222323,7.668609637309107,4.975740334422909
forward_right,41.46,0.30000000000000004,-0.15000000000000002,0.0,0.15524238943925997,-0.18007892278616178,-0.024464054946768433,-0.08579573802119,0.04110830710557879,-0.019597160526747887,0.3079135625853395,0,0,0,9.081869556469881,9.081869556469881,7.5791823097197835,2.5189762397191884
forward_right,41.480000000000004,0.30000000000000004,-0.15000000000000002,0.0,0.1759757813296993,-0.1737066383604636,-0.012945756435630604,-0.18662124542066327,0.04911907434307973,-0.013337056981273597,0.3072820160402937,0,1,0,8.596840775486115,8.596840775486115,7.511541418627857,3.241962463239192
forward_right,41.5,0.30000000000000004,-0.15000000000000002,0.0,0.18812543146900274,-0.13831370893392636,0.0333646356000151,-0.1955526079038292,0.04244228371511545,-0.014102868043608307,0.3074984389942896,0,1,0,7.970154375619872,7.970154375619872,7.462079972847086,1.8697511070219774
forward_right,41.52,0.30000000000000004,-0.15000000000000002,0.0,0.2082924974157316,-0.10203640533573777,0.043357499038034125,-0.2249644610761553,0.03530669774930679,-0.016837216338814753,0.30828837562369216,0,1,0,6.512911216258984,6.512911216258984,7.44284638666792,2.3430886898332677
forward_right,41.54,0.30000000000000004,-0.15000000000000002,0.0,0.22806233557705902,-0.07669883022072539,0.02997361036178029,-0.3075924382371668,0.030679475811823124,-0.018417511944128936,0.30902631174238815,0,0,0,6.800517950296542,6.800517950296542,7.473464693969383,2.8983546376019174
forward_right,41.56,0.30000000000000004,-0.15000000000000002,0.0,0.23964538734629276,-0.057769688689294614,0.0055858515599192075,-0.4556711771697524,0.02685367598462974,-0.01924659832318256,0.30929985254236086,0,0,0,7.495715095145209,7.495715095145209,7.565150129464261,8.70260629471088
forward_right,41.58,0.30000000000000004,-0.15000000000000002,0.0,0.23889229807556525,-0.04458273870293341,-0.022824484548311336,-0.5647444710806195,0.02632958135099916,-0.021559325048755084,0.30900257644885126,0,0,0,8.50981735136517,8.50981735136517,7.679015343004345,9.95176208198225
forward_right,41.6,0.30000000000000004,-0.15000000000000002,0.0,0.23404069127619806,-0.044736051650941654,-0.03625446427842052,-0.44471946148304997,0.022651267042136707,-0.027664793791803217,0.3083159251539948,0,0,0,9.818350983466381,9.818350983466381,7.654885845852252,8.73372419703968
forward_right,41.62,0.30000000000000004,-0.15000000000000002,0.0,0.2385091300096618,-0.05194591490852005,-0.03571933646810148,-0.2494593453101581,0.019301927889811495,-0.03634721985345089,0.3076729241302163,0,0,0,10.562036091860072,10.562036091860072,7.568992232914152,4.72827341696466
forward_right,41.64,0.30000000000000004,-0.15000000000000002,0.0,0.24568438144243393,-0.06446419259853137,-0.034234677081111616,-0.044372209120607534,0.01957968736111197,-0.04510128819869533,0.30714968816705496,0,0,0,10.615156016850504,10.615156016850504,7.437203305684427,2.9809671988213937
forward_right,41.660000000000004,0.30000000000000004,-0.15000000000000002,0.0,0.2551436750101076,-0.08042220724701746,-0.039173732625740795,0.1539331718424646,0.02294027766646416,-0.05249141734416813,0.30664069025974217,0,0,0,9.98385792284744,9.98385792284744,7.2951459493161614,2.4465422169710225
forward_right,41.68,0.30000000000000004,-0.15000000000000002,0.0,0.26515783196865955,-0.09742358489301316,-0.05168857749405436,0.3250217758901092,0.028100655165078155,-0.058966175380049564,0.30597795194902816,0,0,0,9.31722525493396,9.31722525493396,7.1812332258944025,3.4618182874786463
forward_right,41.7,0.30000000000000004,-0.15000000000000002,0.0,0.2782660822156228,-0.08580068269413052,-0.026174627684283615,0.2970920810088874,0.025585011207379476,-0.059896750143388855,0.3055213412798896,0,0,0,7.9939558683678085,7.9939558683678085,7.104003613930075,3.436461322760424
forward_right,41.72,0.30000000000000004,-0.15000000000000002,0.0,0.3074476654852758,-0.06916481859876454,-0.034936577407571764,0.3018382557866746,0.017620279979688274,-0.05518616467025549,0.3052299523886961,0,0,0,6.867439485294367,6.867439485294367,7.078430027376768,3.436461322760424
forward_right,41.74,0.30000000000000004,-0.15000000000000002,0.0,0.3203811565600283,-0.06999698244330282,0.014934850040483179,0.2425667787005846,0.018434057433499622,-0.05062220841615805,0.30523682202591246,0,1,0,6.976406177479308,6.976406177479308,7.103690936497813,2.3767869843508618
forward_right,41.76,0.30000000000000004,-0.15000000000000002,0.0,0.32654155660108364,-0.08280471922062249,0.057479007358868586,0.10427206404755648,0.022741989424743172,-0.04737156181265866,0.3063540780239862,0,1,0,6.346484111926406,6.346484111926406,7.172751987121476,1.4304340061398038
forward_right,41.78,0.30000000000000004,-0.15000000000000002,0.0,0.32638713704428396,-0.09788565337002814,0.06872693375762402,0.031336249237083724,0.026462743350402308,-0.04136160591476804,0.3079031071463588,0,1,0,6.764452295951776,6.764452295951776,7.278109594009855,1.797676206475042
forward_right,41.800000000000004,0.30000000000000004,-0.15000000000000002,0.0,0.30960385225154585,-0.11105683001020684,0.05674700368459706,0.00844849634915099,0.029858163137965524,-0.03304945283069152,0.3093442368498019,0,0,0,7.44993196349685,7.44993196349685,7.332671399053989,2.0158681697500356
forward_right,41.82,0.30000000000000004,-0.15000000000000002,0.0,0.27944795070181505,-0.13048665530893855,0.030885494865507155,0.05779598016695601,0.03185678043707699,-0.024149623867904733,0.3102252187612816,0,0,0,8.194844529347925,8.194844529347925,7.345684141995321,4.688040113766771
forward_right,41.84,0.30000000000000004,-0.15000000000000002,0.0,0.26679208010060046,-0.14924432219444336,0.00014150549570082034,0.06619885882753955,0.031861817264227404,-0.019821212984457017,0.3104143878992017,0,0,0,8.180223324078762,8.180223324078762,7.358076653071318,5.508122483174221
forward_right,41.86,0.30000000000000004,-0.15000000000000002,0.0,0.26144778453033146,-0.1585091534454355,-0.007514923246964223,0.02723716560970477,0.03007194658803185,-0.020852590169775385,0.31025609825756534,0,0,0,7.834432845497179,7.834432845497179,7.392750137616545,5.357760866084703
forward_right,41.88,0.30000000000000004,-0.15000000000000002,0.0,0.25519426280979884,-0.16268935028683412,0.007626464438094921,-0.03620668175832178,0.028115426604695768,-0.022584874098387643,0.3102544952676035,0,0,0,7.855131500580524,7.855131500580524,7.527713706000448,3.9155366098195783
forward_right,41.9,0.30000000000000004,-0.15000000000000002,0.0,0.24802623191453096,-0.16697130257609952,0.02370707295997515,-0.08173728272427415,0.02711047420554746,-0.022398224229698185,0.3106224002663674,0,0,0,7.742747910045809,7.742747910045809,7.6723956696373925,3.1318449295219537
forward_right,41.92,0.30000000000000004,-0.15000000000000002,0.0,0.24700118001802507,-0.17075070776841367,0.0277552521634417,-0.1086127595701081,0.027310805214323962,-0.020629190591922534,0.31118711418764144,0,0,0,7.15279364718651,7.15279364718651,7.770615221843855,3.0875505661387885
forward_right,41.94,0.30000000000000004,-0.15000000000000002,0.0,0.2532332889466772,-0.1722497465765072,0.016973675658707676,-0.13558294113580752,0.029463570363227398,-0.017624392417621558,0.3116526120375926,0,0,0,6.672881749731057,6.672881749731057,7.7620084283809625,2.8997328701943137
forward_right,41.96,0.30000000000000004,-0.15000000000000002,0.0,0.2668231015635457,-0.17208983665652627,-0.006256972346991665,-0.18475548123077185,0.03351539508182233,-0.012926057278816738,0.3117333019462798,0,0,0,6.461627380990628,6.461627380990628,7.753841517352118,2.583955949797855
forward_right,41.980000000000004,0.30000000000000004,-0.15000000000000002,0.0,0.2873820221887734,-0.171869807103298,-0.036978932541216036,-0.25435005089680074,0.03812410719174997,-0.005936395037075989,0.31121467647445883,0,0,0,6.2863683580252205,6.2863683580252205,7.78831758065526,2.5165290576639188
forward_right,42.0,0.30000000000000004,-0.15000000000000002,0.0,0.31272305033958636,-0.17356937162980554,-0.06917459948290022,-0.34676519292130303,0.0433253832409262,0.003033751721346561,0.3100116036890848,0,0,0,6.285476963972469,6.285476963972469,7.778804124250641,4.941257570574189
forward_right,42.02,0.30000000000000004,-0.15000000000000002,0.0,0.30877315167730884,-0.15733109287795233,0.0014636213496780227,-0.28421071349988203,0.04353830137670531,0.01061286593056688,0.30915853480215666,0,1,0,6.777821585543851,6.777821585543851,7.7697782401283355,2.992365590217438
forward_right,42.04,0.30000000000000004,-0.15000000000000002,0.0,0.303368346416989,-0.12789675287675864,0.04714137804302187,-0.20007492587282746,0.037189230859115824,0.010644008149142799,0.3095786277247751,0,1,0,7.495341695105765,7.495341695105765,7.761214250512463,1.4253120906814174
forward_right,42.06,0.30000000000000004,-0.15000000000000002,0.0,0.29651613588074677,-0.09943384299606114,0.0444207441394959,-0.1346446716450088,0.031140589422300958,0.007127102048833792,0.3104424478463388,0,1,0,7.946218540557362,7.946218540557362,7.7530878982061715,2.3513103690056187
forward_right,42.08,0.30000000000000004,-0.15000000000000002,0.0,0.2835304551407437,-0.08509293482105122,0.004996372585291162,-0.14521663004455337,0.026490901075415015,0.002574011881715525,0.31093081518770854,0,1,0,8.535931768986885,8.535931768986885,7.745376261264813,8.372204174893117
forward_right,42.1,0.30000000000000004,-0.15000000000000002,0.0,0.2699473487350898,-0.08096826686851238,-0.035556618849050696,-0.11998771464236577,0.02289530790594161,-0.0026132156649092747,0.31069863127375275,0,0,0,9.690394825480244,9.690394825480244,7.738057673449358,11.544756407398909
forward_right,42.12,0.30000000000000004,-0.15000000000000002,0.0,0.27399906593797846,-0.07968733598928442,-0.053442025052730185,-0.13306332756688746,0.01656375253430829,-0.009704360952503571,0.309871427211064,0,0,0,9.339359510467968,9.339359510467968,7.731111650006596,11.544756407398909
forward_right,42.14,0.30000000000000004,-0.15000000000000002,0.0,0.2815104205654346,-0.08603408598962627,-0.06124779491518183,-0.026910575128102642,0.013310268656406441,-0.01952499288582525,0.3087395486047198,0,0,0,10.237637956530666,10.237637956530666,7.668216818009878,8.060725503341526
forward_right,42.160000000000004,0.30000000000000004,-0.15000000000000002,0.0,0.28535512182747597,-0.09589757004964777,-0.053148611738879886,0.10517324726632757,0.015548256468379491,-0.029613874025531825,0.30768821535383684,0,0,0,10.322412400273244,10.322412400273244,7.55316146839176,4.693232154370589
forward_right,42.18,0.30000000000000004,-0.15000000000000002,0.0,0.28726293314023676,-0.10625343403494632,-0.03929975135433781,0.232515269872975,0.020682598533433637,-0.037809807862816264,0.30695604451893627,0,0,0,9.610674178671047,9.610674178671047,7.424193077196602,3.136004577531289
forward_right,42.2,0.30000000000000004,-0.15000000000000002,0.0,0.2913288761430112,-0.11657000525479302,-0.036244210066781905,0.3631258091446974,0.02733818533134368,-0.04474623003403237,0.3064418863532588,0,0,0,8.608254835429547,8.608254835429547,7.326372597970991,2.0433406341073423
forward_right,42.22,0.30000000000000004,-0.15000000000000002,0.0,0.2917587989144524,-0.12178118490238736,-0.03473307465348917,0.39074578674843996,0.03162727798956018,-0.050377207913305064,0.30590459478721505,0,0,0,7.761562041986924,7.761562041986924,7.276280862221572,2.7766430642466444
forward_right,42.24,0.30000000000000004,-0.15000000000000002,0.0,0.2961414646191449,-0.09462630454209042,-0.007075218389196238,0.2411989034130215,0.023977500307953523,-0.04657855599997769,0.3058606882265783,0,0,0,6.882911313841881,6.882911313841881,7.264495095599003,3.567005207695624
forward_right,42.26,0.30000000000000004,-0.15000000000000002,0.0,0.319012904342241,-0.06916850047364807,-0.02619869575573481,0.16308333466061575,0.013467798904985014,-0.03828820902767356,0.3057913991318031,0,0,0,6.095137502794111,6.095137502794111,7.3127492734275705,3.133683830486255
forward_right,42.28,0.30000000000000004,-0.15000000000000002,0.0,0.3440781278631194,-0.05159071855331897,-0.05188991747592627,0.1867389159500458,0.005231504494114323,-0.028464192918200487,0.3050999321588886,0,1,0,6.116719919084077,6.116719919084077,7.395589622291958,2.651870613243014
forward_right,42.300000000000004,0.30000000000000004,-0.15000000000000002,0.0,0.3481665264255266,-0.06073112044588593,-0.007962240471313112,0.19184438294811007,0.010421896026697708,-0.023425547821198905,0.3047072186296296,0,1,0,7.226358924895994,7.226358924895994,7.49720769308658,2.086682739087987
forward_right,42.32,0.30000000000000004,-0.15000000000000002,0.0,0.33736693033604864,-0.07710801411633733,0.033500122209027934,0.160548142879614,0.017622962058340148,-0.020259351818644546,0.3051662416479203,0,1,0,7.589654090843262,7.589654090843262,7.603155787342683,1.4725216984359129
forward_right,42.34,0.30000000000000004,-0.15000000000000002,0.0,0.3009962112325931,-0.09122863998490785,0.056294012973112595,0.07454409006809895,0.025588530309007047,-0.015838974483072504,0.3061708285193757,0,0,0,7.971924228071747,7.971924228071747,7.602998743954828,1.6232169045358913
forward_right,42.36,0.30000000000000004,-0.15000000000000002,0.0,0.2553717373935756,-0.11128275572223248,0.07084727617329126,0.12490222149220995,0.032877934561006995,-0.009462251977907992,0.30738078068532815,0,0,0,7.952708627167586,7.952708627167586,7.602849517521687,5.055829361171257
forward_right,42.38,0.30000000000000004,-0.15000000000000002,0.0,0.2244392872260063,-0.1389570231972074,0.04764716404749862,0.1814877333361455,0.03796701657237886,-0.0063985224337282905,0.3083814316041161,0,0,0,7.5048901300876,7.5048901300876,7.602707718763185,6.785451901442795
forward_right,42.4,0.30000000000000004,-0.15000000000000002,0.0,0.2126152206309514,-0.1546972530020498,0.03325535912327688,0.19586500840630358,0.038774567414481854,-0.011192866775715182,0.30900590809336415,0,0,0,8.17805393266992,8.17805393266992,7.678580587207563,6.487340335114465
forward_right,42.42,0.30000000000000004,-0.15000000000000002,0.0,0.19902798348018566,-0.1602088478813545,0.03601072803139138,0.1453065791517684,0.03622579798340807,-0.01708753385564297,0.30960287516971335,0,0,0,8.786578335425135,8.786578335425135,7.794499356704108,4.352447031583078
forward_right,42.44,0.30000000000000004,-0.15000000000000002,0.0,0.1844591282209018,-0.1627558782586984,0.041734178299822886,0.08696625209549579,0.032029466296945926,-0.019371814723465056,0.3103700795796971,0,0,0,8.623231035294031,8.623231035294031,7.9009638314508415,3.3397140552882605
forward_right,42.46,0.30000000000000004,-0.15000000000000002,0.0,0.17804322287217214,-0.16555096790472368,0.037136379381868576,0.018557311830067973,0.02951451327630704,-0.019541715212018407,0.3111487105252074,0,0,0,8.09228412078077,8.09228412078077,7.858686010593416,3.193099790102159
forward_right,42.480000000000004,0.30000000000000004,-0.15000000000000002,0.0,0.18111866069097995,-0.16570955753411987,0.023138991118252083,-0.0836534871987259,0.03038737826155933,-0.019346239932471195,0.3117312212291873,0,0,0,7.772225068956249,7.772225068956249,7.832019893612504,2.5527787931684096
forward_right,42.5,0.30000000000000004,-0.15000000000000002,0.0,0.19272733250725244,-0.16169118039521505,-0.0032874687591865027,-0.1926119182841199,0.034473626084580225,-0.01781769972175361,0.3119035084644817,0,0,0,7.657520898998339,7.657520898998339,7.820257059678031,2.6637355129999856
forward_right,42.52,0.30000000000000004,-0.15000000000000002,0.0,0.21110117790526167,-0.1588152527658501,-0.027583811142993506,-0.2628327281041119,0.04169160587362819,-0.012151251352167625,0.31147455268905266,0,0,0,7.474481256324785,7.474481256324785,7.814741414287454,2.5697901417617093
forward_right,42.54,0.30000000000000004,-0.15000000000000002,0.0,0.24617486339832478,-0.16091512916289788,-0.06378025984708975,-0.32074556783987473,0.05097799814049021,-0.001679554614533345,0.31043730401262465,0,0,0,7.145005946656448,7.145005946656448,7.813387747579927,2.6335649651803883
forward_right,42.56,0.30000000000000004,-0.15000000000000002,0.0,0.2597859966722541,-0.13278494456247814,-0.0327762881555957,-0.2815400699255535,0.049217915345735504,0.006102620850509653,0.3091339192314887,0,1,0,7.1079876376189395,7.1079876376189395,7.827212720425891,4.393721767497012
forward_right,42.58,0.30000000000000004,-0.15000000000000002,0.0,0.2689150892727378,-0.09669969089207386,0.005172895618476983,-0.1813667104664975,0.0417141221660616,0.007313438161588227,0.3088173246899188,0,1,0,8.028281658229798,8.028281658229798,7.855737064279445,1.6059833656576834
forward_right,42.6,0.30000000000000004,-0.15000000000000002,0.0,0.27260376028708433,-0.06893935576474106,0.023575331772880015,-0.1658176204508127,0.033285374655091765,0.0044698652446352035,0.3090166623861957,0,0,0,8.515576681592119,8.515576681592119,7.842746881325176,4.375386521566304
forward_right,42.62,0.30000000000000004,-0.15000000000000002,0.0,0.26613329663695645,-0.0542709626285943,0.006086339203609673,-0.23069812545819268,0.02826246009125084,0.0013300468434258152,0.30924385662656645,0,0,0,7.989678830145714,7.989678830145714,7.83042950987512,8.143022258612119
forward_right,42.64,0.30000000000000004,-0.15000000000000002,0.0,0.26194013428345575,-0.04577904240668545,-0.02209354043223664,-0.3174555809220053,0.02242677149500904,-0.0032331016752863975,0.3089533672134153,0,0,0,9.118422773017247,9.118422773017247,7.814199088258057,8.493452288014861
forward_right,42.660000000000004,0.30000000000000004,-0.15000000000000002,0.0,0.2676512049571187,-0.047972215208963054,-0.04037701257964346,-0.2269101015591775,0.014083978434774784,-0.010811511132985934,0.3082306942970053,0,0,0,10.173758271948902,10.173758271948902,7.75867210780067,4.589653544886503
forward_right,42.68,0.30000000000000004,-0.15000000000000002,0.0,0.26966536941712416,-0.05178441567261182,-0.03398458234157897,-0.09114603811316077,0.008713310677202402,-0.019810012375626795,0.30754572627073534,0,0,0,10.645805100065662,10.645805100065662,7.6494932748483855,4.017328503929831
forward_right,42.7,0.30000000000000004,-0.15000000000000002,0.0,0.26387759214312234,-0.054617733278852845,-0.01630401001834562,0.03061808146954586,0.006565989071336443,-0.027388732931971645,0.30721304241080866,0,0,0,10.228581393430767,10.228581393430767,7.507209405673155,3.2786737268213106
forward_right,42.72,0.30000000000000004,-0.15000000000000002,0.0,0.25512485858259965,-0.05496099613719437,-0.0013019679275110187,0.12186523870298124,0.005766687621151525,-0.032895511759272744,0.3072759668295079,0,0,0,9.262245869340788,9.262245869340788,7.37833801887761,3.210094509727656
forward_right,42.74,0.30000000000000004,-0.15000000000000002,0.0,0.2479332300882202,-0.053900975716128376,-0.002325343849127132,0.17979173571377277,0.0048178545410716015,-0.037094695489555546,0.307492031236919,0,0,0,8.342667104448726,8.342667104448726,7.296272166348928,3.0091067614446727
forward_right,42.76,0.30000000000000004,-0.15000000000000002,0.0,0.24537525074078131,-0.05442591488689075,-0.021013799087987173,0.22593020633580144,0.0038020383648419177,-0.040419749100606896,0.30749980361514784,0,0,0,7.679105246681993,7.679105246681993,7.260218056653198,4.03565599937772
forward_right,42.78,0.30000000000000004,-0.15000000000000002,0.0,0.24011115550394843,-0.03720046540883904,-0.01665511572169272,0.11532351136162014,-0.0018764879279322387,-0.03792574156954878,0.3073455285338861,0,0,0,6.623459182072328,6.623459182072328,7.254806636473248,4.5337719925503865
forward_right,42.800000000000004,0.30000000000000004,-0.15000000000000002,0.0,0.23809517842848468,-0.032570182952997025,0.0012124821780560074,0.031277701082008925,-0.007061303123213708,-0.03048029917439209,0.30730144874795956,0,1,0,5.648868554774263,5.648868554774263,7.282773682951444,4.816564350103083
forward_right,42.82,0.30000000000000004,-0.15000000000000002,0.0,0.24422580826376777,-0.04821263169876827,0.025050182088155938,-0.04320092165650039,-0.006558190326294506,-0.025317736201105213,0.3077520474996589,0,1,0,6.111151622103497,6.111151622103497,7.346389479091478,0.9559383631231655
forward_right,42.84,0.30000000000000004,-0.15000000000000002,0.0,0.2561577029903914,-0.07629465037513986,0.02548009469766042,-0.027489079165305533,-0.003872206580196063,-0.02070938394843333,0.3084090995952164,0,1,0,7.0422516027556235,7.0422516027556235,7.434361857239683,1.8734218561139824
forward_right,42.86,0.30000000000000004,-0.15000000000000002,0.0,0.2595508497630397,-0.1027432023034861,0.01554735369044875,0.07950869542800205,0.001870982358036676,-0.01692658252387286,0.3088951095391012,0,0,0,7.670057170633187,7.670057170633187,7.497602952923483,2.7104722818705667
forward_right,42.88,0.30000000000000004,-0.15000000000000002,0.0,0.2471293960019271,-0.11904970919439455,0.0028010480206238702,0.1726179710695766,0.007655275329191225,-0.01314737676027468,0.30906599871740625,0,0,0,8.372571889697035,8.372571889697035,7.502654955063694,3.971925277601314
forward_right,42.9,0.30000000000000004,-0.15000000000000002,0.0,0.23547643193092563,-0.12862194808598634,-0.0034304147956087023,0.18129833608508253,0.008994514959561615,-0.012097519945269955,0.3090026848556179,0,0,0,9.041967650416435,9.041967650416435,7.507459684319702,5.478031182216777
forward_right,42.92,0.30000000000000004,-0.15000000000000002,0.0,0.2287007201327674,-0.12888130415003757,-0.002163169138317569,0.11559611217062296,0.0046663867338606006,-0.016589688667015743,0.3089153793757217,0,0,0,9.824869940395812,9.824869940395812,7.524444324494599,5.531832195245986
forward_right,42.94,0.30000000000000004,-0.15000000000000002,0.0,0.21766276654502906,-0.12615358620745357,0.011951350314311625,0.07281687094818623,-6.594359590400942e-05,-0.024234092462205398,0.3090756425233479,0,0,0,10.37070466027669,10.37070466027669,7.650309307938869,4.177368250802455
forward_right,42.96,0.30000000000000004,-0.15000000000000002,0.0,0.2030151719479922,-0.12108476010774175,0.029613119604778568,0.055455354534277766,-0.002890627130102834,-0.0315034351644721,0.3096388105513934,0,0,0,10.220293704440625,10.220293704440625,7.741980279861149,3.091678515353567
forward_right,42.980000000000004,0.30000000000000004,-0.15000000000000002,0.0,0.18876766910613266,-0.11551799959963727,0.04143682574739215,0.047925865552824264,-0.0029340099232029004,-0.03607739977430323,0.3105364287114419,0,0,0,9.60525297617309,9.60525297617309,7.614528063353831,3.172039723454782
forward_right,43.0,0.30000000000000004,-0.15000000000000002,0.0,0.17966786890372977,-0.11068379654278755,0.0396836669218924,0.041149966417927675,-0.00034109910711175196,-0.038115076336893115,0.31153210959797684,0,0,0,8.831253698598966,8.831253698598966,7.516462747745141,3.175774205127991
forward_right,43.02,0.30000000000000004,-0.15000000000000002,0.0,0.17729521437787127,-0.10753318744904747,0.025703252966908813,0.021533821297867954,0.003589270738036674,-0.03903697450136525,0.3123428394899271,0,0,0,8.322019997670964,8.322019997670964,7.457694408430601,2.600404486823315
forward_right,43.04,0.30000000000000004,-0.15000000000000002,0.0,0.18241303709443143,-0.10275303932162592,0.0027641864763290683,-0.022655303920891948,0.007908699153953834,-0.03917549546421736,0.3127633885732932,0,0,0,8.088226343106147,8.088226343106147,7.425400053353204,2.8430862896409916
forward_right,43.06,0.30000000000000004,-0.15000000000000002,0.0,0.18643563424503362,-0.10707000683175277,-0.0032006333041196267,-0.013621037207761606,0.01566044164397269,-0.03529198792891145,0.3128652072012126,0,0,0,7.5130842394861155,7.5130842394861155,7.405661808935594,2.769733498535712
forward_right,43.08,0.30000000000000004,-0.15000000000000002,0.0,0.20471048677843656,-0.1155383107898714,-0.028915447428256868,-0.08048193844261604,0.024627842670272883,-0.02744585757726668,0.31263854386029316,0,0,0,7.026356077305989,7.026356077305989,7.40431465437652,3.1968430453471326
forward_right,43.1,0.30000000000000004,-0.15000000000000002,0.0,0.2212652208894542,-0.11609293526529271,-0.04463015085703349,-0.17530420822578466,0.030610233105981575,-0.01853123693210105,0.3117514073935142,0,1,0,6.337556086794557,6.337556086794557,7.425279848664591,3.276162949067372
forward_right,43.12,0.30000000000000004,-0.15000000000000002,0.0,0.2266230001855119,-0.09798209625413656,-0.01542898561105424,-0.18002356370546183,0.024521216565877628,-0.015996618082083143,0.31124836700859776,0,1,0,6.304339180017629,6.304339180017629,7.46597750258486,2.072589291845255
forward_right,43.14,0.30000000000000004,-0.15000000000000002,0.0,0.22873664306506875,-0.0798181387330821,-0.019402015275945747,-0.19175217068604314,0.018422282184042096,-0.016141957490575422,0.3109479624780272,0,0,0,7.450349023922027,7.450349023922027,7.5494416134185975,2.571588539575364
forward_right,43.160000000000004,0.30000000000000004,-0.15000000000000002,0.0,0.22956470817546265,-0.0632561096345659,-0.04579553407565137,-0.2644815258036974,0.015856133772510512,-0.017191403774470666,0.3103204830556123,0,0,0,8.577544491507025,8.577544491507025,7.627262745800877,7.019149632737372
forward_right,43.18,0.30000000000000004,-0.15000000000000002,0.0,0.2248354046720275,-0.05389192506029905,-0.06217650652454733,-0.32583215826851636,0.012885299157733345,-0.021012649581300474,0.3092880743389593,0,0,0,9.820484476751254,9.820484476751254,7.7366429165993225,7.533208091087793
forward_right,43.2,0.30000000000000004,-0.15000000000000002,0.0,0.2221760499281645,-0.054350635808168846,-0.05896589152218904,-0.20074894347566052,0.0074242331005792235,-0.028679954909790563,0.30814073139574605,0,0,0,10.992543526671826,10.992543526671826,7.650798337950427,5.5846474099460846
forward_right,43.22,0.30000000000000004,-0.15000000000000002,0.0,0.2217722243004278,-0.06161643884844765,-0.04544525836211469,-0.021702178873009882,0.005346016683805392,-0.037825870026184004,0.3072434731016417,0,0,0,11.329793815491765,11.329793815491765,7.499254181026178,3.555520496698516
forward_right,43.24,0.30000000000000004,-0.15000000000000002,0.0,0.22213470046847827,-0.07221099456615127,-0.038351985537916175,0.1444388532450881,0.006863213573286881,-0.04619903538998458,0.3066212201437722,0,0,0,10.917762479192941,10.917762479192941,7.318901697083437,3.2435759617930273
forward_right,43.26,0.30000000000000004,-0.15000000000000002,0.0,0.22755992703675496,-0.08445649683926709,-0.043537601604690376,0.27520161474073385,0.01020381403511331,-0.054454284042081524,0.30605174852281697,0,0,0,10.365801091983595,10.365801091983595,7.157299026784116,2.9743522569211187
forward_right,43.28,0.30000000000000004,-0.15000000000000002,0.0,0.2370187543283726,-0.09864719450953033,-0.062137478664011814,0.3897899342829345,0.015248044314729358,-0.0633507462146738,0.3052665041523522,0,0,0,9.868020891155576,9.868020891155576,7.0282166740216105,3.009359899696275
forward_right,43.300000000000004,0.30000000000000004,-0.15000000000000002,0.0,0.2399471594666484,-0.09211761825539366,-0.043984663046607884,0.2819993896469591,0.016426840365095178,-0.06820719814922005,0.3043696448103674,0,0,0,8.897669782945764,8.897669782945764,6.927705402387193,2.5307540153614982
forward_right,43.32,0.30000000000000004,-0.15000000000000002,0.0,0.2575942225410944,-0.0664877345822786,-0.038510112680494285,0.1336632449763101,0.007835140728845525,-0.06208710292605775,0.3039470716709289,0,0,0,7.550919492916424,7.550919492916424,6.858994911878199,3.035232528969634
forward_right,43.34,0.30000000000000004,-0.15000000000000002,0.0,0.28782715375100215,-0.04379006680862736,-0.06481320311552469,0.06846466554452343,-0.004694392764777664,-0.051183074309232086,0.30322580945385763,0,0,0,6.562542520381019,6.562542520381019,6.857732764669617,3.207135726103907
forward_right,43.36,0.30000000000000004,-0.15000000000000002,0.0,0.30241260677929843,-0.04582992952644413,-0.040304833721284815,0.11256854455580008,-0.006905670795501355,-0.041301513541769815,0.30224340220830603,0,1,0,6.515074930157907,6.515074930157907,6.8946646812228956,3.2799529713194504
forward_right,43.38,0.30000000000000004,-0.15000000000000002,0.0,0.30302851958736854,-0.07036537536804341,0.017685289168649348,0.1251708938936931,-0.001611069900266321,-0.037602402864016844,0.30233194477698305,0,1,0,7.53115659850101,7.53115659850101,6.962435579079838,1.421960752513176
forward_right,43.4,0.30000000000000004,-0.15000000000000002,0.0,0.2904474050143892,-0.09794633498744293,0.06004826381572245,0.089115563518342,0.004495928579299273,-0.03274703384089805,0.30340891986643864,0,1,0,8.600311056317622,8.600311056317622,7.049939526599857,1.5299597071353936
forward_right,43.42,0.30000000000000004,-0.15000000000000002,0.0,0.2626229132941928,-0.11160905088252816,0.0691644336621612,0.018113814958165744,0.010868762683440973,-0.02540983595281327,0.3048702409706674,0,0,0,8.232379559445802,8.232379559445802,7.135813585188192,4.087802469932358
forward_right,43.44,0.30000000000000004,-0.15000000000000002,0.0,0.23514959054912818,-0.12802538403333147,0.05148022443147163,-0.0001900376761281644,0.01450437588894468,-0.01806916725749698,0.30606725499959214,0,0,0,8.360342033479782,8.360342033479782,7.220520311424263,4.284562661841967
forward_right,43.46,0.30000000000000004,-0.15000000000000002,0.0,0.2146824251195433,-0.14063637667668877,0.03286785870431895,-0.00942953908341224,0.013076528047416896,-0.01505170487081036,0.30685347348154207,0,0,0,8.12987163568933,8.12987163568933,7.315258622787116,3.5599352017446293
forward_right,43.480000000000004,0.30000000000000004,-0.15000000000000002,0.0,0.19199191472466334,-0.150294734231648,0.03269567545552348,-0.00861121172485991,0.011286059759432794,-0.015470509850134241,0.3074863662857868,0,0,0,7.542400625321647,7.542400625321647,7.456867364490929,3.1550391713508934
forward_right,43.5,0.30000000000000004,-0.15000000000000002,0.0,0.1709002242256024,-0.15833761111970038,0.03992862141031438,0.01955099689075497,0.010947881201288728,-0.017499219320097535,0.30824478122787863,0,0,0,7.880404499481498,7.880404499481498,7.564442551628549,3.150712169463219
forward_right,43.52,0.30000000000000004,-0.15000000000000002,0.0,0.15556596730966174,-0.16330999342147517,0.04104459684782327,0.07647954927577282,0.010855437837177635,-0.020507344783075244,0.30911919318485925,0,0,0,8.288621914302327,8.288621914302327,7.6020186428276695,3.153146266368491
forward_right,43.54,0.30000000000000004,-0.15000000000000002,0.0,0.14891721978215058,-0.16282936157286362,0.034815639490916026,0.12014887759358428,0.01046567747509249,-0.02347725866746959,0.3099475011813944,0,0,0,8.488206665354788,8.488206665354788,7.601918197161911,3.0861291059467693
forward_right,43.56,0.30000000000000004,-0.15000000000000002,0.0,0.15165688810628264,-0.15849962917572114,0.01938036646640587,0.12121825049648444,0.010566452524892965,-0.02536974049680189,0.31055837932780483,0,0,0,8.542564674574278,8.542564674574278,7.6018227503534455,2.6008811646892696
forward_right,43.58,0.30000000000000004,-0.15000000000000002,0.0,0.1591987866009922,-0.15846064464415716,0.02369274362768176,0.09022677495551698,0.018334745963337593,-0.023147370192843145,0.3110844956435128,0,0,0,8.203189026425644,8.203189026425644,7.601732053549497,2.445251229126163
forward_right,43.6,0.30000000000000004,-0.15000000000000002,0.0,0.18586499218736943,-0.15935853587822546,0.0012983981364129943,-0.01427915952109574,0.028549059281523067,-0.01851107690653737,0.31134924314863854,0,0,0,7.903347092655952,7.903347092655952,7.601645870293012,2.9516273773411257
forward_right,43.62,0.30000000000000004,-0.15000000000000002,0.0,0.2094655513995186,-0.14706235355964645,-0.003472028635769385,-0.1485130509026983,0.032002002542899484,-0.013826875504206398,0.3111042203089737,0,1,0,7.539919118174816,7.539919118174816,7.601563975904497,3.95270095315357
forward_right,43.64,0.30000000000000004,-0.15000000000000002,0.0,0.22534221311317448,-0.11789850988882353,0.025894297884854447,-0.1747470803344497,0.02323257704639259,-0.013772584817502872,0.31142316818437565,0,1,0,6.098318593576461,6.098318593576461,7.610491902067537,1.3366516091409313
forward_right,43.660000000000004,0.30000000000000004,-0.15000000000000002,0.0,0.2442414981807157,-0.08754793739836161,0.024300155901147476,-0.21301579141262647,0.01713475227616073,-0.015900547726861856,0.3119441134582557,0,0,0,6.893364184721499,6.893364184721499,7.655642917681661,3.770973937176857
forward_right,43.68,0.30000000000000004,-0.15000000000000002,0.0,0.25552071815440347,-0.0703352187342739,0.0114367382485357,-0.2667155101501316,0.015283860841583336,-0.0181738533127446,0.31222027998474233,0,0,0,8.315015746659562,8.315015746659562,7.653973847713491,9.39873242087988
forward_right,43.7,0.30000000000000004,-0.15000000000000002,0.0,0.2592029454454165,-0.059241437934887696,-0.014183123331524468,-0.30446478626877116,0.020394306493482645,-0.02008507628685687,0.3121586390893915,0,0,0,9.569934401781833,9.569934401781833,7.636988328687387,12.101889073343353
forward_right,43.72,0.30000000000000004,-0.15000000000000002,0.0,0.2575300778242891,-0.05136141628096713,-0.03313689923670995,-0.3326300450240963,0.02425430227387756,-0.02565435692975887,0.31163564801692495,0,0,0,9.245570889654006,9.245570889654006,7.607718598550711,10.769545129490469
forward_right,43.74,0.30000000000000004,-0.15000000000000002,0.0,0.26006630473380327,-0.05737263757543475,-0.043428967327353976,-0.16163611592467203,0.025525289475421264,-0.0355558630534833,0.31090076292439,0,0,0,10.148050531894388,10.148050531894388,7.546944876384096,4.116944325162674
forward_right,43.76,0.30000000000000004,-0.15000000000000002,0.0,0.26245754201330174,-0.07042553781082239,-0.042182895669098414,0.041252914706937115,0.028371288467024407,-0.04657724129219241,0.31019805263008265,0,0,0,10.507537116168878,10.507537116168878,7.439748163482925,3.721508636105638
forward_right,43.78,0.30000000000000004,-0.15000000000000002,0.0,0.26222447703094015,-0.08675172335580819,-0.04081470147627779,0.22303851146635015,0.031753994095261646,-0.055129822530314176,0.3095778932791762,0,0,0,10.089403176426945,10.089403176426945,7.306807410319699,3.749495798312749
forward_right,43.800000000000004,0.30000000000000004,-0.15000000000000002,0.0,0.2653115965369959,-0.10253887314841918,-0.0459696741121708,0.378072564830145,0.03540430101004958,-0.061408559912879225,0.30894313456793143,0,0,0,9.22652266641496,9.22652266641496,7.18852715655763,3.659701353246641
forward_right,43.82,0.30000000000000004,-0.15000000000000002,0.0,0.2721767772470267,-0.1186045941872018,-0.05942357322378429,0.5240233527088656,0.039487069407314716,-0.06699054030737424,0.30815538956586386,0,0,0,8.461575688712506,8.461575688712506,7.112457444027935,2.862248254557759
forward_right,43.84,0.30000000000000004,-0.15000000000000002,0.0,0.2692296757685572,-0.0996933715952301,-0.028908660630948983,0.35121031273651293,0.035802844078436626,-0.06440860638742331,0.3076326323209857,0,0,0,6.780109418304648,6.780109418304648,7.0743476571791355,2.191523957929309
forward_right,43.86,0.30000000000000004,-0.15000000000000002,0.0,0.28576373687870815,-0.0754888516383055,-0.04689507176337938,0.236699572977733,0.027672857679745838,-0.05454929525570544,0.30717359756654744,0,0,0,6.253406870339617,6.253406870339617,7.095450819779323,2.191523957929309
forward_right,43.88,0.30000000000000004,-0.15000000000000002,0.0,0.30885077842749503,-0.05121576261259364,-0.08180120263263621,0.19973073079216805,0.017854474866362133,-0.04200586542503107,0.3061318825549953,0,1,0,6.158359711257068,6.158359711257068,7.165989323008677,3.07722067614757
forward_right,43.9,0.30000000000000004,-0.15000000000000002,0.0,0.31217967986812367,-0.05765653885966985,-0.02327492096489732,0.156064149689391,0.021100314429924223,-0.03402427094504862,0.3053082292090533,0,1,0,7.1127530286752085,7.1127530286752085,7.259461874523108,2.73416739798735
forward_right,43.92,0.30000000000000004,-0.15000000000000002,0.0,0.3068610744115847,-0.07810080031825797,0.03256193405564864,0.1522830206853907,0.02936977167686194,-0.03121472142124566,0.3056663711151432,0,1,0,7.700436663196236,7.700436663196236,7.366753835036693,1.2411507038628242
forward_right,43.94,0.30000000000000004,-0.15000000000000002,0.0,0.2829396753488021,-0.09668901225155453,0.05669026810633962,0.10080020537696961,0.03827443936262417,-0.02778286283882272,0.30674273844945904,0,0,0,8.19817654447955,8.19817654447955,7.419937639248062,1.628040502495252
forward_right,43.96,0.30000000000000004,-0.15000000000000002,0.0,0.24568315019170522,-0.11669507726892542,0.059999175042420236,0.1049116692075235,0.046046978124524233,-0.022738727590466273,0.3079063726919022,0,0,0,7.8725724268477135,7.8725724268477135,7.428765294964695,4.255889706048476
forward_right,43.980000000000004,0.30000000000000004,-0.15000000000000002,0.0,0.2276479166404814,-0.1402860426853565,0.03608547820846893,0.11975456384033362,0.05068137197934062,-0.0207924958945953,0.3087185568546732,0,0,0,7.655827784917912,7.655827784917912,7.437166226263024,5.885136670335308
forward_right,44.0,0.30000000000000004,-0.15000000000000002,0.0,0.21757675699693674,-0.15441688400562298,0.02624975662103581,0.07327737121105188,0.050192323939374964,-0.025450071927593278,0.30919645224962894,0,0,0,8.568106000374716,8.568106000374716,7.5273820338344954,5.733576257024421
forward_right,44.02,0.30000000000000004,-0.15000000000000002,0.0,0.20217757249367774,-0.16225520345344666,0.03464031162728494,-0.011749794769899045,0.04788800528083559,-0.031211246622210087,0.3097453271652158,0,0,0,8.956897753929514,8.956897753929514,7.654731573904421,3.8175405114292538
forward_right,44.04,0.30000000000000004,-0.15000000000000002,0.0,0.1841778453619765,-0.1680479769570853,0.045986078782981964,-0.0854879546418716,0.04589292081547242,-0.03411651849765182,0.3105592920962977,0,0,0,8.653407826047667,8.653407826047667,7.7575267878238385,3.3003895132042245
forward_right,44.06,0.30000000000000004,-0.15000000000000002,0.0,0.1722741916550857,-0.1734481753109932,0.03911849898448826,-0.13794983256859814,0.04545816499231642,-0.034351853971824595,0.3114090602372425,0,0,0,8.071463392050843,8.071463392050843,7.72918781348384,3.0974280980270743
forward_right,44.08,0.30000000000000004,-0.15000000000000002,0.0,0.16927100934097083,-0.1752934984154072,0.01230027384299665,-0.18993599467286926,0.046701462721592354,-0.03247067533650825,0.3118871089513298,0,0,0,7.595042297195277,7.595042297195277,7.7036933830161125,2.5040516445322902
forward_right,44.1,0.30000000000000004,-0.15000000000000002,0.0,0.17464638170021726,-0.17351906859770383,-0.030573600102792187,-0.23554999109280444,0.05015158002087146,-0.027643866266711024,0.3116223746293176,0,0,0,7.552152961410653,7.552152961410653,7.698490855632844,2.656781839813337
forward_right,44.12,0.30000000000000004,-0.15000000000000002,0.0,0.1861258611945071,-0.1719497274269104,-0.07574907358365761,-0.2636156668480288,0.05568897585808006,-0.018713253278598234,0.3103938298096587,0,0,0,7.586481629418202,7.586481629418202,7.6935514393357565,3.0401815850219043
forward_right,44.14,0.30000000000000004,-0.15000000000000002,0.0,0.21649169613894761,-0.17631273061974095,-0.12717451571766092,-0.34091095876236266,0.06382790288254571,-0.004798863349549447,0.30820258955855734,0,1,0,7.53157012405402,7.53157012405402,7.693235214229482,3.525949737243388
forward_right,44.160000000000004,0.30000000000000004,-0.15000000000000002,0.0,0.21702816674353617,-0.13570393052908264,-0.05029397464098497,-0.26697559476380567,0.05645731302114919,0.0034913439248641866,0.3062188853132706,0,1,0,8.4405416621527,8.4405416621527,7.695908486740652,4.550584026561557
forward_right,44.18,0.30000000000000004,-0.15000000000000002,0.0,0.22399780593936258,-0.0951686961738698,0.022102215482663733,-0.21929696379560434,0.04687057355802006,0.003804592099663737,0.30594522547012903,0,1,0,8.88792564992135,8.88792564992135,7.704344678905695,1.7338788229685007
forward_right,44.2,0.30000000000000004,-0.15000000000000002,0.0,0.23607262809757265,-0.060343087602196734,0.0555379948436422,-0.2348496290845734,0.039339947010188094,-0.00010390158239218143,0.30674493695563615,0,1,0,8.916651033128678,8.916651033128678,7.739539896170626,1.2996676189944933
forward_right,44.22,0.30000000000000004,-0.15000000000000002,0.0,0.2434403468578745,-0.038154738251146535,0.046363567616800556,-0.3450552758459363,0.03545387231455458,-0.0036553729224063805,0.307829416543487,0,0,0,7.525807378857427,7.525807378857427,7.732518453327156,3.3334860188359547
forward_right,44.24,0.30000000000000004,-0.15000000000000002,0.0,0.24575839887885123,-0.026614166350854604,0.004498920858374356,-0.5127827222699521,0.03399466396308036,-0.0068399337287681555,0.3083736394450566,0,0,0,7.9530507695321155,7.9530507695321155,7.725854120432562,4.564986235620587
forward_right,44.26,0.30000000000000004,-0.15000000000000002,0.0,0.2387159995896103,-0.027963111825905586,-0.02113554414092937,-0.5009079934768292,0.028932739681224267,-0.012501038095805118,0.30822476054530284,0,0,0,9.168762577410552,9.168762577410552,7.711312388736925,4.459495434970234
forward_right,44.28,0.30000000000000004,-0.15000000000000002,0.0,0.23594693650754595,-0.032157082152895845,-0.025565571815442095,-0.34473252028538226,0.02291627559290017,-0.0206150340095798,0.3077935188291911,0,0,0,10.119121608291202,10.119121608291202,7.655898922959384,4.300546132771447
forward_right,44.300000000000004,0.30000000000000004,-0.15000000000000002,0.0,0.2307400666820125,-0.037886651001929665,-0.016579337444137636,-0.18276970462494346,0.020348738162878483,-0.028762769662457013,0.30748121735569145,0,0,0,10.357718083096573,10.357718083096573,7.547896860333722,3.667875855986015
forward_right,44.32,0.30000000000000004,-0.15000000000000002,0.0,0.22700890799104897,-0.04427252016018206,-0.007758849849608013,-0.04508560066751384,0.02002795924456769,-0.03603468523706666,0.3074116090799894,0,0,0,9.903792233690556,9.903792233690556,7.421134362764587,2.8641598672231954
forward_right,44.34,0.30000000000000004,-0.15000000000000002,0.0,0.22498273544476738,-0.050273764373156435,-0.007433468660352229,0.08397646787790748,0.020765244527174726,-0.04234898599076711,0.3074721830796265,0,0,0,9.13860797560547,9.13860797560547,7.311624462364669,2.290005083237969
forward_right,44.36,0.30000000000000004,-0.15000000000000002,0.0,0.2250733238357048,-0.05901598720131799,-0.020676264726124032,0.1931828606686983,0.02153443808103339,-0.047559170547348255,0.3074077596643073,0,0,0,8.542859982882774,8.542859982882774,7.239422736325842,2.725606676656995
forward_right,44.38,0.30000000000000004,-0.15000000000000002,0.0,0.2278664408926334,-0.06944305366803703,-0.04292643810954855,0.26393167935678047,0.02289448029276789,-0.05109380181725691,0.306946733280124,0,0,0,8.086128172319025,8.086128172319025,7.198380830415626,2.884791633785153
forward_right,44.4,0.30000000000000004,-0.15000000000000002,0.0,0.24032007607437753,-0.057022520809783914,-0.04251553771122731,0.24300382051241737,0.01718987512443135,-0.047631817141031076,0.3063787347647496,0,0,0,6.97739044972675,6.97739044972675,7.179805688679476,2.9030587632637546
forward_right,44.42,0.30000000000000004,-0.15000000000000002,0.0,0.26546821272664173,-0.047312519758537695,-0.0645233941719527,0.30718727248693156,0.009323618811524182,-0.03844625947830141,0.3054547366085364,0,1,0,6.068727638694191,6.068727638694191,7.1972840473987,2.975986948549652
forward_right,44.44,0.30000000000000004,-0.15000000000000002,0.0,0.2826209163468191,-0.06451774713530078,-0.009043953311125147,0.2606731104489961,0.009950478013798303,-0.03226123023424966,0.30494425565905336,0,1,0,8.131564621292926,8.131564621292926,7.2484776028269025,2.5034482092470247
forward_right,44.46,0.30000000000000004,-0.15000000000000002,0.0,0.29145704449414245,-0.09222012011428297,0.03335716659281505,0.22148223063806172,0.013625561149714777,-0.02739738674655348,0.3054225681576616,0,1,0,8.233322308921728,8.233322308921728,7.327382642139877,1.9841984677485367
forward_right,44.480000000000004,0.30000000000000004,-0.15000000000000002,0.0,0.2800517789577431,-0.11903053934249533,0.05974370761544998,0.18390421937886725,0.01880622442414358,-0.021630810355111472,0.3065381137205082,0,0,0,9.00276159989986,9.00276159989986,7.407524383430836,1.764321068148386
forward_right,44.5,0.30000000000000004,-0.15000000000000002,0.0,0.258779738555938,-0.13900994564712246,0.051604958590980785,0.22190562822308332,0.02355319070781664,-0.017069604159211042,0.3077055111111387,0,0,0,8.57427576005186,8.57427576005186,7.416951039598764,3.7354646527662445
forward_right,44.52,0.30000000000000004,-0.15000000000000002,0.0,0.24601382455804546,-0.15279780957680203,0.03941951434933443,0.23472267967915084,0.022825977087692288,-0.018661949037406627,0.3085535763182123,0,0,0,7.945691918656804,7.945691918656804,7.453777899952332,4.305688130023197
forward_right,44.54,0.30000000000000004,-0.15000000000000002,0.0,0.23170809200900874,-0.1588516975554555,0.04330249765515984,0.20216327902522727,0.01902183186397361,-0.02412887911626011,0.3093620901533311,0,0,0,8.594967785207205,8.594967785207205,7.57505857828837,4.297308721833913
forward_right,44.56,0.30000000000000004,-0.15000000000000002,0.0,0.21537749280254986,-0.1609434392331512,0.0576117585206222,0.15273219511690553,0.01531574557961733,-0.029009858924990257,0.3104386036421739,0,0,0,8.65472980564684,8.65472980564684,7.710944612710037,3.5594964334676593
forward_right,44.58,0.30000000000000004,-0.15000000000000002,0.0,0.19881472821701504,-0.16355831021009296,0.06730437283348283,0.11872736421071958,0.014304785061965093,-0.03127560491535282,0.31181162012180086,0,0,0,8.13711345371561,8.13711345371561,7.794236740945454,3.161769503454349
forward_right,44.6,0.30000000000000004,-0.15000000000000002,0.0,0.1883947791515191,-0.16550463088416983,0.06163626565066908,0.07666009110105743,0.015754164737279842,-0.0315391420016013,0.31321729761407135,0,0,0,7.5723273570444265,7.5723273570444265,7.79757781142462,3.434364738690953
forward_right,44.62,0.30000000000000004,-0.15000000000000002,0.0,0.18787641780133024,-0.16573651702720976,0.04083673420945876,0.026209782684193488,0.018877748258922262,-0.030412845183256605,0.3143244310065739,0,0,0,7.209675347095828,7.209675347095828,7.787589043988554,2.959167132417222
forward_right,44.64,0.30000000000000004,-0.15000000000000002,0.0,0.1961471758312051,-0.16310606047251036,0.008628001278307037,-0.026808394389003433,0.024015451965808076,-0.02764284758165083,0.31486004246446403,0,0,0,7.1274134523824495,7.1274134523824495,7.778112952052346,2.962232625997399
forward_right,44.660000000000004,0.30000000000000004,-0.15000000000000002,0.0,0.21046619127094085,-0.16090930992208524,-0.021725206940737773,-0.08542298987264661,0.03041197342707324,-0.022178583026913674,0.31468125451822426,0,0,0,7.150461963167785,7.150461963167785,7.769122461998464,2.802560874664971
forward_right,44.68,0.30000000000000004,-0.15000000000000002,0.0,0.23890296799614433,-0.16118621333152353,-0.05833970823823714,-0.22923841146916252,0.03910787881069792,-0.01345309303748264,0.31385899279699925,0,1,0,7.002830078854682,7.002830078854682,7.7605920053188555,3.341881416675797
forward_right,44.7,0.30000000000000004,-0.15000000000000002,0.0,0.24739641743077492,-0.1330541882473129,-0.020356663509541857,-0.2646095710441233,0.035722874349932494,-0.007838488538100477,0.3130393433254861,0,1,0,6.370916885226753,6.370916885226753,7.806402481991459,2.646144492009251
forward_right,44.72,0.30000000000000004,-0.15000000000000002,0.0,0.25456050715291195,-0.09943054018793365,-0.007616413565300048,-0.2628059229760836,0.028486221889309077,-0.007582603333077756,0.3127788006342331,0,1,0,7.179356537922936,7.179356537922936,7.795960101484937,1.2034089410912083
forward_right,44.74,0.30000000000000004,-0.15000000000000002,0.0,0.2570789612090088,-0.07277173712730127,-0.010401904724173844,-0.2884303724545248,0.023890122967603913,-0.009006307482914736,0.3126058048761722,0,0,0,7.967170996481707,7.967170996481707,7.78605441919856,1.531083560638362
forward_right,44.76,0.30000000000000004,-0.15000000000000002,0.0,0.25766469224924254,-0.0597233846170984,-0.030714046084746018,-0.3571224257179136,0.021575525272506016,-0.011668367901862122,0.31222742898434863,0,0,0,8.729082100036987,8.729082100036987,7.776657019263485,3.1223081075222288
forward_right,44.78,0.30000000000000004,-0.15000000000000002,0.0,0.2553632493183517,-0.05951376461765368,-0.044680819003987786,-0.26875728167676954,0.018535139176896715,-0.017776414367492673,0.3114748546320895,0,0,0,9.745061787763944,9.745061787763944,7.728237062248379,3.785534543205294
forward_right,44.800000000000004,0.30000000000000004,-0.15000000000000002,0.0,0.25665653481131784,-0.06437243084544693,-0.043033698788773944,-0.0857245276772917,0.016580679511753713,-0.026605486000238168,0.31066062489485136,0,0,0,10.313156872341414,10.313156872341414,7.642114383751547,3.434499519667341
forward_right,44.82,0.30000000000000004,-0.15000000000000002,0.0,0.2562101612518233,-0.07146281278688416,-0.03318011341486156,0.08268625247148051,0.01734290913850714,-0.03572840993095784,0.31004846393864144,0,0,0,10.282089563244597,10.282089563244597,7.520349190003941,3.1180667639760724
forward_right,44.84,0.30000000000000004,-0.15000000000000002,0.0,0.25665558511972303,-0.08082752432048307,-0.02832683333926283,0.22098919828651903,0.019670767223251215,-0.04416130717298355,0.3096531963140898,0,0,0,9.771653657065166,9.771653657065166,7.394763711371464,2.94769259021618
forward_right,44.86,0.30000000000000004,-0.15000000000000002,0.0,0.25996597760172574,-0.09207016530881314,-0.035309460143102905,0.3406169812556395,0.02182556347398792,-0.0513594498304829,0.3092804230917743,0,0,0,9.077529854525313,9.077529854525313,7.292246842168922,2.8375338023051895
forward_right,44.88,0.30000000000000004,-0.15000000000000002,0.0,0.2657064898639409,-0.10523486046438708,-0.054664373035536,0.43963082123707387,0.024521738238792667,-0.05703463893951644,0.3086590683472132,0,0,0,8.418023831397473,8.418023831397473,7.223755044958153,2.83221356921331
forward_right,44.9,0.30000000000000004,-0.15000000000000002,0.0,0.26949670256902186,-0.10936384056652532,-0.062414399272093024,0.4111980289101797,0.026886930216636,-0.059657677784469565,0.3076452015518638,0,0,0,7.619096378094322,7.619096378094322,7.187306420832041,2.7754602397447186
forward_right,44.92,0.30000000000000004,-0.15000000000000002,0.0,0.2816542653138273,-0.08584739854938772,-0.06226569548079108,0.25669861201778765,0.0211603111215309,-0.051560688811189255,0.3067412909286735,0,0,0,6.1294590817373376,6.1294590817373376,7.175406370722293,2.9417267930430127
forward_right,44.94,0.30000000000000004,-0.15000000000000002,0.0,0.3073190599542641,-0.06223356214253198,-0.08883789443124741,0.20279963774213236,0.012324126248528388,-0.03825553622388566,0.3054574697377933,0,0,0,5.952263708609707,5.952263708609707,7.2219874060197675,2.7627391662086946
forward_right,44.96,0.30000000000000004,-0.15000000000000002,0.0,0.32106855240660553,-0.05954528525910142,-0.06737451430650783,0.21962289969041218,0.008597088420079436,-0.025404557991612255,0.3038605579305556,0,1,0,7.04387952753431,7.04387952753431,7.299600621349136,3.346576951087224
forward_right,44.980000000000004,0.30000000000000004,-0.15000000000000002,0.0,0.31842133465350625,-0.08267168750850636,-0.0022869450268567723,0.22381673346513078,0.013694291220796765,-0.02053823074327531,0.3033803057983732,0,1,0,8.230708440620297,8.230708440620297,7.397082306021822,2.015042655685858
forward_right,45.0,0.30000000000000004,-0.15000000000000002,0.0,0.29849246850327416,-0.10647955469247457,0.045819504168120466,0.17508997719595734,0.01859078467446192,-0.01718813325791229,0.30400149028005674,0,0,0,9.306275201980721,9.306275201980721,7.464398163776075,1.4650127304048108
backward_left,45.02,-0.30000000000000004,0.15000000000000002,0.0,0.2636532243319971,-0.12005116234014791,0.0649895986349219,0.16617075380523252,0.022689855881340128,-0.011960290907804502,0.30512830111528,0,0,0,8.683026822532973,8.683026822532973,7.483772757379235,4.06934601279467
backward_left,45.04,-0.30000000000000004,0.15000000000000002,0.0,0.2406155764454056,-0.13539640563233074,0.04512524321911938,0.1594254910288803,0.021856430471597986,-0.008149609871457335,0.3061608623510126,0,0,0,8.268074858969605,8.268074858969605,7.4929046524621405,5.490122199872132
backward_left,45.06,-0.30000000000000004,0.15000000000000002,0.0,0.23616963512922107,-0.14515746605930815,0.024538187696529715,0.1549386536405516,0.017466687688793992,-0.011994748837311286,0.306728301953639,0,0,0,8.0702399742062,8.0702399742062,7.6173208287643135,5.390291578119062
backward_left,45.08,-0.30000000000000004,0.15000000000000002,0.0,0.2245996173998341,-0.1465632751023173,0.03413311347088385,0.09068213684256286,0.01179239109904528,-0.01853622275159399,0.307286466036632,0,0,0,8.62261595687854,8.62261595687854,7.747634230172171,3.8851578464082452
backward_left,45.1,-0.30000000000000004,0.15000000000000002,0.0,0.20301912261219512,-0.14541222044372562,0.06499260934311925,-0.010780014972824683,0.006778185510803571,-0.021314386771687913,0.30836254083649256,0,0,0,8.266701107001666,8.266701107001666,7.824060760719853,2.0958635749229084
backward_left,45.12,-0.30000000000000004,0.15000000000000002,0.0,0.1749210684953285,-0.1463810587699526,0.09331265633737504,-0.11365502307693628,0.007249140155685587,-0.01818881939134674,0.31007468825089496,0,0,0,6.849158767339388,6.849158767339388,7.826881647800647,2.653427760034975
backward_left,45.14,-0.30000000000000004,0.15000000000000002,0.0,0.14245277740164966,-0.14915430734621024,0.09890080536851047,-0.21330992300681392,0.01521943531172385,-0.009165598141322338,0.3120746694979925,0,0,0,5.7611107442483585,5.7611107442483585,7.815384100754663,2.621648594969874
backward_left,45.160000000000004,-0.30000000000000004,0.15000000000000002,0.0,0.1062864444175799,-0.156254986897413,0.06960430989895273,-0.31757073484289355,0.02855588584561378,0.006612275276071576,0.313757581170226,0,0,0,5.1784624071188805,5.1784624071188805,7.804479379085283,3.0647916942032527
backward_left,45.18,-0.30000000000000004,0.15000000000000002,0.0,0.06896969525138148,-0.14304700718737456,0.0690545719464751,-0.3231364005334119,0.034153814798969555,0.022187717407550413,0.3150835731513646,0,0,0,5.9248304493525135,5.9248304493525135,7.794135906313496,3.83112215091037
backward_left,45.2,-0.30000000000000004,0.15000000000000002,0.0,0.03904408375531719,-0.1091295942530312,0.028397994985286043,-0.26988756076350195,0.030852636553663465,0.030526199567975552,0.3160121091611465,0,0,0,7.71321971477008,7.71321971477008,7.784323888297703,6.138404532265872
backward_left,45.22,-0.30000000000000004,0.15000000000000002,0.0,0.005617433336241696,-0.07960031137832549,0.005196970290078544,-0.10776962171164849,0.021418753779313893,0.030606615629278276,0.3161105837302053,0,0,0,8.923383579254834,8.923383579254834,7.775015202683399,8.359844102691905
backward_left,45.24,-0.30000000000000004,0.15000000000000002,0.0,-0.019048360619719505,-0.06202011097871373,0.0013330970749450884,0.09290058696769837,0.010309162529575963,0.02908646880074612,0.31594767314053696,0,0,0,8.05635568474544,8.05635568474544,7.790985066283039,7.726179580341048
backward_left,45.26,-0.30000000000000004,0.15000000000000002,0.0,-0.04393641687635064,-0.044305812954567474,0.009392627670515474,0.29471467487909236,0.0001552612204395894,0.02895192648585589,0.31591082290376055,0,0,0,7.920742851361984,7.920742851361984,7.809982872671686,9.613981622479171
backward_left,45.28,-0.30000000000000004,0.15000000000000002,0.0,-0.07491318816024564,-0.02093725577064631,0.019242309715187055,0.4242466156099811,-0.007399626261834851,0.028642752365518203,0.31613613350556136,0,0,0,7.455917255616357,7.455917255616357,7.833942814624663,8.852776857123288
backward_left,45.300000000000004,-0.30000000000000004,0.15000000000000002,0.0,-0.11028830629213182,0.005941096996060459,0.02762982905996981,0.46425661063178997,-0.011693110761381052,0.026103601938600993,0.3166135378910123,0,0,0,8.233341818511047,8.233341818511047,7.911231372427412,5.072642078917561
backward_left,45.32,-0.30000000000000004,0.15000000000000002,0.0,-0.14706054220092232,0.03189845851905991,0.031228434449102276,0.41884028832487985,-0.011151948268695474,0.02099898373872388,0.3172424587258138,0,0,0,8.411536242753508,8.411536242753508,7.98792618299019,2.9322909706840865
backward_left,45.34,-0.30000000000000004,0.15000000000000002,0.0,-0.1832095767222755,0.051948239650518466,0.026980365037595308,0.3629255800325699,-0.0076980083933400455,0.014148319776248409,0.31788549942701466,0,0,0,8.166398629586281,8.166398629586281,8.054851949206473,2.6711874643415205
backward_left,45.36,-0.30000000000000004,0.15000000000000002,0.0,-0.22015561926794514,0.06799188569223312,0.012772540791895567,0.34680837224305394,-0.005143703117248634,0.006558647125647848,0.3183228581171645,0,0,0,7.675852184906152,7.675852184906152,8.12062677478636,3.3234563381550206
backward_left,45.38,-0.30000000000000004,0.15000000000000002,0.0,-0.2581850761840976,0.08412667326477859,-0.017856838097392174,0.37112313411597087,-0.0064704912918438036,-0.0015528503010898025,0.3182689646350407,0,0,0,7.0316237624351405,7.0316237624351405,8.200033558797276,3.486451523921404
backward_left,45.4,-0.30000000000000004,0.15000000000000002,0.0,-0.2936870557908121,0.10652610686545719,-0.04814536809760385,0.4151633854102109,-0.014002907662804778,-0.009798035741967864,0.31745907569987564,0,0,0,6.28813327366197,6.28813327366197,8.271096883786832,3.6073404282343535
backward_left,45.42,-0.30000000000000004,0.15000000000000002,0.0,-0.3012592004660824,0.15627610593536656,-0.05619507885820392,0.3183115689214427,-0.033126083876960775,-0.010848530657355651,0.31631620566151564,0,0,0,5.88221519458751,5.88221519458751,8.299773887156093,3.753960412064695
backward_left,45.44,-0.30000000000000004,0.15000000000000002,0.0,-0.3011103641120879,0.17877710811139322,-0.014497474364139982,0.16295205296654253,-0.036280917008522304,-0.013027144253463425,0.3154580224213036,0,0,0,8.397597900010762,8.397597900010762,8.270710121083688,2.809975450876435
backward_left,45.46,-0.30000000000000004,0.15000000000000002,0.0,-0.294596193335716,0.1787338736124185,0.001076789375075056,0.02624115817415126,-0.028218914117381057,-0.01628263481244626,0.3150337638252361,0,0,0,9.441813671658993,9.441813671658993,8.235480583091856,4.278841464292125
backward_left,45.480000000000004,-0.30000000000000004,0.15000000000000002,0.0,-0.2893805534839735,0.16910998955711812,0.0356154535620266,-0.06479334706014334,-0.017899517288919187,-0.020097844690519492,0.3151021538900107,0,0,0,9.771043406532488,9.771043406532488,8.155093491292238,7.2068012065370395
backward_left,45.5,-0.30000000000000004,0.15000000000000002,0.0,-0.2890071245475261,0.15742345688151044,0.070194661867292,-0.13786171684284218,-0.007955613734892104,-0.025212976300940885,0.3159296072691809,0,0,0,9.453816011218315,9.453816011218315,8.051656052456057,7.42623869120779
backward_left,45.52,-0.30000000000000004,0.15000000000000002,0.0,-0.2937806403640384,0.1444624185337506,0.08690390828070432,-0.16608747822265704,-0.00028863825955486146,-0.03163509334016981,0.3173253454405672,0,0,0,8.858063299358411,8.858063299358411,7.958743666356753,6.081193644880506
backward_left,45.54,-0.30000000000000004,0.15000000000000002,0.0,-0.2992863467618279,0.13324910314297866,0.08211000562371237,-0.15652488340474507,0.003112630632305767,-0.03985036742415349,0.3188222191327155,0,0,0,8.437346186846973,8.437346186846973,7.89525182717135,3.4569025092229273
backward_left,45.56,-0.30000000000000004,0.15000000000000002,0.0,-0.3049659759937821,0.12927965192041774,0.056692584522784,-0.1350644143869199,0.0006950477832645621,-0.04912171196647401,0.3199576337248987,0,0,0,8.320135750003699,8.320135750003699,7.853912507886889,4.519047177830979
backward_left,45.58,-0.30000000000000004,0.15000000000000002,0.0,-0.31009247936804035,0.13763694005571686,0.0063438384962135694,-0.13818033570975044,-0.007012805539369229,-0.056490976208314995,0.3202506612481303,0,0,0,8.170373969357763,8.170373969357763,7.820442890579173,5.4698216976095395
backward_left,45.6,-0.30000000000000004,0.15000000000000002,0.0,-0.315983488540345,0.15758204359782912,-0.0643536841961142,-0.19790346441991027,-0.018268809190768467,-0.059379644522874676,0.3192478435635508,0,0,0,7.9075470930684,7.9075470930684,7.792835455801516,6.292640521894592
backward_left,45.62,-0.30000000000000004,0.15000000000000002,0.0,-0.30695335174227384,0.1535763192571504,-0.09441816003028541,-0.21693772480802748,-0.01800665359092089,-0.051104786133226304,0.3172217297443916,0,0,0,7.193217948857667,7.193217948857667,7.775610670330643,9.500711619167443
backward_left,45.64,-0.30000000000000004,0.15000000000000002,0.0,-0.28316718519607265,0.16096803789427758,-0.09243861400158357,-0.19478286698640676,-0.019841961488403993,-0.0399213600357162,0.3148522936468911,0,0,0,6.030951711165297,6.030951711165297,7.798275112243193,9.500711619167443
backward_left,45.660000000000004,-0.30000000000000004,0.15000000000000002,0.0,-0.26258312327660244,0.17022952060311947,-0.07846095244888482,-0.06601618669422515,-0.025954920960407253,-0.03355971656033448,0.3128405654720993,0,0,0,7.533709751348731,7.533709751348731,7.884240952364777,5.727386073164997
backward_left,45.68,-0.30000000000000004,0.15000000000000002,0.0,-0.26313699769137444,0.17734078514964569,-0.05239529973045913,0.11028564011185907,-0.030241214080742408,-0.028350602362769126,0.3111752426042274,0,0,0,8.684120871836445,8.684120871836445,7.869769533603222,5.851521977548888
backward_left,45.7,-0.30000000000000004,0.15000000000000002,0.0,-0.27236548022317153,0.19470505674887262,-0.01187985800445511,0.22422968124205508,-0.035569935938747355,-0.023416928439742996,0.31021025397785545,0,0,0,9.102756791101724,9.102756791101724,7.856050981704115,7.521979448302357
backward_left,45.72,-0.30000000000000004,0.15000000000000002,0.0,-0.28315436452982956,0.21500830730926376,0.02211418184358037,0.2654000873611292,-0.04335226372694921,-0.02091685929620742,0.3099900997061204,0,0,0,9.196464440076603,9.196464440076603,7.843044522437886,7.342503063995091
backward_left,45.74,-0.30000000000000004,0.15000000000000002,0.0,-0.2980789400900275,0.2347041769419356,0.046183489441084524,0.2624398065323331,-0.05184288876515844,-0.01998709438366459,0.3103413509453194,0,0,0,9.013617798975675,9.013617798975675,7.925980121951401,4.556588419502008
backward_left,45.76,-0.30000000000000004,0.15000000000000002,0.0,-0.3163522680592199,0.25043162213672315,0.04819112735094758,0.23589592519290184,-0.0578623078074247,-0.018277652844421753,0.3109163335681379,0,0,0,8.564498501942092,8.564498501942092,8.056021608923363,2.680938062289978
backward_left,45.78,-0.30000000000000004,0.15000000000000002,0.0,-0.3337090057549579,0.2613820766277144,0.020515600722396044,0.20382407720434154,-0.062229149028659614,-0.013939374910305528,0.3111933081563139,0,0,0,8.080354030516824,8.080354030516824,8.004208859693108,3.0093326916470997
backward_left,45.800000000000004,-0.30000000000000004,0.15000000000000002,0.0,-0.34723737471055494,0.26588260963119664,-0.030764709915368674,0.18286666992336428,-0.06821971988249671,-0.006194687780891367,0.31064754705562925,0,0,0,7.845759942674937,7.845759942674937,7.975453172595465,4.155875846825144
backward_left,45.82,-0.30000000000000004,0.15000000000000002,0.0,-0.3590076481198324,0.24926714522227508,-0.05796537007930767,0.10330668649142086,-0.074916832406781,0.0033967949139287893,0.30915298996479185,0,0,0,7.876968435364014,7.876968435364014,7.960797171322625,4.365403138504182
backward_left,45.84,-0.30000000000000004,0.15000000000000002,0.0,-0.3668990744641645,0.18828298849098238,-0.05488254611151665,-0.05635366865436992,-0.06871605380908245,0.004692571025913395,0.3078131537523913,0,0,0,8.111486443212899,8.111486443212899,7.946030875621453,3.400333048107643
backward_left,45.86,-0.30000000000000004,0.15000000000000002,0.0,-0.3664259363434962,0.13409458408771577,0.0009941764092687745,-0.1184323138321232,-0.06265309253152754,-0.00029246046508153354,0.30696542429962803,0,0,0,7.983069046249814,7.983069046249814,7.927381415873825,6.886266175270475
backward_left,45.88,-0.30000000000000004,0.15000000000000002,0.0,-0.3472681973754113,0.10795931111995324,0.04749371154467572,-0.09727040913899329,-0.06517810782735645,-0.00420116936764667,0.3072206594499723,0,0,0,9.516003315138608,9.516003315138608,7.9215970642443665,10.425344900955542
backward_left,45.9,-0.30000000000000004,0.15000000000000002,0.0,-0.3262744870263472,0.09226041977171302,0.0715096992759719,-0.044502219016692976,-0.06371658391407843,-0.006211627583556401,0.30809149702305144,0,0,0,8.306317753735152,8.306317753735152,8.058806334051972,10.700699983756111
backward_left,45.92,-0.30000000000000004,0.15000000000000002,0.0,-0.3093760835303063,0.09274997798308504,0.06433519141344438,-0.08318149425176394,-0.05850566428988277,-0.008992684535467605,0.3091184170013894,0,0,0,7.531056584855579,7.531056584855579,8.12163811428006,8.248211123876777
backward_left,45.94,-0.30000000000000004,0.15000000000000002,0.0,-0.30329893130781554,0.09116954059144744,0.05886406952258601,-0.0026445986733248505,-0.04982905442526025,-0.01183325181950965,0.31010497068771586,0,0,0,7.726411739375288,7.726411739375288,8.094565730406025,5.607227762362154
backward_left,45.96,-0.30000000000000004,0.15000000000000002,0.0,-0.29276776737767235,0.08732279274552766,0.048983547700487046,0.11192092429339873,-0.04061539077418916,-0.01457402216867713,0.3109617655544056,0,0,0,8.199667900432038,8.199667900432038,8.068954366367603,3.5751996287905916
backward_left,45.980000000000004,-0.30000000000000004,0.15000000000000002,0.0,-0.27894949957236553,0.08717663548106586,0.033461375067464966,0.18676259523963373,-0.03250205436267313,-0.01785446272331126,0.31156101229365285,0,0,0,8.750567431848554,8.750567431848554,8.044274035123589,3.942174667725309
backward_left,46.0,-0.30000000000000004,0.15000000000000002,0.0,-0.2669863392176854,0.09470380476547284,0.014199108379881514,0.16731822500323743,-0.028736626582645492,-0.02142048010506827,0.3118341898297086,0,0,0,8.936466467999505,8.936466467999505,7.995391614126721,3.4391942464208145
backward_left,46.02,-0.30000000000000004,0.15000000000000002,0.0,-0.2591355130419885,0.11296252543172791,-0.015331098636065132,0.033130483281527866,-0.031311776188394425,-0.02352634526980099,0.3116317915130971,0,0,0,8.628918047938724,8.628918047938724,7.933798343606444,3.805492591717273
backward_left,46.04,-0.30000000000000004,0.15000000000000002,0.0,-0.2525175072081905,0.1381693864403158,-0.0683213802512488,-0.19862264444336114,-0.03855734088099671,-0.02299387560545532,0.31061455482490213,0,0,0,7.8772324833205944,7.8772324833205944,7.881698694888826,6.463820773024013
backward_left,46.06,-0.30000000000000004,0.15000000000000002,0.0,-0.22999837050759575,0.13489113222146185,-0.1006821310761193,-0.30399028169824643,-0.039134185868499,-0.016241900794255932,0.3086434363137138,0,0,0,5.995570098820901,5.995570098820901,7.86086315246715,7.110594242162678
backward_left,46.08,-0.30000000000000004,0.15000000000000002,0.0,-0.19030938652712523,0.12983680539154402,-0.09082143159294233,-0.24596022724027114,-0.037145215349301264,-0.006665112574720877,0.30649567416801177,0,1,0,6.726393932410623,6.726393932410623,7.899137802824274,5.317386580656036
backward_left,46.1,-0.30000000000000004,0.15000000000000002,0.0,-0.1599567915206022,0.12729931646404624,-0.046503320400621516,-0.013356357813962784,-0.03949332349423228,-0.0027678214129538874,0.3051222804877274,0,0,0,8.389403785883866,8.389403785883866,7.883889564185267,4.495140166456108
backward_left,46.12,-0.30000000000000004,0.15000000000000002,0.0,-0.15756194246225633,0.13611324917508136,0.017726768022837222,0.2166114048376,-0.04006436178533534,-0.0003865270288756278,0.30485263375607136,0,0,0,9.078866526810378,9.078866526810378,7.926996464747695,4.414953022058389
backward_left,46.14,-0.30000000000000004,0.15000000000000002,0.0,-0.167773639181973,0.16075470980008716,0.06129569079140383,0.3368760272477437,-0.03835098133165443,0.001866069998975071,0.30563275050412453,0,0,0,7.789464201126631,7.789464201126631,7.984950094376405,4.214973770352364
backward_left,46.160000000000004,-0.30000000000000004,0.15000000000000002,0.0,-0.1820784245436228,0.18856848918803212,0.08318288140701326,0.3385118263520418,-0.03601729893761531,0.0020790563634624534,0.30697575765930213,0,0,0,6.973267378489601,6.973267378489601,8.079927015565275,6.21533117860296
backward_left,46.18,-0.30000000000000004,0.15000000000000002,0.0,-0.19559681741351195,0.20900922348741496,0.08749128782913737,0.3263492366057686,-0.034586082234341474,0.0006403900911931683,0.30852994893905095,0,0,0,6.900057450575205,6.900057450575205,8.05695463586995,6.3917264734646
backward_left,46.2,-0.30000000000000004,0.15000000000000002,0.0,-0.20789582103205678,0.22097071644349697,0.07963988813929344,0.31574156145773485,-0.034873384496002316,-0.0001717565308943872,0.31004499661405727,0,0,0,6.945315642405891,6.945315642405891,8.078229539007186,4.8870069429499345
backward_left,46.22,-0.30000000000000004,0.15000000000000002,0.0,-0.2199280868555802,0.2281246060823519,0.06225616458263898,0.30357166845054945,-0.0387204529425711,0.0013589147326214563,0.31130390798520163,0,0,0,7.0553605524833385,7.0553605524833385,8.099296878768417,4.623536364383293
backward_left,46.24,-0.30000000000000004,0.15000000000000002,0.0,-0.2338261280376909,0.23387449546092098,0.028712972796118414,0.28471428166085777,-0.04697099166018039,0.006744322964111268,0.31204994232327954,0,0,0,6.494301857436413,6.494301857436413,8.115863811426518,4.78040477377594
backward_left,46.26,-0.30000000000000004,0.15000000000000002,0.0,-0.2585180443721622,0.20770844916098427,0.04083377555891575,0.15246478037411218,-0.05051651349438802,0.010989972717988402,0.3125614154927285,0,0,0,5.309522271344865,5.309522271344865,8.14728972197453,2.70237454418008
backward_left,46.28,-0.30000000000000004,0.15000000000000002,0.0,-0.2838966358795722,0.1633033882072492,0.026209204985420786,0.05474677295172109,-0.04586157849065611,0.00851579143586494,0.3132000991939853,0,0,0,5.2449486727665935,5.2449486727665935,8.21342422677547,4.7003533159783455
backward_left,46.300000000000004,-0.30000000000000004,0.15000000000000002,0.0,-0.30576643081027,0.11881098074021294,0.010980400349555365,0.03206448792513285,-0.03575081576661409,0.00022371394567364844,0.31329928692576803,0,0,0,7.247528417669095,7.247528417669095,8.262415451476329,8.141244760921763
backward_left,46.32,-0.30000000000000004,0.15000000000000002,0.0,-0.3094879549520375,0.10353226165637208,0.03408104938581144,0.03603536146873238,-0.03424288795872648,-0.004887162773909392,0.31349489129653013,0,0,0,13.36611369479237,13.36611369479237,8.22764480848059,13.776152682393015
backward_left,46.34,-0.30000000000000004,0.15000000000000002,0.0,-0.3190283459346555,0.09945032212530126,0.050623487941763065,-0.02593199029570146,-0.025803619657473666,-0.0060364878957583174,0.3139835265647769,0,0,0,12.87782834399462,12.87782834399462,8.204945561027625,15.18012885346916
backward_left,46.36,-0.30000000000000004,0.15000000000000002,0.0,-0.33280413505423784,0.08831842880941647,0.06062557355181662,-0.08612121189357128,-0.010390241929053738,-0.003846436033625856,0.31488958254670746,0,0,0,8.050460811790401,8.050460811790401,8.176713812839658,12.367958555159596
backward_left,46.38,-0.30000000000000004,0.15000000000000002,0.0,-0.3408662809384285,0.0718487416626266,0.06192000992684667,-0.09362852307615026,0.002228002963348104,-0.0030014806561314135,0.31603991018021926,0,0,0,6.9985794568241015,6.9985794568241015,8.161527054919986,6.544696682831452
backward_left,46.4,-0.30000000000000004,0.15000000000000002,0.0,-0.33355102689995775,0.0637280891088609,0.058482803109979095,-0.01983847520346364,0.004902382847266269,-0.008217068469090701,0.3172813754457539,0,0,0,7.876955289557964,7.876955289557964,8.149429835098548,4.264945768338395
backward_left,46.42,-0.30000000000000004,0.15000000000000002,0.0,-0.3195894063683752,0.06549789527191509,0.03167029482833533,0.03785183734490258,0.004537511323013505,-0.01662321244773226,0.31816930292121387,0,0,0,8.761512945522737,8.761512945522737,8.140363465517932,3.8835576529072897
backward_left,46.44,-0.30000000000000004,0.15000000000000002,0.0,-0.306981145512477,0.08122685584469518,-0.003730961250064696,0.01185709460819856,0.001990386410604943,-0.023233137886477406,0.3183840835719638,0,0,0,9.156935349584126,9.156935349584126,8.093245964198353,3.7786552318529045
backward_left,46.46,-0.30000000000000004,0.15000000000000002,0.0,-0.2939613797937136,0.10425970522094341,-0.054116377115471063,-0.08982443595685942,-0.003681914369570909,-0.024855735805649093,0.3177027288940096,0,0,0,8.479719303277163,8.479719303277163,8.020696588119712,4.3921685053414
backward_left,46.480000000000004,-0.30000000000000004,0.15000000000000002,0.0,-0.2787934656442644,0.12991402953818232,-0.1275177884949847,-0.24049829880265972,-0.010707083485897493,-0.022162492099909406,0.3157970628809811,0,0,0,7.129232578297925,7.129232578297925,7.972602868521413,5.186754185224975
backward_left,46.5,-0.30000000000000004,0.15000000000000002,0.0,-0.26497898623519156,0.17902228669071513,-0.1604334483475816,-0.35680145981592754,-0.02353052696233107,-0.02197506280540665,0.3127981431768194,0,0,0,5.935187172407862,5.935187172407862,7.978706048203854,6.159473389270022
backward_left,46.52,-0.30000000000000004,0.15000000000000002,0.0,-0.25018568685259607,0.19159290094525105,-0.10171483562012816,-0.1998469868542441,-0.02733914824853879,-0.0209004172955717,0.3100069390612812,0,1,0,6.551636305443377,6.551636305443377,8.030612207163742,4.576354206235637
backward_left,46.54,-0.30000000000000004,0.15000000000000002,0.0,-0.23831139895744935,0.189904612654057,-0.05788592622984474,0.002108228492715806,-0.026777503305960453,-0.019038815674037885,0.30819407647102126,0,0,0,7.730651441173487,7.730651441173487,8.108169403668718,6.485598566299229
backward_left,46.56,-0.30000000000000004,0.15000000000000002,0.0,-0.24259800607939233,0.19297000824214855,-0.015237407108570702,0.16783216769655473,-0.02845097159394368,-0.017285642476896842,0.3072604797471577,0,0,0,8.611065257390354,8.611065257390354,8.130552824873053,4.714995188963164
backward_left,46.58,-0.30000000000000004,0.15000000000000002,0.0,-0.26086092126752347,0.2053856323106355,0.02032557361824281,0.2533642250332007,-0.03288872655701503,-0.013672768640144788,0.30711689655398516,0,0,0,8.637494426309116,8.637494426309116,8.184064883166538,5.313672922577118
backward_left,46.6,-0.30000000000000004,0.15000000000000002,0.0,-0.2750756378350755,0.2213830880811428,0.039419409283043494,0.28680820042167215,-0.03776257246827339,-0.01009029186167125,0.3075119479010642,0,0,0,8.407576481734802,8.407576481734802,8.205785285183165,4.719998415368099
backward_left,46.62,-0.30000000000000004,0.15000000000000002,0.0,-0.2876434140407482,0.23582351512072605,0.04511407391604921,0.3068240731664824,-0.04149729676163731,-0.007015410371245738,0.3081540269107744,0,0,0,8.061409485254718,8.061409485254718,8.162326807745242,3.042202535955608
backward_left,46.64,-0.30000000000000004,0.15000000000000002,0.0,-0.30257566966652905,0.24694353223780122,0.037827289614566356,0.32463914476445443,-0.04554310350645494,-0.003504976637749373,0.3087654371210505,0,0,0,7.847239556144003,7.847239556144003,8.133046833970685,4.2454089881350185
backward_left,46.660000000000004,-0.30000000000000004,0.15000000000000002,0.0,-0.3198452942272141,0.2544287095845503,0.019519319750848866,0.3429335621565843,-0.052880915660612114,0.0013949089734571548,0.30912082743720043,0,0,0,7.747607722976854,7.747607722976854,8.11552648204042,5.304453869587708
backward_left,46.68,-0.30000000000000004,0.15000000000000002,0.0,-0.34045031805497356,0.22330422958894464,0.05229583564218877,0.2054623934641729,-0.05666140604279537,0.0033248812496894905,0.30965107814988274,0,0,0,7.698995812214858,7.698995812214858,8.103699600739795,2.880540182098796
backward_left,46.7,-0.30000000000000004,0.15000000000000002,0.0,-0.3541616797764292,0.17430789569176963,0.0507475527480635,0.10281732387550013,-0.05349209118581194,-0.00047558859838242856,0.31060149981663276,0,0,0,6.935596764680943,6.935596764680943,8.094585724147326,5.098968181087488
backward_left,46.72,-0.30000000000000004,0.15000000000000002,0.0,-0.349308104389505,0.13070192749975418,0.059996761513404634,0.034990891483204334,-0.051339410492192226,-0.005708830754140122,0.3114547722241746,0,0,0,5.840183209315298,5.840183209315298,8.10885182573423,6.209827287018997
backward_left,46.74,-0.30000000000000004,0.15000000000000002,0.0,-0.33530835640635037,0.11144122026741114,0.06729053601668411,0.05793916876213194,-0.05128309379519075,-0.010276453629428453,0.3124800334843432,0,0,0,6.143121605852373,6.143121605852373,8.1664644400058,5.660007697495336
backward_left,46.76,-0.30000000000000004,0.15000000000000002,0.0,-0.33051684226010125,0.11258506345086962,0.06507849195033395,-0.016536099312280502,-0.045352723339500745,-0.013531420204620531,0.313489310134652,0,0,0,10.023037623845285,10.023037623845285,8.219733454013191,10.994602637085881
backward_left,46.78,-0.30000000000000004,0.15000000000000002,0.0,-0.34426699912789727,0.11278211435471161,0.06923746864681093,-0.04235428940191745,-0.033997760521608564,-0.013983846654038831,0.31453423022941396,0,0,0,11.083974707382774,11.083974707382774,8.20488998491642,12.959725867642993
backward_left,46.800000000000004,-0.30000000000000004,0.15000000000000002,0.0,-0.35562268749510306,0.10615418989591917,0.06064615354335995,-0.021237438383498723,-0.019109356332499827,-0.013509788314962542,0.31558819071196026,0,0,0,7.760692340634045,7.760692340634045,8.173285583453769,11.181726534675397
backward_left,46.82,-0.30000000000000004,0.15000000000000002,0.0,-0.3562975893635146,0.09951180701672938,0.04107084045216821,0.021482800282408357,-0.0040847443247045544,-0.015583441154365276,0.31643198162736585,0,0,0,8.461376002358588,8.461376002358588,8.14340861929503,5.789075715855757
backward_left,46.84,-0.30000000000000004,0.15000000000000002,0.0,-0.34865836095323993,0.09938123766193216,0.014339322822543748,0.03867162573227538,0.008234568724291546,-0.02051283837457429,0.3168247658075575,0,0,0,9.311682659452815,9.311682659452815,8.109882277287355,3.912542825077905
backward_left,46.86,-0.30000000000000004,0.15000000000000002,0.0,-0.332907857741118,0.10822392506135033,-0.018258138372763317,-0.015797728444604767,0.012459576303432236,-0.026117366872568607,0.31663254499773347,0,0,0,9.730017753510287,9.730017753510287,8.037164598023825,4.3307264304577275
backward_left,46.88,-0.30000000000000004,0.15000000000000002,0.0,-0.31649065036651747,0.12954170330084655,-0.06267251736045647,-0.14511823428057719,0.008172032883818202,-0.030215063370183082,0.3157185572100021,0,0,0,9.393356517039756,9.393356517039756,7.939796891853398,4.662844274017706
backward_left,46.9,-0.30000000000000004,0.15000000000000002,0.0,-0.3006928974572249,0.16665183265973765,-0.10467231538242783,-0.31036881202930816,-0.001724689556461564,-0.03210586474420598,0.3138827640803577,0,0,0,8.503739581147743,8.503739581147743,7.85194520878078,5.321899740258344
backward_left,46.92,-0.30000000000000004,0.15000000000000002,0.0,-0.2808214728197062,0.22205869373570378,-0.144777708802723,-0.491067328386538,-0.018387312948253815,-0.036124848041411535,0.31118918351435554,0,0,0,7.160001010525744,7.160001010525744,7.8024329131794765,6.767319439445698
backward_left,46.94,-0.30000000000000004,0.15000000000000002,0.0,-0.26257243828849564,0.2283563908957563,-0.0882292597072895,-0.30845232216941976,-0.021934908093718397,-0.03327484353715272,0.3086616385029821,0,1,0,6.990609163435839,6.990609163435839,7.808508688961965,5.119776246731979
backward_left,46.96,-0.30000000000000004,0.15000000000000002,0.0,-0.24330043051166242,0.2225381111252235,-0.06914355643700207,-0.01761318287553403,-0.019993384774914576,-0.026248871267717133,0.3069128143900182,0,1,0,8.386503714473253,8.386503714473253,7.894060896761623,6.173525049374052
backward_left,46.980000000000004,-0.30000000000000004,0.15000000000000002,0.0,-0.2488803844223297,0.21535455384954813,-0.023146498964452356,0.25603683148477385,-0.02167535865761098,-0.020394120218371406,0.30591158082091324,0,0,0,8.865201010136818,8.865201010136818,7.999979659378436,6.173525049374052
backward_left,47.0,-0.30000000000000004,0.15000000000000002,0.0,-0.26521180235803404,0.22672347623282071,0.00680000283992464,0.4135419550308139,-0.026629001233269483,-0.013703749780543907,0.3055863282764707,0,0,0,8.097139343176238,8.097139343176238,8.115292686881283,4.2987452160097295
backward_left,47.02,-0.30000000000000004,0.15000000000000002,0.0,-0.2785965864089814,0.24193457548074593,0.01820518706899863,0.4413264144721937,-0.03209807180834919,-0.00809374318259099,0.3056476264224042,0,0,0,7.690863153120229,7.690863153120229,8.088563306766911,3.007664066960995
backward_left,47.04,-0.30000000000000004,0.15000000000000002,0.0,-0.29002404536608145,0.25489716324954614,0.0180583889121472,0.39447036982628214,-0.03715484631950502,-0.0039971873060892504,0.30580006309798535,0,0,0,7.837481136815372,7.837481136815372,8.063275033396053,2.346106240278481
backward_left,47.06,-0.30000000000000004,0.15000000000000002,0.0,-0.30698347963442946,0.2643344691385366,0.011283596905702874,0.3234538281895399,-0.0413101215168989,0.0007078714507467251,0.3058892236267434,0,0,0,7.937805526319251,7.937805526319251,8.039344590078969,2.0652411568344955
backward_left,47.08,-0.30000000000000004,0.15000000000000002,0.0,-0.3230450909357898,0.27109360449625647,-0.0047292296453338295,0.2403492263729309,-0.04723027675403408,0.006497019938202032,0.30578115916186716,0,0,0,8.082572334471907,8.082572334471907,8.02203860548844,3.0793306539967666
backward_left,47.1,-0.30000000000000004,0.15000000000000002,0.0,-0.33191310722287515,0.27642204020779443,-0.03530838602760608,0.16927855097511596,-0.05759195240928916,0.011851658041928127,0.3052184052458703,0,0,0,8.650091976730838,8.650091976730838,8.000880585420958,3.8857799672226587
backward_left,47.12,-0.30000000000000004,0.15000000000000002,0.0,-0.3349209174524991,0.23858443846329352,-0.02252451624608935,-0.037178571750872524,-0.05821304437302961,0.010393125573050088,0.3045170290634118,0,1,0,8.88177118273712,8.88177118273712,7.96078693941573,6.29161612454231
backward_left,47.14,-0.30000000000000004,0.15000000000000002,0.0,-0.31056925814623954,0.19692843293617707,0.033628726246315216,-0.20964797618045183,-0.06197386628689626,0.004898636827850864,0.3045655885495526,0,1,0,8.154631098050736,8.154631098050736,7.906010665050793,3.1069440981523666
backward_left,47.160000000000004,-0.30000000000000004,0.15000000000000002,0.0,-0.2750990242120275,0.16343682779726254,0.07044336828254001,-0.2355097003016748,-0.06518753765972775,-0.0019903330066794417,0.30549674024849216,0,0,0,6.874295186627902,6.874295186627902,7.865525001452948,7.0961454593502
backward_left,47.18,-0.30000000000000004,0.15000000000000002,0.0,-0.2623830358525069,0.1490681588150979,0.09346655934254805,-0.21696968127562247,-0.06373262548901237,-0.00803494877118757,0.30699094778277247,0,0,0,7.524254981159654,7.524254981159654,7.88320069110317,7.0961454593502
backward_left,47.2,-0.30000000000000004,0.15000000000000002,0.0,-0.26914756445338206,0.14785343257303665,0.08795551033924456,-0.2310798483348801,-0.05957080696806659,-0.010838416431472988,0.30865898792449853,0,0,0,5.968024973483288,5.968024973483288,7.935876856621487,6.002249765171234
backward_left,47.22,-0.30000000000000004,0.15000000000000002,0.0,-0.29254657191932154,0.14443583056677745,0.08111125160646131,-0.177454430696367,-0.0513869437728203,-0.01095407919607485,0.3101880890068802,0,0,0,6.101043472003363,6.101043472003363,7.918704892703808,5.086183036193939
backward_left,47.24,-0.30000000000000004,0.15000000000000002,0.0,-0.31313003735955786,0.13561778319190657,0.06040645065255816,-0.09553706496140517,-0.03768082124392371,-0.011637614420318713,0.31140791797597545,0,0,0,6.020805327646738,6.020805327646738,7.94382748037777,3.844446338294993
backward_left,47.26,-0.30000000000000004,0.15000000000000002,0.0,-0.32409960794104414,0.12724602449702546,0.034404911438136294,-0.03234723194065994,-0.021932687115353785,-0.016108581202147386,0.31219091900678403,0,0,0,6.643124114479057,6.643124114479057,7.926237722870255,3.2688010744333016
backward_left,47.28,-0.30000000000000004,0.15000000000000002,0.0,-0.32726804028504297,0.12559149152550533,0.0019348972259607116,0.010878887660575938,-0.00891941383698306,-0.024922067503632944,0.3123884374192068,0,0,0,7.820966891671944,7.820966891671944,7.9095715724503926,4.602277917796238
backward_left,47.300000000000004,-0.30000000000000004,0.15000000000000002,0.0,-0.3253311452317528,0.13722736092978052,-0.03131377485203962,-0.05252629376766255,-0.002829604373998868,-0.035047866134764745,0.31189487083388157,0,0,0,8.625059649251765,8.625059649251765,7.893778147391206,5.3705000620327175
backward_left,47.32,-0.30000000000000004,0.15000000000000002,0.0,-0.3192692077320033,0.16102306848816417,-0.07411735277099585,-0.23990127050572588,-0.005426244286666075,-0.04332475309972277,0.3106205534506157,0,0,0,8.827732535708769,8.827732535708769,7.878809609307297,5.95428148824156
backward_left,47.34,-0.30000000000000004,0.15000000000000002,0.0,-0.2985224044847067,0.1545054640948895,-0.07351156143719753,-0.3457867282620384,-0.0037925179640564246,-0.04207765805742134,0.30897836276079516,0,0,0,7.279508574367801,7.279508574367801,7.86462095705134,4.134579197114426
backward_left,47.36,-0.30000000000000004,0.15000000000000002,0.0,-0.26738092496527704,0.14227776769704828,-0.08564059027679403,-0.43153461617120625,-0.0009230007933127923,-0.033586641413201695,0.30699302194957795,0,1,0,5.983484632717461,5.983484632717461,7.851169836937945,3.6521958990231096
backward_left,47.38,-0.30000000000000004,0.15000000000000002,0.0,-0.23753198050050248,0.13602248110160717,-0.05905995451766846,-0.26258184297629333,-0.006994372019127478,-0.03112589749755256,0.30541017761350253,0,1,0,7.772899747028548,7.772899747028548,7.838416367773849,5.241097859000202
backward_left,47.4,-0.30000000000000004,0.15000000000000002,0.0,-0.229446186969807,0.13179703657901617,-0.024587278097622664,-0.03073763881411813,-0.01150114999741951,-0.031341660548409506,0.3045202660581269,0,0,0,8.772611390647759,8.772611390647759,7.82632297933711,5.368931463496615
backward_left,47.42,-0.30000000000000004,0.15000000000000002,0.0,-0.24535055648708548,0.13637503011679827,0.013918601989957114,0.09136412746922697,-0.011460298268549936,-0.0299648663781904,0.30439214912934476,0,0,0,8.687268455042865,8.687268455042865,7.781505691969166,5.813231274948977
backward_left,47.44,-0.30000000000000004,0.15000000000000002,0.0,-0.26746921107962823,0.14770511568171374,0.03946622785484401,0.1442471048489225,-0.008879481362178967,-0.027436924219129254,0.3048583511303744,0,0,0,8.058590834557805,8.058590834557805,7.728812338854194,5.813231274948977
backward_left,47.46,-0.30000000000000004,0.15000000000000002,0.0,-0.29016158383153057,0.1598213463148296,0.05274578699160927,0.16051392391444708,-0.007094886337804251,-0.025907361448578397,0.3056924013679629,0,0,0,7.513064796536119,7.513064796536119,7.702374427831224,5.173623392585603
backward_left,47.480000000000004,-0.30000000000000004,0.15000000000000002,0.0,-0.31311979253793104,0.1675693192551803,0.053478752797681064,0.17695958536595177,-0.0067725557685949685,-0.025048385705264242,0.3066572395911261,0,0,0,7.175814095216157,7.175814095216157,7.6972386258457774,3.9817225936075786
backward_left,47.5,-0.30000000000000004,0.15000000000000002,0.0,-0.3353056949154944,0.17194403670604258,0.039183297938038646,0.18163992698825826,-0.009983027509702992,-0.023952187168140578,0.3074773491828092,0,0,0,7.199673254924121,7.199673254924121,7.692362506399871,4.060827638468825
backward_left,47.52,-0.30000000000000004,0.15000000000000002,0.0,-0.35164871717338403,0.17614370622386288,0.023653225395319017,0.15480828613078743,-0.01993424499004808,-0.022592860730355182,0.30791171831328723,0,0,0,7.726781673508189,7.726781673508189,7.708590869436133,4.987875051576461
backward_left,47.54,-0.30000000000000004,0.15000000000000002,0.0,-0.34766075269434044,0.1763322304607285,-0.016502220102839034,0.21167774715206705,-0.03941381558835017,-0.020265201358648417,0.30773863959999587,0,0,0,8.379393482410215,8.379393482410215,7.710173073630546,4.185800083040933
backward_left,47.56,-0.30000000000000004,0.15000000000000002,0.0,-0.3250182953304262,0.1687669260706155,-0.07678652666640044,0.24747300673780298,-0.05971919149721459,-0.01658075318858434,0.30635814349679413,0,1,0,8.998419812244059,8.998419812244059,7.682046908627701,3.141488920256605
backward_left,47.58,-0.30000000000000004,0.15000000000000002,0.0,-0.29631578000125314,0.1379438961518704,-0.04234086901498076,0.16747066198364557,-0.06304709723112069,-0.017469488652002717,0.3048777683852049,0,1,0,8.36471877575776,8.36471877575776,7.62722941931116,2.2104325807204406
backward_left,47.6,-0.30000000000000004,0.15000000000000002,0.0,-0.27383767516804197,0.11945701875569095,0.00963036388222938,0.08527695021365993,-0.0646511268421924,-0.021796524047283293,0.3043662632352266,0,0,0,9.457292849249487,9.457292849249487,7.591122573315083,7.123372758980311
backward_left,47.62,-0.30000000000000004,0.15000000000000002,0.0,-0.2673103158065799,0.10678494820936693,0.0656617673771161,0.06113452287088031,-0.06746146083943064,-0.024189911721734875,0.3049481429463686,0,0,0,8.276317912250223,8.276317912250223,7.600411508828195,5.761889046948204
backward_left,47.64,-0.30000000000000004,0.15000000000000002,0.0,-0.280068716487297,0.11114304845035132,0.08230673150385932,-0.05399757334210663,-0.07318562468503234,-0.02476168115688091,0.3061894459785801,0,0,0,7.055478712756962,7.055478712756962,7.653813015583218,6.1770961212478435
backward_left,47.660000000000004,-0.30000000000000004,0.15000000000000002,0.0,-0.31067544017339704,0.1129199655390054,0.08583122795856628,-0.08525324328906661,-0.07596561688367912,-0.02393532522591661,0.30763359931651135,0,0,0,6.891522357540492,6.891522357540492,7.651124023550988,5.938183202315135
backward_left,47.68,-0.30000000000000004,0.15000000000000002,0.0,-0.3430937666223304,0.11535311229652513,0.06868181116543545,-0.0921030266371142,-0.07288028290005322,-0.024046920118440587,0.3088792409411367,0,0,0,6.44374613399249,6.44374613399249,7.648569956915075,3.568764803276732
backward_left,47.7,-0.30000000000000004,0.15000000000000002,0.0,-0.36351487977831926,0.12142525062156787,0.035336975249486216,-0.12353481911811302,-0.0644982821809068,-0.02716236948691665,0.30958390723191065,0,0,0,6.641217807165321,6.641217807165321,7.646143991028051,2.6723310360290298
backward_left,47.72,-0.30000000000000004,0.15000000000000002,0.0,-0.37159152358763986,0.13728526566010066,-0.007738150953249836,-0.2139846146752783,-0.056037239961814755,-0.03274529266758487,0.3094909914270114,0,0,0,7.5058763735289835,7.5058763735289835,7.643839651758686,4.112475704367636
backward_left,47.74,-0.30000000000000004,0.15000000000000002,0.0,-0.3699883271231909,0.16396278381711626,-0.07031731463074783,-0.37358241147584087,-0.05178682092275821,-0.038122755616798495,0.30828905180842064,0,0,0,7.948456947458327,7.948456947458327,7.641650796970836,4.942480848852351
backward_left,47.76,-0.30000000000000004,0.15000000000000002,0.0,-0.3534669028470392,0.16606006056457898,-0.10405251415961021,-0.39992249520224543,-0.04681937833317622,-0.03729185702381422,0.3060023217746402,0,0,0,6.849066386981993,6.849066386981993,7.6395715990312745,4.9978057447014645
backward_left,47.78,-0.30000000000000004,0.15000000000000002,0.0,-0.31404238760444736,0.14361849201696805,-0.17198048356294493,-0.40397391349069,-0.035544702955980646,-0.026139517561960045,0.3029185089182169,0,1,0,7.182878346025165,7.182878346025165,7.63759652828443,4.659978188856963
backward_left,47.800000000000004,-0.30000000000000004,0.15000000000000002,0.0,-0.27610870291014744,0.13202049324181814,-0.11959944224712538,-0.19450240150108283,-0.03595273948122299,-0.018992443493522138,0.2997026914087152,0,0,0,8.711238791525314,8.711238791525314,7.63572033743629,4.693851876713809
backward_left,47.82,-0.30000000000000004,0.15000000000000002,0.0,-0.25477071529932893,0.11850335014575113,-0.05132371512415444,0.14555244042641075,-0.0399906008836282,-0.017890516480736324,0.2978173461665633,0,0,0,9.354408587654,9.354408587654,7.606324284579582,5.99043232933526
backward_left,47.84,-0.30000000000000004,0.15000000000000002,0.0,-0.2610832889367275,0.12315794089188611,0.016159035697389176,0.40488640917835117,-0.04123056897325422,-0.016925956226621654,0.29736434857703303,0,0,0,9.347583300489053,9.347583300489053,7.533449687456006,5.481413728675982
backward_left,47.86,-0.30000000000000004,0.15000000000000002,0.0,-0.2784364329998464,0.14201196125466375,0.04846055891651993,0.4768561749685014,-0.03889967572643985,-0.01574926911307876,0.29792421177801226,0,0,0,7.970187264308612,7.970187264308612,7.468686348699759,4.685621484927317
backward_left,47.88,-0.30000000000000004,0.15000000000000002,0.0,-0.29714474576897826,0.16290747746826192,0.053611758961524786,0.4609368049332329,-0.035653280248223534,-0.015396399519813371,0.29876887247779454,0,0,0,7.192137117073975,7.192137117073975,7.44485811973475,3.31055733853358
backward_left,47.9,-0.30000000000000004,0.15000000000000002,0.0,-0.31768605198860556,0.17965639325215946,0.042361045901611515,0.43491184432090507,-0.03292915219929673,-0.015733350310419964,0.29950603403156084,0,0,0,6.886188927202449,6.886188927202449,7.452479533004233,2.6665116733373573
backward_left,47.92,-0.30000000000000004,0.15000000000000002,0.0,-0.3412524430933472,0.1893144225690703,0.0264684598380691,0.4249240515268253,-0.03338851031441028,-0.015204195838069293,0.29996326524413486,0,0,0,6.997785318925969,6.997785318925969,7.459731052379123,2.4524293293788304
backward_left,47.94,-0.30000000000000004,0.15000000000000002,0.0,-0.366152673624614,0.19507146117546026,0.004746474409313276,0.4426073071513773,-0.040098323163426285,-0.012815960459073234,0.30006140295222244,0,0,0,7.216557471994235,7.216557471994235,7.466630199236004,3.4298473817671704
backward_left,47.96,-0.30000000000000004,0.15000000000000002,0.0,-0.3847127994882339,0.1621912699186643,0.025559503111500334,0.258419836279867,-0.045340278534048394,-0.01452499138884682,0.3002197046676694,0,1,0,7.6565042231074605,7.6565042231074605,7.4850688005864185,3.811877382539141
backward_left,47.980000000000004,-0.30000000000000004,0.15000000000000002,0.0,-0.3815079136070832,0.11998215813360687,0.06587017140421347,0.08222951963651089,-0.05286261517978066,-0.020631116405953994,0.3009882129287957,0,1,0,7.950596170781787,7.950596170781787,7.4894858299085385,2.5343395911845605
backward_left,48.0,-0.30000000000000004,0.15000000000000002,0.0,-0.35762330280288024,0.07821847571908856,0.09240284737745193,-0.0002530897965632023,-0.05694158042961756,-0.02884435043095811,0.30234373924619856,0,1,0,7.275362768791261,7.275362768791261,7.476723563859586,3.444226711700847
backward_left,48.02,-0.30000000000000004,0.15000000000000002,0.0,-0.3324982760825909,0.06507443649620673,0.09638445234921961,-0.0676082757945847,-0.05754079621400802,-0.03866191461098405,0.304035881094659,0,0,0,8.464469508998448,8.464469508998448,7.483530845327206,6.8598526936323845
backward_left,48.04,-0.30000000000000004,0.15000000000000002,0.0,-0.31609499509824024,0.0696770878553848,0.08432908517148108,-0.0892170423730217,-0.05376478132592084,-0.04492253682733927,0.3056471845263744,0,0,0,7.646278869955288,7.646278869955288,7.489270534739916,5.883604138494826
backward_left,48.06,-0.30000000000000004,0.15000000000000002,0.0,-0.3252112225402636,0.08281189192059235,0.07119659501356668,-0.1152139647572423,-0.047254033771797786,-0.045820331085296616,0.30691904832665234,0,0,0,7.234489747058045,7.234489747058045,7.4735903284116105,5.983084627058724
backward_left,48.08,-0.30000000000000004,0.15000000000000002,0.0,-0.35488370899708294,0.08711950650197532,0.06179002510726032,-0.09144714689721417,-0.036073559140550715,-0.0416131232797177,0.30791392049924526,0,0,0,6.560139718059008,6.560139718059008,7.581611983962091,5.235617222519443
backward_left,48.1,-0.30000000000000004,0.15000000000000002,0.0,-0.382311210323952,0.0823663293239772,0.04187409696215183,-0.07447860993827367,-0.019656940002818014,-0.03664568415044152,0.3086209196246907,0,0,0,6.526711379930345,6.526711379930345,7.723572048353624,3.5066526171273846
backward_left,48.120000000000005,-0.30000000000000004,0.15000000000000002,0.0,-0.39453132796904267,0.07802893461573572,0.0036107623217457776,-0.0668148585876088,-0.0014898029469697775,-0.03535733051219736,0.30877065664150244,0,0,0,7.245645437686465,7.245645437686465,7.802158216206816,2.890374530665116
backward_left,48.14,-0.30000000000000004,0.15000000000000002,0.0,-0.38864527802640314,0.08385719642573179,-0.05036112608442428,-0.07872623374910953,0.012227035673785584,-0.03887129324217033,0.3080101072842544,0,0,0,8.696749389082962,8.696749389082962,7.791934083243117,2.381044045852143
backward_left,48.160000000000004,-0.30000000000000004,0.15000000000000002,0.0,-0.367780551979833,0.1047715863140501,-0.12370207249629907,-0.12296127075301477,0.018677218439938137,-0.044897716633759154,0.30596099418126166,0,0,0,10.119146776464627,10.119146776464627,7.7822350824351325,3.440566576771527
backward_left,48.18,-0.30000000000000004,0.15000000000000002,0.0,-0.3410297015135075,0.14144185271114718,-0.20646293237082539,-0.24584807798386568,0.014988736184748299,-0.05104602806474303,0.30236710797282534,0,0,0,10.928402476578567,10.928402476578567,7.773033444949203,4.1494310731553075
backward_left,48.2,-0.30000000000000004,0.15000000000000002,0.0,-0.30339078495420585,0.14539605098405453,-0.18297136178577267,-0.284305016710677,0.019036319457097883,-0.048258752998909214,0.2981589127056307,0,0,0,10.24752243329465,10.24752243329465,7.76430294941439,3.7858710902587576
backward_left,48.22,-0.30000000000000004,0.15000000000000002,0.0,-0.2644520872800911,0.16963632425523736,-0.09311108272631699,-0.20290613769115146,0.011734760308871795,-0.04218581907559677,0.2952978043627104,0,1,0,8.43581371129609,8.43581371129609,7.756018827877565,5.821755877317884
backward_left,48.24,-0.30000000000000004,0.15000000000000002,0.0,-0.23946748160889453,0.1718618699913601,0.0008617743375293942,-0.036226684692660174,0.0024459951810439575,-0.03941015778449313,0.2943793751700762,0,1,0,9.92286179291961,9.92286179291961,7.734675673667198,7.381061789193605
backward_left,48.26,-0.30000000000000004,0.15000000000000002,0.0,-0.22004186914025184,0.17453826678957185,0.05289655194465283,0.15499986090573714,-0.009015286526987284,-0.03694534039964636,0.2949415857514505,0,1,0,9.295284408077526,9.295284408077526,7.648702647247866,5.10163946328962
backward_left,48.28,-0.30000000000000004,0.15000000000000002,0.0,-0.22573703574096876,0.17771666201275113,0.0633255942864629,0.26092874239695973,-0.020898840851604213,-0.03310122063085824,0.29605657607508185,0,0,0,8.306566780314833,8.306566780314833,7.55816885754999,5.449492648619319
backward_left,48.300000000000004,-0.30000000000000004,0.15000000000000002,0.0,-0.24143981851090748,0.1911878096818059,0.053297642851728,0.22585840594702639,-0.03166896503132206,-0.027756405420410826,0.2970505562578308,0,0,0,7.690814515168627,7.690814515168627,7.518902718390592,5.1807994165968285
backward_left,48.32,-0.30000000000000004,0.15000000000000002,0.0,-0.2604579824906176,0.20636404783133672,0.0383516391470739,0.14902662906797784,-0.04004938253047692,-0.02241974249536174,0.29771471172844727,0,0,0,7.498606466057809,7.498606466057809,7.511374170777646,4.697959370017244
backward_left,48.34,-0.30000000000000004,0.15000000000000002,0.0,-0.28344640153412026,0.2191649872430745,0.029911570220305057,0.13539328620249982,-0.04774955574582883,-0.017170608616812515,0.2981361640718048,0,0,0,7.392628823917646,7.392628823917646,7.515751651447172,4.72133548676596
backward_left,48.36,-0.30000000000000004,0.15000000000000002,0.0,-0.3101668339143037,0.2292164824993779,0.017578464491112923,0.1820268085793822,-0.05800312117046443,-0.010429436109393356,0.2983949122646849,0,0,0,7.278277064399982,7.278277064399982,7.51991440176705,7.087603313601142
backward_left,48.38,-0.30000000000000004,0.15000000000000002,0.0,-0.32862684366844985,0.24535371370496215,0.0038149456342900685,0.22079116542347582,-0.07456823253129521,-0.0012013862546159729,0.29833412241181206,0,0,0,7.452011985698656,7.452011985698656,7.523872812122274,5.710008010376396
backward_left,48.4,-0.30000000000000004,0.15000000000000002,0.0,-0.34921646095264713,0.20349023968445176,0.02947105458270018,0.060684469661125263,-0.07795249443718183,0.002146403717951553,0.2983293394293427,0,1,0,7.435136920809791,7.435136920809791,7.53214340450743,6.509793382157748
backward_left,48.42,-0.30000000000000004,0.15000000000000002,0.0,-0.35137179514088673,0.13818040705422147,0.03933632247556712,0.0023747832628897153,-0.07407200438868244,-0.003059339779094488,0.29885862664853685,0,1,0,7.753822075292952,7.753822075292952,7.5377749897678505,4.078995237746064
backward_left,48.44,-0.30000000000000004,0.15000000000000002,0.0,-0.3394135040654569,0.0886980387970548,0.08126015248603663,0.011228795597663786,-0.06959292241595688,-0.011047572993024949,0.2998824989311249,0,0,0,7.45477470624477,7.45477470624477,7.5334617116289735,3.711193958536387
backward_left,48.46,-0.30000000000000004,0.15000000000000002,0.0,-0.32042814358947924,0.06768929111809488,0.09671853151490846,0.051850663046102384,-0.06716193780343116,-0.018113783457559082,0.3014069598091189,0,0,0,7.263156459086122,7.263156459086122,7.537035040501518,6.887883705350195
backward_left,48.480000000000004,-0.30000000000000004,0.15000000000000002,0.0,-0.3056028242978572,0.061987773457967785,0.09780822836173421,0.07377999154956522,-0.0654843682929158,-0.021957459801499435,0.30306015997720975,0,0,0,7.977545176216341,7.977545176216341,7.658600688541572,7.215328568702321
backward_left,48.5,-0.30000000000000004,0.15000000000000002,0.0,-0.30991743715861475,0.07259395262327849,0.08503218654663237,0.008267774672284098,-0.06115947452778232,-0.02219027900164919,0.30463030777380934,0,0,0,6.407352922175033,6.407352922175033,7.693546234373194,7.215328568702321
backward_left,48.52,-0.30000000000000004,0.15000000000000002,0.0,-0.3334220421803674,0.07909736303345508,0.06652086769623645,0.05429534109709013,-0.05058302232601756,-0.020036368924167273,0.30591852507857115,0,0,0,6.2426099785177565,6.2426099785177565,7.68885668076835,5.265603807931519
backward_left,48.54,-0.30000000000000004,0.15000000000000002,0.0,-0.34997443723334454,0.08112229588699364,0.03671252276161059,0.13812622650845116,-0.03289223306871134,-0.018396414324388002,0.3067337440444225,0,0,0,6.937350803493839,6.937350803493839,7.723564632715739,3.7687659093193484
backward_left,48.56,-0.30000000000000004,0.15000000000000002,0.0,-0.3470701744517805,0.08609636178696645,-0.003581814947296265,0.1976183648144515,-0.014432310473700883,-0.02000961098637095,0.3068728073580478,0,0,0,8.238548627542595,8.238548627542595,7.717355103705888,2.7131636901088005
backward_left,48.58,-0.30000000000000004,0.15000000000000002,0.0,-0.32952104581220304,0.09963199678466111,-0.047466707793807614,0.1585870977102115,-0.0026912713622617448,-0.02538458746609919,0.30616708083831795,0,0,0,9.661139694871204,9.661139694871204,7.711460598072279,4.429987699302887
backward_left,48.6,-0.30000000000000004,0.15000000000000002,0.0,-0.3063505079910577,0.1230254083575726,-0.08943557468244481,-0.043254100859616076,-0.0010272618975686735,-0.03260467632874045,0.30460812873119564,0,0,0,10.513185003816309,10.513185003816309,7.7058648417627715,5.237707722278381
backward_left,48.620000000000005,-0.30000000000000004,0.15000000000000002,0.0,-0.2732361410274489,0.12902221349330956,-0.0790952466669803,-0.2333764067059746,-0.0012765109335868463,-0.03621461421502949,0.3025874087365166,0,1,0,9.914997364404261,9.914997364404261,7.6110076691765975,5.29130247132486
backward_left,48.64,-0.30000000000000004,0.15000000000000002,0.0,-0.2203047792631197,0.13220944352353925,-0.027894435568187978,-0.3114179006116641,-0.006505972215485517,-0.034080720007854066,0.30138881368726556,0,1,0,9.299238765542128,9.299238765542128,7.485705493836392,5.132699711663375
backward_left,48.660000000000004,-0.30000000000000004,0.15000000000000002,0.0,-0.17348338347294798,0.1249102665855649,0.028439331553152446,-0.26781971019835327,-0.01146025174657846,-0.03313644111553335,0.30131324648483493,0,0,0,7.462759213370354,7.462759213370354,7.4671917713809215,4.245649318709139
backward_left,48.68,-0.30000000000000004,0.15000000000000002,0.0,-0.14319026133594412,0.11585552536505071,0.058232285566609775,-0.0012855926791410684,-0.015060558043269744,-0.03261833789044253,0.3020928163937968,0,1,0,7.465333415707762,7.465333415707762,7.541026938913475,6.8022159150170705
backward_left,48.7,-0.30000000000000004,0.15000000000000002,0.0,-0.14439787043493119,0.11632234420498624,0.07042019749865921,0.22481497635896724,-0.018218406698034133,-0.02978475263389668,0.30341709448445126,0,0,0,6.7003474281563316,6.7003474281563316,7.5899431944748805,5.137703410642258
backward_left,48.72,-0.30000000000000004,0.15000000000000002,0.0,-0.16332045481595406,0.131931060363926,0.06824388241023271,0.27983824440773036,-0.02011197264840539,-0.02393308844868685,0.30476746990806464,0,0,0,6.515711466936564,6.515711466936564,7.677756285594199,4.471568102316805
backward_left,48.74,-0.30000000000000004,0.15000000000000002,0.0,-0.18184771917334322,0.1553218147965947,0.056002335420720015,0.1980073098631138,-0.022350270388791612,-0.01984792484796867,0.30585797640191925,0,0,0,6.2566029227863655,6.2566029227863655,7.673863295750156,3.5647173067114464
backward_left,48.76,-0.30000000000000004,0.15000000000000002,0.0,-0.2003591700613459,0.17534571618954148,0.04833830120349053,0.1352715462042963,-0.024976540232041843,-0.018411814570293866,0.3067099756690945,0,0,0,6.436267875611289,6.436267875611289,7.670166384817758,2.5377041723894505
backward_left,48.78,-0.30000000000000004,0.15000000000000002,0.0,-0.21911866382304437,0.19025106378834863,0.0439837066533545,0.12857846041480867,-0.026833322233654908,-0.01741925370795991,0.3074699662538814,0,0,0,6.950658885311994,6.950658885311994,7.6666555624065325,2.123800523757306
backward_left,48.800000000000004,-0.30000000000000004,0.15000000000000002,0.0,-0.2371024636524896,0.20114927810642552,0.03448051136027235,0.14484868747550642,-0.028336507816351414,-0.01627322982839214,0.3081166706408324,0,0,0,7.3045587500128475,7.3045587500128475,7.695192124119469,3.496983379051874
backward_left,48.82,-0.30000000000000004,0.15000000000000002,0.0,-0.25566009362834685,0.21119212027723572,0.02084194355863972,0.17334354923583295,-0.03062295207199116,-0.014506089106532208,0.3085634065857765,0,0,0,7.508066775153848,7.508066775153848,7.708723585639362,4.925506451012412
backward_left,48.84,-0.30000000000000004,0.15000000000000002,0.0,-0.2649654387830399,0.22617872154971502,0.01228889510929652,0.22322618633925234,-0.04046475286159212,-0.011221699306897955,0.30877568171487496,0,0,0,7.328874910512834,7.328874910512834,7.713611555071179,6.123159686355832
backward_left,48.86,-0.30000000000000004,0.15000000000000002,0.0,-0.2632666803636213,0.22119261610567145,0.015550900210425794,0.17491924233452483,-0.05047396008400504,-0.009095891250933234,0.3086261193993776,0,1,0,6.53607487210854,6.53607487210854,7.722055967605282,6.7988482568196975
backward_left,48.88,-0.30000000000000004,0.15000000000000002,0.0,-0.25273149203620215,0.1895750138178644,0.03536760586275359,-0.013520706912002231,-0.04794789690627343,-0.013806360407123046,0.30896193319761905,0,0,0,5.337433795371369,5.337433795371369,7.752106301124098,1.5579564630242424
backward_left,48.9,-0.30000000000000004,0.15000000000000002,0.0,-0.24058286717318653,0.16671417425154803,0.04736215574982859,-0.11792173218647131,-0.045052470727351156,-0.020570751483276403,0.30944552091374844,0,0,0,6.713631748986245,6.713631748986245,7.820343783554502,6.31432249073849
backward_left,48.92,-0.30000000000000004,0.15000000000000002,0.0,-0.23634468090561708,0.15574891519386555,0.05394752008327501,-0.12692340525912327,-0.038731387261116905,-0.026815566863650213,0.31001362374090435,0,0,0,14.749606992657426,14.0,7.8689639676676535,15.351236463614796
backward_left,48.94,-0.30000000000000004,0.15000000000000002,0.0,-0.24350549826843335,0.14967561338577653,0.05130435553811253,-0.11953905483044822,-0.026796147419689352,-0.03255816221109548,0.3105392527089444,0,0,0,13.963644950470602,13.963644950470602,7.91181581450968,15.583365357947965
backward_left,48.96,-0.30000000000000004,0.15000000000000002,0.0,-0.250971841987309,0.1402367069546685,0.04863709272552093,-0.07884722490893946,-0.010769517323392978,-0.03902765518330074,0.31111536793153577,0,0,0,10.107611082473777,10.107611082473777,7.8846266977369766,13.97021296598275
backward_left,48.980000000000004,-0.30000000000000004,0.15000000000000002,0.0,-0.2552437152444332,0.13309829202859536,0.043719424978803746,-0.04638322406063558,0.004404628699308528,-0.04669918910439861,0.3117210565182411,0,0,0,9.121778206342714,9.121778206342714,7.837640437636161,8.764052637814185
backward_left,49.0,-0.30000000000000004,0.15000000000000002,0.0,-0.25860326811083595,0.12994759857773758,0.03301899469720673,-0.03187247100352354,0.014532984232299748,-0.05431795836274124,0.3121807503012565,0,0,0,9.189003888695382,9.189003888695382,7.771869018668578,9.189638500465952
backward_left,49.02,-0.30000000000000004,0.15000000000000002,0.0,-0.25758533591243177,0.12983824084955828,0.00927800052793313,-0.10660766397208643,0.012042931554980155,-0.062057563048585535,0.3123588251682483,0,0,0,8.72627221603281,8.72627221603281,7.700466110781516,9.189638500465952
backward_left,49.04,-0.30000000000000004,0.15000000000000002,0.0,-0.2610059612493101,0.14147719270400852,-0.03902875590188706,-0.24394842585351334,0.002869113756182366,-0.06798262556915771,0.31183848133264136,0,0,0,8.155847409785201,8.155847409785201,7.647172253072572,5.293441842079648
backward_left,49.06,-0.30000000000000004,0.15000000000000002,0.0,-0.2584264770216452,0.14159008994851,-0.038359549075869456,-0.2974956171914777,-0.002306600745961828,-0.06620482323162181,0.31072072599139916,0,1,0,6.776224779884824,6.776224779884824,7.6181472748001156,4.76468844523583
backward_left,49.08,-0.30000000000000004,0.15000000000000002,0.0,-0.23774504436277386,0.13558250714582004,-0.04653960142342972,-0.3048401121839804,-0.005944368583121971,-0.05860369482443983,0.3095312888049259,0,1,0,5.781291405715015,5.781291405715015,7.6319709555094875,1.961365465105432
backward_left,49.1,-0.30000000000000004,0.15000000000000002,0.0,-0.2170114578215081,0.1267734803692111,-0.07236487135194355,-0.11618017606082662,-0.008195753736882874,-0.04971129866133611,0.30806039450072586,0,0,0,7.260212876131094,7.260212876131094,7.715161845559784,5.290904423742312
backward_left,49.120000000000005,-0.30000000000000004,0.15000000000000002,0.0,-0.21752638664121063,0.12387121492880655,-0.06561139634918411,0.16977639094263805,-0.009361515155710824,-0.03904549739456858,0.30646559741307305,0,0,0,8.537420285936104,8.537420285936104,7.766285058714448,3.8737894082789626
backward_left,49.14,-0.30000000000000004,0.15000000000000002,0.0,-0.23410970140622464,0.13802104244892685,-0.03735500698767711,0.3374937943667472,-0.01409261800771691,-0.029886394496827128,0.30526119920794836,0,0,0,8.92872365673197,8.92872365673197,7.857293300702928,4.063265047117406
backward_left,49.160000000000004,-0.30000000000000004,0.15000000000000002,0.0,-0.25294463791503413,0.15839398634132137,-0.012571222093711094,0.3952553814699751,-0.021854112241079998,-0.02495259455390412,0.30459063310050827,0,0,0,7.907172375225272,7.907172375225272,7.795898486481843,4.061788864151014
backward_left,49.18,-0.30000000000000004,0.15000000000000002,0.0,-0.2725211448362708,0.17636455956778,0.0008533936458637002,0.3778156477746017,-0.030320846347254776,-0.023297111675455836,0.30426656669476015,0,0,0,8.282227248334655,8.282227248334655,7.772233865684935,3.0646352601520457
backward_left,49.2,-0.30000000000000004,0.15000000000000002,0.0,-0.2932015031200474,0.18828558957497998,0.003797768019303238,0.34051344485611207,-0.03718586654257464,-0.022448430607183698,0.3040846575782758,0,0,0,8.452680996540593,8.452680996540593,7.763544277250638,1.9157565498330291
backward_left,49.22,-0.30000000000000004,0.15000000000000002,0.0,-0.3157604547584713,0.19636521214927444,-0.005190855169322956,0.3006544870855257,-0.042944751662448995,-0.02055471563312473,0.3038306265733831,0,0,0,8.379931918482036,8.379931918482036,7.785783739409908,2.6476185775330534
backward_left,49.24,-0.30000000000000004,0.15000000000000002,0.0,-0.33724874227016804,0.20380906238561966,-0.023635594754787808,0.22732910710199344,-0.050235343973673546,-0.018178969895879686,0.3032959946387338,0,0,0,8.4967942508267,8.4967942508267,7.835212664106802,4.14509644056539
backward_left,49.26,-0.30000000000000004,0.15000000000000002,0.0,-0.3516276297450288,0.20897271365577824,-0.0559746406030685,0.1432782934380458,-0.06093075983231092,-0.01680075796784456,0.30221858678732116,0,0,0,9.124806130005108,9.124806130005108,7.79833140767407,5.502571039860496
backward_left,49.28,-0.30000000000000004,0.15000000000000002,0.0,-0.34688944267462785,0.20529775276196527,-0.06346639790808811,0.04007195193670042,-0.07480957814407548,-0.015684151152087173,0.3004570791361935,0,1,0,9.901471525731539,9.901471525731539,7.739456392640172,5.5953686123169195
backward_left,49.300000000000004,-0.30000000000000004,0.15000000000000002,0.0,-0.32057001900284227,0.16228100607048365,-0.02131801879968901,-0.08850169322229245,-0.07722157646394551,-0.019673548454151535,0.2992673749507469,0,1,0,9.726989244850637,9.726989244850637,7.634636097884041,1.9858868436121402
backward_left,49.32,-0.30000000000000004,0.15000000000000002,0.0,-0.28860677504499554,0.12603065879075878,0.03671473572168352,-0.1889943764051943,-0.07429447897790935,-0.027129098983893405,0.29909789263055,0,0,0,9.08593408598133,9.08593408598133,7.53217214791464,4.518163313691996
backward_left,49.34,-0.30000000000000004,0.15000000000000002,0.0,-0.2696066649276953,0.10414038676546011,0.08498015863999357,-0.20516384972484136,-0.06938170464272418,-0.03311200104426265,0.29990704888702613,0,0,0,8.690797443717994,8.690797443717994,7.479021758438961,8.470211323021731
backward_left,49.36,-0.30000000000000004,0.15000000000000002,0.0,-0.2611155797588966,0.09443837019911673,0.09887985532754567,-0.2173714740385085,-0.06411440731308378,-0.036214019459461205,0.301393270280464,0,0,0,7.057044006530438,7.057044006530438,7.469941529446398,8.664502979827118
backward_left,49.38,-0.30000000000000004,0.15000000000000002,0.0,-0.26669565157817837,0.08572061531787602,0.09659157994264897,-0.10993673467065354,-0.05542478462138853,-0.03896623798408761,0.30300629539293633,0,0,0,6.6040513617877075,6.6040513617877075,7.4225732455762135,8.138818573333355
backward_left,49.4,-0.30000000000000004,0.15000000000000002,0.0,-0.2774144438832042,0.08577104911687233,0.07191940686287271,0.012582075063730026,-0.043820473525492724,-0.04376761460586684,0.30430204331340854,0,0,0,7.266249820222119,7.266249820222119,7.462705672324287,6.067640392025003
backward_left,49.42,-0.30000000000000004,0.15000000000000002,0.0,-0.28714170968126473,0.0901001770944877,0.0469534043792733,0.1751746660275687,-0.030361988740662746,-0.05027509614881763,0.30509134017046796,0,0,0,8.455027381658883,8.455027381658883,7.497787815921907,2.910321471932902
backward_left,49.44,-0.30000000000000004,0.15000000000000002,0.0,-0.286350361658505,0.09970300189933064,0.02134395664869527,0.24818412676084936,-0.019179032928595362,-0.05802465711878034,0.30535902945507987,0,0,0,9.510025643276228,9.510025643276228,7.502830773456459,3.547508176336529
backward_left,49.46,-0.30000000000000004,0.15000000000000002,0.0,-0.2686250976901666,0.09819925421448975,0.017015845052853855,0.3239493518046995,-0.012225227264426278,-0.0629723829538872,0.30532506450258723,0,0,0,9.57831939897687,9.57831939897687,7.5076268935006,3.3299240403015675
backward_left,49.480000000000004,-0.30000000000000004,0.15000000000000002,0.0,-0.23662426177161336,0.09382761469356823,-0.0062748904293407435,0.26606994728140637,-0.00647788340568863,-0.06105235760081902,0.30509655472893843,0,0,0,8.753993579453212,8.753993579453212,7.512188068587559,1.8808714755122224
backward_left,49.5,-0.30000000000000004,0.15000000000000002,0.0,-0.19670325702279984,0.0877135553578785,-0.06667969315132947,0.1185780183225001,-0.00030704992186971294,-0.05240923317941175,0.304087953939828,0,0,0,7.1752351627229976,7.1752351627229976,7.5165256364481365,3.5104181954670226
backward_left,49.52,-0.30000000000000004,0.15000000000000002,0.0,-0.1586578684487193,0.07714525933636272,-0.11180203518109902,0.061512390907770026,0.0037302080846440973,-0.040577297140972836,0.3020534265868075,0,1,0,6.649156455809716,6.649156455809716,7.5206504041434385,6.173171295214299
backward_left,49.54,-0.30000000000000004,0.15000000000000002,0.0,-0.14746867194637836,0.0881770530022759,-0.07143669080417674,0.06830567901436631,-0.0009046921530068106,-0.034286746716384604,0.3002690460257925,0,0,0,7.499630017257292,7.499630017257292,7.5245726713187295,4.794002937614091
backward_left,49.56,-0.30000000000000004,0.15000000000000002,0.0,-0.16039304779046398,0.09972052035750628,-0.03544064425702751,0.31110942585551443,-0.003782661030967099,-0.031366488590862045,0.29914121023329626,0,0,0,8.73500272150694,8.73500272150694,7.528302252592901,4.1162406970019845
backward_left,49.58,-0.30000000000000004,0.15000000000000002,0.0,-0.19292327966709436,0.11760478360167953,0.0038071148330906953,0.36605623724888187,-0.003655536135193214,-0.03002343206711734,0.2988405391764518,0,0,0,7.733008860121009,7.733008860121009,7.521194667383501,4.2599867192767675
backward_left,49.6,-0.30000000000000004,0.15000000000000002,0.0,-0.22315516749695308,0.13666310307800314,0.023195019935782293,0.2704283927412936,-0.0017492021912455457,-0.030287668916868127,0.2990196867899161,0,0,0,7.539059710712006,7.539059710712006,7.517313052292369,3.396731310065224
backward_left,49.620000000000005,-0.30000000000000004,0.15000000000000002,0.0,-0.25192389018609423,0.14864290490115029,0.030732645653264945,0.1783137417072678,0.0008913242601062834,-0.03218129530525292,0.2994281065400083,0,0,0,7.470707288312897,7.470707288312897,7.519226177714074,1.9249520852972015
backward_left,49.64,-0.30000000000000004,0.15000000000000002,0.0,-0.28216798031870355,0.15221380861665276,0.025750586853567584,0.12925935753228412,0.003454281176304804,-0.03429037276638795,0.29987458350335444,0,0,0,7.454115130270499,7.454115130270499,7.523218381038188,1.7599183548794137
backward_left,49.660000000000004,-0.30000000000000004,0.15000000000000002,0.0,-0.30959775985054744,0.151113946348506,0.029734422425252607,0.14677553480897906,-0.003960195909026526,-0.034912296006447206,0.30026298830145004,0,0,0,7.6987410505712415,7.6987410505712415,7.529782552118938,3.1161659232366867
backward_left,49.68,-0.30000000000000004,0.15000000000000002,0.0,-0.3259064787291939,0.1512665049801615,0.01870874017154234,0.2033015388926773,-0.021776762694419284,-0.03339896096032409,0.3004932291292342,0,0,0,7.866793422503069,7.866793422503069,7.527750387512096,3.658794955959417
backward_left,49.7,-0.30000000000000004,0.15000000000000002,0.0,-0.32207209560514327,0.15413008450922452,-0.016855093631430146,0.3046407259173718,-0.047091637824258764,-0.03195975866872497,0.30023583139566995,0,0,0,8.33995946323217,8.33995946323217,7.521054660506856,4.206705812142637
backward_left,49.72,-0.30000000000000004,0.15000000000000002,0.0,-0.3026523712085647,0.15514755200914215,-0.018745324795612545,0.2261882023957919,-0.06849528147318709,-0.030793729795914885,0.2993201789449337,0,1,0,7.771861066087232,7.771861066087232,7.497437988293768,3.0146337561026937
backward_left,49.74,-0.30000000000000004,0.15000000000000002,0.0,-0.2741600926011891,0.12963039630255271,0.013878480173902235,0.01299908757448012,-0.0707055562388271,-0.03684871602268521,0.29891899186697907,0,0,0,7.627138881818039,7.627138881818039,7.479976997630249,5.920679697273547
backward_left,49.76,-0.30000000000000004,0.15000000000000002,0.0,-0.2634608671170743,0.11263263638552594,0.05617586866546763,-0.13140682760211997,-0.06789886829923533,-0.04516620344276963,0.2991568838195055,0,0,0,8.079801775786384,8.079801775786384,7.503596189971898,5.920679697273547
backward_left,49.78,-0.30000000000000004,0.15000000000000002,0.0,-0.2662165260050173,0.10894338062428811,0.07536602027783401,-0.2588913627209523,-0.06358382663288055,-0.05068029946211095,0.3000824060549327,0,0,0,7.699014894539142,7.699014894539142,7.547626587844402,7.686224091097387
backward_left,49.800000000000004,-0.30000000000000004,0.15000000000000002,0.0,-0.29234810979701376,0.10066782273624945,0.09104690858591243,-0.2282339035092843,-0.056888552110598324,-0.05075466451524727,0.30131825106143906,0,0,0,6.588590531428065,6.588590531428065,7.631999465707725,8.334068068286447
backward_left,49.82,-0.30000000000000004,0.15000000000000002,0.0,-0.3283997250781897,0.09716393211065759,0.07860565075409098,-0.216084363530666,-0.04681426532295776,-0.048331022471716716,0.3025085374661962,0,0,0,6.280033731475888,6.280033731475888,7.6742074208727935,5.6998842214548375
backward_left,49.84,-0.30000000000000004,0.15000000000000002,0.0,-0.3619546704324651,0.0888442074844025,0.055433878795354684,-0.147181809201814,-0.032126405401113944,-0.04665419490777518,0.3034042092910329,0,0,0,6.330548887503168,6.330548887503168,7.801046723330845,3.1797392006420218
backward_left,49.86,-0.30000000000000004,0.15000000000000002,0.0,-0.3795133176905109,0.08689315362013679,0.009439852881773255,-0.10530044443771547,-0.016204186729939507,-0.048329752429271323,0.30359651281993494,0,0,0,6.477643109462227,6.477643109462227,7.847790173558142,2.633781917955691
backward_left,49.88,-0.30000000000000004,0.15000000000000002,0.0,-0.38100275032304554,0.09935051294808973,-0.053072773500049256,-0.13863042384976879,-0.007465054672715548,-0.052159272713331414,0.302696934900862,0,0,0,7.541018217447976,7.541018217447976,7.835211756805091,2.2991970627949234
backward_left,49.9,-0.30000000000000004,0.15000000000000002,0.0,-0.36681144049657616,0.10749206917703162,-0.09552792094095096,-0.1629093204367443,-0.004239307570836279,-0.05360103184123879,0.30062021683306106,0,0,0,7.947708724177456,7.947708724177456,7.823284017366056,2.387732976588753
backward_left,49.92,-0.30000000000000004,0.15000000000000002,0.0,-0.3314711875295872,0.10306932278498623,-0.12375878239792203,-0.2589126706880775,0.0018956314579926322,-0.045605755989334355,0.2979176917065186,0,1,0,7.217327014819004,7.217327014819004,7.81197208540296,4.438234493729629
backward_left,49.94,-0.30000000000000004,0.15000000000000002,0.0,-0.2946942302864958,0.11306437320436287,-0.06571229221503519,-0.2442051140271701,-0.006649365172240829,-0.03981114974209319,0.295777172255156,0,1,0,9.48899446730761,9.48899446730761,7.801243080431032,5.04976899957976
backward_left,49.96,-0.30000000000000004,0.15000000000000002,0.0,-0.26751872327895704,0.11545902517390007,-0.008218181214082196,-0.125291615376948,-0.015973537533627763,-0.040366044764621696,0.29483112201471484,0,1,0,10.155829704024617,10.155829704024617,7.733207724381696,5.380928997188927
backward_left,49.980000000000004,-0.30000000000000004,0.15000000000000002,0.0,-0.2508785269866073,0.11575373401274772,0.01955251017664909,0.0370107651121885,-0.02512014933571257,-0.043844021898938455,0.294811034476612,0,0,0,10.279863291689558,10.279863291689558,7.611200420201907,4.0452910243218865
backward_left,50.0,-0.30000000000000004,0.15000000000000002,0.0,-0.2613817125160507,0.12216148827269947,0.038524466561185904,0.06993777331547496,-0.031950972911471566,-0.044637704516058925,0.29514341196076044,0,0,0,9.668451581590768,9.668451581590768,7.484832852031964,6.311190825101974
backward_right,50.02,-0.30000000000000004,-0.15000000000000002,0.0,-0.2720006287521142,0.13337284280356188,0.04128082138148548,0.04945309473115948,-0.037320706088370195,-0.04353558789592832,0.2955717701228669,0,0,0,9.061166788468537,9.061166788468537,7.385254666824078,6.300447450104118
backward_right,50.04,-0.30000000000000004,-0.15000000000000002,0.0,-0.28642618709644907,0.14357400096768377,0.038348052857208416,0.05034460237726381,-0.04138478733883646,-0.04263018449672799,0.29594585865079365,0,0,0,8.49460629229571,8.49460629229571,7.3185849490756105,6.628046174706997
backward_right,50.06,-0.30000000000000004,-0.15000000000000002,0.0,-0.30408498787996957,0.15327993814643798,0.03694925192937712,0.08419167459081617,-0.04741153993063461,-0.04140880121119971,0.29630934279802545,0,0,0,8.116700670617558,8.116700670617558,7.277293482413345,5.249040664825412
backward_right,50.08,-0.30000000000000004,-0.15000000000000002,0.0,-0.3149295025793258,0.15802364482531567,0.015100378125264699,0.17391895917258163,-0.0577719588369212,-0.03717394703257505,0.2964208487520826,0,0,0,7.770470232874291,7.770470232874291,7.257210250394888,6.426761527503393
backward_right,50.1,-0.30000000000000004,-0.15000000000000002,0.0,-0.3132863333641062,0.15821012582931684,-0.03584742411552964,0.29990788071147745,-0.07249805858875921,-0.02726875092314378,0.2957474542401692,0,0,0,7.232841072629103,7.232841072629103,7.247043901872573,6.81743405511024
backward_right,50.120000000000005,-0.30000000000000004,-0.15000000000000002,0.0,-0.30903813539646546,0.12046582385808512,-0.04871499225176568,0.33443402783075676,-0.07904773275997316,-0.01540134175693419,0.2942368369376861,0,0,0,7.500136531364452,7.500136531364452,7.260782869454296,6.29008989585005
backward_right,50.14,-0.30000000000000004,-0.15000000000000002,0.0,-0.30988780482026396,0.05787504282017369,-0.026398446079442313,0.4124974987248033,-0.07052480629403629,-0.01252002080948639,0.2932040639901809,0,1,0,7.985940515583386,7.985940515583386,7.277197997200105,4.857480242288338
backward_right,50.160000000000004,-0.30000000000000004,-0.15000000000000002,0.0,-0.31116388628500186,0.006166150781527863,0.02194151324264669,0.5927654241519728,-0.060174902586015044,-0.01608487443437409,0.29307610471901463,0,0,0,8.490047957285459,8.490047957285459,7.324091303227505,4.451819582914902
backward_right,50.18,-0.30000000000000004,-0.15000000000000002,0.0,-0.31360170942322446,-0.02296926254723489,0.045206493717977664,0.7104183598258771,-0.04939175375595042,-0.021130597109473254,0.29368243144677303,0,0,0,7.281735541130509,7.281735541130509,7.386712230327134,4.496713700382
backward_right,50.2,-0.30000000000000004,-0.15000000000000002,0.0,-0.3113192166022904,-0.021308075946468247,0.052569317854384186,0.633841314218172,-0.04465506233575138,-0.02552938220307838,0.2945261706264386,0,0,0,8.634642346708107,8.634642346708107,7.473157580222562,5.949731971160034
backward_right,50.22,-0.30000000000000004,-0.15000000000000002,0.0,-0.31685403418705477,-0.010429704712496175,0.06422055987883522,0.49472255013279726,-0.04327540045583793,-0.025899139754594024,0.2956118078970372,0,0,0,8.268895129878324,8.268895129878324,7.537555740779947,6.448010771260192
backward_right,50.24,-0.30000000000000004,-0.15000000000000002,0.0,-0.3366474713030092,-0.006696056777954169,0.07530678192580659,0.4068739992772186,-0.04129536483107826,-0.021821830160942374,0.2968899505816565,0,0,0,7.225630173922826,7.225630173922826,7.540646630748423,6.682936391572033
backward_right,50.26,-0.30000000000000004,-0.15000000000000002,0.0,-0.36165085617900644,-0.006257239891858011,0.07031345315447472,0.28461391203848146,-0.03910546461225537,-0.015404532418978734,0.2982290382035621,0,0,0,7.268721007113326,7.268721007113326,7.596494764818075,6.96729278998262
backward_right,50.28,-0.30000000000000004,-0.15000000000000002,0.0,-0.38248619292447744,-0.015359712728802549,0.05509326223363839,0.19734363773706193,-0.036797148492104956,-0.009649525411786312,0.2993946580426751,0,0,0,7.054507662184457,7.054507662184457,7.596604306789949,7.047757353794742
backward_right,50.300000000000004,-0.30000000000000004,-0.15000000000000002,0.0,-0.38904470816881553,-0.022989497210431736,0.02167015443365801,0.08445988495430633,-0.03302559383756824,-0.007194448297181789,0.2999894405732466,0,0,0,6.517419606534363,6.517419606534363,7.596773198647924,6.88087895625761
backward_right,50.32,-0.30000000000000004,-0.15000000000000002,0.0,-0.3676260871482132,-0.026837456563693386,-0.025174428554970846,-0.12841578391965724,-0.028092048351193066,-0.00908410967019578,0.2998286788082326,0,0,0,7.192845138479041,7.192845138479041,7.596933692525457,6.073952796878512
backward_right,50.34,-0.30000000000000004,-0.15000000000000002,0.0,-0.31688234165755025,-0.03663760039378968,-0.06153409863272508,-0.38718703323245335,-0.020006068834153602,-0.014216941242504588,0.2988260345430581,0,0,0,8.514685246465874,8.514685246465874,7.597086205789736,3.0364636211486475
backward_right,50.36,-0.30000000000000004,-0.15000000000000002,0.0,-0.2557844529640755,-0.04832656626217428,-0.06478190371120363,-0.5592487453357814,-0.010784630836087501,-0.020004467798524658,0.29726998845588953,0,1,0,9.172387962871726,9.172387962871726,7.593501729118735,5.310803392274982
backward_right,50.38,-0.30000000000000004,-0.15000000000000002,0.0,-0.20957848211915098,-0.04392899550647483,-0.027976268624854347,-0.5933281651313921,-0.013045860583015446,-0.03418648057934499,0.29625320321172066,0,1,0,10.297887142528815,10.297887142528815,7.541338088414086,6.841010161882215
backward_right,50.4,-0.30000000000000004,-0.15000000000000002,0.0,-0.19437320248386714,-0.043532079041460475,0.035190384423783846,-0.4962522905484325,-0.011777590406737632,-0.04787733044949287,0.2962501984161282,0,0,0,10.58158912225731,10.58158912225731,7.416715937239797,5.519498398125535
backward_right,50.42,-0.30000000000000004,-0.15000000000000002,0.0,-0.1987843913729039,-0.03863557453756926,0.06343250975437757,-0.2972226663877894,-0.006536120087270464,-0.0557267948745228,0.29706354458721135,0,0,0,9.559319831884977,9.559319831884977,7.2803398374493185,5.466758666213117
backward_right,50.44,-0.30000000000000004,-0.15000000000000002,0.0,-0.21884777416087592,-0.03341663085381385,0.06819399026265391,-0.2509419870919239,-0.0017344654886059946,-0.06126888054524086,0.29815538855560386,0,0,0,8.553899397951694,8.553899397951694,7.1764561439786085,6.526238816612915
backward_right,50.46,-0.30000000000000004,-0.15000000000000002,0.0,-0.24518180843558432,-0.024559248635786065,0.0707850068758065,-0.2923400040278435,-0.00044305397236322314,-0.06658558040301187,0.29926934804425764,0,0,0,7.795031907233289,7.795031907233289,7.130757560890078,5.484785310082463
backward_right,50.480000000000004,-0.30000000000000004,-0.15000000000000002,0.0,-0.27878320526222333,-0.01863524297502906,0.0641662508838264,-0.28662403216666243,-0.0009482660514985279,-0.07066088148777595,0.30026553611173734,0,0,0,7.411480472103126,7.411480472103126,7.121223633537351,3.864616225086925
backward_right,50.5,-0.30000000000000004,-0.15000000000000002,0.0,-0.30779462570397353,-0.012688798082149214,0.05429446908387124,-0.21489778773115642,-0.004737775516869356,-0.07218937467517321,0.3010411107794032,0,0,0,7.152567000866394,7.152567000866394,7.13049053960259,2.834388367561789
backward_right,50.52,-0.30000000000000004,-0.15000000000000002,0.0,-0.32561245668143834,-0.01649296803986117,0.018008694256586244,-0.014774651933264521,-0.01152402858472203,-0.07000446363062938,0.30126823909965483,0,0,0,6.66822337742722,6.66822337742722,7.147522703560135,2.843689364087959
backward_right,50.54,-0.30000000000000004,-0.15000000000000002,0.0,-0.32988143711331397,-0.023112605447645346,-0.048707458990039004,0.2595851306990886,-0.02141971332346312,-0.06306592644458438,0.30047696473089275,0,0,0,6.203716852729094,6.203716852729094,7.169216090940822,3.2543306722908554
backward_right,50.56,-0.30000000000000004,-0.15000000000000002,0.0,-0.31181104192372805,-0.027746744611997838,-0.11943045412996751,0.5435117356772603,-0.034128426783917955,-0.051817377216384214,0.29827862491398954,0,1,0,5.874758812342349,5.874758812342349,7.189906248029764,3.034000187050899
backward_right,50.58,-0.30000000000000004,-0.15000000000000002,0.0,-0.2884469397908316,-0.049765159874583145,-0.08994399789771226,0.6057845305372591,-0.031734041036086104,-0.04612884961223965,0.29589291409543855,0,1,0,8.434707477490466,8.434707477490466,7.25105534754908,4.154616590605475
backward_right,50.6,-0.30000000000000004,-0.15000000000000002,0.0,-0.27535534730178823,-0.05784124358565718,-0.007429644182607276,0.4797629480363705,-0.031845233269365454,-0.04544325104582571,0.29474409030287047,0,0,0,10.879295057453422,10.879295057453422,7.321572778960505,4.722810248278912
backward_right,50.620000000000005,-0.30000000000000004,-0.15000000000000002,0.0,-0.27229185507817505,-0.056571562985513336,0.05113667029861414,0.2215395166678483,-0.03612294921729985,-0.04597359883388231,0.2950187301660173,0,0,0,10.023409025020541,10.023409025020541,7.39947703448518,5.154266018283732
backward_right,50.64,-0.30000000000000004,-0.15000000000000002,0.0,-0.28118600290443113,-0.05835042753106134,0.0805771821873706,0.016258019662838567,-0.04134249310145584,-0.04599944370248324,0.29614842860259644,0,0,0,8.3204578746581,8.3204578746581,7.538169761039601,4.1995469809334836
backward_right,50.660000000000004,-0.30000000000000004,-0.15000000000000002,0.0,-0.29808045828109614,-0.0617984735461173,0.08503641981260017,-0.09835989088102713,-0.045807389569013326,-0.04573740652277604,0.29758474655360384,0,0,0,7.451345242385651,7.451345242385651,7.530304589259369,5.42738229710492
backward_right,50.68,-0.30000000000000004,-0.15000000000000002,0.0,-0.3215696138705818,-0.06635346597809942,0.07750000327816221,-0.1503634844185116,-0.04771818403416807,-0.04471734386616553,0.2989407270552022,0,0,0,6.0717485030101,6.0717485030101,7.5337523608659005,5.537622802311894
backward_right,50.7,-0.30000000000000004,-0.15000000000000002,0.0,-0.3459366188445383,-0.06508655863996357,0.04771175551630087,-0.25309674244861863,-0.04574541066118167,-0.04310984298957845,0.2999665933207171,0,0,0,5.731483541610131,5.731483541610131,7.53703049547115,5.182196342620518
backward_right,50.72,-0.30000000000000004,-0.15000000000000002,0.0,-0.3640070088686856,-0.0698713588911094,0.015608080827091721,-0.22571736729157604,-0.03885801739306523,-0.040797575788956326,0.30040427874697506,0,0,0,5.617296067452436,5.617296067452436,7.540147250785083,5.590599785768794
backward_right,50.74,-0.30000000000000004,-0.15000000000000002,0.0,-0.35603187823787724,-0.06018618683812532,-0.0597968753014695,-0.3075165375127756,-0.02863216902550563,-0.0392098246161133,0.29970301320724885,0,0,0,6.524227348796759,6.524227348796759,7.543110491089781,4.398810947785095
backward_right,50.76,-0.30000000000000004,-0.15000000000000002,0.0,-0.3267565764287142,-0.05143473266852968,-0.13435329520982953,-0.37169099529128924,-0.016280376649218747,-0.03831942431202081,0.2975017852777347,0,0,0,8.09067159287221,8.09067159287221,7.545927705159105,4.3085415111032255
backward_right,50.78,-0.30000000000000004,-0.15000000000000002,0.0,-0.2781773122856426,-0.04411479386864266,-0.17895643262465183,-0.4769469744841297,-0.00276368124211364,-0.03690072450811101,0.2939125183548738,0,0,0,9.412502935311519,9.412502935311519,7.54501813808988,3.4399009924333104
backward_right,50.800000000000004,-0.30000000000000004,-0.15000000000000002,0.0,-0.23827864648904035,-0.0007303187793957471,-0.10737093442770039,-0.3487609601529042,-0.006842015257607858,-0.042300545471397916,0.2909065036774043,0,1,0,10.065746842593155,10.065746842593155,7.477433025449333,3.4812592830420286
backward_right,50.82,-0.30000000000000004,-0.15000000000000002,0.0,-0.2141556898609479,0.027015091984924078,-0.021217013274332085,-0.1983135807327411,-0.012879846869547991,-0.05267756154006501,0.28948269714070723,0,0,0,10.957156590221034,10.957156590221034,7.37735846818088,9.054531183357174
backward_right,50.84,-0.30000000000000004,-0.15000000000000002,0.0,-0.20125597856204047,0.057179438238581785,0.04894394440962789,-0.06247941386489983,-0.019560974218688198,-0.060204873025876585,0.28954976727076515,0,0,0,10.724245381870167,10.724245381870167,7.145608806377975,8.533348605652446
backward_right,50.86,-0.30000000000000004,-0.15000000000000002,0.0,-0.19594307331697178,0.06935932472018416,0.07164051699716882,0.05752733488720277,-0.024896273175151782,-0.06441964466974714,0.290573802459517,0,0,0,9.595746553927714,9.595746553927714,6.959248189821807,8.533348605652446
backward_right,50.88,-0.30000000000000004,-0.15000000000000002,0.0,-0.21023504293218895,0.07158176601527112,0.06623733438919117,0.09796753066197482,-0.03257149261680618,-0.06690734250230983,0.2917192691261591,0,0,0,8.623520927305831,8.623520927305831,6.887495633919222,7.626376401767897
backward_right,50.9,-0.30000000000000004,-0.15000000000000002,0.0,-0.2400102144427032,0.0837591621389593,0.054392419286163105,0.013789491508538471,-0.04185983265253404,-0.06630734312028468,0.292620101449698,0,0,0,7.789934304660768,7.789934304660768,6.920931825381057,5.97235966670024
backward_right,50.92,-0.30000000000000004,-0.15000000000000002,0.0,-0.27443252288816533,0.09517953132625585,0.02830193149761759,-0.06654048111530936,-0.05046952812042127,-0.06368919212412487,0.2930307771313165,0,0,0,7.589305532387151,7.589305532387151,6.952887023019635,3.589502267224426
backward_right,50.94,-0.30000000000000004,-0.15000000000000002,0.0,-0.30434803477199035,0.09852505169220516,-0.013494309777437343,-0.056238581157600644,-0.05962882721559767,-0.05876035171849062,0.29273075026959666,0,0,0,7.465156775058568,7.465156775058568,6.983418879154691,2.2068965772992306
backward_right,50.96,-0.30000000000000004,-0.15000000000000002,0.0,-0.32678593156879915,0.09468203289452311,-0.06720642757223302,0.0006493947341324607,-0.0697109942470955,-0.05022474633573691,0.2913903911652875,0,1,0,7.41073377893738,7.41073377893738,7.012583516044504,4.283844710426015
backward_right,50.980000000000004,-0.30000000000000004,-0.15000000000000002,0.0,-0.3330165330101472,0.044782185164509804,-0.04333049973491157,0.09112901605259928,-0.07076875380695954,-0.04457828295324002,0.2898473557374517,0,0,0,7.366965512026428,7.366965512026428,7.040435499396754,2.480460808276876
backward_right,51.0,-0.30000000000000004,-0.15000000000000002,0.0,-0.3391261487416076,-0.007401413871858583,-0.00032843487173845817,0.26295595393441157,-0.06620199433757276,-0.04433496492182954,0.28908473805923696,0,1,0,8.434531525409428,8.434531525409428,7.067027819879442,5.552599327451855
backward_right,51.02,-0.30000000000000004,-0.15000000000000002,0.0,-0.3423855037186142,-0.04664838877235753,0.05668478627875546,0.43373351208686167,-0.06117743705321469,-0.04808972813956852,0.289415021086115,0,0,0,9.143040264854658,9.143040264854658,7.092411881954938,5.4014284654899125
backward_right,51.04,-0.30000000000000004,-0.15000000000000002,0.0,-0.3442374515929579,-0.05512166278092514,0.0819445192693293,0.4615509809193228,-0.05767478153224066,-0.052273425330628974,0.2905426201627766,0,0,0,7.830272951523141,7.830272951523141,7.116637499383316,5.765559175290248
backward_right,51.06,-0.30000000000000004,-0.15000000000000002,0.0,-0.34230367814948676,-0.04471328875738197,0.09188059657729161,0.36550559750437367,-0.05993064691896324,-0.053615136567976535,0.2920017741784938,0,0,0,7.521860131802441,7.521860131802441,7.124144335184678,4.501660050101923
backward_right,51.08,-0.30000000000000004,-0.15000000000000002,0.0,-0.34940996923828993,-0.04062284965676499,0.10404995999381746,0.32309372848536977,-0.0628170225321675,-0.05143943740268894,0.2936562079553931,0,0,0,6.696948935508232,6.696948935508232,7.125170005752473,4.600742769483833
backward_right,51.1,-0.30000000000000004,-0.15000000000000002,0.0,-0.361690007724194,-0.03663982143103467,0.09812849008588409,0.24609738988429183,-0.06454239877840325,-0.04713322951043483,0.29529698907095003,0,0,0,7.291457011761224,7.291457011761224,7.147893290697567,6.2819324541429244
backward_right,51.120000000000005,-0.30000000000000004,-0.15000000000000002,0.0,-0.383212998820729,-0.034197942832755485,0.08895233950816563,0.16364214333237845,-0.06242085346199014,-0.04163021108798544,0.29680033584399473,0,0,0,6.675261811981422,6.675261811981422,7.169569570647301,5.795302687703506
backward_right,51.14,-0.30000000000000004,-0.15000000000000002,0.0,-0.3990667455667107,-0.028378076934243546,0.0549189980850477,0.004988141180606259,-0.05772883840651292,-0.036180933977042924,0.2979928000661176,0,0,0,6.496992327601329,6.496992327601329,7.190243350444661,6.414099685243711
backward_right,51.160000000000004,-0.30000000000000004,-0.15000000000000002,0.0,-0.40273036916044125,-0.03401898160320433,0.028707327119904806,-0.07788300117424776,-0.049961355967336474,-0.031639640935826115,0.29865235187227,0,0,0,6.5611789205180875,6.5611789205180875,7.209957587685299,5.8826722497844015
backward_right,51.18,-0.30000000000000004,-0.15000000000000002,0.0,-0.37756399101362653,-0.02960008251103274,-0.034298616549520856,-0.2971675046602468,-0.04165103865257342,-0.03045998296601868,0.2982966536145426,0,0,0,5.835684883388924,5.835684883388924,7.2742131832998815,5.8826722497844015
backward_right,51.2,-0.30000000000000004,-0.15000000000000002,0.0,-0.332231338492872,-0.01933696713812805,-0.10764971296568963,-0.5844920851018764,-0.03418756598003321,-0.03285522976840578,0.2965492718225622,0,0,0,7.688199716856296,7.688199716856296,7.343514538022269,4.983236518155791
backward_right,51.22,-0.30000000000000004,-0.15000000000000002,0.0,-0.2771205290088673,-0.02459512249378964,-0.1583112587481905,-0.8448083589482261,-0.022750575349183483,-0.038542209997467956,0.2936771344611068,0,1,0,8.268763670744146,8.268763670744146,7.368015065649242,5.268230813431544
backward_right,51.24,-0.30000000000000004,-0.15000000000000002,0.0,-0.24006984469546555,-0.01577791618162202,-0.0961245287244527,-0.8010431319269816,-0.02322781925077852,-0.04946020115496951,0.2909226735844006,0,1,0,10.874561808381443,10.874561808381443,7.346718272504063,3.9657808504493133
backward_right,51.26,-0.30000000000000004,-0.15000000000000002,0.0,-0.2250659027529034,-0.015767229114255814,-0.023054600062751444,-0.5632370235937414,-0.026277013078315894,-0.06252315345921121,0.28947725796303864,0,1,0,12.060783814599533,12.060783814599533,7.3382364847402,6.548977505842025
backward_right,51.28,-0.30000000000000004,-0.15000000000000002,0.0,-0.2281372479055412,-0.014532998488715015,0.03015261930476704,-0.18946925791484218,-0.028355209985868424,-0.06944751651240588,0.28936893736044,0,0,0,11.040879225446922,11.040879225446922,7.12322911776069,5.63577732827625
backward_right,51.300000000000004,-0.30000000000000004,-0.15000000000000002,0.0,-0.26064884251728676,-0.0060091511384841815,0.05782094712374751,0.03303593434424411,-0.031978290329441494,-0.07012798043912119,0.29006993625005917,0,0,0,9.153458348929975,9.153458348929975,6.933707685518986,6.465491346582522
backward_right,51.32,-0.30000000000000004,-0.15000000000000002,0.0,-0.2966221542709698,0.016458134104567892,0.0601575836749094,0.005946720465815002,-0.037313568944851085,-0.06930724245112864,0.2909386599620902,0,0,0,7.712919767360421,7.712919767360421,6.852202079877216,6.227021496970712
backward_right,51.34,-0.30000000000000004,-0.15000000000000002,0.0,-0.33273754773732006,0.03896804731228468,0.034690511895311346,-0.12810487715448682,-0.04301900887754809,-0.07122221611547908,0.2913998922855422,0,0,0,7.507229941218456,7.507229941218456,6.8449485865590844,4.201252904899192
backward_right,51.36,-0.30000000000000004,-0.15000000000000002,0.0,-0.3585262612859672,0.04778950691626745,-0.0027840508578537634,-0.17497413210065593,-0.0503120250996952,-0.07490713431160916,0.29110361294631343,0,0,0,8.07164718415995,8.07164718415995,6.8576217308302745,3.145244415167288
backward_right,51.38,-0.30000000000000004,-0.15000000000000002,0.0,-0.3722225047449353,0.040515899705971005,-0.05992376526136769,-0.04102436078508545,-0.0601337749693015,-0.07547032705042953,0.28979598450841104,0,0,0,8.444458146648591,8.444458146648591,6.852504994233282,2.043876170968417
backward_right,51.4,-0.30000000000000004,-0.15000000000000002,0.0,-0.36611210143236683,0.027904747840160553,-0.12082694593160992,0.22347111165981418,-0.07365162165088084,-0.06960642922945265,0.2872755889242598,0,1,0,8.372927789090385,8.372927789090385,6.826649437488339,2.8724192012004304
backward_right,51.42,-0.30000000000000004,-0.15000000000000002,0.0,-0.34704913879410987,-0.003640499974892226,-0.10305034150673364,0.34111437227498825,-0.07330488521447465,-0.06539828597130451,0.284506562342962,0,1,0,7.9219884882506895,7.9219884882506895,6.798322369460426,3.670925519320126
backward_right,51.44,-0.30000000000000004,-0.15000000000000002,0.0,-0.33186555649610744,-0.02859965708365384,-0.04063217883864863,0.40373073476282084,-0.06973249327936837,-0.06632853047519213,0.28267437863806294,0,0,0,9.094941274060547,9.094941274060547,6.792030930336377,4.992670003134842
backward_right,51.46,-0.30000000000000004,-0.15000000000000002,0.0,-0.3173566316087159,-0.03967101388578058,0.012352812935532123,0.35043069100309165,-0.06869865191184091,-0.070182038351762,0.2820566218006642,0,0,0,9.844371866729228,9.844371866729228,6.8102765890375565,6.387965289822107
backward_right,51.480000000000004,-0.30000000000000004,-0.15000000000000002,0.0,-0.31515278976554606,-0.038315421690106946,0.05771638089350711,0.2348509271945877,-0.07168891803971549,-0.07389087553011532,0.28239422639072426,0,0,0,9.168115242541392,9.168115242541392,6.84710070581102,6.387965289822107
backward_right,51.5,-0.30000000000000004,-0.15000000000000002,0.0,-0.3209492092717173,-0.03573498687468996,0.08738136198192922,0.11228440488707042,-0.07229066517804011,-0.07597101508401573,0.28342704786340683,0,0,0,8.564238481670062,8.564238481670062,6.8823148118345365,6.219286961988285
backward_right,51.52,-0.30000000000000004,-0.15000000000000002,0.0,-0.3276294850587245,-0.03280719221926665,0.09372326557993237,-0.026341194954510705,-0.06970588137846538,-0.07614672908974617,0.28483997717027226,0,0,0,8.205063828121002,8.205063828121002,6.915979719066893,6.3807944391954985
backward_right,51.54,-0.30000000000000004,-0.15000000000000002,0.0,-0.34002533574800275,-0.03893912058714427,0.09211939736247164,-0.0801097367398717,-0.06547418036567541,-0.0740401088213824,0.28636993127468374,0,0,0,8.016235278633436,8.016235278633436,6.809751623655075,6.1305721308505925
backward_right,51.56,-0.30000000000000004,-0.15000000000000002,0.0,-0.3540020362228908,-0.04137685104829147,0.06718636466562954,-0.12535052307789152,-0.06043353866762254,-0.07018475943033702,0.2876283693441005,0,0,0,7.437638776958885,7.437638776958885,6.807034745401705,5.602827269760284
backward_right,51.58,-0.30000000000000004,-0.15000000000000002,0.0,-0.3620500444270244,-0.03868009737072104,0.017119760680654933,-0.13748529819905211,-0.054820506525503854,-0.06471791389380895,0.28804808181237723,0,0,0,9.099559164272327,9.099559164272327,6.8197890924136,5.591106142318381
backward_right,51.6,-0.30000000000000004,-0.15000000000000002,0.0,-0.34152790406741607,-0.026201213140261193,-0.06674981464037773,-0.28600028061365984,-0.048468113108117904,-0.05836112203622862,0.2871544491901213,0,0,0,7.009486732172284,7.009486732172284,6.85178972066214,5.8350364048879335
backward_right,51.620000000000005,-0.30000000000000004,-0.15000000000000002,0.0,-0.3117522512091021,-0.021491122163231596,-0.1400644960357432,-0.43374448045208597,-0.03920032842184695,-0.05338738762066196,0.28474294552575513,0,0,0,9.924738860944462,9.924738860944462,6.874903662086464,6.127027949067027
backward_right,51.64,-0.30000000000000004,-0.15000000000000002,0.0,-0.2632733403586072,-0.027120944331527164,-0.193105650918027,-0.6016595171806214,-0.025769317181565932,-0.04914064077242369,0.28109289829953255,0,0,0,10.769892217269414,10.769892217269414,6.883028297095795,3.7889021824918574
backward_right,51.660000000000004,-0.30000000000000004,-0.15000000000000002,0.0,-0.22593456725294642,-0.00620118876239233,-0.13828228047094984,-0.5755141204965346,-0.024201333492497073,-0.04962386357809383,0.2775090962197153,0,1,0,11.972564227475688,11.972564227475688,6.781226556142471,3.7889021824918574
backward_right,51.68,-0.30000000000000004,-0.15000000000000002,0.0,-0.20420119190849412,0.025299888222521577,-0.046518042285957524,-0.40394198814728816,-0.031486899002534444,-0.060258668676620095,0.2755521308289513,0,1,0,14.898797485402095,14.0,6.583467594979066,3.238662127118956
backward_right,51.7,-0.30000000000000004,-0.15000000000000002,0.0,-0.19776461500305662,0.04820470569195505,0.03565818896322347,-0.19610492628534162,-0.039488639405843705,-0.073518685967616,0.275230266463153,0,0,0,14.118303794841564,14.0,6.244977870093106,7.682455804329685
backward_right,51.72,-0.30000000000000004,-0.15000000000000002,0.0,-0.19841351680358754,0.06318955497770953,0.07731064180013772,-0.04760404625525154,-0.04777871786648751,-0.08522565983727494,0.2761031006978424,0,0,0,12.324957972785878,12.324957972785878,6.0,6.643993647601462
backward_right,51.74,-0.30000000000000004,-0.15000000000000002,0.0,-0.20206112310184826,0.06963040483354824,0.0729684485439784,-0.01971910727319338,-0.0571828105421731,-0.09399612312292953,0.2772554437758828,0,0,0,10.629248888733388,10.629248888733388,6.0,5.681953734434485
backward_right,51.76,-0.30000000000000004,-0.15000000000000002,0.0,-0.2149106487177186,0.07377224491168298,0.04092977066458554,-0.07841217941528417,-0.06691938784717509,-0.09866897585048305,0.27793777920747414,0,0,0,9.342143716247998,9.342143716247998,6.0,5.428116807181798
backward_right,51.78,-0.30000000000000004,-0.15000000000000002,0.0,-0.22917963551362264,0.07567749339083181,-0.010188946347817942,-0.11138523811225533,-0.07787839246506359,-0.09774390008681702,0.27765064006509316,0,0,0,8.568703682222989,8.568703682222989,6.0,5.056141751045216
backward_right,51.800000000000004,-0.30000000000000004,-0.15000000000000002,0.0,-0.22527712230884456,0.06856998517849903,-0.10640232400958974,0.08859207599329336,-0.08795417861494813,-0.09056809633712601,0.27583007913162,0,0,0,7.989600687098172,7.989600687098172,6.0,7.068469703390694
backward_right,51.82,-0.30000000000000004,-0.15000000000000002,0.0,-0.21114625191581635,0.030537264625229113,-0.1235230489423934,0.20923720174103902,-0.08526445377194128,-0.08318112187024242,0.2729190440710484,0,1,0,7.681042930785751,7.681042930785751,6.0,8.14885112473216
backward_right,51.84,-0.30000000000000004,-0.15000000000000002,0.0,-0.20846638473866114,-0.02861620221181732,-0.08398509652293273,0.4513050071184559,-0.08102460273712216,-0.08350282057430489,0.2705114188514689,0,0,0,9.123512746175374,9.123512746175374,6.0,3.18391516985773
backward_right,51.86,-0.30000000000000004,-0.15000000000000002,0.0,-0.2203240924555613,-0.07894677441932593,-0.011208641627722275,0.6629406582419574,-0.07488548461383948,-0.08866604827101489,0.26932307289409435,0,0,0,10.240258513311172,10.240258513311172,6.0,2.8711979165663304
backward_right,51.88,-0.30000000000000004,-0.15000000000000002,0.0,-0.23439986283311756,-0.103786948295177,0.0523982552745071,0.8427079234432326,-0.07219998031938797,-0.09564697404157163,0.26956009189266483,0,0,0,10.683903268684396,10.683903268684396,6.0,2.007133882417552
backward_right,51.9,-0.30000000000000004,-0.15000000000000002,0.0,-0.2424028863340868,-0.09871970395368221,0.08015561067160595,0.8280915734696511,-0.0732871449074804,-0.10172878901512283,0.27064088206452813,0,0,0,10.542938962379408,10.542938962379408,6.0,4.967983991709636
backward_right,51.92,-0.30000000000000004,-0.15000000000000002,0.0,-0.25983393580753616,-0.08529943221273804,0.10519989534045365,0.7537761871456063,-0.0762087005842689,-0.10658729176701046,0.2721266427255637,0,0,0,9.721542762851376,9.721542762851376,6.0,4.177655360696577
backward_right,51.94,-0.30000000000000004,-0.15000000000000002,0.0,-0.28168831144452894,-0.07301960347731234,0.11859042657648455,0.6322653327822831,-0.07754975914150063,-0.10869079105445724,0.27388268370959135,0,0,0,8.444246939076836,8.444246939076836,6.0,4.607567704197043
backward_right,51.96,-0.30000000000000004,-0.15000000000000002,0.0,-0.30647319725653455,-0.06521939973618149,0.12088149773681553,0.4863869002264725,-0.07459598787331298,-0.10815236946694155,0.2757162158138674,0,0,0,8.702159347570037,8.702159347570037,6.0,5.12679146966806
backward_right,51.980000000000004,-0.30000000000000004,-0.15000000000000002,0.0,-0.3299350125239491,-0.060450738073189424,0.10754380807252692,0.33299476289252317,-0.06608414016309583,-0.10501998125721973,0.2773782408860927,0,0,0,9.95067244155048,9.95067244155048,6.0,6.235435091639681
backward_right,52.0,-0.30000000000000004,-0.15000000000000002,0.0,-0.3393639271691308,-0.05824744603725052,0.07127213430509086,0.17017809366354683,-0.05411236243923005,-0.0985443760871067,0.27852665883291566,0,0,0,10.161971461584173,10.161971461584173,6.0,7.20103059468679
backward_right,52.02,-0.30000000000000004,-0.15000000000000002,0.0,-0.3357327564253948,-0.05067538874258851,-0.0029045491800892796,-0.007723005099388069,-0.04232350325263799,-0.08895255845806894,0.2785279364751204,0,0,0,10.000766472758375,10.000766472758375,6.0,7.845039785992615
backward_right,52.04,-0.30000000000000004,-0.15000000000000002,0.0,-0.3064391648647683,-0.05085777523419422,-0.08490982265612283,-0.2487917130504542,-0.029462081364292517,-0.07806677546747334,0.277036989515471,0,0,0,11.366444644140767,11.366444644140767,6.0,8.323147608455605
backward_right,52.06,-0.30000000000000004,-0.15000000000000002,0.0,-0.2667316663378207,-0.055013850364514894,-0.17598149741700705,-0.5133077380947635,-0.015677060063901106,-0.06894760256870593,0.2738984571491515,0,0,0,10.339709297510423,10.339709297510423,6.0,8.229207729051772
backward_right,52.08,-0.30000000000000004,-0.15000000000000002,0.0,-0.21662610569532909,-0.04420796452882752,-0.218214347837214,-0.7572227730182094,-0.004088799380393489,-0.06403442003460968,0.26933063437879257,0,0,0,9.72098703677669,9.72098703677669,6.0,6.263720946339907
backward_right,52.1,-0.30000000000000004,-0.15000000000000002,0.0,-0.20632894552834755,0.016068931011368453,-0.1485930388279514,-0.7049586735101246,-0.010150702567289317,-0.07398151495941573,0.2652570004466336,0,1,0,12.32564383340217,12.32564383340217,6.0,6.263720946339907
backward_right,52.120000000000005,-0.30000000000000004,-0.15000000000000002,0.0,-0.20619115531206483,0.06229356680591377,-0.040945208424097684,-0.6034793519074494,-0.016166354422898172,-0.09197249263389931,0.2631193107201945,0,1,0,13.337796287316399,13.337796287316399,6.0,2.8785377157295784
backward_right,52.14,-0.30000000000000004,-0.15000000000000002,0.0,-0.2115167472515857,0.08399232286775872,0.034021940010514076,-0.40461608645005154,-0.02113213553208809,-0.1125597694185042,0.2627479562609731,0,0,0,13.699564587581506,13.699564587581506,6.0,8.135205484873515
backward_right,52.160000000000004,-0.30000000000000004,-0.15000000000000002,0.0,-0.22200746948761954,0.10657331525874315,0.08367078634473925,-0.24782549693785638,-0.027810900886939653,-0.12775226529640005,0.2634893367756289,0,0,0,12.183566903676503,12.183566903676503,6.0,7.200557919811694
backward_right,52.18,-0.30000000000000004,-0.15000000000000002,0.0,-0.24059431896848568,0.10814044520514264,0.08490238892759372,-0.09245950480329883,-0.038284294362436536,-0.1372971605567225,0.26447360441726897,0,0,0,10.680946522366593,10.680946522366593,6.0,7.200557919811694
backward_right,52.2,-0.30000000000000004,-0.15000000000000002,0.0,-0.2620254105107951,0.10614676256376818,0.05739212095883055,-0.024158643085137127,-0.05680658487918404,-0.14012649776189642,0.2650809864075852,0,0,0,9.318579401490641,9.318579401490641,6.0,6.230625643363316
backward_right,52.22,-0.30000000000000004,-0.15000000000000002,0.0,-0.27151625042575694,0.10460884163079213,-0.010240730711777474,0.10340549460696477,-0.07779013985373559,-0.13599278835071685,0.264514688972624,0,0,0,8.179178181108314,8.179178181108314,6.0,7.041607357252918
backward_right,52.24,-0.30000000000000004,-0.15000000000000002,0.0,-0.26980933906421456,0.10510085432883547,-0.09006268361349357,0.33505155318049484,-0.0958849304329503,-0.1259039855473521,0.26227290179202967,0,0,0,8.406366927830046,8.406366927830046,6.0,8.98454126355761
backward_right,52.26,-0.30000000000000004,-0.15000000000000002,0.0,-0.26061029683313125,0.09320134921391261,-0.10718430532685329,0.5095188118582656,-0.10300301714464484,-0.11791307302482412,0.25928615596842836,0,0,0,9.757981739876568,9.757981739876568,6.0,8.9269383790403
backward_right,52.28,-0.30000000000000004,-0.15000000000000002,0.0,-0.2551059441733751,0.0623054168101124,-0.09061828357431996,0.7920815378538502,-0.1073895950648688,-0.1182812237888971,0.25651963678244954,0,0,0,8.735954259128789,8.735954259128789,6.0,3.6568866279483623
backward_right,52.300000000000004,-0.30000000000000004,-0.15000000000000002,0.0,-0.26251669822778556,0.025904721189235827,-0.045124858492687644,1.0939672293710159,-0.11104579458753976,-0.12932519259421535,0.25445147662058215,0,0,0,10.590070723839382,10.590070723839382,6.0,2.5236672423370807
backward_right,52.32,-0.30000000000000004,-0.15000000000000002,0.0,-0.279649209856219,0.01393517468086018,0.013252823411920599,1.2388417550860469,-0.11795265984034743,-0.14516208992082044,0.25339507817687623,0,0,0,12.137638413311102,12.137638413311102,6.0,3.0477814368333966
backward_right,52.34,-0.30000000000000004,-0.15000000000000002,0.0,-0.2957175190793633,0.02476626305253637,0.06707695659568028,1.135774276079548,-0.12986934542729076,-0.16123020385284254,0.25330432934911706,0,0,0,12.18865402244408,12.18865402244408,6.0,3.197181556563357
backward_right,52.36,-0.30000000000000004,-0.15000000000000002,0.0,-0.3142411156846202,0.04680846459060006,0.11074859145137107,0.8957447427770772,-0.1455226709047385,-0.1766679113231566,0.25391407011678524,0,0,0,10.90189437849721,10.90189437849721,6.0,5.51563906839538
backward_right,52.38,-0.30000000000000004,-0.15000000000000002,0.0,-0.3323808102973289,0.06788730111857108,0.13700594989844295,0.6243710081459837,-0.1597048932519444,-0.19063850310463049,0.2550051933026769,0,0,0,10.797364542764782,10.797364542764782,6.0,5.588700329213056
backward_right,52.4,-0.30000000000000004,-0.15000000000000002,0.0,-0.3458238618895277,0.09218033996548304,0.1275552503724299,0.36205114929393256,-0.16883003648694533,-0.20283159835655334,0.2560041307021061,0,0,0,11.179866385442313,11.179866385442313,6.0,5.881147058537356
backward_right,52.42,-0.30000000000000004,-0.15000000000000002,0.0,-0.35051296371967533,0.12324216878503749,0.07966713644006757,0.04149584961906376,-0.1759449136253264,-0.21224805824517648,0.2561790075867492,0,0,0,10.702505905440887,10.702505905440887,6.0,6.073256541649763
backward_right,52.44,-0.30000000000000004,-0.15000000000000002,0.0,-0.3502550882764856,0.1489752983560931,0.004984048713256459,-0.3419692477978103,-0.1835843986213186,-0.21824450406407048,0.25497506251421165,0,0,0,11.510563063704437,11.510563063704437,6.0,3.472690347452179
backward_right,52.46,-0.30000000000000004,-0.15000000000000002,0.0,-0.2941566950895343,0.09252187107228577,0.009232395997864892,-0.23511896745025607,-0.1798275888468766,-0.21933186979203875,0.25260741096539363,0,0,2,13.440793137025622,13.440793137025622,6.0,8.17498614249938
backward_right,52.480000000000004,-0.30000000000000004,-0.15000000000000002,0.0,-0.21860777520200173,0.05247577243243831,-0.057340831836154384,-0.5844702325735196,-0.1618816818661107,-0.20546699065198537,0.25115765184289235,0,0,0,13.748860128581928,13.748860128581928,6.0,8.17498614249938
backward_right,52.5,-0.30000000000000004,-0.15000000000000002,0.0,-0.16120604981037806,-0.004686406039279327,-0.09987596876548127,-0.6432864993006626,-0.1420282431709257,-0.19729823145969697,0.24830502761260864,0,0,1,13.018938555091204,13.018938555091204,6.0,6.997471258539914
backward_right,52.52,-0.30000000000000004,-0.15000000000000002,0.0,-0.09645422217043906,-0.04249570794343788,-0.16643577834256024,-0.9491406057014921,-0.11521093675252074,-0.1899531565524398,0.24516479400682203,0,0,0,8.525767449670381,8.525767449670381,6.0,6.083381425404859
backward_right,52.54,-0.30000000000000004,-0.15000000000000002,0.0,-0.05570602176501774,-0.0970475228724685,-0.18728409713684832,-0.9768541407936387,-0.08778198899212081,-0.18646047269060595,0.2415249475909016,0,0,0,9.899859508274378,9.899859508274378,6.0,6.114566976779465
backward_right,52.56,-0.30000000000000004,-0.15000000000000002,0.0,-0.013544790858994338,-0.16870921299514707,-0.1339903443579197,-0.9540559649865881,-0.06323699489720541,-0.18427035477133016,0.23846118253328527,0,1,0,10.331255209740409,10.331255209740409,6.0,3.3864672749723828
backward_right,52.58,-0.30000000000000004,-0.15000000000000002,0.0,0.012115761298985037,-0.206813844254196,-0.03664810088987287,-0.7104538683866181,-0.0607530507153918,-0.1890099519480896,0.23697057430842303,0,0,0,11.410581845286355,11.410581845286355,6.0,8.821642898823955
backward_right,52.6,-0.30000000000000004,-0.15000000000000002,0.0,-0.0076809551054294115,-0.20523337007401027,0.0017065536437812414,-0.7558350168995087,-0.06641933567422045,-0.1960492256533066,0.2369039875549355,0,1,0,11.180494073281535,11.180494073281535,6.0,7.9226408940436475
backward_right,52.620000000000005,-0.30000000000000004,-0.15000000000000002,0.0,-0.019813953195351924,-0.218971485143144,-0.024246595450110146,-0.7457557670676686,-0.07063715159012256,-0.20675208425593192,0.2370542025001893,0,0,0,10.964355899702566,10.964355899702566,6.0,6.615404467803868
backward_right,52.64,-0.30000000000000004,-0.15000000000000002,0.0,-0.011110052317359634,-0.25107965944127725,-0.048721557836618856,-0.47854313450530844,-0.06541105181343336,-0.2157958649608834,0.23668253037689113,0,0,0,10.056514197613266,10.056514197613266,6.0,5.884732918641386
backward_right,52.660000000000004,-0.30000000000000004,-0.15000000000000002,0.0,-0.01807653965404844,-0.2729817362854967,-0.0837311984123735,-0.270836993391455,-0.058889361039633444,-0.2220253443077042,0.23558914389486413,0,0,0,9.369539340542746,9.369539340542746,6.0,5.731210345083025
backward_right,52.68,-0.30000000000000004,-0.15000000000000002,0.0,-0.0298043432065291,-0.28161439854241616,-0.11453239124340894,-0.1540258298658873,-0.05577845703380268,-0.22433963588465228,0.2338092749681426,0,0,0,10.180204339924641,10.180204339924641,6.0,1.7651010970855443
backward_right,52.7,-0.30000000000000004,-0.15000000000000002,0.0,-0.03542059173917797,-0.2694728287783535,-0.13055002323160272,-0.028605226384340734,-0.05526480376090072,-0.2238762989073994,0.23149682588857662,0,1,0,11.140855252971926,11.140855252971926,6.0,2.398443933542692
backward_right,52.72,-0.30000000000000004,-0.15000000000000002,0.0,-0.025459376565030646,-0.23735598730758323,-0.13853481707734547,0.09672584650191084,-0.050588002209805444,-0.22506389160218312,0.22899859228236266,0,1,0,11.99139035197008,11.99139035197008,6.0,7.373793110159292
backward_right,52.74,-0.30000000000000004,-0.15000000000000002,0.0,-0.02444582833525176,-0.21128161394780737,-0.1197967035194599,0.24212849867164338,-0.04161350826495878,-0.22787383989895735,0.22646437921148316,0,0,1,12.649513681678313,12.649513681678313,6.0,3.3638406270474643
backward_right,52.76,-0.30000000000000004,-0.15000000000000002,0.0,-0.023557631066663826,-0.17010850218128587,-0.10257305074227194,0.4029657929659074,-0.032639504863346644,-0.2314197719378996,0.224409145665828,0,0,0,13.033703033690545,13.033703033690545,6.0,7.0828416725537195
backward_right,52.78,-0.30000000000000004,-0.15000000000000002,0.0,0.028352636822376362,-0.08036585467877871,-0.024937100850695174,0.08887213495252308,-0.031636664041703934,-0.23005344366545594,0.22323680056246067,0,1,1,10.63333991255147,10.63333991255147,6.0,5.5899679618186715
backward_right,52.800000000000004,-0.30000000000000004,-0.15000000000000002,0.0,0.04888490777596422,-0.04417827024008996,-0.025881168749541772,0.179567699507181,-0.02434224900906221,-0.2266494154906787,0.22302893821118275,0,0,0,9.921781656756199,9.921781656756199,6.0,5.825039945774397
backward_right,52.82,-0.30000000000000004,-0.15000000000000002,0.0,0.06002064127153239,-0.018270601568498388,-0.039490041617891096,0.10897630201037631,-0.016095095199463054,-0.22450326987757113,0.22270024990555193,0,0,1,8.920723656985281,8.920723656985281,6.0,5.412091690405776
backward_right,52.84,-0.30000000000000004,-0.15000000000000002,0.0,0.04763578969630901,-0.003725165325193171,-0.048416856534321866,0.008923049565528807,-0.006854967046777032,-0.22074858808379408,0.2220487565590857,0,1,1,9.088657774006869,9.088657774006869,6.0,4.741390508256367
backward_right,52.86,-0.30000000000000004,-0.15000000000000002,0.0,0.033368267724598125,0.011635776933560034,-0.050265432714129234,-0.08185739660810831,0.006444947110242942,-0.21488525736991582,0.22117899534152533,0,1,1,9.22830938804638,9.22830938804638,6.0,7.897034810757035
backward_right,52.88,-0.30000000000000004,-0.15000000000000002,0.0,0.005455888352124488,0.032137979149289925,-0.028718816123465295,-0.018044546979832835,0.019317685365649852,-0.2083667070225823,0.2205267247432316,0,1,1,8.985367789183801,8.985367789183801,6.0,1.6482896688220738
backward_right,52.9,-0.30000000000000004,-0.15000000000000002,0.0,-0.0008949484984796287,0.04996740004839869,-0.016397306722181777,-0.046722948421705685,0.030151699338106734,-0.20464817648112513,0.22013423050697198,0,1,1,8.473100442509697,8.473100442509697,6.0,6.952935310478631
backward_right,52.92,-0.30000000000000004,-0.15000000000000002,0.0,-0.009806855655538828,0.05995389881191577,-0.002544250011428437,0.04745022849984015,0.03634913324412346,-0.20438544708980247,0.21998332598243048,0,1,1,8.396276010280912,8.396276010280912,6.0,0.8471319865721305
backward_right,52.94,-0.30000000000000004,-0.15000000000000002,0.0,-0.009519708907551742,0.06638175106653547,0.003682422888076583,0.08915520555353264,0.03718416395830844,-0.20685464119291,0.22001228270468784,0,1,1,8.565084434983117,8.565084434983117,6.0,0.5967674858831897
backward_right,52.96,-0.30000000000000004,-0.15000000000000002,0.0,-0.006566772767720209,0.0689539342035733,0.007418584852866027,0.10295977415007056,0.03370945437060136,-0.21125956521928557,0.22014151299821505,0,1,1,9.127974295854466,9.127974295854466,6.0,0.8127612731691434
backward_right,52.980000000000004,-0.30000000000000004,-0.15000000000000002,0.0,-0.004187249908546069,0.06722252379657304,0.00926706011745207,0.09547199805659662,0.028337687700687016,-0.21657791991616243,0.22032732983759434,0,1,1,9.537414520610369,9.537414520610369,6.0,0.8878824085458985
backward_right,53.0,-0.30000000000000004,-0.15000000000000002,0.0,-0.004421354118017812,0.06410366860333735,0.0038714771603493257,0.0379256711130833,0.022548354692817834,-0.2217456665243897,0.22041052451304546,0,0,1,9.900151941471437,9.900151941471437,6.0,4.3993475146312155
backward_right,53.02,-0.30000000000000004,-0.15000000000000002,0.0,0.006053832885298411,0.035066770502567186,0.003779216529067717,0.03654161957443622,0.01972595543635973,-0.22465825897219127,0.22033330261930012,0,1,1,9.398877431784623,9.398877431784623,6.0,4.667369922393193
backward_right,53.04,-0.30000000000000004,-0.15000000000000002,0.0,0.01568072342362609,0.0273220212430299,-0.016745945644251324,-0.011003073180953456,0.015295293608683935,-0.22201726912899053,0.2203623629931942,0,0,1,9.255079282473108,9.255079282473108,6.0,3.608163796062973
backward_right,53.06,-0.30000000000000004,-0.15000000000000002,0.0,0.027782408022842885,0.01450303493728092,-0.014802325915720255,0.014659207124259888,0.006390695266493664,-0.21886486777566674,0.22014681675591902,0,0,1,9.091022545015488,9.091022545015488,6.0,4.631760745136698
backward_right,53.08,-0.30000000000000004,-0.15000000000000002,0.0,0.04720843495904199,-0.00793042558902953,-0.03006769616280385,0.011750647717745366,-0.010135031984101567,-0.21498674222013833,0.21989495094459785,0,0,1,9.214371130891585,9.214371130891585,6.0,4.096188147818414
backward_right,53.1,-0.30000000000000004,-0.15000000000000002,0.0,0.054372475274653276,-0.026792530597833163,-0.034720562339851616,-0.01499889616499514,-0.030989064858709843,-0.21076209741503696,0.21946623538043686,0,1,1,9.42786825245107,9.42786825245107,6.0,1.787115199812407
backward_right,53.120000000000005,-0.30000000000000004,-0.15000000000000002,0.0,0.059576572296432616,-0.051176942106551104,-0.03904922930864864,-0.049501157299758514,-0.042833285986732576,-0.2102144201195293,0.21902069071165067,0,1,1,9.708871317102595,9.708871317102595,6.0,1.0244806737005077
backward_right,53.14,-0.30000000000000004,-0.15000000000000002,0.0,0.06038443895593114,-0.07691324974624505,-0.043419769787840554,0.005562175399103211,-0.04959235429190853,-0.21179588494677415,0.21850760378757633,0,1,1,9.795292599741558,9.795292599741558,6.0,2.013775207557111
backward_right,53.160000000000004,-0.30000000000000004,-0.15000000000000002,0.0,0.05071794320634045,-0.09802945589264254,-0.04012650347559814,0.17952951294765218,-0.0526804004404752,-0.21457358685648661,0.21798058039691828,0,0,0,9.37596269075984,9.37596269075984,6.0,8.498245423527512
backward_right,53.18,-0.30000000000000004,-0.15000000000000002,0.0,0.02421422724779417,-0.10069004467426666,-0.035067996352266984,0.3060875960918821,-0.05188169016397816,-0.218674124705795,0.21738915637453482,0,1,0,9.19670915957521,9.19670915957521,6.0,8.498245423527512
backward_right,53.2,-0.30000000000000004,-0.15000000000000002,0.0,-0.0056208472868032894,-0.09624677116979662,-0.019892550147809572,0.2848338545386141,-0.04634766890416316,-0.22110938288336557,0.21704296222512667,0,1,0,9.586598749045368,9.586598749045368,6.0,2.786133222182469
backward_right,53.22,-0.30000000000000004,-0.15000000000000002,0.0,-0.04094973048308284,-0.08395434014624477,-0.0021890674847427766,0.14179645291264917,-0.0374132708475547,-0.22292070916198964,0.21684054391174204,0,1,0,9.138131515294882,9.138131515294882,6.0,2.8412323881759844
backward_right,53.24,-0.30000000000000004,-0.15000000000000002,0.0,-0.07508564478206764,-0.06469514004632178,0.012201165907621655,-0.04205481008168024,-0.0261730884730823,-0.22476575057707435,0.21672472041294974,0,0,0,8.628830227084192,8.628830227084192,6.0,7.982299520685191
backward_right,53.26,-0.30000000000000004,-0.15000000000000002,0.0,-0.053722745686756744,-0.016213133045286345,0.06299595715888334,-0.06340518518987055,-0.015198357215654747,-0.22295597176911505,0.21703112114086429,0,0,1,8.820319818000907,8.820319818000907,6.0,7.982299520685191
backward_right,53.28,-0.30000000000000004,-0.15000000000000002,0.0,-0.0762082051997614,0.003170616723334787,0.05128600646634905,-0.016712789188693927,0.0013917261142690845,-0.21607370712262614,0.21782355978398196,0,1,1,8.916749249535776,8.916749249535776,6.0,5.0215041955075
backward_right,53.300000000000004,-0.30000000000000004,-0.15000000000000002,0.0,-0.07151292962918128,0.028059803176223516,0.05548045262102306,-0.0538478983635277,0.018353952678469915,-0.20888439801889794,0.21857167055371515,0,1,1,8.721640857769053,8.721640857769053,6.0,4.923165832354006
backward_right,53.32,-0.30000000000000004,-0.15000000000000002,0.0,-0.08204653868990994,0.04378742610749763,0.04061457147294019,0.014596418460881305,0.03215991051032038,-0.20312208450540659,0.21918462471547484,0,0,1,8.35222099965703,8.35222099965703,6.0,4.9678569079707025
backward_right,53.34,-0.30000000000000004,-0.15000000000000002,0.0,-0.06650998920104612,0.062219138367600686,0.03134270140821417,0.03379553238236439,0.04103748666021587,-0.20075253290272452,0.2196487865679611,0,1,1,9.171186294340746,9.171186294340746,6.0,4.583149244204324
backward_right,53.36,-0.30000000000000004,-0.15000000000000002,0.0,-0.04663662735730621,0.07616831017883842,0.02513051188475523,0.08364941335390208,0.044580972266013916,-0.20216316586417926,0.22003267096798962,0,1,1,9.027947036192376,9.027947036192376,6.0,0.6807568324859017
backward_right,53.38,-0.30000000000000004,-0.15000000000000002,0.0,-0.03246301654682962,0.08600951630834597,0.015573760980343746,0.10640020894300267,0.04298358477214579,-0.20617165203403887,0.2203444427243003,0,1,1,8.67007581662752,8.67007581662752,6.0,0.8726016912773463
backward_right,53.4,-0.30000000000000004,-0.15000000000000002,0.0,-0.027047980408063194,0.09067118547554265,-0.003526277885688306,0.09819736437863985,0.038551626132787745,-0.21056129766378998,0.22042452096954776,0,1,1,9.19311361806865,9.19311361806865,6.0,3.376323465477584
backward_right,53.42,-0.30000000000000004,-0.15000000000000002,0.0,-0.02570333360982614,0.08764191520295912,-0.012819057793489666,0.02376012663400588,0.03417020849369192,-0.21437666981644748,0.22024501503982885,0,1,1,9.67298341857192,9.67298341857192,6.0,3.972551318993455
backward_right,53.44,-0.30000000000000004,-0.15000000000000002,0.0,-0.04085382022450272,0.08173306584222566,-0.04843899321824009,-0.08674293371347373,0.029992732680785974,-0.21878162429640904,0.2194951871867128,0,1,0,10.309349122781354,10.309349122781354,6.0,5.277497941569484
backward_right,53.46,-0.30000000000000004,-0.15000000000000002,0.0,-0.040962663816075905,0.0888292042194871,-0.07028236537022389,0.0016848332782618824,0.023716613560819798,-0.21947380919207884,0.21837213603814265,0,0,0,10.35997858738265,10.35997858738265,6.0,4.937318237726973
backward_right,53.480000000000004,-0.30000000000000004,-0.15000000000000002,0.0,0.0021728778198455605,0.04855907349531107,-0.03070485524856771,0.09381588536042829,0.01898542358999219,-0.21475961711494854,0.21734837659926803,0,0,1,9.46374008369299,9.46374008369299,6.0,2.5168266749904458
backward_right,53.5,-0.30000000000000004,-0.15000000000000002,0.0,0.032474578665160764,0.022392352207785647,-0.028638518468229547,0.053922455608751835,0.0034080705362034406,-0.2070151619562105,0.2168382372568501,0,1,1,9.377047549485157,9.377047549485157,6.0,4.810114228800599
backward_right,53.52,-0.30000000000000004,-0.15000000000000002,0.0,0.055922485451120996,-0.006298413885353431,-0.013644842672416847,-0.006240954978298574,-0.01557845815588945,-0.2029693593592038,0.2166643415119765,0,1,1,9.314269005559364,9.314269005559364,6.0,1.5101271324611276
backward_right,53.54,-0.30000000000000004,-0.15000000000000002,0.0,0.07015852354345214,-0.030556842513893068,-0.012275594477523816,-0.013995170311806998,-0.02991721917242889,-0.2032321015995301,0.21669593355673777,0,1,1,9.72761087288701,9.72761087288701,6.0,2.4588658469684503
backward_right,53.56,-0.30000000000000004,-0.15000000000000002,0.0,0.06368472418049904,-0.05179940277246886,-0.012571684747321885,0.10089869165523088,-0.040993162865568075,-0.2054976310313526,0.21680626683874935,0,1,0,9.741042857623027,9.741042857623027,6.0,2.431513694178669
backward_right,53.58,-0.30000000000000004,-0.15000000000000002,0.0,0.0498053484490847,-0.06834189653620538,-0.008111549021172126,0.2678454694077288,-0.04778152313635936,-0.2085614623794784,0.21697519001877813,0,1,0,9.16582276951873,9.16582276951873,6.0,2.155024533109912
backward_right,53.6,-0.30000000000000004,-0.15000000000000002,0.0,0.03573177803604609,-0.07320063595702231,-0.008995334149094057,0.28988693151793976,-0.05209516372069593,-0.21290282596209417,0.21714053653641383,0,1,0,9.18524612200503,9.18524612200503,6.0,7.760239592619824
backward_right,53.620000000000005,-0.30000000000000004,-0.15000000000000002,0.0,0.009698759021490436,-0.08194156280192721,0.004391795209658817,0.3710310433132607,-0.050768031480507736,-0.21705578753308927,0.21730799445485177,0,1,0,9.553071373657264,9.553071373657264,6.0,2.77246970056141
backward_right,53.64,-0.30000000000000004,-0.15000000000000002,0.0,-0.01712963035790579,-0.0774029496249488,0.010081938280571764,0.263981244780875,-0.04486230935984795,-0.22033400786831417,0.21751530850598047,0,1,0,9.538532046651444,9.538532046651444,6.0,2.964490204209664
backward_right,53.660000000000004,-0.30000000000000004,-0.15000000000000002,0.0,-0.05275079639748343,-0.07357694934013057,0.033925429311182656,0.13824588837264462,-0.03476064917358104,-0.2223582228236226,0.21780830888109215,0,0,0,9.15720619533563,9.15720619533563,6.0,2.8946375283540586
backward_right,53.68,-0.30000000000000004,-0.15000000000000002,0.0,-0.08380626447237512,-0.06822428652982751,0.04513287436080575,0.018989645646175418,-0.02187732095959974,-0.22126039199786746,0.2182684093727049,0,0,0,9.292158046048078,9.292158046048078,6.0,7.691860110452483
backward_right,53.7,-0.30000000000000004,-0.15000000000000002,0.0,-0.10426316529809587,-0.06314856635056953,0.012446798166805002,-0.07316613981214903,-0.0035910040308704196,-0.22301847325133517,0.21839497238396136,0,1,0,8.158211297336742,8.158211297336742,6.0,7.691860110452483
backward_right,53.72,-0.30000000000000004,-0.15000000000000002,0.0,-0.07345520889344873,-0.011224271820463752,0.05936703903319038,-0.0862736794967889,0.009715966250454388,-0.21534200627662822,0.21927369166950897,0,1,1,8.77095351833857,8.77095351833857,6.0,2.685212440715879
backward_right,53.74,-0.30000000000000004,-0.15000000000000002,0.0,-0.07589564490002307,0.011362262013152177,0.04362321677641279,-0.032049895130699446,0.02915240404187038,-0.20763438812665197,0.21988296811703661,0,1,1,8.568152244860105,8.568152244860105,6.0,5.6495367308766005
backward_right,53.76,-0.30000000000000004,-0.15000000000000002,0.0,-0.0793567359434936,0.029306516880775468,0.02971147389444878,-0.028312710147491094,0.04387872547307229,-0.20160764380456736,0.22024879726328145,0,1,1,8.911046533829317,8.911046533829317,6.0,5.56313573408785
backward_right,53.78,-0.30000000000000004,-0.15000000000000002,0.0,-0.06579208923676767,0.049375512576251675,0.021344008742129536,0.024909128421260043,0.052312788889750675,-0.1990427186725788,0.22050546869745577,0,1,1,9.04942362169546,9.04942362169546,6.0,0.8584239564257804
backward_right,53.800000000000004,-0.30000000000000004,-0.15000000000000002,0.0,-0.04860129974521659,0.08020901868381942,0.012865668564534681,0.08422010426598835,0.05193709512890611,-0.2004957797578479,0.2206678719744237,0,1,1,8.270198017297128,8.270198017297128,6.0,0.6879396670161807
backward_right,53.82,-0.30000000000000004,-0.15000000000000002,0.0,-0.03979561064842622,0.1081272868492778,0.0044566869471041,0.11565847129093607,0.047344103389465125,-0.20468943853799526,0.2207478874065733,0,1,1,8.479813356777568,8.479813356777568,6.0,0.9592221639412255
backward_right,53.84,-0.30000000000000004,-0.15000000000000002,0.0,-0.04049265755462628,0.12621830858245559,-0.019098739559102892,0.050986035476521765,0.04050732610450011,-0.20947492825341987,0.2205852909744468,0,1,0,9.336329401998043,9.336329401998043,6.0,3.8728869500508143
backward_right,53.86,-0.30000000000000004,-0.15000000000000002,0.0,-0.05266789677659081,0.12081339603093119,-0.040483760532020546,-0.0763857199589763,0.03500692744487898,-0.21494157871964237,0.21988905247957308,0,1,0,10.335159792275181,10.335159792275181,6.0,5.387000942092767
backward_right,53.88,-0.30000000000000004,-0.15000000000000002,0.0,-0.05321574380451591,0.12068880250583135,-0.046198202119963505,-0.02278041866297391,0.02512524117827704,-0.2170090571396906,0.21895455885725634,0,0,0,10.627645050834003,10.627645050834003,6.0,4.599471513322381
backward_right,53.9,-0.30000000000000004,-0.15000000000000002,0.0,-0.010897285055823498,0.06080600053517073,-0.012285303377554395,0.09906629248043905,0.02212406985346341,-0.2134601876513611,0.2181573158688999,0,1,1,9.4415820075572,9.4415820075572,6.0,4.432291005646543
backward_right,53.92,-0.30000000000000004,-0.15000000000000002,0.0,0.016851245177429995,0.029729598015813284,-0.012436103808956218,0.050701395469797475,0.009619668653954815,-0.2071699781761572,0.2180006124860139,0,0,1,9.13093320562016,9.13093320562016,6.0,4.474373042933012
backward_right,53.94,-0.30000000000000004,-0.15000000000000002,0.0,0.042805960469263514,-0.011748850301999932,-0.0027708815221405636,-0.018696363880160133,-0.007667524124233436,-0.20381586338321933,0.2180468078477781,0,0,1,8.975887137479507,8.975887137479507,6.0,4.386726643891684
backward_right,53.96,-0.30000000000000004,-0.15000000000000002,0.0,0.04878708532949895,-0.050808391512377156,-0.005092938016567092,-0.07401938375267642,-0.023305670566902466,-0.2039124860739697,0.21816698580910612,0,1,1,9.28124395089551,9.28124395089551,6.0,4.386726643891684
backward_right,53.980000000000004,-0.30000000000000004,-0.15000000000000002,0.0,0.045311298241911324,-0.07273853828630045,-0.01761693845175349,-0.05236437234624264,-0.034843594430982436,-0.20577183586254827,0.21814633910098286,0,1,1,9.389321115141195,9.389321115141195,6.0,2.251166582397602
backward_right,54.0,-0.30000000000000004,-0.15000000000000002,0.0,0.03864906092201014,-0.09068079013578523,-0.027517021419328887,0.13886970421357836,-0.04050414865172391,-0.20859847608113496,0.2179017014324936,0,0,0,9.173730932918644,9.173730932918644,6.0,1.9391885513550307
backward_right,54.02,-0.30000000000000004,-0.15000000000000002,0.0,0.027776034478240286,-0.09833739135158434,-0.03483952084578896,0.26680169388074615,-0.04350136291261575,-0.21286301135628122,0.2173978018390296,0,0,0,9.39277434569092,9.39277434569092,6.0,8.338272549879596
backward_right,54.04,-0.30000000000000004,-0.15000000000000002,0.0,0.008624834656571118,-0.10133504350103789,-0.023662328097372707,0.37778985579279317,-0.0418216576677957,-0.2165701035373913,0.21691898302839824,0,0,0,10.22260609661052,10.22260609661052,6.0,2.5997560426124053
backward_right,54.06,-0.30000000000000004,-0.15000000000000002,0.0,-0.014838799356845341,-0.08736583605688016,-0.021976362402403655,0.28974248323243906,-0.03796908742135624,-0.21964647342023036,0.21651944190805883,0,1,0,10.371717723561378,10.371717723561378,6.0,6.303018215202942
backward_right,54.08,-0.30000000000000004,-0.15000000000000002,0.0,-0.04842377066210748,-0.07369374550062122,-0.005346879118637366,0.2067783940095601,-0.02830497218303039,-0.22080924708349728,0.21621888321828167,0,1,0,9.953825376548096,9.953825376548096,6.0,2.720061819586656
backward_right,54.1,-0.30000000000000004,-0.15000000000000002,0.0,-0.07957508412750322,-0.0530482356344568,-0.0010205974684466303,0.04152601856138202,-0.017126989426267822,-0.2217629016268929,0.21591459806000307,0,1,0,9.249308627001081,9.249308627001081,6.0,2.660223881685584
backward_right,54.120000000000005,-0.30000000000000004,-0.15000000000000002,0.0,-0.06401209299758935,-0.005236330115244852,0.04740033868383796,-0.08921912279889486,-0.005537069547365515,-0.21840027565057302,0.21603043550031106,0,1,1,9.068587949789885,9.068587949789885,6.0,8.424752916231153
backward_right,54.14,-0.30000000000000004,-0.15000000000000002,0.0,-0.07673897548831456,0.0029619665351612954,0.049636543817539173,-0.07243798075480394,0.0119212276926575,-0.2109210588546547,0.21672600390571928,0,1,0,9.59569960981783,9.59569960981783,6.0,2.515953688843937
backward_right,54.160000000000004,-0.30000000000000004,-0.15000000000000002,0.0,-0.0715077064952592,0.022952190998557873,0.05054921846985013,-0.027395743314827553,0.026210069112419805,-0.20493914263801624,0.21738556445229246,0,0,1,9.272378313791766,9.272378313791766,6.0,6.597435765168792
backward_right,54.18,-0.30000000000000004,-0.15000000000000002,0.0,-0.07762773019855321,0.03751261258292069,0.03478339027805272,0.03218613336302621,0.03659273704424472,-0.20040472743793225,0.21789260371462815,0,1,1,8.773712682869629,8.773712682869629,6.0,4.552825483722179
backward_right,54.2,-0.30000000000000004,-0.15000000000000002,0.0,-0.06966835395221721,0.054511730035873875,0.026743199078151557,0.04333843760144547,0.04498495541651083,-0.19842676914550625,0.21825808005996672,0,1,1,8.296622725551357,8.296622725551357,6.0,0.6904758015832861
backward_right,54.22,-0.30000000000000004,-0.15000000000000002,0.0,-0.05043855267422083,0.07237845189312819,0.01621310439629474,0.0805708872344458,0.04798148400307008,-0.19906005320591302,0.21848487031702268,0,1,1,7.89334896312751,7.89334896312751,6.0,0.5470032955049711
backward_right,54.24,-0.30000000000000004,-0.15000000000000002,0.0,-0.03534507838166065,0.08180134146691678,0.016045213475845883,0.10712208698363468,0.04809515833069777,-0.20188706320406513,0.21869104491987884,0,1,1,9.414182626643143,9.414182626643143,6.0,0.740643599537783
backward_right,54.26,-0.30000000000000004,-0.15000000000000002,0.0,-0.02746494921268924,0.07810599009540281,0.01456682335419961,0.10473708385988577,0.04598077216029328,-0.20610570111348891,0.21895498090271584,0,1,1,9.549835089270577,9.549835089270577,6.0,0.8738681230214328
backward_right,54.28,-0.30000000000000004,-0.15000000000000002,0.0,-0.023183873303218507,0.07450446302125317,-0.001689495085162571,0.07002308229087997,0.040684381832077426,-0.21049922786599512,0.21906894116278205,0,1,1,9.545150485232426,9.545150485232426,6.0,3.526648645517886
backward_right,54.300000000000004,-0.30000000000000004,-0.15000000000000002,0.0,-0.022517547897102985,0.06171446893124148,-0.01839402450277531,-0.011503498687850451,0.03515825968518733,-0.21462995946513092,0.21893307637256434,0,1,0,9.685679373418791,9.685679373418791,6.0,4.9207947571932
backward_right,54.32,-0.30000000000000004,-0.15000000000000002,0.0,-0.036766479998586524,0.05735656235371395,-0.0293818013734029,-0.1313330792927046,0.028546010108577026,-0.2193852539237772,0.21825084847316836,0,0,1,10.251528985863485,10.251528985863485,6.0,4.028889452561308
backward_right,54.34,-0.30000000000000004,-0.15000000000000002,0.0,-0.0006792219831818283,0.02707414271984982,-0.044532960210882676,0.06322572065835558,0.025106170370420972,-0.21666160448898591,0.21736514862935713,0,0,1,9.290640912052027,9.290640912052027,6.0,5.0866326933136685
backward_right,54.36,-0.30000000000000004,-0.15000000000000002,0.0,0.02543826172272704,0.005512712405557952,-0.0689538419978043,0.03813548435333751,0.019704720364128472,-0.20957491450959667,0.2161363397241717,0,1,1,9.321896201708538,9.321896201708538,6.0,3.7721999385272813
backward_right,54.38,-0.30000000000000004,-0.15000000000000002,0.0,0.0519569803558152,-0.03207659172250677,-0.04562628455314366,-0.01566071506774816,0.0052385475344373204,-0.20400570084421862,0.2152116217356547,0,1,1,9.051948022854887,9.051948022854887,6.0,1.8787626459226865
backward_right,54.4,-0.30000000000000004,-0.15000000000000002,0.0,0.05790270015424764,-0.054163940640205646,-0.022843292855159906,-0.06567758725794087,-0.010579805812100378,-0.20257814688584547,0.21481745077683553,0,1,1,9.626767479670143,9.626767479670143,6.0,1.0973503629672385
backward_right,54.42,-0.30000000000000004,-0.15000000000000002,0.0,0.06093722516695833,-0.0667583909469003,-0.017720155693443443,0.030800875644737928,-0.021448873868558545,-0.20450423088157582,0.2147337293352446,0,1,0,9.388687824157662,9.388687824157662,6.0,2.2560368647257762
backward_right,54.44,-0.30000000000000004,-0.15000000000000002,0.0,0.058009649236251244,-0.08394082821183539,-0.001807299390434846,0.1398992763992669,-0.026839356744599103,-0.20836499749396703,0.2148411938940144,0,0,0,9.45593468982982,9.45593468982982,6.0,2.410201153222684
backward_right,54.46,-0.30000000000000004,-0.15000000000000002,0.0,0.042341033550437404,-0.09106292692426836,-0.00040579613818765743,0.3414086134767971,-0.029925458035790678,-0.21373824998503085,0.21504766910257778,0,1,0,10.11032018431967,10.11032018431967,6.0,2.339895644201904
backward_right,54.480000000000004,-0.30000000000000004,-0.15000000000000002,0.0,0.026764941515982545,-0.09233509510603725,0.013793840565904283,0.3655714083072913,-0.02811915955164791,-0.21975540614059091,0.21533000134291588,0,0,1,10.637043723970987,10.637043723970987,6.0,2.502793702173451
backward_right,54.5,-0.30000000000000004,-0.15000000000000002,0.0,-0.0020490611955707853,-0.08184402522204688,0.012292536980822708,0.34300576731226357,-0.02296776879169898,-0.22420391131343625,0.21558534181592506,0,1,0,10.443812311676682,10.443812311676682,6.0,6.523401629882719
backward_right,54.52,-0.30000000000000004,-0.15000000000000002,0.0,-0.02995586590336954,-0.06879200735223323,0.011347146077713088,0.19769239694223184,-0.013555915743843992,-0.22640374885674253,0.21581148749929951,0,1,0,9.969404029233928,9.969404029233928,6.0,2.5484279012931164
backward_right,54.54,-0.30000000000000004,-0.15000000000000002,0.0,-0.021796651527961605,-0.03224616511351206,0.033956362001478974,-0.0520139400748582,-0.004835378552898284,-0.2233535537835729,0.21634688294625867,0,1,1,8.69266545657412,8.69266545657412,6.0,2.5285583917547934
backward_right,54.56,-0.30000000000000004,-0.15000000000000002,0.0,-0.03333083416379444,-0.012512118775210019,0.03310001977576851,0.0016273788149970547,0.009945222262679616,-0.2185321301776965,0.21685727368796923,0,0,1,9.281399075090954,9.281399075090954,6.0,7.193965913895349
backward_right,54.58,-0.30000000000000004,-0.15000000000000002,0.0,-0.03513798251147403,0.012164717177569645,0.028568873837671722,-0.02276276674171973,0.027097091276865083,-0.21208206956065023,0.21738635615717833,0,1,1,9.844541106803298,9.844541106803298,6.0,7.193965913895349
backward_right,54.6,-0.30000000000000004,-0.15000000000000002,0.0,-0.034975631004545926,0.030424135051586237,0.025781367856892633,0.02955202986325889,0.04425458276696192,-0.20489609745190837,0.2177781294885413,0,1,1,9.614165026863247,9.614165026863247,6.0,6.009096774501552
backward_right,54.620000000000005,-0.30000000000000004,-0.15000000000000002,0.0,-0.03769520848802388,0.047306138330123156,0.022390984918378754,0.06613964229824223,0.05621468137772721,-0.19907774988783836,0.2181255245759737,0,1,1,8.81940359811268,8.81940359811268,6.0,5.515628835674683
backward_right,54.64,-0.30000000000000004,-0.15000000000000002,0.0,-0.03176331581767829,0.061827272952150784,0.026286764469078967,0.0939424235544219,0.0638617136592553,-0.19718663907356515,0.21848872098478564,0,1,1,8.50086041109843,8.50086041109843,6.0,4.9129136912538875
backward_right,54.660000000000004,-0.30000000000000004,-0.15000000000000002,0.0,-0.04175264993053775,0.07614058628345244,0.03725462038485264,0.02467512063847356,0.06482946864896061,-0.19926485339809194,0.21904669839115928,0,1,1,8.557286820682219,8.557286820682219,6.0,0.8286895800677115
backward_right,54.68,-0.30000000000000004,-0.15000000000000002,0.0,-0.0657062631873494,0.09152874543706375,0.041999304067729636,-0.11033133711684094,0.060245729537887725,-0.20412325606430415,0.2197136545547722,0,1,0,8.737941480798334,8.737941480798334,6.0,1.1030481222598107
backward_right,54.7,-0.30000000000000004,-0.15000000000000002,0.0,-0.07253830426191213,0.1012392307787688,0.02961115096460144,-0.06928455580707052,0.05246331193213398,-0.20948799128090514,0.22029046987061776,0,1,0,9.04353128472423,9.04353128472423,6.0,2.302931332390903
backward_right,54.72,-0.30000000000000004,-0.15000000000000002,0.0,-0.06761282621153882,0.09694112597809294,-0.0032321671801900844,-0.0019363736307801277,0.04621567834111061,-0.2149703935133186,0.22026143038996696,0,0,1,9.506674150467232,9.506674150467232,6.0,6.05350946906871
backward_right,54.74,-0.30000000000000004,-0.15000000000000002,0.0,-0.046813521503560815,0.10156927950128808,-0.04485988780894086,0.09501226660723233,0.03864639138413573,-0.21613881059824003,0.2195713703291435,0,0,1,9.530639445562725,9.530639445562725,6.0,2.462149426351626
backward_right,54.76,-0.30000000000000004,-0.15000000000000002,0.0,-0.03825917722021535,0.09255737921304046,-0.09493983001328048,0.10223677401669393,0.02978804973947931,-0.21750999238680704,0.2180449538287775,0,0,0,10.23424852367976,10.23424852367976,6.0,4.8609904781683815
backward_right,54.78,-0.30000000000000004,-0.15000000000000002,0.0,0.01869576966619288,0.032346689660495,-0.057136496639475905,0.09069427508002557,0.022990864761501605,-0.21259261061686938,0.2164966095113786,0,0,1,9.116542599927417,9.116542599927417,6.0,2.0076733104632942
backward_right,54.800000000000004,-0.30000000000000004,-0.15000000000000002,0.0,0.052454675921901124,-0.011388861431356088,-0.04337476204561645,0.019542672857328025,0.007064829223218651,-0.2051325011475151,0.21566268224921922,0,1,1,9.328543679469224,9.328543679469224,6.0,5.047766907819925
backward_right,54.82,-0.30000000000000004,-0.15000000000000002,0.0,0.07373337731123428,-0.04500620421339985,-0.027761366194382717,-0.04117668509402811,-0.009053108390053776,-0.20286976425624575,0.2152152737418798,0,0,1,9.346766505349791,9.346766505349791,6.0,2.3508330782604165
backward_right,54.84,-0.30000000000000004,-0.15000000000000002,0.0,0.0818998629997095,-0.07043249341825661,-0.029221109121775057,-0.011312786646895265,-0.0180515752307211,-0.20499778426244997,0.21491794627820596,0,1,0,9.660722688829491,9.660722688829491,6.0,2.3508330782604165
backward_right,54.86,-0.30000000000000004,-0.15000000000000002,0.0,0.07012363007227804,-0.09090986734804592,-0.017660293632642723,0.16300007340861553,-0.023305085639681304,-0.2092442258654243,0.21479721428053897,0,0,0,9.406760061449354,9.406760061449354,6.0,2.5288982464430516
backward_right,54.88,-0.30000000000000004,-0.15000000000000002,0.0,0.053688395467438005,-0.09491105789568254,-0.018134388689386605,0.2584174381093981,-0.02585314400013321,-0.2143916454312332,0.2147824926057232,0,1,0,9.608613233938874,9.608613233938874,6.0,7.865493276398652
backward_right,54.9,-0.30000000000000004,-0.15000000000000002,0.0,0.02310168436825231,-0.10000571138543295,0.0052858909696810496,0.3597337393349751,-0.0236887006588606,-0.21983196990742945,0.21484828903448552,0,0,0,10.319639198651183,10.319639198651183,6.0,2.3585049232128332
backward_right,54.92,-0.30000000000000004,-0.15000000000000002,0.0,-0.005094430903180049,-0.09277318774923589,0.005437092635889728,0.2671320572987765,-0.01996443999968756,-0.22301273310937003,0.21500199319679847,0,1,0,10.097563913226315,10.097563913226315,6.0,2.5497409909126407
backward_right,54.94,-0.30000000000000004,-0.15000000000000002,0.0,-0.03576632282436185,-0.0792292594561195,0.014900037963730125,0.08740823896364475,-0.012294709558505808,-0.22523592669028766,0.21510439128336195,0,0,0,9.564293476192356,9.564293476192356,6.0,2.5577429091528883
backward_right,54.96,-0.30000000000000004,-0.15000000000000002,0.0,-0.02711704621449575,-0.043956158802918574,0.03239960413886477,-0.10417795302435665,-0.00495491247631743,-0.22558682363161234,0.21522403502886017,0,1,1,8.187862722766278,8.187862722766278,6.0,8.953474816865883
backward_right,54.980000000000004,-0.30000000000000004,-0.15000000000000002,0.0,-0.04771491264821262,-0.019765046740070267,0.038450079360514595,-0.08012472929913744,0.004568953071700188,-0.22095379577555482,0.2157972582923652,0,1,1,9.176841913619242,9.176841913619242,6.0,4.591113439970038
backward_right,55.0,-0.30000000000000004,-0.15000000000000002,0.0,-0.06099176059130984,-0.002569444243376059,0.04261656563942212,-0.00408909753159542,0.02085394953216466,-0.2147383475908786,0.2163558878049017,0,0,1,9.509814157458836,9.509814157458836,6.0,6.32081971468469
combined,55.02,0.30000000000000004,0.12,0.375,-0.07552849310328054,0.030739065660120288,0.05796718465565009,-0.09076417539291518,0.03522779136774825,-0.20645037027275615,0.21707537079742306,0,1,1,9.491573274601285,9.491573274601285,6.0,6.32081971468469
combined,55.04,0.30000000000000004,0.12,0.375,-0.08623596361161735,0.05093057578786061,0.04714936938450376,-0.033593091065807615,0.04898604621025361,-0.19940179338352687,0.21777528498973506,0,1,1,9.017624335147342,9.017624335147342,6.0,9.188106998615735
combined,55.06,0.30000000000000004,0.12,0.375,-0.06787808435943918,0.07770642580195057,0.032993139004384324,0.031735382735637904,0.05893556353341846,-0.19681034105310713,0.2183512527826847,0,1,1,8.698379824394092,8.698379824394092,6.0,5.763549674628502
combined,55.08,0.30000000000000004,0.12,0.375,-0.06258226049869557,0.10270610275664623,0.03825843980482187,0.1231825728679403,0.06481890958655145,-0.19877131335455053,0.21891577258173026,0,1,1,8.006082053494119,8.006082053494119,6.0,1.6253484082843923
combined,55.1,0.30000000000000004,0.12,0.375,-0.04755051967880086,0.13086079536757628,0.04367920601103316,0.21526263565287232,0.06502815569937725,-0.20536287740412495,0.21966333729777793,0,1,1,8.11509640624795,8.11509640624795,6.0,1.5755949236205944
combined,55.120000000000005,0.30000000000000004,0.12,0.375,-0.037760307857588465,0.1539121761257199,0.044921464075382944,0.2768564007222347,0.05930409430789966,-0.2158163870009115,0.22054518832031467,0,1,1,8.995085749623163,8.995085749623163,6.0,2.0742350911319747
combined,55.14,0.30000000000000004,0.12,0.375,-0.031042640810751226,0.1658819179386612,0.03759011789793548,0.3068565722009142,0.0492742177231052,-0.22841169881778,0.22137468629522092,0,1,1,9.87046759240585,9.87046759240585,6.0,2.285818625955186
combined,55.160000000000004,0.30000000000000004,0.12,0.375,-0.024777221597592616,0.1707239498991125,0.01810955978466765,0.31909448973011156,0.03704200864449374,-0.24106811622383384,0.22191786463761756,0,0,1,10.653405128901168,10.653405128901168,6.0,2.306515163523905
combined,55.18,0.30000000000000004,0.12,0.375,0.051454766135884664,0.12938839337932767,0.06991032833407983,0.29581651235099526,0.034386389173372986,-0.2446718017042582,0.22316528734576546,0,0,1,10.338871812526792,10.338871812526792,6.0,9.272234112195424
combined,55.2,0.30000000000000004,0.12,0.375,0.09376776574390233,0.11756335570555995,0.08048934497413243,0.13879483112059546,0.02445285041604047,-0.247559909861969,0.22511419617453782,0,0,1,9.753709583478539,9.753709583478539,6.0,2.1312465891632306
combined,55.22,0.30000000000000004,0.12,0.375,0.13529627459334242,0.10006639522150736,0.08168554744775267,0.07244852458771542,0.01016920149843723,-0.2531384473973861,0.2273453853083064,0,0,1,10.0998900501337,10.0998900501337,6.0,2.149186483177161
combined,55.24,0.30000000000000004,0.12,0.375,0.1571773889076119,0.08865346703523323,0.08184776852741688,0.08221862625998366,-0.006314834973224993,-0.26042873355748186,0.22967821678334954,0,0,1,10.63172665355146,10.63172665355146,6.0,6.912648666825764
combined,55.26,0.30000000000000004,0.12,0.375,0.15445457524067957,0.07970155101503999,0.07165931601802164,0.22020247293191014,-0.024914621317359328,-0.2674567225980644,0.23195920909314274,0,0,0,10.87582319022645,10.87582319022645,6.0,6.140395677183589
combined,55.28,0.30000000000000004,0.12,0.375,0.13739961446680377,0.07636200155965633,0.053927449353380924,0.4013457040862411,-0.04444954173859557,-0.2716708083230618,0.2338919375262928,0,0,0,10.823601041913985,10.823601041913985,6.0,5.20952452707094
combined,55.300000000000004,0.30000000000000004,0.12,0.375,0.1247858547274261,0.0792414149276126,0.02722613599913767,0.5351918522558161,-0.06216184297516472,-0.27209659741362563,0.235287727193068,0,0,0,10.270357528041183,10.270357528041183,6.0,4.830885406009192
combined,55.32,0.30000000000000004,0.12,0.375,0.12133349421609466,0.08916047181380794,-0.0071529615402241495,0.6097398567395385,-0.07813487582364788,-0.2697376594434175,0.23599084878240875,0,0,0,9.48992126383298,9.48992126383298,6.0,4.459191305951248
combined,55.34,0.30000000000000004,0.12,0.375,0.12616896867999314,0.10041517553743182,-0.04941625496732675,0.6448287943388534,-0.09287608237393893,-0.2653679206821548,0.23586791981994423,0,0,0,9.378413051841527,9.378413051841527,6.0,3.4391297277841417
combined,55.36,0.30000000000000004,0.12,0.375,0.12784056770938432,0.10825902178794722,-0.07101022667229334,0.6472052727210562,-0.10466485116922843,-0.25917123272124726,0.23505632990206707,0,1,0,9.422208654561263,9.422208654561263,6.0,3.109667159693743
combined,55.38,0.30000000000000004,0.12,0.375,0.11697658204437156,0.09669444180726917,-0.06570667005662381,0.5540714285220447,-0.10867483540667172,-0.2521757467939971,0.23412404684275062,0,1,0,9.326643740051086,9.326643740051086,6.0,1.8430904508751262
combined,55.4,0.30000000000000004,0.12,0.375,0.09351392268249208,0.07401830226872942,-0.039832656417840284,0.36528370726561243,-0.11057595907586401,-0.24386688058500455,0.2334429970885342,0,1,0,8.984023708385104,8.984023708385104,6.0,2.4907139956310567
combined,55.42,0.30000000000000004,0.12,0.375,0.06024370639185279,0.043307384291273586,-0.00307559429962327,0.11111157360096918,-0.10957958282309756,-0.23603403135890183,0.23328421354752632,0,0,0,8.516907060347743,8.516907060347743,6.0,3.5990376732052276
combined,55.44,0.30000000000000004,0.12,0.375,0.01826996461420112,0.013487000009648866,0.02751432617762131,-0.14137208353138866,-0.10573457159877772,-0.22916457032205856,0.23364889436266464,0,0,0,8.632280943858044,8.632280943858044,6.0,5.009393093914724
combined,55.46,0.30000000000000004,0.12,0.375,-0.02128826710157264,-0.013637547704036709,0.039211204052804885,-0.32445311273900657,-0.10004916834021468,-0.22321245548647517,0.23425967418858104,0,0,0,9.10264030984501,9.10264030984501,6.0,6.270125896792085
combined,55.480000000000004,0.30000000000000004,0.12,0.375,-0.049395003395768265,-0.0361580931007371,0.025457989524223987,-0.37566411983895964,-0.09100777501840145,-0.21897941998706574,0.2347238107568385,0,0,0,9.430234938167033,9.430234938167033,6.0,5.854287261231699
combined,55.5,0.30000000000000004,0.12,0.375,-0.06533873697613472,-0.04911008655337834,-0.005796415511605212,-0.30550231574584813,-0.08186440985328532,-0.21674290267545712,0.23464425058024546,0,1,0,9.133836930333064,9.133836930333064,6.0,4.616736552429384
combined,55.52,0.30000000000000004,0.12,0.375,-0.07344099057570372,-0.0504664839076309,-0.02133425099688474,-0.14140755100344765,-0.0763034710460426,-0.21841916848617898,0.23410287530639431,0,1,0,9.05070138356407,9.05070138356407,6.0,3.634347569612701
combined,55.54,0.30000000000000004,0.12,0.375,-0.07829735876082185,-0.03926084273197501,-0.017272601022186064,0.08062872458830693,-0.06951198373655966,-0.2244189608527236,0.23344301825516314,0,1,0,8.85328015588445,8.85328015588445,6.0,3.51387650258669
combined,55.56,0.30000000000000004,0.12,0.375,-0.07886387112680975,-0.0160354285840176,-0.0019836729208310734,0.30462174901654415,-0.06261116117128458,-0.2341236230908219,0.23295272879016246,0,1,0,9.503405345978825,9.503405345978825,6.0,3.0732112625890493
combined,55.58,0.30000000000000004,0.12,0.375,-0.07777376202556775,0.023640326526948592,0.020198405648992338,0.4724692893540908,-0.05641978554309791,-0.24624838669903865,0.23279127119994555,0,1,0,10.32457517494253,10.32457517494253,6.0,2.7333196586067947
combined,55.6,0.30000000000000004,0.12,0.375,-0.049073056815028736,0.06149140679373598,0.05575974248250815,0.4361181342125532,-0.049491410917546226,-0.2563467624562067,0.23323181900697784,0,1,0,9.97796223977898,9.97796223977898,6.0,7.792859546276839
combined,55.620000000000005,0.30000000000000004,0.12,0.375,-0.010160737492331373,0.08793575324584876,0.08472501789027553,0.26109471658763905,-0.04269500345690715,-0.2599119107662879,0.23461033692003683,0,1,0,8.350927161672844,8.350927161672844,6.0,2.2486160198676495
combined,55.64,0.30000000000000004,0.12,0.375,0.028884308690909116,0.10960641534029598,0.0737334249459091,0.11933643564974297,-0.04252511951421571,-0.2627566710480985,0.23618221375654277,0,0,1,8.125827428142737,8.125827428142737,6.0,1.4813554871151067
combined,55.660000000000004,0.30000000000000004,0.12,0.375,0.04421918068184435,0.11877334250819757,0.04576225321271776,0.18097491931646853,-0.04481168596673117,-0.26402350042364253,0.23741792629535244,0,0,0,11.091721676821408,11.091721676821408,6.0,1.3569537902764364
combined,55.68,0.30000000000000004,0.12,0.375,0.038800397660198806,0.12724122834660642,0.014090423915503721,0.23043089026324148,-0.04794227593634418,-0.2623065096608625,0.23808719428672487,0,0,0,10.710396719388665,10.710396719388665,6.0,1.4286807618538955
combined,55.7,0.30000000000000004,0.12,0.375,0.04548593666562338,0.1346681004300291,-0.011461179887955895,0.1585409611680907,-0.052061052189972215,-0.25756007531161196,0.23818391912580578,0,0,1,10.004807329496021,10.004807329496021,6.0,1.8755187781686957
combined,55.72,0.30000000000000004,0.12,0.375,0.06458559634970994,0.13591538655910457,-0.030152305325774037,0.14690734769089772,-0.05953675156839374,-0.2508822651770704,0.23788090211123605,0,0,1,9.818143405512078,9.818143405512078,6.0,2.085041634709714
combined,55.74,0.30000000000000004,0.12,0.375,0.09216207412297703,0.13449453859906998,-0.044235556880449695,0.16839050097810396,-0.07124182572973561,-0.24325290712982298,0.23737969490634897,0,0,1,9.976980605886117,9.976980605886117,6.0,2.100099356866073
combined,55.76,0.30000000000000004,0.12,0.375,0.11683112638840656,0.13606326403016852,-0.05500578974597873,0.17448987940233035,-0.08716372074451455,-0.23502218799233376,0.2367160366688264,0,0,1,10.3140837553271,10.3140837553271,6.0,2.1078448183018725
combined,55.78,0.30000000000000004,0.12,0.375,0.13380632198384917,0.12312431204208053,-0.03822860101589074,0.13469419520871562,-0.10441257665084397,-0.2278121216940866,0.2360773837363027,0,1,1,10.778241971079282,10.778241971079282,6.0,2.3275091247193993
combined,55.800000000000004,0.30000000000000004,0.12,0.375,0.13074354558079443,0.0828577962573869,-0.0033478273148647153,0.04247475704685508,-0.11907418517598044,-0.2259763824976363,0.236139142045159,0,1,1,11.240874212601529,11.240874212601529,6.0,4.329343321366721
combined,55.82,0.30000000000000004,0.12,0.375,0.10474783821022611,0.04467730627169703,0.04480005592117811,-0.00399911917618731,-0.13096851750416727,-0.2296907523190563,0.2370579841295512,0,1,0,11.302750625208759,11.302750625208759,6.0,3.4526231737130635
combined,55.84,0.30000000000000004,0.12,0.375,0.07339641416992035,0.007423274487303011,0.09558510039193305,-0.028357395022052187,-0.13712985271910633,-0.23603168427025872,0.23883930912123796,0,0,0,10.581599011608803,10.581599011608803,6.0,3.3446613602531805
combined,55.86,0.30000000000000004,0.12,0.375,0.045411351050372056,-0.021215647054421305,0.11409914577707853,-0.05362169178859076,-0.1376469017116937,-0.24220014341602566,0.2411685527268951,0,0,0,9.605181766824588,9.605181766824588,6.0,5.912616773782923
combined,55.88,0.30000000000000004,0.12,0.375,0.023687247371091222,-0.03539850980898729,0.09356417081941291,-0.04061915549511147,-0.13469044023588575,-0.2460764535316754,0.24338051661176638,0,0,0,8.622087618121801,8.622087618121801,6.0,6.687386015999295
combined,55.9,0.30000000000000004,0.12,0.375,0.009633269875950255,-0.040131718456735216,0.044172574151914834,-0.01176037108728234,-0.13207953978161371,-0.2467228253880244,0.24487031654259075,0,0,0,7.879922052558774,7.879922052558774,6.0,3.4927961774783607
combined,55.92,0.30000000000000004,0.12,0.375,-0.004424624098944194,-0.04154765877897179,-0.0014008679369966765,0.005577526938453396,-0.13050713536856834,-0.24405187676588708,0.24536619450589311,0,0,0,7.621864794647474,7.621864794647474,6.0,5.473394798530388
combined,55.94,0.30000000000000004,0.12,0.375,-0.01834478879251114,-0.046159067855130055,-0.02280065223451438,-0.08119456815698388,-0.12835572099937378,-0.2402813575399911,0.2451919360508563,0,0,0,7.576189379211235,7.576189379211235,6.0,5.714681715930498
combined,55.96,0.30000000000000004,0.12,0.375,-0.034027959601328206,-0.05579729289367159,-0.0199977056992461,-0.257972685270919,-0.12317377464885994,-0.23743379545219198,0.24482183241568833,0,0,0,7.957553577565694,7.957553577565694,6.0,5.544363219755105
combined,55.980000000000004,0.30000000000000004,0.12,0.375,-0.05421574243479719,-0.07050220660345319,-0.004771506586149934,-0.44326864342715766,-0.11296420525668385,-0.23537299819245444,0.24457566233030573,0,0,0,8.693939393735494,8.693939393735494,6.0,4.498056620347555
combined,56.0,0.30000000000000004,0.12,0.375,-0.07377833971991656,-0.08828263341481128,0.008073916249400993,-0.5750972280084297,-0.09898918147404169,-0.23394373353890535,0.2445340646995087,0,0,0,9.307579351412741,9.307579351412741,6.0,3.228938182326747
combined,56.02,0.30000000000000004,0.12,0.375,-0.08623968963336631,-0.10241719191229391,0.00061383439921937,-0.5810016990690474,-0.0832295752688589,-0.23289361815240123,0.24446905144767284,0,0,0,9.713084929155182,9.713084929155182,6.0,2.464067041974194
combined,56.04,0.30000000000000004,0.12,0.375,-0.09312565299096315,-0.09843072410584242,-0.0010579082544966353,-0.41917745360754205,-0.07096269920742594,-0.2335482810104306,0.2441536102884873,0,1,0,9.310736566284419,9.310736566284419,6.0,4.780335427861816
combined,56.06,0.30000000000000004,0.12,0.375,-0.09791406436396062,-0.0802040978723246,0.009110521719462404,-0.13935381220217238,-0.061093335396305244,-0.2393603455746362,0.2439340995392512,0,1,0,9.202890808179461,9.202890808179461,6.0,3.5510018973144932
combined,56.08,0.30000000000000004,0.12,0.375,-0.09738966867682815,-0.05154597416655885,0.014800499680728343,0.1521386452523631,-0.053233432628028605,-0.2490754870650615,0.24381066013533764,0,1,0,9.2790434171757,9.2790434171757,6.0,5.060362813529364
combined,56.1,0.30000000000000004,0.12,0.375,-0.09070416054642043,-0.012820368148304815,0.020104855259530967,0.432851031584523,-0.04618207650808749,-0.2615680546382415,0.24376464629611225,0,1,0,10.366445167889811,10.366445167889811,6.0,4.234535482040227
combined,56.120000000000005,0.30000000000000004,0.12,0.375,-0.08500492767154223,0.03484882793808255,0.02164408380568956,0.5604266853895172,-0.04306698946514754,-0.2732865996993697,0.2436445894425559,0,0,0,10.795422389613439,10.795422389613439,6.0,7.584142850974916
combined,56.14,0.30000000000000004,0.12,0.375,-0.0770158495864541,0.0919534764196135,0.0070224675541009016,0.5732326751434738,-0.04206879098337674,-0.282406017112218,0.24334419286183107,0,0,0,10.470879577088605,10.470879577088605,6.0,7.508051092734836
combined,56.160000000000004,0.30000000000000004,0.12,0.375,-0.01709884217057607,0.11811647111232479,0.00476758908600863,0.27144966364653506,-0.033723511499049855,-0.28238779571165257,0.2432727794536327,0,0,1,8.810192618515055,8.810192618515055,6.0,7.91145554063346
combined,56.18,0.30000000000000004,0.12,0.375,0.02168008544846816,0.15594382695832534,0.011000400196011234,0.1983055513604596,-0.025364103934214496,-0.279360174062005,0.24342448190708058,0,0,1,8.437224363560919,8.437224363560919,6.0,2.410906583057757
combined,56.2,0.30000000000000004,0.12,0.375,0.0539028426049398,0.17380077797202625,-0.0030773426456225973,0.20883420423175267,-0.0213793578255821,-0.27629808581041937,0.24362602540400596,0,0,1,8.638192480616274,8.638192480616274,6.0,1.8135746252934815
combined,56.22,0.30000000000000004,0.12,0.375,0.07937811145584087,0.18170739517695042,-0.020483350814252402,0.21916133658370018,-0.02680272633308235,-0.2708663350165974,0.24366047753491582,0,0,1,8.859116292073422,8.859116292073422,6.0,1.5173547200198187
combined,56.24,0.30000000000000004,0.12,0.375,0.10389365423728816,0.1846568590855345,-0.041609867470630155,0.22753342228008105,-0.04106542763018973,-0.2627189205780935,0.24340171696729518,0,0,1,9.518902460765824,9.518902460765824,6.0,1.545696673245256
combined,56.26,0.30000000000000004,0.12,0.375,0.13177206988242293,0.18292426549522106,-0.06131742284967866,0.2474437302808621,-0.06042554876503232,-0.25280901281594503,0.2427862847347144,0,0,1,10.242020291150663,10.242020291150663,6.0,1.6656166291146366
combined,56.28,0.30000000000000004,0.12,0.375,0.16174690875451841,0.17736163808032016,-0.07080205306851059,0.2959764391074636,-0.08378015698795208,-0.241557663133762,0.24190046589488404,0,0,1,10.762184488442484,10.762184488442484,6.0,1.816784487951081
combined,56.300000000000004,0.30000000000000004,0.12,0.375,0.18060152281420822,0.16983581324561275,-0.06576747887345084,0.35257407594727375,-0.10839948220215392,-0.22977681426810034,0.24092809591410244,0,1,0,11.186984642589923,11.186984642589923,6.0,3.317516273523001
combined,56.32,0.30000000000000004,0.12,0.375,0.17129478380636345,0.1327046434647729,-0.01736909367111457,0.27030138802329395,-0.13045712318961103,-0.22380811162658265,0.24064157790256324,0,1,0,11.588482319433531,11.588482319433531,6.0,2.4489995980674033
combined,56.34,0.30000000000000004,0.12,0.375,0.14138027244813328,0.08582007173508126,0.036399902425286366,0.1453345750007674,-0.1453951520507974,-0.22474057441384096,0.2412572436630299,0,1,0,11.529801309169645,11.529801309169645,6.0,3.8463536232591045
combined,56.36,0.30000000000000004,0.12,0.375,0.10091264258808975,0.03139272105990783,0.09144069635147321,-0.03153201044088867,-0.15240094630628664,-0.22984579720954776,0.2429858696722805,0,1,0,11.04574122639625,11.04574122639625,6.0,5.224014384815766
combined,56.38,0.30000000000000004,0.12,0.375,0.057994196705335135,-0.013021832230216347,0.14676743245421392,-0.1452456938013839,-0.1535611267733915,-0.23646150127675408,0.24574661551954205,0,0,0,9.911395916623409,9.911395916623409,6.0,5.784442095387324
combined,56.4,0.30000000000000004,0.12,0.375,0.021472094089364006,-0.05100659858038849,0.16359850619477015,-0.21175651243849777,-0.14919154481127905,-0.24254471811907782,0.24889987971706296,0,0,0,13.441246490879807,13.441246490879807,6.0,14.01451529357508
combined,56.42,0.30000000000000004,0.12,0.375,-0.006637380996257429,-0.08142708396527014,0.14611195330284804,-0.19662630225820613,-0.14642486369107197,-0.248297394729986,0.2518706234043018,0,0,0,13.622726809209201,13.622726809209201,6.0,15.244953155252428
combined,56.44,0.30000000000000004,0.12,0.375,-0.030433192149003044,-0.09900045695997636,0.11925206536593126,-0.15279397105511908,-0.14687248521452828,-0.25356333373501266,0.25432577507498316,0,0,0,13.442776396743287,13.442776396743287,6.0,15.327927224778154
combined,56.46,0.30000000000000004,0.12,0.375,-0.05080105456439034,-0.11135509388221757,0.0958569120208706,-0.06538471618876004,-0.14724438073631105,-0.25911511805910614,0.25626569038965785,0,0,0,8.156509265102295,8.156509265102295,6.0,12.27637097254797
combined,56.480000000000004,0.30000000000000004,0.12,0.375,-0.07019572251037047,-0.11773471073057887,0.0851953644337376,0.009688466378804397,-0.14465824106295336,-0.26473936739485554,0.25786667869469304,0,0,0,7.3508453495748585,7.3508453495748585,6.0,7.998426917306389
combined,56.5,0.30000000000000004,0.12,0.375,-0.08350161371200017,-0.11729622544688964,0.07793643817541313,0.04743467924788122,-0.14016661324631075,-0.27063237705877774,0.2592090063510947,0,0,0,8.133059251845033,8.133059251845033,6.0,7.757124156188185
combined,56.52,0.30000000000000004,0.12,0.375,-0.09028720093149244,-0.10514871277865341,0.06830544903594682,0.004960400114260438,-0.13537956608440785,-0.2766728414175416,0.26026365807398394,0,0,0,9.653054091436188,9.653054091436188,6.0,9.823192380586269
combined,56.54,0.30000000000000004,0.12,0.375,-0.09213982442850621,-0.08127560898443117,0.047989570036596596,-0.12064252972429129,-0.13195653262024618,-0.28169767990716593,0.2609157601957064,0,0,0,10.400970530620555,10.400970530620555,6.0,10.8570723006149
combined,56.56,0.30000000000000004,0.12,0.375,-0.094414487869232,-0.058192557149912824,0.023752616761474225,-0.3021687204125341,-0.1303183964888451,-0.2846344487219609,0.26104607235049887,0,0,0,8.89829172632452,8.89829172632452,6.0,10.455289543846833
combined,56.58,0.30000000000000004,0.12,0.375,-0.097801442019174,-0.04257515788920426,0.0007272877694443972,-0.43927177042181187,-0.12777459382322146,-0.2853962971942303,0.26065678898267747,0,0,0,8.036490180590642,8.036490180590642,6.0,8.14449470902901
combined,56.6,0.30000000000000004,0.12,0.375,-0.1022081100546531,-0.03512177494283704,-0.036992341647883856,-0.4517223734982955,-0.12530016624715662,-0.2838678673568518,0.25964780038315166,0,0,0,8.272435715057428,8.272435715057428,6.0,6.523051557024202
combined,56.620000000000005,0.30000000000000004,0.12,0.375,-0.09845335072376266,-0.03411098440056343,-0.06799763251407015,-0.3684423577842258,-0.11929389054458009,-0.2820084287930022,0.257995114939822,0,0,0,8.837348710862978,8.837348710862978,6.0,6.614228557767069
combined,56.64,0.30000000000000004,0.12,0.375,-0.09143685390608022,-0.032741150927725726,-0.10079868613761304,-0.210606206620617,-0.11117703979285246,-0.2805177411321249,0.25573072566574184,0,0,0,9.304934219457053,9.304934219457053,6.0,8.59212823018138
combined,56.660000000000004,0.30000000000000004,0.12,0.375,-0.08062611785478535,-0.029213841431816996,-0.1139548013297091,-0.05575629950013849,-0.1017072197209331,-0.2799674829891888,0.25304417042513383,0,0,0,12.309250043866086,12.309250043866086,6.0,14.871901410231523
combined,56.68,0.30000000000000004,0.12,0.375,-0.07113568377767748,-0.021945955862049404,-0.11768214221121868,0.010157616671587905,-0.09108505693211627,-0.27944753154489743,0.25019876567339855,0,0,0,14.538981727897788,14.0,6.0,16.48546578771472
combined,56.7,0.30000000000000004,0.12,0.375,-0.06277923169845842,-0.013597956485209383,-0.11178159161775371,-0.03392931844077374,-0.08093857454656864,-0.2790804792747604,0.24750736718542699,0,0,0,10.12975192995914,10.12975192995914,6.0,16.63900999829128
combined,56.72,0.30000000000000004,0.12,0.375,-0.0005247172159189926,-0.00879631154197925,-0.006090453875828927,-0.013957913745026175,-0.07234137249837784,-0.27740258733384915,0.24658729878889032,0,1,1,9.102484785692152,9.102484785692152,6.0,6.646487732097523
combined,56.74,0.30000000000000004,0.12,0.375,0.013605673340957759,0.021424941957163435,0.039909681420280646,-0.1211296206564801,-0.07329074606137803,-0.27959008082652215,0.24707753192316118,0,1,0,9.112985868238617,9.112985868238617,6.0,0.7688353135017972
combined,56.76,0.30000000000000004,0.12,0.375,0.0054264564380041794,0.04155137293660025,0.04913484656034295,-0.3474797627707152,-0.07659566014746973,-0.2831992809025756,0.24805883981359783,0,1,0,9.278184069281355,9.278184069281355,6.0,0.8387002646779596
combined,56.78,0.30000000000000004,0.12,0.375,-0.01718749272033945,0.04930026613782402,0.025193001799880516,-0.5520314982235577,-0.08257930476965152,-0.28423410098917046,0.2486534358642463,0,1,0,9.802535728268717,9.802535728268717,6.0,1.143307050186473
combined,56.800000000000004,0.30000000000000004,0.12,0.375,-0.02310977534485924,0.0332975204226685,0.009391652890256615,-0.4758103751518778,-0.09010945400228489,-0.28200795855102856,0.24866064684200773,0,1,0,9.846889239899294,9.846889239899294,6.0,1.3032392388846223
combined,56.82,0.30000000000000004,0.12,0.375,-0.016265649206369356,0.025971410096031204,-0.029186737906844108,-0.2203353976789323,-0.10076363375600685,-0.2772592233044973,0.2481544641972624,0,0,0,9.86334457901985,9.86334457901985,6.0,2.915274062073391
combined,56.84,0.30000000000000004,0.12,0.375,0.014176793547133627,0.024075112814257605,-0.050302720868521195,0.05104167349448069,-0.1094453180833444,-0.27029326989682995,0.24725055205938753,0,0,2,9.607496034229767,9.607496034229767,6.0,2.915274062073391
combined,56.86,0.30000000000000004,0.12,0.375,0.05500839674282515,0.03292489396710171,-0.06500587281146669,0.0673525449278573,-0.11801776848131462,-0.2640470555984871,0.24626967083046544,0,0,1,9.676296460975703,9.676296460975703,6.0,1.8573167247827829
combined,56.88,0.30000000000000004,0.12,0.375,0.09275427168309214,0.041975695182153765,-0.07960114159402906,0.09042831576385398,-0.1264158370229517,-0.2590519573093497,0.24519643626368817,0,0,1,10.0191613205117,10.0191613205117,6.0,2.7327392642808377
combined,56.9,0.30000000000000004,0.12,0.375,0.10667333029428529,0.030384520113646753,-0.0635363915173775,0.08159962449844953,-0.13245129099453617,-0.25628734503955936,0.24416476835529283,0,1,1,10.612755700190053,10.612755700190053,6.0,3.2607545003751834
combined,56.92,0.30000000000000004,0.12,0.375,0.08834441353606655,-0.0013460190160364501,-0.03356711976870323,0.059020503542148044,-0.133524012908219,-0.2579042821884274,0.24372149776665594,0,1,0,10.773916950738426,10.773916950738426,6.0,1.9190347169337243
combined,56.94,0.30000000000000004,0.12,0.375,0.06425675976318473,-0.031520288436709835,-0.004320736750136767,0.05467773873351489,-0.13207535665516104,-0.25991043710008477,0.2438679713018849,0,0,0,10.354811281502657,10.354811281502657,6.0,4.552088760432724
combined,56.96,0.30000000000000004,0.12,0.375,0.047790165206158,-0.05193259007961555,0.0049584776857343645,0.11300209310784268,-0.12786114652929997,-0.26056308863129557,0.24435479453073378,0,0,0,9.564016071256576,9.564016071256576,6.0,6.420343122727996
combined,56.980000000000004,0.30000000000000004,0.12,0.375,0.03981981482655793,-0.06392017154543062,6.432855504761442e-06,0.21724989840434966,-0.1204160399918648,-0.2601533930084117,0.2448384440362075,0,0,0,8.884283648676044,8.884283648676044,6.0,6.420343122727996
combined,57.0,0.30000000000000004,0.12,0.375,0.03286195761591594,-0.06954217006936834,-0.00661874366473663,0.26346587278542327,-0.11265293848248754,-0.2585685050176549,0.24513432643449282,0,0,0,9.10938241949298,9.10938241949298,6.0,5.329150822670448
combined,57.02,0.30000000000000004,0.12,0.375,0.024871086069623783,-0.07115114681505107,-0.005927442913311527,0.16217724359267777,-0.10650593148900588,-0.2562865926657094,0.2453031911728584,0,0,0,9.020830292918712,9.020830292918712,6.0,3.042242363752237
combined,57.04,0.30000000000000004,0.12,0.375,0.015729351937257424,-0.06846928131993164,-0.00160875536539201,-0.052076503744121413,-0.10128351017240793,-0.25425477997758544,0.24547679238917064,0,0,0,8.592641421684776,8.592641421684776,6.0,1.4962664290433287
combined,57.06,0.30000000000000004,0.12,0.375,0.005558464499115903,-0.06426876991077753,-0.003846442151088448,-0.23691423189224692,-0.09626127314799422,-0.2520732065357284,0.24562617013904003,0,0,0,8.744980976177903,8.744980976177903,6.0,1.6309857495081543
combined,57.08,0.30000000000000004,0.12,0.375,-0.007475160889920743,-0.0589074478791058,-0.018319838548847448,-0.34795222184771324,-0.09181021319155519,-0.24807101488425076,0.24553848969958178,0,0,0,9.780536966781902,9.780536966781902,6.0,2.222030482297264
combined,57.1,0.30000000000000004,0.12,0.375,-0.028850269698175036,-0.059524907061824,-0.03576021655174018,-0.395093236413374,-0.08572040234798114,-0.24151841489045064,0.24495795047260563,0,0,0,9.795318608592359,9.795318608592359,6.0,7.603880319733086
combined,57.120000000000005,0.30000000000000004,0.12,0.375,-0.03807060063728144,-0.062433332800935555,-0.04916970568497258,-0.3358449822026239,-0.07702968548027621,-0.23237015948791695,0.24398599022610698,0,1,0,9.692593875671845,9.692593875671845,6.0,5.2804661715335275
combined,57.14,0.30000000000000004,0.12,0.375,-0.0411486402556671,-0.036480946411581595,-0.004011139991620802,-0.0794968646592547,-0.0725570139729736,-0.23234330363146324,0.24336137940150662,0,0,0,8.608970680653307,8.608970680653307,6.0,4.484137112438142
combined,57.160000000000004,0.30000000000000004,0.12,0.375,-0.0483912373683111,-0.003928690286246192,0.031098973725023415,0.18242155988905812,-0.06877972328935103,-0.23946713873457195,0.24340658362754997,0,0,0,8.4871810265155,8.4871810265155,6.0,4.191946604718867
combined,57.18,0.30000000000000004,0.12,0.375,-0.05013442951192181,0.03766420611102934,0.04085112835428258,0.40796447942237163,-0.06391740663920227,-0.24954557448888612,0.2438811124473697,0,0,0,9.00734242899438,9.00734242899438,6.0,7.169530711476105
combined,57.2,0.30000000000000004,0.12,0.375,-0.04603031746382984,0.07107876473231767,0.030501155901097525,0.4692408450330459,-0.059854623038670104,-0.2577055605877229,0.24422909530349077,0,0,0,9.145881119918323,9.145881119918323,6.0,7.169530711476105
combined,57.22,0.30000000000000004,0.12,0.375,-0.03520192306686558,0.10643108726466716,-0.004138058567604326,0.5013963032772523,-0.059898914237051654,-0.2630839093772595,0.24408966452294856,0,0,0,9.0025772020945,9.0025772020945,6.0,6.245247055273455
combined,57.24,0.30000000000000004,0.12,0.375,-0.02654506634276503,0.14289792212917132,-0.038056368783488975,0.38936846214643483,-0.06282470434564337,-0.26487675739033606,0.24325905431532435,0,1,0,9.449558768920586,9.449558768920586,6.0,6.037476502985134
combined,57.26,0.30000000000000004,0.12,0.375,-0.021126266969127463,0.17814382486553296,-0.0620001340896741,0.23749853804288007,-0.06815641669836056,-0.2644812733734645,0.2419131100408796,0,0,0,10.224220066240475,10.224220066240475,6.0,1.4541146847671573
combined,57.28,0.30000000000000004,0.12,0.375,0.028059832207737237,0.16934008203769219,-0.020048394139992078,0.22072633431215982,-0.07311225434167284,-0.25963563556782937,0.24057690019986214,0,1,1,9.898541637299587,9.898541637299587,6.0,2.135426621059033
combined,57.300000000000004,0.30000000000000004,0.12,0.375,0.0626832675119548,0.16403777966705177,-0.010238700132252532,0.18676329293903107,-0.08431740030189541,-0.2499252473424895,0.24028941220529307,0,1,1,10.189327249606874,10.189327249606874,6.0,2.7203103411821887
combined,57.32,0.30000000000000004,0.12,0.375,0.08577199922297822,0.12993983551088736,0.007571431060692038,0.14344196418292415,-0.1010382703614794,-0.24349441777983483,0.24045733546783762,0,1,1,10.284312091627339,10.284312091627339,6.0,1.841955610534399
combined,57.34,0.30000000000000004,0.12,0.375,0.08637256204264804,0.08992395035127618,0.009662641265220736,0.09581268009476776,-0.12279286369426792,-0.23891629423020436,0.24083167334462777,0,1,1,10.479008994184545,10.479008994184545,6.0,1.0809138863709569
combined,57.36,0.30000000000000004,0.12,0.375,0.06658661954769494,0.05299167390573754,0.01959679011046532,0.04612850109440372,-0.14375746313242657,-0.2362542250860879,0.24128514325761283,0,1,1,10.562893969572459,10.562893969572459,6.0,3.3732700025682387
combined,57.38,0.30000000000000004,0.12,0.375,0.030724445478894878,0.020094337872182667,0.040866962079703584,-0.0734639756933091,-0.15847894118637423,-0.23614353969483376,0.241990947112456,0,1,0,10.342850558940993,10.342850558940993,6.0,2.9978948551225924
combined,57.4,0.30000000000000004,0.12,0.375,-0.0055509505048220685,-0.018598061311484018,0.06857688696947375,-0.1899368711167331,-0.16497217269188033,-0.23999256869039545,0.24311250631546621,0,1,0,10.033730691159281,10.033730691159281,6.0,2.852826934605122
combined,57.42,0.30000000000000004,0.12,0.375,-0.042680816746028145,-0.06467007216559034,0.0981356937306227,-0.2667759528616482,-0.16446082039761098,-0.24894654985409947,0.24475708975675786,0,1,0,9.674240320814807,9.674240320814807,6.0,5.41406883983869
combined,57.44,0.30000000000000004,0.12,0.375,-0.0835915407456395,-0.1087668925789605,0.11832873995461181,-0.34596618875149776,-0.1602721281732323,-0.26108234890651916,0.2468833247584377,0,0,0,9.091320707056743,9.091320707056743,6.0,6.824323074783444
combined,57.46,0.30000000000000004,0.12,0.375,-0.12266594242152788,-0.14617299794912753,0.12305551469497583,-0.3621694623729188,-0.15643218901754904,-0.2733706250735661,0.2492204232649321,0,0,0,13.113011900072067,13.113011900072067,6.0,14.932203832207698
combined,57.480000000000004,0.30000000000000004,0.12,0.375,-0.13877679259888867,-0.1719095288483696,0.11325689190838631,-0.2879365803376807,-0.15568356408140946,-0.2841342958362331,0.25149900970651823,0,0,0,14.464067330801626,14.0,6.0,15.795956289100541
combined,57.5,0.30000000000000004,0.12,0.375,-0.12850984581376376,-0.17663669555790473,0.07715017585774263,-0.2632552028530148,-0.15621169215871858,-0.29181034410470724,0.2532250699295285,0,0,1,11.353018120213887,11.353018120213887,6.0,15.456865764961766
combined,57.52,0.30000000000000004,0.12,0.375,-0.10755492706640782,-0.16293315331609218,0.019090185652088625,-0.24281253726417062,-0.15520201221587215,-0.29610041000598364,0.253982168095541,0,0,1,7.587553711761671,7.587553711761671,6.0,12.435699573188725
combined,57.54,0.30000000000000004,0.12,0.375,-0.08501217136473997,-0.14563305861787817,-0.03668224723159027,-0.23070833429270937,-0.1513200782401731,-0.2970195316310551,0.25366228278660186,0,0,1,8.103042899392342,8.103042899392342,6.0,7.1117966478918415
combined,57.56,0.30000000000000004,0.12,0.375,-0.06450945342039177,-0.12893934227618226,-0.07912692214015989,-0.2937666887304192,-0.14676613130463878,-0.2949728250999733,0.25249124756144786,0,0,0,8.461165139717245,8.461165139717245,6.0,4.305189373648564
combined,57.58,0.30000000000000004,0.12,0.375,-0.05728145231930114,-0.11357083788991998,-0.1055430610572899,-0.42191222169020104,-0.14139400230170437,-0.2904761424045312,0.2506338642126116,0,0,0,8.386814505095519,8.386814505095519,6.0,3.418660589069827
combined,57.6,0.30000000000000004,0.12,0.375,-0.06145541187872323,-0.10418592751066821,-0.11710989955221719,-0.5483369661718138,-0.13184201225614484,-0.28430563981948787,0.2484472746822681,0,0,0,8.658690802170437,8.658690802170437,6.0,2.3971531130925867
combined,57.620000000000005,0.30000000000000004,0.12,0.375,-0.06722346418102838,-0.10626650243239835,-0.1195642846388542,-0.6036205194606837,-0.11661207499693821,-0.2779812999650271,0.24609765507394005,0,0,0,8.82573173690928,8.82573173690928,6.0,2.060368558326287
combined,57.64,0.30000000000000004,0.12,0.375,-0.07065775545648859,-0.11367432999161647,-0.12557428365237366,-0.5861111945877568,-0.09781574106834824,-0.2720872918790345,0.24363064720310754,0,0,0,9.513444526817834,9.513444526817834,6.0,3.3005640290110163
combined,57.660000000000004,0.30000000000000004,0.12,0.375,-0.06892347381354835,-0.11268531662464999,-0.1295046498156213,-0.4550012352679872,-0.07867940891507999,-0.2670522820445749,0.24095249109571829,0,1,0,9.614680591260583,9.614680591260583,6.0,4.182482296499531
combined,57.68,0.30000000000000004,0.12,0.375,-0.06976280329446188,-0.09098260092682289,-0.06465713351333191,-0.116503470774733,-0.06745536981957159,-0.2711046820045844,0.23897333751273572,0,1,0,9.748463149524524,9.748463149524524,6.0,4.182482296499531
combined,57.7,0.30000000000000004,0.12,0.375,-0.04180620945752708,-0.06738075739159767,0.005728736346130026,0.15018225485979403,-0.05454633718113638,-0.2804197350419398,0.23841135190665286,0,1,0,10.613766260190102,10.613766260190102,6.0,8.582980276869987
combined,57.72,0.30000000000000004,0.12,0.375,-0.012789997395675578,-0.03964060795295538,0.05178283382998144,0.16714000633912263,-0.041467216109411766,-0.28823857472138037,0.2391857655940178,0,1,0,10.292833897151043,10.292833897151043,6.0,4.121416816855831
combined,57.74,0.30000000000000004,0.12,0.375,0.015691540811719234,-0.004303814203382711,0.05330754009880765,0.2138366592305609,-0.029672286368128905,-0.2963718531375973,0.24027625259907082,0,0,1,10.12120670443127,10.12120670443127,6.0,3.8695103566415066
combined,57.76,0.30000000000000004,0.12,0.375,0.025048693255695798,0.03969710492487969,0.024726166724955135,0.3176423012323995,-0.018479972300874975,-0.3042219934920313,0.24107967465387872,0,0,0,9.788638840724287,9.788638840724287,6.0,6.742156103448405
combined,57.78,0.30000000000000004,0.12,0.375,0.03141661453304884,0.08030684119283858,0.021630440509062064,0.1977736999654048,-0.004541668944497453,-0.30889205204828724,0.24161126306175792,0,0,0,9.089173435916456,9.089173435916456,6.0,2.472216122321688
combined,57.800000000000004,0.30000000000000004,0.12,0.375,0.02834049640469705,0.11502908636615868,0.016795563040372292,0.14707636847887556,0.0027354851716333835,-0.31017007655563317,0.2420821272140964,0,0,1,8.9266057850088,8.9266057850088,6.0,2.1487066877445833
combined,57.82,0.30000000000000004,0.12,0.375,0.040250778349577424,0.13085598373772991,0.017181341120507378,0.16894437815749794,0.00019973492079721633,-0.30808619517852126,0.2426100878010011,0,0,1,8.827588186306922,8.827588186306922,6.0,1.706532576130575
combined,57.84,0.30000000000000004,0.12,0.375,0.06047102752993444,0.13742450179634888,0.008134661747021104,0.18158322609973185,-0.010981824409533747,-0.30440546630299,0.2431467834611733,0,0,1,9.184990557928613,9.184990557928613,6.0,1.681391170501578
combined,57.86,0.30000000000000004,0.12,0.375,0.08225165936770128,0.1373619984573995,-0.007756166959362968,0.19353696977724938,-0.026079678012907954,-0.2999222872089314,0.2435126891720198,0,0,1,9.680565288952016,9.680565288952016,6.0,1.7645865473502051
combined,57.88,0.30000000000000004,0.12,0.375,0.10348129627163496,0.13211610987625233,-0.02351555883778088,0.2596168128389995,-0.04346281401497113,-0.29458934174662127,0.24363125898025126,0,0,1,10.055095400764927,10.055095400764927,6.0,1.8185086203874612
combined,57.9,0.30000000000000004,0.12,0.375,0.1160506411287239,0.13091358835554626,-0.04057640995158277,0.39694734375197666,-0.0617593833362739,-0.287904215575596,0.24344864297133217,0,0,0,10.15169563257129,10.15169563257129,6.0,3.0846633317639904
combined,57.92,0.30000000000000004,0.12,0.375,0.12849048788876252,0.1340553571499079,-0.06857115268860972,0.5782649719387365,-0.08111391729670744,-0.2802477177576317,0.24290711938252285,0,0,0,10.387496615977645,10.387496615977645,6.0,2.736183816104062
combined,57.94,0.30000000000000004,0.12,0.375,0.1525796166688214,0.13900072836756752,-0.0897186888302616,0.5373102669091004,-0.09793553260353562,-0.2709335192023495,0.24195079681573461,0,1,0,10.423704469518292,10.423704469518292,6.0,3.5502161424177108
combined,57.96,0.30000000000000004,0.12,0.375,0.15097175091277087,0.09518526590064806,-0.043214487383600106,0.2878195058910077,-0.10711178986257687,-0.2668991264315044,0.2412519463969914,0,1,0,10.993310249448928,10.993310249448928,6.0,2.747110237136959
combined,57.980000000000004,0.30000000000000004,0.12,0.375,0.12804958204849726,0.044149337594583254,0.014136134461918463,0.07386170724538454,-0.11068742629533296,-0.26863005802086026,0.24163291091927805,0,0,0,10.960693138222886,10.960693138222886,6.0,3.8528183323687397
combined,58.0,0.30000000000000004,0.12,0.375,0.09789832145781563,-0.001266342272528094,0.04711567372942648,0.01848660593339843,-0.11059929413051892,-0.26923498511083677,0.24281081951833733,0,0,0,10.13492141542785,10.13492141542785,6.0,4.782831300477989
combined,58.02,0.30000000000000004,0.12,0.375,0.07301789191377825,-0.03743655506697577,0.04762745272083721,0.057679577613102044,-0.10814106044409143,-0.2668757077233043,0.24416302455977948,0,0,0,8.993563149522213,8.993563149522213,6.0,6.584912060521038
combined,58.04,0.30000000000000004,0.12,0.375,0.05522692985993122,-0.06613421122960642,0.032284126871757246,0.09495999408376225,-0.10419962253442921,-0.2632856947345957,0.2452648960891986,0,0,0,8.038754241193349,8.038754241193349,6.0,7.0067593420421375
combined,58.06,0.30000000000000004,0.12,0.375,0.035685292215350994,-0.08859012933886096,0.02221382061548259,0.08613476730207728,-0.09907271432472656,-0.25924223653774403,0.2460870901793812,0,0,0,7.525990893258459,7.525990893258459,6.0,5.70262954431799
combined,58.08,0.30000000000000004,0.12,0.375,0.011845053152369356,-0.10882024554850327,0.025044567713911284,0.007007817759105375,-0.09311429109748724,-0.25484501128597536,0.24679258505628707,0,0,0,7.468706651766896,7.468706651766896,6.0,3.3761914620385376
combined,58.1,0.30000000000000004,0.12,0.375,-0.014837002510694896,-0.12370068368005,0.029555184058480614,-0.12854117409255883,-0.084975760056522,-0.2500842368331763,0.24748493518849257,0,0,0,7.546140118453623,7.546140118453623,6.0,2.7525646589851127
combined,58.120000000000005,0.30000000000000004,0.12,0.375,-0.03848860598888115,-0.13109312850443217,0.02273266962658004,-0.29927769027099227,-0.0749706995239133,-0.24494003083636146,0.24803421801723904,0,0,0,8.121846965189041,8.121846965189041,6.0,2.264876467299549
combined,58.14,0.30000000000000004,0.12,0.375,-0.06209392250238441,-0.1295598985137051,0.002124144370496719,-0.460517942260886,-0.06261837208215922,-0.23892004822279017,0.24813484557702914,0,0,0,9.119030752163146,9.119030752163146,6.0,6.069948825363639
combined,58.160000000000004,0.30000000000000004,0.12,0.375,-0.08160622511091394,-0.11222969271108056,0.00035811493539359036,-0.4882781227459342,-0.05057136818702377,-0.23270633974458121,0.24779681630969835,0,1,0,8.433163165479684,8.433163165479684,6.0,5.81361049993147
combined,58.18,0.30000000000000004,0.12,0.375,-0.09354858171978647,-0.08166225778610518,0.03472492738658109,-0.3585548970665003,-0.040446780363833826,-0.23270849798151486,0.24784023388192414,0,0,0,8.855087828091486,8.855087828091486,6.0,3.316166689535586
combined,58.2,0.30000000000000004,0.12,0.375,-0.10884819196217133,-0.04231545350779206,0.06398157891862125,-0.14874950153207522,-0.034973555432830115,-0.2396363437592067,0.2483368519626652,0,0,0,8.457452511450759,8.457452511450759,6.0,5.250323694940851
combined,58.22,0.30000000000000004,0.12,0.375,-0.1216904425129151,-0.005466859900169719,0.057935008438845234,0.021878137438281528,-0.030289340579898683,-0.24960073198271449,0.24903864251647637,0,0,0,8.691113868379711,8.691113868379711,6.0,8.811575321765982
combined,58.24,0.30000000000000004,0.12,0.375,-0.12507064363154966,0.023346438901563394,0.027302346951291162,0.12458965077567602,-0.029608574881198748,-0.2589583841325413,0.24935440112101792,0,0,0,8.20939616554812,8.20939616554812,6.0,8.34106995917502
combined,58.26,0.30000000000000004,0.12,0.375,-0.11928417129821016,0.04392222604806275,-0.029304894510070408,0.1629541911952155,-0.03526239799896823,-0.2639225275516375,0.2486355517237784,0,0,0,8.581337213696411,8.581337213696411,6.0,8.522797611669498
combined,58.28,0.30000000000000004,0.12,0.375,-0.10575852816718666,0.05352517608931041,-0.0902479930678106,0.1036865643902728,-0.04213918534471081,-0.2665659321265792,0.2467853611907429,0,0,0,9.645751483763569,9.645751483763569,6.0,8.620574038361339
combined,58.300000000000004,0.30000000000000004,0.12,0.375,-0.08837063834643188,0.09263963595102151,-0.09610903349107713,0.24398604461173024,-0.04638552756380779,-0.2720195818087473,0.24445384060581066,0,0,0,10.554418202577802,10.554418202577802,6.0,2.8185293211036258
combined,58.32,0.30000000000000004,0.12,0.375,-0.07514125724188811,0.12912943406618724,-0.10123995332335067,0.28091722271353436,-0.05130593256306457,-0.278052441920998,0.24195450265404622,0,0,0,11.432903332910142,11.432903332910142,6.0,2.120694582817635
combined,58.34,0.30000000000000004,0.12,0.375,-0.03155926727380455,0.14221000775923642,-0.05027565712015341,0.23041411264419742,-0.057720236807930925,-0.28065861815664433,0.23965586878051495,0,0,1,12.004564309441951,12.004564309441951,6.0,1.185176070759538
combined,58.36,0.30000000000000004,0.12,0.375,0.03935848697028359,0.1347284599668645,0.006735465309788224,0.1778412741711236,-0.06293105395422596,-0.2714273968230163,0.23941912799172657,0,1,1,10.381556495451473,10.381556495451473,6.0,1.77541492174011
combined,58.38,0.30000000000000004,0.12,0.375,0.06492781198595537,0.12876101666136736,0.023623981964245287,0.0963650898620741,-0.07958738583687389,-0.26611523874813686,0.2398747571867235,0,1,1,10.252466903994403,10.252466903994403,6.0,1.328453168329855
combined,58.4,0.30000000000000004,0.12,0.375,0.0727006882216544,0.10995545499990629,0.01850772838005859,0.06489759230934619,-0.09976112509435557,-0.2627257949050689,0.2404597085776137,0,1,0,10.077905097488754,10.077905097488754,6.0,1.0555067782400946
combined,58.42,0.30000000000000004,0.12,0.375,0.06855518606712953,0.08314344575247694,0.015416585815522634,0.09942807108671789,-0.11843405192537727,-0.2604717920524061,0.2409674389336364,0,1,0,10.378629826788277,10.378629826788277,6.0,3.4730861999983538
combined,58.44,0.30000000000000004,0.12,0.375,0.057832150226974834,0.04952826339283506,0.027629607381476635,0.046075399731978176,-0.13389623987950575,-0.2600253385789331,0.24158435501375605,0,1,0,10.343356021052019,10.343356021052019,6.0,2.7945190471673076
combined,58.46,0.30000000000000004,0.12,0.375,0.04192081458245745,0.009896750990853243,0.04368979909367615,-0.033445644937821095,-0.14546950734936231,-0.26275951736190334,0.24249252753119485,0,1,1,10.351377076879116,10.351377076879116,6.0,2.089297773868866
combined,58.480000000000004,0.30000000000000004,0.12,0.375,0.012844150568387128,-0.02521999498190964,0.06825239928082459,-0.10183219986299627,-0.1514573129085224,-0.26866634794490896,0.2437278780466785,0,0,0,10.044944677665264,10.044944677665264,6.0,5.770891995359022
combined,58.5,0.30000000000000004,0.12,0.375,-0.01620964833852536,-0.06021927328761715,0.08991020430816853,-0.20084493986308113,-0.15235091398622855,-0.2760369027805504,0.2452127055268759,0,0,0,13.467203324812015,13.467203324812015,6.0,14.202283827794457
combined,58.52,0.30000000000000004,0.12,0.375,-0.0399258268191518,-0.09430754008449202,0.09118666054845337,-0.26444161129059246,-0.15309452996738834,-0.2844782980762505,0.24678138433475832,0,0,0,13.705877197581025,13.705877197581025,6.0,15.538987398719115
combined,58.54,0.30000000000000004,0.12,0.375,-0.06347372772716953,-0.11918753715516064,0.07915309715997326,-0.21991538143428185,-0.1562756542418544,-0.29243783363591447,0.24819189533006508,0,0,0,14.380404676541085,14.0,6.0,15.652465509340722
combined,58.56,0.30000000000000004,0.12,0.375,-0.08698482255126375,-0.13571441531659842,0.061460295624696376,-0.07695310879735011,-0.1619824729254627,-0.29887913463751437,0.2492458699330256,0,0,0,12.389959190075707,12.389959190075707,6.0,13.5119962072655
combined,58.58,0.30000000000000004,0.12,0.375,-0.10361194458198555,-0.15108057380866058,0.044668275470112914,0.02000135547472659,-0.1647041418084244,-0.3014273104610355,0.24998628689791744,0,0,0,15.015435494032573,14.0,6.0,15.310326228464032
combined,58.6,0.30000000000000004,0.12,0.375,-0.1087996166964834,-0.15977975903111108,0.018590181389207896,0.004838643668716881,-0.16593634423342968,-0.30179329512392344,0.250127919925121,0,0,1,14.534651467954227,14.0,6.0,15.664814608777636
combined,58.620000000000005,0.30000000000000004,0.12,0.375,-0.11701876586461575,-0.1664254447779137,-0.01174959441480137,0.08798859337920122,-0.1623569940002439,-0.30032916331992704,0.24973302655045093,0,0,0,14.91906065743102,14.0,6.0,15.65979206523781
combined,58.64,0.30000000000000004,0.12,0.375,-0.09786525825031267,-0.15557315268534816,-0.006869293912117221,-0.013588281257822923,-0.16014260421794382,-0.3019052453449904,0.24911363979585727,0,1,1,9.364493532728893,9.364493532728893,6.0,15.797731155153585
combined,58.660000000000004,0.30000000000000004,0.12,0.375,-0.06645874679424427,-0.12136634078115635,0.05107153069892008,-0.17160196981222742,-0.15721188512531514,-0.3065733281182461,0.24966079599271454,0,0,1,8.906405590748921,8.906405590748921,6.0,3.550851477010611
combined,58.68,0.30000000000000004,0.12,0.375,-0.05215051195552648,-0.07457042835834118,0.078428609025015,-0.16508254513095988,-0.154265095322789,-0.31399714847666677,0.25084334861295343,0,1,1,8.603171390939705,8.603171390939705,6.0,4.070999845535883
combined,58.7,0.30000000000000004,0.12,0.375,-0.05825736516542966,-0.040271310808526375,0.06863174932054353,-0.19074013225616068,-0.14757263086928282,-0.32082914270793256,0.2520753732509062,0,0,1,7.754950888178921,7.754950888178921,6.0,4.586747195990068
combined,58.72,0.30000000000000004,0.12,0.375,-0.07103684240042986,-0.009874803903379654,-0.0024734307455774943,-0.29363253226100694,-0.13840817271990868,-0.32114880654724254,0.2521014779093834,0,0,0,11.090154158509993,11.090154158509993,6.0,11.613817843570686
combined,58.74,0.30000000000000004,0.12,0.375,-0.05637982673182877,-0.01263895389198539,-0.06422117488110483,-0.25444737942298173,-0.12819502246073064,-0.3165904007085286,0.2505551319623077,0,0,1,16.278661038682163,14.0,6.0,16.629555580261822
combined,58.76,0.30000000000000004,0.12,0.375,-0.015251510876629584,-0.025277095462079336,-0.13276666262850098,-0.13103630640976857,-0.1185617023766594,-0.3077226260223967,0.2479104559820718,0,0,1,15.933074577064312,14.0,6.0,15.324259148388059
combined,58.78,0.30000000000000004,0.12,0.375,0.027539150165260803,-0.0312545625669783,-0.1956384561454128,-0.04194081462167408,-0.10732851764287142,-0.2972953995751211,0.2443439469286535,0,0,1,15.508199990802748,14.0,6.0,14.696222968377445
combined,58.800000000000004,0.30000000000000004,0.12,0.375,0.07251880038853231,-0.03129247461261606,-0.1649189379470397,-0.007450044826639454,-0.09536783336537118,-0.2884666268719905,0.24058489281038523,0,1,1,9.724129537761923,9.724129537761923,6.0,15.473186332387844
combined,58.82,0.30000000000000004,0.12,0.375,0.10698179120016728,0.01115776148007206,-0.047958821377411615,0.10476759229752663,-0.09635904251049754,-0.28781841461119473,0.23936155821454094,0,1,0,10.200190399500924,10.200190399500924,6.0,2.4766039091544396
combined,58.84,0.30000000000000004,0.12,0.375,0.11828533373436718,0.059085212931688884,0.022335690701282766,0.21746846554720978,-0.10494375426514187,-0.29097176376165473,0.23987305507394366,0,0,1,10.315315630000782,10.315315630000782,6.0,1.9019681902975376
combined,58.86,0.30000000000000004,0.12,0.375,0.10914153415032636,0.09500273870007035,0.022775810483856365,0.21587578473846822,-0.11386507332819003,-0.2906969386152395,0.2408842782534408,0,0,0,9.989124684433735,9.989124684433735,6.0,1.3878923592511225
combined,58.88,0.30000000000000004,0.12,0.375,0.09811613221366998,0.12133543919019564,-0.0010042705362027227,0.10398201419606448,-0.1212523098978892,-0.28390015032637356,0.24141944866710344,0,0,0,9.722116395506617,9.722116395506617,6.0,1.7449817885063665
combined,58.9,0.30000000000000004,0.12,0.375,0.09179944246790557,0.14801273579681123,-0.025965992993345552,0.017527178290724754,-0.13003215591611192,-0.2745118768800853,0.24132967378567208,0,0,0,9.910651297148206,9.910651297148206,6.0,1.9500199006344379
combined,58.92,0.30000000000000004,0.12,0.375,0.08397074954508185,0.16674133120664297,-0.03759000199724012,-0.01819795601756788,-0.13919374733330525,-0.26598717424377843,0.24069520346512682,0,0,0,10.473962098989546,10.473962098989546,6.0,2.338018768270971
combined,58.94,0.30000000000000004,0.12,0.375,0.06306768451110666,0.15866049979054955,-0.027020606839139157,-0.04191948204128737,-0.1490363167228875,-0.26085342134004824,0.23996079838619458,0,1,0,11.17306142537806,11.17306142537806,6.0,2.169016430799418
combined,58.96,0.30000000000000004,0.12,0.375,0.027407968841193318,0.1273552645276843,-0.006210570107453919,-0.027573777740583186,-0.15761301105673486,-0.2588683740251364,0.239462571331012,0,1,0,11.392293210287715,11.392293210287715,6.0,3.983065322294123
combined,58.980000000000004,0.30000000000000004,0.12,0.375,-0.013116952036585167,0.08373171741272645,0.027957514076314575,-0.023086589396124207,-0.16447215949695893,-0.25833449791911506,0.2394037292403257,0,0,0,11.030045789793485,11.030045789793485,6.0,4.216320228933442
combined,59.0,0.30000000000000004,0.12,0.375,-0.057189607017350236,0.030624804116314883,0.0636779387490418,-0.07029271250566585,-0.16792269455329864,-0.2604815417655142,0.23987465928295626,0,0,0,10.325551117447672,10.325551117447672,6.0,4.216320228933442
combined,59.02,0.30000000000000004,0.12,0.375,-0.08072051272708865,-0.032531380853887334,0.1209423555503817,-0.09452657621528096,-0.16455303719911962,-0.26541503608420625,0.24107881890862498,0,0,1,10.334160345861779,10.334160345861779,6.0,10.946822236629359
combined,59.04,0.30000000000000004,0.12,0.375,-0.10129852847321633,-0.08415680958159028,0.15059622803063935,-0.14760119686548537,-0.15985985677409495,-0.27252012822436295,0.2431170809579688,0,0,0,13.603729943355203,13.603729943355203,6.0,15.171249615760132
combined,59.06,0.30000000000000004,0.12,0.375,-0.12285907475448382,-0.12291728645812885,0.14482093143297084,-0.2035668091766134,-0.15620856375871753,-0.2819834765441736,0.24537691144244847,0,0,0,13.723075301277063,13.723075301277063,6.0,15.56394681598946
combined,59.08,0.30000000000000004,0.12,0.375,-0.11250626965135324,-0.14950158778384914,0.11627875957481684,-0.2023892558683252,-0.15371552298964342,-0.2910571712901353,0.24744198940032375,0,0,0,14.016045958857262,14.0,6.0,15.60767971540233
combined,59.1,0.30000000000000004,0.12,0.375,-0.10556086586235328,-0.16230228605475078,0.07221858237693901,-0.15801710598553426,-0.15263917179858977,-0.2977254420553458,0.24873160493664934,0,0,0,14.499381773170292,14.0,6.0,16.063882574897157
combined,59.120000000000005,0.30000000000000004,0.12,0.375,-0.09430485179149886,-0.16922089939809662,0.022644177390721356,-0.06449153014172324,-0.15330860215547473,-0.3004964689375874,0.24914934728978835,0,1,0,15.772464592713643,14.0,6.0,16.063882574897157
combined,59.14,0.30000000000000004,0.12,0.375,-0.07039028531751462,-0.15733929595408477,0.027989885420729672,-0.007449683214415442,-0.1577216727155143,-0.3039013518207869,0.24965847253884985,0,1,1,8.474534161664273,8.474534161664273,6.0,9.101778198069875
combined,59.160000000000004,0.30000000000000004,0.12,0.375,-0.04918630562531349,-0.12080103294776412,0.016536608334174908,0.07970579477550697,-0.1610055660056566,-0.3098449750592221,0.25019376112715924,0,0,0,8.863412544077562,8.863412544077562,6.0,6.640135874716102
combined,59.18,0.30000000000000004,0.12,0.375,-0.02024228566942219,-0.09198064315848983,0.05552638092328504,0.03169480081961308,-0.15968090964849171,-0.3165837385975208,0.25107836264106476,0,0,1,9.004734668175217,9.004734668175217,6.0,3.1395283054959884
combined,59.2,0.30000000000000004,0.12,0.375,-0.02698922919304058,-0.05360573972280903,0.009300457647458687,0.009211832039700291,-0.15650337510519485,-0.32083528050965926,0.2517801453224251,0,0,0,8.893919942992488,8.893919942992488,6.0,3.1395283054959884
combined,59.22,0.30000000000000004,0.12,0.375,-0.04013189022717656,-0.02863843070054431,-0.033770748109734045,-0.10257595192477899,-0.15108218658534908,-0.31788113197148665,0.2512329983475518,0,0,0,15.695951026594065,14.0,6.0,16.762457691822178
combined,59.24,0.30000000000000004,0.12,0.375,-0.04492770109071173,-0.018788857304275253,-0.0865443297436774,-0.22269182957360392,-0.14061504599543945,-0.3089574600370802,0.2496207319219709,0,0,0,14.967415439117838,14.0,6.0,16.362837353185434
combined,59.26,0.30000000000000004,0.12,0.375,-0.037638512510822536,-0.008772871148412749,-0.1452311429329671,-0.31506465945023376,-0.12541292858593547,-0.2987670468090539,0.24693048617291877,0,0,0,14.267937737236434,14.0,6.0,14.725247959913315
combined,59.28,0.30000000000000004,0.12,0.375,-0.023314945813855063,-0.009791511935261097,-0.19356731353322515,-0.2800163973137164,-0.108270631193183,-0.28884279128757856,0.24325193584048757,0,0,0,13.740629583120567,13.740629583120567,6.0,15.615383844722892
combined,59.300000000000004,0.30000000000000004,0.12,0.375,-0.008871843940738068,0.025078057325548596,-0.13239930921091422,0.11464398994549516,-0.10309095930430873,-0.28710989948275606,0.23984596194953037,0,1,0,10.420157898929554,10.420157898929554,6.0,15.615383844722892
combined,59.32,0.30000000000000004,0.12,0.375,0.0642376385531829,0.037310218688091694,-0.00918398389281103,0.223597681467107,-0.09789520280470676,-0.2884114224876489,0.2390225014353759,0,1,1,10.420676699982495,10.420676699982495,6.0,9.098134615903874
combined,59.34,0.30000000000000004,0.12,0.375,0.09353814748153702,0.07230939474675123,0.04643911130951326,0.40808920394833376,-0.10307508034302687,-0.29054904689711347,0.23986222858758788,0,1,0,9.715067460985214,9.715067460985214,6.0,3.142032916740141
combined,59.36,0.30000000000000004,0.12,0.375,0.1105297199390529,0.10025595901747149,0.04388667336970444,0.47749439835979923,-0.10986686329678177,-0.29280417135595266,0.24126316183129498,0,0,0,9.251877327077363,9.251877327077363,6.0,2.2774306877742045
combined,59.38,0.30000000000000004,0.12,0.375,0.11385906169750262,0.1238759677358975,-0.0009742469955641604,0.46599097842049036,-0.11629523775730148,-0.2918986556310327,0.24205626211406842,0,0,0,8.962405541911805,8.962405541911805,6.0,1.540201843603035
combined,59.4,0.30000000000000004,0.12,0.375,0.11056283330972701,0.14936332266385433,-0.041165606146837216,0.3636113756417665,-0.1237714961384468,-0.2865793018385071,0.24192028492012313,0,0,0,9.320550041353984,9.320550041353984,6.0,1.1908368150945674
combined,59.42,0.30000000000000004,0.12,0.375,0.10463907979346787,0.17184134237463333,-0.052473158999779765,0.21938380184835946,-0.13366759807551598,-0.27850521203245127,0.24111667401975906,0,1,0,10.075656881316743,10.075656881316743,6.0,2.5216030781976913
combined,59.44,0.30000000000000004,0.12,0.375,0.08715994598551294,0.16739287865585326,-0.03768985500550427,0.013886349689213096,-0.14581273293421756,-0.27271207099167444,0.2403312881598027,0,1,0,11.001596602550295,11.001596602550295,6.0,1.8509807296241592
combined,59.46,0.30000000000000004,0.12,0.375,0.07690243814398721,0.13195447755436016,-0.00839160007656503,-0.00562594441692138,-0.15541192955260033,-0.26770515649411303,0.23995032920425177,0,1,0,11.116959254757859,11.116959254757859,6.0,1.250765787244907
combined,59.480000000000004,0.30000000000000004,0.12,0.375,0.046471212871524524,0.098804675133063,0.004261048044861218,-0.04323192061065739,-0.16484838364415194,-0.2646085281626923,0.23988849950252591,0,0,0,11.126087320891935,11.126087320891935,6.0,4.09555282176799
combined,59.5,0.30000000000000004,0.12,0.375,0.010579412061535362,0.05010652426406498,0.020767856041833486,-0.07445994157472059,-0.17310397948320655,-0.26259898805002957,0.24004496727737232,0,1,0,10.575059852225246,10.575059852225246,6.0,4.09555282176799
combined,59.52,0.30000000000000004,0.12,0.375,-0.018643624149463897,-0.001027662414003025,0.04810629912972336,-0.09142797318112209,-0.17968707030903622,-0.26214986645848126,0.24056173900882039,0,0,1,9.913002491611348,9.913002491611348,6.0,4.1024167013627375
combined,59.54,0.30000000000000004,0.12,0.375,-0.05005820139665844,-0.046333717981470894,0.0539784862736346,-0.18328883672334764,-0.18263888231219222,-0.2646541862120667,0.24146256882195147,0,1,1,9.377133261092004,9.377133261092004,6.0,4.270430529206952
combined,59.56,0.30000000000000004,0.12,0.375,-0.08587644534301742,-0.09077477124801168,0.07044389205389712,-0.35392813241255694,-0.18154022211889295,-0.2698048936196024,0.2427089839187962,0,1,0,9.312264314672593,9.312264314672593,6.0,10.90558216229443
combined,59.58,0.30000000000000004,0.12,0.375,-0.10472450963161045,-0.1406481081024376,0.08510622607778984,-0.3550980204661429,-0.1777264643029501,-0.27745707062345637,0.2443424995565024,0,0,0,15.415883646057102,14.0,6.0,15.799999290275405
combined,59.6,0.30000000000000004,0.12,0.375,-0.11847945285407595,-0.1754638712619569,0.08330808580540558,-0.36536379483667625,-0.1732948156952749,-0.2867935211666316,0.24601375967451905,0,0,1,14.236126209142778,14.0,6.0,15.639347318267319
combined,59.620000000000005,0.30000000000000004,0.12,0.375,-0.12050838101206943,-0.19354201026514353,0.059646907402587164,-0.3630144410530507,-0.16971777434068053,-0.29546020824356556,0.24741275078855463,0,0,1,11.624642520950433,11.624642520950433,6.0,15.642056525696997
combined,59.64,0.30000000000000004,0.12,0.375,-0.1185266673791749,-0.1877680028692765,0.008960183248376817,-0.3280169001581427,-0.1659008233493015,-0.3007787280896721,0.24793574706015695,0,0,1,7.934669832662999,7.934669832662999,6.0,12.82375676582145
combined,59.660000000000004,0.30000000000000004,0.12,0.375,-0.1149451293896834,-0.1666176597540164,-0.054529458430758335,-0.34868067494151567,-0.16140256924920082,-0.3018429300438075,0.24735385034414015,0,0,0,8.100315858215549,8.100315858215549,6.0,7.324094300879631
combined,59.68,0.30000000000000004,0.12,0.375,-0.09880513639061497,-0.15192472940085605,-0.10483558860396056,-0.4395336951928255,-0.15608880899241212,-0.29855703487050217,0.24567013043032437,0,0,0,8.053957382140286,8.053957382140286,6.0,4.178089112712919
combined,59.7,0.30000000000000004,0.12,0.375,-0.09413526499808987,-0.12958708051173887,-0.1587726445835951,-0.628136038588778,-0.1477123719285946,-0.2925420047336774,0.24293309306599264,0,0,0,8.385389953673315,8.385389953673315,6.0,2.0778778355040637
combined,59.72,0.30000000000000004,0.12,0.375,-0.09397930037215224,-0.12232695322132273,-0.18972124372971483,-0.7500979376604119,-0.13136660248333862,-0.284960027298175,0.23937081521523407,0,0,0,8.814410849155609,8.814410849155609,6.0,2.1408031228632765
combined,59.74,0.30000000000000004,0.12,0.375,-0.0950508757070487,-0.12720357874101207,-0.20835548950772154,-0.8048702450564986,-0.10578845144528594,-0.27561561086365105,0.23531822121077658,0,0,0,9.67554923953176,9.67554923953176,6.0,2.350877026557898
combined,59.76,0.30000000000000004,0.12,0.375,-0.0932394382533601,-0.12831920132521835,-0.190140664046018,-0.7106761533278475,-0.07735096909877058,-0.2662388456753808,0.23101944307405703,0,0,0,10.207087737189623,10.207087737189623,6.0,3.866265061368593
combined,59.78,0.30000000000000004,0.12,0.375,-0.09908546573839022,-0.10253625266219135,-0.11395486768138241,-0.3533856988792811,-0.05963521857612308,-0.2678693391873311,0.22775283167069316,0,0,0,9.825763486891653,9.825763486891653,6.0,3.916065192771654
combined,59.800000000000004,0.30000000000000004,0.12,0.375,-0.039142739224811735,-0.10317995472018225,-0.0005723925946875437,-0.1630534347950284,-0.03864501691605298,-0.2722143122529877,0.2267517092807122,0,1,1,10.007341882082065,10.007341882082065,6.0,3.2943113788217504
combined,59.82,0.30000000000000004,0.12,0.375,-0.012028201014824526,-0.07194797808672768,0.04354906178851027,-0.1163546836658041,-0.02308215360298635,-0.280709000947083,0.2272136951446062,0,0,1,10.059652299259083,10.059652299259083,6.0,3.2943113788217504
combined,59.84,0.30000000000000004,0.12,0.375,0.006328279078488973,-0.04380361052196645,0.0276504669943513,0.011782280138159962,-0.009468329332886176,-0.2895732690133614,0.22791794018071124,0,0,0,9.86479886742106,9.86479886742106,6.0,6.972739275273574
combined,59.86,0.30000000000000004,0.12,0.375,0.047401027604519,0.003744424797825384,0.010041140599660835,0.05820167520090641,-0.0020360596991299716,-0.2932681017263281,0.22866597929225355,0,0,1,9.061229719436907,9.061229719436907,6.0,6.727303589547789
combined,59.88,0.30000000000000004,0.12,0.375,0.057284582834869674,0.026077862968611108,-0.030290723992591674,0.2075871557880738,0.0060837351344664465,-0.2943357669063325,0.2287344175678074,0,0,0,8.884326346739924,8.884326346739924,6.0,6.602610027775041
combined,59.9,0.30000000000000004,0.12,0.375,0.06269643258792179,0.04414012866128158,-0.06724889668094561,0.3120995959456543,0.014991689420274082,-0.2946963298132762,0.22801299818194778,0,0,0,9.076176361348233,9.076176361348233,6.0,5.974008051306368
combined,59.92,0.30000000000000004,0.12,0.375,0.06730781370267368,0.07392498843739796,-0.0752382170369598,0.30701130597256465,0.020787549708260893,-0.29538064412253323,0.22695536614241588,0,0,1,9.587466424004102,9.587466424004102,6.0,0.9729087150961552
combined,59.94,0.30000000000000004,0.12,0.375,0.06981560368427013,0.1031455466578562,-0.07419452833301828,0.2487093389361619,0.021458495048915432,-0.2940686924086296,0.2258227336029645,0,0,1,10.732676202270246,10.732676202270246,6.0,8.451423357207654
combined,59.96,0.30000000000000004,0.12,0.375,0.07458725318028463,0.12032972550269289,-0.05500315764010056,0.20139035347373724,0.01582123342502194,-0.287450760872683,0.22508464149557603,0,0,1,10.358322900558683,10.358322900558683,6.0,1.8607650468126535
combined,59.980000000000004,0.30000000000000004,0.12,0.375,0.08050292202116846,0.1339226164473693,-0.042340168327488964,0.2096684364988602,0.002033538990045102,-0.2797041021550309,0.2246279044102556,0,0,1,10.41663031662433,10.41663031662433,6.0,1.8279633235177877
combined,60.0,0.30000000000000004,0.12,0.375,0.08999339510047029,0.13902190213804624,-0.038519347090533486,0.2225073114984148,-0.017529511884912488,-0.2712107872820302,0.22430042463140365,0,0,1,10.241410966688184,10.241410966688184,6.0,1.9131502698979956
combined_reverse,60.02,-0.30000000000000004,-0.12,-0.375,0.10085061373145036,0.14255309269454303,-0.03966991769348078,0.27606825877633223,-0.04082546026245259,-0.2620515657635735,0.2239460862749015,0,0,0,10.434419076516168,10.434419076516168,6.0,3.28383794584483
combined_reverse,60.04,-0.30000000000000004,-0.12,-0.375,0.10108263136274713,0.11582026226608323,-0.006611531975651308,0.18542885897741707,-0.062225900651349156,-0.25533313512029654,0.22382991226932514,0,1,1,10.768004985496916,10.768004985496916,6.0,3.28383794584483
combined_reverse,60.06,-0.30000000000000004,-0.12,-0.375,0.08672946192522885,0.07849437608166927,0.02288049824367297,0.2234950415298939,-0.08139806892272615,-0.25332906884694684,0.22440346075809156,0,1,0,10.711123443219364,10.711123443219364,6.0,3.1459541060566374
combined_reverse,60.08,-0.30000000000000004,-0.12,-0.375,0.06665423032393597,0.04462161713471776,0.040386851740233196,0.2703025457338707,-0.09587604494275825,-0.25312052094477333,0.22537068861934725,0,1,0,10.19336619985012,10.19336619985012,6.0,3.3089680069618304
combined_reverse,60.1,-0.30000000000000004,-0.12,-0.375,0.04731324533190737,0.024282768046728232,0.03759109261599558,0.2754973452450468,-0.10417303623855391,-0.2534388883379045,0.22636623305957446,0,1,0,9.583759108745179,9.583759108745179,6.0,2.208603850094298
combined_reverse,60.120000000000005,-0.30000000000000004,-0.12,-0.375,0.035478505563440725,0.013804101619650169,0.01713561659855945,0.22342486329790417,-0.10647699054042926,-0.2538705432834152,0.22705858833457032,0,1,0,9.148497704042924,9.148497704042924,6.0,2.0771024605669988
combined_reverse,60.14,-0.30000000000000004,-0.12,-0.375,0.024113947892037788,0.0070500141183557,-0.006162245888131049,0.14039931563189104,-0.10457975566825485,-0.25375145574536034,0.22726680367119573,0,1,0,9.025717484573743,9.025717484573743,6.0,2.984272974656163
combined_reverse,60.160000000000004,-0.30000000000000004,-0.12,-0.375,0.008362197376292565,-0.00018585314521418154,-0.029393996554197034,0.0385826981527857,-0.09885781306516334,-0.2514203407972627,0.22699567039098711,0,1,0,8.863771980420482,8.863771980420482,6.0,2.930265385656683
combined_reverse,60.18,-0.30000000000000004,-0.12,-0.375,-0.00820316329919735,-0.009807809068875411,-0.048564496064751335,-0.04462447955338141,-0.09094904798209517,-0.24612652210393343,0.2262588670108085,0,1,0,8.646512308218128,8.646512308218128,6.0,3.0557451847147257
combined_reverse,60.2,-0.30000000000000004,-0.12,-0.375,-0.027861671996966823,-0.018928045949018348,-0.05628698697440765,-0.0967456068065859,-0.08205968178049203,-0.23887970577592102,0.22515297718578922,0,1,0,8.978711273211378,8.978711273211378,6.0,2.888599589103466
combined_reverse,60.22,-0.30000000000000004,-0.12,-0.375,-0.052066771356319964,-0.02631904470620213,-0.05727134633158282,-0.1563900768698805,-0.07273822795466842,-0.23137542024461183,0.22387749526901246,0,1,0,9.020674198103968,9.020674198103968,6.0,1.8356342260238945
combined_reverse,60.24,-0.30000000000000004,-0.12,-0.375,-0.0773867789746091,-0.040200307746320246,-0.06778287118763042,-0.2888677613974848,-0.06331494659036349,-0.2238216806609126,0.2224050945538581,0,0,0,9.07010290595489,9.07010290595489,6.0,1.990423001811041
combined_reverse,60.26,-0.30000000000000004,-0.12,-0.375,-0.09779621736749725,-0.06166985537404312,-0.08316210780220379,-0.4048809523691018,-0.05264616370451248,-0.216745670387561,0.22067271839475983,0,0,0,9.265582226520623,9.265582226520623,6.0,6.286464113705368
combined_reverse,60.28,-0.30000000000000004,-0.12,-0.375,-0.12069946290910286,-0.07930639786729479,-0.08636856748464222,-0.5218251739786972,-0.04019260976850384,-0.2120245544405466,0.218702753452905,0,1,0,9.11752699469871,9.11752699469871,6.0,6.384161828098332
combined_reverse,60.300000000000004,-0.30000000000000004,-0.12,-0.375,-0.1462490919244994,-0.08059776499507365,-0.06513190529307974,-0.47074643962312257,-0.024926288603675933,-0.2122422180809228,0.21677150825492641,0,1,0,9.224166182019601,9.224166182019601,6.0,6.206663625185972
combined_reverse,60.32,-0.30000000000000004,-0.12,-0.375,-0.17475521736570954,-0.06682000928718645,-0.03603847370729276,-0.4611035033323988,-0.011043664256423065,-0.21686238470415548,0.21505390740825586,0,0,0,9.206402708556181,9.206402708556181,6.0,9.075500546564868
combined_reverse,60.34,-0.30000000000000004,-0.12,-0.375,-0.16414040921184975,-0.07729731997230499,0.019661899335876136,-0.36469727774404304,0.0040535185711389615,-0.2207547964619475,0.21375827758989419,0,0,1,10.387161528652989,10.387161528652989,6.0,9.075500546564868
combined_reverse,60.36,-0.30000000000000004,-0.12,-0.375,-0.16254108986037166,-0.0531600594383047,0.012327277164647394,-0.3655277645047144,0.015441639725402042,-0.21929171940216807,0.21325516711175893,0,1,0,9.126487632178685,9.126487632178685,6.0,6.947556354239624
combined_reverse,60.38,-0.30000000000000004,-0.12,-0.375,-0.0856651125976442,0.014607540136026404,0.045166211133533654,-0.10731036805446774,0.016975379875312942,-0.2188665757816509,0.21348380459172622,0,1,1,8.605272834874938,8.605272834874938,6.0,6.641382929484893
combined_reverse,60.4,-0.30000000000000004,-0.12,-0.375,-0.03094305582130376,0.04738211117917168,0.02735122166328414,0.0719425679282934,0.016026293499665112,-0.2212746452871718,0.2139519233425961,0,1,1,8.580026423064748,8.580026423064748,6.0,0.7342024856625152
combined_reverse,60.42,-0.30000000000000004,-0.12,-0.375,0.03151984217491071,0.023351567190334942,0.02685180989880134,-0.0077265421089942905,0.019250324824866695,-0.22398042822275327,0.2146062470668624,0,1,1,8.667061932328817,8.667061932328817,6.0,2.4090145133048004
combined_reverse,60.44,-0.30000000000000004,-0.12,-0.375,0.05580331432281261,0.020673248152889005,0.012261716405470913,-0.009180851330375363,0.016069788324472502,-0.22739838618566435,0.21519697182054587,0,0,1,9.400326578092686,9.400326578092686,6.0,2.8530980838944533
combined_reverse,60.46,-0.30000000000000004,-0.12,-0.375,0.05589724376468804,0.02633104968918154,0.000857224968917665,0.016897870984783833,0.0071360238986377285,-0.22879981441408223,0.21558694771705922,0,0,1,9.860213944219792,9.860213944219792,6.0,2.3851688896283427
combined_reverse,60.480000000000004,-0.30000000000000004,-0.12,-0.375,0.052981960285549315,0.024195012475314002,-0.005464326748065769,0.029830843329893386,-0.008099228258766395,-0.227426336100057,0.21577041875484484,0,1,1,10.192609454883657,10.192609454883657,6.0,1.75760103343699
combined_reverse,60.5,-0.30000000000000004,-0.12,-0.375,0.048525868865780634,0.006557800655047348,-0.008539343533539197,0.02242726987014046,-0.02644846493173977,-0.22531503023448607,0.21587400055568529,0,1,1,10.270961526145065,10.270961526145065,6.0,0.9689152181496407
combined_reverse,60.52,-0.30000000000000004,-0.12,-0.375,0.037406814146644714,-0.01705396966477345,-0.01789084696847901,0.1110464505696002,-0.042476708787365286,-0.22335116002088826,0.2158115221445403,0,1,0,10.097415559356373,10.097415559356373,6.0,0.9342119470545646
combined_reverse,60.54,-0.30000000000000004,-0.12,-0.375,0.028895795357916792,-0.039528077789952806,-0.020512433137300286,0.1698408734636725,-0.05393754553032829,-0.22148594363039814,0.2155838553861992,0,1,1,9.651764993785159,9.651764993785159,6.0,0.9155642290448862
combined_reverse,60.56,-0.30000000000000004,-0.12,-0.375,0.019433013254002002,-0.053286004810667136,-0.0238172993030787,0.25528564867931564,-0.06055458480511722,-0.22057115569145214,0.2152564793476253,0,1,1,9.135163602287268,9.135163602287268,6.0,0.7451041615024043
combined_reverse,60.58,-0.30000000000000004,-0.12,-0.375,0.005991735620532064,-0.053386608207653834,-0.03210492558883681,0.3509749461457955,-0.06303977399278075,-0.22183880847915224,0.21473709181014078,0,1,0,9.315286430857048,9.315286430857048,6.0,8.116778038998458
combined_reverse,60.6,-0.30000000000000004,-0.12,-0.375,0.0054302248523377455,-0.05100047560289093,-0.025533002370593038,0.2936358407113118,-0.06062212565625271,-0.22367807848195273,0.21424885564140012,0,1,0,9.572782038732301,9.572782038732301,6.0,0.9447595624572804
combined_reverse,60.620000000000005,-0.30000000000000004,-0.12,-0.375,-0.0007311274658983753,-0.037552792972944754,-0.026175134902483452,0.2989634232851252,-0.056222997053176564,-0.2267140414559179,0.21378138266297964,0,1,0,10.016363549699893,10.016363549699893,6.0,7.048402728095217
combined_reverse,60.64,-0.30000000000000004,-0.12,-0.375,-0.010247950515327786,-0.028436591072935703,-0.019955133098316463,0.3645898248766589,-0.04734706096387258,-0.230632681883249,0.21338097725787722,0,1,0,10.284159764125874,10.284159764125874,6.0,2.8064431758418364
combined_reverse,60.660000000000004,-0.30000000000000004,-0.12,-0.375,-0.025894896552086266,-0.011853107816030384,-0.00854510933619363,0.2928598363839264,-0.03505505499309223,-0.23384551948234839,0.2130848115847076,0,1,0,10.06372552975698,10.06372552975698,6.0,6.6326201659128
combined_reverse,60.68,-0.30000000000000004,-0.12,-0.375,-0.04205354435915765,0.014951067720279149,0.010096764411697087,0.16953152295365037,-0.021932040937316148,-0.23507463725378738,0.21292533529742047,0,1,1,9.533430887864887,9.533430887864887,6.0,2.6220333549895627
combined_reverse,60.7,-0.30000000000000004,-0.12,-0.375,-0.04574463450417925,0.04106402827010241,0.01950874040085819,0.02288298119261495,-0.012590607891755026,-0.23318188726954447,0.2130774663998716,0,1,1,9.404397469179623,9.404397469179623,6.0,2.317301624243419
combined_reverse,60.72,-0.30000000000000004,-0.12,-0.375,-0.0581635461211804,0.052877456381575955,0.009926999618136947,-0.04557916592441481,-0.0032864782263573224,-0.23101128175460445,0.2131168669741932,0,1,0,9.465602542672395,9.465602542672395,6.0,0.802912857481608
combined_reverse,60.74,-0.30000000000000004,-0.12,-0.375,-0.0668776501466228,0.058585282702233676,0.001437678304400324,-0.1284665684111212,0.0021629813473367735,-0.2288404145737327,0.21287406770400671,0,1,1,9.280379868987042,9.280379868987042,6.0,6.798133822249053
combined_reverse,60.76,-0.30000000000000004,-0.12,-0.375,-0.05748116286393402,0.05335953154257766,0.005422214913227369,-0.11575730579629012,0.0059759157833298195,-0.22456742564724863,0.21264366842619623,0,1,1,8.84552731681878,8.84552731681878,6.0,4.7624442426484075
combined_reverse,60.78,-0.30000000000000004,-0.12,-0.375,-0.05874177219546502,0.047462830313938345,-0.00274989585028116,-0.2433663009145895,0.00910421860824972,-0.22107838983689906,0.21243717885484667,0,1,0,8.671086004350563,8.671086004350563,6.0,0.9899150394073786
combined_reverse,60.800000000000004,-0.30000000000000004,-0.12,-0.375,-0.04179079936181578,0.021391618033514973,-0.0002597803440371974,-0.2828231906755392,0.01475457947624336,-0.21902164971138907,0.21228526680478715,0,1,0,8.788928000331596,8.788928000331596,6.0,0.7861265114247152
combined_reverse,60.82,-0.30000000000000004,-0.12,-0.375,-0.022192095106842277,0.010047637943245417,0.0009933157444789176,-0.17311167395219051,0.016714631011457478,-0.21830854559069351,0.21215689694523987,0,1,0,9.022205094682608,9.022205094682608,6.0,4.811006475026233
combined_reverse,60.84,-0.30000000000000004,-0.12,-0.375,-0.0001592205280608854,0.0006171131866290484,-0.0016220529249126963,-0.09840364563711103,0.01589466925080667,-0.21836053859828464,0.21219523709762844,0,1,2,9.33069026545796,9.33069026545796,6.0,4.661977748121414
combined_reverse,60.86,-0.30000000000000004,-0.12,-0.375,0.013938055205895977,-0.0013688297383129986,0.003347983505024037,-0.0788009422110127,0.014182216111702796,-0.21937867901547167,0.21232309319378176,0,1,1,9.473625652615748,9.473625652615748,6.0,4.7697332543488455
combined_reverse,60.88,-0.30000000000000004,-0.12,-0.375,0.026205872088190734,-0.0018761572962483625,0.0034450236665564474,-0.04864782352953733,0.012146732641560371,-0.221392283169371,0.21255055843700282,0,0,2,9.70028054293511,9.70028054293511,6.0,4.402215224860096
combined_reverse,60.9,-0.30000000000000004,-0.12,-0.375,0.03672053649810062,-0.00592127232184709,-0.0009721577779525925,-0.031242192913891506,0.007489076908054228,-0.2228858668935643,0.21272608817526464,0,0,1,9.818242509813938,9.818242509813938,6.0,3.40644738379427
combined_reverse,60.92,-0.30000000000000004,-0.12,-0.375,0.04728657207541544,-0.0175130167936521,-0.008198074552662471,-0.03571965974052643,-0.0033716754678094416,-0.22333780129862602,0.21279391829797187,0,1,1,9.974775586336603,9.974775586336603,6.0,2.5086773907855933
combined_reverse,60.94,-0.30000000000000004,-0.12,-0.375,0.0474030281431911,-0.033505938954276906,-0.015156993116988739,-0.050460266888238015,-0.017517817991198056,-0.22373368378032585,0.2127859469221615,0,1,1,10.13298575957653,10.13298575957653,6.0,0.9069789446129026
combined_reverse,60.96,-0.30000000000000004,-0.12,-0.375,0.04180132283221498,-0.04671189602490645,-0.020769646239002997,-0.030572077446981552,-0.029426549507310655,-0.22453179172070598,0.21263310669494237,0,1,1,10.177144362427265,10.177144362427265,6.0,0.8803690042646806
combined_reverse,60.980000000000004,-0.30000000000000004,-0.12,-0.375,0.034985984422951234,-0.05463356649447155,-0.023089734601003033,0.03353588541249482,-0.03767658943845131,-0.2259187834837271,0.21240803293184946,0,1,0,9.991058275651993,9.991058275651993,6.0,0.7707786533165912
combined_reverse,61.0,-0.30000000000000004,-0.12,-0.375,0.027994767795184214,-0.060630812709250824,-0.020299673025863878,0.10014648606001603,-0.04324413667541636,-0.22783415618223357,0.21218651566745808,0,1,0,9.699979282077088,9.699979282077088,6.0,1.8384369249509682
combined_reverse,61.02,-0.30000000000000004,-0.12,-0.375,0.028791157028726783,-0.05390140312577779,-0.0022149767515340976,0.09226801949249244,-0.045357765365490035,-0.23029811195296612,0.212099544325639,0,1,1,9.340799725654628,9.340799725654628,6.0,2.2120501396306698
combined_reverse,61.04,-0.30000000000000004,-0.12,-0.375,0.0341803336151436,-0.040472420368930825,0.013209660433776338,0.14716656129739747,-0.04540717857880676,-0.23133851309967599,0.212487744182466,0,1,0,8.87392983619297,8.87392983619297,6.0,2.492165346908041
combined_reverse,61.06,-0.30000000000000004,-0.12,-0.375,0.03940444834403037,-0.02770971869749195,0.025092941954836814,0.19442793694890548,-0.04173522443579311,-0.23353256413046541,0.21311672860483724,0,1,1,9.152294838373832,9.152294838373832,6.0,2.5940087575780835
combined_reverse,61.08,-0.30000000000000004,-0.12,-0.375,0.025685077694238237,-0.024885447095135963,0.025085642242739098,0.23396177831307224,-0.03587353064110867,-0.23580520840772629,0.21383520145611057,0,1,0,8.793843552438299,8.793843552438299,6.0,2.7019719936782076
combined_reverse,61.1,-0.30000000000000004,-0.12,-0.375,0.007871814909642397,-0.011971970052055844,0.03337279494520049,0.13056586780376844,-0.027003359799180504,-0.23649956953695606,0.2145396094214992,0,0,0,8.492086157175365,8.492086157175365,6.0,2.5633866531008263
combined_reverse,61.120000000000005,-0.30000000000000004,-0.12,-0.375,-0.02399327605482252,0.0006721916550425619,0.021127970551829897,0.048256731167452604,-0.014969835144795095,-0.23571019230560952,0.2149934082400298,0,1,0,8.970328960593877,8.970328960593877,6.0,2.665614396848026
combined_reverse,61.14,-0.30000000000000004,-0.12,-0.375,-0.04596669682088713,0.016098074887379746,0.02162129369337125,-0.0326303048905027,-0.0034666843477119905,-0.2328960422586543,0.21529118919127024,0,1,1,9.243434269104261,9.243434269104261,6.0,2.339948579481728
combined_reverse,61.160000000000004,-0.30000000000000004,-0.12,-0.375,-0.06436477944649639,0.031051827618810666,0.009387379893954096,-0.18042800911485293,0.00719027542432101,-0.22929479423080368,0.21529772170194644,0,1,0,9.348196858172477,9.348196858172477,6.0,7.028210963026866
combined_reverse,61.18,-0.30000000000000004,-0.12,-0.375,-0.07017756496451731,0.03812421056351708,-0.0008173582865978746,-0.1262199774436351,0.01430901187779161,-0.2248415099111921,0.21515751586438372,0,1,0,8.700430847377612,8.700430847377612,6.0,5.808154662426262
combined_reverse,61.2,-0.30000000000000004,-0.12,-0.375,-0.0745726036028449,0.04810666068777317,0.0010811584499231981,-0.12250199569856451,0.01942560827656223,-0.22150325935172685,0.214860083365514,0,1,1,8.612146364639303,8.612146364639303,6.0,0.9509746574651031
combined_reverse,61.22,-0.30000000000000004,-0.12,-0.375,-0.07099256432026144,0.05332990145934176,0.001836853543371448,-0.07708920462558196,0.022214791906644233,-0.21936265964826143,0.21455205114121956,0,1,1,8.469243686164399,8.469243686164399,6.0,0.8495198274626332
combined_reverse,61.24,-0.30000000000000004,-0.12,-0.375,-0.060874215354297795,0.05291179460311683,0.000734657116825287,-0.07136494717302869,0.023689110011195745,-0.21911939109017028,0.21425671373134952,0,1,1,8.770203200350831,8.770203200350831,6.0,5.120157244562172
combined_reverse,61.26,-0.30000000000000004,-0.12,-0.375,-0.05127964419811203,0.046780291105730294,-0.00017304677222706143,-0.09521696902433664,0.02191279306784843,-0.21966152031391373,0.21402539399640075,0,1,1,9.16854143256698,9.16854143256698,6.0,0.4834983386347758
combined_reverse,61.28,-0.30000000000000004,-0.12,-0.375,-0.044530448960007685,0.04416280827666414,-0.008608573658146268,-0.1330612469804293,0.017127978461407057,-0.22150869772495763,0.2137369703094734,0,1,0,9.5712495020632,9.5712495020632,6.0,4.8245323201641055
combined_reverse,61.300000000000004,-0.30000000000000004,-0.12,-0.375,-0.01126513842792085,0.010286200339907431,0.030571093544621734,-0.06975685575848158,0.012155751961980819,-0.22318281634089904,0.21380923784657313,0,1,1,9.358697430585819,9.358697430585819,6.0,0.6017303654090864
combined_reverse,61.32,-0.30000000000000004,-0.12,-0.375,0.012215825968874902,-0.011578496838500369,0.022120277177319247,-0.06112614748293389,0.007201840434091571,-0.22442806757198394,0.2142694311319214,0,1,1,9.501375865213772,9.501375865213772,6.0,4.426645347526463
combined_reverse,61.34,-0.30000000000000004,-0.12,-0.375,0.026070953969555596,-0.024531745927099686,0.006609815536986993,-0.04344742332667528,-0.001870081929484931,-0.22590981041932617,0.21465099804486057,0,0,1,9.472477140503935,9.472477140503935,6.0,3.768456824343393
combined_reverse,61.36,-0.30000000000000004,-0.12,-0.375,0.031597657474641175,-0.04012523887781289,-0.004403702835060591,-0.06422721762917985,-0.015420111484983066,-0.22628701564215564,0.21479126928725953,0,1,1,9.614091641365189,9.614091641365189,6.0,2.2741126629463677
combined_reverse,61.38,-0.30000000000000004,-0.12,-0.375,0.031481630291397916,-0.05472194841425971,-0.01739052006757468,-0.08860453321802247,-0.0287727247208645,-0.22693390306174638,0.21474020327293508,0,1,1,9.821654025296933,9.821654025296933,6.0,0.9667338041589602
combined_reverse,61.4,-0.30000000000000004,-0.12,-0.375,0.029564912119687547,-0.06346083387285957,-0.03153549455881943,-0.07470509831830377,-0.03801950213923839,-0.22801580738624674,0.2144228711671375,0,1,1,9.884799682290302,9.884799682290302,6.0,0.8975772897400862
combined_reverse,61.42,-0.30000000000000004,-0.12,-0.375,0.02571945715183979,-0.06848736307965868,-0.04029584674348858,0.009296847859309544,-0.04247212712752474,-0.22918186094261303,0.21387553389371167,0,1,0,9.728378374052184,9.728378374052184,6.0,0.681728169793428
combined_reverse,61.44,-0.30000000000000004,-0.12,-0.375,0.039400246372144156,-0.04887189088050813,-0.01710169224370533,0.03684299720832328,-0.04725341738202655,-0.22831585434626478,0.21357548957657865,0,1,1,9.389785451174227,9.389785451174227,6.0,1.7577184617069255
combined_reverse,61.46,-0.30000000000000004,-0.12,-0.375,0.048146609145071954,-0.03563507278618128,-0.006394690732595984,0.1474072297761372,-0.04686406916906244,-0.22786305152332378,0.2136326920716939,0,1,0,9.00106247393658,9.00106247393658,6.0,2.2641073665278237
combined_reverse,61.480000000000004,-0.30000000000000004,-0.12,-0.375,0.052776809789048654,-0.024427826998777328,0.0022496443832362503,0.2542182109461027,-0.043827536142015074,-0.22878390685187106,0.21388757705232572,0,1,0,8.79313460890018,8.79313460890018,6.0,2.528857870809793
combined_reverse,61.5,-0.30000000000000004,-0.12,-0.375,0.051326282871908754,-0.015006563172346362,0.008534609547164904,0.35194371423015597,-0.03778481929441779,-0.2307780307767118,0.21425389810335801,0,1,0,9.236943282322894,9.236943282322894,6.0,2.6686677949483832
combined_reverse,61.52,-0.30000000000000004,-0.12,-0.375,0.04021957967386903,-0.001429715041673052,0.016316652413242885,0.36642993211793984,-0.02856203637165558,-0.2325780276655543,0.21469365785150282,0,1,0,9.46994972344335,9.46994972344335,6.0,2.789141993221665
combined_reverse,61.54,-0.30000000000000004,-0.12,-0.375,0.014824260266183255,0.011129200177661287,0.01541250011776518,0.3023316239196075,-0.015665832900620406,-0.2328466645793168,0.2151292196238485,0,1,0,9.35277250865433,9.35277250865433,6.0,2.813179752462718
combined_reverse,61.56,-0.30000000000000004,-0.12,-0.375,-0.015188145498941688,0.02854665611273795,0.013429812490995128,0.13827928153954439,-0.0029932227904019516,-0.23144757870066773,0.21540360028204603,0,1,0,9.298897534525377,9.298897534525377,6.0,0.9915810619738616
combined_reverse,61.58,-0.30000000000000004,-0.12,-0.375,-0.04245072004024178,0.04383659308964519,0.010884822569312618,-0.06527166556318985,0.006338580331109337,-0.22893883227194634,0.21544702190312096,0,0,0,9.527846474745395,9.527846474745395,6.0,7.15126610185836
combined_reverse,61.6,-0.30000000000000004,-0.12,-0.375,-0.0649925362417908,0.04866405124263196,0.0003984732434755209,-0.20339289413075762,0.013368406071412877,-0.22603846870159444,0.21518049654495813,0,1,0,9.235758386758757,9.235758386758757,6.0,7.15126610185836
combined_reverse,61.620000000000005,-0.30000000000000004,-0.12,-0.375,-0.07544623534333636,0.04656075154513944,-0.003962899278346475,-0.18172093312838966,0.017663138952009026,-0.2220830670810674,0.21483637100113165,0,1,1,8.692303995251613,8.692303995251613,6.0,6.269145830012921
combined_reverse,61.64,-0.30000000000000004,-0.12,-0.375,-0.08419215031019037,0.0423494481099842,-0.007828838678913479,-0.25168196228491324,0.02027359841379193,-0.2189083150537329,0.21441968106647866,0,1,0,8.602123010750427,8.602123010750427,6.0,1.0203274039549943
combined_reverse,61.660000000000004,-0.30000000000000004,-0.12,-0.375,-0.06815509536475928,0.0385175852813069,-0.003802858313049119,-0.1079289080039316,0.02115618290742212,-0.21711583821942107,0.2140377492998481,0,1,1,8.807234690646936,8.807234690646936,6.0,5.060904432076661
combined_reverse,61.68,-0.30000000000000004,-0.12,-0.375,-0.04686252133210718,0.034896577871259785,0.0014677686449770869,-0.020068876708344563,0.01964694317003407,-0.21646162296992658,0.21382053895777495,0,1,1,8.83778435247482,8.83778435247482,6.0,0.5008160363018203
combined_reverse,61.7,-0.30000000000000004,-0.12,-0.375,-0.021919251115665436,0.029338794017540568,0.004785107124061771,0.004206594466900512,0.016701325644599984,-0.21751989872035604,0.21375218756297448,0,1,1,9.144437328992455,9.144437328992455,6.0,0.3316834044273367
combined_reverse,61.72,-0.30000000000000004,-0.12,-0.375,-0.01435710751737864,0.03314761941319886,0.00858581055037939,-0.11524780650762227,0.012022085987241889,-0.21957972596948572,0.21370217254178428,0,0,0,9.491247070163922,9.491247070163922,6.0,6.712473969344647
combined_reverse,61.74,-0.30000000000000004,-0.12,-0.375,0.0016256325332324227,0.001580732329132252,0.02704164895070697,-0.18152279680742062,0.009324641841013096,-0.2216278543958457,0.21396381502297393,0,0,0,9.401240187803309,9.401240187803309,6.0,6.712473969344647
combined_reverse,61.76,-0.30000000000000004,-0.12,-0.375,0.0033922179583536372,-0.0018763256661348717,0.018250584909360375,-0.20897154886667876,0.0030639146916584597,-0.223004701082943,0.21432688471637606,0,1,0,9.795814502924738,9.795814502924738,6.0,4.451753649055496
combined_reverse,61.78,-0.30000000000000004,-0.12,-0.375,0.016379083322791636,-0.022679035762349597,0.013474908706764457,-0.11378545713963964,-0.006355189517382312,-0.22404629468536402,0.21470307591261606,0,1,1,9.871699401870544,9.871699401870544,6.0,2.5825675942565045
combined_reverse,61.800000000000004,-0.30000000000000004,-0.12,-0.375,0.017850715469298898,-0.04504909818365916,0.002769127564161411,-0.06552361152531633,-0.018767871613543954,-0.22494050661844384,0.21495988224129384,0,1,1,9.846421247713828,9.846421247713828,6.0,0.8917115118432822
combined_reverse,61.82,-0.30000000000000004,-0.12,-0.375,0.011314764313310728,-0.059103679215888,-0.013931387601774725,-0.04178199131123331,-0.029473258557073154,-0.22544255260950438,0.21491992266330995,0,1,0,9.698817759272352,9.698817759272352,6.0,0.8743328934794315
combined_reverse,61.84,-0.30000000000000004,-0.12,-0.375,0.006857924927729626,-0.0664792673591067,-0.026959093834880946,0.018183460376889796,-0.03550859042922295,-0.22584944772703097,0.21459874229839673,0,1,0,9.395307234330328,9.395307234330328,6.0,1.9863378468938646
combined_reverse,61.86,-0.30000000000000004,-0.12,-0.375,0.011047208264665728,-0.0735503129422497,-0.025969757574735828,-0.008778141163800032,-0.03924679389815777,-0.2269085572838206,0.21418052612095198,0,1,0,9.208873238781097,9.208873238781097,6.0,1.7601972794350025
combined_reverse,61.88,-0.30000000000000004,-0.12,-0.375,0.03295607484479527,-0.04713935842084228,0.002176563512925094,-0.014825672131104573,-0.044172710430297926,-0.22704348648042733,0.21414202282717645,0,1,1,9.031338145609594,9.031338145609594,6.0,1.759073748733028
combined_reverse,61.9,-0.30000000000000004,-0.12,-0.375,0.04804205352856564,-0.03360307692739868,0.011711511466431661,0.08454411361034356,-0.04355468592290056,-0.2277281023543878,0.21453211720181722,0,1,1,8.830914173201593,8.830914173201593,6.0,2.362899089562027
combined_reverse,61.92,-0.30000000000000004,-0.12,-0.375,0.05243426747127164,-0.0300618311951441,0.01726632275821454,0.21371875866891332,-0.03999972113051841,-0.22945491353432027,0.2151017671799974,0,1,0,8.586590768945323,8.586590768945323,6.0,2.592708638839749
combined_reverse,61.940000000000005,-0.30000000000000004,-0.12,-0.375,0.04577061469794694,-0.026512800092227957,0.017167810842615962,0.3154937195004528,-0.03372464118699765,-0.23197054196613334,0.21569944177673342,0,1,0,9.20600418526119,9.20600418526119,6.0,2.489292859979096
combined_reverse,61.96,-0.30000000000000004,-0.12,-0.375,0.029631585503476214,-0.01685725945541141,0.021466904179396517,0.27143439582675627,-0.025336176664414956,-0.2332215011598399,0.21627463102583264,0,0,0,9.274250008611386,9.274250008611386,6.0,2.7060004482963094
combined_reverse,61.980000000000004,-0.30000000000000004,-0.12,-0.375,-0.00049097767565051,-0.004267962330990593,0.01715851398117418,0.16900089061049522,-0.014161754817307056,-0.2329617779363997,0.216612190787591,0,0,0,8.900954085719134,8.900954085719134,6.0,2.767858421952833
combined_reverse,62.0,-0.30000000000000004,-0.12,-0.375,-0.02752168981877453,0.01805224798763489,0.015405556312713823,0.0004411064698904288,-0.0025427978880166076,-0.23084068721073925,0.21679070202830883,0,1,1,9.238570560263497,9.238570560263497,6.0,2.767858421952833
combined_reverse,62.02,-0.30000000000000004,-0.12,-0.375,-0.043111330645543844,0.03305552555082643,0.003466473617915739,-0.060058668138522356,0.011091993774846586,-0.22754711346047768,0.21681091291410434,0,1,1,9.262643850086024,9.262643850086024,6.0,7.434399121012028
combined_reverse,62.04,-0.30000000000000004,-0.12,-0.375,-0.062431345149630016,0.04716434895253876,0.00022668037353190847,-0.14571299657901868,0.02043420653958118,-0.22417607479900906,0.21662436960817943,0,1,0,8.872405624926293,8.872405624926293,6.0,0.9977995806651787
combined_reverse,62.06,-0.30000000000000004,-0.12,-0.375,-0.0664804939382931,0.05401546055863946,-0.0032232403579743347,-0.0656380800058269,0.02672561390220155,-0.22117305441045781,0.21633084135814631,0,1,1,8.434987594713888,8.434987594713888,6.0,0.8390015977134924
combined_reverse,62.08,-0.30000000000000004,-0.12,-0.375,-0.08033890474023701,0.06592746739013934,0.003192824545772103,-0.22626893864776287,0.03006141227846337,-0.21881449928303429,0.2160172108096618,0,1,0,8.34441684232808,8.34441684232808,6.0,0.9446690669388442
combined_reverse,62.1,-0.30000000000000004,-0.12,-0.375,-0.0850857077395836,0.06124951504985132,-0.007426541745957801,-0.29183650472043915,0.0336398099635268,-0.218435202843903,0.2157047647014658,0,1,0,8.95586772244062,8.95586772244062,6.0,7.091875504120751
combined_reverse,62.120000000000005,-0.30000000000000004,-0.12,-0.375,-0.07378764177395279,0.05859562929489779,0.0022270919662075016,-0.12219854673952243,0.031499925218677734,-0.2192593167531697,0.2153996559034617,0,1,1,9.315309479396905,9.315309479396905,6.0,0.8269767892626019
combined_reverse,62.14,-0.30000000000000004,-0.12,-0.375,-0.05952928159680131,0.04830751689068698,0.000633897669784167,-0.09078849177746945,0.026264811050908565,-0.22229609308684156,0.21516989802878717,0,1,1,9.837310443567098,9.837310443567098,6.0,4.091748914872317
combined_reverse,62.160000000000004,-0.30000000000000004,-0.12,-0.375,-0.024328060425887442,0.019858690786098254,0.04566250810698434,-0.07106153143670157,0.01895571092387234,-0.22254759661936938,0.21533557161406028,0,1,1,9.132937821003601,9.132937821003601,6.0,4.359667846002298
combined_reverse,62.18,-0.30000000000000004,-0.12,-0.375,-0.005692164677874511,0.002117592615069892,0.04559642205109347,-0.18833741270388388,0.008617091864780942,-0.2227140047478677,0.21613634582412938,0,0,1,9.451411753778345,9.451411753778345,6.0,4.352011000377162
combined_reverse,62.2,-0.30000000000000004,-0.12,-0.375,0.014697240293648604,-0.019099701401627596,0.02565942904454044,-0.1483699629819905,-0.002319774992467979,-0.22404205691814233,0.21676934115046015,0,0,1,9.453702997324461,9.453702997324461,6.0,4.141812335732959
combined_reverse,62.22,-0.30000000000000004,-0.12,-0.375,0.030127483836654707,-0.041217380382473634,-0.0002740149083146773,-0.07179089752032417,-0.013556509617883851,-0.22538224597193443,0.21706363553921398,0,1,1,9.606201117516669,9.606201117516669,6.0,3.1456975232715605
combined_reverse,62.24,-0.30000000000000004,-0.12,-0.375,0.030073789730435167,-0.06218603491598741,-0.019183285050417415,-0.0827761308818821,-0.025496116286347167,-0.22625221988111593,0.21703531660423156,0,1,1,9.696307102857384,9.696307102857384,6.0,1.9621705481418616
combined_reverse,62.26,-0.30000000000000004,-0.12,-0.375,0.02174452693450598,-0.07176427758046969,-0.03341412946219425,-0.05551600799046809,-0.03399638693432833,-0.22702752295715262,0.21664872900642695,0,1,0,9.608063378222887,9.608063378222887,6.0,1.4274853572866024
combined_reverse,62.28,-0.30000000000000004,-0.12,-0.375,0.017488590687505357,-0.07776953739197179,-0.045884779158967944,0.009231302616256341,-0.03780802944989028,-0.22785392971219112,0.2160017290792996,0,1,0,9.428334040549874,9.428334040549874,6.0,0.7113917103028154
combined_reverse,62.300000000000004,-0.30000000000000004,-0.12,-0.375,0.03145471848144893,-0.05712126463502218,-0.022728229677517885,-0.045045806681738146,-0.04116866946791005,-0.22783039254143383,0.21537279156746086,0,1,1,9.187089297552111,9.187089297552111,6.0,1.752437593337652
combined_reverse,62.32,-0.30000000000000004,-0.12,-0.375,0.04757064994409514,-0.037344367948690046,-0.004142020916005755,0.0633534531270842,-0.04012270731252728,-0.22629742865035057,0.2153536580928189,0,0,0,8.799135385182833,8.799135385182833,6.0,2.0369138684639987
combined_reverse,62.34,-0.30000000000000004,-0.12,-0.375,0.05511480644283052,-0.025322528369284197,0.004618319711363828,0.23236176945975495,-0.03662024537844147,-0.22692969602281743,0.21558362951580687,0,0,0,8.880656271463456,8.880656271463456,6.0,2.409963552354572
combined_reverse,62.36,-0.30000000000000004,-0.12,-0.375,0.05995094323750892,-0.009856999870134733,0.016023862823676457,0.3420009669915939,-0.030917710174046306,-0.22861129671953095,0.21599899634005285,0,0,0,9.21617181641452,9.21617181641452,6.0,2.5279076822741393
combined_reverse,62.38,-0.30000000000000004,-0.12,-0.375,0.055324968149090874,0.004611920966566578,0.019908114699905062,0.39695126712531964,-0.022923783618756303,-0.23091299375553673,0.21644350918195654,0,0,0,9.490148798909777,9.490148798909777,6.0,2.7309404735729217
combined_reverse,62.4,-0.30000000000000004,-0.12,-0.375,0.03591762969280055,0.016283346322554314,0.0069549446340061594,0.425285417349504,-0.01267377082059356,-0.23199134395324894,0.2168419925700621,0,1,0,9.778380139795097,9.778380139795097,6.0,2.7309404735729217
combined_reverse,62.42,-0.30000000000000004,-0.12,-0.375,0.00921697556636337,0.03250271529987882,0.0002036450146483764,0.30285769176800753,-0.000528397520522708,-0.23172081400047334,0.2169898120488819,0,1,0,9.371755029904858,9.371755029904858,6.0,1.1111181855485426
combined_reverse,62.440000000000005,-0.30000000000000004,-0.12,-0.375,-0.021175344943029,0.04825774545270753,-0.004130103842470954,0.09562272535504703,0.009822077786748484,-0.2298396710284135,0.2169206005773548,0,1,0,9.488384222680526,9.488384222680526,6.0,0.9693677971975817
combined_reverse,62.46,-0.30000000000000004,-0.12,-0.375,-0.047018798361554814,0.05104256136404725,-0.022178536515552,-0.07934601139193023,0.020843223115212122,-0.22829698058278683,0.21654469318628927,0,1,0,9.443306993382903,9.443306993382903,6.0,7.171367981982187
combined_reverse,62.480000000000004,-0.30000000000000004,-0.12,-0.375,-0.06637380483026092,0.057741065314776116,-0.014593930599628449,-0.1898763132632692,0.02612848495142078,-0.22525989575942656,0.2160660609712362,0,1,0,8.325357804210098,8.325357804210098,6.0,1.059368284297979
combined_reverse,62.5,-0.30000000000000004,-0.12,-0.375,-0.07274984120537961,0.05463781712540056,-0.010144797075546861,-0.1319547000892959,0.03029486615816635,-0.22238624164169765,0.21556068282369942,0,1,1,8.501896562472506,8.501896562472506,6.0,0.8085607803648049
combined_reverse,62.52,-0.30000000000000004,-0.12,-0.375,-0.06397468594350525,0.04481184612735479,-0.01456101667665298,-0.05323398588079322,0.03282812252046455,-0.22116450512123087,0.2151191934194761,0,1,0,8.686859816335344,8.686859816335344,6.0,5.320995224437567
combined_reverse,62.54,-0.30000000000000004,-0.12,-0.375,-0.04429364076510121,0.04358915637074562,-0.0006355558947491527,-0.00901537616953461,0.03143452987939274,-0.22125981274014697,0.2148670297004314,0,1,1,8.901835795835714,8.901835795835714,6.0,0.5096340092221433
combined_reverse,62.56,-0.30000000000000004,-0.12,-0.375,-0.015560216366055377,0.025376756747686694,0.011599947326547313,0.021312317249285475,0.028713816717848166,-0.22264823570439746,0.21480134877306442,0,1,2,9.093235206056168,9.093235206056168,6.0,0.3932309790582597
combined_reverse,62.58,-0.30000000000000004,-0.12,-0.375,0.013666832952063593,-0.012792134679161363,0.014512356865259066,-0.08237445004520035,0.02848540677398821,-0.22339904819033388,0.215056812029774,0,0,1,8.982063493489404,8.982063493489404,6.0,4.999770766939184
combined_reverse,62.6,-0.30000000000000004,-0.12,-0.375,0.018638367714251432,-0.013042612072304633,-0.002657006976305219,-0.08842579764973071,0.024286170857203408,-0.2250928328177691,0.215235154805791,0,1,0,9.221501166115665,9.221501166115665,6.0,4.988259955009734
combined_reverse,62.620000000000005,-0.30000000000000004,-0.12,-0.375,0.022978987954745247,-0.01021990148350089,-0.00992310630546036,-0.044592866649083754,0.018276523374248312,-0.22520355225635444,0.21521025855211343,0,0,1,9.341995383215862,9.341995383215862,6.0,2.7806897320649817
combined_reverse,62.64,-0.30000000000000004,-0.12,-0.375,0.030594684646048382,-0.015613011634982016,-0.013265136618408408,-0.018283480589876,0.00754683399435812,-0.2239295388955683,0.2151178243431818,0,0,1,9.387261760656182,9.387261760656182,6.0,1.8402716084025657
combined_reverse,62.660000000000004,-0.30000000000000004,-0.12,-0.375,0.03864438272871292,-0.0317595896508924,-0.023919497743920354,-0.03234262409063082,-0.008162695722799063,-0.22191936524134181,0.21491075182515024,0,1,1,9.58520098247991,9.58520098247991,6.0,1.0420840028156804
combined_reverse,62.68,-0.30000000000000004,-0.12,-0.375,0.03607733355652568,-0.05740573298691558,-0.028835189123125316,-0.044541723577360914,-0.01894901963665558,-0.2216586914178395,0.2145728724166658,0,1,1,9.648610799109685,9.648610799109685,6.0,0.9546573417124121
combined_reverse,62.7,-0.30000000000000004,-0.12,-0.375,0.031110723249484988,-0.08320359337451114,-0.03523686152593163,-0.0016080156038175836,-0.02499232497226807,-0.22298732766534188,0.2141140023545692,0,1,0,9.530836695458158,9.530836695458158,6.0,1.507243610322492
combined_reverse,62.72,-0.30000000000000004,-0.12,-0.375,0.03198048972557025,-0.08587882023122417,-0.014900455789700074,-0.04754906383301938,-0.029404155545078886,-0.22520624502634895,0.21367656094992132,0,1,1,9.257437178499304,9.257437178499304,6.0,1.782149363209898
combined_reverse,62.74,-0.30000000000000004,-0.12,-0.375,0.041291907936750916,-0.07101524976895113,0.008315770424556503,-0.016547622142576546,-0.03398017305722179,-0.224524418996917,0.21395603668740876,0,1,0,8.849974230384614,8.849974230384614,6.0,2.314240293660646
combined_reverse,62.76,-0.30000000000000004,-0.12,-0.375,0.04744749191455468,-0.05389840360880969,0.02267779765923964,0.06245153140300892,-0.03248123025218119,-0.22567522879982285,0.21458673707918763,0,1,1,8.566539496614975,8.566539496614975,6.0,2.3458553131696513
combined_reverse,62.78,-0.30000000000000004,-0.12,-0.375,0.05103953663006296,-0.04450073556429773,0.036225813357604476,0.16706331150697892,-0.028705878017511177,-0.22801926500019595,0.21545540005981514,0,0,0,8.385627732735868,8.385627732735868,6.0,2.5146338238237798
combined_reverse,62.800000000000004,-0.30000000000000004,-0.12,-0.375,0.043643155255004465,-0.03390988053042515,0.03353934289504444,0.26419929294890493,-0.02317619590881347,-0.2308725087884099,0.21636451788667158,0,1,0,8.790415687071365,8.790415687071365,6.0,2.5894669241978665
combined_reverse,62.82,-0.30000000000000004,-0.12,-0.375,0.023919389653293335,-0.023466589547512608,0.028533277272377686,0.235208205258915,-0.015370574558859094,-0.23280455119588478,0.21717526873609305,0,1,0,8.717653181169501,8.717653181169501,6.0,2.5804386141017965
combined_reverse,62.84,-0.30000000000000004,-0.12,-0.375,-0.00830569320704426,-0.010228106166199095,0.018644282852962636,0.13865655341238284,-0.005017154171080971,-0.23284933997889243,0.21765618051318822,0,1,0,8.45611090264032,8.45611090264032,6.0,2.241817467345724
combined_reverse,62.86,-0.30000000000000004,-0.12,-0.375,-0.03275329251010533,0.012346354698662793,0.016203698062778788,-0.015203834715551062,0.005993554299865176,-0.23067861906554163,0.21791402412000413,0,1,1,9.056776965513787,9.056776965513787,6.0,2.5831262331566127
combined_reverse,62.88,-0.30000000000000004,-0.12,-0.375,-0.04908110482604519,0.03253849564431537,0.008001939287875591,-0.1273056498210195,0.018687117982657715,-0.227451249609283,0.21794909195920434,0,1,1,9.428827147327178,9.428827147327178,6.0,7.40976915200759
combined_reverse,62.9,-0.30000000000000004,-0.12,-0.375,-0.06711130616200313,0.04651638793089501,0.0024123633018754177,-0.14622878322952443,0.027670409998906444,-0.22351656089332345,0.2178129761249805,0,1,0,8.705411953361777,8.705411953361777,6.0,0.9902150858099588
combined_reverse,62.92,-0.30000000000000004,-0.12,-0.375,-0.06820771007852937,0.05512133360271579,-0.004363641294726616,-0.09424056934099359,0.03420786917698333,-0.22080038293835041,0.21751001747716395,0,1,1,8.508550809865312,8.508550809865312,6.0,6.030844290273779
combined_reverse,62.940000000000005,-0.30000000000000004,-0.12,-0.375,-0.07030240452263739,0.06193152409690013,-0.002809693332082853,-0.041230602450167436,0.03713208936659243,-0.21929164954881633,0.21717348722753896,0,1,1,8.436271796568603,8.436271796568603,6.0,0.6132155924143008
combined_reverse,62.96,-0.30000000000000004,-0.12,-0.375,-0.06303878582148248,0.06587961967230693,0.0016997099771048005,0.02129268632932111,0.037714732366193465,-0.21914420946134056,0.21692192356227863,0,1,1,8.480518171443654,8.480518171443654,6.0,0.5363475588885916
combined_reverse,62.980000000000004,-0.30000000000000004,-0.12,-0.375,-0.05207885468609402,0.05696008107028931,-0.007081341206522708,0.01722864922170278,0.035310595041577936,-0.22122898512618527,0.21673070139772035,0,1,0,8.907002518540715,8.907002518540715,6.0,5.140171308071962
combined_reverse,63.0,-0.30000000000000004,-0.12,-0.375,-0.045456777963195354,0.05944840543088106,-0.003050730276674924,-0.040970843201076926,0.02914751620230832,-0.22362851243100754,0.2164662561393949,0,1,0,9.280604602819086,9.280604602819086,6.0,4.407411208024433
combined_reverse,63.02,-0.30000000000000004,-0.12,-0.375,-0.037198124087616274,0.045677381804741915,0.004897629734521451,-0.05530795497228791,0.01989829920728286,-0.22719559088886013,0.21638793579964158,0,0,1,9.782050723915388,9.782050723915388,6.0,5.317156323506966
combined_reverse,63.04,-0.30000000000000004,-0.12,-0.375,-0.0011749190682169989,-0.0039061685250061226,0.018099002190677907,-0.03141106401993096,0.014316321420476685,-0.22763418112241562,0.21652864212813486,0,0,1,9.229676965733738,9.229676965733738,6.0,5.317156323506966
combined_reverse,63.06,-0.30000000000000004,-0.12,-0.375,0.01837026824059096,-0.017194181423241174,-0.009098258768409036,-0.0160032960850095,0.005010995371283835,-0.2266189126535812,0.21663433928562223,0,0,1,9.267035123024899,9.267035123024899,6.0,4.3499506904609
combined_reverse,63.08,-0.30000000000000004,-0.12,-0.375,0.03603320866926088,-0.03162536728427535,-0.022895576567543294,-0.03544969451444807,-0.007668781620623379,-0.22506888736549582,0.21643258208636157,0,1,1,9.236843506541291,9.236843506541291,6.0,2.2833352834730962
combined_reverse,63.1,-0.30000000000000004,-0.12,-0.375,0.04431203961493949,-0.04945702271778173,-0.029464040082288347,-0.07033034632328425,-0.020571367190232254,-0.22453109339747251,0.21612724563314106,0,1,1,9.505015170283755,9.505015170283755,6.0,0.9607012909843051
combined_reverse,63.120000000000005,-0.30000000000000004,-0.12,-0.375,0.04140362196559322,-0.05986792675375915,-0.03886296043776202,-0.0640957305750032,-0.028221159040234606,-0.22543251514114424,0.21566394945702053,0,1,1,9.684352298931897,9.684352298931897,6.0,0.8210730583302617
combined_reverse,63.14,-0.30000000000000004,-0.12,-0.375,0.03196768751119262,-0.06550018126938631,-0.04395712592234636,0.03673586208877417,-0.031490760084650474,-0.22670331849659706,0.21504542924699357,0,1,0,9.557466387785368,9.557466387785368,6.0,1.6134868544955348
combined_reverse,63.160000000000004,-0.30000000000000004,-0.12,-0.375,0.021550832464625712,-0.06836722435721107,-0.034268167400145134,0.15107539978926596,-0.030686393299995306,-0.22831615362337668,0.21445287491332513,0,0,0,9.273374829147935,9.273374829147935,6.0,1.6629803490625692
combined_reverse,63.18,-0.30000000000000004,-0.12,-0.375,0.03601775530886607,-0.04197504330372602,-0.0005433445466645325,0.14235479480289898,-0.03140521352254872,-0.22775388622511455,0.21441363307108777,0,0,0,9.030379914412006,9.030379914412006,6.0,2.25283328952896
combined_reverse,63.2,-0.30000000000000004,-0.12,-0.375,0.04680088699807518,-0.01959387207234548,0.012446082407191314,0.21866960959278747,-0.02865604064538812,-0.22837478976753373,0.2147310212123688,0,1,1,8.993416255636378,8.993416255636378,6.0,2.561939229685618
combined_reverse,63.22,-0.30000000000000004,-0.12,-0.375,0.05049864273041883,-0.006028853033791227,0.020900560646987476,0.28415150554575935,-0.022591121341400372,-0.23050190048824945,0.215198296739919,0,1,1,9.009364993301253,9.009364993301253,6.0,2.50028918129675
combined_reverse,63.24,-0.30000000000000004,-0.12,-0.375,0.03579646013996623,-0.0016864540623721597,0.009367070019051169,0.3743711252895447,-0.014032003104532322,-0.23253131584775796,0.215692973808092,0,1,0,9.33166646972394,9.33166646972394,6.0,2.665160226094048
combined_reverse,63.26,-0.30000000000000004,-0.12,-0.375,0.008885147733760023,0.009179711132663302,0.0020315481589146273,0.32256907858869993,-0.0037963617479794716,-0.233720536689736,0.21589914200945592,0,1,0,9.269376979501637,9.269376979501637,6.0,0.9694972045133732
combined_reverse,63.28,-0.30000000000000004,-0.12,-0.375,-0.024835784339449336,0.022084077378841497,3.759733590811068e-05,0.14433905074630043,0.006130940735460005,-0.2326785126070031,0.21585757257112434,0,1,0,9.044418830556676,9.044418830556676,6.0,2.4322011883538757
combined_reverse,63.300000000000004,-0.30000000000000004,-0.12,-0.375,-0.04891778207250585,0.03758577295987849,0.001225692346639707,-0.04015263436709453,0.015756071035529513,-0.22982781301899372,0.21574272175211961,0,1,0,9.303243895629963,9.303243895629963,6.0,0.7781090562724712
combined_reverse,63.32,-0.30000000000000004,-0.12,-0.375,-0.06895000514243334,0.04343624777668134,-0.002127751490510855,-0.15292255947743247,0.022881072123569938,-0.22650205991517317,0.21544063895075216,0,1,1,9.343287349307236,9.343287349307236,6.0,7.286243096600347
combined_reverse,63.34,-0.30000000000000004,-0.12,-0.375,-0.07838743139399496,0.048065063076085185,0.0028548363676253064,-0.13559817411791802,0.025320390284003992,-0.2221759448661003,0.2151153094501778,0,0,1,8.686686001262506,8.686686001262506,6.0,5.779887882049711
combined_reverse,63.36,-0.30000000000000004,-0.12,-0.375,-0.08099519855814616,0.045754384701987526,0.0018064388394882069,-0.08886724512846166,0.027523169130650598,-0.21958348326691327,0.21473796840424383,0,1,1,8.647262216413019,8.647262216413019,6.0,5.779887882049711
combined_reverse,63.38,-0.30000000000000004,-0.12,-0.375,-0.07040755784308698,0.045975921732977584,0.004811304937025286,-0.019232165116788894,0.02779701976239318,-0.21848380782596444,0.21448440075242317,0,1,1,8.587509841201442,8.587509841201442,6.0,0.7228634478965944
combined_reverse,63.4,-0.30000000000000004,-0.12,-0.375,-0.04755133818013443,0.043073243515092334,0.003814222325021068,0.020624792860112737,0.026692600601403955,-0.21860109215703782,0.2143430118231152,0,1,1,8.348436048232488,8.348436048232488,6.0,0.5145693363465415
combined_reverse,63.42,-0.30000000000000004,-0.12,-0.375,-0.00857115478622389,0.011675528103756591,0.0041964107859212806,-0.01676609363557449,0.027423368715621864,-0.218876527985661,0.2144008166253938,0,1,1,8.2558323121049,8.2558323121049,6.0,4.798650506062532
combined_reverse,63.440000000000005,-0.30000000000000004,-0.12,-0.375,0.009496436714623727,-0.00689398026672744,0.0025714867249622014,-0.07820573929753126,0.026837732142129166,-0.2199022778057148,0.21457605049637157,0,1,0,8.561029928510026,8.561029928510026,6.0,5.0363146271471955
combined_reverse,63.46,-0.30000000000000004,-0.12,-0.375,0.02080051293198053,-0.009930377637222102,0.00022080171060159196,-0.048024536232580066,0.024194404704159823,-0.2210199543012681,0.2147191295673705,0,0,1,8.760761872124554,8.760761872124554,6.0,4.599170991990456
combined_reverse,63.480000000000004,-0.30000000000000004,-0.12,-0.375,0.0251839735802051,-0.005234454938158043,-0.007820224687779775,-0.0149170655243617,0.019213058183888874,-0.22109061974449362,0.214700484213697,0,0,1,8.996052930000502,8.996052930000502,6.0,2.841954449088081
combined_reverse,63.5,-0.30000000000000004,-0.12,-0.375,0.032250267582898576,-0.007530077034485968,-0.009171826457470094,-0.005886709471378954,0.008666467752555154,-0.2197387268850144,0.21466420897991056,0,0,1,9.125619117401124,9.125619117401124,6.0,1.6846384342458118
combined_reverse,63.52,-0.30000000000000004,-0.12,-0.375,0.04066860948779172,-0.01746478484594907,-0.01164859591684762,-0.02173745523653353,-0.006287165103675074,-0.21789107763406887,0.21460137763768183,0,1,1,9.311760021874454,9.311760021874454,6.0,0.9564272164849031
combined_reverse,63.54,-0.30000000000000004,-0.12,-0.375,0.04353983632821899,-0.030123524562704843,-0.013744170795024806,-0.04727075260279723,-0.01735552875155902,-0.21801068115201086,0.2145566756848481,0,1,1,9.448562869093136,9.448562869093136,6.0,0.7866703681648805
combined_reverse,63.56,-0.30000000000000004,-0.12,-0.375,0.04498576758482342,-0.04176582889018261,-0.013357728966474566,-0.045237392357477355,-0.025246098751335617,-0.2193209084613494,0.21444390662763121,0,0,1,9.560731232163297,9.560731232163297,6.0,2.274902032931215
combined_reverse,63.58,-0.30000000000000004,-0.12,-0.375,0.03482310972665488,-0.05167605365808609,-0.01252603679228575,0.04185453893057238,-0.02918973894837932,-0.22144175776349992,0.2142913698176098,0,1,1,9.446886334260256,9.446886334260256,6.0,2.274902032931215
combined_reverse,63.6,-0.30000000000000004,-0.12,-0.375,0.02195177118544575,-0.05808940733333989,-0.009246045456026065,0.16118220910492673,-0.03125004061878893,-0.22418324367928674,0.21427918240364222,0,1,0,8.9498482483409,8.9498482483409,6.0,2.224218997467593
combined_reverse,63.620000000000005,-0.30000000000000004,-0.12,-0.375,0.014281990859250988,-0.06423948461798011,-0.003109884975177185,0.16736077650404707,-0.02938326607382718,-0.22756102744030973,0.21429393251992981,0,0,0,9.10922565075729,9.10922565075729,6.0,7.124421115627205
combined_reverse,63.64,-0.30000000000000004,-0.12,-0.375,0.024783721135844636,-0.027850499472812353,0.02949921174779417,0.10842897471702413,-0.027685948654285267,-0.22951517963938756,0.21456946563149898,0,1,1,8.598549203140191,8.598549203140191,6.0,7.124421115627205
combined_reverse,63.660000000000004,-0.30000000000000004,-0.12,-0.375,0.016383813247286542,-0.02373017636410203,0.02496026730785418,0.18506043450195556,-0.02062915833610542,-0.2305296696430995,0.2151832852095625,0,1,1,8.922932872798608,8.922932872798608,6.0,2.564061452282112
combined_reverse,63.68,-0.30000000000000004,-0.12,-0.375,0.001379370928189805,-0.011285278612184216,0.02498625086321115,0.14052199272312443,-0.013094705203731457,-0.23090454551386008,0.21574410883516046,0,1,0,8.240676307204737,8.240676307204737,6.0,2.6157205057790374
combined_reverse,63.7,-0.30000000000000004,-0.12,-0.375,-0.018375211122929575,0.0054639082401439516,0.021734703976710977,0.04942925228593145,-0.00210600783845523,-0.2301113801390714,0.21620028345198156,0,1,0,8.705476619791046,8.705476619791046,6.0,2.455694648886332
combined_reverse,63.72,-0.30000000000000004,-0.12,-0.375,-0.03913161586594901,0.02177496072079294,0.01717899963350139,-0.015612828185398664,0.009021595438923313,-0.22810277592589998,0.21646046182259054,0,1,1,9.226767270283426,9.226767270283426,6.0,2.6537790632163802
combined_reverse,63.74,-0.30000000000000004,-0.12,-0.375,-0.05657411665590004,0.027766227700379807,0.0034291657197447825,0.011950777467095025,0.019593939871809622,-0.22504692050139807,0.2165083699330717,0,1,0,9.191067920484027,9.191067920484027,6.0,6.745198316678636
combined_reverse,63.76,-0.30000000000000004,-0.12,-0.375,-0.07237567907647745,0.04336151597136604,0.005315982006446403,-0.11583231740808048,0.025678878050484397,-0.22174488517998603,0.2163675234684188,0,1,1,9.410815349622947,9.410815349622947,6.0,1.0668489212281518
combined_reverse,63.78,-0.30000000000000004,-0.12,-0.375,-0.07563425066260449,0.04244557984382875,-0.008516895692690289,-0.05332113925641446,0.02954599187587788,-0.21886613370815272,0.21609045049003925,0,1,0,8.66127238346291,8.66127238346291,6.0,5.925629202758326
combined_reverse,63.800000000000004,-0.30000000000000004,-0.12,-0.375,-0.07252298786994864,0.053804398707909505,0.0011213548786436836,-0.044767111390525485,0.030706476614977992,-0.21700236337846013,0.21580200574334601,0,1,1,8.566627876976764,8.566627876976764,6.0,0.6305075988921462
combined_reverse,63.82,-0.30000000000000004,-0.12,-0.375,-0.06455891008005687,0.05403044357069577,0.0007856507075534296,-0.016381744824524046,0.030607042578660364,-0.2167948645095598,0.2155749042597134,0,1,0,8.416809662755785,8.416809662755785,6.0,0.565999554071443
combined_reverse,63.84,-0.30000000000000004,-0.12,-0.375,-0.04801636750455356,0.05303452781090652,0.007124229907073531,0.03491565209708669,0.027789606287043935,-0.21804013672789072,0.215481641286877,0,1,1,8.424912268617073,8.424912268617073,6.0,0.45335101705174696
combined_reverse,63.86,-0.30000000000000004,-0.12,-0.375,-0.0349906487565364,0.04045906385034762,-0.003811347193642722,-0.0035859440445266365,0.023717041897586184,-0.2211429548699501,0.21543413196571798,0,1,0,8.848015848369414,8.848015848369414,6.0,5.454689166039779
combined_reverse,63.88,-0.30000000000000004,-0.12,-0.375,7.955244780892589e-05,-0.004497013249970346,0.016598682452101325,-0.0774713846558687,0.023280179723409528,-0.2216130244194329,0.2156726390202209,0,1,1,8.53614041764903,8.53614041764903,6.0,4.850602853507683
combined_reverse,63.9,-0.30000000000000004,-0.12,-0.375,0.006352128962877356,-0.013642217343285933,0.005411547453664879,-0.1285037660425142,0.018830856628952487,-0.22278932440930263,0.21593510336832494,0,1,0,8.826860890282083,8.826860890282083,6.0,4.366252342141609
combined_reverse,63.92,-0.30000000000000004,-0.12,-0.375,0.014806813717252957,-0.0211626894590039,-0.00889557760778432,-0.08151978844376774,0.012035393135818914,-0.2231165538294571,0.2160427930864911,0,0,0,8.962987262452792,8.962987262452792,6.0,3.5148130135457523
combined_reverse,63.940000000000005,-0.30000000000000004,-0.12,-0.375,0.024174294144788114,-0.031556924412681986,-0.011436939366893616,-0.05829372700525237,-0.0003409046945863338,-0.22222772378731562,0.21606561370907046,0,0,1,8.96225000203336,8.96225000203336,6.0,3.2948940693306277
combined_reverse,63.96,-0.30000000000000004,-0.12,-0.375,0.02806500000626939,-0.039637558278263284,-0.010623689461338435,-0.04877068051615807,-0.015070707336541218,-0.22112327005343804,0.2159686479890866,0,1,1,9.076955747703273,9.076955747703273,6.0,1.4946303375944368
combined_reverse,63.980000000000004,-0.30000000000000004,-0.12,-0.375,0.02637724076393548,-0.047040536986902276,-0.013910297282828787,-0.06869304981792838,-0.024744425321152397,-0.22154349626312927,0.2158520321622214,0,0,1,9.104222747146803,9.104222747146803,6.0,1.1306062608805032
combined_reverse,64.0,-0.30000000000000004,-0.12,-0.375,0.025563409269771877,-0.057404536272822757,-0.022723496497525524,-0.044666090190525656,-0.030331076498308112,-0.22298657434469144,0.21561088345402762,0,1,1,9.15292479126961,9.15292479126961,6.0,1.7870220542621675
combined_reverse,64.02,-0.30000000000000004,-0.12,-0.375,0.022497850222192917,-0.06939671312739336,-0.02450033098295212,0.05550371884576783,-0.030388653265703582,-0.22537925150215626,0.21528142704973152,0,0,0,8.914909944620575,8.914909944620575,6.0,1.92362039250524
combined_reverse,64.04,-0.30000000000000004,-0.12,-0.375,0.04026482214172535,-0.049300191470576675,-0.00308797811579861,0.05779036313825599,-0.031393136344223936,-0.22550315502073967,0.21525964094421046,0,1,0,8.577266090376455,8.577266090376455,6.0,2.4855835286520502
combined_reverse,64.06,-0.30000000000000004,-0.12,-0.375,0.046858606374475725,-0.04032344687907675,0.0020664155905526973,0.20672249949595917,-0.026727588449306956,-0.225836929418758,0.21555665684138503,0,1,0,9.000428898325517,9.000428898325517,6.0,2.6202690537146247
combined_reverse,64.08,-0.30000000000000004,-0.12,-0.375,0.0521708589236245,-0.030915337560105925,0.0025753331119924353,0.3215186086125456,-0.020228902679718472,-0.2270160969696303,0.21599053114241812,0,1,0,9.333766677104938,9.333766677104938,6.0,2.598253107042056
combined_reverse,64.1,-0.30000000000000004,-0.12,-0.375,0.0507515907377089,-0.014625552961309803,0.004963606915192787,0.3409233942356179,-0.012793072976909613,-0.22810350014812528,0.21641198705095166,0,1,0,9.594323404704085,9.594323404704085,6.0,2.4512765690150595
combined_reverse,64.12,-0.30000000000000004,-0.12,-0.375,0.02480719874073865,-0.0067712011947165,-0.0028411773926518046,0.31814276148699966,-0.0028333354142165224,-0.2290691632056147,0.21658460779541144,0,1,0,9.674903162445649,9.674903162445649,6.0,2.593327063462547
combined_reverse,64.14,-0.30000000000000004,-0.12,-0.375,-0.003178898370144282,0.015445774120203263,-0.0002101689445538937,0.16227034943474594,0.007671599102295596,-0.22767607989914235,0.21660841378064574,0,1,0,8.927141256000887,8.927141256000887,6.0,0.8608630955380845
combined_reverse,64.16,-0.30000000000000004,-0.12,-0.375,-0.035768852630774055,0.032495616446770716,0.0001366741363298318,-4.978731488997079e-06,0.0182413197606657,-0.22480218618510536,0.2164693122106497,0,0,0,9.288376403175825,9.288376403175825,6.0,7.628523343328409
combined_reverse,64.18,-0.30000000000000004,-0.12,-0.375,-0.046451582293483416,0.04962987126467488,-0.0002140031245859847,-0.19092913137492107,0.027142952592068333,-0.22053404244757444,0.2163656537192914,0,1,0,9.40226738859892,9.40226738859892,6.0,7.628523343328409
combined_reverse,64.2,-0.30000000000000004,-0.12,-0.375,-0.05720883978186955,0.04979894411772207,-0.005659049129119544,-0.11175336309785944,0.034545783847209674,-0.21705377512871193,0.21612106308827325,0,1,1,8.925749756819709,8.925749756819709,6.0,6.307139684806276
combined_reverse,64.22,-0.30000000000000004,-0.12,-0.375,-0.06808554175472672,0.05083807082449859,-0.003614890598046948,-0.08238243366274398,0.03791170706692417,-0.21462181778993028,0.2158197861500579,0,1,0,8.373748955378302,8.373748955378302,6.0,0.8098249014507816
combined_reverse,64.24,-0.30000000000000004,-0.12,-0.375,-0.06293857462100877,0.05060047522032084,0.0008261317899356611,0.01639621966299381,0.03882811881612482,-0.2136146505930293,0.21556976915739537,0,1,1,8.361454688539217,8.361454688539217,6.0,0.5828375918327944
combined_reverse,64.26,-0.30000000000000004,-0.12,-0.375,-0.04739632661449589,0.048686817577270676,0.00434770033217474,0.0393364504212194,0.03720722921043186,-0.21411729257621093,0.21542290172046222,0,1,1,8.200669660926463,8.200669660926463,6.0,0.4145588593630184
combined_reverse,64.28,-0.30000000000000004,-0.12,-0.375,-0.0303018741557834,0.043619548293294036,0.00796094400868256,0.03435635081138247,0.03344044533965236,-0.21623517419458094,0.21541964111554487,0,1,1,8.54045220213097,8.54045220213097,6.0,0.5004506747518748
combined_reverse,64.3,-0.30000000000000004,-0.12,-0.375,-0.024659649123461837,0.025445065627908135,-0.0038928741046706395,-0.0657293399482154,0.02815189568023686,-0.220314005986908,0.21542817000695164,0,1,0,9.119814278630379,9.119814278630379,6.0,5.556829595324537
combined_reverse,64.32000000000001,-0.30000000000000004,-0.12,-0.375,5.993800844231092e-05,-0.019789324333914934,0.027337180331252577,-0.09498320301090799,0.023544491191484843,-0.22278925179835318,0.21557019672491753,0,0,1,8.779811832042205,8.779811832042205,6.0,4.722861180937246
combined_reverse,64.34,-0.30000000000000004,-0.12,-0.375,0.009720488194701352,-0.03644566996711744,0.009158516876748363,-0.1068634946669084,0.015815037787089824,-0.223671268149273,0.21590170148667587,0,0,1,8.966118654215022,8.966118654215022,6.0,4.722861180937246
combined_reverse,64.36,-0.30000000000000004,-0.12,-0.375,0.009839529863752711,-0.037495535859293265,0.0015087941059847183,-0.1621199976617259,0.0042028233278888424,-0.22363985489463795,0.21599116859748158,0,0,1,9.23570628813285,9.23570628813285,6.0,3.018808685956087
combined_reverse,64.38,-0.30000000000000004,-0.12,-0.375,0.016517148233353228,-0.046522350168175894,-0.00037586441322768607,-0.16434861586987487,-0.010987734201588831,-0.22292980534877793,0.21604131329270698,0,1,1,9.413731811370496,9.413731811370496,6.0,1.8335744759124177
combined_reverse,64.4,-0.30000000000000004,-0.12,-0.375,0.02107972966121415,-0.05744097222410513,-0.0126571746272505,-0.10486867699449637,-0.023361451047423758,-0.2235284551988871,0.21596513624288605,0,0,0,9.226726746186081,9.226726746186081,6.0,2.3276337240380225
combined_reverse,64.42,-0.30000000000000004,-0.12,-0.375,0.022822717920493375,-0.06794289056376315,-0.024251399035380476,-0.09270991247365552,-0.030116843404823793,-0.22467546765367905,0.21566672865911424,0,1,1,9.189893667721634,9.189893667721634,6.0,2.3276337240380225
combined_reverse,64.44,-0.30000000000000004,-0.12,-0.375,0.03631343533964863,-0.05943361906833551,-0.003626388759035035,-0.05918288568610021,-0.03537675550103289,-0.22526175766045614,0.21549089375578548,0,0,1,8.943154780180912,8.943154780180912,6.0,2.024449921387852
combined_reverse,64.46000000000001,-0.30000000000000004,-0.12,-0.375,0.04570076374346608,-0.04802445496595833,0.0023510704877131305,0.016948758056847958,-0.038999695600525394,-0.2254158062530923,0.21566494208890022,0,1,1,8.74093095027942,8.74093095027942,6.0,2.1288011645955893
combined_reverse,64.48,-0.30000000000000004,-0.12,-0.375,0.05137615257069453,-0.03928908807213894,0.008064630478093453,0.10776868481446686,-0.0370466273538098,-0.2265511400626253,0.21605298658877087,0,1,0,8.41733481900967,8.41733481900967,6.0,2.202942968057228
combined_reverse,64.5,-0.30000000000000004,-0.12,-0.375,0.05457274692071962,-0.03243414768578654,0.011421456994946603,0.19485264534952143,-0.03337946612426371,-0.2281866860746368,0.21656434458661464,0,1,0,8.724448377319867,8.724448377319867,6.0,2.377968768616957
combined_reverse,64.52,-0.30000000000000004,-0.12,-0.375,0.04491993494452715,-0.026920790947351177,0.010826068772706355,0.27259228682206044,-0.026192527793059698,-0.23016053644324727,0.21706539272588818,0,1,0,9.16704337416948,9.16704337416948,6.0,2.5475007791551336
combined_reverse,64.54,-0.30000000000000004,-0.12,-0.375,0.027077884572853955,-0.014433093614357202,0.01153594483573629,0.22438765345893852,-0.016873299319887822,-0.2309251293228657,0.217545417797901,0,1,0,9.020479525581441,9.020479525581441,6.0,2.415645088054468
combined_reverse,64.56,-0.30000000000000004,-0.12,-0.375,0.00018959920279897806,0.004623162396909046,0.014032941520645523,0.10077249939827748,-0.005394922503757846,-0.2299935947854664,0.2179065151831883,0,1,0,8.785528560160436,8.785528560160436,6.0,2.5416303279229258
combined_reverse,64.58,-0.30000000000000004,-0.12,-0.375,-0.02827698537489896,0.02314788054467096,0.014353640231640118,-0.003257641910861503,0.008049681613659782,-0.2279482521941242,0.21808562606408932,0,1,1,9.440073842699919,9.440073842699919,6.0,2.580266067528502
combined_reverse,64.6,-0.30000000000000004,-0.12,-0.375,-0.045302788733408074,0.04015783285278887,0.006219533728950928,-0.07741533802557782,0.02129610088777006,-0.22473883912415304,0.21810845474661364,0,1,1,9.753366835392521,9.753366835392521,6.0,7.248530174282569
combined_reverse,64.62,-0.30000000000000004,-0.12,-0.375,-0.06503130239308327,0.05224800647312392,0.0022615509857924054,-0.07725698979766629,0.029431940189023675,-0.22130373230930167,0.21794727242148837,0,1,1,9.21201287663236,9.21201287663236,6.0,0.9735657437950526
combined_reverse,64.64,-0.30000000000000004,-0.12,-0.375,-0.06827574529845647,0.06252418882864076,-0.000880689732717304,-0.0645399800946728,0.0345809817570962,-0.2192336178463446,0.2176578728181707,0,1,1,8.48022164671242,8.48022164671242,6.0,6.140209807944605
combined_reverse,64.66,-0.30000000000000004,-0.12,-0.375,-0.07196646272386442,0.0687559432037734,0.0023688658764819646,0.012790240528841887,0.03641065390236346,-0.2183409416076234,0.2174078231126408,0,1,1,8.549739681426203,8.549739681426203,6.0,0.5552415107186405
combined_reverse,64.68,-0.30000000000000004,-0.12,-0.375,-0.06645089497660346,0.0701585092997693,0.0032877949562622067,0.05457289954153999,0.03629993114054268,-0.21867033961292545,0.217217705709237,0,1,1,8.45579249005991,8.45579249005991,6.0,0.46995833054176345
combined_reverse,64.7,-0.30000000000000004,-0.12,-0.375,-0.05472107083633473,0.06535943454871553,0.0027752905300263437,0.06288464806427273,0.03319315048590954,-0.22031629751464196,0.2170589358192208,0,1,1,8.440457228113146,8.440457228113146,6.0,0.5309508633988642
combined_reverse,64.72,-0.30000000000000004,-0.12,-0.375,-0.04038941959871071,0.05821657952643808,0.003575415459518286,0.04051749398380153,0.027688313542054255,-0.22303483304418006,0.216949847130936,0,1,1,8.729755477175729,8.729755477175729,6.0,0.5936883552501531
combined_reverse,64.74,-0.30000000000000004,-0.12,-0.375,-0.010012782421977045,0.017827151554556574,0.015278294001396627,-0.0029848304093251093,0.024617525746275067,-0.22474274074214812,0.21685893661827238,0,0,1,8.464855972179274,8.464855972179274,6.0,5.36685483904928
combined_reverse,64.76,-0.30000000000000004,-0.12,-0.375,0.007472309000850461,0.003285633845871722,0.002525714350733358,-0.043554750819366904,0.02092360230907377,-0.22360410949351298,0.2170171960432758,0,0,1,8.642840751725176,8.642840751725176,6.0,5.022136129753151
combined_reverse,64.78,-0.30000000000000004,-0.12,-0.375,0.02096422717308735,-0.0037062908032216416,-0.007994463981689123,-0.003410718001588625,0.014523412414265888,-0.22247944955797833,0.21697347541496878,0,0,1,8.863087247374237,8.863087247374237,6.0,3.170538853100224
combined_reverse,64.8,-0.30000000000000004,-0.12,-0.375,0.028567328722528068,-0.005735656941031187,-0.008067956716139515,-0.03142312755221996,0.0003601510593785681,-0.2199753734847103,0.21692418920783613,0,0,1,9.229685322992696,9.229685322992696,6.0,3.3654801435235076
combined_reverse,64.82000000000001,-0.30000000000000004,-0.12,-0.375,0.038054382678803456,-0.012164427912306193,-0.011025627695636784,-0.005975415426869163,-0.019650270912151133,-0.21658432572813965,0.21690302071602394,0,1,1,9.264986573033895,9.264986573033895,6.0,1.2372254281974315
combined_reverse,64.84,-0.30000000000000004,-0.12,-0.375,0.03956864530902238,-0.023853200115819248,-0.017024814878670844,-0.03081252445344708,-0.03148428779576269,-0.21562907499174294,0.21680549395397855,0,1,1,9.049319848826535,9.049319848826535,6.0,0.9478061021725124
combined_reverse,64.86,-0.30000000000000004,-0.12,-0.375,0.040004105826529496,-0.03522211794468485,-0.027121047124393956,-0.006767845153007657,-0.03624145543345011,-0.21629636624912515,0.21655495096894295,0,1,1,9.070112801564816,9.070112801564816,6.0,0.57667584942432
combined_reverse,64.88,-0.30000000000000004,-0.12,-0.375,0.0373475627768557,-0.04695571253525198,-0.036921199847157735,0.10960531386208563,-0.0370011809229467,-0.21742961599607524,0.21609414482394274,0,1,0,8.86504316861248,8.86504316861248,6.0,1.6250044086535966
combined_reverse,64.9,-0.30000000000000004,-0.12,-0.375,0.03269015485407145,-0.05254557371424721,-0.03560170761060707,0.19594857825695292,-0.034077221257066304,-0.21903583893239592,0.21552822011768907,0,0,1,9.43925652694802,9.43925652694802,6.0,1.606970498679929
combined_reverse,64.92,-0.30000000000000004,-0.12,-0.375,0.015645064147748022,-0.04383949254487887,-0.04191462069122722,0.35389073786741176,-0.02932723562701297,-0.22208687406876065,0.21477534375068344,0,1,0,10.155454885570839,10.155454885570839,6.0,7.161881629964731
combined_reverse,64.94,-0.30000000000000004,-0.12,-0.375,0.0033984326006764945,-0.037775125323586296,-0.02807094931947811,0.36709372163602383,-0.020786878350635377,-0.22485140235260956,0.21413862181748236,0,1,0,10.551797393860653,10.551797393860653,6.0,2.4200555633572076
combined_reverse,64.96000000000001,-0.30000000000000004,-0.12,-0.375,0.0028453039411852595,-0.0009028754601442191,0.0008704629281281785,0.2849922325130728,-0.01475874268845455,-0.22539282021498697,0.21382160457901014,0,1,0,9.749623836195912,9.749623836195912,6.0,6.29350905879838
combined_reverse,64.98,-0.30000000000000004,-0.12,-0.375,-0.007361569588225666,0.020867673755894257,0.005240091225852809,0.23219119995761198,-0.004482703999459265,-0.22465485397205368,0.21380739146359204,0,1,1,9.354334877747641,9.354334877747641,6.0,0.9006717501120094
combined_reverse,65.0,-0.30000000000000004,-0.12,-0.375,-0.026088595649912935,0.03830608983807979,-0.0037212563897060236,0.14147747168712643,0.005411889080873377,-0.22369651236201735,0.2137706329454791,0,1,0,9.266999967332364,9.266999967332364,6.0,0.8574270367308736
