stage,time_s,command_vx,command_vy,command_wz,vx,vy,vz,wz,roll,pitch,height,flight,four_feet,illegal_contacts,raw_peak_nm,motor_peak_nm,guard_min_nm,max_speed_rad_s
march,0.02,0.0,0.0,0.0,-0.011182793581762494,-3.306795012675399e-05,-0.1257828474295885,0.0011973987805346533,-4.796064765072328e-06,0.0009645240574503884,0.31435238256443426,0,1,0,1.6368139910752886,1.6368139910752886,14.0,1.2319484935333667
march,0.04,0.0,0.0,0.0,-0.03834698010691051,-0.0004906113280464205,-0.14567400232905675,0.0009612571816217427,4.569968046018417e-05,0.003600098412539578,0.3114862810780355,0,1,0,3.081791756790688,3.081791756790688,14.0,1.4729895641536097
march,0.06,0.0,0.0,0.0,-0.07193732630611328,-0.004726707700102297,-0.10279366814399099,-0.009090240931330052,-8.336629102179552e-05,0.006598037526249518,0.30899461065343925,0,1,0,4.427108242582644,4.427108242582644,14.0,1.4589013771553307
march,0.08,0.0,0.0,0.0,-0.10122889574686202,-0.01745784341029072,-0.0357106921283619,-0.02989629394425327,-3.823674478282888e-05,0.007664233436456629,0.3076972523136463,0,1,0,5.587999640129498,5.587999640129498,14.0,1.0633894106270931
march,0.1,0.0,0.0,0.0,-0.1272697130655286,-0.03448287082678331,0.024388818281079232,-0.11453442322890489,1.0020814744744695e-05,0.006364150840911313,0.307730351086959,0,0,0,6.621914447813388,6.621914447813388,14.0,3.7455486188460516
march,0.12,0.0,0.0,0.0,-0.15136969197403086,-0.048359626255686176,0.06805804268378378,-0.2416244803766646,0.001976134474666121,0.0030756566322927906,0.3086596647229901,0,0,0,8.365450287948999,8.365450287948999,14.0,4.246490753589784
march,0.14,0.0,0.0,0.0,-0.17365971354416046,-0.05504824849000246,0.11123908560073156,-0.2588980512454636,0.008275653728238725,-0.001677201068178085,0.3104110410907939,0,0,0,9.125808635653053,9.125808635653053,14.0,4.501579894600222
march,0.16,0.0,0.0,0.0,-0.18689096417573622,-0.057786212272502545,0.13628794936963487,-0.18383314982044033,0.016812099367830926,-0.0061296536709364085,0.3128532194923435,0,0,0,9.204132710903027,9.204132710903027,14.0,5.619067843676182
march,0.18,0.0,0.0,0.0,-0.18080802924516753,-0.056377621424144736,0.12341627018561283,-0.05105917853028361,0.023956628826239446,-0.011245485958633724,0.3153675671352387,0,0,0,9.32983632496108,9.32983632496108,14.0,5.4938293826763775
march,0.2,0.0,0.0,0.0,-0.15352167177698642,-0.046585313282388935,0.0785281503649251,0.08668294965616032,0.026584418544818945,-0.01827413226570893,0.31724615192772937,0,0,0,9.881357404746861,9.881357404746861,14.0,4.874589338279877
march,0.22,0.0,0.0,0.0,-0.11123243232858668,-0.02387026386963564,0.01848205525888859,0.20471363801192202,0.022827725038296234,-0.02700830445154942,0.318067538941646,0,0,0,10.735621055835743,10.735621055835743,14.0,3.1314699823907937
march,0.24,0.0,0.0,0.0,-0.06613410774224042,0.00674281488657841,-0.033971762541165365,0.2598857705735087,0.013746074275571625,-0.037102525627959765,0.31774394390348726,0,0,0,11.913224714717742,11.913224714717742,14.0,3.896230866346916
march,0.26,0.0,0.0,0.0,-0.02363974244850537,0.04694296849584511,-0.06570754448779352,0.22567528550805055,0.0021763596304054875,-0.04740170091633757,0.3166269892048326,0,0,0,12.90468248523465,12.90468248523465,14.0,2.775104527920762
march,0.28,0.0,0.0,0.0,0.008633411265234741,0.0881856734379988,-0.0731697137663117,0.11905209351921553,-0.010463286401556875,-0.056592852505251444,0.31525392599855756,0,0,0,13.454337361142628,13.454337361142628,14.0,3.2691536242433754
march,0.3,0.0,0.0,0.0,0.043347758180197336,0.09367973440102517,0.013460137931381207,0.07395908475175372,-0.005526160476380798,-0.056605439936539936,0.3148758965917573,0,0,0,12.501782529311416,12.501782529311416,14.0,3.598424103755594
march,0.32,0.0,0.0,0.0,0.09096103494005417,0.08751734023569356,0.043121055268353276,0.023832227871513005,0.00601345542282515,-0.04897934280882991,0.31565581607431226,0,0,0,10.571918316937138,10.571918316937138,14.0,4.651764872150169
march,0.34,0.0,0.0,0.0,0.13964346156212035,0.07486206140245995,0.019414711808631017,0.032243051149973403,0.018796098079629914,-0.038998883717278304,0.3165397853616839,0,1,0,8.245838071526983,8.245838071526983,14.0,6.720990142210928
march,0.36,0.0,0.0,0.0,0.15667761664588012,0.08077396730180718,0.0512998266929023,0.07285384721509663,0.015435881258746034,-0.03348072282549369,0.31753607588996735,0,1,0,5.855587627207078,5.855587627207078,14.0,4.885264315015457
march,0.38,0.0,0.0,0.0,0.16964286532520076,0.08193635017012121,0.035475846237163995,0.12403174002730045,0.010553610127984924,-0.031124120426615283,0.31851793756541363,0,1,0,6.051108158789109,6.051108158789109,14.0,3.8208922853237235
march,0.4,0.0,0.0,0.0,0.1653892503464605,0.08054480248604817,0.00713373610595949,0.12133987987372127,0.007856202268091472,-0.029068666999873528,0.31901635424958047,0,0,0,6.111723721579246,6.111723721579246,14.0,2.309327851771867
march,0.42,0.0,0.0,0.0,0.15042979413956617,0.08067674384588047,-0.018587905640444297,0.021488668301581918,0.005198970545369917,-0.026627946644808286,0.31892085874423004,0,0,0,6.330365995884632,6.330365995884632,14.0,3.6843703065809046
march,0.44,0.0,0.0,0.0,0.12961798157271606,0.08282120342231614,-0.026466472397305877,-0.09382011960623779,0.004687702174799326,-0.024064826723060043,0.3184310143915348,0,0,0,6.538012759800475,6.538012759800475,14.0,4.323809624455772
march,0.46,0.0,0.0,0.0,0.11142135762514342,0.0858862850987978,-0.01766649625008413,-0.1673500081776036,0.003555096327371696,-0.021452948480603536,0.3179874917852289,0,0,0,6.628066185733281,6.628066185733281,14.0,3.686078802197437
march,0.48,0.0,0.0,0.0,0.09430120424477803,0.09093502262904916,0.0007283922715616575,-0.20279734699602311,0.0002711334664927464,-0.01866845778477992,0.3178572317934237,0,0,0,6.580227596500365,6.580227596500365,14.0,2.754926559967071
march,0.5,0.0,0.0,0.0,0.07905422237593719,0.0979181252030291,0.01685286325007431,-0.20929896872990347,-0.005123784349381359,-0.0156354092219357,0.3180920704703897,0,0,0,6.432582078012728,6.432582078012728,14.0,1.8320907494235932
march,0.52,0.0,0.0,0.0,0.06777744680925636,0.10504894629401144,0.023242199475679202,-0.19121339467256843,-0.011317809190243305,-0.012116767570227756,0.3185446746175575,0,0,0,6.206546788062257,6.206546788062257,14.0,1.5994962429179318
march,0.54,0.0,0.0,0.0,0.05819431906212692,0.1125826378089883,0.02247801922119191,-0.1620144088269596,-0.017612546159833313,-0.008685072289518559,0.319052003722767,0,0,0,6.0741386584747765,6.0741386584747765,14.0,2.925930261589718
march,0.56,0.0,0.0,0.0,0.0497054514535654,0.12023462747430387,0.016962460245090197,-0.1420056879646591,-0.024315052645710704,-0.005272013452586345,0.31946554683170497,0,0,0,6.042873051033946,6.042873051033946,14.0,3.5841870176653736
march,0.58,0.0,0.0,0.0,0.04322988985708559,0.1281484574930029,0.007261744043298107,-0.11294709493403059,-0.0310930142088613,-0.0016229265576825872,0.3196941045231537,0,0,0,6.049831944361848,6.049831944361848,14.0,3.922032370778039
march,0.6,0.0,0.0,0.0,0.03773626019366254,0.1370657020414658,-0.0059226934646379814,-0.0864592942316571,-0.03835310018031356,0.0022769363645103453,0.31968453782472445,0,0,0,5.671725735990848,5.671725735990848,14.0,4.912178668120909
march,0.62,0.0,0.0,0.0,0.019844061438544718,0.13808336555355993,-0.005164416780807265,-0.041487768647524764,-0.04256358547530012,0.005322996130626222,0.3194075967881949,0,0,0,5.445040856138942,5.445040856138942,14.0,7.936300260741286
march,0.64,0.0,0.0,0.0,-0.010425846024509725,0.10687226589069995,-0.00294191274715654,-0.03552784205935968,-0.02876072288029813,0.0005429084698521584,0.3195920712408039,0,0,0,14.566415415456182,14.0,14.0,16.11488095194816
march,0.66,0.0,0.0,0.0,-0.027003069012559475,0.07926928882886775,0.00939074870628722,-0.17866521052661122,-0.014362120671354924,-0.006391764824869657,0.3195643102904176,0,0,0,6.503098491877539,6.503098491877539,14.0,17.134294729735135
march,0.68,0.0,0.0,0.0,-0.03607700388023242,0.05701629059047044,-0.006869104095369251,-0.12994463099199,-0.013866337127698304,-0.006981882281318279,0.3196208356248727,0,0,0,6.334315743113572,6.334315743113572,14.0,4.068504481334131
march,0.7000000000000001,0.0,0.0,0.0,-0.04820958212632421,0.0460211842205483,-0.024311872425850162,-0.08386330279924169,-0.011552886464492075,-0.007868346800061826,0.31923239420098015,0,0,0,6.755730012859145,6.755730012859145,14.0,6.238957579783597
march,0.72,0.0,0.0,0.0,-0.05314793281983362,0.041163723694194077,-0.023563664353035522,-0.09887840896116595,-0.009401456634556712,-0.008920588056110788,0.31864840999708466,0,0,0,7.1529714029860525,7.1529714029860525,14.0,9.103260160719229
march,0.74,0.0,0.0,0.0,-0.05458588276605295,0.03825968437493533,-0.021093805784989195,-0.12036808281339917,-0.009592346266017786,-0.010800553097429269,0.3181028528153679,0,0,0,7.148843149451254,7.148843149451254,14.0,8.794355091794406
march,0.76,0.0,0.0,0.0,-0.05551382714331835,0.037919746795787655,-0.013205051051244263,-0.1516554441605253,-0.0131965082698574,-0.013640758507636568,0.3176827828021246,0,0,0,7.157548375920876,7.157548375920876,14.0,6.233244087512542
march,0.78,0.0,0.0,0.0,-0.0554630321552582,0.039488619496723255,-0.0027615041560707875,-0.18674330963424537,-0.01934045112945513,-0.017151167975241504,0.3174599476960463,0,0,0,6.993431273049781,6.993431273049781,14.0,3.791069825196298
march,0.8,0.0,0.0,0.0,-0.05415215362987929,0.043152498032438126,0.005852701237847818,-0.21889288953594283,-0.02646493086432341,-0.021185474609591807,0.317447757744426,0,0,0,6.685463849945435,6.685463849945435,14.0,2.6213486793445053
march,0.8200000000000001,0.0,0.0,0.0,-0.05162992615067841,0.05001439208807411,0.00918850375032333,-0.22610009261059452,-0.032820465096133136,-0.025380154940568403,0.3175634565012928,0,0,0,6.361392005571602,6.361392005571602,14.0,2.4533622754791424
march,0.84,0.0,0.0,0.0,-0.049432840903543974,0.0582799278513794,0.005109171484199632,-0.21204049268094854,-0.038737696460519604,-0.029330658861207042,0.31766024962483486,0,0,0,6.190522382212557,6.190522382212557,14.0,3.3136205001541432
march,0.86,0.0,0.0,0.0,-0.04810315368522818,0.06832862020741505,-0.0011392266518221918,-0.18740010722357298,-0.04374374719607162,-0.03281535861386094,0.31764617939192596,0,0,0,6.125003951950001,6.125003951950001,14.0,3.272169643996826
march,0.88,0.0,0.0,0.0,-0.04741675232226885,0.07457178598832453,0.0030947093948917198,-0.11817611245417935,-0.04662506282072224,-0.03532809498995955,0.31751577947512843,0,0,0,6.143595811084302,6.143595811084302,14.0,3.6729478715328034
march,0.9,0.0,0.0,0.0,-0.03395285914705439,0.05668860977416946,0.026199270884623184,-0.02095835207447317,-0.037060403505982525,-0.032235670460829154,0.3178671226283821,0,0,0,6.060677246194158,6.060677246194158,14.0,4.640598336176707
march,0.92,0.0,0.0,0.0,-0.01249842047904897,0.02969027800433341,0.014263789686425353,0.09189912808116142,-0.02300527539534071,-0.02718255175072353,0.3183212955033001,0,0,0,5.448007358396634,5.448007358396634,14.0,6.982128001007322
march,0.9400000000000001,0.0,0.0,0.0,-0.006981268328821375,0.00829860620079882,0.0254564426608882,0.1984310909827779,-0.01427384456851334,-0.02251732482326653,0.3186078688010203,0,1,0,6.7253937328931475,6.7253937328931475,14.0,9.170932694787185
march,0.96,0.0,0.0,0.0,0.004774777338382934,-0.00688172477953906,0.013442406948452962,0.23246682627490756,-0.01650784005994818,-0.021061792377246952,0.31906606952789857,0,1,0,7.383195594337594,7.383195594337594,14.0,1.120667016417277
march,0.98,0.0,0.0,0.0,0.013173567460960213,-0.0073653552388526266,0.00272250738540147,0.1376357079272068,-0.017935309639978015,-0.017853698406131092,0.31915222378129626,0,0,0,7.556617288707084,7.556617288707084,14.0,4.755637700792721
march,1.0,0.0,0.0,0.0,0.012976755909041985,0.00045941513549890747,-0.009454220559999905,-0.06560034382089244,-0.015221494815942618,-0.014062253405424241,0.3188118933058817,0,0,0,13.287109527888637,13.287109527888637,14.0,15.485141613629068
march,1.02,0.0,0.0,0.0,0.004726896063778735,0.004738595045442926,-0.028903213169243037,-0.1735244996465464,-0.011796296849752176,-0.01092429287148365,0.3180935538639738,0,0,0,13.691505483463088,13.691505483463088,14.0,16.50175370226403
march,1.04,0.0,0.0,0.0,-0.0013816408568570933,0.004393603123918635,-0.036411443902974024,-0.17220262295681146,-0.00750762724505027,-0.010266021108187863,0.3171793668141993,0,0,0,11.099583575335307,11.099583575335307,14.0,16.435489860833393
march,1.06,0.0,0.0,0.0,-0.006232979240463874,-0.001735950858496948,-0.0255387807316555,-0.12232969561653309,-0.003254896075877982,-0.011445144471410425,0.3164421195306308,0,0,0,8.874821115603805,8.874821115603805,14.0,11.822114774127773
march,1.08,0.0,0.0,0.0,-0.007778130001503315,-0.00820164991519735,-0.00535351876525457,-0.07730712089747074,-0.00023025566004125362,-0.013101760523326515,0.3161025026122976,0,0,0,8.903972634957436,8.903972634957436,14.0,5.254934447110096
march,1.1,0.0,0.0,0.0,-0.005883733929117727,-0.01487789754069377,0.010041193913564552,-0.032550600986699804,0.0020024789349349426,-0.014371017732000883,0.31616336962144514,0,0,0,8.742255296828288,8.742255296828288,14.0,1.9050376196424614
march,1.12,0.0,0.0,0.0,-0.0027704250892491207,-0.020370569329533107,0.015524870100854321,0.005952326771682139,0.00381057136073182,-0.015696716659951586,0.3164422848430788,0,0,0,8.588745297254503,8.588745297254503,14.0,1.654229846491048
march,1.1400000000000001,0.0,0.0,0.0,0.0005486044175862178,-0.026962281843532363,0.016585600497192387,0.03338495831204583,0.006453294720696817,-0.017500197295246524,0.31681614476704645,0,0,0,8.451613902572056,8.451613902572056,14.0,2.83623725484894
march,1.16,0.0,0.0,0.0,0.0014464043300580426,-0.034903200418261046,0.013961935532022551,0.04630934688901284,0.009341148009848903,-0.019462290254251283,0.31717763510407815,0,0,0,8.345600218380943,8.345600218380943,14.0,3.856126324947561
march,1.18,0.0,0.0,0.0,0.0018500939824325166,-0.0428113261502031,0.00737352475463106,0.050548127286167845,0.012714743406008668,-0.021477495146021396,0.31744564767094274,0,0,0,8.250449173443092,8.250449173443092,14.0,5.0044173223502115
march,1.2,0.0,0.0,0.0,0.005772154683524255,-0.0374259870585029,0.02986890816626979,-0.003264394746611039,0.011404982956308549,-0.02184540259135268,0.3177342997485527,0,0,0,7.503670832988045,7.503670832988045,14.0,6.593586159377813
march,1.22,0.0,0.0,0.0,0.026204646459923202,-0.013150474127602344,0.027456172127279514,-0.008513860468149562,-0.001470460989181838,-0.017036187787635278,0.31843655728467274,0,0,0,5.747411967401803,5.747411967401803,14.0,5.206091643863507
march,1.24,0.0,0.0,0.0,0.030482387492593157,0.001922857187358662,0.036057124718597226,-0.005318924894905933,-0.006782387102775373,-0.013628507319521152,0.3189385495596732,0,1,0,5.208436474241432,5.208436474241432,14.0,5.55469196032991
march,1.26,0.0,0.0,0.0,0.031688493266648646,0.004203864167503267,0.037993017729987304,-0.01783472824949473,-0.0028418843727880685,-0.014564446779735684,0.31975095367042,0,1,0,5.62453468843401,5.62453468843401,14.0,0.49724330531137784
march,1.28,0.0,0.0,0.0,0.025534224343698154,0.0005561180679050624,0.01637969977540753,0.0180233876741059,0.00016274615366789684,-0.01452127948214028,0.3202326091694134,0,0,0,5.882276603724836,5.882276603724836,14.0,3.1404163553319
march,1.3,0.0,0.0,0.0,0.012998546355434881,-0.006500419833681567,0.008967059923172977,0.12114642081865509,0.0017345922022678313,-0.012955550798099399,0.3202710905092868,0,0,0,6.084813362979152,6.084813362979152,14.0,6.953070201993598
march,1.32,0.0,0.0,0.0,0.004486022176442751,-0.01006655786832429,0.009158814600209191,0.1427514194770232,0.0016092890487281978,-0.010700000501819745,0.3202051864083407,0,0,0,6.328653952537016,6.328653952537016,14.0,7.657909906333951
march,1.34,0.0,0.0,0.0,-0.0015468995920041044,-0.013025600325992405,0.01555430542829964,0.09527485149061758,0.0012020890355490738,-0.00814044499493459,0.3202740394387034,0,0,0,6.547551520211018,6.547551520211018,14.0,6.944189141359917
march,1.36,0.0,0.0,0.0,-0.006777817396182671,-0.017329611498867973,0.01952128479875188,0.04953417692663522,0.0016277499602219785,-0.005859815817899947,0.3205364553850147,0,0,0,6.485009101418511,6.485009101418511,14.0,5.038719872743859
march,1.3800000000000001,0.0,0.0,0.0,-0.010481650508172954,-0.022425510736565638,0.014630538406258711,0.03902993830787702,0.002928205723909765,-0.004919999383784343,0.3208262142307602,0,0,0,6.2644962770000445,6.2644962770000445,14.0,3.273473089114088
march,1.4000000000000001,0.0,0.0,0.0,-0.009686832594032042,-0.027584028649781635,0.00826076464661235,0.04853064077456581,0.004752975273629853,-0.00585937620098536,0.32102623916675066,0,0,0,5.952463236738143,5.952463236738143,14.0,2.2050119328922833
march,1.42,0.0,0.0,0.0,-0.005979931040142972,-0.030063656385874733,0.0032963728763164848,0.0541217019746626,0.006127228291300709,-0.007991807096257462,0.3211415350954223,0,0,0,6.265012196788644,6.265012196788644,14.0,2.4057704921405128
march,1.44,0.0,0.0,0.0,-0.0007294332179246528,-0.02892076804893783,-0.004236357824526682,0.057576954199006145,0.006469228216029024,-0.010210009157518279,0.3211502789996506,0,0,0,6.480395413535857,6.480395413535857,14.0,3.3096851190118164
march,1.46,0.0,0.0,0.0,0.004594159135813435,-0.026151152614163512,-0.007938939540511837,0.04831077162860013,0.006199833204231009,-0.011710606326582062,0.32106203828411334,0,0,0,6.603305477533288,6.603305477533288,14.0,3.210240156354647
march,1.48,0.0,0.0,0.0,0.009129722588464992,-0.023945950291996344,-0.009895652110339043,0.04078635727403597,0.006127938205565844,-0.012339855334304557,0.3209337369960939,0,0,0,6.660720241612133,6.660720241612133,14.0,3.6281058501561962
march,1.5,0.0,0.0,0.0,0.01149176394944763,-0.02443367385519784,-0.017093763324684926,0.04131760955808327,0.007449269817113823,-0.012597980465279464,0.320743069913244,0,0,0,6.189280754885182,6.189280754885182,14.0,4.390155535319382
march,1.52,0.0,0.0,0.0,0.0025042121318229783,-0.022453134848740834,-0.025854383775295576,0.05477411552706714,0.009365667137938915,-0.01324370885977019,0.3202919084587294,0,0,0,5.157668953177597,5.157668953177597,14.0,5.760522733594578
march,1.54,0.0,0.0,0.0,-0.013137539945698171,-0.008319907958732458,-0.0007930591935395048,0.1460433049398462,0.0011403581490193285,-0.0177258625872633,0.3200131219469417,0,1,0,5.56000781291337,5.56000781291337,14.0,10.030618095434392
march,1.56,0.0,0.0,0.0,-0.010847665367393634,-0.0001624161047751097,-0.0033442116247904604,0.16672522939925125,0.00410417670317826,-0.017052714240247947,0.3200654999766434,0,0,0,4.028090779222993,4.028090779222993,14.0,2.098532817090973
march,1.58,0.0,0.0,0.0,-0.014173510992899622,0.002441324088442629,-0.03444004912809748,0.16993254716111014,0.007196045929969923,-0.016855484848438598,0.31958660564244834,0,0,0,4.745601129279639,4.745601129279639,14.0,4.16351594375781
march,1.6,0.0,0.0,0.0,-0.022894618051752448,0.0009914823315641933,-0.050529452006321404,0.11476950535507385,0.011962338480248521,-0.017101147158333375,0.31861263814810226,0,0,0,5.464636604123626,5.464636604123626,13.823890256921004,5.664110998726109
march,1.62,0.0,0.0,0.0,-0.03711498554044306,-0.0026733764063414634,-0.06032216596099566,0.07526662981243985,0.013945827820085974,-0.016561797093224733,0.3172660373602327,0,0,0,6.105166141876299,6.105166141876299,13.894345401246362,7.117377059372382
march,1.6400000000000001,0.0,0.0,0.0,-0.050875476132001746,-0.004385859789269508,-0.05630941768620523,0.06916533540434286,0.014356742470366798,-0.015242807545769715,0.3159010161826706,0,0,0,6.624236636754469,6.624236636754469,13.933067820959906,6.599151762152819
march,1.6600000000000001,0.0,0.0,0.0,-0.060427685293415516,-0.004378291223039781,-0.04456391347853773,0.074799666995768,0.014074344728545423,-0.01391897083853842,0.3147950326574399,0,0,0,6.836361791985013,6.836361791985013,14.0,5.703738787000314
march,1.68,0.0,0.0,0.0,-0.06588294768319368,-0.004611989132347476,-0.027226352009029762,0.07683582891590905,0.013490581018800908,-0.013087711663163758,0.3140507397604015,0,0,0,6.8605147667084765,6.8605147667084765,14.0,2.9227614144640244
march,1.7,0.0,0.0,0.0,-0.06714614395492133,-0.005867538663688353,-0.009229889642726152,0.07578885738398847,0.013371083906461325,-0.012847970188369369,0.31369444664147095,0,0,0,6.898742855810404,6.898742855810404,13.920870260134361,1.7451032167682723
march,1.72,0.0,0.0,0.0,-0.06573680821353468,-0.008519728024306873,0.0017713237947603014,0.07260330128157198,0.014541377342914306,-0.012958371249903537,0.31363979111951146,0,0,0,6.836817552943403,6.836817552943403,13.814841502902002,1.561733823517144
march,1.74,0.0,0.0,0.0,-0.06416520806632289,-0.012995880822654909,0.004748974718689913,0.07289910477243844,0.01716240661083551,-0.013833403254081144,0.31373769002291985,0,0,0,6.817291841200543,6.817291841200543,13.719962127582452,2.356307831937492
march,1.76,0.0,0.0,0.0,-0.061356317129097074,-0.020663299999269493,0.0038689488805349953,0.06238376760098447,0.020215596181057702,-0.015348886223063202,0.31385574302553604,0,0,0,6.8671387873357626,6.8671387873357626,13.564053274855514,3.1447760366261592
march,1.78,0.0,0.0,0.0,-0.05844442159336882,-0.030136508659343763,-0.000935272407339917,0.051996282993263844,0.023947170004064454,-0.01712678342292197,0.3139079566396971,0,0,0,6.902632440322221,6.902632440322221,13.380566107989473,3.933460559465675
march,1.8,0.0,0.0,0.0,-0.05735842149188971,-0.0360123919137994,0.001132263289658074,0.008044113366213964,0.02669341590249174,-0.01876475589132973,0.3138336667427788,0,0,0,6.595638826016322,6.595638826016322,13.299079473131616,4.8188832690009225
march,1.82,0.0,0.0,0.0,-0.0394889590109123,-0.017491546330646097,0.01366503814377848,-0.014749181357043922,0.014812113351651755,-0.015462241792375054,0.31409585730113243,0,0,0,5.238249557137049,5.238249557137049,13.352878772193336,5.050841213654413
march,1.84,0.0,0.0,0.0,-0.032536810320490446,-0.004657140295934156,0.03976083700497308,-0.022644775029112493,0.00865600938574523,-0.011928912211126916,0.3145497222875924,0,1,0,6.242854391334278,6.242854391334278,13.221194511873367,5.374409850068395
march,1.86,0.0,0.0,0.0,-0.020112297096747247,0.0015294836829797278,0.043737321148625094,-0.051648166212590524,0.010385724092964515,-0.011865117803903927,0.3154497255604901,0,1,0,6.943922081158062,6.943922081158062,13.112368037596784,0.5081024545043481
march,1.8800000000000001,0.0,0.0,0.0,-0.013161624324407607,0.002228848409546663,0.04006981795268849,-0.023825815194315803,0.010746295908181415,-0.01024857972800987,0.31621510235382677,0,0,0,6.990053474834853,6.990053474834853,13.018683262064723,5.994611752084632
march,1.9000000000000001,0.0,0.0,0.0,-0.015560790428275954,-0.0006608901683654247,0.03243779240000332,0.07371699269350888,0.0068745107629123925,-0.006874017962832091,0.3167717097521231,0,0,0,10.361234783292705,10.361234783292705,12.939832357319418,11.863529925504148
march,1.92,0.0,0.0,0.0,-0.02168896527313947,0.0010221718255590641,0.02717921472760536,0.10973252076512735,0.0019091195910648435,-0.003169452889500044,0.3171775499632206,0,0,0,10.260086558835543,10.260086558835543,12.892068722945698,12.700212347622001
march,1.94,0.0,0.0,0.0,-0.029573958565807912,0.0044697239916147765,0.028469392773318027,0.09017102523379282,-0.001875314181983598,0.0005218402047560705,0.3176185982871163,0,0,0,6.901126314071248,6.901126314071248,12.861393532310721,11.112776232897291
march,1.96,0.0,0.0,0.0,-0.03717719977484331,0.005194602588869382,0.02911443100576617,0.08113276261903757,-0.002667697412159539,0.003726565741780104,0.3181447962237265,0,0,0,6.89831611428668,6.89831611428668,12.862837060576972,6.717797171244223
march,1.98,0.0,0.0,0.0,-0.03828505465083921,0.0037580508666074457,0.016977187984569087,0.09612645199447935,-0.001151802383584269,0.0051540964754120105,0.3185609835490103,0,0,0,6.715343655545677,6.715343655545677,12.87269328479302,3.8558165013393335
march,2.0,0.0,0.0,0.0,-0.032052522473039025,0.0030934268640459804,0.004363710333940365,0.11762667356656067,0.0008585151521341029,0.003944190795090871,0.318731149311444,0,0,0,6.458159291097892,6.458159291097892,12.885669955650407,2.63163980692915
march,2.02,0.0,0.0,0.0,-0.018813092848394983,0.0039054970489284754,-0.009786865604625465,0.14525239310639992,0.00197402483072901,-0.00021849885565869043,0.31864345514569226,0,0,0,7.2063203513567196,7.2063203513567196,12.825958200484013,1.928039798663061
march,2.04,0.0,0.0,0.0,-0.005492657699912379,0.010464420689165475,-0.016560458284928723,0.15685973691872088,-0.0002292769819223716,-0.0062055542536738634,0.31837320481196035,0,0,0,7.754972354621728,7.754972354621728,12.625904431266378,2.6010431773442737
march,2.06,0.0,0.0,0.0,0.00612896814712834,0.022313637577429577,-0.01539459529514893,0.15556180297996824,-0.004831063040513902,-0.011970703596005262,0.3180786038389059,0,0,0,8.045282972529684,8.045282972529684,12.395102920760465,3.0406236368022816
march,2.08,0.0,0.0,0.0,0.015956620352729406,0.03497611608615088,-0.008835917044635476,0.1418053213171215,-0.010864737495939141,-0.01651841057549777,0.31788569081022944,0,0,0,8.064977873050859,8.064977873050859,12.179056204832545,3.5288445182349837
march,2.1,0.0,0.0,0.0,0.022115987272192498,0.04583420772778063,-0.005927106016193914,0.12662218606808992,-0.016410460143956373,-0.02037572523980887,0.3178127619036964,0,0,0,7.440615064892825,7.440615064892825,12.10073583316385,4.379431613307353
march,2.12,0.0,0.0,0.0,0.033876448848568955,0.036022930720112256,0.02069103013883588,0.1602972233644426,-0.010861442111450537,-0.019801776552531066,0.3180685066196883,0,0,0,5.548672401756488,5.548672401756488,12.136248958750222,4.536797402156297
march,2.14,0.0,0.0,0.0,0.04992917173726602,0.015124902910266498,-0.0075280612574831155,0.15404306720018793,0.002721303324510756,-0.014091320661029324,0.3183541612176711,0,1,0,4.694962373789482,4.694962373789482,12.021813915628062,6.572154022498549
march,2.16,0.0,0.0,0.0,0.03344831417344213,0.011319737956005509,0.010330574691043959,0.12286481140949765,0.0016650250110366023,-0.01004256518017827,0.3185194307381453,0,1,0,5.232047309966509,5.232047309966509,11.979478732890307,5.08167131294221
march,2.18,0.0,0.0,0.0,0.02288157106950373,0.0146050821566198,-0.005619497838667065,0.06686874850588713,-0.0011544704215588268,-0.007897264331489504,0.31851347923160117,0,0,0,5.775243814389732,5.775243814389732,11.944347378434106,4.5847513459743165
march,2.2,0.0,0.0,0.0,0.009471486221382809,0.023167564031893056,-0.02231046886443354,-0.06608424131631384,-0.0011378392754598466,-0.005424155478439218,0.31799218605536783,0,0,0,9.463786118288695,9.463786118288695,11.89523219978975,11.637587952043225
march,2.22,0.0,0.0,0.0,0.0006173422834354976,0.02633430082604851,-0.043642958356107146,-0.14977754319064157,-0.004099524362715767,-0.0032024094853160185,0.3170000324265843,0,0,0,9.282598746964819,9.282598746964819,11.83681936722115,13.068075197158228
march,2.24,0.0,0.0,0.0,0.0018043336302885683,0.025127431201256777,-0.04998072976090026,-0.13662376905893242,-0.0073973335785444275,-0.002476833784050898,0.31581533386770216,0,0,0,7.6655785763082624,7.6655785763082624,11.740189024877857,10.646092842114552
march,2.2600000000000002,0.0,0.0,0.0,0.002066730199776538,0.023632098860003597,-0.03605004305143962,-0.10059933207937885,-0.009988115927707172,-0.00205686848338691,0.31484920803381666,0,0,0,7.873595126642684,7.873595126642684,11.628861915110196,5.697107255240409
march,2.2800000000000002,0.0,0.0,0.0,-0.0011594171798618685,0.02345122534720619,-0.012847462583503586,-0.06283725773682039,-0.01239761710581667,-0.0007403145265774054,0.31434978380553336,0,0,0,7.762450198747658,7.762450198747658,11.500841818597596,2.8813958445465917
march,2.3000000000000003,0.0,0.0,0.0,-0.002153018730257901,0.02605188311689274,0.005433876162365039,-0.0318893471941366,-0.014793166199718405,0.0007278107678123443,0.31430904708122814,0,0,0,7.640911573420243,7.640911573420243,11.37130327021002,1.8270344995818473
march,2.32,0.0,0.0,0.0,0.0010666245849214283,0.028503683988960773,0.01189455250920781,-0.0011385095831734635,-0.016825664386341286,0.0015940421868777172,0.3145213261003685,0,0,0,7.532996744816155,7.532996744816155,11.256624864793299,1.66787293143959
march,2.34,0.0,0.0,0.0,0.0038210582504756654,0.02908516128865189,0.015361902752331954,0.020427510324205186,-0.017847044751789005,0.0017718664466868106,0.31485624825024255,0,0,0,7.441507002089232,7.441507002089232,11.14853767225829,2.9992124065740167
march,2.36,0.0,0.0,0.0,0.006396118541000495,0.028409362632686605,0.012809472289961599,0.033774336574721904,-0.01856636991711928,0.001740391717505786,0.3151881657530993,0,0,0,7.398216970356611,7.398216970356611,11.112981422592789,3.2006038060443855
march,2.38,0.0,0.0,0.0,0.010320064183343934,0.027013956260145574,0.006028478423007576,0.0414930120490153,-0.01890855832291393,0.0017099660926331737,0.31542203993294543,0,0,0,7.359648860063889,7.359648860063889,11.081676183828876,3.932151747630359
march,2.4,0.0,0.0,0.0,0.013378650450069298,0.02600991503015167,-0.004708050009946052,0.03738191435489297,-0.019383639211029403,0.001713309394628896,0.3155012060033175,0,0,0,6.914006790413546,6.914006790413546,11.051692208145855,4.912356783921009
march,2.42,0.0,0.0,0.0,0.0014384000117368461,0.018870037785671267,-0.0023638339944126703,0.04217866774281025,-0.015145424691991654,0.00045395528456369707,0.3154089225643076,0,0,0,5.699791610058101,5.699791610058101,11.036152939547755,7.6983549051916205
march,2.44,0.0,0.0,0.0,-0.004982215358518839,0.01432827093077395,0.06136660451606885,-0.04515831570029271,-0.008562771543279283,-0.002837542590037558,0.31609586651320865,0,1,0,4.522027977078462,4.522027977078462,11.05429159905841,9.054064656498014
march,2.46,0.0,0.0,0.0,-0.0019396639545027797,0.00958138631956712,0.06308087871772416,-0.06967560280072886,-0.006952613059976221,-0.003909437570999478,0.31743044571853546,0,1,0,4.877787088277523,4.877787088277523,11.098520790055176,0.7450393315327336
march,2.48,0.0,0.0,0.0,-0.0016446312719579413,0.00627395106037414,0.030424576085307475,-0.05527930119302082,-0.002095035828739055,-0.004081804173578098,0.3183045003460392,0,0,0,5.328290694206057,5.328290694206057,11.002741726633296,2.5480628933592877
march,2.5,0.0,0.0,0.0,-0.003444466103685881,0.0008699255433674432,0.002688481169992252,0.014778897772870595,0.0035025085902082006,-0.002421630960131199,0.31850905364444265,0,0,0,6.18417825598288,6.18417825598288,10.867881687053064,7.829079210414124
march,2.52,0.0,0.0,0.0,-0.0018397160820676501,-0.002535943369150546,-0.011228308687011822,0.018393316164827995,0.007832808675767734,0.0001802813330792102,0.3182765274445616,0,0,0,8.317679918774926,8.317679918774926,10.907302339302724,10.254231255846316
march,2.54,0.0,0.0,0.0,0.0020476780434036473,-0.0053310703837673706,-0.01779904428526079,0.0005451718301130209,0.010659952115863897,0.0017051849738905945,0.3178674093994921,0,0,0,6.863494951609491,6.863494951609491,10.844244962725622,9.750217035113598
march,2.56,0.0,0.0,0.0,0.004813046985000698,-0.008871410117342004,-0.014702465844747607,-0.005696266113510504,0.012392905882584427,0.0015768451259671654,0.3174693207600243,0,0,0,6.912443352450619,6.912443352450619,10.847614031993949,6.565486410392811
march,2.58,0.0,0.0,0.0,0.008639271085474722,-0.01116367333960583,-0.006606369232741776,-0.01643195866996094,0.012543670692206991,0.0004359576776005892,0.3172185874133207,0,0,0,6.850389398149973,6.850389398149973,10.906802538976258,3.8406998718789396
march,2.6,0.0,0.0,0.0,0.014406947112882627,-0.011990218332966531,0.0030844320302445606,-0.035816786425795194,0.011685277252965568,-0.0009657247240403232,0.31717480632188266,0,0,0,6.689573311813598,6.689573311813598,10.906311112693864,2.6146812032515268
march,2.62,0.0,0.0,0.0,0.02053093309672712,-0.01184953870382853,0.010927317005338685,-0.054884902556475934,0.010557303164004387,-0.0024949174604236746,0.3173347688026506,0,0,0,6.449728508651155,6.449728508651155,10.812943248539753,2.301244326931198
march,2.64,0.0,0.0,0.0,0.026244505985126225,-0.010844422814865484,0.010292174767362675,-0.057932421945376476,0.009677750010953336,-0.0040594901673890816,0.3175773279333048,0,0,0,6.251435048022463,6.251435048022463,10.657098345972653,3.3255642584049543
march,2.66,0.0,0.0,0.0,0.031236000587241203,-0.009582092507444342,0.00768884405469856,-0.05927998687789225,0.009301313199589913,-0.0052365235868740015,0.3177974343007693,0,0,0,6.158471584832092,6.158471584832092,10.463180504851628,3.9419835180639993
march,2.68,0.0,0.0,0.0,0.03576629031131665,-0.008953134265059861,0.00169799836619641,-0.05050489501633956,0.00944524823583599,-0.005882479843951402,0.317943837058355,0,0,0,6.1261276751333416,6.1261276751333416,10.284288508370388,3.758269549730827
march,2.7,0.0,0.0,0.0,0.03707881092997405,-0.011479342039482258,-0.00978569188643436,-0.01992545906745065,0.009968435303997733,-0.0063969598551493236,0.3179310024021451,0,0,0,6.154993238059632,6.154993238059632,10.220326027361146,4.4398592542311395
march,2.72,0.0,0.0,0.0,0.02548239657652391,-0.011883102305495911,-0.021585856148728454,0.007577034779496677,0.01008903425541192,-0.0073958661000916625,0.3176242794455268,0,1,0,5.709745481481034,5.709745481481034,10.264590974415164,5.94896682821972
march,2.74,0.0,0.0,0.0,0.015373079956600038,-0.021778429045435265,0.030565157943449297,0.08385332717685834,0.009154566044149772,-0.007047921272606489,0.31797262915632907,0,1,0,4.022366592401079,4.022366592401079,10.380252013784535,2.0297239323486984
march,2.7600000000000002,0.0,0.0,0.0,0.008455466881303624,-0.025796596565344745,0.011734925592407672,0.1084292770230406,0.007545779248858613,-0.005636578452386488,0.31841392258395745,0,1,0,4.612520948556374,4.612520948556374,10.36294031161314,0.34827692435275154
march,2.7800000000000002,0.0,0.0,0.0,-0.005078800613388151,-0.018533729670348924,-0.00938935680661993,0.04490312714810958,0.0050838684397917465,-0.0034048949347746053,0.31832250361335934,0,0,0,6.269577006330062,6.269577006330062,10.362682577120378,6.611120140909055
march,2.8000000000000003,0.0,0.0,0.0,-0.021486739837015805,-0.008211290938909052,-0.02291203434270844,-0.08276344713236782,0.0022455733310275516,-0.00022948043195198032,0.31770214180215295,0,0,0,12.166540596066383,12.166540596066383,10.356217658087111,14.767414354798682
march,2.82,0.0,0.0,0.0,-0.024831897860610838,-0.004622238329952264,-0.0503781998980604,-0.14881269479738096,-0.005114527385941757,0.002133774775372778,0.3165769200994276,0,0,0,11.138593403599222,11.138593403599222,10.334545317501874,15.40338641977544
march,2.84,0.0,0.0,0.0,-0.018758704108316548,-0.005399548968256555,-0.06093370708578951,-0.1383197561559481,-0.013195699479167657,0.0032019089364495935,0.3151918769318116,0,0,0,7.434461277829324,7.434461277829324,10.280730600843398,12.271118399306754
march,2.86,0.0,0.0,0.0,-0.017563673816805198,-0.0035943069287996997,-0.04740874750463429,-0.12279714688867291,-0.019356924443870868,0.005073260138484827,0.3140065581403078,0,0,0,7.569525067017332,7.569525067017332,10.198161900574824,5.905777999445365
march,2.88,0.0,0.0,0.0,-0.01833174003758557,0.0010523322987721249,-0.025480139095310772,-0.09592971834451892,-0.02375766883343691,0.007727406209205397,0.31327138844716446,0,0,0,7.496151271167489,7.496151271167489,10.104959118605223,2.9830419430613753
march,2.9,0.0,0.0,0.0,-0.017289957866967548,0.008010987082881707,-0.0028893367309897615,-0.05813111449627326,-0.02654508958623705,0.009698164603896582,0.3130182345468161,0,0,0,7.4122485954161785,7.4122485954161785,10.019540218101906,1.8135206911082287
march,2.92,0.0,0.0,0.0,-0.012492045123410147,0.013901491714550022,0.008486198440694873,-0.013182462102230771,-0.027823330031308095,0.010361558564647766,0.31313624099031917,0,0,0,7.317576439401432,7.317576439401432,9.939499493223433,1.8823593541237884
march,2.94,0.0,0.0,0.0,-0.007875362967587889,0.0166889752096182,0.01530046903266602,0.012575133089808756,-0.02759564153276109,0.009982976413150539,0.31344575948672526,0,0,0,7.247636612180183,7.247636612180183,9.865523470775315,3.054131836186617
march,2.96,0.0,0.0,0.0,-0.0035874336862210298,0.01737597244727044,0.015493349693851013,0.033708471026790046,-0.026851547757574593,0.009157500145350467,0.3138102007515012,0,0,0,7.2031829820872,7.2031829820872,9.852424225802,3.2358688209662567
march,2.98,0.0,0.0,0.0,0.0013699109126174486,0.016973130199568136,0.009598681275207504,0.050842632874380476,-0.025701091521103843,0.008326165733998808,0.314111541717927,0,0,0,7.15065770648529,7.15065770648529,9.842610043985296,3.9446527632074315
march,3.0,0.0,0.0,0.0,0.005830046444831184,0.016339246644584367,-0.0014996227642502828,0.051730480297574634,-0.02485053193807433,0.007552180565569773,0.31426094696806933,0,0,0,6.701918457074641,6.701918457074641,9.834454797305089,4.910368675887448
forward,3.02,0.30000000000000004,0.0,0.0,-0.007436902038389337,0.00674819156020037,0.010502238240764013,0.059443220091075596,-0.01765805835963265,0.0046915056714918425,0.31434947187892937,0,0,0,5.6906523659444215,5.6906523659444215,9.839772969749244,8.0639693932337
forward,3.04,0.30000000000000004,0.0,0.0,-0.011958221713043043,0.00397910788481611,0.07536071604604462,-0.015129503873930856,-0.010134720887417051,-0.000732304750861393,0.31532628920131295,0,1,0,4.1960859308111145,4.1960859308111145,9.880009312068509,9.421636542282249
forward,3.06,0.30000000000000004,0.0,0.0,-0.00217494589602585,0.0040750543340630375,0.07069009686690748,-0.05068034623191189,-0.010027035084004722,-0.003996416320502884,0.3168776362791333,0,1,0,4.578633343615228,4.578633343615228,9.925076669035604,1.0357764974664199
forward,3.08,0.30000000000000004,0.0,0.0,0.0053539658130350165,0.007348426932397569,0.03556907185619101,-0.049221889070772205,-0.010274645150205977,-0.0062103311278310785,0.31787196113365085,0,0,0,5.063854387993843,5.063854387993843,9.849416820679178,2.6699169633009845
forward,3.1,0.30000000000000004,0.0,0.0,0.006484714186143257,0.01082966832107171,0.0029328651175108294,0.048678849470376394,-0.007569616797610486,-0.006258868180672259,0.3180728749444366,0,0,0,5.607228225041453,5.607228225041453,9.72911349210396,6.054924203052369
forward,3.12,0.30000000000000004,0.0,0.0,0.009897018832173738,0.011013223890000163,-0.01916543055204699,0.10947784227842634,-0.0016057717344814873,-0.00534506305210433,0.31776621745541983,0,0,0,6.457830200446246,6.457830200446246,9.816199382522857,8.653867352358377
forward,3.14,0.30000000000000004,0.0,0.0,0.01671636756068294,0.011701698116047146,-0.027174963913416512,0.11881271513262423,0.005191123559061857,-0.004076900877305171,0.3172210491555735,0,0,0,6.536639612215582,6.536639612215582,9.82065511905024,8.3854746855709
forward,3.16,0.30000000000000004,0.0,0.0,0.02453678170503954,0.011778334943425244,-0.022957404241805594,0.10383385224989951,0.010843576349923145,-0.0023645991299095243,0.31669104594149666,0,0,0,6.976771317280299,6.976771317280299,9.876602373029812,5.459498484238024
forward,3.18,0.30000000000000004,0.0,0.0,0.03704880640000842,0.010283419940574778,-0.016425587527181918,0.058224909939360435,0.014433219902409058,-0.0006687009513375425,0.31628786460157976,0,0,0,7.283236692258493,7.283236692258493,9.891909637378951,3.280554598009667
forward,3.2,0.30000000000000004,0.0,0.0,0.056053854758753546,0.009249326474938422,-0.01394578087924589,-0.02027051231649314,0.015352843787038927,0.00012875857155267696,0.31598028956923463,0,0,0,7.473984038945718,7.473984038945718,9.853723318152458,2.552847224361384
forward,3.22,0.30000000000000004,0.0,0.0,0.08415240270648329,0.012716779697551245,-0.016636076255049603,-0.1263869767264982,0.013679847906022613,-0.0005086703672234452,0.3156856409821592,0,0,0,7.582848614566478,7.582848614566478,9.758512537259243,2.3883069718421543
forward,3.24,0.30000000000000004,0.0,0.0,0.12148155711630837,0.02030612952295819,-0.025289046086439834,-0.25793378033202813,0.008849429265902624,-0.0027855794446573733,0.31530593954009356,0,0,0,7.7103373919940745,7.7103373919940745,9.653995144619387,2.4207853602428857
forward,3.2600000000000002,0.30000000000000004,0.0,0.0,0.16549058584805829,0.03470259790535303,-0.03727364872734688,-0.3913050090793036,0.001673684246631354,-0.006635057384141933,0.31473115805089896,0,0,0,7.876414260273258,7.876414260273258,9.533551321930897,2.78007606688908
forward,3.2800000000000002,0.30000000000000004,0.0,0.0,0.2135022587570576,0.05580656471832649,-0.05601050189231883,-0.5102386766815016,-0.007592797911406446,-0.010997606988654526,0.3138607424479969,0,0,0,7.7125077910739845,7.7125077910739845,9.460936718189501,3.547614324568612
forward,3.3000000000000003,0.30000000000000004,0.0,0.0,0.25370898709811357,0.06435831859183028,-0.04879314395819134,-0.44783820814596587,-0.012172293760128154,-0.012680236751283271,0.31265397927589333,0,0,0,7.356749852971745,7.356749852971745,9.499046017298667,3.658116694134817
forward,3.3200000000000003,0.30000000000000004,0.0,0.0,0.29371737080019644,0.03533043267253963,-0.05501255284253282,-0.3053486074784491,0.0014172590547825595,-0.003894745790471883,0.31174225501422004,0,0,0,7.135524212480094,7.135524212480094,9.389041105313591,5.5271065636068855
forward,3.34,0.30000000000000004,0.0,0.0,0.3158671088366555,0.017044067820309677,-0.04019159528594237,-0.18991976878446673,0.012478132966624925,0.0026108653791307858,0.3104992575528493,0,1,0,7.610655518813071,7.610655518813071,9.286305383676215,3.4851000506456162
forward,3.36,0.30000000000000004,0.0,0.0,0.3218617046222364,0.019004053830587973,0.008607651549972326,-0.0806188041460992,0.010651916976409328,0.00042810340891881465,0.31026831536757704,0,1,0,7.886119013289887,7.886119013289887,9.19025341105305,4.21276972510046
forward,3.38,0.30000000000000004,0.0,0.0,0.31333099675463244,0.021034489984808155,0.02841553867005783,-0.1104343786933967,0.008226996833834222,-0.002768737647192602,0.31065862067840744,0,0,0,8.35122196795139,8.35122196795139,9.100359467241375,3.0309785979113832
forward,3.4,0.30000000000000004,0.0,0.0,0.308905856886382,0.022830850670419373,0.034161861188440314,-0.17129842768147585,0.0016662404199696854,-0.004611647740542059,0.31127153120489787,0,0,0,8.833261297069317,8.833261297069317,9.016149925309751,5.235565521094772
forward,3.42,0.30000000000000004,0.0,0.0,0.32028241468032703,0.02187199736498939,0.029934004824764954,-0.17423192802927012,-0.004970464583711368,-0.009948881870050948,0.3118565459742501,0,0,0,9.29848605734372,9.29848605734372,8.937196797260736,5.690120614720946
forward,3.44,0.30000000000000004,0.0,0.0,0.32981125466171796,0.01765430092496218,0.040386703462134854,-0.15349036518534684,-0.008800774216997091,-0.01742723115934456,0.31261072398099654,0,0,0,9.258795040644431,9.258795040644431,8.857345858602564,4.739010739117861
forward,3.46,0.30000000000000004,0.0,0.0,0.334368144971221,0.014699249722604718,0.057943746608368055,-0.12915119655977195,-0.010664821143554173,-0.02344289374471263,0.3137765829715169,0,0,0,8.649274433794895,8.649274433794895,8.766964443071856,3.2139921011263106
forward,3.48,0.30000000000000004,0.0,0.0,0.33549251925230666,0.014970839967564676,0.06352369566666707,-0.13417267954298795,-0.010944810389338467,-0.02684839280005119,0.31524264348607106,0,0,0,7.622272844690128,7.622272844690128,8.6967306429481,2.7913212196945882
forward,3.5,0.30000000000000004,0.0,0.0,0.34063879376889566,0.015023208513952687,0.051242282687876006,-0.13906019893038252,-0.010368549080286322,-0.028214486561175027,0.3166518029505839,0,0,0,6.598788574458901,6.598788574458901,8.63712267349787,2.9177635228759637
forward,3.52,0.30000000000000004,0.0,0.0,0.3509082170304235,0.01370809169866108,0.020315010285011946,-0.1374572976869729,-0.009731551210456121,-0.02807842317040916,0.31759239483714924,0,0,0,5.943489351016659,5.943489351016659,8.594887923530578,2.9321109745109406
forward,3.54,0.30000000000000004,0.0,0.0,0.3652513810021511,0.011486312178233175,-0.01604890883434902,-0.10600180767711206,-0.00895350917171057,-0.026405559428634418,0.31781500576839766,0,0,0,5.65514153898507,5.65514153898507,8.63811724949246,3.516910042920279
forward,3.56,0.30000000000000004,0.0,0.0,0.37702802169007243,0.014892604098493568,-0.03270341835240742,-0.07969632993955561,-0.009571463563499753,-0.023270756438458644,0.31742636597302765,0,0,0,5.495069985428804,5.495069985428804,8.693184822461554,4.438003351674832
forward,3.58,0.30000000000000004,0.0,0.0,0.3802616696891433,0.027450316730505873,0.020902127338611923,-0.019921366234005346,-0.018345163199084934,-0.01463296246040275,0.31736559896314154,0,1,0,5.8805078558527315,5.8805078558527315,8.753291928834408,4.883090772034722
forward,3.6,0.30000000000000004,0.0,0.0,0.3670828998674977,0.020124271959358817,0.08279758019795687,0.021198553317856732,-0.016207671013197096,-0.011683325619130162,0.3186939120962826,0,1,0,5.9215589317444275,5.9215589317444275,8.84877372300586,1.5967169348118124
forward,3.62,0.30000000000000004,0.0,0.0,0.3470974218474249,0.015273985040097205,0.07085396258226416,0.07591608326058998,-0.015508881694961186,-0.010880738461461134,0.3203710464861926,0,0,0,6.419625637946938,6.419625637946938,8.799172604716201,1.5197860110458106
forward,3.64,0.30000000000000004,0.0,0.0,0.32513007751544754,0.01781690975233277,0.04195207342108538,0.18405153541620223,-0.012615920704872257,-0.011259284838164303,0.3214606693525525,0,0,0,10.055515574969375,10.055515574969375,8.733461670610236,10.362819948731289
forward,3.66,0.30000000000000004,0.0,0.0,0.3100345459814506,0.018729060982272363,0.010307998440972953,0.1958392586163648,-0.009507578436762809,-0.013785845350578106,0.32200731682933337,0,0,0,15.12553881018226,14.0,8.671676353932899,15.864408495268693
forward,3.68,0.30000000000000004,0.0,0.0,0.3194888912015855,0.02286199403834988,-0.009589768604933943,0.16929241206481807,-0.005391373126090465,-0.02051670446503849,0.3220807199228864,0,0,0,13.439467186888791,13.439467186888791,8.514558506605201,17.599595657307574
forward,3.7,0.30000000000000004,0.0,0.0,0.3373662473614626,0.026995772500070427,-0.0015355418079504336,0.17731375561289037,-0.0007032542203479655,-0.028106122796629524,0.3220757683926203,0,0,0,10.386682632588936,10.386682632588936,8.13456188420476,16.95476010642191
forward,3.72,0.30000000000000004,0.0,0.0,0.34957591577895514,0.02720630058522273,0.02880462458570414,0.18502454574287835,0.0029268319574012433,-0.03310539215524591,0.32260374354363286,0,0,0,9.453170093328401,9.453170093328401,7.98137473095456,10.289850361799104
forward,3.74,0.30000000000000004,0.0,0.0,0.34622931770204973,0.02453019500097546,0.05974961412756709,0.1651852603101265,0.004623692219242633,-0.03520367038452964,0.3238452235294994,0,0,0,8.530378392729009,8.530378392729009,7.991290644461376,6.919082661098253
forward,3.7600000000000002,0.30000000000000004,0.0,0.0,0.3385473833541716,0.018827685990059528,0.07280985535522722,0.15966915953978644,0.004453436008732229,-0.035060751836554396,0.3255293089482373,0,0,0,7.435840559011136,7.435840559011136,8.07618676200186,5.811489750159202
forward,3.7800000000000002,0.30000000000000004,0.0,0.0,0.335390733195271,0.012743244323257265,0.06197714245285055,0.18520877700664728,0.0038978881981930266,-0.0340155473051281,0.3272136369712464,0,0,0,6.513876233588023,6.513876233588023,8.183433963776192,3.86280240874214
forward,3.8000000000000003,0.30000000000000004,0.0,0.0,0.33598994181224834,0.00875864105885348,0.025589577766390995,0.22125595509344437,0.0026707860767575687,-0.03188137779969829,0.32838954080449057,0,0,0,5.744672372696854,5.744672372696854,8.297234522600576,3.770284901816857
forward,3.8200000000000003,0.30000000000000004,0.0,0.0,0.3371739156567323,0.005182574747313877,-0.03774414312980578,0.2632843142138126,0.0008858691908059604,-0.028064899819042723,0.328512168916601,0,0,0,4.700812682182505,4.700812682182505,8.370538688953918,4.356221681590503
forward,3.84,0.30000000000000004,0.0,0.0,0.33660744014062494,0.0014379448875610561,-0.12586868707202944,0.29702215499163276,0.00013129488205239408,-0.022731741323503737,0.32705612809239076,0,0,0,4.646761318228863,4.646761318228863,8.452157246526678,5.955096903555784
forward,3.86,0.30000000000000004,0.0,0.0,0.3304348093921165,-0.02056455955503837,-0.17385269313937254,0.34245359558668265,0.008754898077686446,-0.013342739863699448,0.32409762452964025,0,0,0,5.204624073412801,5.204624073412801,8.549364627235047,6.341071532468465
forward,3.88,0.30000000000000004,0.0,0.0,0.30935220699407084,-0.03324374516699272,-0.17366650754067584,0.17824256489509552,0.0180148281526006,-0.0019951254568385227,0.3203880707582766,0,1,0,7.801590107527565,7.801590107527565,8.501560204134012,6.114464820224591
forward,3.9,0.30000000000000004,0.0,0.0,0.2440320489465926,-0.03233031377298338,-0.07607034510917084,0.11079092933311342,0.012833536628897392,0.0009040338684827663,0.31810686113183007,0,0,0,9.276388405432593,9.276388405432593,8.459356970413786,3.835750587442059
forward,3.92,0.30000000000000004,0.0,0.0,0.19529737699348448,-0.02211075001146645,-0.05128174725459692,0.19304697663765125,0.0035760844728614898,0.000699803729878227,0.3167787732092865,0,0,0,10.011061959382062,10.011061959382062,8.413529458063365,11.166122760487195
forward,3.94,0.30000000000000004,0.0,0.0,0.19289397331291114,-0.01780035802191312,-0.04034789826060956,0.22003156321293593,-0.0029982960588427286,-0.005631862802288862,0.31581630621017487,0,0,0,9.621340330930467,9.621340330930467,8.370305031028376,12.497235039729397
forward,3.96,0.30000000000000004,0.0,0.0,0.20552217146594554,-0.023535924580159764,-0.02039433232364492,0.1873264921115812,-0.008810900775691898,-0.015500127001354313,0.3151725748230217,0,0,0,10.0352500833851,10.0352500833851,8.306936124499206,9.9910603130106
forward,3.98,0.30000000000000004,0.0,0.0,0.20615014320655858,-0.027236946883630826,0.01596902655367282,0.16594200186015748,-0.011157869457821299,-0.023986445153820996,0.3152252975913453,0,0,0,9.486342523743357,9.486342523743357,8.196862426763733,4.5865745095256205
forward,4.0,0.30000000000000004,0.0,0.0,0.19583821203370552,-0.024740351052369703,0.04671983690203366,0.12856094181791886,-0.010999621615401523,-0.02963393455226898,0.3160704505065069,0,0,0,8.431414726768871,8.431414726768871,8.09481587510852,2.741086477223643
forward,4.0200000000000005,0.30000000000000004,0.0,0.0,0.1827290517502335,-0.018952928235565727,0.05646937588663094,0.05403489111351007,-0.009529150268711898,-0.03386928831298613,0.3173365920205415,0,0,0,7.263716888001182,7.263716888001182,8.039566267498959,2.9941943875488706
forward,4.04,0.30000000000000004,0.0,0.0,0.1731771838004705,-0.014774943168441851,0.04195242537864492,-0.01557671516536863,-0.008064922460735646,-0.03729266154789603,0.3185154078027917,0,0,0,6.553158999781795,6.553158999781795,8.016903928299879,3.1552388217851153
forward,4.0600000000000005,0.30000000000000004,0.0,0.0,0.1709721726068042,-0.014127656759737017,0.010746800956043523,-0.05218374665817851,-0.0060361754734517895,-0.03957208297029589,0.3191969437171673,0,0,0,6.314859028174543,6.314859028174543,8.045436897409974,3.171868435279098
forward,4.08,0.30000000000000004,0.0,0.0,0.17652956523869562,-0.017254456726035976,-0.022904885720123218,-0.051919105271233675,-0.0032552868446374295,-0.040528838990497904,0.3192147105585128,0,0,0,6.441315581076775,6.441315581076775,8.086083346509291,3.9481467505589096
forward,4.1,0.30000000000000004,0.0,0.0,0.18053452546276993,-0.012591643345632172,-0.0273036143995563,-0.12570495967241352,-0.004847726285328559,-0.038443178514589685,0.31872137430523645,0,0,0,5.934792662676796,5.934792662676796,8.124676391063456,4.309785814621543
forward,4.12,0.30000000000000004,0.0,0.0,0.20773035036398504,0.007376177079057831,-0.05903037271414521,-0.11495251808396603,-0.018855624818969977,-0.02927594996711563,0.31813620254183383,0,1,0,5.21154135097503,5.21154135097503,8.166313479936157,4.1837217080908555
forward,4.14,0.30000000000000004,0.0,0.0,0.22115483361591612,-0.0010913390362714925,-0.012696706944650117,-0.12609006255445823,-0.016147915105542938,-0.025399690800945923,0.3176433796648537,0,1,0,7.119059703129994,7.119059703129994,8.255275213559745,3.8518349183947986
forward,4.16,0.30000000000000004,0.0,0.0,0.23298818305231966,-0.009445351081217737,-0.008537584453553139,-0.10613430478875305,-0.01115183820223569,-0.02539061524011109,0.31760047032474015,0,1,0,7.583363899452086,7.583363899452086,8.25046875179482,1.7802014181626116
forward,4.18,0.30000000000000004,0.0,0.0,0.22686207119261365,-0.01254799189143376,-0.015585686693868953,-0.025073381479308862,-0.00664326866239322,-0.023439074108498163,0.3174846702783278,0,0,0,8.09785072230823,8.09785072230823,8.216358006353271,4.157832789885688
forward,4.2,0.30000000000000004,0.0,0.0,0.22028113196557544,-0.013669683858589566,-0.020346010947629556,0.012288444722731003,-0.002610057331338266,-0.021139436579386977,0.31720334108023024,0,0,0,8.742565154415603,8.742565154415603,8.184124667259848,7.3854280185925365
forward,4.22,0.30000000000000004,0.0,0.0,0.22441073211134202,-0.006840050617560495,-0.016670257531428805,-0.040860008772665844,-0.0023157792903544783,-0.023305859631868913,0.3168840345378805,0,0,0,9.489577787523144,9.489577787523144,8.233326721735008,7.417877457762273
forward,4.24,0.30000000000000004,0.0,0.0,0.22559451663673652,0.0033118220383510756,0.004221342286354296,-0.08474193329396955,-0.004960352211297946,-0.028335867008451924,0.3168605391084945,0,0,0,9.880456806574921,9.880456806574921,8.310927003598671,5.334070274889779
forward,4.26,0.30000000000000004,0.0,0.0,0.22569267179951352,0.011818836573974988,0.028533902369472494,-0.08406305978168528,-0.007673839335166965,-0.03469854061782175,0.3173560624697873,0,0,0,9.914201164085961,9.914201164085961,8.345524729490663,3.217493970120251
forward,4.28,0.30000000000000004,0.0,0.0,0.23285842864800857,0.020495900087891622,0.038807766393067704,-0.02780659007811532,-0.010232501775548068,-0.042159310472537216,0.3182394189152859,0,0,0,9.87056266018396,9.87056266018396,8.317731659143607,2.628498839947036
forward,4.3,0.30000000000000004,0.0,0.0,0.24955412712411987,0.033689723742697644,0.02600108705503351,0.0546612056625279,-0.014479959565250966,-0.050722494707094126,0.31913683047935143,0,0,0,9.724965929957824,9.724965929957824,8.279889458545309,2.1904501236585032
forward,4.32,0.30000000000000004,0.0,0.0,0.2698310982919778,0.05509851631421662,0.003207010099287212,0.09881302302318798,-0.021936528985804064,-0.05875817450669248,0.31972062453139544,0,0,0,9.667799765418696,9.667799765418696,8.244151389867245,2.3296238833805343
forward,4.34,0.30000000000000004,0.0,0.0,0.2907962741117446,0.08125686215209613,-0.023225123830211816,0.08657471915906742,-0.03187465795453807,-0.06446122587634653,0.31983804667522037,0,0,0,9.23071500557408,9.23071500557408,8.142802370313039,2.615505843877352
forward,4.36,0.30000000000000004,0.0,0.0,0.3041776755795968,0.09061000211902057,-0.011617860600850453,0.14715580608797246,-0.034069811043091335,-0.06474766392987778,0.31973792039718824,0,0,0,8.397724501947142,8.397724501947142,8.057517788325569,2.781894705426192
forward,4.38,0.30000000000000004,0.0,0.0,0.33345338932957924,0.08771863718838092,-0.024445428799229306,0.15937389627534676,-0.025455671846578393,-0.056651162749041466,0.31977209552053154,0,0,0,7.126414956266567,7.126414956266567,7.995617882800442,3.5881807806094557
forward,4.4,0.30000000000000004,0.0,0.0,0.3692326515478201,0.07384766528115902,-0.06628427372934345,0.16551872991464658,-0.012698888239455046,-0.045138023763007254,0.31917934491634065,0,0,0,6.024306052106109,6.024306052106109,7.99565159594518,4.016412148450003
forward,4.42,0.30000000000000004,0.0,0.0,0.39437667255227654,0.05043705805069473,-0.11555844880031614,0.0989533416704553,0.00047443145505491236,-0.03201852130664864,0.31753782126403785,0,1,0,5.950107629576268,5.950107629576268,8.052235942070116,4.015954060373673
forward,4.44,0.30000000000000004,0.0,0.0,0.37978641390179174,0.04950432487257467,-0.05564288653466541,0.01712877109698179,-0.006532839385156903,-0.027124433538774955,0.31615725315145715,0,1,0,7.809972852408919,7.809972852408919,8.067313024062678,3.5081748261109715
forward,4.46,0.30000000000000004,0.0,0.0,0.34716295205513564,0.05400126623744934,-0.04330539027312729,-0.01655854939081384,-0.01064393827472695,-0.026149032840444782,0.3153189474133789,0,0,0,8.69133042850016,8.69133042850016,8.04316612806663,7.661474310156812
forward,4.48,0.30000000000000004,0.0,0.0,0.3401001575646913,0.057485467280619505,-0.039735775813973785,0.008441856789151166,-0.011483394093714103,-0.029727727823895083,0.3144676744924213,0,0,0,10.06243358258888,10.06243358258888,8.010132099001229,9.46267768494794
forward,4.5,0.30000000000000004,0.0,0.0,0.34168082202692807,0.05462298828932269,-0.021985149587499943,0.053132205417073156,-0.01279789495893138,-0.03643198786151145,0.313950184018374,0,0,0,10.398498812423032,10.398498812423032,7.923040179546252,7.762407766552755
forward,4.5200000000000005,0.30000000000000004,0.0,0.0,0.3366353409750337,0.05101745248196168,0.012206264856009487,0.09697567054809784,-0.014287349586567992,-0.042569368371336694,0.3141152841715839,0,0,0,9.909006573331704,9.909006573331704,7.796085934223413,3.9319079825485193
forward,4.54,0.30000000000000004,0.0,0.0,0.3252858008671124,0.04979913639083681,0.04263696539273518,0.12358963978361855,-0.015181050437573115,-0.04647588311887986,0.31502005556837864,0,0,0,8.821893049001835,8.821893049001835,7.680223271035743,2.8356048042834368
forward,4.5600000000000005,0.30000000000000004,0.0,0.0,0.31265019024429147,0.052337311369175465,0.04984785277665356,0.14283742697198126,-0.016536218839096596,-0.04836231923575456,0.3163133736709131,0,0,0,7.619062581333051,7.619062581333051,7.611022736876361,2.441536718158811
forward,4.58,0.30000000000000004,0.0,0.0,0.30467549296557617,0.054363905330169285,0.032702213656760876,0.12850719419720114,-0.018325320884692665,-0.04868902342379653,0.3174827640777361,0,0,0,6.720206813222746,6.720206813222746,7.595730154397788,2.3145231286608015
forward,4.6000000000000005,0.30000000000000004,0.0,0.0,0.30067339169922347,0.0549227807854105,-0.004020127655163935,0.1034193108081842,-0.019920681214737664,-0.046900547696892704,0.31805061362057235,0,0,0,6.2297195566660495,6.2297195566660495,7.595942508926079,2.4440634849084306
forward,4.62,0.30000000000000004,0.0,0.0,0.3023112345687474,0.053468209007093065,-0.05138240457684197,0.09323365784326139,-0.021033899083885234,-0.042492013141407756,0.317719439178894,0,0,0,6.099435335740698,6.099435335740698,7.640925214783554,3.2405011049654435
forward,4.64,0.30000000000000004,0.0,0.0,0.3061386277115687,0.05623751791165727,-0.08140903228378472,0.04596540775920169,-0.024279342245042822,-0.033843134922084774,0.31646393783308285,0,0,0,5.960143576116632,5.960143576116632,7.692717549109034,3.701185491472322
forward,4.66,0.30000000000000004,0.0,0.0,0.3316157169410512,0.06783281030700561,-0.11852519427594667,0.11888698983378063,-0.03486327482605282,-0.01894027369388264,0.31466679180756807,0,1,0,5.159092148016295,5.159092148016295,7.742522582541216,4.327104626735798
forward,4.68,0.30000000000000004,0.0,0.0,0.3235952951733077,0.03900660482876319,-0.017409775809441152,0.025514352096139774,-0.02821147246546516,-0.009333804864995403,0.31341389429644817,0,1,0,7.927416082897169,7.927416082897169,7.816970656014316,5.499469892432212
forward,4.7,0.30000000000000004,0.0,0.0,0.31010224758141125,0.011989190377016392,0.03191659354940878,-0.07195654579517934,-0.01933298629656613,-0.005199910888245994,0.3137700358239054,0,1,0,7.8349460094232,7.8349460094232,7.873699455418805,3.0412016135374906
forward,4.72,0.30000000000000004,0.0,0.0,0.2819707371206311,-0.0011887580785544072,0.04372081401735623,-0.10855097086120423,-0.011410672706717973,-0.003009944313536743,0.31464808651062914,0,0,0,7.851180840525655,7.851180840525655,7.870724725462054,7.753204848760016
forward,4.74,0.30000000000000004,0.0,0.0,0.27825942817676463,-0.0075011476191542345,0.027960999270511853,-0.10600426591599241,-0.0021618893326721626,-0.00424234961992021,0.31537402903299205,0,0,0,7.263416641325116,7.263416641325116,7.960078760092124,7.973616485916604
forward,4.76,0.30000000000000004,0.0,0.0,0.2912199289962753,-0.005462027632871006,0.022889237384860442,-0.10228434066945115,0.00596346842680537,-0.009932204534563926,0.315846857760646,0,0,0,8.214206274794154,8.214206274794154,8.02805012398672,6.604660589833136
forward,4.78,0.30000000000000004,0.0,0.0,0.3015983525323878,-0.002224020825689859,0.03512203582719104,-0.10606749269022824,0.010775708407987732,-0.016097568909529052,0.316477538919031,0,0,0,8.51426104350181,8.51426104350181,8.050305190847446,4.4752813439829895
forward,4.8,0.30000000000000004,0.0,0.0,0.3107556725248344,-0.0039361359007790975,0.04469615215861406,-0.06054794668871232,0.013094857542566963,-0.021651087871430243,0.31741913726750426,0,0,0,8.295606406971652,8.295606406971652,8.007665163052007,3.218546424400677
forward,4.82,0.30000000000000004,0.0,0.0,0.31870733205750296,-0.005164067869119159,0.04281771332935518,0.008785195642108511,0.012709956421753184,-0.02692433102070997,0.31849038871161994,0,0,0,7.731996637334034,7.731996637334034,7.971375889556818,2.715325281891718
forward,4.84,0.30000000000000004,0.0,0.0,0.3278052078283603,-0.003687454052327486,0.030260170312779132,0.04923048785204113,0.009608847884920097,-0.030880604617202916,0.31945382117283017,0,0,0,7.098548356312301,7.098548356312301,7.952334409507692,2.804708455923299
forward,4.86,0.30000000000000004,0.0,0.0,0.34016952312611043,2.359562238466918e-05,0.004351677478392657,0.050768400411282284,0.003394418259326657,-0.03291751574421709,0.3200342363616347,0,0,0,6.6132447501584615,6.6132447501584615,7.949340178402423,2.7896526541714697
forward,4.88,0.30000000000000004,0.0,0.0,0.35464138771990683,0.004774187777438764,-0.028846781284487203,0.02102073354348246,-0.005868749305673874,-0.032814206693377465,0.3200113083873568,0,0,0,6.187563944498506,6.187563944498506,7.945845507934642,3.4724647210032935
forward,4.9,0.30000000000000004,0.0,0.0,0.36071976243843856,-0.0021353699967151976,-0.02734770004317904,0.09939019395597623,-0.006901117570887055,-0.027027459077453724,0.3196115819868055,0,0,0,5.166310260923563,5.166310260923563,7.943084684232108,4.238503481558745
forward,4.92,0.30000000000000004,0.0,0.0,0.37708105524837743,-0.02336950699192244,-0.06239935695368969,0.1445371875347048,0.003333155507931563,-0.014169519538400949,0.3189309788086382,0,0,0,4.106718235642393,4.106718235642393,7.925533981964275,5.884897855316892
forward,4.94,0.30000000000000004,0.0,0.0,0.3605145419559314,-0.0295150862430314,-0.044085253964896924,0.12747062041966034,0.0077906036823246405,-0.0026148988908302265,0.3176944811056339,0,1,0,5.971872252023054,5.971872252023054,7.908904729933756,6.6870165783048705
forward,4.96,0.30000000000000004,0.0,0.0,0.3204156964309093,-0.025948392530208673,-0.02045395058900264,0.09441325944691199,0.00253915675936934,0.001226499457255747,0.3171843910036892,0,1,0,6.855545045294282,6.855545045294282,7.89314617595161,1.6841419391690478
forward,4.98,0.30000000000000004,0.0,0.0,0.27727784002961897,-0.022840200159566382,-0.027891730292125178,0.1251474163135723,-0.005238098847153806,0.0006826230178432963,0.3166849870915377,0,0,0,7.508952129157845,7.508952129157845,7.878210602345035,8.170385070662133
forward,5.0,0.30000000000000004,0.0,0.0,0.2752963229771856,-0.020016144566544693,-0.05207834995292348,0.10717566002233839,-0.014437020971903034,-0.006098668229474216,0.3158351151042114,0,0,0,9.50368296057916,9.50368296057916,7.864053120558154,11.273434884797961
forward,5.0200000000000005,0.30000000000000004,0.0,0.0,0.2842240212672352,-0.019017919101498422,-0.05111630533676433,0.04545708530453672,-0.024443237109901275,-0.016297137265986576,0.3148466679633295,0,0,0,10.85460160215016,10.85460160215016,7.805925951412963,9.962421049891967
forward,5.04,0.30000000000000004,0.0,0.0,0.2840295941608783,-0.018043046333188317,-0.01776794621572602,-0.006013359653508673,-0.030169617598643415,-0.02507623888772556,0.31435221791375667,0,0,0,10.935265815547336,10.935265815547336,7.659045879385566,7.113190704181571
forward,5.0600000000000005,0.30000000000000004,0.0,0.0,0.2740700025259183,-0.014426165266362943,0.0242112744350258,-0.03807277352459693,-0.031363380255263425,-0.0307444838998437,0.31470859559805064,0,0,0,9.939799395412567,9.939799395412567,7.488751588206473,4.0184551644265145
forward,5.08,0.30000000000000004,0.0,0.0,0.2603528647794068,-0.007075457169349841,0.04329328103087778,-0.07283305024230469,-0.03062028385340994,-0.034496587217657915,0.31569708929122187,0,0,0,8.594922042292826,8.594922042292826,7.361850279352719,2.8174373404906428
forward,5.1000000000000005,0.30000000000000004,0.0,0.0,0.25089900711700835,-0.0006120935727490025,0.03592517796632529,-0.11063457900519755,-0.030217425551138204,-0.037772080017977674,0.3167512438892422,0,0,0,7.626646248014511,7.626646248014511,7.305948446909412,2.5521203649896833
forward,5.12,0.30000000000000004,0.0,0.0,0.24612059575149062,0.00400463881948561,0.009671872004342219,-0.13248078664538993,-0.029595737627986698,-0.03977044319847886,0.3174326503284046,0,0,0,7.020282676082668,7.020282676082668,7.2984088903862805,2.85618459542468
forward,5.14,0.30000000000000004,0.0,0.0,0.2458926006018329,0.007100237179322495,-0.022443020539329075,-0.12529448890695558,-0.028752675407418608,-0.03988266293234048,0.3175026813395568,0,0,0,6.827711293999104,6.827711293999104,7.317290957389567,3.6228923640627113
forward,5.16,0.30000000000000004,0.0,0.0,0.2515940923292648,0.007073929302547919,-0.05733120465034108,-0.09926889394621036,-0.027772205218002468,-0.03780592061579518,0.31691772532901885,0,0,0,6.754933231641632,6.754933231641632,7.346896581141863,4.592653042104736
forward,5.18,0.30000000000000004,0.0,0.0,0.25838248311576184,0.010432893075125538,-0.058299000574947156,-0.0673566038471991,-0.03296945347477255,-0.03125666720116485,0.3158475583863217,0,1,0,6.1797034237939785,6.1797034237939785,7.3785408449927665,5.472693063761046
forward,5.2,0.30000000000000004,0.0,0.0,0.2574554800554308,-0.005037423431735674,0.016121419179220053,-0.03654099860934429,-0.02776249720352728,-0.026908657229677852,0.31571273508681436,0,1,0,6.200432875094723,6.200432875094723,7.422929059533256,2.08043494025804
forward,5.22,0.30000000000000004,0.0,0.0,0.24954408587274066,-0.01365519379780958,0.046750491075947906,-0.051054894171045355,-0.023561775166549077,-0.02309748081310191,0.31657878280760177,0,0,0,6.767073028372466,6.767073028372466,7.50252277326576,1.121561888861421
forward,5.24,0.30000000000000004,0.0,0.0,0.22895973912930995,-0.00865235811848868,0.042221075161682164,-0.040914001532135216,-0.019843601500929297,-0.01799236592078588,0.3175094991297194,0,0,0,8.152967846022932,8.152967846022932,7.530662839149482,10.095575633637218
forward,5.26,0.30000000000000004,0.0,0.0,0.208691029058435,-0.005136455573885993,0.020013493634232778,-0.0738600170551514,-0.014694658489269905,-0.013887990439432141,0.31802975639756514,0,0,0,11.328953530137252,11.328953530137252,7.534092988626334,14.7224377857778
forward,5.28,0.30000000000000004,0.0,0.0,0.20653098982431495,-0.004647018405059918,0.005828489127932082,-0.11955978988911192,-0.008993688725294605,-0.012238911798239558,0.3181577543233481,0,0,0,7.771393694579832,7.771393694579832,7.537354358495701,14.066079442647087
forward,5.3,0.30000000000000004,0.0,0.0,0.20487740118101233,-0.0049839373151878445,0.013779394997468462,-0.13689745504698678,-0.0035262937262150354,-0.011525005930464472,0.31835004005535517,0,0,0,7.383192956217818,7.383192956217818,7.652536502137341,8.755657622494487
forward,5.32,0.30000000000000004,0.0,0.0,0.20172446978414413,-0.009205988623295738,0.029643971122959842,-0.11270051918565398,0.0014306253241457905,-0.011700834416570263,0.31886923068249545,0,0,0,7.494801217887849,7.494801217887849,7.784720784579786,4.132460555940227
forward,5.34,0.30000000000000004,0.0,0.0,0.20251977688612527,-0.01426719882891221,0.036752362392111014,-0.051828401564302025,0.005036600389178566,-0.013837503234072375,0.31966203734561177,0,0,0,7.645878139978075,7.645878139978075,7.878582456161556,2.732222524949256
forward,5.36,0.30000000000000004,0.0,0.0,0.21352451907302938,-0.013909646212514067,0.028183406597728933,0.027718099905814968,0.005722263114330153,-0.018337535376190234,0.3204518331418073,0,0,0,7.9523132771952545,7.9523132771952545,7.904945279127514,2.8273186530055083
forward,5.38,0.30000000000000004,0.0,0.0,0.2340494383375712,-0.0058712311094651585,0.0047809207371131935,0.09825413228274557,0.002583778327539223,-0.02444283807631346,0.32092534926815075,0,0,0,8.360157968261536,8.360157968261536,7.889393699623106,3.5098288453371067
forward,5.4,0.30000000000000004,0.0,0.0,0.26055452343971364,0.00906253738235008,-0.021148594864785424,0.10903313106329278,-0.005603893282548927,-0.03027779010934536,0.32093769742100564,0,0,0,8.489481089844334,8.489481089844334,7.874653791711058,4.585229051021165
forward,5.42,0.30000000000000004,0.0,0.0,0.288576275863444,0.03008150309174487,-0.050842436569050506,0.09551365630865637,-0.01673400819461174,-0.03460567030005444,0.32048587616611385,0,0,0,8.386299665814942,8.386299665814942,7.898400212988818,5.869920568030326
forward,5.44,0.30000000000000004,0.0,0.0,0.3105395314606191,0.0276754505505926,-0.02434637682085746,0.214004983964364,-0.012063213108185266,-0.03087586786070542,0.3201256258187924,0,0,0,7.047126637394291,7.047126637394291,7.923967909796804,4.195852088873367
forward,5.46,0.30000000000000004,0.0,0.0,0.3485168034372933,0.017030591031693285,-0.06024619693582838,0.23826190538707842,0.0016713798487738684,-0.02159877493946087,0.3195044305978606,0,0,0,5.208733578993496,5.208733578993496,7.922152779464675,5.506862725138018
forward,5.48,0.30000000000000004,0.0,0.0,0.3566102931784664,0.014343833275653512,-0.0494777775337,0.1930853229870937,0.009407046291232709,-0.012701566232093784,0.31821555679690083,0,1,0,6.6936787150588755,6.6936787150588755,7.9678623072218535,10.16661958264232
forward,5.5,0.30000000000000004,0.0,0.0,0.33804517147474844,0.02486184496387408,-0.016600191447132425,0.10998640028162779,0.004340498669486866,-0.011576936245829826,0.3177657274764817,0,1,0,7.1191787222365726,7.1191787222365726,7.949006336832376,1.9279027178822712
forward,5.5200000000000005,0.30000000000000004,0.0,0.0,0.3110484760435058,0.03462658206616311,-0.03748085957771832,-0.006968310077394154,-0.00038507067834544654,-0.01286632971822903,0.31732943860921864,0,0,0,8.078640015649171,8.078640015649171,7.931144153569484,3.3614356996863095
forward,5.54,0.30000000000000004,0.0,0.0,0.31012680861519915,0.03578868675148981,-0.05021593781118393,-0.10353329382009607,-0.00570918220891916,-0.01825816991830741,0.3164964347744178,0,0,0,9.724143555887546,9.724143555887546,7.914220635258083,4.0283035822778075
forward,5.5600000000000005,0.30000000000000004,0.0,0.0,0.31032654395240933,0.032368053817125035,-0.033416718301046824,-0.12459682260897971,-0.009476512890763233,-0.024957056547685902,0.31575135298931184,0,0,0,10.235777317660864,10.235777317660864,7.83875642094473,3.9632123338471854
forward,5.58,0.30000000000000004,0.0,0.0,0.3027630679662934,0.031154337524341196,0.005929430983747883,-0.11049067357300917,-0.011949451725154213,-0.030240499426849785,0.31567131644138896,0,0,0,9.834718571572523,9.834718571572523,7.7187088792277585,3.129751201479589
forward,5.6000000000000005,0.30000000000000004,0.0,0.0,0.2888847074635348,0.03476417979533313,0.043576569381856375,-0.11613347352982745,-0.014101505656754502,-0.033363411140284745,0.3164399361920077,0,0,0,8.678391408827006,8.678391408827006,7.606589609385537,2.6513865967542127
forward,5.62,0.30000000000000004,0.0,0.0,0.2731475257292713,0.04317735784179357,0.05760086037962856,-0.13985168211714658,-0.016947425508662035,-0.03519622948589884,0.31772460461874014,0,0,0,7.404538046671881,7.404538046671881,7.5448645112461215,2.628515139188283
forward,5.64,0.30000000000000004,0.0,0.0,0.2609545273142091,0.05004263232960276,0.045953615921752324,-0.1502996192717113,-0.020638254696285992,-0.03587874773801228,0.319001209882663,0,0,0,6.497017020428405,6.497017020428405,7.5390974105162485,2.5574621462173264
forward,5.66,0.30000000000000004,0.0,0.0,0.2551490097914633,0.05634517563753588,0.01623758621424102,-0.14152822974501014,-0.0239517069089491,-0.03491133691805504,0.3198154009580075,0,0,0,6.064462415040132,6.064462415040132,7.557603609284744,3.1405679981795736
forward,5.68,0.30000000000000004,0.0,0.0,0.25605462574646826,0.060032561793254904,-0.02401467457453289,-0.11710467801177803,-0.02634076009996165,-0.03190070192797935,0.3198832299288013,0,0,0,5.9075310148039994,5.9075310148039994,7.6080119253104534,3.811032121009393
forward,5.7,0.30000000000000004,0.0,0.0,0.2627200458471302,0.05985843343356471,-0.0721800955717926,-0.08767667742269085,-0.0279944775374783,-0.026176059078138886,0.3190409963196122,0,0,0,5.805897101759274,5.805897101759274,7.665493855469883,4.63098913794582
forward,5.72,0.30000000000000004,0.0,0.0,0.2529790700046144,0.052676556324088276,-0.06839753826131735,-0.11273279647266879,-0.028476220833754874,-0.016874005938631777,0.31740241915975065,0,1,0,6.514508953518327,6.514508953518327,7.724607683368827,4.825083133898845
forward,5.74,0.30000000000000004,0.0,0.0,0.23743348440394615,0.02619213694228968,0.00014000849094165544,-0.1302510927547552,-0.023382646539730503,-0.011668140109731523,0.31693269653981787,0,1,0,6.743084455223272,6.743084455223272,7.803655879332336,2.109994401928226
forward,5.76,0.30000000000000004,0.0,0.0,0.2189237835162924,0.005942573909281266,0.025965993455444168,-0.11184881554670277,-0.018653629390546666,-0.008810194835454198,0.3172795441286645,0,0,0,7.064653608248751,7.064653608248751,7.821313795356414,4.324476766582635
forward,5.78,0.30000000000000004,0.0,0.0,0.19199626804032213,0.002975251768537647,0.017594444803198387,-0.09629193336472743,-0.014006371587814637,-0.007034242072190493,0.3176517730387423,0,0,0,7.792007429683917,7.792007429683917,7.810103469066117,10.042282471873275
forward,5.8,0.30000000000000004,0.0,0.0,0.18630273512277942,0.00462235327779644,0.0019907324606728135,-0.14342188777269738,-0.00906562744118279,-0.007566608546793199,0.31776313200990025,0,0,0,7.592185145344133,7.592185145344133,7.799470655913215,10.63116414344703
forward,5.82,0.30000000000000004,0.0,0.0,0.18772617811946574,0.008800680524120015,0.002065361886832834,-0.18261468168333642,-0.006514831768099247,-0.01121892094278317,0.3177937209607255,0,0,0,8.206483921712293,8.206483921712293,7.789384645069667,7.83590433827661
forward,5.84,0.30000000000000004,0.0,0.0,0.18671383019439206,0.012370948356949239,0.015106215427821697,-0.18119469899385673,-0.005540476884417356,-0.017008227512437527,0.31804623316498504,0,0,0,8.628970910737069,8.628970910737069,7.908679120575279,4.533915325781986
forward,5.86,0.30000000000000004,0.0,0.0,0.18577087136556922,0.016438478261027192,0.029666756560970814,-0.12934744987811303,-0.006073182532808978,-0.024498454635699538,0.3186344830699899,0,0,0,8.960678991188956,8.960678991188956,8.041445807797952,3.1064007833457588
forward,5.88,0.30000000000000004,0.0,0.0,0.19207190915570735,0.02317208393928139,0.03271188379316548,-0.050899584880648316,-0.00842587809381242,-0.033482478381896025,0.3194415636624524,0,0,0,9.205263025680031,9.205263025680031,8.054310843508684,2.61786841060088
forward,5.9,0.30000000000000004,0.0,0.0,0.20688471695090413,0.037079483912767226,0.01852973435783703,0.03150617597803399,-0.013152638751666673,-0.04387263155032577,0.32016437756069,0,0,0,9.427465460084427,9.427465460084427,7.9816424967345085,2.562018578860547
forward,5.92,0.30000000000000004,0.0,0.0,0.22547209425453152,0.05942538133094478,-0.0051214976025169626,0.09391676633836957,-0.02120718383864881,-0.053669894367298715,0.3205302808286078,0,0,0,9.541818956769127,9.541818956769127,7.899018914882301,3.739149906921197
forward,5.94,0.30000000000000004,0.0,0.0,0.2409325757752174,0.08168855952237891,-0.021273179748207513,0.1556929455735292,-0.03218774933407258,-0.060858247568889516,0.3204663439307449,0,0,0,9.257551527940796,9.257551527940796,7.807340319399909,4.27220696263927
forward,5.96,0.30000000000000004,0.0,0.0,0.26422260281922477,0.08391086794867153,0.003657229120641533,0.18739837436176768,-0.030627275586533276,-0.059824152065428446,0.32067895797668805,0,0,0,7.9089310188790645,7.9089310188790645,7.727017694692389,3.646640113713917
forward,5.98,0.30000000000000004,0.0,0.0,0.30184057352259486,0.0784648138089424,-0.018109898996360164,0.17897502869533763,-0.023552814877227074,-0.05340720842290419,0.3208585186697602,0,0,0,6.047688475369826,6.047688475369826,7.691928403656085,4.37454355648395
forward,6.0,0.30000000000000004,0.0,0.0,0.33791272611875556,0.05965040835426714,-0.06378502609086918,0.1328349466130528,-0.013552308300279587,-0.043928752155646865,0.3203211293451322,0,0,0,7.094331466337379,7.094331466337379,7.731227434252514,4.34307761605694
backward,6.0200000000000005,-0.30000000000000004,0.0,0.0,0.35439846894324417,0.03470794922563139,-0.10386804340590818,0.017996818768266788,-0.004155362122895353,-0.03286190265278489,0.3187051754583261,0,1,0,6.952671473719597,6.952671473719597,7.787950669320175,5.8646059174831455
backward,6.04,-0.30000000000000004,0.0,0.0,0.3349430729034326,0.024514341589224935,-0.07145473859141102,-0.07766875276234418,-0.010705374072190566,-0.02936497378046213,0.31724246170422965,0,0,0,8.024987246737258,8.024987246737258,7.7784560312484565,2.8605028976316746
backward,6.0600000000000005,-0.30000000000000004,0.0,0.0,0.30710695252891335,0.025721316702223926,-0.06261130179107927,-0.05269833193896585,-0.012114033465193307,-0.02606920791047425,0.3159104929468804,0,0,0,8.3017786766026,8.3017786766026,7.76944797302767,9.728144917018483
backward,6.08,-0.30000000000000004,0.0,0.0,0.3044899464539445,0.02686841204279831,-0.04590085386743338,0.07999857807172893,-0.007441239667032808,-0.025645219113623337,0.31477002644102187,0,0,0,8.711315298816329,8.711315298816329,7.841664722536219,10.350120481119491
backward,6.1000000000000005,-0.30000000000000004,0.0,0.0,0.30020606747638395,0.023695369485938273,-0.007070604419893829,0.21869449364497578,-0.002241433668796129,-0.026555398941120474,0.3143372622266539,0,0,0,7.9713696223532216,7.9713696223532216,7.944067350555169,7.363741804885482
backward,6.12,-0.30000000000000004,0.0,0.0,0.2767734855397406,0.022604927237118877,0.037681060549297735,0.33069522275695024,0.0010274028838320338,-0.024831587014455297,0.31479793186247795,0,0,0,6.487919720529747,6.487919720529747,7.913408902497107,3.4930665401919145
backward,6.140000000000001,-0.30000000000000004,0.0,0.0,0.23675727900035123,0.032249938427838215,0.07929097321364195,0.38121772858824365,-0.0006550986356551916,-0.019097804278755903,0.3161279906238435,0,0,0,6.596647305426816,6.596647305426816,7.897414740532692,1.7160011615326363
backward,6.16,-0.30000000000000004,0.0,0.0,0.18622465826117418,0.052545930786794925,0.09645655570178491,0.3774888965291214,-0.009914736763597687,-0.010205374156289517,0.31803257024237447,0,0,0,7.479143865119921,7.479143865119921,7.97415991184382,1.7530807540325364
backward,6.18,-0.30000000000000004,0.0,0.0,0.13676048888343503,0.07670281148773775,0.07254848045691782,0.3071754875287156,-0.024713723486291556,0.0011960841858384074,0.31979614241310117,0,0,0,7.817298240520551,7.817298240520551,8.08867296387286,3.0560206346937693
backward,6.2,-0.30000000000000004,0.0,0.0,0.08987880887451369,0.1048413652890235,0.012511352304034103,0.17958936912386383,-0.04339661853505598,0.014156678863996939,0.3205634203316736,0,0,0,8.032333145323793,8.032333145323793,8.111349711746815,4.56229829970759
backward,6.22,-0.30000000000000004,0.0,0.0,0.039890405333570515,0.1004875323861205,0.011797008058441,-0.08359478238616512,-0.04248529099029195,0.01798430159395556,0.3208408317484895,0,0,0,8.360888780746972,8.360888780746972,8.084833297678955,5.931266532396167
backward,6.24,-0.30000000000000004,0.0,0.0,-0.014338545701947614,0.07847883345092443,-0.034010440630778245,-0.2965714127705023,-0.02941494790623732,0.010591976543232528,0.3206468521527433,0,0,0,9.249078115345714,9.249078115345714,8.164635278382633,8.042163796912313
backward,6.26,-0.30000000000000004,0.0,0.0,-0.05150196757946786,0.06181286837930022,-0.07954869073672072,-0.4972214615951416,-0.003947602326144669,-0.007321145063912978,0.31913096529401974,0,0,0,11.081391584262299,11.081391584262299,8.199210789380437,13.983925695600764
backward,6.28,-0.30000000000000004,0.0,0.0,-0.06576612068440327,0.06429979785297693,0.0017535794067796747,-0.6606848674435568,0.005086837734167428,-0.011026781876994053,0.31850123934427027,0,0,0,9.281053430019574,9.281053430019574,8.167917432795686,12.990738879422079
backward,6.3,-0.30000000000000004,0.0,0.0,-0.08370027259814186,0.04343646571951739,0.06957082855698428,-0.6780720626661847,0.011513775738146608,-0.005728587540141462,0.3194027803689048,0,0,0,7.014438847481102,7.014438847481102,8.079237393347931,10.65257555839361
backward,6.32,-0.30000000000000004,0.0,0.0,-0.10484876451633031,0.0070893413846954394,0.10889023817048464,-0.6151152966890633,0.018715641828646754,-0.0014542111767821436,0.32137288644172246,0,0,0,7.310298778049551,7.310298778049551,8.054450496859083,7.286615100149124
backward,6.34,-0.30000000000000004,0.0,0.0,-0.12049425178509822,-0.031665137164532196,0.1049497694238313,-0.4476407286122435,0.024454117461454775,-0.0031994516406792096,0.32362573077013745,0,0,0,6.978341708553467,6.978341708553467,8.092480013359488,4.4455700962741895
backward,6.36,-0.30000000000000004,0.0,0.0,-0.13282009416711887,-0.05808366784618547,0.07600762255214018,-0.23227353962625735,0.02656174766809574,-0.009976384772721954,0.32543512195959223,0,0,0,6.525192458437073,6.525192458437073,8.195315175634331,4.434158962760561
backward,6.38,-0.30000000000000004,0.0,0.0,-0.14414471392671352,-0.06516146659522602,0.039062667643492845,-0.06893009193774861,0.025276186546411797,-0.016377382960473665,0.32655188731014523,0,0,0,6.303596191032994,6.303596191032994,8.317328663565647,3.1902563421191976
backward,6.4,-0.30000000000000004,0.0,0.0,-0.15660148458486925,-0.05912974593954585,-0.015322993610298714,0.0424288567031546,0.02378331047300906,-0.018351867902564968,0.3267331444159467,0,0,0,5.98357222408135,5.98357222408135,8.406132048868272,3.16871484295395
backward,6.42,-0.30000000000000004,0.0,0.0,-0.17084816688996227,-0.050098730444368085,-0.08826461185419045,0.07944461737264198,0.025829886047709888,-0.014206253519394104,0.3256549967317118,0,0,0,4.929343261416414,4.929343261416414,8.452728040212378,4.378896261558592
backward,6.44,-0.30000000000000004,0.0,0.0,-0.18599863028978153,-0.04234306685623862,-0.175556301667546,0.07417330921391947,0.031628771604957355,-0.0046562848616480395,0.32288843309036064,0,0,0,5.239301398337968,5.239301398337968,8.527526629569735,5.984022652001091
backward,6.46,-0.30000000000000004,0.0,0.0,-0.21843471334534154,0.012681240623596357,-0.15902986240639166,0.08491995465840589,0.020387681996619975,-0.002507322298358154,0.3197047068205303,0,0,0,6.968035953612107,6.968035953612107,8.55851515539775,8.220844632724548
backward,6.48,-0.30000000000000004,0.0,0.0,-0.24624661942125442,0.06465832794459067,-0.15315808580313484,0.09980893354370445,0.0015599478272144776,-0.013066279564405328,0.31647950144448417,0,0,0,9.69948983269281,9.69948983269281,8.59261547806403,11.752211545139561
backward,6.5,-0.30000000000000004,0.0,0.0,-0.2580538927661693,0.07422946332426958,-0.0364998730217697,0.16042204182716407,-0.004853103336407335,-0.01802280015253058,0.3146806273166752,0,0,0,9.17772242880344,9.17772242880344,8.562237853080248,5.4937251996817125
backward,6.5200000000000005,-0.30000000000000004,0.0,0.0,-0.2685558150145014,0.08252685963684032,0.05168935775480611,0.24986034075853958,-0.014180017420780119,-0.018248735509716493,0.31474920287195557,0,0,0,9.273238275948115,9.273238275948115,8.493490282741433,5.996888388409037
backward,6.54,-0.30000000000000004,0.0,0.0,-0.27771426757200673,0.09641244621051166,0.10792981875960522,0.28115054057169553,-0.02398804484860066,-0.016330814612227778,0.3162836932871965,0,0,0,8.871661201014014,8.871661201014014,8.408465272753915,5.166306166143493
backward,6.5600000000000005,-0.30000000000000004,0.0,0.0,-0.2845325285371757,0.11204084760493269,0.11254201356905558,0.21286653095666058,-0.03128272470048014,-0.014603805938853387,0.31842565204127093,0,0,0,7.386378718597577,7.386378718597577,8.33891426543866,2.8627952911904795
backward,6.58,-0.30000000000000004,0.0,0.0,-0.2896901452968928,0.12332167252468623,0.0712388922638692,0.10442394663047054,-0.03601737262938995,-0.013838441901196851,0.32009442616264716,0,0,0,6.822255588647849,6.822255588647849,8.2998888356016,2.315990771007564
backward,6.6000000000000005,-0.30000000000000004,0.0,0.0,-0.29379420541924206,0.12331021828242494,0.013155878717870346,0.032399034523118736,-0.03837504230386515,-0.011637924854777576,0.3207386770819456,0,0,0,6.821053440159323,6.821053440159323,8.321625902869162,3.125246689032296
backward,6.62,-0.30000000000000004,0.0,0.0,-0.29717785148874903,0.11682299006016775,-0.04035239884037127,0.0212596982507659,-0.0402986743542867,-0.005808528787711239,0.32028372836462277,0,0,0,7.068843748089517,7.068843748089517,8.343268008134526,3.498105794082078
backward,6.640000000000001,-0.30000000000000004,0.0,0.0,-0.2975331867968586,0.11007072529889084,-0.10241939336753103,0.06128848788310563,-0.045794029204356414,0.0033182642186655436,0.31882906174471337,0,0,0,6.829333470710919,6.829333470710919,8.356840510582263,4.051795665977027
backward,6.66,-0.30000000000000004,0.0,0.0,-0.29566301876802004,0.056404656603063576,-0.06973615532294052,-0.0075260113822332095,-0.03630993217025326,0.005459607391302344,0.31722544142652753,0,0,0,6.881892708451726,6.881892708451726,8.377487381175452,7.488971697304234
backward,6.68,-0.30000000000000004,0.0,0.0,-0.29235093585808686,-0.01771512852030091,-0.07282444631529321,0.033997716329525,-0.015422680209052105,-0.005697415737195237,0.31603005828129677,0,0,0,14.788038786101199,14.0,8.423601937200491,16.16742934418692
backward,6.7,-0.30000000000000004,0.0,0.0,-0.26803397846849314,-0.029091365866468686,0.03838440191525799,-0.1073810178809443,-0.012019221572143898,-0.013148562380181392,0.31590063050884415,0,0,0,7.59032949989309,7.59032949989309,8.478863417488146,12.809715860364303
backward,6.72,-0.30000000000000004,0.0,0.0,-0.2662083911110491,-0.03598005995537901,0.10073627135138238,-0.18642315435782766,-0.012156954649499766,-0.013213039452561958,0.3172529197096473,0,0,0,6.607576268313546,6.607576268313546,8.55339320234322,9.186664347041766
backward,6.74,-0.30000000000000004,0.0,0.0,-0.2870204456439547,-0.047306660720707217,0.14217373690112983,-0.2689160326074077,-0.006162632206701824,-0.00803502677897986,0.3195552386688065,0,0,0,6.305687849208943,6.305687849208943,8.65455998652082,7.560646391288568
backward,6.76,-0.30000000000000004,0.0,0.0,-0.3089702405852219,-0.07072933011296313,0.15500364253259785,-0.27009955965513993,0.005371624381492002,-0.0015833059458566715,0.3224927489830854,0,0,0,5.427939911018691,5.427939911018691,8.71437269932952,5.239916837147192
backward,6.78,-0.30000000000000004,0.0,0.0,-0.3213768851166752,-0.09534988857458175,0.1281914731980201,-0.18884625135330058,0.018468613833526923,0.0012432890176331955,0.3252762519491367,0,0,0,4.215840207749974,4.215840207749974,8.755469713467516,2.999975162991985
backward,6.8,-0.30000000000000004,0.0,0.0,-0.32435178159527817,-0.11193524476291634,0.07760634548762473,-0.06756003672119072,0.027412693151946867,0.00038843355938036244,0.32720533605737945,0,0,0,4.841945878424156,4.841945878424156,8.692373971907777,2.453696298304138
backward,6.82,-0.30000000000000004,0.0,0.0,-0.32246752460681577,-0.11709217835984863,0.024136718836273684,0.005710570092609814,0.030726265745003783,-0.0011363763020592482,0.328062289296888,0,0,0,5.507354624825159,5.507354624825159,8.633023452339266,3.2479953568634876
backward,6.84,-0.30000000000000004,0.0,0.0,-0.32147425832069737,-0.11268632440105426,-0.03219804671340109,0.022142194011291277,0.030899430618347476,-0.0005845322882349106,0.3278352836886258,0,0,0,5.432602038980911,5.432602038980911,8.577163188692733,4.030711844712363
backward,6.86,-0.30000000000000004,0.0,0.0,-0.32206749159784176,-0.10649648404202981,-0.1005500007142454,-0.007208140257586134,0.03301083934664291,0.002846003592656879,0.3263816834427586,0,0,0,4.923586430107419,4.923586430107419,8.52455917116944,4.993172036744122
backward,6.88,-0.30000000000000004,0.0,0.0,-0.31535250022172484,-0.10235697138368371,-0.1973222732606116,-0.07992726495401571,0.0383336499248099,0.008361087352564297,0.32324183823204555,0,0,0,5.360413911364697,5.360413911364697,8.474996226318705,7.09420972369454
backward,6.9,-0.30000000000000004,0.0,0.0,-0.31548160560552035,-0.06870920354157739,-0.22357736873840164,-0.15757151773312345,0.036482122855589466,0.010158215122750867,0.31853784422405845,0,0,0,9.689819457501438,9.689819457501438,8.428276156120383,11.316368644740892
backward,6.92,-0.30000000000000004,0.0,0.0,-0.3261977369705859,-0.012270141221956528,-0.17792850318395922,-0.15820208176662245,0.02283615349629533,-0.0014254339444404868,0.31415044796426395,0,0,0,8.106338001018589,8.106338001018589,8.384216099090022,15.370866885207858
backward,6.94,-0.30000000000000004,0.0,0.0,-0.33481303254186645,0.019502513895583565,-0.04337007638762687,-0.09301434120313683,0.02093391726298253,-0.009097905282303956,0.3121642162551568,0,0,0,8.997975930418674,8.997975930418674,8.0071485219821,5.669270073750331
backward,6.96,-0.30000000000000004,0.0,0.0,-0.3585368180639092,0.0278534429023434,0.03911737533191628,0.08293946894432067,0.01740824954381007,-0.017141971465954135,0.31205233961546247,0,0,0,7.246101235306485,7.246101235306485,7.986212421906568,5.839470345255114
backward,6.98,-0.30000000000000004,0.0,0.0,-0.38789673748293235,0.042121128251898496,0.07555159684078487,0.16726230426817643,0.009802321770023823,-0.023607330704263046,0.3131184769344172,0,0,0,5.516387103550182,5.516387103550182,7.966386462113139,4.816239698520889
backward,7.0,-0.30000000000000004,0.0,0.0,-0.41087944853313485,0.05330565448386918,0.07212640073078434,0.1991273176811363,0.002491607585001167,-0.029994355512538592,0.31435347263856805,0,0,0,6.305110230550864,6.305110230550864,7.947608382319576,2.9301927254710063
backward,7.0200000000000005,-0.30000000000000004,0.0,0.0,-0.4212446224125467,0.05364351554609256,0.05345493245583616,0.21533331196089345,0.0018642400037153525,-0.03342813303082484,0.31535613950409697,0,0,0,6.936003522501064,6.936003522501064,7.9298197584178425,2.9589710978461747
backward,7.04,-0.30000000000000004,0.0,0.0,-0.4256365834220392,0.044035106441604674,0.002363686443864005,0.23377728776034856,0.005339690932110622,-0.03386145229239845,0.31570494245293673,0,0,0,7.0658055775856505,7.0658055775856505,7.9543719911385296,6.477321847810122
backward,7.0600000000000005,-0.30000000000000004,0.0,0.0,-0.4053895637418819,0.046992244795458264,-0.028127373396941623,0.24433175834659013,-0.0007714745116535665,-0.027168864515552754,0.31532264250050945,0,0,0,6.872894195358097,6.872894195358097,7.966688048207757,3.499118922493329
backward,7.08,-0.30000000000000004,0.0,0.0,-0.3650771853301866,0.0416516038049455,-0.08319693885959753,0.36963740114423127,-0.01311225392184364,-0.015806155786810654,0.31386527877325787,0,1,0,6.359561082630202,6.359561082630202,7.985344944693207,3.940052388341632
backward,7.1000000000000005,-0.30000000000000004,0.0,0.0,-0.3189132948156882,0.013447772934775157,-0.027907584024898305,0.29188976152714924,-0.013036977445431872,-0.012053944170901769,0.3126705746276148,0,0,0,7.6512157396290545,7.6512157396290545,8.028894026232464,3.4464457690406114
backward,7.12,-0.30000000000000004,0.0,0.0,-0.2853462176015012,0.0009747718627235736,0.04403741999892063,0.1768887390041974,-0.015195972030600864,-0.016126241227344074,0.3127667822403865,0,0,0,8.46080120527286,8.46080120527286,8.109216879539531,4.232947378615187
backward,7.140000000000001,-0.30000000000000004,0.0,0.0,-0.27560439653407887,0.0042139766597251846,0.10408348100873631,0.018172585835007648,-0.021582495574836068,-0.022502757153764187,0.3141980802105713,0,0,0,8.133830246147497,8.133830246147497,8.254214256212528,5.169159173972953
backward,7.16,-0.30000000000000004,0.0,0.0,-0.2929696998238992,0.008430902773482886,0.1462167254862678,-0.017500176110251335,-0.03059376457189464,-0.026641668494407137,0.3166653029764244,0,0,0,6.980280416034691,6.980280416034691,8.339515671572418,5.183237956043855
backward,7.18,-0.30000000000000004,0.0,0.0,-0.31682034097159,0.00796319781356843,0.15775883495042892,0.0073210853968525644,-0.03879585761416031,-0.02750883292505257,0.31961013504305286,0,0,0,5.724754266090777,5.724754266090777,8.473326365391454,4.041085935717314
backward,7.2,-0.30000000000000004,0.0,0.0,-0.33329564700153635,0.007108498258968894,0.13765822491315424,0.04569607043017048,-0.0424038034610877,-0.029105439670010193,0.32243167397531686,0,0,0,5.288002548966153,5.288002548966153,8.594361292478151,2.926558186900998
backward,7.22,-0.30000000000000004,0.0,0.0,-0.3405918447368812,0.012330369430467497,0.09142209189773004,0.09417368067078849,-0.04221616577237903,-0.034008372039728126,0.3245241674621094,0,0,0,5.704700287486936,5.704700287486936,8.65394296689384,3.482921891951617
backward,7.24,-0.30000000000000004,0.0,0.0,-0.34017332997546706,0.03054997364513299,0.02604524316092583,0.10881134056279056,-0.041058486870700565,-0.0404305851218042,0.32542820823067753,0,0,0,6.382243678655785,6.382243678655785,8.679228231047961,4.701451890192772
backward,7.26,-0.30000000000000004,0.0,0.0,-0.3369158259076869,0.061499216755589475,-0.05022760565996675,0.06243765599796812,-0.041233353118660436,-0.044377819130455715,0.32485918250564627,0,0,0,6.879045830095146,6.879045830095146,8.688964080339659,6.039744688599699
backward,7.28,-0.30000000000000004,0.0,0.0,-0.3302468351202989,0.0827926036654137,-0.09706952057690243,0.006354634622010602,-0.03845196295762556,-0.042085738804664534,0.3228982451416381,0,0,0,6.39943177358139,6.39943177358139,8.776386915609969,6.9727617688206855
backward,7.3,-0.30000000000000004,0.0,0.0,-0.29725950185010214,0.07591879687531686,-0.15472031834210306,-0.12585609588189067,-0.022123604627286606,-0.029709183060920612,0.3201139549605778,0,0,0,5.874164424734815,5.874164424734815,8.712041642236372,3.8180005156513555
backward,7.32,-0.30000000000000004,0.0,0.0,-0.2524271814186803,0.04518746644445156,-0.22367827673216004,-0.22335180949472624,-0.0004777035325742632,-0.011985353475626856,0.3159509761372756,0,0,0,7.0577968710895505,7.0577968710895505,8.651527541847663,4.669516684191276
backward,7.34,-0.30000000000000004,0.0,0.0,-0.22759471251692834,0.04977580705220138,-0.13444151071644816,-0.08289917513780148,-0.007513548574982413,-0.0024905666466547394,0.312430965123068,0,0,0,9.080497518828262,9.080497518828262,8.594582484167738,4.672389222921881
backward,7.36,-0.30000000000000004,0.0,0.0,-0.2329686750856109,0.06629269915732049,-0.03420308983974561,0.04522009167705631,-0.02173178495735138,0.0003100837361655632,0.31088758103133013,0,0,0,9.492150114235857,9.492150114235857,8.537786796818068,4.854194132372515
backward,7.38,-0.30000000000000004,0.0,0.0,-0.24919745743459654,0.0907401514006342,0.06075347741586388,0.13345198601104064,-0.03507908633372015,0.001220412773271977,0.311294952777511,0,0,0,9.407106060135149,9.407106060135149,8.437743778002389,4.747277631515953
backward,7.4,-0.30000000000000004,0.0,0.0,-0.2588209192154723,0.11469598439843148,0.11485226375898393,0.12065921099067478,-0.047409114246143975,-0.0013632703347447117,0.3131446859901132,0,0,0,8.820414610798828,8.820414610798828,8.341321559612172,4.429214454996577
backward,7.42,-0.30000000000000004,0.0,0.0,-0.265816330999642,0.13212719894090974,0.1233841621672383,0.03875153429389379,-0.05630854753012528,-0.006387262951147849,0.3154862411729611,0,0,0,8.12293287937899,8.12293287937899,8.270195671736289,3.1621320774943804
backward,7.44,-0.30000000000000004,0.0,0.0,-0.2750395760097029,0.13925818317340002,0.09998902838979289,-0.03322360292045068,-0.06111564738194,-0.010703474179685164,0.3175694373254462,0,0,0,7.67455159658971,7.67455159658971,8.231528925774253,3.655937735275331
backward,7.46,-0.30000000000000004,0.0,0.0,-0.2851158209803552,0.1358331131298064,0.044183411868977715,-0.06286474166632162,-0.0631145373821166,-0.010964455759227153,0.3188246831096421,0,0,0,7.264161134579751,7.264161134579751,8.213708216226248,6.095589706736725
backward,7.48,-0.30000000000000004,0.0,0.0,-0.29464337795350154,0.12413174063648771,-0.032520041620570365,-0.048423110934239705,-0.0656369913582143,-0.00494968580510408,0.31878244410150397,0,0,0,7.697736886317591,7.697736886317591,8.210373256994483,9.441483929019446
backward,7.5,-0.30000000000000004,0.0,0.0,-0.3017522907831909,0.11031871910393777,-0.12309045223271052,0.033388753545909144,-0.07124733552401931,0.007373918142078845,0.31721795524117635,0,0,0,15.356859485694336,14.0,8.219094203652894,16.936406592780386
backward,7.5200000000000005,-0.30000000000000004,0.0,0.0,-0.3155291900566164,0.06587457187056645,-0.14046435854923883,0.03759367068699659,-0.06903535243000346,0.020462503700830543,0.3145840234921002,0,0,0,16.279496950330596,14.0,8.236853786432249,17.10353791091176
backward,7.54,-0.30000000000000004,0.0,0.0,-0.3343644696821088,-0.009124542432459755,-0.13131909372818115,0.08014266430775102,-0.0483861866502422,0.019875955581073145,0.3122105873179971,0,0,0,19.00329768697568,14.0,8.283550701069263,18.404258207530393
backward,7.5600000000000005,-0.30000000000000004,0.0,0.0,-0.3395094930335945,-0.05734111046972413,-0.04038140827942509,0.11392863854085156,-0.02908017162585853,0.014264656469968617,0.31057839450869457,0,0,0,9.307314077365538,9.307314077365538,8.308325565640938,18.27024080444494
backward,7.58,-0.30000000000000004,0.0,0.0,-0.3415071320540292,-0.05950923394677672,0.029270898169261886,0.016006785548126762,-0.024902121695791948,0.017058528011550018,0.3106887209819995,0,0,0,8.098917311718523,8.098917311718523,8.411659030245637,5.741771079540657
backward,7.6000000000000005,-0.30000000000000004,0.0,0.0,-0.3521600984047394,-0.054661327748930705,0.10085661995995548,-0.10726088338364978,-0.018103525859147034,0.02876324941343238,0.3123091396016702,0,0,0,7.8382878087238765,7.8382878087238765,8.515814465691559,4.216362822708001
backward,7.62,-0.30000000000000004,0.0,0.0,-0.3671810804676099,-0.07456228190253396,0.09881196312327772,-0.09910101799941856,-0.0050483620696139455,0.041892729123502226,0.31473930301596403,0,0,0,7.311976398758743,7.311976398758743,8.627780366246323,3.5020709108668315
backward,7.640000000000001,-0.30000000000000004,0.0,0.0,-0.3734293747126004,-0.09812098570821626,0.05061463130798374,0.0021938111595958994,0.01128510491526911,0.04703351876251303,0.3165719581841053,0,0,0,5.959055047375061,5.959055047375061,8.574594842476934,3.7118494402249538
backward,7.66,-0.30000000000000004,0.0,0.0,-0.3645558158270421,-0.11179763598770083,-0.014592708535836305,0.13930602942347473,0.022819572161296736,0.0462602507107987,0.31723282256363383,0,0,0,5.174911467297177,5.174911467297177,8.522139872803532,5.303305782812141
backward,7.68,-0.30000000000000004,0.0,0.0,-0.3474086495092857,-0.11027738863363815,-0.0689877871625899,0.20163120626215722,0.027525443211428406,0.042616747927578504,0.31668553695977675,0,0,0,6.7825343893404835,6.7825343893404835,8.531347540446138,8.310235444069733
backward,7.7,-0.30000000000000004,0.0,0.0,-0.33116691731209835,-0.0938238146762157,-0.09303870296825416,0.187423798561316,0.024736494073770182,0.037788580676015864,0.3153239006667861,0,0,0,12.609726558427624,12.609726558427624,8.602864700076712,14.123826116592019
backward,7.72,-0.30000000000000004,0.0,0.0,-0.31861124945854047,-0.05281045331073261,-0.0650093745519046,0.13267190760613687,0.006913603311642702,0.027538456199274086,0.3142989660875336,0,0,0,16.749761106286,14.0,8.652484501996273,17.276747724055877
backward,7.74,-0.30000000000000004,0.0,0.0,-0.2956697079684242,-0.01910247861848203,0.015947398139007023,0.13888112990724547,-0.008489760869396902,0.017737712837401835,0.31392068670586815,0,1,0,6.680119149871932,6.680119149871932,8.348303895985769,17.334498751395408
backward,7.76,-0.30000000000000004,0.0,0.0,-0.26419657668683555,-0.0006143928103242448,0.05133871746667599,-0.005773651884862025,-0.005942063690856902,0.01496741877536024,0.31486096349846027,0,1,0,5.177842148169892,5.177842148169892,7.97203990658878,3.5242442617160847
backward,7.78,-0.30000000000000004,0.0,0.0,-0.2512677296982038,0.0004170177845202323,0.06704076409202747,-0.06667498663806709,-0.000864244342774934,0.010239609913189594,0.316017279683661,0,0,0,5.757111777699771,5.757111777699771,8.043471505259596,5.700427300118061
backward,7.8,-0.30000000000000004,0.0,0.0,-0.2580341880960197,0.008832488283231663,0.08138964938980997,-0.07547696909638367,-0.00012017461493309344,0.007020842394572717,0.3173985746456065,0,0,0,6.8600012472305,6.8600012472305,8.109176681759898,8.429862751045864
backward,7.82,-0.30000000000000004,0.0,0.0,-0.27677194467472466,0.025606104940776697,0.07912949965957825,-0.11903711591787414,-0.006232577491049151,0.0034920956144295747,0.3188308837752201,0,0,0,5.464203140270089,5.464203140270089,8.17361098397786,8.52369161008092
backward,7.84,-0.30000000000000004,0.0,0.0,-0.28967025158323656,0.0387676614997793,0.07214391155804128,-0.171059505103106,-0.015501885127107108,-0.0005396221231210982,0.32020430065435296,0,0,0,5.794325375500827,5.794325375500827,8.217551684023483,6.296851577570942
backward,7.86,-0.30000000000000004,0.0,0.0,-0.2943328144786464,0.047058290286079246,0.05793597102824669,-0.21469007568269724,-0.02511146422284206,-0.0038240909702863674,0.32138458223684707,0,0,0,6.198251460975923,6.198251460975923,8.287350789871262,3.3320538862184996
backward,7.88,-0.30000000000000004,0.0,0.0,-0.2949573281440508,0.050788280459061357,0.0360001361221288,-0.23257908590119408,-0.031980470700287006,-0.004850692038731083,0.3222054683455113,0,0,0,6.413405305231855,6.413405305231855,8.33983338452133,2.321218711410056
backward,7.9,-0.30000000000000004,0.0,0.0,-0.2955619286639115,0.051478216052584465,0.002087302675904136,-0.20688524767041658,-0.038153895955606025,-0.003137068078936685,0.32249157887627855,0,0,0,6.176751390397444,6.176751390397444,8.38163484185133,1.9912077415251992
backward,7.92,-0.30000000000000004,0.0,0.0,-0.2967102580445898,0.04142388672040938,-0.010407566577090833,-0.18055742662947274,-0.0393033621815201,-0.001545148499092498,0.3222970603204421,0,0,0,5.372932748915917,5.372932748915917,8.425780008571714,3.2944589399944224
backward,7.94,-0.30000000000000004,0.0,0.0,-0.2962798295758053,0.011022458873329597,-0.031536970723254246,-0.15338933697808918,-0.03265639618816029,-0.004628872181938611,0.32191231407339504,0,0,0,4.462136584558702,4.462136584558702,8.491615818229501,4.672426392261086
backward,7.96,-0.30000000000000004,0.0,0.0,-0.29678118365566813,-0.04066329819494936,-0.07067279712058877,-0.08253118997366068,-0.020265642532420147,-0.01179053336124304,0.32090336073574666,0,0,0,7.402752309632694,7.402752309632694,8.561260062718706,9.207553547884935
backward,7.98,-0.30000000000000004,0.0,0.0,-0.29884613513801367,-0.08208878430833898,-0.06578122616768682,0.007226269004179148,-0.0070261324246409474,-0.021618524804351565,0.31926971392692927,0,0,0,9.388146017686205,9.388146017686205,8.626189968018913,13.137665779643386
backward,8.0,-0.30000000000000004,0.0,0.0,-0.2969407289435024,-0.0726285965314344,0.01923652272797323,-0.15733569087757476,-0.01365919357075171,-0.021407399699668303,0.3186142622251432,0,0,0,12.034962401600916,12.034962401600916,8.64162068944583,13.326173580834698
backward,8.02,-0.30000000000000004,0.0,0.0,-0.310141807352499,-0.07594694610952116,0.08381731618746188,-0.32556832244942924,-0.01396201966776171,-0.015840223143572685,0.3194085231298837,0,0,0,9.979745862690727,9.979745862690727,8.58525679744752,13.625669597454678
backward,8.040000000000001,-0.30000000000000004,0.0,0.0,-0.3275756522117865,-0.09258022343922587,0.11321253219241788,-0.41438554276802075,-0.0062860237991659565,-0.009760513769930701,0.3212706079490138,0,0,0,6.597966909879149,6.597966909879149,8.53606770547685,10.633639364195144
backward,8.06,-0.30000000000000004,0.0,0.0,-0.33542122054428547,-0.10976718599466256,0.10137777637792819,-0.39670056383922514,0.004155358709854947,-0.007128795146077786,0.3233652639790887,0,0,0,5.403362008009225,5.403362008009225,8.534227223863898,6.076244545556678
backward,8.08,-0.30000000000000004,0.0,0.0,-0.3290247350677459,-0.11983447200195882,0.05861161182441405,-0.28441643057911487,0.012079360326073976,-0.008703605026885606,0.32488248044665635,0,0,0,6.281800502879924,6.281800502879924,8.599120808541116,3.3852826182206366
backward,8.1,-0.30000000000000004,0.0,0.0,-0.3138494705176094,-0.11863702068916417,0.005531223075467748,-0.1657550506951342,0.015224739409867613,-0.012947683277614228,0.3254034475838851,0,0,0,7.416522496526272,7.416522496526272,8.612901932527262,4.745392127506203
backward,8.120000000000001,-0.30000000000000004,0.0,0.0,-0.2965844198470789,-0.10549407257760998,-0.05644951492843408,-0.08107301675647538,0.015007221362786052,-0.017110131373246008,0.32476748430226815,0,0,0,7.891305701488812,7.891305701488812,8.558217811847591,6.179136894185979
backward,8.14,-0.30000000000000004,0.0,0.0,-0.28263136785312726,-0.0844058438210672,-0.12471733089546895,-0.061253437336521194,0.013282643349320005,-0.018430629748513977,0.32286324299602015,0,0,0,7.480388557540209,7.480388557540209,8.50671186625011,8.494411025252205
backward,8.16,-0.30000000000000004,0.0,0.0,-0.2725090264559704,-0.05935324406835178,-0.2081606437119056,-0.12667561299324817,0.012359658572534456,-0.015335989030062924,0.3195468161146272,0,0,0,12.087399050684434,12.087399050684434,8.458175120085862,13.781646191014826
backward,8.18,-0.30000000000000004,0.0,0.0,-0.24787220187200884,-0.045541983896904406,-0.11408176072278825,-0.014976230282130847,0.01777212292216329,-0.004430696401716924,0.3163541755273588,0,0,0,7.417158349468835,7.417158349468835,8.460029852898398,10.04261203561639
backward,8.2,-0.30000000000000004,0.0,0.0,-0.23195827391633964,-0.01526019203878613,-0.029189503735479124,0.0390625628733711,0.017375580077596455,-5.340329906670843e-06,0.3149332394371246,0,0,0,8.45564975381279,8.45564975381279,8.414163982320655,4.5168897597666975
backward,8.22,-0.30000000000000004,0.0,0.0,-0.2419409021487912,0.003012140821934124,0.03895411244384606,0.15181884941808607,0.01381182277777791,-0.0016468506602333982,0.31493727710309677,0,0,0,8.25331295156059,8.25331295156059,8.368623940702438,6.230845413108241
backward,8.24,-0.30000000000000004,0.0,0.0,-0.2600020286986203,0.01916481744781706,0.0890597349981377,0.20578125532549363,0.007667307220515686,-0.0049874380112231425,0.3161785845544364,0,0,0,7.0423729215979165,7.0423729215979165,8.32274293516545,6.353469878438279
backward,8.26,-0.30000000000000004,0.0,0.0,-0.2732549968197586,0.033665717443577686,0.10452404069430155,0.1601011598356638,0.0022297467065070958,-0.009628387803832987,0.3180444856131933,0,0,0,7.088428872695616,7.088428872695616,8.28462116365764,4.9454110750055404
backward,8.28,-0.30000000000000004,0.0,0.0,-0.2837652998748975,0.04264452074038985,0.09864507687579514,0.056974061477276586,-0.0018700457847259675,-0.014727582785442563,0.31997696835637585,0,0,0,7.163311545494315,7.163311545494315,8.319118374985667,2.779220867653412
backward,8.3,-0.30000000000000004,0.0,0.0,-0.2927061092554435,0.04678819778932471,0.07833314021437598,-0.033462075428898536,-0.004140110846993721,-0.019050595465494386,0.32162757745306997,0,0,0,7.25905666822533,7.25905666822533,8.440142890317048,2.2787012121257733
backward,8.32,-0.30000000000000004,0.0,0.0,-0.2990702654974379,0.0441854096169713,0.046712440356163946,-0.09284398190375681,-0.006017798056011227,-0.02231161568797318,0.3227495950238851,0,0,0,7.498266987815198,7.498266987815198,8.56662441051624,2.3778257648266736
backward,8.34,-0.30000000000000004,0.0,0.0,-0.30361831241468556,0.03415985098039328,-0.004470427928495141,-0.11189644450054186,-0.007754149503647571,-0.022918270206937895,0.32304668492059535,0,0,0,7.21970921497905,7.21970921497905,8.668893247070866,3.533043262058046
backward,8.36,-0.30000000000000004,0.0,0.0,-0.30806501508396633,0.021079727442931236,-0.07492134268921276,-0.0942048870115302,-0.010707670194758214,-0.019703298766194206,0.3221461706889301,0,0,0,6.448969321690563,6.448969321690563,8.690516136698104,4.4140919399089595
backward,8.38,-0.30000000000000004,0.0,0.0,-0.31457945402267873,-0.016037038374777633,-0.10584312432077478,-0.086157352960124,-0.008232810380829712,-0.0167344233273194,0.32009873339846584,0,0,0,6.989791806896273,6.989791806896273,8.646600609028674,9.039230118741983
backward,8.4,-0.30000000000000004,0.0,0.0,-0.31024390314768135,-0.058096712098841895,-0.045294767742595984,-0.17882916972596455,-0.0013630998771879026,-0.019355802712607974,0.31834667411985385,0,0,0,6.958761008434281,6.958761008434281,8.589944689771126,13.677332692545159
backward,8.42,-0.30000000000000004,0.0,0.0,-0.29456610079580225,-0.06865397021725723,0.011628346179711289,-0.26514352025158444,-0.005652241018415528,-0.019405634942449276,0.3179376901324369,0,0,0,7.472661765696514,7.472661765696514,8.543617332954469,6.531163630320429
backward,8.44,-0.30000000000000004,0.0,0.0,-0.30313389366976284,-0.0702925012763866,0.07024387644270405,-0.3635169351042789,-0.007970415521390876,-0.018000156399938887,0.318702656580307,0,0,0,6.968124140144384,6.968124140144384,8.617909506830529,7.111366156034191
backward,8.46,-0.30000000000000004,0.0,0.0,-0.3246223247213698,-0.08324489204391933,0.11063352647324148,-0.3997330454820569,-0.00484098316276458,-0.013756673451321177,0.32051481244468033,0,0,0,6.3486176698158125,6.3486176698158125,8.589822445376907,5.994682183579577
backward,8.48,-0.30000000000000004,0.0,0.0,-0.3412234829116853,-0.09964364226667112,0.1167615698305008,-0.36604707434511674,0.0015683390301104965,-0.009875666644251433,0.3227961811495274,0,0,0,5.17948042157477,5.17948042157477,8.595382008102629,3.988902540946622
backward,8.5,-0.30000000000000004,0.0,0.0,-0.34528372591612505,-0.11301246354483302,0.08553696608737422,-0.26712619941764376,0.007894235720356442,-0.008734386832225478,0.3247846469517933,0,0,0,5.421704134099073,5.421704134099073,8.656859177829308,3.147454335841062
backward,8.52,-0.30000000000000004,0.0,0.0,-0.34029924966921304,-0.11685089822138804,0.03504798776259408,-0.14878597757080272,0.011400749545246681,-0.010037774622163412,0.32590119806595735,0,0,0,6.150221226384853,6.150221226384853,8.654021898258435,3.3635154297247247
backward,8.540000000000001,-0.30000000000000004,0.0,0.0,-0.3315266141217925,-0.10930488282618542,-0.017057089513593006,-0.07620184531563613,0.01143165540827074,-0.011277825743262339,0.32598618833677373,0,0,0,6.835889337852926,6.835889337852926,8.596930375733958,4.544192139113357
backward,8.56,-0.30000000000000004,0.0,0.0,-0.3240351753532428,-0.0928990554097276,-0.07206733805884864,-0.05438741384358844,0.011504637303151218,-0.009966749737677272,0.32502634921551227,0,0,0,6.8264263469370015,6.8264263469370015,8.543177253528778,6.083695895781563
backward,8.58,-0.30000000000000004,0.0,0.0,-0.3160197455642979,-0.07590529430510258,-0.14287094674362735,-0.06900943941728568,0.01496238824414437,-0.006030495101407701,0.32288222293079,0,0,0,6.742057129914061,6.742057129914061,8.492540789275633,8.517344552606456
backward,8.6,-0.30000000000000004,0.0,0.0,-0.30480414277394885,-0.047260251552771346,-0.2040355389761668,-0.09806169607927365,0.017750075626287817,-0.002170101414641815,0.3192735609596963,0,0,0,12.005545802148568,12.005545802148568,8.507623882203433,13.707423730075588
backward,8.620000000000001,-0.30000000000000004,0.0,0.0,-0.2942042303449605,-0.003999799643891775,-0.10464368776152451,0.07456064400079161,0.010807087758280428,-0.006463276408410401,0.3160505231822552,0,0,0,7.330433072341046,7.330433072341046,8.459034764428917,16.140933018088937
backward,8.64,-0.30000000000000004,0.0,0.0,-0.28206011053954955,0.009441074291865841,-0.021253242645671744,0.24597591041402556,0.012294876675421685,-0.009559041370497434,0.3148820818598566,0,0,0,7.661171490453235,7.661171490453235,8.413225618290582,6.03143593316762
backward,8.66,-0.30000000000000004,0.0,0.0,-0.29968936737817303,0.020374386394123638,0.044020559626399204,0.2940569598802384,0.009176877209051155,-0.012548606688224035,0.3151133097786193,0,0,0,7.272593863478037,7.272593863478037,8.370018388493182,8.462230042930694
backward,8.68,-0.30000000000000004,0.0,0.0,-0.3221641624978527,0.03831885006785993,0.07940230898559415,0.21240420008310107,0.002018813557785603,-0.014715168093611578,0.3163215191434232,0,0,0,6.587735880749985,6.587735880749985,8.349273998079763,8.292444149826792
backward,8.700000000000001,-0.30000000000000004,0.0,0.0,-0.3363864926136736,0.05418930626370887,0.08699668109551922,0.10589774991050063,-0.005574724040478131,-0.01792727315420044,0.3178824050849239,0,0,0,7.038015103787878,7.038015103787878,8.379395263485154,5.94022817475137
backward,8.72,-0.30000000000000004,0.0,0.0,-0.34331370242062775,0.05865766621866139,0.07665217928031016,0.026340335596954804,-0.009888082964600272,-0.020727623415522093,0.31939962112763925,0,0,0,7.311841107649805,7.311841107649805,8.480430518742999,3.3661632277498024
backward,8.74,-0.30000000000000004,0.0,0.0,-0.34923217005621415,0.053841191419576405,0.05131257151099372,0.005703826966512503,-0.012494989460426162,-0.021539072436942724,0.32054390318928,0,0,0,7.4006616060299555,7.4006616060299555,8.599173762816111,3.003424716124164
backward,8.76,-0.30000000000000004,0.0,0.0,-0.35427068703833425,0.04222157601421298,0.0053616377236080075,0.033220695210270865,-0.015981549878584016,-0.019180793894466308,0.32097945054306054,0,0,0,7.346449212504581,7.346449212504581,8.709662753622819,4.270446622440277
backward,8.78,-0.30000000000000004,0.0,0.0,-0.3587155390098283,0.029736856173123705,-0.046531994449027794,0.11594884158569328,-0.022346572836178517,-0.013689283910000911,0.32046199423920285,0,0,0,7.028080400847932,7.028080400847932,8.703606530593671,5.660447761235533
backward,8.8,-0.30000000000000004,0.0,0.0,-0.36350445939183035,0.01705371932868152,-0.10588891201865568,0.2523832193516532,-0.032108330169823195,-0.00605066920196617,0.3188873611920731,0,0,0,6.2462694340294265,6.2462694340294265,8.707066122615867,8.125047586554217
backward,8.82,-0.30000000000000004,0.0,0.0,-0.37198250985467624,-0.03146439068383763,-0.10069883539485272,0.3341624610249068,-0.02719549941886009,-0.005607077515516678,0.31706192210587403,0,0,0,12.367627648746016,12.367627648746016,8.737033698861417,14.301176957248343
backward,8.84,-0.30000000000000004,0.0,0.0,-0.35330607096857924,-0.05338764891949247,-0.017906772759589365,0.17212943743311482,-0.02471939797185547,-0.008217032431542816,0.31601211744295166,0,0,0,8.09160080439761,8.09160080439761,8.714670089580022,16.924570519021202
backward,8.86,-0.30000000000000004,0.0,0.0,-0.34851302398009987,-0.055285700609833774,0.06037326088500802,-0.012094059658621627,-0.022976701985448957,-0.00776608572441008,0.3164821777361451,0,0,0,8.432033190328402,8.432033190328402,8.654000221026433,4.968255564478314
backward,8.88,-0.30000000000000004,0.0,0.0,-0.3578486607420028,-0.05678812947520273,0.11322406867518844,-0.18305592464879908,-0.015544122636704199,-0.004314434130481877,0.3181506049699487,0,0,0,7.004535199628468,7.004535199628468,8.59690997159625,6.4676201651648295
backward,8.9,-0.30000000000000004,0.0,0.0,-0.36605869498563326,-0.06579238167625184,0.12464200897619321,-0.2740910772153051,-0.005787559153042218,0.0008046868439113838,0.3204537525554554,0,0,0,5.892151243352757,5.892151243352757,8.543158037315699,6.618603936843261
backward,8.92,-0.30000000000000004,0.0,0.0,-0.3641411988450286,-0.07735168697768778,0.09378950853874195,-0.26949385107445933,0.0031527358284395477,0.0032308107762425934,0.32256248978931595,0,0,0,6.03919367129595,6.03919367129595,8.49875177692282,5.755887671592454
backward,8.94,-0.30000000000000004,0.0,0.0,-0.351106609583256,-0.08417745159273483,0.04357501043448518,-0.18963633478879022,0.009438921766545138,0.0008535052751397219,0.32382595828393146,0,0,0,6.971679750550262,6.971679750550262,8.564033626499793,3.4976567407130634
backward,8.96,-0.30000000000000004,0.0,0.0,-0.33180762153939947,-0.08301293754845868,-0.005395675631435922,-0.10966951735507757,0.011115383428674883,-0.0052692169554551796,0.32406031629219445,0,0,0,8.236326028346033,8.236326028346033,8.659468012631262,4.071582579286073
backward,8.98,-0.30000000000000004,0.0,0.0,-0.3115587719951889,-0.07055000605221168,-0.05271694354044249,-0.052021836571013065,0.007883091398488161,-0.01227264100889214,0.3233074165581359,0,0,0,8.746348920468984,8.746348920468984,8.704018121868277,5.5461340703074145
backward,9.0,-0.30000000000000004,0.0,0.0,-0.29489082634698577,-0.05074726865296477,-0.10602830744090112,-0.04050991948160572,0.0012555922244139094,-0.016856670584410365,0.32150250849238693,0,0,0,8.300877763592366,8.300877763592366,8.64397913007037,7.7302831925549595
left,9.02,0.0,0.30000000000000004,0.0,-0.28036199475074824,-0.0366184089006791,-0.14834448938535144,-0.06492148981549699,-0.0027919099279344467,-0.016096206365963688,0.31864381654408075,0,0,0,6.908710084125753,6.908710084125753,8.587476964504248,9.52786889426144
left,9.040000000000001,0.0,0.30000000000000004,0.0,-0.25636297307490574,-0.018170358486773987,-0.09669296769762808,-0.048054202327502925,0.0007565962602290906,-0.007309143492905049,0.31606194157550266,0,1,0,6.928284915741016,6.928284915741016,8.534273821012349,8.225685661183645
left,9.06,0.0,0.30000000000000004,0.0,-0.24058320694752675,0.01220545662012434,-0.034894043036106,0.032719587996957414,-0.0019055440191737567,-0.005244096814642907,0.314738560243529,0,0,0,7.651291385689646,7.651291385689646,8.484151111830599,3.9392478580451664
left,9.08,0.0,0.30000000000000004,0.0,-0.25046018769054473,0.03589136847549114,0.002888988654739496,0.17355892923786265,-0.006267169948571585,-0.008373215023641866,0.3144466127402314,0,0,0,7.37779980918706,7.37779980918706,8.436907558699815,3.0412477244095593
left,9.1,0.0,0.30000000000000004,0.0,-0.27714033950422395,0.05859684429159315,0.04309796760692558,0.2700838648980793,-0.01208472663599592,-0.013151806772838484,0.31488143587370127,0,0,0,6.531146558677615,6.531146558677615,8.392357514500134,3.610889533948615
left,9.120000000000001,0.0,0.30000000000000004,0.0,-0.29551488594844466,0.07785993234578849,0.07216827730262723,0.2902995407098466,-0.014293193019998781,-0.016849510576244495,0.31602575280918016,0,0,0,7.20529065783463,7.20529065783463,8.35032948138478,3.1061655692456815
left,9.14,0.0,0.30000000000000004,0.0,-0.30649014769558125,0.09600350074228173,0.07754570562473598,0.25639741798145455,-0.01322883659138096,-0.021106733448431884,0.3174735953474318,0,0,0,7.417894692840072,7.417894692840072,8.310664798493779,3.416644759390442
left,9.16,0.0,0.30000000000000004,0.0,-0.3095115791256809,0.10961816419797848,0.05797970556872684,0.2038039052411662,-0.006877851712462601,-0.027492193749974785,0.31878076969692126,0,0,0,7.520485818629009,7.520485818629009,8.273216476524897,5.5850771532538355
left,9.18,0.0,0.30000000000000004,0.0,-0.2899481459697538,0.1264022532073119,0.06783624361654006,0.16378189204377333,-0.006142713828901409,-0.03201745959263998,0.3199987858078669,0,0,0,7.682088741939687,7.682088741939687,8.267972737872952,3.359935321373343
left,9.200000000000001,0.0,0.30000000000000004,0.0,-0.25006272874069835,0.14217869679099207,0.04799181978513963,0.1688864364223586,-0.01035298198340347,-0.032897441097280294,0.32100901172902035,0,0,0,7.637947794399742,7.637947794399742,8.257025672401536,4.304841361397754
left,9.22,0.0,0.30000000000000004,0.0,-0.20316176545411635,0.16592676561516156,0.006978123377102538,0.16392587439932166,-0.017559221695732787,-0.029728686598105247,0.3214195485850281,0,0,0,6.946790138096063,6.946790138096063,8.246601198599699,5.868361828785711
left,9.24,0.0,0.30000000000000004,0.0,-0.1545013762518346,0.18754806513280575,-0.08283469029021696,0.12972791007542744,-0.028628681159426322,-0.021352441743250725,0.3205602489187154,0,0,0,6.93408417175072,6.93408417175072,8.257533450635414,8.590349094430348
left,9.26,0.0,0.30000000000000004,0.0,-0.11105306978492523,0.1815419346322325,-0.14737096702512442,0.01870818517510231,-0.04460809098556711,-0.006149649007579783,0.3178871331054897,0,0,0,11.911183293730849,11.911183293730849,8.223032622431717,13.990966614380033
left,9.28,0.0,0.30000000000000004,0.0,-0.1125631022737542,0.14121784551717959,-0.08004328567121193,-0.18410777075188303,-0.04248968919566709,-0.0006543116362930525,0.31584866218532887,0,0,0,13.8750964460272,13.8750964460272,8.36662261520826,15.960615869898122
left,9.3,0.0,0.30000000000000004,0.0,-0.1271951679245112,0.12835835124208372,-0.029050502271517883,-0.26771469459574687,-0.03481002968213789,-0.0027096467860853123,0.3150660129506404,0,0,0,12.87799885306979,12.87799885306979,8.490966304456702,15.579765059119529
left,9.32,0.0,0.30000000000000004,0.0,-0.14082633965295907,0.12758521912093643,0.003430301156614769,-0.24218036069546892,-0.022791564033428885,-0.007550000059097333,0.31504418310573606,0,0,0,11.142080928905939,11.142080928905939,8.432886101863033,13.652976957989017
left,9.34,0.0,0.30000000000000004,0.0,-0.13817336612389952,0.1328916858608307,0.00457051207217858,-0.22538488136724658,-0.009331488658868048,-0.01427387547870945,0.3152714674072678,0,0,0,12.764389777293431,12.764389777293431,8.163059526465304,13.620764701082622
left,9.36,0.0,0.30000000000000004,0.0,-0.1273193044951601,0.15974426115232995,0.004654651448290444,-0.21009810042527394,-0.006041325609746562,-0.024255988254984717,0.31537898005026166,0,0,0,8.715054036525501,8.715054036525501,7.9319338791878025,14.201970323795683
left,9.38,0.0,0.30000000000000004,0.0,-0.0913936812578043,0.19120675837759427,-0.03910086487097516,-0.2035461959204178,-0.015482101604192423,-0.03606021989967422,0.31485547751372167,0,0,0,9.079325741292243,9.079325741292243,7.983086945333088,4.763904628601466
left,9.4,0.0,0.30000000000000004,0.0,-0.05272059141967042,0.23403018885826735,-0.10179260900542139,-0.22051136078903677,-0.03426089285877554,-0.0464580017866691,0.31318116802678075,0,0,0,8.522028813213119,8.522028813213119,8.065138674701348,3.6390322297329467
left,9.42,0.0,0.30000000000000004,0.0,-0.027174823651799025,0.25719991076524246,-0.10262333355424345,-0.09292004076481067,-0.051209977810848344,-0.05090321341254173,0.3106458966273078,0,1,0,6.643175662596008,6.643175662596008,8.18399738109203,3.229903834192227
left,9.44,0.0,0.30000000000000004,0.0,0.006191842935542717,0.23880080055047004,-0.08369900109489653,0.20056654284832093,-0.060540297330708724,-0.04167496236556492,0.308494270806799,0,1,0,5.765464337180574,5.765464337180574,8.197458785227333,4.997488782916221
left,9.46,0.0,0.30000000000000004,0.0,0.031774566402838225,0.21413831313765788,-0.056877276528830525,0.3896905582679948,-0.07026410398222732,-0.03108363440291022,0.30674978459313773,0,0,0,7.276131619735167,7.276131619735167,8.232889810396447,4.643720786611589
left,9.48,0.0,0.30000000000000004,0.0,0.0394910876172653,0.20999221955251796,-0.02774832131093884,0.4099080927910281,-0.07817896615978483,-0.020512725977355168,0.30557991959539416,0,0,0,7.337222606535099,7.337222606535099,8.248755118920059,6.870514548669647
left,9.5,0.0,0.30000000000000004,0.0,0.026890063056468745,0.2224190501140059,-0.004183611549042027,0.3502184363969999,-0.08005991488791399,-0.011606130174926642,0.3048261932046252,0,0,0,8.76516899214838,8.76516899214838,8.260202099883575,10.223108340051075
left,9.52,0.0,0.30000000000000004,0.0,0.01059742810449328,0.2558380238953473,0.0002957238686659737,0.3329994025437393,-0.07186571690370067,-0.004982653620630878,0.30422650859548733,0,0,0,7.395583899162598,7.395583899162598,8.25864107108762,10.410337553816232
left,9.540000000000001,0.0,0.30000000000000004,0.0,-0.006205967857580112,0.2863249733900001,0.005816014813065734,0.3148321447036445,-0.05583150599835191,-0.001923777509453132,0.30385375996610625,0,0,0,7.586875629526799,7.586875629526799,8.22407904576324,8.35949085912016
left,9.56,0.0,0.30000000000000004,0.0,-0.020809257462986848,0.3092523080078349,0.011161380851000574,0.3017131023493816,-0.03826698698105895,-0.000896485196900456,0.30374591025632114,0,0,0,7.766638993619628,7.766638993619628,8.191421627738382,4.911369648574423
left,9.58,0.0,0.30000000000000004,0.0,-0.02967688577110465,0.3235049147053859,0.005891964763841066,0.30140495895941816,-0.023343474544645592,-7.375526268476688e-05,0.3037545502737908,0,0,0,7.993568514356911,7.993568514356911,8.183811571087158,2.695233990904429
left,9.6,0.0,0.30000000000000004,0.0,-0.031447514051431674,0.32930622793513803,-0.014522930944936119,0.3052127043331874,-0.014411122740771061,0.002605295927244817,0.3035692349985681,0,0,0,8.196615822105787,8.196615822105787,8.16541597179772,3.1398040311462903
left,9.620000000000001,0.0,0.30000000000000004,0.0,-0.025795571181144988,0.32720684603462363,-0.053901423360242964,0.30927288919963297,-0.013487835561116615,0.008576138734047906,0.30281452979386025,0,0,0,8.043554137846881,8.043554137846881,8.138810290193021,3.0220798349912474
left,9.64,0.0,0.30000000000000004,0.0,-0.02153101930048916,0.3180114795086069,-0.08830104187039206,0.27473404616210606,-0.026366735966241582,0.020245909788897423,0.3011479581867465,0,1,0,7.351244358691048,7.351244358691048,8.115071017351568,4.11085201984255
left,9.66,0.0,0.30000000000000004,0.0,-0.058193323463154104,0.2458365820353086,9.506901135178467e-05,0.04095447475159092,-0.03128598931819081,0.027813425089399376,0.30018453332015543,0,0,0,9.585078336345875,9.585078336345875,8.113055215331006,5.555055734133901
left,9.68,0.0,0.30000000000000004,0.0,-0.09035609526725877,0.18366361794721642,0.08522434933629204,-0.04202028663098435,-0.03153968912185684,0.02525138511514887,0.3007974957622414,0,0,0,15.482412692005173,14.0,8.164361581446023,16.27305878523011
left,9.700000000000001,0.0,0.30000000000000004,0.0,-0.10579786234189892,0.1475950970175558,0.11707757430056373,0.011546643053828694,-0.027395406344255514,0.01611164072679302,0.302656344891622,0,0,0,14.095549597466883,14.0,8.234583928107192,15.828375224899329
left,9.72,0.0,0.30000000000000004,0.0,-0.11295614715647889,0.1509499851946885,0.1155874095481184,0.04683550302800638,-0.015062998444261469,0.004357431847724981,0.3048306494010622,0,0,0,11.083249555607418,11.083249555607418,7.956510739667351,15.164127997437927
left,9.74,0.0,0.30000000000000004,0.0,-0.09991664181779783,0.16399672265569684,0.08463856557445441,0.08664860828501827,-0.0005569608161042901,-0.0039801892186143665,0.3067145398307135,0,0,0,8.467138997974805,8.467138997974805,7.6803855670091465,11.41605843520055
left,9.76,0.0,0.30000000000000004,0.0,-0.07820638454141256,0.17597776860824868,0.04490515918543937,0.10360425625949175,0.009835943943752075,-0.009786135057405847,0.30793993929073366,0,0,0,8.646514115396508,8.646514115396508,7.674981887221126,6.425249861128053
left,9.78,0.0,0.30000000000000004,0.0,-0.053294150048906926,0.19230661481132727,-0.0010050123528311228,0.06031767252957625,0.0136179103302791,-0.01347440554529682,0.30836841167396384,0,0,0,8.33817390643363,8.33817390643363,7.671228648653493,3.4902432337669627
left,9.8,0.0,0.30000000000000004,0.0,-0.03021757829057348,0.21441308556240085,-0.05024610110822267,-0.06738463755582064,0.010290115063090296,-0.013935577365407193,0.30787553786458777,0,0,0,7.818742213252108,7.818742213252108,7.667664367309467,4.166357259087777
left,9.82,0.0,0.30000000000000004,0.0,-0.009619179630471115,0.24267101163020227,-0.10272850339111667,-0.2886202624305789,-0.0005680735791045156,-0.010271374324671104,0.30629667197099136,0,0,0,6.734870629711913,6.734870629711913,7.6642794237592256,4.9484667584952895
left,9.84,0.0,0.30000000000000004,0.0,-0.004301858886839546,0.2887239499368431,-0.11841520503089034,-0.5276086451397299,-0.025163936582669126,-0.008599638448966463,0.3040712535967053,0,0,0,5.070680793307993,5.070680793307993,7.661064698682793,5.846814519209153
left,9.86,0.0,0.30000000000000004,0.0,-0.01780480957386923,0.27969660519982165,-0.03209101484886225,-0.3054565877602511,-0.04010602279047981,-0.002431997308443775,0.302383917012686,0,1,0,6.596319500610075,6.596319500610075,7.658011545853622,4.469513058904854
left,9.88,0.0,0.30000000000000004,0.0,-0.03366507910633585,0.26232224651601904,0.04583504929633806,-0.11131477163166542,-0.04837976275655956,0.009289190166853466,0.3023952449425833,0,0,0,7.697523791437634,7.697523791437634,7.65511176668014,3.8781180422438113
left,9.9,0.0,0.30000000000000004,0.0,-0.06055469461479645,0.26254395219155074,0.10432499525875644,-0.04587351824532678,-0.050185979702579285,0.021055849361550874,0.30375065743542273,0,0,0,7.782304984916336,7.782304984916336,7.652357586205994,6.032818106714962
left,9.92,0.0,0.30000000000000004,0.0,-0.0832962183871817,0.28233382592482803,0.10369074072222155,-0.05006082452306434,-0.05010631346500001,0.0306020151753316,0.30562931919637565,0,0,0,6.502811261958688,6.502811261958688,7.649741630476949,6.541028010216631
left,9.94,0.0,0.30000000000000004,0.0,-0.09711062153584556,0.307999045562502,0.06897112310068551,-0.11814914686069256,-0.04936592624802513,0.033954345278553934,0.3070415679777445,0,0,0,6.74186721408297,6.74186721408297,7.647256905189057,5.522611642425253
left,9.96,0.0,0.30000000000000004,0.0,-0.10093154809473141,0.3205075259072314,0.03389315954720212,-0.16281991444590513,-0.046235550435529675,0.033092829706746596,0.3077819468702195,0,0,0,7.656442053599,7.656442053599,7.644896775538609,2.9271826217001844
left,9.98,0.0,0.30000000000000004,0.0,-0.09663886360900915,0.3230616119085967,0.0032133377827953946,-0.1705030497203682,-0.040746258568905375,0.03207911155257576,0.30790041154917597,0,0,0,8.657416786049973,8.657416786049973,7.6426549472001035,3.357443746619017
left,10.0,0.0,0.30000000000000004,0.0,-0.08726475549285277,0.3225636936604707,-0.01939049690187858,-0.12508908748572461,-0.0361501226169761,0.03187321313457398,0.30754257095196885,0,0,0,8.766139990975608,8.766139990975608,7.71200948406738,3.1053835957866753
left,10.02,0.0,0.30000000000000004,0.0,-0.0794955633139524,0.32494781477205653,-0.042964829497937014,0.00672048477326272,-0.037623979926989355,0.031888487126269356,0.30677318909856843,0,0,0,8.363002493891521,8.363002493891521,7.816315543185127,3.765703900439409
left,10.040000000000001,0.0,0.30000000000000004,0.0,-0.08997079126299398,0.29221952592911005,0.000496004739802906,0.03634052234759723,-0.04054416876162724,0.029546294125707737,0.3059715757816451,0,1,0,7.5957628740352074,7.5957628740352074,7.918478922734682,5.783241074681025
left,10.06,0.0,0.30000000000000004,0.0,-0.0933211089683481,0.23268595797516753,0.0678533760801315,-0.012839784370587765,-0.046098647791783055,0.026147003608129132,0.306684588202478,0,0,0,7.725604809562009,7.725604809562009,8.013696179013152,2.6240082741928967
left,10.08,0.0,0.30000000000000004,0.0,-0.09375867103718115,0.17734000123391616,0.0982585052844482,0.004501033285701152,-0.051105574994526705,0.0216019612396298,0.3081228893235112,0,0,0,7.983762182516758,7.983762182516758,7.99241213121595,6.745604084559666
left,10.1,0.0,0.30000000000000004,0.0,-0.09768810470384036,0.1539996152657114,0.08823938704185616,0.006994433496250771,-0.05365273511139942,0.013294623978828924,0.3098001657656209,0,0,0,6.803105557895945,6.803105557895945,8.041916639039865,7.3747346615688985
left,10.120000000000001,0.0,0.30000000000000004,0.0,-0.09749240557352304,0.1563893920195514,0.08592438342717558,-0.00753652723554598,-0.045566175974837565,0.0026842900577228974,0.3113409134534073,0,0,0,6.8232555936429495,6.8232555936429495,8.112028818249541,8.328403659193317
left,10.14,0.0,0.30000000000000004,0.0,-0.08561820725898338,0.1672641745172875,0.07684561976656158,0.0038703025747228413,-0.03064379684466845,-0.005922268432377509,0.3128076493955108,0,0,0,7.1819273004477795,7.1819273004477795,8.142722640816846,7.5983833028299586
left,10.16,0.0,0.30000000000000004,0.0,-0.0646914449702296,0.1832313339515949,0.04597784521252942,0.04703881414037693,-0.015355644425514616,-0.010860307696197925,0.31394557581154625,0,0,0,7.109647020892817,7.109647020892817,8.157177188810998,5.222260580005633
left,10.18,0.0,0.30000000000000004,0.0,-0.03684972310785568,0.20284660600724286,-0.00951453577185346,0.08582402605190147,-0.0030634825941036007,-0.01197412705565489,0.31423301989141544,0,0,0,7.019268450669398,7.019268450669398,8.128177391345222,3.0069975237747553
left,10.200000000000001,0.0,0.30000000000000004,0.0,-0.008696159347267005,0.22170827498349854,-0.07800123776358975,0.06364326045728295,0.0033645031342557047,-0.00924311095851702,0.31332429338357193,0,0,0,6.133732726685663,6.133732726685663,8.100751166606564,3.952234655668371
left,10.22,0.0,0.30000000000000004,0.0,0.016597495132668796,0.2352036737939838,-0.15989780909260834,-0.02494946308602285,0.001224981556797387,-0.003193902371613919,0.3109108593066051,0,0,0,4.838125026375378,4.838125026375378,8.074806540990139,4.600327323929836
left,10.24,0.0,0.30000000000000004,0.0,0.0166730951011997,0.25836432473606047,-0.19452899171505558,-0.1711309898389861,-0.01652938174606544,0.0024540346598015015,0.3071182020597331,0,0,0,5.449148457786681,5.449148457786681,8.050257596263705,5.309423011346393
left,10.26,0.0,0.30000000000000004,0.0,-0.01782662622021171,0.2775965599408593,-0.12628196100405983,-0.07131503980243076,-0.04547515397691233,0.001349016658816335,0.3035022615640603,0,1,0,7.775784081619918,7.775784081619918,8.027024001184703,6.282654390849225
left,10.28,0.0,0.30000000000000004,0.0,-0.04951091544082262,0.2667833629061679,-0.0030714166393506995,0.10036851857658931,-0.05850561691058634,0.0088103421077623,0.3020283228130576,0,0,0,8.680725710742191,8.680725710742191,8.005030586388429,8.036118480671925
left,10.3,0.0,0.30000000000000004,0.0,-0.06408922294689942,0.2645342225060051,0.05938002824828888,0.029787681861164195,-0.06333884773872103,0.017047601498508865,0.3023176421204244,0,0,0,11.14269447369361,11.14269447369361,7.984206957841252,12.848214907339145
left,10.32,0.0,0.30000000000000004,0.0,-0.07837796933308082,0.27198856083157874,0.06781074122715272,-0.10930681691260281,-0.06034817365973094,0.021583767102719486,0.30322325090444074,0,0,0,8.268676084043303,8.268676084043303,7.964487144739053,13.075560236824217
left,10.34,0.0,0.30000000000000004,0.0,-0.0904634068733248,0.2924486859031206,0.045159104737934386,-0.17506776517067343,-0.052266759749156434,0.022309674857254776,0.30390541394878534,0,0,0,8.043482662916611,8.043482662916611,7.945809278235984,9.251930686780689
left,10.36,0.0,0.30000000000000004,0.0,-0.0991295435887275,0.3054382607092569,0.02853731463711303,-0.17311895289052628,-0.039744200454682965,0.020942812491684306,0.30435098398099175,0,0,0,8.497434137543744,8.497434137543744,7.9281152978239255,5.6921654166164934
left,10.38,0.0,0.30000000000000004,0.0,-0.10017475305414121,0.3109395325474929,0.014234277735127593,-0.11366949116840458,-0.02622340706977655,0.01892333044501978,0.3046054300122336,0,0,0,8.982687690572579,8.982687690572579,7.9113506825597035,3.488427535038174
left,10.4,0.0,0.30000000000000004,0.0,-0.0939107552396241,0.3101674609445143,-0.001965459253605739,-0.00829484801834839,-0.015273754090092942,0.017105975523893514,0.30463743243560665,0,0,0,9.265928848112702,9.265928848112702,7.9646793357787615,3.2344067384645014
left,10.42,0.0,0.30000000000000004,0.0,-0.08311817449567271,0.3059939158568539,-0.029636172668823492,0.15939666961962382,-0.010885502563322802,0.016243212675420664,0.3042880201415647,0,0,0,8.897585415402318,8.897585415402318,8.0664930450483,3.751011455810581
left,10.44,0.0,0.30000000000000004,0.0,-0.07803058073616431,0.2894251563045341,-0.05606027434839063,0.34052802482359146,-0.013557215410988848,0.016718497909250844,0.3032722171672916,0,1,0,8.213724288749152,8.213724288749152,8.17525546881389,4.856809383385584
left,10.46,0.0,0.30000000000000004,0.0,-0.09397656293955146,0.21995862987008402,0.02777542268029394,0.24267676943844177,-0.01633169695833078,0.014940235861446325,0.3031623128865028,0,0,0,7.6499535809313235,7.6499535809313235,8.279156115681761,2.523664606943646
left,10.48,0.0,0.30000000000000004,0.0,-0.10172005832831842,0.16469092170198327,0.07790097370171589,0.19384984570140845,-0.020113929612206767,0.011075485671910574,0.30412681651028145,0,0,0,7.801308193196873,7.801308193196873,8.243880399225638,6.907150465800685
left,10.5,0.0,0.30000000000000004,0.0,-0.10861766341789807,0.139208981168055,0.09290435846838181,0.19180671896622856,-0.021959616711399687,0.0052433722335513315,0.3056369697981441,0,0,0,8.4961989791133,8.4961989791133,8.225468207533766,9.453310042100613
left,10.52,0.0,0.30000000000000004,0.0,-0.1129867825372161,0.1419666562576256,0.08948283226513618,0.14450546716326626,-0.013716584705061707,-0.002419308481850347,0.3071975899569136,0,0,0,9.36352267456587,9.36352267456587,8.192734435282823,11.123874218507977
left,10.540000000000001,0.0,0.30000000000000004,0.0,-0.10270654836681554,0.14991963416085724,0.07344353327758638,0.11065183758855385,0.0017817633821518124,-0.008850118981817002,0.30863903297929607,0,0,0,8.082464904825818,8.082464904825818,8.161795445862658,10.383622264819492
left,10.56,0.0,0.30000000000000004,0.0,-0.08018986063009445,0.16112370846056762,0.03545927474362185,0.09269092415380714,0.014974162343115986,-0.012807035189101557,0.309659408271799,0,0,0,8.138740237060272,8.138740237060272,8.132544392476369,7.082670253385146
left,10.58,0.0,0.30000000000000004,0.0,-0.049804682280756934,0.1758749372993104,-0.020723100625883336,0.08171731740719994,0.022417268979604103,-0.013808290427914153,0.3097928893363491,0,0,0,8.065467795526306,8.065467795526306,8.104620574537748,3.6636546724142667
left,10.6,0.0,0.30000000000000004,0.0,-0.018601229411952233,0.193375115427474,-0.08279709730814892,0.013281453329898853,0.021852779907644847,-0.011377837756346999,0.3087851248297533,0,0,0,7.675257042198243,7.675257042198243,8.0767948978547,4.036909411718461
left,10.620000000000001,0.0,0.30000000000000004,0.0,0.005284571900918442,0.2227835873831123,-0.11401176980549069,-0.14004147700712685,0.004701572020040921,-0.006446500529431259,0.30671587692640645,0,0,0,6.882621677856043,6.882621677856043,8.060028153053665,4.8068920237686505
left,10.64,0.0,0.30000000000000004,0.0,0.019916185471287366,0.27503270695061743,-0.1283131630681582,-0.3019079647854238,-0.030168832974159752,-0.004934609988659904,0.30434425888060596,0,0,0,5.272196941995064,5.272196941995064,8.060183450538425,5.634221714196795
left,10.66,0.0,0.30000000000000004,0.0,-0.001228293396301577,0.2714966367188438,-0.021077760033842402,-0.06859268057214814,-0.049515339145231534,0.001459028253655639,0.3027170983766753,0,1,0,6.396037207851776,6.396037207851776,8.036418635331533,5.055342835315102
left,10.68,0.0,0.30000000000000004,0.0,-0.016199782660580028,0.260026500800396,0.04117986985592513,0.08249236163341124,-0.05742493842401118,0.013654602363601566,0.30275575813605754,0,0,0,7.382038079692058,7.382038079692058,8.01392429552006,4.599871007125597
left,10.700000000000001,0.0,0.30000000000000004,0.0,-0.04094205018600395,0.26199249121808693,0.0858442826748124,0.06473655925446631,-0.059057013956624306,0.025695155718897408,0.30385162165146895,0,0,0,7.6536112472622,7.6536112472622,7.992628118921079,5.1075370710672106
left,10.72,0.0,0.30000000000000004,0.0,-0.06388288075427533,0.2825722228533032,0.0885835512139077,0.006675517474363263,-0.06054859157124585,0.035782804544879226,0.3053469240659903,0,0,0,6.531586305382117,6.531586305382117,7.9724623573665525,5.793905869621848
left,10.74,0.0,0.30000000000000004,0.0,-0.07619035144102997,0.31267708580663883,0.05686928849404265,-0.07877110728500518,-0.06194614991555763,0.04037464120049338,0.3064176709341334,0,0,0,6.869144704977977,6.869144704977977,7.9533634931691495,5.14205404959052
left,10.76,0.0,0.30000000000000004,0.0,-0.07830306558269454,0.33568901238377263,0.023600773934347098,-0.13611769517940092,-0.05824997851663485,0.04052380672793658,0.3068361062597933,0,0,0,7.917992188768943,7.917992188768943,7.935271934496875,2.5071502434819912
left,10.78,0.0,0.30000000000000004,0.0,-0.07299938344539228,0.3493795067587613,-0.005576839887802236,-0.13040871896136375,-0.04920622139843913,0.03872440401541064,0.3066782245097259,0,0,0,9.02656402283299,9.02656402283299,7.958404936989719,2.6369107761972757
left,10.8,0.0,0.30000000000000004,0.0,-0.06260087679360332,0.35575822295308773,-0.03076369985349002,-0.06280158248661909,-0.03844993008369912,0.036301656485642216,0.3060646010870379,0,0,0,9.253666285580458,9.253666285580458,8.064647488919135,2.8497401173452
left,10.82,0.0,0.30000000000000004,0.0,-0.050435456497028845,0.35728550350797195,-0.06318679264161098,0.07474732193971918,-0.032096489993940665,0.033865217057112894,0.3049486050341902,0,0,0,8.957107895342704,8.957107895342704,8.17248440288073,3.8460941532750987
left,10.84,0.0,0.30000000000000004,0.0,-0.03877352018036151,0.3527267982923944,-0.06571089169178794,0.1916164962463576,-0.04019613429019395,0.03559145211142961,0.3032599606056432,0,1,0,8.119333692542565,8.119333692542565,8.287881710360761,6.964138817310215
left,10.86,0.0,0.30000000000000004,0.0,-0.049324386979985535,0.28475942689973316,0.015016529715682032,0.02348492586629799,-0.05133556292429116,0.038864508510178045,0.3026106232678296,0,0,0,8.940756465724686,8.940756465724686,8.258797788019603,2.8912152045601123
left,10.88,0.0,0.30000000000000004,0.0,-0.062401762162083485,0.21635065795129182,0.08605730298208011,-0.03370339139492481,-0.05713483417738504,0.03550103253669502,0.30334051778904125,0,0,0,9.508881731607056,9.508881731607056,8.269372715682128,7.154171953440505
left,10.9,0.0,0.30000000000000004,0.0,-0.0738369849668701,0.17206280186649486,0.11876644134576102,0.008161389001884886,-0.05670789475773527,0.025975861217918485,0.30507334028674077,0,0,0,8.879330203035895,8.879330203035895,8.29985524972155,10.194508561642463
left,10.92,0.0,0.30000000000000004,0.0,-0.07609363047482054,0.1681030226496645,0.11291847518799399,0.016156027437369224,-0.04737983431274943,0.012504400073343747,0.307041263038128,0,0,0,6.9671368603750405,6.9671368603750405,8.32309466629819,10.104713823562475
left,10.94,0.0,0.30000000000000004,0.0,-0.06450036016866333,0.18380610003271397,0.09873979575393566,0.01226380910236191,-0.030300744692398015,0.0020971522817621524,0.30890945800608766,0,0,0,7.1580272555528,7.1580272555528,8.308946447328754,8.03269262064068
left,10.96,0.0,0.30000000000000004,0.0,-0.04339573703883611,0.20117357226756605,0.06634080849688463,0.018616577350385806,-0.012009897795351525,-0.0034170376764533846,0.31039133494604126,0,0,0,7.021814176656745,7.021814176656745,8.322518209695591,5.312324816063206
left,10.98,0.0,0.30000000000000004,0.0,-0.016974899331400978,0.2197782525715517,0.01566399701886436,-0.022272883460365173,0.0021794676587790027,-0.004554405585176604,0.3111048353474141,0,0,0,6.531072403732944,6.531072403732944,8.319739476698135,2.8706619027667535
left,11.0,0.0,0.30000000000000004,0.0,0.006057189996261956,0.2357447996871132,-0.04920807826453346,-0.14117821981925818,0.009922024454854428,-0.001037063220427807,0.31074411573709204,0,0,0,5.158611425472436,5.158611425472436,8.28178528938362,2.431879015992045
left,11.02,0.0,0.30000000000000004,0.0,0.019148206753178226,0.2524300406458583,-0.10515693277699796,-0.3426585515750476,0.005369478997687201,0.004234231256057569,0.30905546057382055,0,0,0,4.96813396467355,4.96813396467355,8.245942101956242,3.1388033854116464
left,11.040000000000001,0.0,0.30000000000000004,0.0,0.01945114288036976,0.28612421510868985,-0.14244994949223105,-0.5297155391510369,-0.016002356593484396,0.0026493645222509504,0.3065351486953372,0,0,0,4.250773451869443,4.250773451869443,8.212081072930292,3.234560298384363
left,11.06,0.0,0.30000000000000004,0.0,-0.00729624914806503,0.30176953849205845,-0.11144671977967939,-0.4433865483013981,-0.03852190208884121,-0.0020641435093495327,0.30344912999107276,0,0,0,7.619370531517536,7.619370531517536,8.180082424533317,4.013007602764366
left,11.08,0.0,0.30000000000000004,0.0,-0.045672764355768836,0.27976146476292035,-0.00163486672620421,-0.16953957476104808,-0.04606546339327327,0.008392197150243894,0.3021855439800684,0,0,0,7.77451815846736,7.77451815846736,8.149834679633997,6.339170935952246
left,11.1,0.0,0.30000000000000004,0.0,-0.07208627239648431,0.26951266957558545,0.07767795478553109,-0.07246622622520205,-0.05135654323400656,0.021401832705120038,0.30267919880781785,0,0,0,9.149028050827631,9.149028050827631,8.121233975907913,11.092033843522854
left,11.120000000000001,0.0,0.30000000000000004,0.0,-0.09235537750540382,0.2819552801147524,0.09802660410825545,-0.049222817542638166,-0.057931625579420214,0.03137599588863577,0.3040986656541575,0,0,0,7.367129606152503,7.367129606152503,8.094183448055073,11.08126413481717
left,11.14,0.0,0.30000000000000004,0.0,-0.10801396747209269,0.30848209737003524,0.07945084104346206,-0.09280077501489306,-0.06321565335402803,0.03515044406404245,0.3054527189404151,0,0,0,6.83453104677643,6.83453104677643,8.068592670131164,8.644531071109634
left,11.16,0.0,0.30000000000000004,0.0,-0.11419779210686035,0.32760035307403296,0.05030126499313052,-0.15188419979761217,-0.06142396896557457,0.03412300601878249,0.3063601299628421,0,0,0,7.688236569274783,7.688236569274783,8.044377151112915,6.223012548621336
left,11.18,0.0,0.30000000000000004,0.0,-0.11280110606612584,0.3364738009013722,0.019839974356823595,-0.1713456395570339,-0.053215118828456434,0.03147177038020191,0.3067229073519868,0,0,0,8.645417414635695,8.645417414635695,8.021457877718483,3.35937494470576
left,11.200000000000001,0.0,0.30000000000000004,0.0,-0.10314744601842449,0.337463905338187,-0.011671985109634082,-0.12160532817626292,-0.04388885109958609,0.02886265923630225,0.30652527775767885,0,0,0,9.177964713476415,9.177964713476415,8.10380347502397,3.2388335161142687
left,11.22,0.0,0.30000000000000004,0.0,-0.09701258146311183,0.3286709127369121,-0.024864940990934052,-0.017115911426663917,-0.038260432689895985,0.02611114525877417,0.30583093595418315,0,0,0,9.059985887279131,9.059985887279131,8.181018815483707,3.5579293055397256
left,11.24,0.0,0.30000000000000004,0.0,-0.11242872493693572,0.27007948552237326,0.010072997133670153,0.004785431390173853,-0.029342644126317378,0.017023962040460618,0.3056719462124769,0,0,0,8.416619850686446,8.416619850686446,8.113937229177111,2.901050846887838
left,11.26,0.0,0.30000000000000004,0.0,-0.12115623688838457,0.19783087899318164,0.03510772652954402,0.03442746326783147,-0.02243527789482976,0.00513909278099514,0.3059135192102082,0,0,0,7.287418919759063,7.287418919759063,8.071505518380224,3.1029754299652654
left,11.28,0.0,0.30000000000000004,0.0,-0.12033518598386893,0.14834515735415232,0.06516738296784133,0.1220915041690796,-0.02990232111299168,-0.0007262335894976847,0.3070299360733638,0,0,0,7.522790332571937,7.522790332571937,8.06628400864636,7.006622009508416
left,11.3,0.0,0.30000000000000004,0.0,-0.12017767798248818,0.11447752418436541,0.1081937675266831,0.31110857060777825,-0.03637474826737365,-0.006330385089515029,0.3087445423511988,0,0,0,8.388053358871337,8.388053358871337,8.1361315393759,9.553286615162174
left,11.32,0.0,0.30000000000000004,0.0,-0.11777973657235802,0.11697033226943711,0.09060337223318365,0.34583887082563813,-0.03707112872499544,-0.015576977944665968,0.31037564880182644,0,0,0,7.402059665135115,7.402059665135115,8.108274424129629,9.743621630834303
left,11.34,0.0,0.30000000000000004,0.0,-0.10904445845492099,0.13667182560233965,0.07437276362850487,0.26571192115891307,-0.026960455865778745,-0.024087461227572552,0.3117403108816437,0,0,0,8.109331861881582,8.109331861881582,8.081924019245825,7.807897827447915
left,11.36,0.0,0.30000000000000004,0.0,-0.0869684903262488,0.15865423486098787,0.04428721702367228,0.18528101871018357,-0.016298874805156148,-0.027941686680445842,0.31274587198458426,0,0,0,8.277142580309103,8.277142580309103,8.056992760824553,4.87079941063536
left,11.38,0.0,0.30000000000000004,0.0,-0.058733453237036985,0.18224100227431725,-0.00909796580238593,0.08615374817984388,-0.009947949573607848,-0.026877630523259706,0.31292959846020524,0,0,0,7.716034869061905,7.716034869061905,8.024841919186656,2.5551320836865514
left,11.4,0.0,0.30000000000000004,0.0,-0.03042248555359298,0.205045901908666,-0.07595869669996795,-0.04996653069681411,-0.010005690540950272,-0.02117073239438939,0.31195644209428414,0,0,0,6.862060124540479,6.862060124540479,8.009367496000038,2.300687295553054
left,11.42,0.0,0.30000000000000004,0.0,-0.0009057169430629658,0.22593459127265852,-0.1473683507681147,-0.22309025214886563,-0.018746296187218674,-0.012201296409262046,0.30958830375446217,0,0,0,6.222179014646256,6.222179014646256,8.022618271159452,2.9975890295518255
left,11.44,0.0,0.30000000000000004,0.0,0.009682278815255036,0.2627038904582009,-0.16120438605089465,-0.4100763091343915,-0.04126683252740095,-0.004790547853017499,0.30614627807029554,0,0,0,5.763302472800481,5.763302472800481,8.060206358781901,3.1792993352015193
left,11.46,0.0,0.30000000000000004,0.0,-0.008690814787132576,0.27002455227637073,-0.05200630358193644,-0.18817495738251613,-0.06048475791232591,0.0013832651908759408,0.3037585008029176,0,1,0,7.035434889375562,7.035434889375562,8.132866242447477,4.880902321726863
left,11.48,0.0,0.30000000000000004,0.0,-0.03481007312229278,0.25624147708265554,0.053427809861313194,-0.0053757409112569175,-0.06860073705309316,0.010571115869387372,0.3035688637420365,0,0,0,7.613636899009193,7.613636899009193,8.10518607942165,3.6856779432271365
left,11.5,0.0,0.30000000000000004,0.0,-0.06478802000900157,0.26311716033135446,0.11116479462272226,0.0719658670705857,-0.06904637134532657,0.019346712284698402,0.30494219556172497,0,0,0,7.77747829060343,7.77747829060343,8.079002307673505,5.825596187817466
left,11.52,0.0,0.30000000000000004,0.0,-0.0938774030881913,0.28093179945716124,0.11973020916414422,0.043950351114265235,-0.06746459343541351,0.027516407150785047,0.30699732449455064,0,0,0,6.312197659735929,6.312197659735929,8.054228040260202,6.707521545058238
left,11.540000000000001,0.0,0.30000000000000004,0.0,-0.11035307507567468,0.3101597034107482,0.08285819376343238,-0.056166512582796944,-0.06650229414990642,0.030404018404281582,0.30862087812232014,0,0,0,6.321661206357345,6.321661206357345,8.030782051631917,6.084771510003133
left,11.56,0.0,0.30000000000000004,0.0,-0.11642497522331766,0.33119765173516463,0.04227687123542841,-0.1327337613621737,-0.06279343611278736,0.028305336590754137,0.3094551525822734,0,0,0,7.381045169583067,7.381045169583067,8.058593105080188,3.257777991834808
left,11.58,0.0,0.30000000000000004,0.0,-0.11536976776525593,0.342362441909926,0.007720004018126942,-0.14651021909620018,-0.05530959315613071,0.024696236724916058,0.3095764532194355,0,0,0,8.618480391241047,8.618480391241047,8.079666248743248,3.4141545608269968
left,11.6,0.0,0.30000000000000004,0.0,-0.1090168987706526,0.34651901498792115,-0.019374084458311278,-0.08975502083893372,-0.04638881288518949,0.021286545372339483,0.30914699607101354,0,0,0,9.19736564766435,9.19736564766435,8.049424722182096,3.1647098281791184
left,11.620000000000001,0.0,0.30000000000000004,0.0,-0.09989584585410323,0.3465036277128686,-0.05095802472270638,0.041589488258574815,-0.04117492281630973,0.01875183673168043,0.30821499836459154,0,0,0,9.040813428832864,9.040813428832864,7.984799598142015,3.622150745216155
left,11.64,0.0,0.30000000000000004,0.0,-0.0952875689555097,0.32976860635832,-0.0833673393204922,0.175995750546879,-0.04183343066771676,0.018208249679581463,0.306541183133462,0,1,0,8.509434400527763,8.509434400527763,7.919788536435195,4.627664494144221
left,11.66,0.0,0.30000000000000004,0.0,-0.10862826752246056,0.25828901440523355,0.011446449130907851,0.023548313305717605,-0.048014620500294855,0.01799444306730639,0.30583496535522786,0,0,0,8.155324735166895,8.155324735166895,7.876218490108549,2.338574349880915
left,11.68,0.0,0.30000000000000004,0.0,-0.11213343205232668,0.19769669064411935,0.07774021999692499,-0.019821933634729255,-0.05497986009451227,0.015296319737312863,0.30647938567628585,0,0,0,8.307240712992812,8.307240712992812,7.88901601175921,7.105690209179343
left,11.700000000000001,0.0,0.30000000000000004,0.0,-0.108487192028018,0.1638684505364631,0.09395963210281001,0.016770988159682698,-0.059871941052457876,0.008784064250455446,0.3080027641218265,0,0,0,8.388370758986257,8.388370758986257,7.921169617852463,9.750003621941977
left,11.72,0.0,0.30000000000000004,0.0,-0.10719111684829435,0.16317245166505592,0.0960680931298549,0.028255577957182615,-0.05425928621441585,-0.001916727834197679,0.3096752709565077,0,0,0,8.057783244705044,8.057783244705044,7.972571995433007,10.30506403776295
left,11.74,0.0,0.30000000000000004,0.0,-0.09420127995622651,0.18164503057867748,0.08883855999040455,-0.007858839563774582,-0.037400441752532314,-0.011551149095026546,0.31130443625467485,0,0,0,8.058776951902297,8.058776951902297,8.048047792550925,9.08407563628561
left,11.76,0.0,0.30000000000000004,0.0,-0.06861568953535398,0.20675793744752258,0.055302477139399016,-0.027195840464238164,-0.01800230810276931,-0.016623287583293185,0.31261365761881754,0,0,0,8.124063904263732,8.124063904263732,8.108107227696191,6.132842612246229
left,11.78,0.0,0.30000000000000004,0.0,-0.035036110926886424,0.2332566077389733,-0.00632723661704547,-0.04260966151614189,-0.0022662291547697285,-0.016878620968816448,0.31300453924910465,0,0,0,7.70542029863763,7.70542029863763,8.076865600848667,3.2062349897272586
left,11.8,0.0,0.30000000000000004,0.0,-0.00153508112304,0.25722227053364194,-0.08295703370718256,-0.1088491612714524,0.007509760954113266,-0.01286215575916829,0.3120798917064162,0,0,0,6.8233778353931305,6.8233778353931305,8.058488095956186,3.991498221654126
left,11.82,0.0,0.30000000000000004,0.0,0.02621478480559341,0.27612318692644017,-0.16968298108960536,-0.26503516288026213,0.009485573171618628,-0.005814236817379599,0.3095135435501478,0,0,0,5.241279152183511,5.241279152183511,8.07175576185221,4.716151148761922
left,11.84,0.0,0.30000000000000004,0.0,0.019157691786788077,0.31699204457358926,-0.17278083542465267,-0.45674231266064197,-0.011533218194440453,-0.004380274330410595,0.30614624448194727,0,0,0,4.500797791505354,4.500797791505354,8.13651056154292,5.637269648109278
left,11.86,0.0,0.30000000000000004,0.0,-0.016894414041898047,0.3338002654525267,-0.1055712102696386,-0.3161196220992689,-0.03629669636351005,-0.0078676606669826,0.3028618817325286,0,1,0,9.048264307596623,9.048264307596623,8.151584963626675,6.264589576841557
left,11.88,0.0,0.30000000000000004,0.0,-0.06196690281576358,0.3046698380364827,0.03789565996863773,-0.02144762227379219,-0.04377119156649351,0.0032165012985142126,0.3021314330646664,0,0,0,8.39545688482149,8.39545688482149,8.122889166974801,4.9341946097832725
left,11.9,0.0,0.30000000000000004,0.0,-0.09356236746774073,0.2974717727345205,0.10670716406150904,0.06205085431178791,-0.04763559554184476,0.01684386724183071,0.3033596158997149,0,0,0,8.270919638891257,8.270919638891257,8.18988498695149,9.195907397073734
left,11.92,0.0,0.30000000000000004,0.0,-0.11628335721602681,0.3132798266054872,0.10459208256312527,0.04362319433803795,-0.05128212841266507,0.028024595748437357,0.30518377111245926,0,0,0,6.408047022587892,6.408047022587892,8.159101797167047,9.398416837746723
left,11.94,0.0,0.30000000000000004,0.0,-0.12587638250503286,0.3387236030053101,0.05950383777743043,-0.02858892582533176,-0.055514811363328954,0.03157523649692397,0.30641079165526697,0,0,0,6.338423504863489,6.338423504863489,8.129997313669055,7.198615139169913
left,11.96,0.0,0.30000000000000004,0.0,-0.12392220550170654,0.3535956267645782,0.01372840889538726,-0.07740075753617608,-0.05304604855187156,0.030131179915599826,0.306760100783664,0,0,0,7.770395655094228,7.770395655094228,8.102472548009874,3.4974856481506063
left,11.98,0.0,0.30000000000000004,0.0,-0.11541270763329728,0.3559945169357283,-0.022053392127564696,-0.06657069129024366,-0.04326220720946807,0.027256918195518724,0.3063502174864677,0,0,0,9.213158708179073,9.213158708179073,8.11496133500799,3.2876375078810423
left,12.0,0.0,0.30000000000000004,0.0,-0.10375332187935896,0.3508638580228776,-0.04942427704385391,0.013404270571960418,-0.03222104592004544,0.024660238351839402,0.3054091322996743,0,0,0,9.847620628335683,9.847620628335683,8.121438786250007,3.220214188440289
right,12.02,0.0,-0.30000000000000004,0.0,-0.09360622183644104,0.3385398382491499,-0.06397739316212198,0.1464672332061677,-0.02598515741992293,0.02246821970525839,0.30406437901712413,0,0,0,9.762405998882256,9.762405998882256,8.065959090889923,3.629653710445572
right,12.040000000000001,0.0,-0.30000000000000004,0.0,-0.10710990196564274,0.27785844478396543,0.025822325497040638,0.11396228664365216,-0.025389103223499448,0.018203728123721823,0.30362708067038036,0,1,0,8.50896216801565,8.50896216801565,7.965963152040935,3.464347108777925
right,12.06,0.0,-0.30000000000000004,0.0,-0.10327522502354175,0.2123844020475806,0.08225440258884271,0.06677097144726538,-0.030207696773254206,0.015249529200740228,0.30473295633685504,0,0,0,7.961632859117437,7.961632859117437,7.9007828746154445,1.8361690641170376
right,12.08,0.0,-0.30000000000000004,0.0,-0.1026305645598987,0.17256184690782406,0.11040312808586467,0.01749451357651092,-0.035373674771878874,0.010411006835057985,0.30658493240660467,0,0,0,8.046385419797957,8.046385419797957,7.928113166569904,7.5075660834605165
right,12.1,0.0,-0.30000000000000004,0.0,-0.10241582181900158,0.1464603372394371,0.12967646152007192,0.04941527299447448,-0.03606623408066906,0.004212789179377625,0.3089142470615377,0,0,0,7.456581303688122,7.456581303688122,7.911348663090806,8.909863978466095
right,12.120000000000001,0.0,-0.30000000000000004,0.0,-0.09029669741370838,0.13117458168800658,0.10649463265670281,0.0771155893423927,-0.034972963549115055,-0.004121333714834138,0.31109899579981704,0,0,0,6.402653265920419,6.402653265920419,7.895462290834065,9.42358565254984
right,12.14,0.0,-0.30000000000000004,0.0,-0.06765327512788032,0.10864994562301307,0.11058562384470899,0.14898288190446835,-0.03642165006137696,-0.010997907976896367,0.3131769021494073,0,0,0,6.213034565414645,6.213034565414645,7.880405889327296,7.98571175545629
right,12.16,0.0,-0.30000000000000004,0.0,-0.036956799208816164,0.08927288127328835,0.10056961651788512,0.13889938783731473,-0.04071278302771278,-0.016324238174845126,0.31514793189472584,0,0,0,6.173303424732336,6.173303424732336,7.866134157025453,5.11688361624439
right,12.18,0.0,-0.30000000000000004,0.0,-0.007237220347940567,0.0670802334886912,0.0859424668621783,0.08250960706360638,-0.04572646591839117,-0.019684469375121232,0.3168975497484539,0,0,0,5.473045868142948,5.473045868142948,7.852604459828356,2.7613895967372017
right,12.200000000000001,0.0,-0.30000000000000004,0.0,0.01715201568310923,0.031466939712034625,0.06103058069171512,0.04236157439248047,-0.04895981794200529,-0.02070680495025915,0.3182875482486834,0,0,0,5.301922369182017,5.301922369182017,7.839776654562442,1.613314252955845
right,12.22,0.0,-0.30000000000000004,0.0,0.0318731500057867,-0.019116762783623786,0.019038586019514074,-0.002795208596843642,-0.04812077777538613,-0.018774383675249428,0.31905542347284627,0,0,0,5.287719176421056,5.287719176421056,7.827612926052382,3.887541155050794
right,12.24,0.0,-0.30000000000000004,0.0,0.029773374008343033,-0.07706552176024675,-0.039058270661162124,-0.15414946780423933,-0.041315845248063386,-0.011697511390241557,0.31895036288057926,0,0,0,5.54697130014357,5.54697130014357,7.816077636553953,5.4132240647043375
right,12.26,0.0,-0.30000000000000004,0.0,0.02244250614111136,-0.12970682864651306,-0.12073741382375719,-0.3614813872757194,-0.02971401084591769,0.003492331275854744,0.31742927163682894,0,0,0,10.32216631086229,10.32216631086229,7.805137186447894,11.548020678546322
right,12.280000000000001,0.0,-0.30000000000000004,0.0,0.008892222620370262,-0.1626125391116063,-0.16826654610490016,-0.5236001767498435,-0.01967094822649013,0.022489078937084014,0.31443781475977073,0,0,0,12.393015731777414,12.393015731777414,7.794759885207565,13.799729435689063
right,12.3,0.0,-0.30000000000000004,0.0,-0.021391049208420224,-0.14225091305604737,-0.09895668372575202,-0.40711782310396394,-0.02713010199191119,0.02992994962521383,0.31218083245738604,0,0,0,11.528315344552102,11.528315344552102,7.784915831753487,13.672667440538959
right,12.32,0.0,-0.30000000000000004,0.0,-0.05206952659048843,-0.11275760918762937,-0.016274516130710872,-0.1665483228047503,-0.03308199622016683,0.029228556820708955,0.31142406800456895,0,0,0,10.453678935981477,10.453678935981477,7.732065073280275,11.407589781884518
right,12.34,0.0,-0.30000000000000004,0.0,-0.0753271406090485,-0.09220322116897116,0.02842033936450805,0.03834746022587886,-0.035792657778854105,0.024605622556610883,0.31191589501362404,0,0,0,11.034991167033526,11.034991167033526,7.572821699095364,11.445070043743485
right,12.36,0.0,-0.30000000000000004,0.0,-0.08007847292893047,-0.08302171157460299,0.02723592875159571,0.1735102479568026,-0.03500610356472166,0.017850007719586464,0.3128108704615528,0,0,0,13.356006326784495,13.356006326784495,7.427129208993428,13.5405260544381
right,12.38,0.0,-0.30000000000000004,0.0,-0.07111284872446233,-0.08407586163227883,-0.007504082199149478,0.2761025358457042,-0.028805169794332796,0.011446873532762252,0.313312287199209,0,0,0,14.092702853124878,14.0,7.189528397102968,14.284952180942227
right,12.4,0.0,-0.30000000000000004,0.0,-0.05529073122444088,-0.09561916528075805,-0.060374874362229415,0.3775599098394632,-0.01684116255801242,0.008714339843566146,0.3128841913694201,0,0,0,13.831146888153034,13.831146888153034,6.838431737311808,14.276084016495894
right,12.42,0.0,-0.30000000000000004,0.0,-0.03860451380923748,-0.11514939039707396,-0.1275536789297589,0.4941677631127617,-0.0010883553155080054,0.010984808132416736,0.3112224497113643,0,0,0,14.069785582975678,14.0,6.494682745337254,15.363629025658199
right,12.44,0.0,-0.30000000000000004,0.0,-0.03371204568101529,-0.16020617913126495,-0.135844493731374,0.5266462066848181,0.024500953537581308,0.012757890225537255,0.3088597870088259,0,1,0,15.488067048735022,14.0,6.158009629436307,17.24150779734932
right,12.46,0.0,-0.30000000000000004,0.0,-0.021222023974571225,-0.15198757962108947,-0.01445801921012311,0.18647715756780767,0.03275646035866472,0.023356849786835093,0.3077436086317337,0,1,0,7.236667821065795,7.236667821065795,6.0,11.40015951154345
right,12.48,0.0,-0.30000000000000004,0.0,-0.01744492133142985,-0.15907176413656257,0.0470747179054875,0.024754626348156027,0.03741319300555509,0.034820435218574294,0.30806457784003255,0,0,0,8.544563798645887,8.544563798645887,6.0,2.1294676870874896
right,12.5,0.0,-0.30000000000000004,0.0,-0.024788520008786452,-0.17450254565971568,0.10892561029810334,-0.06650336321010755,0.03623377390175842,0.04366292059925032,0.30959715690808337,0,0,0,8.569401852036261,8.569401852036261,6.0,4.8831602694627945
right,12.52,0.0,-0.30000000000000004,0.0,-0.03496875299854977,-0.21255626957481738,0.1180499626214349,-0.12167605742691318,0.03302669113232104,0.04829403876624675,0.3117170099607073,0,0,0,7.220359000576245,7.220359000576245,6.034419756742796,6.263955473417279
right,12.540000000000001,0.0,-0.30000000000000004,0.0,-0.044663890922126914,-0.25228704594129314,0.10061284576272132,-0.12158487546999075,0.029571700965350153,0.04479888088802309,0.313698775133059,0,0,0,5.363474609319896,5.363474609319896,6.138873768757165,6.084604906619545
right,12.56,0.0,-0.30000000000000004,0.0,-0.04665917386649798,-0.27747927096467667,0.07376470881701808,-0.13212554168778132,0.023553495437185344,0.03722102686512341,0.31528374245279234,0,0,0,5.020003640473631,5.020003640473631,6.249797507250605,5.153064195721225
right,12.58,0.0,-0.30000000000000004,0.0,-0.04150397891011835,-0.290401011953023,0.0348429004282028,-0.1709985196543724,0.014367854345241573,0.030317926581613634,0.3162371968835308,0,0,0,5.287836705786148,5.287836705786148,6.352124191008517,3.4855157638068706
right,12.6,0.0,-0.30000000000000004,0.0,-0.0325310196790778,-0.29249442081227056,-0.021401612454065102,-0.22334882853219967,0.003842746667870152,0.027502210119482985,0.31628135225490844,0,0,0,5.384878968783676,5.384878968783676,6.444853087627656,2.4921467637795396
right,12.620000000000001,0.0,-0.30000000000000004,0.0,-0.024235719368605878,-0.2895439364015406,-0.09496194446539537,-0.28118683397349653,-0.0035791985649936396,0.030440405656491733,0.31505576036588084,0,0,0,5.113777929674534,5.113777929674534,6.532386887618536,2.780875059483347
right,12.64,0.0,-0.30000000000000004,0.0,-0.021954053875990295,-0.28748892007001703,-0.17584239570132254,-0.33249621247792066,-0.00025224190604898833,0.038758599400261856,0.3123142747048848,0,0,0,5.354882642437764,5.354882642437764,6.625721595375076,3.1266696859578733
right,12.66,0.0,-0.30000000000000004,0.0,-0.055050403657345495,-0.2317236350354288,-0.15674612246892908,-0.22241894841883159,0.0028913259845275642,0.045226946408298774,0.30885576406520926,0,0,0,9.502376596980902,9.502376596980902,6.712350648380738,4.526452623049793
right,12.68,0.0,-0.30000000000000004,0.0,-0.09149397260244418,-0.1616435413413222,-0.07181952724496582,-0.1570632171389231,0.002579831595301085,0.043659827229845204,0.30656301461144636,0,0,0,10.82761223146962,10.82761223146962,6.808158673472597,7.704622224514312
right,12.700000000000001,0.0,-0.30000000000000004,0.0,-0.11370282676692889,-0.10937785278551429,-0.007095352047459001,-0.23618797981196682,0.0023721404005829024,0.038329748295038754,0.3058722177334087,0,0,0,10.681865739718926,10.681865739718926,6.932679835480627,6.895742038764173
right,12.72,0.0,-0.30000000000000004,0.0,-0.1361070110226869,-0.10162713811962557,0.03547311547502205,-0.14113803389708807,-0.00307151686442248,0.028174828821071668,0.30613410618775444,0,0,0,9.129387070200407,9.129387070200407,7.04319604995834,7.9363002141496
right,12.74,0.0,-0.30000000000000004,0.0,-0.14446956975839922,-0.1073748575058335,0.054428865442358795,-0.011574282542431029,-0.012496026949755441,0.020177427773701313,0.30710817162055165,0,0,0,8.893144401615203,8.893144401615203,7.055914352650333,7.815371380360949
right,12.76,0.0,-0.30000000000000004,0.0,-0.13572685114658534,-0.11226387382989643,0.03058574040164564,0.04372966328262884,-0.021379174182650583,0.013186079105505538,0.3080135443820467,0,0,0,8.636745013660141,8.636745013660141,7.081804032556125,5.751849557092827
right,12.780000000000001,0.0,-0.30000000000000004,0.0,-0.11526350746886253,-0.12281325456382307,-0.019865689648698198,0.055234778649849915,-0.024880581258506063,0.005529342192141292,0.30807739862080236,0,0,0,8.622817721147321,8.622817721147321,7.106514362043384,5.092992166420794
right,12.8,0.0,-0.30000000000000004,0.0,-0.07026908708593564,-0.1473797762988088,-0.07911836364701826,0.026802166642319568,-0.014692704191845825,-0.005791086350260745,0.3070473193344082,0,0,0,9.35848629723399,9.35848629723399,7.130094238295332,4.078654612022278
right,12.82,0.0,-0.30000000000000004,0.0,-0.03287410382397994,-0.2006234126086007,-0.10366253978606835,0.06922706497585587,0.005064791960508336,-0.019375695887651898,0.3050806230309601,0,0,0,10.126145825644613,10.126145825644613,7.152590972738377,3.1567012455037773
right,12.84,0.0,-0.30000000000000004,0.0,-0.004580516970199607,-0.24768434031605838,-0.049760841285758015,0.038177185781425656,0.024383818756037044,-0.02960836128877606,0.3031309470708867,0,0,0,8.989712191114451,8.989712191114451,7.1740503009061065,3.654086250128996
right,12.86,0.0,-0.30000000000000004,0.0,0.027048226825892016,-0.26085343955240076,0.009142131093129537,-0.11300799199859055,0.032098882061982865,-0.026160125818035247,0.30276622656813656,0,1,0,6.920216420888188,6.920216420888188,7.194516396862756,3.3241633411314524
right,12.88,0.0,-0.30000000000000004,0.0,0.04273874525402232,-0.25881672631613845,0.03837357483572476,-0.32425230680062206,0.036824065304785304,-0.01911142260396682,0.30316237879272667,0,0,0,7.350799554132843,7.350799554132843,7.214031891666803,6.486372529869237
right,12.9,0.0,-0.30000000000000004,0.0,0.028842524140386256,-0.2647593912218923,0.05781031088622994,-0.48393884972868545,0.04254916147388104,-0.009546852743217985,0.30398023090802756,0,0,0,7.538524707714786,7.538524707714786,7.232637895387295,5.12641264670376
right,12.92,0.0,-0.30000000000000004,0.0,-0.0015848617412467499,-0.2860555248869447,0.07333671471178863,-0.44299102531961654,0.04913223547038965,0.0013096209970815207,0.30508904876715764,0,0,0,7.088195334191511,7.088195334191511,7.25037402221783,4.112349137089426
right,12.94,0.0,-0.30000000000000004,0.0,-0.025548471750660447,-0.31528196552480037,0.0764680556794368,-0.3196650290898944,0.05826665002316142,0.010597536625725032,0.30632583520034273,0,0,0,6.107851766654289,6.107851766654289,7.267278418264738,2.442595005212673
right,12.96,0.0,-0.30000000000000004,0.0,-0.034443167827321104,-0.3424704580532371,0.06192085048305056,-0.1726917049255964,0.06589392623334737,0.016380055217808064,0.3073530694915511,0,0,0,5.816159069007704,5.816159069007704,7.283387791617322,2.3983461839854083
right,12.98,0.0,-0.30000000000000004,0.0,-0.02624753872058004,-0.35626141373285647,0.02576745000759485,-0.043275167507658724,0.06667043060224279,0.021213709783964984,0.30783917651370024,0,0,0,6.678828945227101,6.678828945227101,7.320939678527324,3.515139098562269
right,13.0,0.0,-0.30000000000000004,0.0,-0.014932664685086907,-0.3335046689979487,-0.00038990760601165936,0.1407381515049028,0.059267800916420116,0.026967921765217177,0.3075601269863369,0,0,0,7.375783592120105,7.375783592120105,7.360807025258385,4.9463137545274245
right,13.02,0.0,-0.30000000000000004,0.0,-0.012497793363339754,-0.2628268333132763,-0.0059439833931527655,0.3630614467376488,0.04421230520521389,0.029240282578133756,0.30728454275341344,0,0,0,7.266844705429391,7.266844705429391,7.37376381352211,6.4516099013613495
right,13.040000000000001,0.0,-0.30000000000000004,0.0,-0.01179627324065211,-0.19253667948039238,0.013451754982678282,0.5223952724101778,0.028274681875151187,0.027716034915656936,0.3070969884957463,0,0,0,7.514503477844364,7.514503477844364,7.380774737276656,8.020071426559394
right,13.06,0.0,-0.30000000000000004,0.0,-0.005198885797895803,-0.1353844513578734,0.035127172356867645,0.4412700665494201,0.028520104920288867,0.029442828291951842,0.30749867540805637,0,0,0,7.855514036713933,7.855514036713933,7.410340474963981,7.2185459736328275
right,13.08,0.0,-0.30000000000000004,0.0,0.003671081020097089,-0.09576131987198688,0.025086386945477962,0.20577210361130274,0.0342233972380993,0.028369513900599098,0.30788136938565325,0,0,0,7.683659405232429,7.683659405232429,7.49748252726058,7.1751949216514435
right,13.1,0.0,-0.30000000000000004,0.0,0.004339120203034042,-0.0852805626183188,0.00014579068438090375,0.04523245691184649,0.04077250092646964,0.02183193944086049,0.30796058967972717,0,0,0,7.370340449786142,7.370340449786142,7.599521279894972,6.027044130109782
right,13.120000000000001,0.0,-0.30000000000000004,0.0,0.0009314392018309539,-0.0908839705595462,0.008798123894621184,-0.00794786424985798,0.04038406052110796,0.011317285506883332,0.30798306886201127,0,0,0,7.857578705200872,7.857578705200872,7.630705372063382,5.225715181810282
right,13.14,0.0,-0.30000000000000004,0.0,0.00046908532627679795,-0.10237576372395221,0.026849579757329628,-0.012409857530497042,0.035870613738047154,0.001624358958935747,0.30832770761808737,0,0,0,8.266834989325151,8.266834989325151,7.754569547653983,3.930469860199178
right,13.16,0.0,-0.30000000000000004,0.0,0.00419799123270304,-0.11460451315945165,0.03424439027870312,-0.01436217233377033,0.031794946261567855,-0.0049474934620032445,0.30893695844833446,0,0,0,8.075158998301783,8.075158998301783,7.866725316051419,2.9439174934770684
right,13.18,0.0,-0.30000000000000004,0.0,0.010545491974467889,-0.12856117146450766,0.014624479152377775,-0.01820490093381991,0.029561774758835948,-0.008030992741768031,0.3094273268218273,0,0,0,7.337080073253884,7.337080073253884,7.9114345230385545,2.830806129552732
right,13.200000000000001,0.0,-0.30000000000000004,0.0,0.019373664048895383,-0.14620361701032977,-0.029625726914324656,0.010353183045055264,0.029272353740602466,-0.007613498619116434,0.30923733216315125,0,0,0,6.581200405929535,6.581200405929535,7.9044571214218955,4.185049592226037
right,13.22,0.0,-0.30000000000000004,0.0,0.025758308069394335,-0.17434169587008178,-0.06730259700079552,0.09251002644849098,0.036037480583948456,-0.004312642284033321,0.30807105351594566,0,0,0,5.016745119584291,5.016745119584291,7.89190349710471,5.449531966914411
right,13.24,0.0,-0.30000000000000004,0.0,0.029081442621495927,-0.2130196111375796,-0.060306820791833166,0.09161801189673477,0.05512672630860788,-0.004899345745020681,0.30651983235694796,0,1,0,6.0661862234601545,6.0661862234601545,7.968773301435448,7.245430922661463
right,13.26,0.0,-0.30000000000000004,0.0,0.03938729458313661,-0.2126699014045919,0.01064544314257693,-0.09038275305979587,0.0651706402137556,0.0003104493510418831,0.30591075871204493,0,0,0,7.079222701916839,7.079222701916839,8.059385722344171,2.8683916640972154
right,13.280000000000001,0.0,-0.30000000000000004,0.0,0.04654303448166393,-0.21154371988186996,0.06440927319015417,-0.15941846667906132,0.07112671808469898,0.007628682900861665,0.30641924136563603,0,0,0,7.437138703403421,7.437138703403421,8.035663631411595,6.32939071415005
right,13.3,0.0,-0.30000000000000004,0.0,0.0417853875429836,-0.21983108655247086,0.10625575391202015,-0.1377091690766352,0.06841488314973657,0.014843077069604266,0.3077343598332371,0,0,0,9.292482635500928,9.292482635500928,8.01320957618276,10.628197479631375
right,13.32,0.0,-0.30000000000000004,0.0,0.03080083738172935,-0.2467366054505163,0.11061026212697225,-0.056818259353863365,0.06271251286816604,0.019699329102342723,0.309431796245859,0,0,0,7.699588781486787,7.699588781486787,7.991951399267169,10.556190542278078
right,13.34,0.0,-0.30000000000000004,0.0,0.01769018862140997,-0.27322795209935224,0.10753223360289263,0.04191657445038851,0.05697751890406176,0.02086981563211523,0.3112035225982395,0,0,0,6.152386706274498,6.152386706274498,7.977637688952161,8.281093311406964
right,13.36,0.0,-0.30000000000000004,0.0,0.009883780155696355,-0.2935895343829063,0.09850733888759265,0.09870853092214138,0.05109556368079664,0.020924804522431586,0.31291954239907505,0,0,0,6.467155751231571,6.467155751231571,8.023186849634065,5.198788244404488
right,13.38,0.0,-0.30000000000000004,0.0,0.013095602698926956,-0.30483605854966433,0.06728991338332427,0.14570664782145845,0.043508070175191656,0.022416894005899326,0.31426739008266696,0,0,0,6.659248192777557,6.659248192777557,8.066115304949122,3.423323278018041
right,13.4,0.0,-0.30000000000000004,0.0,0.021935434716018515,-0.308427339528958,0.0065300108868036905,0.19421153202325517,0.03643000370876112,0.02718831538622634,0.31470534010574136,0,0,0,6.170739232026606,6.170739232026606,8.076572893115227,3.396997106581125
right,13.42,0.0,-0.30000000000000004,0.0,0.031092028342758826,-0.3114942219459294,-0.07729284711641472,0.18046348155399652,0.033566302174198315,0.03548587369262101,0.3136892512582624,0,0,0,5.25858937073026,5.25858937073026,8.051929109244455,3.632296660100945
right,13.44,0.0,-0.30000000000000004,0.0,0.006238538853441443,-0.25532861546204944,-0.07533308480857621,0.29460065949269704,0.024693365140990395,0.03954601642336141,0.3119615831282565,0,0,0,7.93943168675745,7.93943168675745,8.028606115074876,3.063006430392192
right,13.46,0.0,-0.30000000000000004,0.0,-0.015463311816047046,-0.18242985696418834,-0.07681717028541085,0.27664516954354806,0.009662681688639412,0.034333729970116376,0.31026885375767427,0,0,0,8.439375687967281,8.439375687967281,8.00652839358105,7.9256097618994295
right,13.48,0.0,-0.30000000000000004,0.0,-0.028870082374847984,-0.12168429513097807,-0.03642025796848538,0.08448622016047344,0.009546164858147363,0.02881765851363231,0.3092512384960253,0,0,0,9.69103336114838,9.69103336114838,8.027386169980588,8.020474985306087
right,13.5,0.0,-0.30000000000000004,0.0,-0.04281711473810495,-0.09268740189800226,-0.002610911518694769,-0.06466099755755111,0.012322745754006067,0.020534695144825903,0.3088707223591566,0,0,0,7.948622640679202,7.948622640679202,8.00537345802283,8.178067590283618
right,13.52,0.0,-0.30000000000000004,0.0,-0.051891272435813214,-0.09636476610420325,0.026466671255493388,0.03594763587583526,0.00798015803301415,0.010026253714336363,0.3089629141018416,0,0,0,9.077040957593894,9.077040957593894,7.984531624072229,8.231717260238945
right,13.540000000000001,0.0,-0.30000000000000004,0.0,-0.05003936684704562,-0.10558818243629302,0.04423262712180763,0.117838810070857,-0.0006889493243624462,0.0014695051556770076,0.30967276750444894,0,0,0,9.006366388015417,9.006366388015417,7.944775289755356,6.385475709440998
right,13.56,0.0,-0.30000000000000004,0.0,-0.03798991567523111,-0.1155473523563022,0.026179002268396673,0.13590110416483042,-0.008640323031050305,-0.005087041063703229,0.31039726088430836,0,0,0,8.554307892289916,8.554307892289916,7.882455326905141,3.5888667604373463
right,13.58,0.0,-0.30000000000000004,0.0,-0.018883709028913703,-0.1297494111914533,-0.02223554901989861,0.1303202855804027,-0.012371286014007209,-0.009136698713419671,0.31042722593660327,0,0,0,8.048276622952452,8.048276622952452,7.837788336182019,2.721629076764404
right,13.6,0.0,-0.30000000000000004,0.0,-5.71738627758681e-05,-0.15195729130021773,-0.08212013034721051,0.15295564041682924,-0.011154677673669084,-0.009820558670363883,0.30929727897202197,0,0,0,7.799382747502373,7.799382747502373,7.813597031878036,5.060657357376115
right,13.620000000000001,0.0,-0.30000000000000004,0.0,0.017570444851198994,-0.20003012646938537,-0.09449150501710583,0.21737720225894222,0.004546648433773314,-0.011026383105261646,0.30738132633404325,0,0,0,7.373717982453322,7.373717982453322,7.8027512286073915,5.060657357376115
right,13.64,0.0,-0.30000000000000004,0.0,0.024792162516043072,-0.2660548105673776,-0.08406440653548312,0.28817644084605737,0.030608576077393836,-0.016059107923927417,0.3054442749396472,0,1,0,6.234974713034925,6.234974713034925,7.804806629103705,3.565384731891771
right,13.66,0.0,-0.30000000000000004,0.0,0.032077204597008704,-0.2861443810009147,0.012216090347216014,0.14979127113294047,0.04147630468610354,-0.013907820622402135,0.3047123693444888,0,0,0,7.835314099815129,7.835314099815129,7.843550254113335,2.7755470028879414
right,13.68,0.0,-0.30000000000000004,0.0,0.03612870650744487,-0.2848300788177361,0.05634976263071688,-0.04235744721964145,0.04778127758207469,-0.007270798188875041,0.30524170033150005,0,0,0,7.453446780698331,7.453446780698331,7.920170437979909,2.8971901801486735
right,13.700000000000001,0.0,-0.30000000000000004,0.0,0.026154907171910446,-0.28794074734806124,0.10010722808190896,-0.14698371652971526,0.05046328734380089,0.0029941013256626126,0.3065424173169335,0,0,0,7.820214607332182,7.820214607332182,8.017055701185665,5.483933916239035
right,13.72,0.0,-0.30000000000000004,0.0,0.014907748083932892,-0.3064629383749094,0.11463099988542644,-0.12103873433461028,0.05528061450132678,0.013241760291257747,0.3083634483818391,0,0,0,6.381179073649314,6.381179073649314,8.119121893270162,6.849984807401139
right,13.74,0.0,-0.30000000000000004,0.0,0.007426879566497298,-0.3285007963817137,0.1071329145349247,-0.055711412658860385,0.06271666797409908,0.019889718719084203,0.3101512770082739,0,0,0,6.24533571566856,6.24533571566856,8.092185565375132,6.593599462003208
right,13.76,0.0,-0.30000000000000004,0.0,0.0055493884193986934,-0.34862921478110814,0.08711258077691125,0.0024742210779367894,0.06817506211248318,0.024945598635387027,0.31161020616115553,0,0,0,6.575470792105223,6.575470792105223,8.066702354350728,4.142664070228915
right,13.780000000000001,0.0,-0.30000000000000004,0.0,0.013952594087328568,-0.36203777781383534,0.04548931171413976,0.04283735226928574,0.06819058160959142,0.030876604021650145,0.3124245392162218,0,0,0,6.903390208890814,6.903390208890814,8.042588201586668,3.5969947230857673
right,13.8,0.0,-0.30000000000000004,0.0,0.02359551218321912,-0.3560496621702056,0.004177262881694725,0.11806441156578779,0.062230111828179294,0.03885571574241077,0.3122150648770477,0,0,0,6.99133267262596,6.99133267262596,8.019764493201983,5.492401027024276
right,13.82,0.0,-0.30000000000000004,0.0,-0.002029674720247244,-0.2906847220179651,0.011390644275161154,0.3303877232849141,0.04710809059874954,0.04166072415559148,0.31202725597928954,0,0,0,6.4186319944172245,6.4186319944172245,7.998157647915839,2.605096717441977
right,13.84,0.0,-0.30000000000000004,0.0,-0.024272499602799154,-0.21643709131338434,0.0045474821324221915,0.392002478149992,0.026821379454191996,0.03802279545750183,0.31195600423762226,0,0,0,7.455746926140229,7.455746926140229,7.977698742088332,7.436483959751382
right,13.86,0.0,-0.30000000000000004,0.0,-0.04134262790258429,-0.13991879059184342,0.008486424119236018,0.2981558188327392,0.008553554327490902,0.02879512906821475,0.31173226654590763,0,0,0,8.038392283955726,8.038392283955726,7.968627991781457,9.31679758935928
right,13.88,0.0,-0.30000000000000004,0.0,-0.05828207102350332,-0.08760007042725253,0.029510368643133007,0.05106725528172536,0.014016543728473186,0.02298215094054216,0.31209557577661384,0,0,0,7.499703665151541,7.499703665151541,7.949731603703185,8.529256025330282
right,13.9,0.0,-0.30000000000000004,0.0,-0.08047671373419621,-0.06125462662762925,0.031193750771790887,-0.12781371397017116,0.02210625372667705,0.015011202652845414,0.31258089156651736,0,0,0,6.5838255287839385,6.5838255287839385,7.931831250973296,6.778915941339637
right,13.92,0.0,-0.30000000000000004,0.0,-0.09643599523419069,-0.06285023059145822,0.04176266905377974,-0.06476254153951436,0.020252467727998325,0.00399216965813002,0.3131673466535443,0,0,0,7.6149190856417555,7.6149190856417555,7.914871674759262,6.844652851013498
right,13.94,0.0,-0.30000000000000004,0.0,-0.09962971360495883,-0.0709816583423936,0.043072100927982776,-0.0019404168005726953,0.012026064962730832,-0.006745207958278568,0.3139530527967002,0,0,0,8.341798627433242,8.341798627433242,7.898800960484039,5.63068089561153
right,13.96,0.0,-0.30000000000000004,0.0,-0.08920668631743871,-0.08600505898140214,0.017095673312645228,0.035219385537261484,0.005907357475713261,-0.014116191619845024,0.3145166785584908,0,0,0,8.476872602715503,8.476872602715503,7.878426561807263,3.3539775895462594
right,13.98,0.0,-0.30000000000000004,0.0,-0.06831488473251489,-0.10603632890048276,-0.0379001065647123,0.05268706442640662,0.004874862114757025,-0.01690496410341905,0.3142310193515795,0,0,0,8.154209169690837,8.154209169690837,7.841513177213798,2.5503420540511783
right,14.0,0.0,-0.30000000000000004,0.0,-0.044290085786184895,-0.13014770901119102,-0.11026951650903297,0.0816756609485214,0.00806387283329149,-0.01576684797557741,0.31264205331124456,0,0,0,7.882767115840823,7.882767115840823,7.815443406535213,3.083462692610034
right,14.02,0.0,-0.30000000000000004,0.0,-0.0235981984202975,-0.16649151885630759,-0.15611580827323834,0.14788767627419835,0.017811949729437067,-0.011515093656614532,0.30968268291350454,0,0,0,7.4187163523008754,7.4187163523008754,7.80121277915385,3.569699943622498
right,14.040000000000001,0.0,-0.30000000000000004,0.0,-0.011318441136144464,-0.22941752999960577,-0.11729378127923602,0.14178849139034583,0.04386561747310063,-0.012738808536566433,0.3067146263009474,0,1,0,6.2500070272674675,6.2500070272674675,7.798840341685164,3.840755023472479
right,14.06,0.0,-0.30000000000000004,0.0,0.006096911851290702,-0.2439231300321282,-0.005317141081262196,-0.06279187974971157,0.05558893623175995,-0.008891761895309805,0.30549561413848364,0,1,0,7.838798771742474,7.838798771742474,7.83360936829764,3.3225494050751503
right,14.08,0.0,-0.30000000000000004,0.0,0.019381486742090132,-0.2433444059555706,0.0601961748437109,-0.25017098781018743,0.06226025323766974,-0.003094591147133748,0.305855758292723,0,0,0,7.898288290464628,7.898288290464628,7.914960753781735,4.03421239055471
right,14.1,0.0,-0.30000000000000004,0.0,0.010629633228427596,-0.25083793085104394,0.10711062183022006,-0.29362736813572893,0.06120066129593283,0.005754170292244332,0.30724168756666453,0,0,0,7.934574942480414,7.934574942480414,8.022671623269346,6.0539168382464
right,14.120000000000001,0.0,-0.30000000000000004,0.0,-0.004372356829560742,-0.27571037882617844,0.11660990983087852,-0.1932264221282115,0.05912587144807585,0.014305262005130798,0.3091367590790486,0,0,0,6.330761330091348,6.330761330091348,8.097287655044653,6.925333294474632
right,14.14,0.0,-0.30000000000000004,0.0,-0.016697336472117158,-0.30237129728597223,0.10531873033411845,-0.07179556977105955,0.059965819628427605,0.01856636816556299,0.3109501482488324,0,0,0,6.205382283786336,6.205382283786336,8.091511461413695,6.5518010225253915
right,14.16,0.0,-0.30000000000000004,0.0,-0.020868291545182834,-0.3222675474771127,0.08530507796762077,0.00011625785286453229,0.06097973523057395,0.020754740587178126,0.31244250434463033,0,0,0,6.811762014084788,6.811762014084788,8.066064536805964,4.6948184123373595
right,14.18,0.0,-0.30000000000000004,0.0,-0.010291795053752661,-0.3313081976474568,0.04492141715852041,0.041173138356238835,0.05830799216803285,0.024299267864194316,0.31333537184572174,0,0,0,7.320290961985677,7.320290961985677,8.041984579531022,3.373751185762078
right,14.200000000000001,0.0,-0.30000000000000004,0.0,0.008625144106734577,-0.33210205178062985,-0.017258685454379297,0.08295778080764449,0.05288647316237942,0.031363272395310914,0.3131777623635612,0,0,0,7.368620109856212,7.368620109856212,8.019193110309764,3.177622173468652
right,14.22,0.0,-0.30000000000000004,0.0,0.008215715162932753,-0.3027393268798541,-0.03916182231317508,0.19699396768810606,0.04501850839733927,0.03892890371543445,0.31207393613782386,0,0,0,6.631230353000556,6.631230353000556,7.9976166723589905,3.2544733245793287
right,14.24,0.0,-0.30000000000000004,0.0,-0.008195538329058632,-0.23493778880473298,-0.03739590672080556,0.3320646753823996,0.030313530841213163,0.039120024608855546,0.3110762863136656,0,0,0,7.835317540727109,7.835317540727109,7.977186457335009,5.080866778790982
right,14.26,0.0,-0.30000000000000004,0.0,-0.021982256440282583,-0.15929020296569124,-0.031017327775075456,0.2908843264854173,0.012296560638131337,0.032098185882353754,0.31008787539293253,0,0,0,8.403324384243264,8.403324384243264,7.95783796440438,8.956117121423576
right,14.280000000000001,0.0,-0.30000000000000004,0.0,-0.03259163075261625,-0.1037519013119086,-0.004014987876718515,0.06328874535411799,0.01470384686681893,0.02758182628896096,0.30985795288081625,0,0,0,8.375011820926503,8.375011820926503,8.010931167895539,8.729172392323308
right,14.3,0.0,-0.30000000000000004,0.0,-0.050357813251190084,-0.0758549751225282,0.011613516305205488,-0.11684250202792841,0.020227440477788516,0.02100124166935812,0.31007592465346756,0,0,0,7.540941390335863,7.540941390335863,7.989794099033304,6.727156612437117
right,14.32,0.0,-0.30000000000000004,0.0,-0.06581375404492285,-0.0757755566277827,0.03886398057104496,-0.07984751576111161,0.017947329886841393,0.011063581373898713,0.3106280886591908,0,0,0,8.348909937089056,8.348909937089056,7.969778481507468,6.3407628185345475
right,14.34,0.0,-0.30000000000000004,0.0,-0.06736804165430231,-0.0831150527703118,0.05694231050396812,-0.023564376817783384,0.009388226576078336,0.00154396875213341,0.31168197905089684,0,0,0,8.59493940246353,8.59493940246353,7.94776964432555,4.426673659957416
right,14.36,0.0,-0.30000000000000004,0.0,-0.05608668850197409,-0.09513850291485802,0.03821763427743309,0.006195734268670858,0.0018766807224818358,-0.005461796536061648,0.31268997276450544,0,0,0,8.364413945595196,8.364413945595196,7.89912463280897,3.0935371502884794
right,14.38,0.0,-0.30000000000000004,0.0,-0.03733633097244569,-0.1124305214621942,-0.015164421663457432,0.04134440050907179,-0.0006164291096777062,-0.00800615810134418,0.3129426196950879,0,0,0,7.758863077983254,7.758863077983254,7.856835412874503,2.8344910232100786
right,14.4,0.0,-0.30000000000000004,0.0,-0.0194295041514942,-0.13362467712832474,-0.08562745111603066,0.11744527659221071,0.0008699980308242064,-0.005783802802268665,0.3119236509050278,0,0,0,7.205892267583814,7.205892267583814,7.836776648349598,4.166236742884676
right,14.42,0.0,-0.30000000000000004,0.0,-0.008252256293470107,-0.16940401328554525,-0.12358186306205012,0.23767500330345107,0.010871946655975991,0.00031079037617454195,0.30961025374295154,0,0,0,6.532968454121164,6.532968454121164,7.83929256782033,5.413353647651924
right,14.44,0.0,-0.30000000000000004,0.0,-0.01430225837538639,-0.23877975236278198,-0.1107945262161999,0.32085585211260925,0.03893886924054256,0.0013604875294696663,0.3073373326712871,0,1,0,5.801566452796445,5.801566452796445,7.859327146533097,7.919913233624527
right,14.46,0.0,-0.30000000000000004,0.0,-0.015843065060727003,-0.25604002399317605,0.023090315625105613,0.08584604186629846,0.05362950940840835,0.006714112087371385,0.3065142491575299,0,1,0,7.386483881488361,7.386483881488361,7.916038428841471,4.708669135935928
right,14.48,0.0,-0.30000000000000004,0.0,-0.016531504950312463,-0.26112209525392543,0.08197279022847921,-0.09361116506510411,0.060674300467808,0.016061008107626132,0.30743112527053107,0,0,0,6.746356388355503,6.746356388355503,8.006408369806525,3.1402873265056805
right,14.5,0.0,-0.30000000000000004,0.0,-0.031103987122462543,-0.2740723986175149,0.11102237891493427,-0.08911931170141535,0.05802623828656285,0.025657289961257983,0.30908358848518275,0,0,0,6.468774868642191,6.468774868642191,8.093231585115213,6.340831149632459
right,14.52,0.0,-0.30000000000000004,0.0,-0.039874088893347315,-0.30079427295668265,0.09203575990704398,-0.05109764101063465,0.05363585931422176,0.03243627340610299,0.3106565343138842,0,0,0,7.6335035297321525,7.6335035297321525,8.09306054115929,8.659411218678514
right,14.540000000000001,0.0,-0.30000000000000004,0.0,-0.040817217787630054,-0.32138040385094574,0.07049247316467724,-0.04564094532958045,0.04889502018726724,0.03491234518107057,0.3118332291233801,0,0,0,6.932746424155422,6.932746424155422,8.14081128550713,8.611757740929262
right,14.56,0.0,-0.30000000000000004,0.0,-0.03407697291840674,-0.33389946165411294,0.04949967777993056,-0.08204085234213052,0.04316559756930684,0.03592398594059618,0.31265444756030597,0,0,0,7.374958697741719,7.374958697741719,8.124698383852298,6.935717552343114
right,14.58,0.0,-0.30000000000000004,0.0,-0.01812238067599803,-0.33986544981200467,0.018386850588211094,-0.12392562260180637,0.03690210806961937,0.03793923768872608,0.3130190563487888,0,0,0,7.586790203796661,7.586790203796661,8.097460453833964,4.308372728589042
right,14.6,0.0,-0.30000000000000004,0.0,0.004247891649873706,-0.3395555897459,-0.036188672240627516,-0.14376202118175554,0.03157490948241939,0.04270104589754598,0.3125386678835506,0,0,0,7.1949694528035595,7.1949694528035595,8.071693167087226,4.0536901066828595
right,14.620000000000001,0.0,-0.30000000000000004,0.0,0.009546209475322195,-0.30632753281911446,-0.05864181348129687,-0.060796753976703914,0.024982591875162205,0.04779038936756718,0.3111371108932396,0,0,0,6.3532758751680305,6.3532758751680305,8.047311321571353,3.965569469700787
right,14.64,0.0,-0.30000000000000004,0.0,0.0031316376639805325,-0.23373074453622253,-0.06015148814160375,0.06157198222432607,0.012458304584089029,0.04559431484087489,0.3097213763196825,0,0,0,8.106176619364778,8.106176619364778,8.024235247357712,4.442583538503132
right,14.66,0.0,-0.30000000000000004,0.0,-0.0005475487185464766,-0.15564897809656367,-0.04264202709987737,0.036812521113544695,-0.0017162504734080809,0.03722502214030685,0.3083601378887449,0,0,0,9.240963450885141,9.240963450885141,8.002390386535154,7.1210237781648145
right,14.68,0.0,-0.30000000000000004,0.0,-0.002743950309023636,-0.09558271269106826,0.002004079519795106,-0.12235403284873819,0.0014031048931646372,0.03267996887408561,0.3079810757536555,0,0,0,9.06104049682974,9.06104049682974,7.981706911140233,7.1999657601195866
right,14.700000000000001,0.0,-0.30000000000000004,0.0,-0.013335495293426713,-0.06222523457188446,0.006744391649222326,-0.25720727553006795,0.008143782342720614,0.024477137841119313,0.3079410838331642,0,0,0,8.165097800904837,8.165097800904837,7.962119375059334,6.300252627160731
right,14.72,0.0,-0.30000000000000004,0.0,-0.02629531894860733,-0.05734038745205804,0.01963074705214691,-0.1486379894172378,0.004910291728617623,0.011771317983362891,0.30804870174670484,0,0,0,6.918927098973906,6.918927098973906,7.943566396345094,7.250009554820174
right,14.74,0.0,-0.30000000000000004,0.0,-0.03442628896168038,-0.06154258534421025,0.04149090261165215,-0.000680329898117245,-0.004605629847445943,0.0008890716345934939,0.3086254522167087,0,0,0,7.924213855557888,7.924213855557888,7.925990366817153,5.748762623355983
right,14.76,0.0,-0.30000000000000004,0.0,-0.03210601274365079,-0.06816077371424094,0.04240533197731986,0.0893310283781864,-0.011192884947569976,-0.0036753942459871224,0.3095219475354984,0,0,0,7.795495036571302,7.795495036571302,7.909337186187319,3.402689906070333
right,14.780000000000001,0.0,-0.30000000000000004,0.0,-0.021125483752126653,-0.07522506032379117,0.004562893943490032,0.12415401846132763,-0.014198819161686582,-0.0034711501260003843,0.3100010498516173,0,0,0,7.1142190002986005,7.1142190002986005,7.8935560182699795,2.616800169140614
right,14.8,0.0,-0.30000000000000004,0.0,-0.007219709269981807,-0.0837163896366934,-0.06226588117189854,0.16028560811951514,-0.013127065230159801,0.00029491828896306536,0.3094345876816725,0,0,0,6.467041672682831,6.467041672682831,7.902160014626844,3.0787858248439646
right,14.82,0.0,-0.30000000000000004,0.0,0.007782635010589548,-0.12314500304519736,-0.06949445688307271,0.15815727587954664,0.003959604150209777,0.0022021031398010635,0.3081250375524813,0,0,0,6.152712030341695,6.152712030341695,7.935968110964257,2.364988314844285
right,14.84,0.0,-0.30000000000000004,0.0,0.019893155042271977,-0.1855893057237554,-0.0828133847817956,0.17935370927086852,0.03293596822902451,-0.000254776273940097,0.30658555712824836,0,1,0,5.724320584131899,5.724320584131899,7.982680420032995,3.669540218916713
right,14.86,0.0,-0.30000000000000004,0.0,0.030015130624947338,-0.21588708127310122,0.013968924184702764,0.03227294124333767,0.046427683196067056,0.0017705689146483385,0.3058747083206786,0,0,0,7.890762058447901,7.890762058447901,8.04953784283904,3.1805893986143756
right,14.88,0.0,-0.30000000000000004,0.0,0.03466805765729473,-0.2244276975119295,0.05925363173481742,-0.10234700253200407,0.05421967861157922,0.008527879190449044,0.30646755279656074,0,0,0,7.183610386553522,7.183610386553522,8.12055748120451,2.92844012460814
right,14.9,0.0,-0.30000000000000004,0.0,0.03163149420786558,-0.2349640526886736,0.0890688238014413,-0.12734450263164332,0.056583453952806506,0.016553066708629542,0.3077022377038014,0,0,0,6.971258859888453,6.971258859888453,8.178120165498505,4.787080202277911
right,14.92,0.0,-0.30000000000000004,0.0,0.022197533310999624,-0.2565325485598813,0.09815539057998521,-0.06597759717859317,0.058558736279893324,0.02395274884951216,0.30924242203540575,0,0,0,6.353053244554237,6.353053244554237,8.175900373275422,6.284226158402832
right,14.94,0.0,-0.30000000000000004,0.0,0.014245893434699466,-0.28129955294919895,0.0965510829211265,0.006735375574131184,0.060737735597058716,0.02875830467376793,0.31080022892840936,0,0,0,6.513468091962229,6.513468091962229,8.211281013610954,6.116673476175133
right,14.96,0.0,-0.30000000000000004,0.0,0.011774921999571315,-0.3038713153583288,0.08854329401358485,0.04602895414243181,0.06076686244703329,0.0322162901249814,0.31225107913990985,0,0,0,6.857622626041362,6.857622626041362,8.273166387808864,4.421557355057924
right,14.98,0.0,-0.30000000000000004,0.0,0.01947958805164145,-0.32072450714621853,0.05998604835478974,0.0674349573066809,0.05753860828088821,0.036110795352118065,0.3133469370406627,0,0,0,6.890559376668302,6.890559376668302,8.24645726953311,2.861398283820494
right,15.0,0.0,-0.30000000000000004,0.0,0.03289447057408901,-0.3306493144311724,-0.0015602919287201512,0.0963625666944121,0.05209945237444293,0.04188131311636272,0.31352324512366175,0,0,0,6.353330956039831,6.353330956039831,8.212567829757017,2.772177605035465
turn_left,15.02,0.0,0.0,0.44999999999999996,0.044073559500679725,-0.33389080620602574,-0.0766581949055418,0.09867284342331073,0.04711277945272142,0.04981079659101165,0.3122288791560143,0,0,0,5.438606987335202,5.438606987335202,8.18054247918375,2.8778530602083134
turn_left,15.040000000000001,0.0,0.0,0.44999999999999996,0.021858896971203415,-0.27973261464370164,-0.08437474955645015,0.2234795685391289,0.03628057597318232,0.05241870145296159,0.3103540778038912,0,0,0,7.642829929872272,7.642829929872272,8.150269623137664,2.637159666674052
turn_left,15.06,0.0,0.0,0.44999999999999996,0.003863348904381945,-0.2017475650775563,-0.0984333009153357,0.22621370954818892,0.01964081058908185,0.046302504914062695,0.3083691801668386,0,0,0,9.128156156974484,9.128156156974484,8.15981158962046,6.2852451015208475
turn_left,15.08,0.0,0.0,0.44999999999999996,-0.011458356432929282,-0.135141454201496,-0.012534884625332629,0.14623832800288009,0.018849052003814464,0.04019041077657525,0.3072558184308656,0,0,0,10.925062574513408,10.925062574513408,8.227976062598394,6.4732863958199545
turn_left,15.1,0.0,0.0,0.44999999999999996,-0.025212789420947193,-0.09170688327590769,0.02919763746472609,-0.02866136467055854,0.029210472228350156,0.03369385293991544,0.30741539511999955,0,0,0,9.406877019522117,9.406877019522117,8.19510440599256,5.170053618223164
turn_left,15.120000000000001,0.0,0.0,0.44999999999999996,-0.03575195724194015,-0.08598384134727487,0.051463351702310055,0.015080141303364054,0.03325463978615855,0.022166280900245257,0.3080619294640153,0,0,0,8.191099364250476,8.191099364250476,8.16403578040445,7.59916475592156
turn_left,15.14,0.0,0.0,0.44999999999999996,-0.03726897136558771,-0.09555255939793578,0.07129190187733851,0.10839888029484253,0.028535451279661974,0.008953229598335343,0.3092148364601825,0,0,0,8.450065956485842,8.450065956485842,8.134662776164973,5.837087565318662
turn_left,15.16,0.0,0.0,0.44999999999999996,-0.03492429445418025,-0.10491810303283752,0.07011496216120455,0.1389838440855026,0.022299116569803937,-0.002444928356817565,0.31058944952205697,0,0,0,8.350455303775501,8.350455303775501,8.1010806190361,3.3631831668417123
turn_left,15.18,0.0,0.0,0.44999999999999996,-0.03187532746960387,-0.11100726182964346,0.05315349948551121,0.16499390630907876,0.020946401753708165,-0.011434869250857672,0.31176873486180245,0,0,0,7.949699390808659,7.949699390808659,8.064826591049673,2.3021277371820794
turn_left,15.200000000000001,0.0,0.0,0.44999999999999996,-0.03248929580024091,-0.11209227266924932,0.0293405935516999,0.22946766125054063,0.025146828257060737,-0.020040618306311174,0.31249296828059325,0,0,0,7.636394717265622,7.636394717265622,8.04081299427601,2.8325600978400374
turn_left,15.22,0.0,0.0,0.44999999999999996,-0.03982739784990431,-0.11123776803439375,0.009163815718161022,0.35123057594771484,0.03442946832831618,-0.02948532258729883,0.31279848411239947,0,0,0,7.468311233875474,7.468311233875474,8.035297608001272,3.4010903494756493
turn_left,15.24,0.0,0.0,0.44999999999999996,-0.037329245127600996,-0.07061513713160118,0.05596106216618042,0.3561364731945699,0.034200593182048065,-0.03356023590740036,0.3135003210724677,0,0,0,6.474000978822987,6.474000978822987,8.035505139423478,4.1269792539383765
turn_left,15.26,0.0,0.0,0.44999999999999996,-0.02698547789494318,-0.023024471819020485,0.058154259089680777,0.4571672218201126,0.027157711989651133,-0.03227598722973598,0.3147185008703104,0,0,0,5.106238305136348,5.106238305136348,8.054743462797685,5.813082684694317
turn_left,15.280000000000001,0.0,0.0,0.44999999999999996,-0.024825265325856972,0.011969301859393561,0.06917022799567735,0.5469783847934159,0.018707066566737027,-0.02920067940107541,0.31587410864938253,0,0,0,6.362189499118242,6.362189499118242,8.121804872816309,7.9437692862728
turn_left,15.3,0.0,0.0,0.44999999999999996,-0.029901300946592248,0.025438581189723954,0.06622999607571368,0.582049630180816,0.017245667432096726,-0.02769234074445189,0.31716838239767414,0,0,0,6.279769849340434,6.279769849340434,8.184509437356724,6.458367130561716
turn_left,15.32,0.0,0.0,0.44999999999999996,-0.04168939347411393,0.01800239975901341,0.059117929664083364,0.560705463235259,0.010999246327086338,-0.026974968594111907,0.31831223876407416,0,0,0,7.408389458768605,7.408389458768605,8.154019977820617,8.044349844085463
turn_left,15.34,0.0,0.0,0.44999999999999996,-0.05205556010603736,0.014113300934566827,0.06540098125581531,0.5421665435855296,0.0014194090207921663,-0.027214439135440985,0.31944625524888226,0,0,0,11.616176057902408,11.616176057902408,8.125191843364835,12.836223223856802
turn_left,15.36,0.0,0.0,0.44999999999999996,-0.0540114802052363,0.012430971635430164,0.06820572071185832,0.4978613172384729,-0.006135621467973924,-0.028163836918208823,0.3206877545280755,0,0,0,9.739469286128063,9.739469286128063,8.097927212052081,13.324157090984048
turn_left,15.38,0.0,0.0,0.44999999999999996,-0.0501217205829192,0.012992701884672374,0.06414994654893294,0.446799776332486,-0.010826532761454429,-0.029322736383085204,0.32195732549333,0,0,0,7.007317391487434,7.007317391487434,8.072134776966735,10.425036888187389
turn_left,15.4,0.0,0.0,0.44999999999999996,-0.0463624115005902,0.017175779330225332,0.053109092144264285,0.41300168308384544,-0.01235987255946723,-0.02996677906354596,0.32310206858916946,0,0,0,6.973706574890755,6.973706574890755,8.154841059733606,6.014416423611028
turn_left,15.42,0.0,0.0,0.44999999999999996,-0.043861280143830145,0.022277784770940407,0.03614072101577095,0.3936496424901027,-0.011722286122910907,-0.029515260573624566,0.3239603064719637,0,0,0,6.9238117446762475,6.9238117446762475,8.276791568325677,3.0584005498250804
turn_left,15.44,0.0,0.0,0.44999999999999996,-0.04095385263120198,0.026043875815954173,0.019419695268154385,0.3573997033957297,-0.01054958232457619,-0.028370272656078423,0.32447769267737026,0,0,0,6.911043095585382,6.911043095585382,8.408875036669947,1.9625149810016906
turn_left,15.46,0.0,0.0,0.44999999999999996,-0.0373268483913744,0.02794691708198302,0.006566312819893769,0.29749145257392445,-0.010256987571665929,-0.027552088995317976,0.3247298062315797,0,0,0,6.924970309581554,6.924970309581554,8.467100209571935,3.015928340805278
turn_left,15.48,0.0,0.0,0.44999999999999996,-0.033765324695513375,0.030218268860126983,-0.002195494590569544,0.2259071815840779,-0.011925410272188429,-0.02731185443972036,0.32481098917155754,0,0,0,6.933920690483117,6.933920690483117,8.481109014031642,4.284795858862288
turn_left,15.5,0.0,0.0,0.44999999999999996,-0.030399886851450918,0.034764276367604374,-0.01374371100581598,0.15085127307960444,-0.015602422951768795,-0.027395800048345246,0.32472208290601284,0,0,0,6.930239890614183,6.930239890614183,8.4929888183378,5.676920921299014
turn_left,15.52,0.0,0.0,0.44999999999999996,-0.02705019139894718,0.03690158384708376,-0.021901353094042827,0.1458183388829106,-0.01924226044610218,-0.026509851531488746,0.3243132514056216,0,0,0,6.354315462746226,6.354315462746226,8.50360680554381,7.257924276465676
turn_left,15.540000000000001,0.0,0.0,0.44999999999999996,-0.013611652746593062,0.02195611652650786,-0.041302922062337835,0.18686523351348253,-0.015599143924847401,-0.020617517231711333,0.32363131332328815,0,0,0,4.529505895906965,4.529505895906965,8.530910909830734,5.430050637616672
turn_left,15.56,0.0,0.0,0.44999999999999996,-0.010834668352968814,0.0032672837283556373,-0.04530467088682799,0.31803274012019106,-0.009494189798931284,-0.012266242105937337,0.32265967037824345,0,1,0,5.097964886399604,5.097964886399604,8.609530138041595,5.151518292173697
turn_left,15.58,0.0,0.0,0.44999999999999996,-0.00813974321705861,-0.011241752474871629,-0.054127554255221665,0.449368440407685,-0.005830722123836329,-0.007553334722126402,0.3217065038443098,0,0,0,5.861762185130301,5.861762185130301,8.579107223214727,2.129952803275627
turn_left,15.6,0.0,0.0,0.44999999999999996,-0.00995309527574469,-0.015045418917407927,-0.07712526275166265,0.5250437874254363,-0.004344773356733726,-0.0026803584930200222,0.32027437253482516,0,0,0,6.776388465907216,6.776388465907216,8.54581716861965,6.022166935275531
turn_left,15.620000000000001,0.0,0.0,0.44999999999999996,-0.015045705578993528,-0.010881333670179936,-0.07323398930590463,0.5488764439099214,-0.0057169403244213155,0.0008343583141087486,0.3187221378600364,0,0,0,7.262733438663816,7.262733438663816,8.501556119565702,7.0722687758174905
turn_left,15.64,0.0,0.0,0.44999999999999996,-0.02124535940928816,-0.0024578942664131307,-0.05190385071832009,0.5476457616772048,-0.009873281877619688,0.0008416577291172033,0.3174825713760571,0,0,0,7.713527495626702,7.713527495626702,8.453315298965634,6.402175137633667
turn_left,15.66,0.0,0.0,0.44999999999999996,-0.025283441740584552,0.003948631095753092,-0.027758792252352903,0.5244422272170555,-0.013709742585511605,-0.0012960046626336874,0.31674125384724944,0,0,0,8.086695682397664,8.086695682397664,8.409201729694601,5.758485865808042
turn_left,15.68,0.0,0.0,0.44999999999999996,-0.02619911509305022,0.007632205363913366,-0.006566258413425754,0.4816545481594394,-0.01561774101392724,-0.004570277563154564,0.31646304124225627,0,0,0,8.250519666734746,8.250519666734746,8.36622217457914,3.9144006845661936
turn_left,15.700000000000001,0.0,0.0,0.44999999999999996,-0.0219642772410482,0.00835497142272748,0.004883277237996305,0.4338219048229155,-0.015180320993629981,-0.008408529664140787,0.31651951616365825,0,0,0,8.131123327527371,8.131123327527371,8.325665612013797,2.515216649284572
turn_left,15.72,0.0,0.0,0.44999999999999996,-0.017304635829999613,0.006915205152447074,0.006696262252205906,0.3884627239089063,-0.012606148644144137,-0.012297717712867803,0.31669823073890013,0,0,0,7.835340840735229,7.835340840735229,8.28738068857125,2.2662847175922427
turn_left,15.74,0.0,0.0,0.44999999999999996,-0.01576735250277657,0.005853114481360673,-4.820391657522303e-05,0.3645632662692926,-0.008079755726026197,-0.016015738398720614,0.3168090715705343,0,0,0,7.632640053477558,7.632640053477558,8.251227070115128,3.494622311421626
turn_left,15.76,0.0,0.0,0.44999999999999996,-0.01890277471065465,0.004605238303274289,-0.009781077277807472,0.37398095229672085,-0.0031780298074511504,-0.019378996107313962,0.3167701553693992,0,0,0,7.53273598712226,7.53273598712226,8.235458519712846,5.076562168147148
turn_left,15.780000000000001,0.0,0.0,0.44999999999999996,-0.026778604962433134,0.005811165473222456,-0.022871005551456155,0.4180987176277728,0.0029618482600544706,-0.022234427600080896,0.3165267357485314,0,0,0,7.397123375661629,7.397123375661629,8.227703777822736,6.963935598235622
turn_left,15.8,0.0,0.0,0.44999999999999996,-0.03658921026494917,0.01854366084777145,-0.008203396183451988,0.43335008904404787,0.008840043070911439,-0.024081057508608946,0.31610204164928984,0,0,0,7.290860768470878,7.290860768470878,8.222614915766574,9.786781641103603
turn_left,15.82,0.0,0.0,0.44999999999999996,-0.02940182957018486,0.0526520999648158,0.0164158788505873,0.5088903156186884,-0.0005191752844088966,-0.017389940213497816,0.3162863907686361,0,1,0,5.353989055014314,5.353989055014314,8.219089104288695,4.301232854113638
turn_left,15.84,0.0,0.0,0.44999999999999996,-0.02387084182816622,0.05876127882920498,0.06203754809525133,0.5350639919681895,0.003278462993994508,-0.014547032425075043,0.3171933170775699,0,1,0,5.321345252788975,5.321345252788975,8.274781927693567,1.2315103452654843
turn_left,15.860000000000001,0.0,0.0,0.44999999999999996,-0.021301455614793054,0.05162970570125489,0.05251001827466176,0.5176445571223091,0.008766687299654402,-0.01415687278948221,0.31841850984703224,0,0,0,5.63549365405724,5.63549365405724,8.319056349684697,1.8086137191167797
turn_left,15.88,0.0,0.0,0.44999999999999996,-0.024855980381421658,0.03457992240491688,0.050452681666010094,0.5162548083730856,0.013029594673770477,-0.01383232613801746,0.3194178777605827,0,0,0,5.912278457269859,5.912278457269859,8.28114026793817,4.241022822173635
turn_left,15.9,0.0,0.0,0.44999999999999996,-0.029179031972517762,0.017211565804237543,0.061413125553151975,0.5214393965071645,0.01757340530735086,-0.014118129710125682,0.32048462950605566,0,0,0,7.544204887343321,7.544204887343321,8.282561037697072,8.982544694258307
turn_left,15.92,0.0,0.0,0.44999999999999996,-0.03340539082880159,0.002446822388122848,0.0714742265061669,0.517660736289455,0.0212289173822947,-0.015096250995809555,0.32175310612420716,0,0,0,7.915715237788998,7.915715237788998,8.312491299767132,9.835194020452718
turn_left,15.94,0.0,0.0,0.44999999999999996,-0.03827723594753719,-0.008970264124104229,0.07039757783642071,0.5216780346417927,0.022589415608633572,-0.016386177941908466,0.32311542783504926,0,0,0,5.894570425163677,5.894570425163677,8.27919623625806,8.82617324788375
turn_left,15.96,0.0,0.0,0.44999999999999996,-0.04319009612698675,-0.018362721912665622,0.05965141849822894,0.5324265364296658,0.02222487466214552,-0.0171969736189565,0.32435491927348936,0,0,0,5.734281426718928,5.734281426718928,8.243496597148916,6.527847563415589
turn_left,15.98,0.0,0.0,0.44999999999999996,-0.04764343586564017,-0.02685054518725295,0.04372740200068767,0.5422661331074028,0.022611966905634506,-0.01693012220009734,0.32534732733808597,0,0,0,5.677023937657772,5.677023937657772,8.209770403020723,3.3328834790505253
turn_left,16.0,0.0,0.0,0.44999999999999996,-0.0474290874596369,-0.033302047242570694,0.02393247823592169,0.5310930468738433,0.024248633267453627,-0.01563122268339555,0.325974349085153,0,0,0,5.748438868955149,5.748438868955149,8.177898484049116,2.179708092935182
turn_left,16.02,0.0,0.0,0.44999999999999996,-0.04145822162885061,-0.03848125913131682,0.00621977514149736,0.4807196818491042,0.026515194143704186,-0.013548038568756885,0.3262393746658428,0,0,0,5.846104301777064,5.846104301777064,8.147769920391418,3.343090256487462
turn_left,16.04,0.0,0.0,0.44999999999999996,-0.029514782132765375,-0.040846254941915225,-0.02024955526133357,0.40736920645510644,0.027985293169761807,-0.01047831782603829,0.3260719166385013,0,0,0,5.911096912852308,5.911096912852308,8.119281361424484,4.470743130144991
turn_left,16.06,0.0,0.0,0.44999999999999996,-0.012741539282828946,-0.040531565813393136,-0.05731623719041644,0.32444531526649506,0.028049551054967738,-0.005709392365413224,0.32529122738238664,0,0,0,5.957153510022939,5.957153510022939,8.09233641243749,5.686769358143671
turn_left,16.080000000000002,0.0,0.0,0.44999999999999996,-0.006586464640599728,-0.028338764288452598,-0.07296910537630298,0.278525679036244,0.024853317973105502,-0.0002685280996963788,0.3238386210143441,0,0,0,5.561125244185435,5.561125244185435,8.066845080921883,6.809555002598843
turn_left,16.1,0.0,0.0,0.44999999999999996,-0.001437670770474398,0.006195374491803593,-0.07991154211952886,0.31156033542276274,0.014052318319687347,-0.0008211630991690586,0.32238044786564884,0,0,0,5.140758457612381,5.140758457612381,8.085053591734859,4.123426065314979
turn_left,16.12,0.0,0.0,0.44999999999999996,0.004529668666318041,0.029029306842460863,-0.05321637897834011,0.4490914471121887,0.009561005049078326,-0.0006844251548690415,0.32098392845436324,0,1,0,6.6503798843547965,6.6503798843547965,8.182392198016096,4.979971671455873
turn_left,16.14,0.0,0.0,0.44999999999999996,0.005888783985748967,0.04185779955553538,-0.06232349232770025,0.5458530000893168,0.01136279617089537,0.004305245412273684,0.3198852828320571,0,0,0,7.797512529649616,7.797512529649616,8.160935610025955,2.038970149766342
turn_left,16.16,0.0,0.0,0.44999999999999996,0.008426199857624628,0.04618871111537705,-0.07508393564075305,0.5938647393542391,0.013383438307778764,0.006558215819458343,0.31837783653953394,0,0,0,8.284481116836062,8.284481116836062,8.166569576577075,5.847004386174853
turn_left,16.18,0.0,0.0,0.44999999999999996,0.013723285669492241,0.04516323176924304,-0.06358237207237796,0.6640709327858098,0.009946099468185332,0.004940486883681122,0.31681039485351997,0,0,0,8.818090125053972,8.818090125053972,8.149836734729256,10.742524252339392
turn_left,16.2,0.0,0.0,0.44999999999999996,0.018493873119486248,0.041744407810217814,-0.04382384001653598,0.7137307597981735,0.004531083413540579,0.0005308166196417208,0.31556435414874273,0,0,0,8.228647568627368,8.228647568627368,8.12123591936518,11.224335262001988
turn_left,16.22,0.0,0.0,0.44999999999999996,0.018182076597533084,0.03742321490214575,-0.017385405158048983,0.713739984287098,0.0001465289083727127,-0.004756161879249045,0.31487111712864985,0,0,0,8.528069914021582,8.528069914021582,8.094185286412444,8.97981377187741
turn_left,16.240000000000002,0.0,0.0,0.44999999999999996,0.015796088782119196,0.03510001402232923,0.007361338550494187,0.6598482760991902,-0.0027066103288534257,-0.009367213004957504,0.3147802799813326,0,0,0,8.245716992909099,8.245716992909099,8.060156233468525,4.926301633000082
turn_left,16.26,0.0,0.0,0.44999999999999996,0.013889443622544757,0.03403359459469548,0.021464138112391194,0.586565322884534,-0.004203719709612289,-0.01370402078854861,0.315110113535384,0,0,0,7.772101193504445,7.772101193504445,8.0277978612576,2.2402428457220043
turn_left,16.28,0.0,0.0,0.44999999999999996,0.009890933470597335,0.03473218138600048,0.019977810565885636,0.4843994793991007,-0.0045692485064164606,-0.01774337830124189,0.31556301283079,0,0,0,7.339948271649016,7.339948271649016,8.005763212126542,2.2812480911385844
turn_left,16.3,0.0,0.0,0.44999999999999996,0.005159708889303064,0.035441382691807986,0.007840506027036016,0.39132157815440627,-0.003351193557589484,-0.02121912048919775,0.31587053353447864,0,0,0,7.139050444146817,7.139050444146817,7.9849006822594575,2.973042050092751
turn_left,16.32,0.0,0.0,0.44999999999999996,-0.0023029510239989553,0.03618213964775793,-0.0071986390795238395,0.34683215609033474,-0.00010562286969715178,-0.02384056421535479,0.3159045887593888,0,0,0,7.141171301970412,7.141171301970412,7.997075257184818,3.631233230336916
turn_left,16.34,0.0,0.0,0.44999999999999996,-0.013411782456765895,0.037959007928337764,-0.022599675514185884,0.3569101619656237,0.00437593245969763,-0.025334879410421503,0.31565172314461704,0,0,0,7.170040611562334,7.170040611562334,8.00990751537531,4.221208674879334
turn_left,16.36,0.0,0.0,0.44999999999999996,-0.027543560907243313,0.04593806081552179,0.007911307684330335,0.3539790450344695,0.0050902325723079685,-0.024568374949470752,0.3153101758569769,0,1,0,6.233669072398804,6.233669072398804,8.019361424428702,5.068350098573948
turn_left,16.38,0.0,0.0,0.44999999999999996,-0.033798307866998216,0.04354427820344832,0.0792562313176553,0.3831643572581115,0.004499093860028355,-0.02356777394379613,0.3163689687342766,0,1,0,5.262548800257874,5.262548800257874,8.045103799865675,1.0892240518659466
turn_left,16.4,0.0,0.0,0.44999999999999996,-0.040504606839721895,0.03104799071716617,0.08778602337407693,0.42194300183096173,0.002100145592355223,-0.023388450386293568,0.3181175669490573,0,0,0,5.690281997320992,5.690281997320992,8.126221953882823,1.7022937339100987
turn_left,16.42,0.0,0.0,0.44999999999999996,-0.052318481327372976,0.021838724072870998,0.07223181177115626,0.49395218161039334,0.0007665670945009005,-0.024366090317969387,0.3195856697352795,0,0,0,6.899846594956192,6.899846594956192,8.09890157619175,7.36444768863483
turn_left,16.44,0.0,0.0,0.44999999999999996,-0.06093023509439786,0.019896455219089046,0.06693939179467848,0.5752435994422571,0.001317353120827731,-0.025599591943023747,0.3206731481049658,0,0,0,14.618469148550588,14.0,8.073056637645546,15.521742825959546
turn_left,16.46,0.0,0.0,0.44999999999999996,-0.060460485877476614,0.018207580893148858,0.05847721065291031,0.633296651341478,0.0038654753248960907,-0.02572862330414069,0.32155446097676244,0,0,0,13.726786501468075,13.726786501468075,8.139364373306929,15.644649767771305
turn_left,16.48,0.0,0.0,0.44999999999999996,-0.056150610159316224,0.01590018187132359,0.048329809098939,0.6534237898119692,0.0069486652648056485,-0.02497025693263452,0.3223241659038329,0,0,0,9.96626145201935,9.96626145201935,8.273492483777776,14.955233611697686
turn_left,16.5,0.0,0.0,0.44999999999999996,-0.05286152944594855,0.012038214484924129,0.039813196404724145,0.6721982986436895,0.009615351236821829,-0.023562836079242283,0.32303105502150226,0,0,0,7.172406657279555,7.172406657279555,8.4206221793727,10.518930191482887
turn_left,16.52,0.0,0.0,0.44999999999999996,-0.052105019114581284,0.00743992195249525,0.035069010360582735,0.6812128340958433,0.010902674360196192,-0.022040435664907217,0.3236906225056276,0,0,0,7.128493481592065,7.128493481592065,8.429097789824887,5.680398912098025
turn_left,16.54,0.0,0.0,0.44999999999999996,-0.05111980863810792,0.004335439293191556,0.03010897895017724,0.6560273230863758,0.010410086154564215,-0.020943585488521554,0.32430419734826854,0,0,0,7.072383785344677,7.072383785344677,8.403503180499737,2.8511871747296262
turn_left,16.56,0.0,0.0,0.44999999999999996,-0.04840106834847672,0.0029455446781970988,0.02496417506997304,0.5972568904474266,0.00854001870517301,-0.020446140428941592,0.3248557901418397,0,0,0,7.037613364294833,7.037613364294833,8.36084581136845,3.414108519235416
turn_left,16.580000000000002,0.0,0.0,0.44999999999999996,-0.04480171864335643,0.0025972291619135134,0.018132996427506834,0.5133122944542845,0.006005131357828275,-0.02027929486552378,0.3253155406901808,0,0,0,7.011639988403092,7.011639988403092,8.320591210197815,4.564473587920236
turn_left,16.6,0.0,0.0,0.44999999999999996,-0.03959458728505738,0.005058437626229456,0.0041310287305493226,0.4169800916837004,0.0033240368822868537,-0.01991568791003098,0.3256061419953633,0,0,0,6.955824904274305,6.955824904274305,8.282589506593801,5.821420350896744
turn_left,16.62,0.0,0.0,0.44999999999999996,-0.03455891787967481,0.009984281142868232,-0.029946271970068036,0.3377805819515032,0.00030189662303633033,-0.018521341934746735,0.32544430832148663,0,0,0,6.336506730398882,6.336506730398882,8.253231789218031,7.805814416287922
turn_left,16.64,0.0,0.0,0.44999999999999996,-0.03310719407076395,0.015455099315551335,-0.08752843182359338,0.2788875902626,-0.001970047954770571,-0.015671875490938035,0.3243938372347718,0,0,0,10.174112937827475,10.174112937827475,8.28272999688166,11.995032571725277
turn_left,16.66,0.0,0.0,0.44999999999999996,-0.026818937301982045,-0.008380765435301328,-0.09356409734257179,0.34894924268146355,0.005584552866987222,-0.00627287831111217,0.3226957355781633,0,1,0,4.985954216873598,4.985954216873598,8.335390740441255,7.688438827603173
turn_left,16.68,0.0,0.0,0.44999999999999996,-0.03828502054646756,-0.015067707881574225,-0.060229718550530706,0.45018754038615766,0.007714079850978985,-4.799057501976882e-05,0.32125336195429155,0,1,0,6.30202554132847,6.30202554132847,8.435700431622124,2.885385071199196
turn_left,16.7,0.0,0.0,0.44999999999999996,-0.047937908079789364,-0.016511435907429234,-0.06736792882747426,0.5078415915583918,0.006591349191888676,0.0027929390717237423,0.32002015197611844,0,0,0,7.014347760982999,7.014347760982999,8.391218952854455,3.864172033524418
turn_left,16.72,0.0,0.0,0.44999999999999996,-0.056933936334492334,-0.010682923635447518,-0.06178226721342742,0.5429458585951582,0.002347957986388381,0.0037205033362333454,0.3186435505621243,0,0,0,7.332427138909867,7.332427138909867,8.349255147128275,5.749256386038274
turn_left,16.740000000000002,0.0,0.0,0.44999999999999996,-0.06468581843368001,-0.002818274038596047,-0.045013106473758946,0.5503082592192582,-0.0027452747169817576,0.0023073641361964397,0.31753796773997767,0,0,0,7.147710241001889,7.147710241001889,8.309650675337249,5.591950580225554
turn_left,16.76,0.0,0.0,0.44999999999999996,-0.06868977507017923,0.0021387843720429294,-0.028938767224619365,0.5468331479345114,-0.0056188074295495955,-0.0007081606360806071,0.31678291999852715,0,0,0,7.556324174381665,7.556324174381665,8.27225884103964,3.2340678320327525
turn_left,16.78,0.0,0.0,0.44999999999999996,-0.07093047541763733,0.0043257102592169664,-0.01634516374251336,0.5069088895071332,-0.005556061234324642,-0.004460176582935141,0.31633875103476417,0,0,0,7.798375527506739,7.798375527506739,8.24804284159146,1.9235975405306827
turn_left,16.8,0.0,0.0,0.44999999999999996,-0.06648530912740999,0.0032337801467115295,-0.009450135501963927,0.46403067894384126,-0.002750375015866659,-0.00879561570795041,0.3161080498865188,0,0,0,7.97435971588593,7.97435971588593,8.242520587048926,1.922515337083158
turn_left,16.82,0.0,0.0,0.44999999999999996,-0.058511184087895324,-0.0019454510385182235,-0.005705007920794267,0.4331850868868278,0.0029421665244749717,-0.013565673926313032,0.31599910730360314,0,0,0,7.939250532070735,7.939250532070735,8.259344537718079,2.472937570563209
turn_left,16.84,0.0,0.0,0.44999999999999996,-0.051406037746139846,-0.008373481877279269,-0.0066603320067928,0.434028084310163,0.010300811696745085,-0.018280122837034535,0.31592528706330725,0,0,0,7.8337612455679215,7.8337612455679215,8.285138267955535,3.781276052560382
turn_left,16.86,0.0,0.0,0.44999999999999996,-0.04797549785145709,-0.016494605481767784,-0.01363038103359881,0.4362764264558169,0.01770562990873312,-0.022856348111556003,0.3157632145983718,0,0,0,7.748591777902863,7.748591777902863,8.329408380627825,5.11769480228679
turn_left,16.88,0.0,0.0,0.44999999999999996,-0.05196693407519073,-0.02464637980530958,-0.0201587457712619,0.4497082866521965,0.023624569578674627,-0.026716960056529647,0.31548249223036723,0,0,0,7.64814933134789,7.64814933134789,8.386773508057686,6.830891051005758
turn_left,16.9,0.0,0.0,0.44999999999999996,-0.056616377872426016,-0.014100918348049543,0.00981854478366606,0.37557947624632243,0.02333171481295632,-0.027278422077468528,0.31528174863520225,0,0,0,7.058269093467894,7.058269093467894,8.36972978628193,8.524775631495775
turn_left,16.92,0.0,0.0,0.44999999999999996,-0.04687133561433054,0.013819988181064698,0.009201060312873858,0.40549519036663395,0.010151802293910484,-0.019921952102134856,0.3156351060650613,0,1,0,5.129161326253051,5.129161326253051,8.359337634966963,6.433361787884944
turn_left,16.94,0.0,0.0,0.44999999999999996,-0.05132182092433791,0.008394596205957899,0.06718283511450894,0.36847031845705486,0.011720501704741936,-0.016365565957905472,0.3165851714041502,0,1,0,5.419321930382001,5.419321930382001,8.41994927142716,4.375239990779289
turn_left,16.96,0.0,0.0,0.44999999999999996,-0.05439171101912533,-0.0019120198385532408,0.06039008384386439,0.3476142338841567,0.015172934097669956,-0.016076147335661036,0.317891479100679,0,0,0,5.663471452381419,5.663471452381419,8.447689086792263,1.0369726224513809
turn_left,16.98,0.0,0.0,0.44999999999999996,-0.06748223744645798,-0.009909225063643199,0.04966703011327895,0.38643780289497726,0.017632264439474375,-0.01600673820796477,0.3188881626212292,0,0,0,6.335122157413145,6.335122157413145,8.402526079400015,7.097202222413908
turn_left,17.0,0.0,0.0,0.44999999999999996,-0.07417397173760802,-0.01572274615855621,0.042126872373389815,0.4508920012434021,0.02122464706937807,-0.014845515657237827,0.3196649406051287,0,0,0,10.569883678391308,10.569883678391308,8.359923925339263,11.933656902128057
turn_left,17.02,0.0,0.0,0.44999999999999996,-0.07288081479592216,-0.022527354143940685,0.037250394412950236,0.4950660795760928,0.025073139725589538,-0.013108507084282427,0.3203316444520648,0,0,0,9.336759624948254,9.336759624948254,8.319721076269104,12.38145566230165
turn_left,17.04,0.0,0.0,0.44999999999999996,-0.06855876104056435,-0.030864781055234318,0.030768581417451896,0.5444723457309586,0.02858903334911461,-0.011608230797639115,0.32091422758588467,0,0,0,6.707922947970148,6.707922947970148,8.28176791540357,10.544531286579243
turn_left,17.06,0.0,0.0,0.44999999999999996,-0.06461045371723312,-0.0378265698990028,0.027706176432754206,0.5909118483191154,0.03063487825242078,-0.010271816877454262,0.3214318958595535,0,0,0,6.8493523648152115,6.8493523648152115,8.38251604767068,7.150044899321509
turn_left,17.080000000000002,0.0,0.0,0.44999999999999996,-0.06125157010288194,-0.0432906474236852,0.02697167565007594,0.6197587594453431,0.03119051518587392,-0.009004686829368991,0.32193768138102213,0,0,0,6.914568703105513,6.914568703105513,8.500984451648204,4.376261215529035
turn_left,17.1,0.0,0.0,0.44999999999999996,-0.058475516996340855,-0.047957508177853166,0.026689966863216685,0.6272107505224236,0.03123631018162704,-0.007598746489906437,0.3224649129442917,0,0,0,6.9240873504326315,6.9240873504326315,8.534031816338317,2.376190577211849
turn_left,17.12,0.0,0.0,0.44999999999999996,-0.05388266183945687,-0.05133590007174197,0.023547134763739097,0.6016028771492498,0.031622594187915416,-0.00611998144261764,0.32296891428121394,0,0,0,6.946618350788641,6.946618350788641,8.523570960057405,2.977807764732188
turn_left,17.14,0.0,0.0,0.44999999999999996,-0.04633875033217428,-0.054657711527232734,0.016007146923035728,0.5504263504740761,0.032393168521405225,-0.0046313459012444595,0.32337932184004736,0,0,0,6.980384093893221,6.980384093893221,8.474064909783959,4.513715417667792
turn_left,17.16,0.0,0.0,0.44999999999999996,-0.037453772900457726,-0.05584061596777919,0.002075193803919577,0.4882940319593637,0.03323431510875845,-0.0027671817502709388,0.323613787795874,0,0,0,6.992233429872224,6.992233429872224,8.42739805158645,5.922248912592834
turn_left,17.18,0.0,0.0,0.44999999999999996,-0.027453553491913498,-0.055031740987218886,-0.03190652469397078,0.4335383058794162,0.03428253183696413,0.00042106340807028704,0.3233918209093028,0,0,0,6.4148866878457875,6.4148866878457875,8.383387806172522,8.034921311628185
turn_left,17.2,0.0,0.0,0.44999999999999996,-0.018107727833765477,-0.054533025009870936,-0.09094185811404815,0.3850094080597459,0.03615871749396816,0.005222267553282834,0.32226800159737884,0,0,0,10.389499231479858,10.389499231479858,8.341865456596903,12.163870682512195
turn_left,17.22,0.0,0.0,0.44999999999999996,-0.027788398594556236,-0.03883967850877511,-0.11786772168989747,0.3629362178489496,0.034350885669841326,0.007898738860925446,0.32025767367569147,0,0,0,13.908485361931978,13.908485361931978,8.331506317226626,15.695426599029014
turn_left,17.240000000000002,0.0,0.0,0.44999999999999996,-0.039881723188596195,-0.012200489299332023,-0.08286704191249988,0.4484931104943021,0.028080034600253115,0.004850131915815192,0.3181966696140681,0,0,0,7.1157821905245875,7.1157821905245875,8.292895127331182,15.505121106664214
turn_left,17.26,0.0,0.0,0.44999999999999996,-0.045164128947807816,0.01559339995397887,-0.06124535485049446,0.37855207547119485,0.028010689998251893,0.005267356570395172,0.3166577369355672,0,0,0,8.267486742363179,8.267486742363179,8.009661805216531,9.931744583702145
turn_left,17.28,0.0,0.0,0.44999999999999996,-0.05356215089516864,0.026094073053633156,-0.05488080679485189,0.3086168917544538,0.02987742800959176,0.004097328676792666,0.3153546352284649,0,0,0,7.835221031400267,7.835221031400267,8.047423123844595,5.84137373747946
turn_left,17.3,0.0,0.0,0.44999999999999996,-0.05820525837406989,0.021205133601533883,-0.030623079531876356,0.3714135682996679,0.028450941489226,0.0016854718072753692,0.314358422552904,0,0,0,7.680404944540616,7.680404944540616,8.057080012913861,6.826146051949597
turn_left,17.32,0.0,0.0,0.44999999999999996,-0.05910351913813401,0.015034408146415991,-0.006994803769921245,0.43442997403932426,0.025537282329083165,0.0007784994064218829,0.3139672674611446,0,0,0,7.19247996559406,7.19247996559406,8.056414751273774,6.274711691071308
turn_left,17.34,0.0,0.0,0.44999999999999996,-0.05855162681783844,0.011494469187027857,-0.0006372724741147322,0.45899396817178134,0.02150509795695308,-7.52463380690323e-05,0.313893561658169,0,0,0,6.777502513924934,6.777502513924934,8.057351594534868,3.9787914094872203
turn_left,17.36,0.0,0.0,0.44999999999999996,-0.05334781312921597,0.008577769925254133,-0.004171929712354014,0.4632186902618803,0.018431117203839727,-0.001500671652555152,0.31388088298697914,0,0,0,6.644157569337573,6.644157569337573,8.053651561826396,1.9039798079506882
turn_left,17.38,0.0,0.0,0.44999999999999996,-0.04543402121576366,0.0038248588412394687,-0.010642535781287198,0.4635771324900559,0.017942739286421597,-0.0036705194856384215,0.3137696085191491,0,0,0,6.6742789232946595,6.6742789232946595,8.042425266562958,2.259133091708754
turn_left,17.400000000000002,0.0,0.0,0.44999999999999996,-0.041983185083420756,-0.00022750473611826954,-0.014912888604589364,0.45754540600553434,0.02099953383295512,-0.00652952923382624,0.31354723993136446,0,0,0,6.715542067022007,6.715542067022007,8.051471153342582,3.666154301569114
turn_left,17.42,0.0,0.0,0.44999999999999996,-0.04569122199918468,-0.003240917050091488,-0.012899037335838012,0.4533265149497276,0.02624010639890224,-0.010063078046853703,0.3133090294223871,0,0,0,6.811743496483388,6.811743496483388,8.028172654805381,3.8181167405137706
turn_left,17.44,0.0,0.0,0.44999999999999996,-0.05539613388898047,-0.0028268144578897365,-0.007858649285783212,0.43833138277559436,0.03204416810163579,-0.014106051829847597,0.3131026821012427,0,0,0,6.528163154689228,6.528163154689228,8.058874603233086,4.142488917309472
turn_left,17.46,0.0,0.0,0.44999999999999996,-0.0468172399826814,0.027843122010609917,0.026880384697447274,0.4487180010512875,0.02240410659952506,-0.013812487984881171,0.313489230320208,0,0,0,5.364496061648495,5.364496061648495,8.10909153846941,5.526231071528948
turn_left,17.48,0.0,0.0,0.44999999999999996,-0.040002652690721424,0.05253153210644328,0.054533235596947574,0.4998750629922137,0.011020484908318728,-0.012745579820103624,0.3142095135222555,0,1,0,6.649735880048324,6.649735880048324,8.171931739877376,6.917585692905183
turn_left,17.5,0.0,0.0,0.44999999999999996,-0.037910796629922104,0.06563165296800434,0.08368159963357916,0.4858840525852756,0.012327444308873914,-0.015595620393992165,0.3156983518663615,0,0,0,7.492795086496732,7.492795086496732,8.26000874265203,1.3730532633140768
turn_left,17.52,0.0,0.0,0.44999999999999996,-0.039681354324700185,0.06240611376387005,0.08356650753492545,0.5042962456942551,0.014546737235723537,-0.017330188353520595,0.31731381724480934,0,0,0,7.42044739268807,7.42044739268807,8.233094611183642,4.067945605344708
turn_left,17.54,0.0,0.0,0.44999999999999996,-0.04158389899143047,0.05873365938386075,0.07558385832054716,0.554172518327941,0.015309929637341084,-0.01743549758785638,0.3186971543145752,0,0,0,7.555090616538791,7.555090616538791,8.24312428531083,8.220545706883776
turn_left,17.56,0.0,0.0,0.44999999999999996,-0.040173751847621085,0.05588844065011865,0.06641911718399085,0.5820897846977633,0.01427898433198681,-0.017498568039692314,0.31982403519926,0,0,0,7.595132931770748,7.595132931770748,8.287519411632065,8.535138034804183
turn_left,17.580000000000002,0.0,0.0,0.44999999999999996,-0.038059553192259746,0.051168846531641346,0.057404232991357024,0.6232901589906056,0.01284680611066831,-0.018530379822297854,0.3208076623101366,0,0,0,7.657377611159642,7.657377611159642,8.320857854628464,8.766955813990213
turn_left,17.6,0.0,0.0,0.44999999999999996,-0.03719635508353807,0.04714807371454903,0.05092705510961585,0.6689997420439904,0.011627510660166063,-0.019707915304962423,0.3217191377416031,0,0,0,7.6410275939552195,7.6410275939552195,8.341314460747835,7.469384926107766
turn_left,17.62,0.0,0.0,0.44999999999999996,-0.035030301982910884,0.04447812039347846,0.046625590175990106,0.6995562360719533,0.010408109756246772,-0.020727887164027955,0.32259116261165216,0,0,0,7.588663848878543,7.588663848878543,8.366804704096051,5.048518807647729
turn_left,17.64,0.0,0.0,0.44999999999999996,-0.03211116645212781,0.04313734880488862,0.04331695557122445,0.7000039705183652,0.008469135686205411,-0.02166799020894412,0.3234266763377285,0,0,0,7.499827058494413,7.499827058494413,8.340641186493652,2.4127808285241232
turn_left,17.66,0.0,0.0,0.44999999999999996,-0.0293477807248794,0.04267204811525112,0.03755278373014185,0.6682163081001299,0.005588467761682251,-0.022582010483374024,0.3241972492562378,0,0,0,7.380738756748778,7.380738756748778,8.301519121638368,1.9851344654785126
turn_left,17.68,0.0,0.0,0.44999999999999996,-0.026315957811416428,0.043061265515761914,0.030296043789057422,0.6052958431124649,0.002248288368216351,-0.023495932858021977,0.32487845380541414,0,0,0,7.253230499433841,7.253230499433841,8.264579900922111,2.63190925036926
turn_left,17.7,0.0,0.0,0.44999999999999996,-0.02410776634506254,0.04515559802662385,0.01841221459577943,0.5304192773694474,-0.0016359144963364316,-0.024073652800827242,0.3253970835135735,0,0,0,7.124096298875582,7.124096298875582,8.229689568980394,3.158524291029717
turn_left,17.72,0.0,0.0,0.44999999999999996,-0.022752742731332817,0.04915414846868701,-0.013731149357372305,0.4679336096423404,-0.006210567730245505,-0.023602694945348904,0.32548121361777205,0,0,0,6.428557084395398,6.428557084395398,8.222089588832851,3.752208446602269
turn_left,17.740000000000002,0.0,0.0,0.44999999999999996,-0.022987385217781042,0.04891869271196279,-0.05110230540852089,0.4583655997343405,-0.009456579286634008,-0.021160492106814838,0.32474047056585714,0,0,0,5.227546241947863,5.227546241947863,8.287630445712978,6.712765632478622
turn_left,17.76,0.0,0.0,0.44999999999999996,-0.01621448083933148,0.027269256546893696,-0.0921280631412715,0.4912236338567369,-0.0035342646501779523,-0.012814686897264862,0.3232711555354855,0,1,0,4.7682916531468456,4.7682916531468456,8.393786255074783,6.590650148873292
turn_left,17.78,0.0,0.0,0.44999999999999996,-0.03938004687229674,0.014526253755758603,-0.06412198759000355,0.5574209056706051,-0.0020854331528127146,-0.004944251781343282,0.32175620582083037,0,1,0,5.288257207448568,5.288257207448568,8.35578544539543,4.153695885574396
turn_left,17.8,0.0,0.0,0.44999999999999996,-0.05805501516735134,0.009373096599995258,-0.0647899101251928,0.5763970448370539,-0.005369250395090472,0.00020086671259000307,0.3204274862194816,0,0,0,6.259619361123687,6.259619361123687,8.335429938308714,4.478532869096619
turn_left,17.82,0.0,0.0,0.44999999999999996,-0.0673437731339657,0.018182766898086886,-0.06557972386909462,0.555283491767118,-0.011057281384854215,0.0046403649005846105,0.3189182972110996,0,0,0,7.096944271594909,7.096944271594909,8.298858423721754,7.6877574523454095
turn_left,17.84,0.0,0.0,0.44999999999999996,-0.07190515846285037,0.02797416551163153,-0.056932769374463926,0.5228586987918443,-0.016925848884065817,0.005724724129564766,0.3175301470577927,0,0,0,7.944129791289668,7.944129791289668,8.26206717683996,8.522664936845374
turn_left,17.86,0.0,0.0,0.44999999999999996,-0.07179646282739503,0.0319291433523285,-0.04614509309766764,0.5009882211543641,-0.02022401635267382,0.004158714203808317,0.3164019244867016,0,0,0,8.500721376276793,8.500721376276793,8.227315788835682,7.63246875320422
turn_left,17.88,0.0,0.0,0.44999999999999996,-0.06831622468489668,0.0324011907874783,-0.03423564335258613,0.46777008217015326,-0.020529062512162025,0.00145020513573803,0.3155617937504191,0,0,0,8.711125262246878,8.711125262246878,8.194480439977998,4.565201573769874
turn_left,17.900000000000002,0.0,0.0,0.44999999999999996,-0.059377536455769604,0.029980451870502547,-0.026495452146753085,0.431550311418902,-0.018524084229881433,-0.0020615975979262763,0.3149672150052835,0,0,0,8.674662044364553,8.674662044364553,8.147577063332871,1.945878165413159
turn_left,17.92,0.0,0.0,0.44999999999999996,-0.048552930562173385,0.02436398088090802,-0.023090915556401963,0.40332535394716823,-0.014362680841898989,-0.006187456354242701,0.31449385152581005,0,0,0,8.541627275639183,8.541627275639183,8.097298714965177,2.0101778716760084
turn_left,17.94,0.0,0.0,0.44999999999999996,-0.0407287955055537,0.017627707132907715,-0.021290313957224884,0.3804682246672645,-0.009962839837691289,-0.01013113996372379,0.3140751173094777,0,0,0,8.443977391953975,8.443977391953975,8.051302903155186,2.772554147847604
turn_left,17.96,0.0,0.0,0.44999999999999996,-0.037566474430133355,0.01110703824927713,-0.02330926757817154,0.3652860199921096,-0.00634208423048152,-0.013632252990928021,0.31365926355511015,0,0,0,8.326860358251542,8.326860358251542,8.010277363197126,3.2572877217179306
turn_left,17.98,0.0,0.0,0.44999999999999996,-0.03969972988424459,0.007071129328589444,-0.028909267568954983,0.3780119732894674,-0.0033354520872759417,-0.016313097867470264,0.3131730215264117,0,0,0,8.147996494959285,8.147996494959285,7.974620901571377,3.59236730645171
turn_left,18.0,0.0,0.0,0.44999999999999996,-0.04665562837987736,0.00595250460990062,-0.04491669147732258,0.4358403118683518,-0.00015842221293355972,-0.018439290585117916,0.3125260963154971,0,0,0,7.642340855202712,7.642340855202712,7.945265412885547,5.958018034316815
turn_right,18.02,0.0,0.0,-0.44999999999999996,-0.048872389175282374,0.021450191520648365,0.05868213145106284,0.3304077121339909,-0.0014635584926664875,-0.017216270359383216,0.31274450336382775,0,1,0,5.500941164824751,5.500941164824751,7.9315112539326265,4.202725390299442
turn_right,18.04,0.0,0.0,-0.44999999999999996,-0.041623953238496485,0.02807582633412298,0.10216504172676633,0.36444075336925363,0.001987265093636399,-0.018856797927251832,0.31449765235721816,0,1,0,5.43557596072804,5.43557596072804,7.9769298492039304,1.3653237139146341
turn_right,18.06,0.0,0.0,-0.44999999999999996,-0.03506500021411976,0.029266661209735145,0.0862353635909366,0.4105315672070693,0.0072070223347455355,-0.020723839915646795,0.31641477608004737,0,0,0,5.852903650204182,5.852903650204182,7.999909258120933,1.3653237139146341
turn_right,18.080000000000002,0.0,0.0,-0.44999999999999996,-0.042078583297616434,0.02507600159685234,0.07151171599627004,0.4733106726689195,0.011766184167195921,-0.019740158065293202,0.3178525217078982,0,0,0,5.870287751550233,5.870287751550233,7.979357438223829,4.445449978493729
turn_right,18.1,0.0,0.0,-0.44999999999999996,-0.05171021457549905,0.01955660793802048,0.06691811661734515,0.45761934738057486,0.011718801063818717,-0.016297456523503936,0.3189740832361092,0,0,0,10.607009625698515,10.607009625698515,8.098960738513131,11.710767971138928
turn_right,18.12,0.0,0.0,-0.44999999999999996,-0.05390949526068734,0.012748242312194517,0.055995735063856245,0.35368208329407247,0.00773159457995257,-0.012499539952801328,0.31988789717140076,0,0,0,13.936189794802107,13.936189794802107,8.20789207930288,15.465965724394337
turn_right,18.14,0.0,0.0,-0.44999999999999996,-0.04739295125859673,0.0052026431497684536,0.03147841538287234,0.18003060221833928,0.002663231358591326,-0.010213331626107635,0.3205082469705248,0,0,0,10.460312146826869,10.460312146826869,8.306145139191276,15.347724167337997
turn_right,18.16,0.0,0.0,-0.44999999999999996,-0.03430607794360853,0.0017028571806501096,-0.004118991063574847,-0.00463080041840463,-0.0024862746754987413,-0.010685922547419928,0.3206169118860158,0,0,0,6.008767084842175,6.008767084842175,8.12249169262354,10.991879989135057
turn_right,18.18,0.0,0.0,-0.44999999999999996,-0.017688135726086907,0.004114765998869547,-0.03488742895197457,-0.1956689726554065,-0.006481749240635894,-0.01342773466484525,0.3201596090083261,0,0,0,5.918689656658467,5.918689656658467,8.099169995997766,5.965988971923222
turn_right,18.2,0.0,0.0,-0.44999999999999996,0.0014082056110027313,0.009895622491995177,-0.05497265314973373,-0.381145714371528,-0.009321867569050395,-0.017552071147505427,0.3192299922230662,0,0,0,6.490924994201084,6.490924994201084,8.073310592275554,4.323173701905885
turn_right,18.22,0.0,0.0,-0.44999999999999996,0.016685292521211585,0.01584829553022319,-0.05902970490917411,-0.5767259503033778,-0.011099514524008924,-0.021848473520280205,0.3181187973648487,0,0,0,6.842522124238541,6.842522124238541,8.048841947494836,5.353837559114171
turn_right,18.240000000000002,0.0,0.0,-0.44999999999999996,0.02400613472812565,0.017504058765154658,-0.05408240625613216,-0.7567249020809182,-0.011238229837923297,-0.02557455085661995,0.3170731731204137,0,0,0,6.93764835144986,6.93764835144986,8.025684048411406,6.946719674313559
turn_right,18.26,0.0,0.0,-0.44999999999999996,0.021689310272728825,-0.007886486819164002,0.00029328492682096556,-0.7508578659780253,-0.005430879057968652,-0.026063206096679163,0.316477079694871,0,0,0,6.42638802883065,6.42638802883065,8.00376201967089,7.964363579178243
turn_right,18.28,0.0,0.0,-0.44999999999999996,0.022279304879960535,-0.05674929270670582,0.025067774199200123,-0.6470736194125902,0.009615511942841166,-0.017835844133950996,0.3168752426278534,0,0,0,4.746450146247838,4.746450146247838,7.983005739417063,2.0578596375241553
turn_right,18.3,0.0,0.0,-0.44999999999999996,0.027068217237685984,-0.09862804857103903,-0.00833817385859131,-0.583787003690886,0.02624123430661591,-0.00755739127142708,0.3170777325967572,0,0,0,3.5043742876523405,3.5043742876523405,7.9859718024875335,2.7129005274639932
turn_right,18.32,0.0,0.0,-0.44999999999999996,0.016294470526463604,-0.10198648651976086,-0.01608212743798311,-0.52735836561766,0.031713876202489735,-0.0016902308824347514,0.3166643911101249,0,1,0,5.34980585283024,5.34980585283024,8.062785836864908,2.1489614719573242
turn_right,18.34,0.0,0.0,-0.44999999999999996,-0.0029461700838676087,-0.07432960263651635,-0.0028876244706188825,-0.4846947741977219,0.031765218813119445,-0.002089972349299944,0.3163342151714221,0,0,0,6.629229377987367,6.629229377987367,8.038881607093806,6.272719823119742
turn_right,18.36,0.0,0.0,-0.44999999999999996,-0.026903102610518908,-0.05764437441774659,0.006644922715965014,-0.5178333922986017,0.032195709303108486,-0.006112501657939044,0.3162147317927541,0,0,0,13.086343232585804,13.086343232585804,8.016255817570652,14.369091911898071
turn_right,18.38,0.0,0.0,-0.44999999999999996,-0.04032823372725816,-0.05844002356915487,0.0004387077278178626,-0.4535093791397334,0.028731831203850377,-0.012217321299497997,0.3161333274392695,0,0,0,12.976294097500793,12.976294097500793,7.994835650370298,15.640758463300845
turn_right,18.400000000000002,0.0,0.0,-0.44999999999999996,-0.04150388245011697,-0.06314887523587225,-0.0018272252973396798,-0.34811922161563275,0.02825857891801197,-0.018046537456921485,0.31604299363753996,0,0,0,8.828756406032733,8.828756406032733,7.9745528888475015,14.389469197755425
turn_right,18.42,0.0,0.0,-0.44999999999999996,-0.04264472463134594,-0.0687872199954824,0.007063402681472458,-0.25839592875327805,0.03153008197404773,-0.022461542815406167,0.31607744599229126,0,0,0,7.648899690358269,7.648899690358269,7.955343580842353,11.064542403156512
turn_right,18.44,0.0,0.0,-0.44999999999999996,-0.04578681624094495,-0.07520471161320244,0.01960522939948614,-0.17624958608641647,0.03713386252621699,-0.02611678848885261,0.3163343485662122,0,0,0,7.531674984911535,7.531674984911535,7.937147731130473,5.716743870749536
turn_right,18.46,0.0,0.0,-0.44999999999999996,-0.05331649678221514,-0.08200585909895476,0.02634742690800581,-0.11037321112582792,0.04418908438684117,-0.030416146482792217,0.3167638179814464,0,0,0,7.340650730925373,7.340650730925373,7.920711725339995,3.019516064017557
turn_right,18.48,0.0,0.0,-0.44999999999999996,-0.06593989970469029,-0.09075411536529616,0.02346077159365001,-0.08216008293823442,0.05175346280981869,-0.03522351587443224,0.31721214563617006,0,0,0,7.163859282667389,7.163859282667389,7.919483065414397,2.875033927879497
turn_right,18.5,0.0,0.0,-0.44999999999999996,-0.07075923597376586,-0.09827733343351758,0.033605996895749515,-0.010206124328510119,0.054535899919379884,-0.039508598297367026,0.3176847009592517,0,0,0,7.127132012667415,7.127132012667415,7.980235626569723,3.2982899686583
turn_right,18.52,0.0,0.0,-0.44999999999999996,-0.06632750261303465,-0.10140972993502494,0.03679333790927164,0.08679473105056083,0.05044406949672525,-0.04222008087116198,0.31825813212987997,0,0,0,6.993982788191349,6.993982788191349,8.048715482929229,2.8944838624613425
turn_right,18.54,0.0,0.0,-0.44999999999999996,-0.05424157304158674,-0.09545386438572506,0.027804215516642472,0.1255285011002698,0.04446542921674808,-0.04240301516632159,0.3187973965820617,0,0,0,6.182974556369579,6.182974556369579,8.129548186438761,3.6071797112346156
turn_right,18.56,0.0,0.0,-0.44999999999999996,-0.03670741151436238,-0.07724728055120128,-0.0013077969375762189,0.08923683622105176,0.038427190000360406,-0.04006565899438635,0.31897753723674577,0,0,0,5.303264537090454,5.303264537090454,8.226431837791662,4.356547618450945
turn_right,18.580000000000002,0.0,0.0,-0.44999999999999996,-0.02392742500300377,-0.0496638284894278,-0.022952596984763932,-0.002761576259618627,0.03161760897638704,-0.036513567606358585,0.31852389488252214,0,1,0,6.818196867407215,6.818196867407215,8.326397719347444,4.825556249050687
turn_right,18.6,0.0,0.0,-0.44999999999999996,-0.0058782730496135145,-0.029626420891823536,-0.002867349819677024,-0.17280214030651717,0.032181691952665195,-0.03521983164902709,0.31832025587236246,0,1,0,7.654576281668667,7.654576281668667,8.372956460169203,2.5826770594399195
turn_right,18.62,0.0,0.0,-0.44999999999999996,0.006366162541500613,-0.016286335882516798,-0.008447518443751127,-0.29454598587394304,0.030224404787787117,-0.0319570050353323,0.3181535412243508,0,0,0,7.595255297918646,7.595255297918646,8.332021313810024,4.631270724120537
turn_right,18.64,0.0,0.0,-0.44999999999999996,0.003450450110044307,-0.016201045937404818,-0.001782396492230939,-0.3801001219344787,0.020584216580765983,-0.025464325120331675,0.31781013415986153,0,0,0,7.322975688141991,7.322975688141991,8.293381341589022,8.080529770859222
turn_right,18.66,0.0,0.0,-0.44999999999999996,-0.009731135189409284,-0.023436432663673717,0.018427529066364825,-0.47488848449558774,0.011671751527255792,-0.020136765341100104,0.31776441029019037,0,0,0,7.460963271081089,7.460963271081089,8.405608129325923,8.733747390154571
turn_right,18.68,0.0,0.0,-0.44999999999999996,-0.02606224176046691,-0.03410939067108559,0.03522483135912743,-0.5376378252893868,0.007905016545032274,-0.017935530969466127,0.31817472613033565,0,0,0,6.8159238569410405,6.8159238569410405,8.521536885764853,7.95070463727243
turn_right,18.7,0.0,0.0,-0.44999999999999996,-0.04189148760698844,-0.04466322173642939,0.04523017540798736,-0.524619897216267,0.009330202535258125,-0.018958765229405993,0.31890330490390034,0,0,0,6.859264276493869,6.859264276493869,8.497658298586945,5.512813182002093
turn_right,18.72,0.0,0.0,-0.44999999999999996,-0.0498683677051209,-0.05113287576482031,0.045728751307968545,-0.4491647241273632,0.015324698743127483,-0.022547361062360292,0.3197614224685111,0,0,0,7.698850823210952,7.698850823210952,8.449641046407464,3.527696832774951
turn_right,18.740000000000002,0.0,0.0,-0.44999999999999996,-0.046294017224782665,-0.050788087419570235,0.03367574774930587,-0.35339758571718227,0.02221838317655315,-0.027080497686096813,0.32051262203214376,0,0,0,8.511618041567484,8.511618041567484,8.404366955015721,1.9533498629128196
turn_right,18.76,0.0,0.0,-0.44999999999999996,-0.03577777970357187,-0.04576389536523876,0.010847462845262851,-0.267719796254786,0.024982899980666867,-0.03069912982133581,0.32091094920084956,0,0,0,8.829304285086586,8.829304285086586,8.361660767843528,2.5447754950179795
turn_right,18.78,0.0,0.0,-0.44999999999999996,-0.02218492354336792,-0.04054032106903159,-0.01570913065060559,-0.23186539284197508,0.021501036795558436,-0.033113265238993064,0.3208298091691841,0,0,0,8.955186542407983,8.955186542407983,8.302724993194143,2.683253041260614
turn_right,18.8,0.0,0.0,-0.44999999999999996,-0.009169512011003592,-0.03685441780247129,-0.038618199937776126,-0.2639886691583946,0.011841802756860602,-0.03544663985825804,0.320257039503507,0,0,0,8.967638068896774,8.967638068896774,8.236018488253478,3.2193696978477955
turn_right,18.82,0.0,0.0,-0.44999999999999996,0.0032993189530778917,-0.030437750208119677,-0.062199423911061126,-0.35213236603490045,-0.0033457698088226887,-0.03833909933116989,0.31926957342877943,0,0,0,8.96810688262095,8.96810688262095,8.169543684975576,3.6957672685988885
turn_right,18.84,0.0,0.0,-0.44999999999999996,0.014658255708997673,-0.03504698580197724,-0.04337595010324816,-0.3880505047553083,-0.011254237348999127,-0.03783692758712822,0.3181372651656964,0,0,0,8.651860019143378,8.651860019143378,8.102828598643153,6.458574625756278
turn_right,18.86,0.0,0.0,-0.44999999999999996,0.04152034812230717,-0.053462649572764316,-0.0489433978248379,-0.4985275514453507,2.8355392890691452e-05,-0.02845979260489266,0.3174989467066046,0,0,0,12.672735976186177,12.672735976186177,8.031936229355704,13.455869809070485
turn_right,18.88,0.0,0.0,-0.44999999999999996,0.046075141049780305,-0.03193101047269787,-0.005759378048608626,-0.5118570209117799,0.010652288841377039,-0.018970039005325023,0.3168389794655022,0,1,0,5.605785270252302,5.605785270252302,8.032652404252119,16.327375587568405
turn_right,18.900000000000002,0.0,0.0,-0.44999999999999996,0.03535371144820163,-0.0012061070033073024,0.028095256422662813,-0.4877939230566832,0.008235325665136711,-0.018019561946925017,0.3171508437793282,0,0,0,6.057530879167434,6.057530879167434,8.094267920466358,5.146306668383149
turn_right,18.92,0.0,0.0,-0.44999999999999996,0.01984172416632795,0.008641535334195465,0.022607680991597677,-0.535024637527137,0.00734096946186939,-0.021218950287442348,0.31746147715170175,0,0,0,13.118894890533282,13.118894890533282,8.086717201044372,14.176111492222299
turn_right,18.94,0.0,0.0,-0.44999999999999996,0.009367594777033632,0.005387525668933748,0.0018699247531716835,-0.6131383927270325,0.005807051712527512,-0.02497249974687749,0.317387863029808,0,0,0,13.444458140273746,13.444458140273746,8.06152823599,15.380094010887545
turn_right,18.96,0.0,0.0,-0.44999999999999996,0.0015027341507512174,0.0013777219909456263,0.001251083353614263,-0.6697204668081763,0.002530251331091095,-0.025698622664803914,0.3171660737866714,0,0,0,9.039919308164691,9.039919308164691,8.051978536319535,15.104159775910182
turn_right,18.98,0.0,0.0,-0.44999999999999996,-0.003591514006800254,0.0007448057949721362,0.014328576882113513,-0.6912143563282384,-0.003263290950527614,-0.023739085652091235,0.317223537316256,0,0,0,8.436132283859799,8.436132283859799,8.163368104614843,10.022143881140696
turn_right,19.0,0.0,0.0,-0.44999999999999996,-0.01089625135766474,0.004648332415071701,0.02469442259201696,-0.7271549477932387,-0.01038855689091889,-0.020910850939907754,0.3175924663081968,0,0,0,7.955289471169255,7.955289471169255,8.130731235426985,5.248194794852636
turn_right,19.02,0.0,0.0,-0.44999999999999996,-0.01741380914448314,0.010765585140319946,0.028510400111567025,-0.7343729012245744,-0.01740801091726548,-0.018629778974660244,0.3181315162215934,0,0,0,7.578057498655417,7.578057498655417,8.103166723098493,1.4964802912714408
turn_right,19.04,0.0,0.0,-0.44999999999999996,-0.02086007353185499,0.016567161328581922,0.023291689914141593,-0.708747369915922,-0.022128276729349146,-0.01717875373050806,0.3186681544567495,0,0,0,7.460128663930082,7.460128663930082,8.07709186287985,1.9034694738551385
turn_right,19.06,0.0,0.0,-0.44999999999999996,-0.0244962366546866,0.020638404419924542,0.017359232454651985,-0.6558966242339602,-0.02317064543816441,-0.016676402595672764,0.31910562772497225,0,0,0,7.430769766839033,7.430769766839033,8.05242020941099,2.8213301482246784
turn_right,19.080000000000002,0.0,0.0,-0.44999999999999996,-0.029944480205236594,0.023799063784802496,0.010263347417623121,-0.5810238478767071,-0.020678556180597985,-0.017015559184120975,0.3194127425614885,0,0,0,7.437471737587685,7.437471737587685,8.052731782319409,3.9124993361464173
turn_right,19.1,0.0,0.0,-0.44999999999999996,-0.03628028455615532,0.02479722102088551,0.003978166194557585,-0.4846116899655761,-0.016376844504874907,-0.017926812272292345,0.3195883073587387,0,0,0,7.526283680970931,7.526283680970931,8.052760786791083,4.064189152753521
turn_right,19.12,0.0,0.0,-0.44999999999999996,-0.04549873741025583,0.013415645548495165,0.012578162425131108,-0.4171669560004928,-0.009785650600525619,-0.020369913433303515,0.31975409590720816,0,0,0,7.096721700219555,7.096721700219555,8.05012275219105,5.186933001893215
turn_right,19.14,0.0,0.0,-0.44999999999999996,-0.03908273016479175,0.0030941251039533664,0.05889465109336585,-0.4151846790950058,-0.008349001776278559,-0.022812330537617637,0.32056783217380835,0,1,0,5.510794975957685,5.510794975957685,8.060561814660755,1.246248339190982
turn_right,19.16,0.0,0.0,-0.44999999999999996,-0.027198580268717267,-0.003409039008550432,0.060790887098565144,-0.41210710171687664,-0.009233288538671896,-0.022766092792258056,0.3218171719034788,0,0,0,5.305249549930635,5.305249549930635,8.112307250275954,0.9344960015750265
turn_right,19.18,0.0,0.0,-0.44999999999999996,-0.026043153323125883,-0.005550893575036931,0.04142303934809673,-0.43805816066075637,-0.011754677789704609,-0.021031771556939187,0.32276769984187886,0,0,0,5.631835552642275,5.631835552642275,8.141579188827432,5.377538748612992
turn_right,19.2,0.0,0.0,-0.44999999999999996,-0.04183801576042422,-0.002889078586007806,0.030773037551146697,-0.45629088135234575,-0.014966297832124335,-0.018805157216766757,0.32334991302290095,0,0,0,8.994210700328761,8.994210700328761,8.155708588048533,10.491066118465845
turn_right,19.22,0.0,0.0,-0.44999999999999996,-0.056079391108266194,-0.005445382362005973,0.02220248786101,-0.4569084630414381,-0.015211911029080954,-0.01639814711912909,0.32377031472222956,0,0,0,8.470596011248652,8.470596011248652,8.126788651526528,11.25631874497402
turn_right,19.240000000000002,0.0,0.0,-0.44999999999999996,-0.06211043630199591,-0.011336880444952395,0.005575140087653659,-0.4303851897487989,-0.012854987171457413,-0.01587024738860675,0.3239698350246534,0,0,0,6.218977195931775,6.218977195931775,8.19627422054262,9.897056854597924
turn_right,19.26,0.0,0.0,-0.44999999999999996,-0.05956792134975153,-0.013745765559568895,-0.01152551413253163,-0.39010900379169655,-0.009290295787004634,-0.018328547205582475,0.32385681088459756,0,0,0,6.968072323136816,6.968072323136816,8.3106375026458,6.770950666562548
turn_right,19.28,0.0,0.0,-0.44999999999999996,-0.05322275681965397,-0.009820644759174022,-0.02442328421662464,-0.36996860285101535,-0.005427366066230043,-0.022308746899630406,0.3234740247358753,0,0,0,7.647287813046074,7.647287813046074,8.428300252804974,4.268172836288356
turn_right,19.3,0.0,0.0,-0.44999999999999996,-0.04525716942390707,-0.0008953476940490074,-0.03051231518985711,-0.3763293524249891,-0.0015978772940357434,-0.02608791637791421,0.32292972448404006,0,0,0,8.10273184349228,8.10273184349228,8.437348782045166,3.5501100238664325
turn_right,19.32,0.0,0.0,-0.44999999999999996,-0.03769218730417462,0.010023018125605708,-0.031083236751355003,-0.3920929324499101,0.0018090056017003122,-0.02873636583664172,0.3223462728880501,0,0,0,8.30816482128555,8.30816482128555,8.410042606356232,4.769573682368582
turn_right,19.34,0.0,0.0,-0.44999999999999996,-0.030871099531694948,0.018886149808346377,-0.03210916227540437,-0.4185671360541463,0.00328416789563436,-0.030550939424859,0.3217726440696121,0,0,0,8.353443745320543,8.353443745320543,8.367464202289767,6.005084282596208
turn_right,19.36,0.0,0.0,-0.44999999999999996,-0.024786516572915317,0.026544986632329282,-0.03380347920521152,-0.4383395756848474,0.0020510787637598306,-0.032349801562439,0.32120312526021877,0,0,0,8.377265365733727,8.377265365733727,8.32162011957561,7.543750562283256
turn_right,19.38,0.0,0.0,-0.44999999999999996,-0.021717239250059858,0.034110671029322054,-0.034100199178253555,-0.49932295304823165,-0.00311577686202658,-0.03438290189765495,0.3206844238777191,0,0,0,8.621154736481438,8.621154736481438,8.27393625621976,10.61674382802991
turn_right,19.400000000000002,0.0,0.0,-0.44999999999999996,-0.014073096484915075,0.00961483733494218,0.015271641778952875,-0.4090783968801913,-0.00021102004935930388,-0.02968339861977729,0.3208229037941155,0,0,0,6.44087002520882,6.44087002520882,8.227485980872274,6.594877216593522
turn_right,19.42,0.0,0.0,-0.44999999999999996,0.005667721072926213,-0.00354407839080102,-0.02080696399644882,-0.46961534201632604,0.005149133651479114,-0.022355322391602817,0.32082076195045084,0,0,0,4.481443946594466,4.481443946594466,8.245599306255087,3.4914250221841683
turn_right,19.44,0.0,0.0,-0.44999999999999996,0.03100884714675883,-0.016608137243980442,-0.10060496408166163,-0.5518158796654296,0.012503163131389322,-0.014154513023474044,0.3196271598496729,0,1,0,4.9185627358656765,4.9185627358656765,8.325105296879123,6.554043389917401
turn_right,19.46,0.0,0.0,-0.44999999999999996,0.02667468409936573,0.005512600381630529,-0.06901274619621109,-0.4772442639826718,0.006592257459931067,-0.00993397131989008,0.3179701991965321,0,1,0,6.4434510864838055,6.4434510864838055,8.32910742405382,4.362839785151233
turn_right,19.48,0.0,0.0,-0.44999999999999996,0.006901137248914458,0.026766805915949737,-0.024193330109459187,-0.4541902892212889,-0.0003886715898146535,-0.010356532692416017,0.31699348109281034,0,0,0,7.331391275127892,7.331391275127892,8.290630274074935,5.895155788326057
turn_right,19.5,0.0,0.0,-0.44999999999999996,-0.018156488693214103,0.04207056527713662,0.012543694454802275,-0.445697858119792,-0.0065102751385214,-0.01142495328858981,0.3166948105580482,0,0,0,8.203850431721046,8.203850431721046,8.335465027497428,10.10648879535419
turn_right,19.52,0.0,0.0,-0.44999999999999996,-0.031701891368955966,0.0513611638822551,0.031043021028232188,-0.45195613368548904,-0.011209300242436436,-0.012846055252183342,0.3169176459514792,0,0,0,7.964707859967874,7.964707859967874,8.299381777805468,10.120296176252548
turn_right,19.54,0.0,0.0,-0.44999999999999996,-0.039169563143688725,0.056270732727476964,0.04436893739334976,-0.48938471223256874,-0.016137384118370682,-0.013871639030205078,0.31753484806101234,0,0,0,7.998240539360253,7.998240539360253,8.311164608841974,7.761647116964912
turn_right,19.56,0.0,0.0,-0.44999999999999996,-0.04427060278286497,0.05973683032055242,0.053341591627521084,-0.5426077252312602,-0.020710927038866837,-0.013629930814855237,0.31845219333732416,0,0,0,7.692691112976956,7.692691112976956,8.282476533397137,4.994989147231692
turn_right,19.580000000000002,0.0,0.0,-0.44999999999999996,-0.04828533611210309,0.06471537769082422,0.04873092834993207,-0.6033619845646605,-0.02441965903612418,-0.012524717318417616,0.31943536252832117,0,0,0,7.468324582106081,7.468324582106081,8.24659501061248,2.3033897345624137
turn_right,19.6,0.0,0.0,-0.44999999999999996,-0.04990378809913643,0.06835889189798705,0.0347135677218477,-0.6272578633541338,-0.02671030809892312,-0.010970065081352218,0.320233651139915,0,0,0,7.326723956618606,7.326723956618606,8.212697974226959,2.334136818800142
turn_right,19.62,0.0,0.0,-0.44999999999999996,-0.0481467135232825,0.0689264510649984,0.014745793582977042,-0.6184935666682019,-0.02797373982559491,-0.008769808665515072,0.3207034358173768,0,0,0,7.309663344426846,7.309663344426846,8.180665483931943,3.2144487654882212
turn_right,19.64,0.0,0.0,-0.44999999999999996,-0.0405236409253458,0.06571807864460733,-0.017629341818755907,-0.5807060407750434,-0.02819492664696492,-0.0054739645984378,0.32064945305294973,0,0,0,7.192595039947814,7.192595039947814,8.150385913615153,3.0279649917102462
turn_right,19.66,0.0,0.0,-0.44999999999999996,-0.030674747768363025,0.061638920781909474,-0.06292670647848146,-0.5201708011733378,-0.028520622792382037,-0.0005810181944083549,0.31983856609668704,0,0,0,6.827837263540102,6.827837263540102,8.121755264168065,3.9736238676345206
turn_right,19.68,0.0,0.0,-0.44999999999999996,-0.0407607759283227,0.0294151710236854,-0.041207922096218444,-0.5289950453985837,-0.02061657583112711,-0.00025756049167400576,0.3188944989312643,0,0,0,6.0324692747989115,6.0324692747989115,8.165548099758887,6.639781893572717
turn_right,19.7,0.0,0.0,-0.44999999999999996,-0.04962284486514174,-0.009349827547514447,-0.011039313696075108,-0.6087336757746752,-0.009218867522996707,-0.004569136164795927,0.31829358242770467,0,1,0,6.2409988110265875,6.2409988110265875,8.285880236219459,10.760549360134405
turn_right,19.72,0.0,0.0,-0.44999999999999996,-0.0478589219791538,-0.03400007185982062,0.014294634527800791,-0.6106928032308796,-0.00806551660176028,-0.002827040935524943,0.318440584244067,0,0,0,7.490565815952157,7.490565815952157,8.27256267348583,3.737882202790626
turn_right,19.740000000000002,0.0,0.0,-0.44999999999999996,-0.05132690248622968,-0.04615763857632041,0.018081533353817528,-0.5806453019167969,-0.008324305590199817,-0.0022475971677382964,0.31867798797813435,0,0,0,7.656010312040089,7.656010312040089,8.298964544775487,5.5307266288013635
turn_right,19.76,0.0,0.0,-0.44999999999999996,-0.060835581817950284,-0.04821626519883383,0.03261292633389211,-0.6180883216774146,-0.007017911244706111,-0.0023173152235015718,0.31905320558631484,0,0,0,7.393175956667354,7.393175956667354,8.328332931943415,5.56443667493774
turn_right,19.78,0.0,0.0,-0.44999999999999996,-0.06709722962313185,-0.051358239122418506,0.04059222534840196,-0.6427384297637724,-0.0033932009661088586,-0.0016232895062399328,0.319702079546819,0,0,0,6.888963585709446,6.888963585709446,8.365751341169183,6.135460627474372
turn_right,19.8,0.0,0.0,-0.44999999999999996,-0.06797487528170976,-0.055305174709844966,0.03038539679651412,-0.6194041009417013,0.0011712569433577173,-0.0019731877212833893,0.3203413632113219,0,0,0,6.190427039614966,6.190427039614966,8.406788028478672,5.8273347866423615
turn_right,19.82,0.0,0.0,-0.44999999999999996,-0.060012856266954656,-0.05742386624691639,0.008082752009966658,-0.5382487986797424,0.005239019095231188,-0.004651473797157815,0.32064900399704654,0,0,0,6.553678646051121,6.553678646051121,8.451824407552571,4.229802747847482
turn_right,19.84,0.0,0.0,-0.44999999999999996,-0.04756977528345128,-0.0545409093497571,-0.01222197397174866,-0.46792895698401543,0.0069269817449291995,-0.008250766130992862,0.32055520385594005,0,0,0,7.011644546389849,7.011644546389849,8.478580412207197,2.303445345847013
turn_right,19.86,0.0,0.0,-0.44999999999999996,-0.032438054410721,-0.04770596860345576,-0.029365770455649785,-0.4231552595460052,0.00542177999316099,-0.01123942776049348,0.3201141074707981,0,0,0,7.30916378695196,7.30916378695196,8.480860749946427,2.51193560706221
turn_right,19.88,0.0,0.0,-0.44999999999999996,-0.020408422891846727,-0.041225865347052214,-0.036917580160935506,-0.4053243891153364,0.0013561164696927678,-0.013313783028022906,0.3194567184649609,0,0,0,7.494846792860208,7.494846792860208,8.4790800840455,2.681956328336746
turn_right,19.900000000000002,0.0,0.0,-0.44999999999999996,-0.011209375631378637,-0.038147731002436194,-0.037933724435529594,-0.40046072259454896,-0.004417891721639018,-0.015118226700797651,0.31873493399708563,0,0,0,7.669055399005911,7.669055399005911,8.475357403312948,3.00812852744161
turn_right,19.92,0.0,0.0,-0.44999999999999996,-0.002637467232766745,-0.03310377556993437,-0.03531648285890071,-0.4175047051414136,-0.010376482271349614,-0.017040273118012088,0.31805947752305486,0,0,0,7.811303687418668,7.811303687418668,8.463866739352191,3.3219203427734607
turn_right,19.94,0.0,0.0,-0.44999999999999996,0.0060047365788557005,-0.024917226100975395,-0.04178466094470315,-0.4196301625993487,-0.014645137863708182,-0.018488102584403508,0.3173914625702137,0,0,0,7.2484711959262595,7.2484711959262595,8.445793350225294,3.9444029536727623
turn_right,19.96,0.0,0.0,-0.44999999999999996,0.016931841963472295,-0.03813881759037376,-0.018510094946345555,-0.3212247133002953,-0.003251165632879923,-0.013585646258262727,0.3170319397977155,0,0,0,5.349824357194362,5.349824357194362,8.445017333782612,5.597031655971034
turn_right,19.98,0.0,0.0,-0.44999999999999996,0.025823783623641853,-0.025250453217764545,-0.014292255248234317,-0.3345367648258185,0.009238863891674498,-0.006467342117597629,0.31655113239956006,0,1,0,4.832214063384953,4.832214063384953,8.500238802171843,7.659826190355288
turn_right,20.0,0.0,0.0,-0.44999999999999996,0.02864363943938504,-0.0003718053911590881,0.006424937197583064,-0.3866112116333333,0.007656721399075761,-0.0066749574322982445,0.3165003702630466,0,0,0,5.768883357827116,5.768883357827116,8.518495812869197,3.9090632623080523
turn_right,20.02,0.0,0.0,-0.44999999999999996,0.02707759469591335,0.007467497602340501,-0.01470502614056552,-0.5070888679318002,0.005953890328240364,-0.010653646738991357,0.3164624711403224,0,1,0,6.907248471468106,6.907248471468106,8.469281819548772,6.613768353066035
turn_right,20.04,0.0,0.0,-0.44999999999999996,0.020988526275427268,0.004601860401001183,-0.02898487869687794,-0.5949901228776138,0.005634205561225112,-0.015899186508823764,0.3161402457250977,0,0,0,7.944279518131568,7.944279518131568,8.422888129277244,6.1249024469768205
turn_right,20.06,0.0,0.0,-0.44999999999999996,0.008571750941415258,-0.005297218962532891,-0.016643200402226388,-0.6128296851829486,0.011155979945149436,-0.021143672566837864,0.3157212550801398,0,0,0,8.613006286583342,8.613006286583342,8.379133608608942,6.1249024469768205
turn_right,20.080000000000002,0.0,0.0,-0.44999999999999996,0.0021979688163639498,-0.018085519079080375,-0.00817590103652862,-0.626752997174837,0.013578108712955629,-0.02505414071371322,0.3154284887909622,0,0,0,9.035794504972221,9.035794504972221,8.493184420802443,3.594477053586639
turn_right,20.1,0.0,0.0,-0.44999999999999996,-0.003207555732650358,-0.02939771276199802,0.005224934466024632,-0.6388101723753838,0.013057818823868066,-0.026330596263758978,0.31538936235925163,0,0,0,8.828745602785121,8.828745602785121,8.4266273797801,2.3986448535967844
turn_right,20.12,0.0,0.0,-0.44999999999999996,-0.007675727804712672,-0.036061686046992086,0.015315571530762663,-0.6348737132184818,0.010561303633059129,-0.02555846659924655,0.31559920968170985,0,0,0,8.374009536063774,8.374009536063774,8.36100005260051,1.903275900472033
turn_right,20.14,0.0,0.0,-0.44999999999999996,-0.009067433587874572,-0.03939546811967423,0.0176153167717315,-0.6196623753598884,0.008291157373692277,-0.02473646492632876,0.31594512500766503,0,0,0,7.949874602843518,7.949874602843518,8.315543642629802,1.766788832429117
turn_right,20.16,0.0,0.0,-0.44999999999999996,-0.00959547254191028,-0.04158758894725309,0.014866087496491903,-0.5869493579795494,0.008607598362677205,-0.025059210964702563,0.3163068336931859,0,0,0,7.700549011935384,7.700549011935384,8.27782343960893,2.76938755865841
turn_right,20.18,0.0,0.0,-0.44999999999999996,-0.012083952705916189,-0.04536326444598524,0.012034040814793895,-0.5319611002981954,0.012000645940494317,-0.026452929799478477,0.316639501774918,0,0,0,7.623692346136777,7.623692346136777,8.262464778215666,3.9264097804109763
turn_right,20.2,0.0,0.0,-0.44999999999999996,-0.01369208290307206,-0.04574556414930091,0.0288492031034442,-0.4815220929975408,0.014136342730157571,-0.02713480102508589,0.3170105925057976,0,0,0,7.371935469394116,7.371935469394116,8.250529997679163,4.780263088158839
turn_right,20.22,0.0,0.0,-0.44999999999999996,0.001924393056395731,-0.03191412930896497,0.03214123735208278,-0.4267301995953091,0.008333514011653468,-0.023941588107359153,0.31769082016548966,0,0,0,6.128777517414866,6.128777517414866,8.241149778127475,3.6026394967856796
turn_right,20.240000000000002,0.0,0.0,-0.44999999999999996,0.018630760783568588,-0.011525876872430988,0.023746578563019233,-0.4120280417274486,0.001445683555807193,-0.019212791858551473,0.31817832847631106,0,1,0,5.965421758168592,5.965421758168592,8.276819695295242,4.665343167569086
turn_right,20.26,0.0,0.0,-0.44999999999999996,0.025502705717059804,-0.006340942314041664,0.036529925602179436,-0.42977836133996455,0.00442232538279642,-0.018913723795693914,0.31888117222205925,0,1,0,6.146038898504813,6.146038898504813,8.36029997164571,0.7309096271939493
turn_right,20.28,0.0,0.0,-0.44999999999999996,0.021503538205833356,-0.004529274305091064,0.020726139948651346,-0.4733429920904069,0.006794551813543596,-0.019023677586892516,0.3194547669022376,0,0,0,6.478676336700047,6.478676336700047,8.354367814099785,2.840430503691353
turn_right,20.3,0.0,0.0,-0.44999999999999996,-0.0006859725343851066,-0.004104752921467898,0.025269722966816212,-0.5118379289102314,0.004562469733113186,-0.01649066690656909,0.3198307335186826,0,0,0,6.423910655227212,6.423910655227212,8.314476712923138,7.040339870166234
turn_right,20.32,0.0,0.0,-0.44999999999999996,-0.02384032355193342,-0.00929807387686855,0.03578843215301436,-0.5420485853995025,0.002041721645358005,-0.012219058134357752,0.3204103373757374,0,0,0,6.618348500393062,6.618348500393062,8.276815983815915,8.001144376864124
turn_right,20.34,0.0,0.0,-0.44999999999999996,-0.04061009927438939,-0.01760869242252765,0.03397758150326868,-0.5507177481749785,0.001712720758274142,-0.008737630789530208,0.32109893713847704,0,0,0,6.362732078859897,6.362732078859897,8.289880763675356,7.4560338824330366
turn_right,20.36,0.0,0.0,-0.44999999999999996,-0.04876429068838275,-0.025244285759361416,0.02142917886658679,-0.5185522299845201,0.003957552166013339,-0.008299815043678726,0.3216497832615872,0,0,0,6.373430594004158,6.373430594004158,8.295049504178277,5.125801554987473
turn_right,20.38,0.0,0.0,-0.44999999999999996,-0.047160417561924746,-0.02664570097287067,0.005489595880920422,-0.4547589653959035,0.007695124553882585,-0.011006104472032659,0.32190571716281896,0,0,0,7.439111030397947,7.439111030397947,8.287905353386357,3.310417289887674
turn_right,20.400000000000002,0.0,0.0,-0.44999999999999996,-0.03771654964237289,-0.022911725204601097,-0.011195110019114565,-0.3766461859502285,0.011458000197060333,-0.015437767562025972,0.32184090777299235,0,0,0,8.344733611437947,8.344733611437947,8.260402291318453,2.5482721685365344
turn_right,20.42,0.0,0.0,-0.44999999999999996,-0.0243947459819408,-0.01584075940203216,-0.02340808023629386,-0.3251866485085011,0.013554648130114708,-0.020103514631291033,0.32149829483651393,0,0,0,8.972085410808,8.972085410808,8.225742935060996,3.343459302296934
turn_right,20.44,0.0,0.0,-0.44999999999999996,-0.01226099782679276,-0.006169938234892968,-0.029089386578096246,-0.302921331501859,0.012535060340872177,-0.024044896717492402,0.3210113639462931,0,0,0,9.29091333832285,9.29091333832285,8.163704206225038,4.239249770183331
turn_right,20.46,0.0,0.0,-0.44999999999999996,-0.00238007003915956,0.005154235803735001,-0.033288190696224323,-0.3345911302798674,0.009922434351663114,-0.027211703297593103,0.3204464455784342,0,0,0,9.296795526509687,9.296795526509687,8.08226254670124,5.024919958567754
turn_right,20.48,0.0,0.0,-0.44999999999999996,0.0022220292845696165,0.015445770339128266,-0.03437964071527536,-0.41743548039315514,0.005894651726783485,-0.029464839639009248,0.319870140908377,0,0,0,8.848021143572149,8.848021143572149,7.997821555803625,6.569339296027054
turn_right,20.5,0.0,0.0,-0.44999999999999996,-0.0015253065378680695,0.01680949667759114,-0.008692377685577384,-0.4395856968948965,0.0033702499324193154,-0.029998403936509124,0.3193799461138539,0,0,0,8.250277039269868,8.250277039269868,7.9275763845956,9.110465394231749
turn_right,20.52,0.0,0.0,-0.44999999999999996,0.008430266280018665,-0.002084397734844448,0.000706714368673998,-0.5217634811198368,0.015026116935000854,-0.022533662079949564,0.31954200228893204,0,1,0,5.7984610832674175,5.7984610832674175,7.880070857712031,4.456051863666902
turn_right,20.54,0.0,0.0,-0.44999999999999996,0.004146418462814233,0.007833300750805492,0.03423465922261084,-0.5518099402109334,0.013357803828789526,-0.01837440292516396,0.32003056591050755,0,1,0,5.34937798153577,5.34937798153577,7.923103931591555,3.3463549558390824
turn_right,20.56,0.0,0.0,-0.44999999999999996,-0.0038502198293671012,0.014389834274377743,0.017578653536013716,-0.5352756416446098,0.008188320972409867,-0.017874384066164054,0.32056643001025953,0,0,0,6.159335843541393,6.159335843541393,7.951304496941162,1.80594275906809
turn_right,20.580000000000002,0.0,0.0,-0.44999999999999996,-0.020336489888613068,0.013941641814887018,0.0014024169103958352,-0.5847771516118914,0.0021231321310758843,-0.018580581719038133,0.32055791915743326,0,0,0,9.906552835631793,9.906552835631793,7.933321350588457,10.834380690927945
turn_right,20.6,0.0,0.0,-0.44999999999999996,-0.02754366380436781,0.015310371622372592,-0.011295807313974058,-0.665636658903977,-0.0054277344208752965,-0.019402905451986013,0.32007596748934136,0,0,0,13.908799680515925,13.908799680515925,7.922302746310436,15.785998170348725
turn_right,20.62,0.0,0.0,-0.44999999999999996,-0.027664247233218035,0.016629180670516313,-0.011582835842663616,-0.7036643296074496,-0.013526376338666022,-0.01922925707368499,0.3194932446299855,0,0,0,11.92514270917575,11.92514270917575,8.044695117739131,15.721045720575562
turn_right,20.64,0.0,0.0,-0.44999999999999996,-0.027557453499170298,0.018976728997960574,-0.0022943802960592157,-0.7116762414302342,-0.0213498594740992,-0.017162270151345665,0.3191411068868297,0,0,0,8.86680451830912,8.86680451830912,8.176560143756447,13.006351288516834
turn_right,20.66,0.0,0.0,-0.44999999999999996,-0.029163632061184854,0.0240526664321262,0.011911272775372208,-0.7147598245639756,-0.028144743274838225,-0.013708037724525078,0.319151990885294,0,0,0,8.534342765525935,8.534342765525935,8.285236437704306,7.655988056732346
turn_right,20.68,0.0,0.0,-0.44999999999999996,-0.03244809765879487,0.03221869066318083,0.01991614001597016,-0.7211259599293863,-0.03334839862106186,-0.01034828272753831,0.31945286722224264,0,0,0,8.055099842504418,8.055099842504418,8.30661574190983,4.10345201401256
turn_right,20.7,0.0,0.0,-0.44999999999999996,-0.03582028340114292,0.040676636966875825,0.02264978470849377,-0.702443373014008,-0.0369269567890681,-0.008210616134410261,0.3198832452109907,0,0,0,7.756795819668061,7.756795819668061,8.273853378757387,2.3755924798248462
turn_right,20.72,0.0,0.0,-0.44999999999999996,-0.03967448487020336,0.04686809860565727,0.019340030214924083,-0.6379804885991562,-0.03845253688682614,-0.007139901356316811,0.3203106702545246,0,0,0,7.667322961756948,7.667322961756948,8.238449787781718,3.9787160152748497
turn_right,20.740000000000002,0.0,0.0,-0.44999999999999996,-0.04386757187859876,0.05099081170183814,0.007013897012544889,-0.5452493650816086,-0.03823376627797007,-0.006086971792889855,0.3206030095387355,0,0,0,7.595056639133402,7.595056639133402,8.206882289310617,5.354773703331834
turn_right,20.76,0.0,0.0,-0.44999999999999996,-0.04508266805808529,0.053126907932281066,-0.012009060261288826,-0.44297496662013347,-0.03753728929838004,-0.004748746930516579,0.3206002059030933,0,0,0,7.608176669735116,7.608176669735116,8.261089571269707,7.281779521312807
turn_right,20.78,0.0,0.0,-0.44999999999999996,-0.04562737591667888,0.0534236821248148,-0.04312137154627023,-0.33669758955734774,-0.03729449919184385,-0.0029903456955440743,0.3201724588553565,0,0,0,9.38513293981953,9.38513293981953,8.34017333508639,11.510383177083368
turn_right,20.8,0.0,0.0,-0.44999999999999996,-0.0608940615620018,0.04359105990083892,-0.0570049026474654,-0.26432864754378355,-0.03532298939650202,-0.001997146206188996,0.31922398178910233,0,0,0,14.781706487776209,14.0,8.340406947775598,16.449580535039455
turn_right,20.82,0.0,0.0,-0.44999999999999996,-0.07592304586877097,0.028449323861498697,0.008987698955087522,-0.33652542533062607,-0.032140543554530554,-0.0026721548158127506,0.3190805260707669,0,1,0,5.487576563486079,5.487576563486079,7.9870748234460685,16.785809092752867
turn_right,20.84,0.0,0.0,-0.44999999999999996,-0.08453781633833046,0.014442258160460186,0.02963720666049737,-0.3933349565557425,-0.032285145031123834,-0.0021766287523589303,0.31950283273405916,0,0,0,7.10360361213869,7.10360361213869,8.074180043893929,3.2714161654052187
turn_right,20.86,0.0,0.0,-0.44999999999999996,-0.09795994711738817,0.013358576143059572,0.030440153115726325,-0.4819972500925792,-0.03424327832540773,-0.0020979122711844234,0.32000349412833373,0,0,0,7.120470984619536,7.120470984619536,8.165057959173058,6.314316391062592
turn_right,20.88,0.0,0.0,-0.44999999999999996,-0.11269050584123387,0.011877161420736982,0.029591390369189778,-0.5534036341467204,-0.032637572051734016,-0.0015322739929975306,0.32057391308705757,0,0,0,7.077478329942079,7.077478329942079,8.24050459769542,7.149697238778664
turn_right,20.900000000000002,0.0,0.0,-0.44999999999999996,-0.12046753744933822,0.0058750953900979395,0.016928327201732728,-0.5861482465437817,-0.02785326810932422,-0.0034692153538736334,0.3210075591015028,0,0,0,6.701479495501768,6.701479495501768,8.326919209776428,6.444576098249598
turn_right,20.92,0.0,0.0,-0.44999999999999996,-0.12067903734920365,0.0015622866795579576,-0.0010324892590255557,-0.5640670527927679,-0.024176594445938983,-0.009276141149335839,0.32113273904246725,0,0,0,6.1425701851111825,6.1425701851111825,8.413179360837628,4.396353002981784
turn_right,20.94,0.0,0.0,-0.44999999999999996,-0.11604289471866147,0.003860136729534293,-0.014142904413015023,-0.545208857581795,-0.02425688713953468,-0.01710237274008934,0.3209556198533052,0,0,0,6.215678713842074,6.215678713842074,8.48243666442001,3.1430318127031196
turn_right,20.96,0.0,0.0,-0.44999999999999996,-0.10760663669757903,0.012666010092804263,-0.02286966815644035,-0.5338196518824753,-0.028279438307611992,-0.025148339529531903,0.32055482846815236,0,0,0,6.671591228485613,6.671591228485613,8.53044935448667,3.4885775618830372
turn_right,20.98,0.0,0.0,-0.44999999999999996,-0.0988963157287939,0.024918792251495167,-0.028259155869827596,-0.5409405613248467,-0.03470186260296679,-0.03222008493385895,0.3200227557400946,0,0,0,6.939391630918246,6.939391630918246,8.557556967295259,4.482562757338071
turn_right,21.0,0.0,0.0,-0.44999999999999996,-0.09172440832313918,0.040495928728829324,-0.03363350403446499,-0.5412571871307009,-0.04150429567309742,-0.03837912858651945,0.31939295210951146,0,0,0,7.168660704349276,7.168660704349276,8.572443655024298,5.87153473315067
forward_left,21.02,0.30000000000000004,0.15000000000000002,0.0,-0.0861620220076103,0.03915939800054981,-0.0023428370210008924,-0.4339402542427593,-0.04400504525561431,-0.04142827355222948,0.3188523941948833,0,0,0,6.952471263392503,6.952471263392503,8.577974464485777,6.577247458346409
forward_left,21.04,0.30000000000000004,0.15000000000000002,0.0,-0.06818008410774869,0.014889510093057001,0.022362007623490363,-0.3246832486050176,-0.035471362749373535,-0.035878292092848,0.31908185864650473,0,0,0,5.933518409983753,5.933518409983753,8.574689642608096,3.6052332247228334
forward_left,21.06,0.30000000000000004,0.15000000000000002,0.0,-0.036329189413597605,-0.009454541526363111,0.0060046418726191104,-0.2713955780717302,-0.024573555942934793,-0.027685360205695023,0.31941353021484026,0,0,0,5.193230654104417,5.193230654104417,8.6148122736417,3.870059569414494
forward_left,21.080000000000002,0.30000000000000004,0.15000000000000002,0.0,0.0030560093343391086,-0.02195837541948777,-0.03781546950202647,-0.251698905644555,-0.017115534544302754,-0.02073265658867797,0.3189732401523628,0,1,0,5.311621975355158,5.311621975355158,8.65423808067261,4.67365012821529
forward_left,21.1,0.30000000000000004,0.15000000000000002,0.0,0.049570705034547226,-0.021453663067766394,-0.041294938040272386,-0.18767014198003132,-0.022696008019572243,-0.019405982253789242,0.3181797313858566,0,1,0,6.631219074217536,6.631219074217536,8.623597281068431,3.7185349947683477
forward_left,21.12,0.30000000000000004,0.15000000000000002,0.0,0.09415975981793731,-0.02609214164223458,-0.05468913509175325,-0.195032360008237,-0.026510470458040992,-0.017648488118188328,0.31728005926077646,0,1,0,7.270982357492562,7.270982357492562,8.568288445931984,3.2713430123706715
forward_left,21.14,0.30000000000000004,0.15000000000000002,0.0,0.12058800242996823,-0.025905725319839316,-0.04943111541254875,-0.30110712815295887,-0.027167296950881617,-0.01304518659260613,0.3162020226440635,0,0,0,8.962900600732151,8.962900600732151,8.51619920432476,9.162313433401113
forward_left,21.16,0.30000000000000004,0.15000000000000002,0.0,0.1349422960080754,-0.01101443058890885,-0.05423909363302947,-0.4030555124962884,-0.026552425310257557,-0.005511175246305805,0.31506895459548734,0,0,0,8.07222741413184,8.07222741413184,8.467117297965618,13.989473847515306
forward_left,21.18,0.30000000000000004,0.15000000000000002,0.0,0.1548374020520349,0.003981462490674683,-0.05489488697417648,-0.3147032695739857,-0.025376979829271507,-0.001643946416058212,0.3139336196226188,0,0,0,8.42301472044104,8.42301472044104,8.420847159928073,5.718575214136747
forward_left,21.2,0.30000000000000004,0.15000000000000002,0.0,0.17403399435094666,0.013049619695639354,-0.02946722393588418,-0.17710359923706184,-0.0214480156965917,-0.004044716147439699,0.31306548213812385,0,0,0,8.03843458895272,8.03843458895272,8.377208309171294,4.860485344300448
forward_left,21.22,0.30000000000000004,0.15000000000000002,0.0,0.19389081052955548,0.015316643249629327,0.007847128316675745,-0.03817421565508462,-0.01658285474240173,-0.008949323369554302,0.31289769626997394,0,0,0,7.940206459587882,7.940206459587882,8.336033931513978,3.333336508909836
forward_left,21.240000000000002,0.30000000000000004,0.15000000000000002,0.0,0.21067587489305176,0.016461372030460424,0.034962069618328574,0.04053645890998062,-0.010977574147721702,-0.013511287498863852,0.313438886177969,0,0,0,7.365778455391278,7.365778455391278,8.297169621710292,2.0603824690589696
forward_left,21.26,0.30000000000000004,0.15000000000000002,0.0,0.23132977629648166,0.014541951626765817,0.03968536056615598,0.11486155672584182,-0.004443768106500378,-0.017592336526434587,0.3143265161538059,0,0,0,6.478501820161881,6.478501820161881,8.289645100135079,1.7799003376354063
forward_left,21.28,0.30000000000000004,0.15000000000000002,0.0,0.2522586659807326,0.009346462843130919,0.024773802196841437,0.18293113261178523,0.003121558061352321,-0.021000511359510407,0.3151185597578769,0,0,0,5.648047281772757,5.648047281772757,8.313916731654608,2.4737793375353276
forward_left,21.3,0.30000000000000004,0.15000000000000002,0.0,0.272675116634134,0.0040274638677509945,-0.00224425276268239,0.260118215583156,0.010903180358305455,-0.023508639930141708,0.3154708045543226,0,0,0,5.379887063895698,5.379887063895698,8.366959526214778,2.615142157511598
forward_left,21.32,0.30000000000000004,0.15000000000000002,0.0,0.2816828785182871,0.01469492794005735,-0.004667698803466276,0.28146793516470425,0.01544563187364989,-0.02396116016872406,0.31541237060597205,0,0,0,5.261768026549506,5.261768026549506,8.440950960787603,3.070770637587717
forward_left,21.34,0.30000000000000004,0.15000000000000002,0.0,0.2873390444667836,0.05840588818323638,-0.0022092105950217737,0.24051676183793266,0.010139494052437087,-0.019509927285282634,0.3155590524444725,0,0,0,5.966201506363745,5.966201506363745,8.529707002993277,3.4303596970509385
forward_left,21.36,0.30000000000000004,0.15000000000000002,0.0,0.28370679522694375,0.11474854503458223,-0.018502001320914077,0.23672974185509596,-0.0013201073197813295,-0.012885157111755849,0.3154339472476224,0,0,0,7.031073212309497,7.031073212309497,8.498008922956696,3.7330305931963625
forward_left,21.38,0.30000000000000004,0.15000000000000002,0.0,0.2667614767515826,0.15628425260930495,-0.023657185711303708,0.2739526990688505,-0.010846336110219108,-0.004727721865377322,0.3148788197866464,0,1,0,6.634632260472031,6.634632260472031,8.449971565401881,5.158112126151193
forward_left,21.400000000000002,0.30000000000000004,0.15000000000000002,0.0,0.23231782301390377,0.16475014453687473,-0.004650031830938117,0.2148322002094104,-0.003937778219885252,-0.004424677289440549,0.31481770211321075,0,0,0,9.018770325291884,9.018770325291884,8.404678661204944,10.242199086561913
forward_left,21.42,0.30000000000000004,0.15000000000000002,0.0,0.21740598098153108,0.16061463274578594,-0.0018388350211037056,0.0032179798024824153,0.0016937521573704734,-0.00895499630399952,0.31479129704541764,0,0,0,9.233834301992378,9.233834301992378,8.361954855697668,12.660936151447894
forward_left,21.44,0.30000000000000004,0.15000000000000002,0.0,0.229404933070149,0.15635046257266505,-0.0019063423848212817,-0.07461183301942886,0.005935895092907747,-0.02051959411724822,0.314733262442343,0,0,0,13.84931712786828,13.84931712786828,8.294710834545459,16.807604664036447
forward_left,21.46,0.30000000000000004,0.15000000000000002,0.0,0.24962530111467435,0.1554137824762909,0.0099624301191847,-0.06957055032220313,0.009833979840068867,-0.034852850731430664,0.314879837767931,0,0,0,11.430072076301641,11.430072076301641,8.24514313501657,16.089602508918585
forward_left,21.48,0.30000000000000004,0.15000000000000002,0.0,0.25970343788782835,0.16005313199752025,0.03814539712891961,-0.06831369263383218,0.009233711231133824,-0.04585397119477115,0.31563094493498284,0,0,0,10.597876543764544,10.597876543764544,8.065495560260104,8.737686883894373
forward_left,21.5,0.30000000000000004,0.15000000000000002,0.0,0.25802365834072877,0.16394596007934853,0.05502890700181343,-0.0862479011760199,0.006002542628836129,-0.05212798560438958,0.3169305128415195,0,0,0,9.07071269318503,9.07071269318503,7.8915965020996275,3.8061587582108416
forward_left,21.52,0.30000000000000004,0.15000000000000002,0.0,0.2587946004978312,0.16386624624691373,0.03874233205694734,-0.07443152950443946,0.0029253499606628486,-0.05628949147125886,0.31822087828586065,0,0,0,7.63827828265217,7.63827828265217,7.798503188826775,2.429632413018531
forward_left,21.54,0.30000000000000004,0.15000000000000002,0.0,0.26397008918546333,0.16582437370705597,-0.0038257896645541353,-0.04174847983277009,-0.001129565971520481,-0.05988277735752103,0.3189093330300833,0,0,0,6.873183109642948,6.873183109642948,7.779976450038276,3.4630472778186245
forward_left,21.56,0.30000000000000004,0.15000000000000002,0.0,0.270396298324544,0.17231823878119176,-0.0565807400236705,-0.001726892247401711,-0.009029163570920509,-0.061360771037178755,0.31863040338289056,0,0,0,6.594884801973024,6.594884801973024,7.775719666259565,4.692155578392329
forward_left,21.580000000000002,0.30000000000000004,0.15000000000000002,0.0,0.27657935044089366,0.16378322998366646,-0.07016346715910207,0.15284579704054788,-0.0103926458830147,-0.05515765269043138,0.3176468938999052,0,0,0,6.054276023576918,6.054276023576918,7.803890059490779,2.588948616330459
forward_left,21.6,0.30000000000000004,0.15000000000000002,0.0,0.3054551552096728,0.1531853636095707,-0.10715643694648662,0.17274304247043276,-0.004763877597836006,-0.040882048190480295,0.3161081769183953,0,0,0,5.525494820392458,5.525494820392458,7.84477478793702,2.9267993175883413
forward_left,21.62,0.30000000000000004,0.15000000000000002,0.0,0.33094530874765815,0.13802643707015746,-0.12642921056518305,0.10685522525789498,0.0005087840983398356,-0.022118066930885735,0.31375012009981007,0,1,0,6.9682420480746385,6.9682420480746385,7.909222548444006,3.5178193086326024
forward_left,21.64,0.30000000000000004,0.15000000000000002,0.0,0.32212473677764186,0.14052682160881774,-0.04895189230110258,0.12450142245162629,-0.009257985320905111,-0.010082797763511137,0.31222831425277386,0,1,0,7.508424589314524,7.508424589314524,7.990536627622152,3.146864674722332
forward_left,21.66,0.30000000000000004,0.15000000000000002,0.0,0.2946352588364835,0.14804119486840775,-0.012860527693837834,0.09545912847353528,-0.018626612663164673,-0.003375014875323102,0.3116441304916099,0,0,0,8.0168030031788,8.0168030031788,7.970481678072673,4.2169406579165845
forward_left,21.68,0.30000000000000004,0.15000000000000002,0.0,0.285251764738008,0.1601272873822247,-0.006866988456851893,0.07612315338566567,-0.023403164579312366,-0.0019669713234310594,0.31128485634050934,0,0,0,8.860921924675125,8.860921924675125,7.951487420308318,5.63764833427694
forward_left,21.7,0.30000000000000004,0.15000000000000002,0.0,0.29289854309216823,0.15990806939489718,0.0014870983382774528,0.05932061369181818,-0.025483645765719827,-0.007574690829824921,0.3110797047350126,0,0,0,9.77888089075201,9.77888089075201,8.045979046776264,6.179958152337744
forward_left,21.72,0.30000000000000004,0.15000000000000002,0.0,0.29518299427995554,0.15274236822639378,0.02303553192946248,0.06376826395594945,-0.02662328996730172,-0.014501589011348629,0.3112760952954852,0,0,0,9.916415992988961,9.916415992988961,8.14904807031721,5.184593465466587
forward_left,21.740000000000002,0.30000000000000004,0.15000000000000002,0.0,0.29331562418218005,0.14536919653545388,0.04588416781661276,0.056337070851965765,-0.02824734032705377,-0.018800778532385827,0.3120239329589425,0,0,0,9.255468579539032,9.255468579539032,8.138784774951223,3.43686355842274
forward_left,21.76,0.30000000000000004,0.15000000000000002,0.0,0.2936483682320176,0.14208028589475466,0.05067940647609323,0.034244938705135446,-0.03207502470814138,-0.02006174307626933,0.3130970206628664,0,0,0,8.291867787497656,8.291867787497656,8.04778817464014,2.605826097329613
forward_left,21.78,0.30000000000000004,0.15000000000000002,0.0,0.2988724338791881,0.13919857936224644,0.0358547372213995,0.011997282954790335,-0.03724156976548162,-0.019299907017876497,0.3140438249115617,0,0,0,7.471162172682699,7.471162172682699,8.001939428354127,2.6861573784026245
forward_left,21.8,0.30000000000000004,0.15000000000000002,0.0,0.3104946478385302,0.13734585692566187,0.005700542568589718,0.003983592241772648,-0.04089020365633588,-0.016715421886180984,0.314479973145133,0,0,0,6.980866842948408,6.980866842948408,7.981279885891986,2.5728754863985603
forward_left,21.82,0.30000000000000004,0.15000000000000002,0.0,0.325511509463253,0.13898490513867245,-0.023507851856113565,0.03353012121705627,-0.04280056563074754,-0.012622025878907766,0.31425150827687404,0,0,0,6.736232574075403,6.736232574075403,7.995701139738891,3.1503995603114205
forward_left,21.84,0.30000000000000004,0.15000000000000002,0.0,0.33662312384395343,0.1486686079614263,-0.03558531204298783,0.11673519133043185,-0.04408092544964512,-0.007657779404431848,0.31359573085192055,0,0,0,6.545714610806733,6.545714610806733,8.021531298721925,3.635393554169265
forward_left,21.86,0.30000000000000004,0.15000000000000002,0.0,0.3404087983402835,0.1765069369882638,-0.01639518822107053,0.17870324730799175,-0.05155051786688361,0.00021105392645743432,0.3130129033706754,0,0,0,5.196213486500079,5.196213486500079,8.052823782671627,4.133229780509952
forward_left,21.88,0.30000000000000004,0.15000000000000002,0.0,0.3172783044768967,0.17314162796371874,0.06517665277867232,0.11422078124110074,-0.0497681858350786,0.004747035147303916,0.3133079370924147,0,1,0,6.490575528517446,6.490575528517446,8.112778437817092,2.690923052934732
forward_left,21.900000000000002,0.30000000000000004,0.15000000000000002,0.0,0.28836518377224063,0.15891821137705014,0.0918847598707729,0.0121906838634455,-0.043488781492673476,0.0026235701779258845,0.3148966450947799,0,1,0,6.489638397802392,6.489638397802392,8.098254129106525,2.201827501974815
forward_left,21.92,0.30000000000000004,0.15000000000000002,0.0,0.2639763917519262,0.13540239602759416,0.05567350114589171,0.016443037209094014,-0.03815449886290719,-0.0016726059991994356,0.31632746457540845,0,0,0,9.283635829820362,9.283635829820362,8.098449967980645,11.13912484011216
forward_left,21.94,0.30000000000000004,0.15000000000000002,0.0,0.2674521800183658,0.1215854628333518,0.02405578761763234,0.18552165493176676,-0.024903167817889947,-0.010620587024829493,0.3171011263562322,0,0,0,13.68632491399192,13.68632491399192,8.100206922352019,16.387290548151142
forward_left,21.96,0.30000000000000004,0.15000000000000002,0.0,0.2794139277187365,0.12422493159329959,0.01779608923788091,0.27516252038128486,-0.013779815201424541,-0.023130038762323283,0.3175917380330079,0,0,0,10.501255696388233,10.501255696388233,8.07429163279524,16.31641621493863
forward_left,21.98,0.30000000000000004,0.15000000000000002,0.0,0.28068405697363563,0.1332253147698976,0.0416742333038883,0.2956855193634308,-0.012148542288511891,-0.03541201358658794,0.3183866896132086,0,0,0,9.86110280682485,9.86110280682485,7.98888677675561,11.516822070736893
forward_left,22.0,0.30000000000000004,0.15000000000000002,0.0,0.2732627233327595,0.13946637086394675,0.07009568488218196,0.2862736677287709,-0.01649720865102536,-0.04478508834122579,0.31981307062923225,0,0,0,8.862109870573738,8.862109870573738,7.875560775943061,6.144848296867698
forward_left,22.02,0.30000000000000004,0.15000000000000002,0.0,0.2636609065546218,0.14046303077624075,0.07503017405645712,0.2971992963997309,-0.02110647664478212,-0.052189747140204044,0.3215812080256825,0,0,0,7.663887882628334,7.663887882628334,7.8019462690533,5.526109345857966
forward_left,22.04,0.30000000000000004,0.15000000000000002,0.0,0.2569030260246819,0.1421049953539017,0.05316622632936972,0.31389632735000583,-0.024103520008643072,-0.05862293337203573,0.3231506152945852,0,0,0,6.929624560555475,6.929624560555475,7.783410962688631,4.006225985355768
forward_left,22.06,0.30000000000000004,0.15000000000000002,0.0,0.2547264126845393,0.14724895687099618,0.019575828164406582,0.32029060825033046,-0.027509788598446407,-0.06394987316013538,0.32415984814072335,0,0,0,6.597717705462199,6.597717705462199,7.799567766029327,3.7907932939554447
forward_left,22.080000000000002,0.30000000000000004,0.15000000000000002,0.0,0.2568403020384225,0.15795474949610372,-0.018148422111350607,0.28599351740398615,-0.032593458333922146,-0.06724748467172625,0.32444044724950777,0,0,0,6.489092265137765,6.489092265137765,7.829154920569664,4.634296990272119
forward_left,22.1,0.30000000000000004,0.15000000000000002,0.0,0.25866422773997555,0.17245255803999168,-0.05938791476309839,0.23615505189631175,-0.039840777410866,-0.06695541686283922,0.3239229645112887,0,0,0,5.873535948921398,5.873535948921398,7.863275641164211,6.453093763380534
forward_left,22.12,0.30000000000000004,0.15000000000000002,0.0,0.27225100314248873,0.1662218241344068,-0.08583323872753529,0.1942413761162185,-0.036420469235349806,-0.05966758724905629,0.32284068373066693,0,0,0,7.643997758930178,7.643997758930178,7.913588339828856,9.20138470451548
forward_left,22.14,0.30000000000000004,0.15000000000000002,0.0,0.2918835340792697,0.14483203767381442,-0.1490398964043879,0.09468538825451114,-0.02578720421377972,-0.048362169916854054,0.32084723901242784,0,0,0,13.348199574402978,13.348199574402978,7.9293133554527735,14.314371821839874
forward_left,22.16,0.30000000000000004,0.15000000000000002,0.0,0.2832367438196625,0.12161398509701248,-0.15682305614569395,-0.025599620591466893,-0.01490231926705637,-0.034957869322842026,0.3177849857196776,0,1,0,9.785603207324879,9.785603207324879,7.912485895581305,15.478341956123973
forward_left,22.18,0.30000000000000004,0.15000000000000002,0.0,0.25191568906958073,0.10779361340402503,-0.08287806121151874,-0.12380305698520731,-0.022481842773976527,-0.029105996275698945,0.31572152157412225,0,1,0,8.651342709666826,8.651342709666826,7.896540028813327,5.032176385034588
forward_left,22.2,0.30000000000000004,0.15000000000000002,0.0,0.2226222362989856,0.10384373867821403,-0.06342129761616133,-0.10727040903034538,-0.026471474833087618,-0.024809269917590453,0.31442421790737646,0,0,0,8.706575818656301,8.706575818656301,7.848981935105861,8.95841985349818
forward_left,22.22,0.30000000000000004,0.15000000000000002,0.0,0.22264192060374913,0.1121494146519403,-0.039866705782831705,0.03486484118796508,-0.023734274008081375,-0.025976662113853275,0.3134433175822002,0,0,0,9.419878297069314,9.419878297069314,7.7959858478136645,8.95841985349818
forward_left,22.240000000000002,0.30000000000000004,0.15000000000000002,0.0,0.23043610788575425,0.11084538925774794,-0.009907315996124133,0.129474716691516,-0.02201860886243804,-0.03251510769783037,0.31310428558790826,0,0,0,9.625055168809421,9.625055168809421,7.724782559114775,6.997232412287497
forward_left,22.26,0.30000000000000004,0.15000000000000002,0.0,0.23058869227965664,0.10426238268046464,0.01881890757168072,0.18502674162941404,-0.02129102155568657,-0.03812019728329499,0.3134002082573442,0,0,0,9.172195801657782,9.172195801657782,7.628416260272328,4.018729558181588
forward_left,22.28,0.30000000000000004,0.15000000000000002,0.0,0.2233179180305511,0.09989827781171849,0.03544912732573367,0.20611995883947654,-0.02207372488773166,-0.040437115658678795,0.3141767270428437,0,0,0,8.330101016195538,8.330101016195538,7.5477101788624665,3.1881946270467223
forward_left,22.3,0.30000000000000004,0.15000000000000002,0.0,0.21496265978948703,0.09888639477213895,0.032857241228522724,0.20575511804306626,-0.02453085144983311,-0.04012171780958851,0.3150708494995378,0,0,0,7.340802495774927,7.340802495774927,7.504472938084021,2.6795821795712786
forward_left,22.32,0.30000000000000004,0.15000000000000002,0.0,0.21300969739992673,0.09933150538525863,0.01047464497113661,0.1867796407748634,-0.027807617060515034,-0.03834281220323841,0.31566376319168565,0,0,0,6.6890541037226035,6.6890541037226035,7.503822748829542,2.37827128892714
forward_left,22.34,0.30000000000000004,0.15000000000000002,0.0,0.2178432837339733,0.09888865124751071,-0.024721864198837474,0.17233168864234677,-0.03133038454760816,-0.0353833598381419,0.3156337543321224,0,0,0,6.577875040581118,6.577875040581118,7.508570290658561,2.9902489958429426
forward_left,22.36,0.30000000000000004,0.15000000000000002,0.0,0.22663678068226828,0.09968868992688731,-0.05163667218947551,0.18688003540272188,-0.034963306148734906,-0.031131867465380703,0.31495696454718747,0,0,0,6.716616437359542,6.716616437359542,7.54608560382902,3.6473917917058944
forward_left,22.38,0.30000000000000004,0.15000000000000002,0.0,0.2340555639373388,0.10980624641640725,-0.04595055714813689,0.194646582871513,-0.041041751223180774,-0.024503878882461798,0.3139559457093593,0,0,0,6.695983771709167,6.695983771709167,7.579192778904062,3.8587030112842204
forward_left,22.400000000000002,0.30000000000000004,0.15000000000000002,0.0,0.24327464346614894,0.12003420378879268,0.012555704915217118,0.2016940593852654,-0.04687465083313863,-0.0163921202959148,0.31346178165223654,0,1,0,5.928381226740321,5.928381226740321,7.606248936929937,4.039667937946491
forward_left,22.42,0.30000000000000004,0.15000000000000002,0.0,0.24525520210349405,0.11271107365231325,0.08366774314650792,0.09143853707877761,-0.0403609768937987,-0.015833409430160813,0.31460677645732577,0,1,0,6.6628966114499555,6.6628966114499555,7.657270971457223,1.2181489699753358
forward_left,22.44,0.30000000000000004,0.15000000000000002,0.0,0.24764608218205592,0.10822800212700641,0.08171948054999846,0.04007200537791606,-0.03427503259281508,-0.0173122335680233,0.3163144130221887,0,0,0,6.481644801575152,6.481644801575152,7.735190615702216,3.8488244397984546
forward_left,22.46,0.30000000000000004,0.15000000000000002,0.0,0.24326649006423365,0.11179846778828713,0.05156720462837942,0.14389325646369897,-0.029060111016354397,-0.019646867607231954,0.3175471032938814,0,0,0,10.927223545367502,10.927223545367502,7.7665116491717505,13.79206217216787
forward_left,22.48,0.30000000000000004,0.15000000000000002,0.0,0.2363971247174283,0.12114315326137043,0.005623381971861684,0.17764990916020015,-0.021949808586386302,-0.024361060877785418,0.31790050403961045,0,0,0,13.449691351120142,13.449691351120142,7.774836626226723,16.408662438289564
forward_left,22.5,0.30000000000000004,0.15000000000000002,0.0,0.25529112083461364,0.12684173754058267,-0.023668176733273625,0.20337538315391246,-0.011844262863541025,-0.03175179020129919,0.31756609067602876,0,0,0,13.804337117724508,13.804337117724508,7.766013859204591,16.933008244335383
forward_left,22.52,0.30000000000000004,0.15000000000000002,0.0,0.2793435773811578,0.13348066377379725,-0.025327355174891042,0.19602061788214864,-0.007779959098402939,-0.042373864434424834,0.31706546213171566,0,0,0,11.289250651851678,11.289250651851678,7.846558553260213,15.634995752038126
forward_left,22.54,0.30000000000000004,0.15000000000000002,0.0,0.29483049696087554,0.14191278954874847,-0.0018972086547468132,0.15156151999622075,-0.012719661236602758,-0.05347253751808364,0.3169955181380027,0,0,0,11.10222740633962,11.10222740633962,7.75929510618214,9.660003986544174
forward_left,22.56,0.30000000000000004,0.15000000000000002,0.0,0.2995794342847107,0.15421832185176595,0.027826330764290946,0.07294565368379242,-0.02371648391285692,-0.06305679694902556,0.3176132867301271,0,0,0,9.827034898533991,9.827034898533991,7.60657028325528,4.972125876972661
forward_left,22.580000000000002,0.30000000000000004,0.15000000000000002,0.0,0.29997238734536097,0.16832147245692974,0.03585213496564348,-0.005049699122569362,-0.03443080302166064,-0.07116112506486535,0.3186469295618661,0,0,0,8.316739709277286,8.316739709277286,7.484012677849268,3.029401723144392
forward_left,22.6,0.30000000000000004,0.15000000000000002,0.0,0.30165012683089815,0.1834614617227859,0.015172343020325548,-0.07724601873354245,-0.041989416201240526,-0.07833687613169919,0.31953417017749197,0,0,0,7.256485040411605,7.256485040411605,7.436936054475872,3.47384247368798
forward_left,22.62,0.30000000000000004,0.15000000000000002,0.0,0.3020317263663615,0.1963246162964325,-0.01011942823037309,-0.08717907261945188,-0.04763476822934081,-0.08358645067524888,0.3198263735693598,0,0,0,6.562684207411334,6.562684207411334,7.440384774217371,3.3063753929582678
forward_left,22.64,0.30000000000000004,0.15000000000000002,0.0,0.3164035723612581,0.17885083085848374,-0.00990232339164631,0.034647008285974994,-0.04654173520934901,-0.07908132588024377,0.3200552969498355,0,0,0,5.237117752510263,5.237117752510263,7.469370553518726,2.524601094857373
forward_left,22.66,0.30000000000000004,0.15000000000000002,0.0,0.3410783272919741,0.16170598872769298,-0.043161049802539334,0.084601178676608,-0.04259966184836093,-0.06698434042274942,0.31984419958482746,0,0,0,6.153817082694542,6.153817082694542,7.541316169757401,2.850064341340355
forward_left,22.68,0.30000000000000004,0.15000000000000002,0.0,0.36709005388816607,0.13704211702599567,-0.09517197123964707,0.07092712894671564,-0.03273154527149205,-0.048745352009616265,0.3187207749071953,0,0,0,6.494176978588104,6.494176978588104,7.646526040974049,2.946092204596452
forward_left,22.7,0.30000000000000004,0.15000000000000002,0.0,0.3831056996137392,0.10074136778124006,-0.16576069821932932,-0.06828098822122411,-0.018758773087766207,-0.027328605127044187,0.31627121254452845,0,0,0,5.460031325026405,5.460031325026405,7.686074396219823,3.050220737536376
forward_left,22.72,0.30000000000000004,0.15000000000000002,0.0,0.3600972261242328,0.08698784168942053,-0.13015019664588248,-0.34523633247309027,-0.01381987085481795,-0.009990946179945101,0.3129212015446224,0,0,0,8.520091518659548,8.520091518659548,7.681762032110868,7.894570848797802
forward_left,22.740000000000002,0.30000000000000004,0.15000000000000002,0.0,0.31005319990518676,0.0904673119851546,-0.0460306211352999,-0.420416230261803,-0.022116848675706895,-0.003940880013547544,0.3112035690783065,0,0,0,11.223750633348073,11.223750633348073,7.74818894616471,13.84524312816696
forward_left,22.76,0.30000000000000004,0.15000000000000002,0.0,0.27607307355948263,0.1075174197763789,0.003105955765247086,-0.20976767954593944,-0.024653439067495182,-0.0012099499402520879,0.31061883897623277,0,0,0,12.598697528652561,12.598697528652561,7.385139570223842,15.423052679237188
forward_left,22.78,0.30000000000000004,0.15000000000000002,0.0,0.27514044257977327,0.1127946797153265,0.02850463784618257,-0.06040482333273829,-0.020968951945838563,-0.0036114938826783097,0.310832686919954,0,0,0,7.586832471322648,7.586832471322648,7.058248734108723,13.772887106351291
forward_left,22.8,0.30000000000000004,0.15000000000000002,0.0,0.27719722453409135,0.11421302309894563,0.04397008115073328,0.00979365541764092,-0.01834239803684398,-0.007311873771536162,0.311515009548465,0,0,0,6.994866943267948,6.994866943267948,6.965573839489853,8.16434612574024
forward_left,22.82,0.30000000000000004,0.15000000000000002,0.0,0.2692397199958015,0.1182562202326442,0.055357592236988655,0.039442737532264995,-0.018154952825998903,-0.009835087475802523,0.3125309583935059,0,0,0,6.306418267361828,6.306418267361828,6.995538443442147,3.9626466057188203
forward_left,22.84,0.30000000000000004,0.15000000000000002,0.0,0.2513717689351379,0.12548370333527295,0.05947041680765227,0.01659695428922656,-0.020332273126268726,-0.009089947838255265,0.3137488120902359,0,0,0,5.500843098242689,5.500843098242689,7.024158389270738,2.8033318713449913
forward_left,22.86,0.30000000000000004,0.15000000000000002,0.0,0.24350642722616442,0.13421532088268148,0.04883923119564658,0.003984647705939823,-0.025248453756387183,-0.006598052180339798,0.3148680434478618,0,0,0,5.011679841676568,5.011679841676568,7.0514875987307875,2.995311366364224
forward_left,22.88,0.30000000000000004,0.15000000000000002,0.0,0.24775453140110124,0.14257269953019977,0.026058962819683763,-0.0041674314460714975,-0.03227409177007386,-0.0037186703271967804,0.31558484070108817,0,0,0,4.919665586789047,4.919665586789047,7.077578413111809,2.9936161438663476
forward_left,22.900000000000002,0.30000000000000004,0.15000000000000002,0.0,0.2605395447329812,0.14955597589915884,-0.0023705560855018055,0.021078865074912696,-0.03888675072615865,-0.00016202211057861468,0.31572705318352395,0,0,0,5.172200596655939,5.172200596655939,7.102481584883716,3.7421930840987048
forward_left,22.92,0.30000000000000004,0.15000000000000002,0.0,0.27522249002356297,0.15884330576715358,-0.04085470247187733,0.08600972673212307,-0.04535763382796254,0.004526574426098276,0.31518491124220777,0,0,0,5.1969024541406394,5.1969024541406394,7.126246275751566,4.055578405655989
forward_left,22.94,0.30000000000000004,0.15000000000000002,0.0,0.26156289992173776,0.12843635985865628,0.0017668025352386451,0.012226590890913791,-0.03604856923216128,0.0028918853372306218,0.3147784992317395,0,0,0,5.786759325815736,5.786759325815736,7.1489200605026895,2.5911795949879686
forward_left,22.96,0.30000000000000004,0.15000000000000002,0.0,0.2422257352371974,0.10462961974130044,0.028419052223440742,-0.08704461397713106,-0.026927069330567533,-0.0031638106688171267,0.3150020484894258,0,1,0,6.242077455034398,6.242077455034398,7.177974038457634,3.1299181866205283
forward_left,22.98,0.30000000000000004,0.15000000000000002,0.0,0.22069189164260627,0.09195243406285952,0.024694295787190616,-0.0756178544372883,-0.024054982680186937,-0.005466883398484364,0.31554358851225767,0,0,0,6.869175613753077,6.869175613753077,7.198258139063441,3.0501686289519476
forward_left,23.0,0.30000000000000004,0.15000000000000002,0.0,0.1992959139337095,0.09681618062149303,0.02053473712766696,-0.06448275394565132,-0.015881414131301178,-0.006658960103067457,0.31572712730184477,0,0,0,9.958715389654813,9.958715389654813,7.217599485806957,11.82316234966252
forward_left,23.02,0.30000000000000004,0.15000000000000002,0.0,0.20710108492074653,0.09644403290816114,-0.01565560430318939,-0.12411238834418695,-0.0044582678366723045,-0.01059639880920576,0.31546696043936817,0,0,0,10.37714421378183,10.37714421378183,7.236038905412734,14.127889671633104
forward_left,23.04,0.30000000000000004,0.15000000000000002,0.0,0.23869436534186617,0.09819738695543054,-0.045724598725553595,-0.12969341435019427,0.0035260932673322823,-0.02124953654109848,0.31464501837511405,0,0,0,9.769806351037733,9.769806351037733,7.244352460511212,11.67468448584623
forward_left,23.06,0.30000000000000004,0.15000000000000002,0.0,0.2619803043581906,0.1063676319363301,-0.04026376212899603,-0.13937196755147235,0.002880869990337031,-0.03362415535357509,0.3138314997645642,0,0,0,10.293544794278947,10.293544794278947,7.1794076093075745,6.969469845841335
forward_left,23.080000000000002,0.30000000000000004,0.15000000000000002,0.0,0.2812499577018498,0.11846029295502881,-0.022283160208793867,-0.15570121808396903,-0.005374984750050555,-0.04467512456396056,0.31341996983489856,0,0,0,9.824319829474469,9.824319829474469,7.065934833624262,4.522208040795589
forward_left,23.1,0.30000000000000004,0.15000000000000002,0.0,0.29820916115228036,0.13523726924597776,-0.013733445494047902,-0.20082396903817362,-0.016257915071713397,-0.05404760160433272,0.3133848451210379,0,0,0,8.716268920720871,8.716268920720871,6.963948141091947,2.2949157332404284
forward_left,23.12,0.30000000000000004,0.15000000000000002,0.0,0.3155889734512194,0.15258355147963013,-0.024832405786407753,-0.25566353859383,-0.02638763831290934,-0.062070726352328874,0.31335702176291735,0,0,0,7.676733846428423,7.676733846428423,6.910135952345822,2.577775088628917
forward_left,23.14,0.30000000000000004,0.15000000000000002,0.0,0.3318858722168241,0.17331346288306562,-0.04806080340620067,-0.33050989049140583,-0.03527527040314696,-0.0686763391960368,0.31300408820462716,0,0,0,6.82139840373196,6.82139840373196,6.901659985728749,3.813248728521931
forward_left,23.16,0.30000000000000004,0.15000000000000002,0.0,0.334227587801581,0.16474666295379436,-0.016466460072682817,-0.19535045791436953,-0.036472805180975267,-0.06842643445934347,0.31263020512088735,0,0,0,5.252312502237869,5.252312502237869,6.9264334284473605,3.8759837960555106
forward_left,23.18,0.30000000000000004,0.15000000000000002,0.0,0.35028214174878297,0.13351915639662237,-0.013847137182403626,-0.02177861561970236,-0.027226107269746908,-0.057880363639003375,0.3127615224478002,0,0,0,5.429166016648968,5.429166016648968,6.985504803766023,2.8633461637332958
forward_left,23.2,0.30000000000000004,0.15000000000000002,0.0,0.3762794284462739,0.10098812631448947,-0.04530755056277726,0.06840238669670679,-0.013137903314251527,-0.043420895163086705,0.3124906175247856,0,0,0,6.489816535907783,6.489816535907783,7.096298557293736,3.0586689631750392
forward_left,23.22,0.30000000000000004,0.15000000000000002,0.0,0.39826412803249733,0.07100248510516816,-0.09482342004280525,-0.015464842049608678,0.0005817981301965906,-0.026784204651031672,0.3112645083042318,0,1,0,5.6785002311683215,5.6785002311683215,7.212563883245469,3.3180376724616427
forward_left,23.240000000000002,0.30000000000000004,0.15000000000000002,0.0,0.3787924816686361,0.07296844735389067,-0.040645021926332486,-0.10836335335684781,-0.004980854126322078,-0.018255658571918396,0.3101341865587224,0,1,0,7.121048913407758,7.121048913407758,7.231238404802188,3.3180376724616427
forward_left,23.26,0.30000000000000004,0.15000000000000002,0.0,0.3391992669696487,0.08255288408249982,-0.015104800594936126,-0.1423604158480235,-0.011143753509967299,-0.014979155753726141,0.3097612109263812,0,0,0,7.979723886018137,7.979723886018137,7.249040055486816,5.083396749154852
forward_left,23.28,0.30000000000000004,0.15000000000000002,0.0,0.3201593851986429,0.0909278579851104,0.003738432507958615,-0.02978332417456664,-0.01053229379109721,-0.01650730505388672,0.30974224680258067,0,0,0,8.616793764319223,8.616793764319223,7.266007093265831,8.247119981692778
forward_left,23.3,0.30000000000000004,0.15000000000000002,0.0,0.32166876633070424,0.08932720432803111,0.016270129116684195,0.03437904837678388,-0.007843889643594136,-0.023450878631109687,0.31006712296552863,0,0,0,9.15591298738419,9.15591298738419,7.282176335703582,8.073407083936855
forward_left,23.32,0.30000000000000004,0.15000000000000002,0.0,0.31818174315501796,0.08363463659974174,0.03674371504439812,0.06398328823555677,-0.005810525204223077,-0.030219677908484267,0.31080272449140683,0,0,0,8.810459387836062,8.810459387836062,7.297583191817239,5.292807564643543
forward_left,23.34,0.30000000000000004,0.15000000000000002,0.0,0.2991781557404909,0.08275742925042379,0.060332075532224416,0.036855466392546235,-0.006135968475108005,-0.03363050596313736,0.31204872193920946,0,0,0,8.03968065529577,8.03968065529577,7.405931995793122,3.1738553078297436
forward_left,23.36,0.30000000000000004,0.15000000000000002,0.0,0.2738798971198231,0.08887869778267865,0.07988772959927323,-0.011642898370706905,-0.009940052825720623,-0.034181761542177495,0.3137177580069683,0,0,0,7.004651160646212,7.004651160646212,7.55145207708,2.6627463888915606
forward_left,23.38,0.30000000000000004,0.15000000000000002,0.0,0.25133934283699805,0.09982304347828079,0.08468523242718866,-0.05437813379904845,-0.016005207611199425,-0.03338906687421853,0.3155877331896695,0,0,0,6.1289996557919695,6.1289996557919695,7.651180745736443,3.2408489758542043
forward_left,23.400000000000002,0.30000000000000004,0.15000000000000002,0.0,0.23689433448373473,0.11034084049560852,0.06676786090023992,-0.09107119313376988,-0.02330900963757075,-0.03161313694756472,0.3172695366895036,0,0,0,5.636510309064133,5.636510309064133,7.648623833562496,3.1933819650113837
forward_left,23.42,0.30000000000000004,0.15000000000000002,0.0,0.2309072926443983,0.11958299769206499,0.03480449936235411,-0.12558078080277163,-0.03040347731519288,-0.028311309688145218,0.318388615651209,0,0,0,5.500471056213409,5.500471056213409,7.646195166007971,3.5625818456013505
forward_left,23.44,0.30000000000000004,0.15000000000000002,0.0,0.23364303720685412,0.12826439452281357,-0.0064168492952652876,-0.13450421569779097,-0.035809914582427826,-0.023395319605563028,0.3187081873643572,0,0,0,5.427138225501106,5.427138225501106,7.643888261558182,4.426627886314752
forward_left,23.46,0.30000000000000004,0.15000000000000002,0.0,0.23966912708760982,0.14020455491229375,-0.06131569517792335,-0.09322467633791458,-0.03959434048418236,-0.01736990484978697,0.3180831581702216,0,0,0,4.706172888410606,4.706172888410606,7.64169697108311,5.843841928623133
forward_left,23.48,0.30000000000000004,0.15000000000000002,0.0,0.21959278465782675,0.12036836517518784,-0.003482959439161097,-0.15873439262765826,-0.033139243766811606,-0.015303113722058772,0.31750140276999606,0,1,0,5.376278367864065,5.376278367864065,7.6803205187955506,3.566286073211188
forward_left,23.5,0.30000000000000004,0.15000000000000002,0.0,0.2096923099085643,0.10309775520066938,0.010175435530370371,-0.18004182507629266,-0.03015915290919608,-0.01531790136976397,0.3176454516313013,0,1,0,5.875241390704759,5.875241390704759,7.676298308203663,1.049845191633799
forward_left,23.52,0.30000000000000004,0.15000000000000002,0.0,0.1934792132551303,0.09714847623912184,0.004061847638908187,-0.13141922478044465,-0.029421897191724694,-0.01436017564796755,0.31774071164419815,0,0,0,6.6449305439038815,6.6449305439038815,7.67247876704954,6.307576812590323
forward_left,23.54,0.30000000000000004,0.15000000000000002,0.0,0.18249928179416264,0.10291615764389256,-0.013076560392132478,-0.13093354383069963,-0.02391304898771392,-0.01541629105694,0.3173716889099383,0,0,0,12.431361328825487,12.431361328825487,7.668851561114607,14.156893700081058
forward_left,23.56,0.30000000000000004,0.15000000000000002,0.0,0.19275132102945863,0.10900458084327849,-0.038137188623710856,-0.16275253214176646,-0.01697015501732225,-0.020792719136465767,0.31655235846217394,0,0,0,12.133924558877151,12.133924558877151,7.665406895088019,15.081258243603544
forward_left,23.580000000000002,0.30000000000000004,0.15000000000000002,0.0,0.2081431565554249,0.11463667128201585,-0.043354331665278405,-0.1674097968820928,-0.01380275031618445,-0.029444999382617288,0.31559760457097397,0,0,0,9.780402643649076,9.780402643649076,7.647222551858505,13.42803955499605
forward_left,23.6,0.30000000000000004,0.15000000000000002,0.0,0.22502234884301095,0.12178373713896326,-0.03179709075497002,-0.1334316804136779,-0.01702453518229322,-0.04028289940835702,0.314891555964699,0,0,0,10.261042489805485,10.261042489805485,7.566430902267868,8.08341721471447
forward_left,23.62,0.30000000000000004,0.15000000000000002,0.0,0.24253240276636379,0.1354058474257195,-0.01584719342181025,-0.09967131230570599,-0.025647678797171676,-0.052369592604402375,0.3145984660681297,0,0,0,10.043654339663869,10.043654339663869,7.451822954140503,4.025193827453529
forward_left,23.64,0.30000000000000004,0.15000000000000002,0.0,0.26059623601005405,0.15624954604671246,-0.00683907811793834,-0.1045107584776174,-0.03698237814285128,-0.06407895529792511,0.3146341639359841,0,0,0,9.280587888412596,9.280587888412596,7.338633140089026,1.8353060124252394
forward_left,23.66,0.30000000000000004,0.15000000000000002,0.0,0.27956103491464196,0.1801855264898837,-0.014482709270168922,-0.11983723938132983,-0.04882046706704057,-0.07435174823011295,0.3147226842258685,0,0,0,8.356269715257023,8.356269715257023,7.25687026491747,3.03113933968944
forward_left,23.68,0.30000000000000004,0.15000000000000002,0.0,0.2949578744500661,0.20690652917721267,-0.036320580807145675,-0.14040864069770498,-0.05953045063351597,-0.08281762981842376,0.31450912846059664,0,0,0,7.5280724012376785,7.5280724012376785,7.216822711859841,3.645155553426549
forward_left,23.7,0.30000000000000004,0.15000000000000002,0.0,0.306253675974444,0.1900148294517894,0.008422666135668241,0.08128078034574607,-0.05801953069773054,-0.08136966062980577,0.3146298762542054,0,0,0,5.613870807477509,5.613870807477509,7.211528660631437,2.6689382851542836
forward_left,23.72,0.30000000000000004,0.15000000000000002,0.0,0.336094186550075,0.1679458911400542,-0.0011487299036724921,0.19993920032523504,-0.050315538622797064,-0.07192960480790878,0.31505426959640265,0,0,0,6.200341928695909,6.200341928695909,7.2582979508261545,2.7588976676833505
forward_left,23.740000000000002,0.30000000000000004,0.15000000000000002,0.0,0.37036885332467795,0.14278174888258646,-0.03125740334498526,0.22555951752703884,-0.03955770559457319,-0.059276778273081594,0.31502689741782214,0,0,0,7.395761389552039,7.395761389552039,7.357009028445358,2.920450056977991
forward_left,23.76,0.30000000000000004,0.15000000000000002,0.0,0.39390324367352486,0.10968400702704427,-0.08070047855864801,0.1374542541856369,-0.027268239376716432,-0.04374097398725797,0.31421491424413733,0,0,0,6.29842577800649,6.29842577800649,7.4490660966011575,3.0336196744574395
forward_left,23.78,0.30000000000000004,0.15000000000000002,0.0,0.3825198406190722,0.08760712308745013,-0.07641000751595589,-0.06844561939758652,-0.020082481045371282,-0.02900721752787331,0.31250624883109157,0,0,0,6.902335858357332,6.902335858357332,7.456483339371122,4.752254000713126
forward_left,23.8,0.30000000000000004,0.15000000000000002,0.0,0.3403801694505618,0.0922330525680193,-0.015476481274965313,-0.22539807633433975,-0.02370924202046649,-0.02169757854372065,0.3117408979863928,0,0,0,11.62006591425962,11.62006591425962,7.463540354061227,13.426764822637166
forward_left,23.82,0.30000000000000004,0.15000000000000002,0.0,0.29761104697536156,0.10400127050707003,0.019296674708821408,-0.1935717435054392,-0.026903896562274435,-0.015850137896448024,0.31168962897812896,0,0,0,13.303530838762027,13.303530838762027,7.2892980716823,15.616990529624568
forward_left,23.84,0.30000000000000004,0.15000000000000002,0.0,0.29610660037935554,0.11561809622488116,0.01749492667901433,-0.07920202130397486,-0.025291843034429076,-0.01595118791638323,0.31183470292336196,0,0,0,10.149018585700649,10.149018585700649,6.949949170826539,15.655283836763411
forward_left,23.86,0.30000000000000004,0.15000000000000002,0.0,0.3042082827461574,0.11604441898276797,0.025927441141719645,0.0010729982418619362,-0.022330455500054032,-0.020167937442366148,0.3121938497289227,0,0,0,8.09731192722906,8.09731192722906,6.740499451179403,10.738712411548457
forward_left,23.88,0.30000000000000004,0.15000000000000002,0.0,0.3049454585685213,0.11605854567204471,0.041552344838913194,0.03786233102567047,-0.02035048288669937,-0.02418786092246532,0.31295156444020467,0,0,0,7.741466139384357,7.741466139384357,6.780346369191875,5.708781748026374
forward_left,23.900000000000002,0.30000000000000004,0.15000000000000002,0.0,0.2907206768078171,0.11910381056072442,0.05171426614048483,0.0111360021662277,-0.020461464263584653,-0.024848600875939746,0.3140203582944671,0,0,0,6.958885330209134,6.958885330209134,6.81847156228276,2.6207763584503447
forward_left,23.92,0.30000000000000004,0.15000000000000002,0.0,0.2810783438988756,0.12464519415671736,0.04945854505962806,0.005692591317018455,-0.023163050424280178,-0.022582799545556764,0.31516851649911304,0,0,0,6.221317274763876,6.221317274763876,6.854938265704245,3.340115978263158
forward_left,23.94,0.30000000000000004,0.15000000000000002,0.0,0.28532241725485474,0.1294136165566914,0.028899921142664903,0.015388919502424138,-0.02695854282879657,-0.01979286718868031,0.3160276594703364,0,0,0,5.863515345460654,5.863515345460654,6.889808379915703,3.118889532288499
forward_left,23.96,0.30000000000000004,0.15000000000000002,0.0,0.2934629924339473,0.134487017580221,0.0037472704667454084,0.03410360231664378,-0.030947282072943037,-0.01631668983291821,0.31637050506857334,0,0,0,5.745243436409262,5.745243436409262,6.923142405771859,3.6531626190036093
forward_left,23.98,0.30000000000000004,0.15000000000000002,0.0,0.30084716624701163,0.14526251180448344,-0.017568024560268205,0.08123853038097699,-0.03473709985793341,-0.011547805372469688,0.3162350502215635,0,0,0,5.245617681541037,5.245617681541037,6.954999390511837,4.608911229659145
forward_left,24.0,0.30000000000000004,0.15000000000000002,0.0,0.3026817868995284,0.16548812618457334,-0.049232485476211375,0.15117692389727513,-0.03941612014653271,-0.005622985751195685,0.31557132079066974,0,0,0,4.097316103909792,4.097316103909792,6.985436883826452,6.015971827002618
forward_right,24.02,0.30000000000000004,-0.15000000000000002,0.0,0.2698769702527941,0.15069547076864517,-0.003834367204972973,0.08010077715182533,-0.03207138249109888,-0.0046660947640917196,0.3150459462358661,0,1,0,5.752985718419401,5.752985718419401,7.014510903284172,4.752809873071008
forward_right,24.04,0.30000000000000004,-0.15000000000000002,0.0,0.235879826271248,0.14329596570851832,0.03267742422508804,0.025578879109068163,-0.027411535483141524,-0.00567384346287037,0.3154266695017849,0,1,0,7.149584519296288,7.149584519296288,7.042275908405635,1.94734229181632
forward_right,24.060000000000002,0.30000000000000004,-0.15000000000000002,0.0,0.19234951693360383,0.13479520507123405,0.021442663690642662,-0.004929744213564663,-0.022608134069572072,-0.005685069348661072,0.31586758844675655,0,0,0,9.743688473369694,9.743688473369694,7.068784782691754,5.7859191053448615
forward_right,24.080000000000002,0.30000000000000004,-0.15000000000000002,0.0,0.16444837328237139,0.12391646597303492,-0.005608491834303497,-0.06799636363802655,-0.013590038554991211,-0.006984120260597744,0.31574050698332995,0,0,0,12.574926250073132,12.574926250073132,7.094088822929855,15.355386892859082
forward_right,24.1,0.30000000000000004,-0.15000000000000002,0.0,0.17589880055028995,0.11568489474377967,-0.0413881380024581,-0.04955467476047818,-0.0001872342210875773,-0.014090273774907423,0.3149120935357473,0,0,0,13.07982586848259,13.07982586848259,7.118237735125756,16.565685515908505
forward_right,24.12,0.30000000000000004,-0.15000000000000002,0.0,0.18836213235280533,0.10838408402761564,-0.03915294623938542,-0.011047454071205644,0.010730201749076176,-0.02337137414255974,0.3139792511706077,0,0,0,9.372622883112529,9.372622883112529,7.1343149661021386,13.607681340385941
forward_right,24.14,0.30000000000000004,-0.15000000000000002,0.0,0.188965909864682,0.09910772314218058,-0.0043938970578683775,0.017937546616705224,0.01535536041239818,-0.03129819466953105,0.31364688248668005,0,0,0,9.483598717154468,9.483598717154468,7.0779603459789975,8.092439275493891
forward_right,24.16,0.30000000000000004,-0.15000000000000002,0.0,0.18083412875621363,0.08599195628723022,0.03221222141628416,0.07571572920429356,0.014064277260541002,-0.03764687683219859,0.3141597590111214,0,0,0,8.508748792690435,8.508748792690435,6.995918677012355,5.0572040079453995
forward_right,24.18,0.30000000000000004,-0.15000000000000002,0.0,0.16921992509532902,0.07166365717624752,0.049594108754122485,0.1382262262804169,0.009988852291195028,-0.04378959304726536,0.3152228701714115,0,0,0,7.423919476695439,7.423919476695439,6.95067929643675,3.9396528564348565
forward_right,24.2,0.30000000000000004,-0.15000000000000002,0.0,0.15753076611559297,0.06107608148472545,0.04536066307711853,0.17751378152641337,0.0023562170542427503,-0.04928932267186656,0.3164279417614273,0,0,0,6.4839774566086374,6.4839774566086374,6.95126571424964,4.8451936208084465
forward_right,24.22,0.30000000000000004,-0.15000000000000002,0.0,0.1418737057167581,0.03314515120643001,0.06908113227617074,0.33939776272871897,0.003140030849534473,-0.04889808596753389,0.3178663116347574,0,0,0,5.469943741009251,5.469943741009251,6.981869973742633,2.373778379465226
forward_right,24.240000000000002,0.30000000000000004,-0.15000000000000002,0.0,0.1523049070200151,0.00823786487860739,0.04294848523282147,0.4077671387663751,0.007926548501223407,-0.04479903551132333,0.319136831130836,0,0,0,5.046609386869222,5.046609386869222,7.031237769138762,2.3377286178968024
forward_right,24.26,0.30000000000000004,-0.15000000000000002,0.0,0.1799879129918721,-0.01503929276646722,0.007827187241427981,0.36454924863466864,0.013553395994890683,-0.039912123775703114,0.31975821371061275,0,0,0,5.605985840931149,5.605985840931149,7.116489351136561,2.3860928302801954
forward_right,24.28,0.30000000000000004,-0.15000000000000002,0.0,0.21892188144887975,-0.033310829842725084,-0.031400748978981464,0.1827763322387769,0.017512134600389074,-0.03505421883301728,0.3196280357059446,0,0,0,6.006391704226881,6.006391704226881,7.203678346997247,2.3738268458322564
forward_right,24.3,0.30000000000000004,-0.15000000000000002,0.0,0.2581972964663009,-0.04991781268130484,-0.07218142102908143,-0.07189160629423784,0.020863530457683375,-0.029643881318161588,0.31867086847558845,0,0,0,6.784027668979136,6.784027668979136,7.286604284792993,2.7958755750805873
forward_right,24.32,0.30000000000000004,-0.15000000000000002,0.0,0.2840833854195416,-0.06978334812565185,-0.09781740564042729,-0.3140936787902975,0.02587464693260573,-0.02240588814758408,0.3169229381634241,0,1,0,7.527091058033077,7.527091058033077,7.3791922306094975,3.0792394717080764
forward_right,24.34,0.30000000000000004,-0.15000000000000002,0.0,0.28876497746269214,-0.06515621869793907,-0.0663545180849147,-0.3959535192900791,0.023258101262552944,-0.02086864586800766,0.31542634584574175,0,0,0,9.001259324769013,9.001259324769013,7.432738671260751,3.4569955395045984
forward_right,24.36,0.30000000000000004,-0.15000000000000002,0.0,0.2879832393416595,-0.05180024336967721,-0.04533811134882496,-0.4017883998386341,0.027314346294558242,-0.023166154790383402,0.31434068916317276,0,0,0,9.646364050632522,9.646364050632522,7.440947328833083,11.4392622296497
forward_right,24.38,0.30000000000000004,-0.15000000000000002,0.0,0.2894982942981911,-0.04514309535195518,-0.01604570566710021,-0.42183347800419074,0.031300164652097257,-0.030398386094033496,0.31373777923758983,0,0,0,10.617715896715003,10.617715896715003,7.494012829382324,12.508819152462031
forward_right,24.400000000000002,0.30000000000000004,-0.15000000000000002,0.0,0.300194783466456,-0.05424410251124101,0.008199956950779023,-0.2879051560368269,0.03363570888993023,-0.04070718519302889,0.3137520343662585,0,0,0,10.706285802884196,10.706285802884196,7.615293161879251,9.269101490704058
forward_right,24.42,0.30000000000000004,-0.15000000000000002,0.0,0.3118047157601532,-0.07032843093621383,0.02892758017387083,-0.14889235356111402,0.036981804495410324,-0.050143461667758425,0.3143826900056789,0,0,0,9.932624784785139,9.932624784785139,7.731763001201692,4.987858704600425
forward_right,24.44,0.30000000000000004,-0.15000000000000002,0.0,0.32124578071783616,-0.08792772872473188,0.030219213249435974,-0.039107496201540054,0.040750943495300694,-0.05654145634745419,0.3153222009471187,0,0,0,8.693042188770546,8.693042188770546,7.770587096995367,3.088247608443162
forward_right,24.46,0.30000000000000004,-0.15000000000000002,0.0,0.33134917468672137,-0.1056976658952269,0.001747646580656733,0.03922494932305408,0.04507201282894369,-0.05997070398055967,0.31599313221531494,0,0,0,7.4113855280022936,7.4113855280022936,7.761981741951093,2.837418700839948
forward_right,24.48,0.30000000000000004,-0.15000000000000002,0.0,0.34310707315836847,-0.12454891470652464,-0.04377726463250364,0.10190773143327164,0.0497969870220394,-0.06061167019084382,0.3158874666148402,0,0,0,6.541407597624826,6.541407597624826,7.753816193884429,2.954196215698945
forward_right,24.5,0.30000000000000004,-0.15000000000000002,0.0,0.3507567225240108,-0.13504215987375778,-0.07391222465867647,0.06565817222688024,0.05416662623662138,-0.0573390822604105,0.31481720713064615,0,0,0,5.820529585654784,5.820529585654784,7.7460674116874735,2.914587211762461
forward_right,24.52,0.30000000000000004,-0.15000000000000002,0.0,0.368673895686566,-0.11758200208002959,-0.08415275640969892,-0.015015297025458466,0.04758537451751219,-0.04277536201324683,0.31353911838096793,0,0,0,4.918240063612353,4.918240063612353,7.738713617030953,3.134690643673319
forward_right,24.54,0.30000000000000004,-0.15000000000000002,0.0,0.39865784322976416,-0.09598872827618798,-0.11408488736492614,0.03205063289680978,0.0374289462641079,-0.02313145170401291,0.3116986460846076,0,0,0,5.967612859001482,5.967612859001482,7.731734219673243,3.896528309600371
forward_right,24.560000000000002,0.30000000000000004,-0.15000000000000002,0.0,0.39726541315393327,-0.10302160460190742,-0.04401821520980588,0.10206763138851924,0.03858178436556697,-0.008198980938826188,0.309919816057618,0,1,0,8.583984731170265,8.583984731170265,7.725109747720122,4.695495710207297
forward_right,24.580000000000002,0.30000000000000004,-0.15000000000000002,0.0,0.36792908506143696,-0.12425237455894665,0.03622275171801647,0.09669357569414214,0.047296889705080364,-0.0046788245514190595,0.30997063003480535,0,0,0,8.077247227016276,8.077247227016276,7.7188217824567396,1.7624589466078364
forward_right,24.6,0.30000000000000004,-0.15000000000000002,0.0,0.3274721549679636,-0.1491891547027057,0.08050075414649174,0.1464012135101275,0.05274591189915177,-0.0021642741208916273,0.31099548149486594,0,0,0,8.166922077468314,8.166922077468314,7.712852897406815,6.402787633930951
forward_right,24.62,0.30000000000000004,-0.15000000000000002,0.0,0.30873354683339505,-0.17765902589957205,0.08854972952756922,0.2684597577864899,0.05574700735992323,-0.0009231847022592947,0.31235476209765023,0,0,0,11.492038476018488,11.492038476018488,7.7071866013041905,13.70913392752605
forward_right,24.64,0.30000000000000004,-0.15000000000000002,0.0,0.3103313496711472,-0.19340725350106547,0.08405621921433279,0.28564331048567,0.05477531830206974,-0.00583930512142629,0.31366229907558,0,0,0,9.370979094465197,9.370979094465197,7.701807284689121,14.066663095406714
forward_right,24.66,0.30000000000000004,-0.15000000000000002,0.0,0.3088849436867608,-0.20091870208130197,0.09360251426685966,0.24607574672466315,0.05147393998846397,-0.013338274517414286,0.3151840136215305,0,0,0,8.096055634498127,8.096055634498127,7.69670016986602,9.50690588018685
forward_right,24.68,0.30000000000000004,-0.15000000000000002,0.0,0.3006185143606306,-0.2055211685664847,0.1049355542266143,0.21370057001960796,0.049194974153645016,-0.018497301870965585,0.3170613335209065,0,0,0,7.6866134455438555,7.6866134455438555,7.680676263019556,6.147029437801741
forward_right,24.7,0.30000000000000004,-0.15000000000000002,0.0,0.28889870323812483,-0.21199657019243273,0.09906869491765767,0.21441179442244168,0.04967057300606883,-0.018825845723803605,0.3190423332713663,0,0,0,6.649240972394859,6.649240972394859,7.66983954452358,3.2168277265718785
forward_right,24.72,0.30000000000000004,-0.15000000000000002,0.0,0.2830647509636928,-0.2196579642598087,0.07013923690030514,0.2263600175096491,0.05371086457400644,-0.014964317382270791,0.32061386742155,0,0,0,5.759485936363417,5.759485936363417,7.666345168654377,3.2454754952000213
forward_right,24.740000000000002,0.30000000000000004,-0.15000000000000002,0.0,0.28606130072203145,-0.22844103209532807,0.026018068629410265,0.20087415580406262,0.060680735532585905,-0.00837102797473203,0.3213604384212584,0,0,0,5.382583067887079,5.382583067887079,7.663026574682977,3.0713512901578284
forward_right,24.76,0.30000000000000004,-0.15000000000000002,0.0,0.29743083528793907,-0.23848133899893362,-0.024754871301937494,0.12065808322509358,0.06865823702370669,0.0009479597300870151,0.3210601156388895,0,0,0,5.370071780512441,5.370071780512441,7.728200485261933,3.5423126127752305
forward_right,24.78,0.30000000000000004,-0.15000000000000002,0.0,0.31815814092404854,-0.2488821185395629,-0.08197008582281537,-0.011159840906916164,0.07416750815569288,0.013453221704353386,0.31957539946666647,0,0,0,5.5392017101373465,5.5392017101373465,7.72175556299991,3.7693789470389207
forward_right,24.8,0.30000000000000004,-0.15000000000000002,0.0,0.30228441584567645,-0.20957094845612229,-0.05292437105403363,-0.04177392264315747,0.06562333007605706,0.023630718609423337,0.317552276043864,0,0,0,8.023214643563604,8.023214643563604,7.715637844780851,4.323443044254362
forward_right,24.82,0.30000000000000004,-0.15000000000000002,0.0,0.26923784879479573,-0.1356230302992945,-0.03855822474315601,-0.023611442766769235,0.04263805977141645,0.02233153891553986,0.3164375238882217,0,0,0,7.639844135939538,7.639844135939538,7.741667004401858,3.0724073347371395
forward_right,24.84,0.30000000000000004,-0.15000000000000002,0.0,0.2276580757193631,-0.0783387793209744,-0.000852138154434883,-0.03421719504786783,0.02968460767834911,0.01820905262616163,0.31571573455202445,0,0,0,8.319835349200908,8.319835349200908,7.829103961814958,7.777305599758419
forward_right,24.86,0.30000000000000004,-0.15000000000000002,0.0,0.2033273623337547,-0.05576895264802731,-0.01669360167962227,-0.12055123187696888,0.029494182887122144,0.013641805620349598,0.31535996320218956,0,0,0,11.728136704905006,11.728136704905006,7.81749170383841,13.776102403663494
forward_right,24.88,0.30000000000000004,-0.15000000000000002,0.0,0.1920269177794495,-0.0577621144967469,-0.022400103521062694,-0.021308600965952378,0.020766913665605517,0.00657857230939303,0.31482008211583384,0,0,0,10.389450461766979,10.389450461766979,7.80647839381955,14.498515745244891
forward_right,24.900000000000002,0.30000000000000004,-0.15000000000000002,0.0,0.19766345296583923,-0.06000242826070544,-0.015222424689464557,0.11095992195802054,0.010226451048857837,-0.0011629906443163438,0.3144480962605579,0,0,0,8.862702833100338,8.862702833100338,7.796032108440279,11.593331288531822
forward_right,24.92,0.30000000000000004,-0.15000000000000002,0.0,0.20823737300246464,-0.06250023866543256,-0.0034088924057092554,0.17261544918688942,0.002396664316529895,-0.009926371571035339,0.3143523345518426,0,0,0,9.397716941870037,9.397716941870037,7.742469939723012,8.495828355563875
forward_right,24.94,0.30000000000000004,-0.15000000000000002,0.0,0.21711976784949988,-0.06642577756303221,0.006378464978367676,0.16403446979374917,-0.000920436908981368,-0.019460042683890726,0.31452718643659044,0,0,0,9.342779317462831,9.342779317462831,7.6631034928040656,3.942328002194804
forward_right,24.96,0.30000000000000004,-0.15000000000000002,0.0,0.22372997662211688,-0.07212359871133782,0.007616131406475313,0.13178591421355593,-2.2645056529593837e-06,-0.028821671502582146,0.31484027622016375,0,0,0,8.9699214332111,8.9699214332111,7.580869836116534,3.1351374664386205
forward_right,24.98,0.30000000000000004,-0.15000000000000002,0.0,0.23474485423265248,-0.08152721366721755,-0.0021957113022429923,0.11828354308626547,0.004391444849894526,-0.03739034077952471,0.3151027719312131,0,0,0,8.458292822277784,8.458292822277784,7.5158986977295825,2.877019266430281
forward_right,25.0,0.30000000000000004,-0.15000000000000002,0.0,0.25005564919355866,-0.09717342503043146,-0.02578137330039695,0.14256281564983722,0.011561831832378536,-0.044342894503445314,0.3150594286657222,0,0,0,7.8813297065619246,7.8813297065619246,7.47372121038126,2.756077227269437
forward_right,25.02,0.30000000000000004,-0.15000000000000002,0.0,0.26021261041409854,-0.10593521040227896,-0.03404434482444893,0.07910556053209573,0.01705951285657038,-0.04640322421625886,0.3145650954607212,0,0,0,6.987074733439241,6.987074733439241,7.453862602567941,3.742306608490163
forward_right,25.04,0.30000000000000004,-0.15000000000000002,0.0,0.28378408942583827,-0.09972324456040339,-0.04998770372747675,0.026751056561551065,0.01186049089120714,-0.036941855322671795,0.3140089256493903,0,0,0,5.40157657760571,5.40157657760571,7.456832722833571,4.016185606144976
forward_right,25.060000000000002,0.30000000000000004,-0.15000000000000002,0.0,0.3108945263799622,-0.10168568547468147,-0.048258688128092565,0.05070957229155597,0.006671209640901811,-0.02276697566426196,0.3129282841931614,0,1,0,7.147986019335775,7.147986019335775,7.5177415693022525,4.61722529467332
forward_right,25.080000000000002,0.30000000000000004,-0.15000000000000002,0.0,0.32324922871840844,-0.13194924113038844,0.010307817006004633,0.03881930952381054,0.016398973187241712,-0.016341940759676116,0.3127657819625686,0,1,0,6.92048982428881,6.92048982428881,7.611275585339666,3.357311423097699
forward_right,25.1,0.30000000000000004,-0.15000000000000002,0.0,0.32721542093978395,-0.15478924796320737,0.026237688072300293,0.050558074590895154,0.02694721570833058,-0.013477118421454852,0.31326808780475435,0,0,0,7.5359667431772,7.5359667431772,7.664575012184038,3.04728543352097
forward_right,25.12,0.30000000000000004,-0.15000000000000002,0.0,0.315996078565547,-0.16841885774551857,0.039159656285871605,0.11287289596896792,0.03558987332186313,-0.008894281985398005,0.3138596435443251,0,0,0,8.054778983131355,8.054778983131355,7.661345426590184,6.180864315877438
forward_right,25.14,0.30000000000000004,-0.15000000000000002,0.0,0.3058975276127559,-0.1849676311432172,0.04999871603265941,0.19748683052099597,0.04112086651486456,-0.0036798281241565674,0.31450130331122617,0,0,0,11.037274391936212,11.037274391936212,7.683895564988369,13.170793124289704
forward_right,25.16,0.30000000000000004,-0.15000000000000002,0.0,0.31485294819735943,-0.19281259094598324,0.042566783197648304,0.1698725226806764,0.04095002974951807,-0.003955117538434967,0.31506962759234936,0,0,0,9.225133460756767,9.225133460756767,7.427431610387725,13.578053636763228
forward_right,25.18,0.30000000000000004,-0.15000000000000002,0.0,0.32416935012175785,-0.1940287452288293,0.047859918624701875,0.08988520571229859,0.037662560734227614,-0.009124619511559193,0.31572665488612905,0,0,0,8.580695364319373,8.580695364319373,7.278994725291646,9.453329343400904
forward_right,25.2,0.30000000000000004,-0.15000000000000002,0.0,0.3253462188878156,-0.19269121159579597,0.06689508892573634,0.030274610124374775,0.03648638383803181,-0.013952066509213571,0.31678174999986525,0,0,0,8.39047374679197,8.39047374679197,7.2945517580076675,5.972741678289517
forward_right,25.22,0.30000000000000004,-0.15000000000000002,0.0,0.3189544694939696,-0.19316875287039584,0.07981361884478713,0.038467644467714494,0.04095010393305221,-0.01506001248750535,0.31822677533216304,0,0,0,7.6303449218847135,7.6303449218847135,7.309373719084292,3.145098772711621
forward_right,25.240000000000002,0.30000000000000004,-0.15000000000000002,0.0,0.31192977299105695,-0.1974980513068556,0.07566829568454715,0.07949687754590816,0.05098254727897174,-0.011524487147373606,0.31973212566025067,0,0,0,6.5963625192643285,6.5963625192643285,7.32349356820151,3.1711630542571396
forward_right,25.26,0.30000000000000004,-0.15000000000000002,0.0,0.31214774673235524,-0.20653538986985748,0.048430040329045305,0.11014562594953205,0.06275631947218414,-0.004725298135435608,0.3208101503111902,0,0,0,5.788490542280867,5.788490542280867,7.336942953280143,3.2067032600625325
forward_right,25.28,0.30000000000000004,-0.15000000000000002,0.0,0.3200756506412598,-0.220417336998159,0.008858783138293826,0.113979510640311,0.0728676628249811,0.0038966592557186843,0.32108093297728046,0,0,0,5.472776837715527,5.472776837715527,7.349752246918275,3.0716323710842968
forward_right,25.3,0.30000000000000004,-0.15000000000000002,0.0,0.33520804858478787,-0.23709697338112964,-0.032126250344953006,0.056534214960120587,0.07981663587864953,0.013758926714047243,0.32041811332073106,0,0,0,5.552177342550403,5.552177342550403,7.3619505834152505,3.553414702366497
forward_right,25.32,0.30000000000000004,-0.15000000000000002,0.0,0.3562585894545667,-0.25360608391178885,-0.07968703557625118,-0.06468503947099985,0.08283745797469512,0.025553273153463042,0.3187651130864798,0,0,0,5.424738179109468,5.424738179109468,7.373565896172174,3.8874523669151384
forward_right,25.34,0.30000000000000004,-0.15000000000000002,0.0,0.32245913422341116,-0.19921093318192828,-0.022066611705873103,-0.027382616962699027,0.06985385145234584,0.031117685332062408,0.31732339781516583,0,0,0,7.327285772928889,7.327285772928889,7.391656815051995,3.352596292941893
forward_right,25.36,0.30000000000000004,-0.15000000000000002,0.0,0.2794773816212807,-0.12814726785217262,-0.023331196468785287,0.020355750617712505,0.04895546360630866,0.02750099414193313,0.31657815409367124,0,0,0,7.23187809753353,7.23187809753353,7.463209117603828,3.058676922552957
forward_right,25.38,0.30000000000000004,-0.15000000000000002,0.0,0.23301981869309418,-0.07403848149844569,-0.01772329337423028,0.006570017863829013,0.04076549155503608,0.022022632984255913,0.3158759516344771,0,0,0,8.124256482661206,8.124256482661206,7.5784429946861565,10.442873696920124
forward_right,25.400000000000002,0.30000000000000004,-0.15000000000000002,0.0,0.21103343610915243,-0.04821426537172168,-0.022158937701193857,-0.07623538300062212,0.037669694593361454,0.01647264487298436,0.31537643905791013,0,0,0,12.092847790216537,12.092847790216537,7.579513592536159,14.41624081876699
forward_right,25.42,0.30000000000000004,-0.15000000000000002,0.0,0.20453869564097457,-0.04734245907482488,-0.026155287770050082,0.027067881498620924,0.025142838997169282,0.008666426296710756,0.3147826064862902,0,0,0,10.66931525591682,10.66931525591682,7.580531109399395,13.69441796941722
forward_right,25.44,0.30000000000000004,-0.15000000000000002,0.0,0.2136754583430713,-0.0506065894644371,-0.013458566582448733,0.1384088881968482,0.010426726250937756,0.00034745968523927694,0.3144426484603862,0,0,0,8.902405154767877,8.902405154767877,7.578928558040829,12.407254600464897
forward_right,25.46,0.30000000000000004,-0.15000000000000002,0.0,0.22590032531338944,-0.05443340676670207,-0.0003833699232185625,0.17135264439884199,-0.00101927789426152,-0.007493480384389149,0.3144194228629013,0,0,0,9.204629208588358,9.204629208588358,7.524531139295004,9.190477453654632
forward_right,25.48,0.30000000000000004,-0.15000000000000002,0.0,0.2357748622404576,-0.05747701940477832,0.006827560323553045,0.14420225598326997,-0.007564621751817334,-0.014853879972325535,0.31462704296285204,0,0,0,8.94289558969134,8.94289558969134,7.451819306805227,4.430005064821527
forward_right,25.5,0.30000000000000004,-0.15000000000000002,0.0,0.24406491416949777,-0.06007289394574965,0.0015968656445409027,0.08247814759185078,-0.009880366704894134,-0.021704967778913623,0.31487216685989067,0,0,0,8.429544944761023,8.429544944761023,7.388973187064444,3.329097709596134
forward_right,25.52,0.30000000000000004,-0.15000000000000002,0.0,0.2570545641328007,-0.06435612645417374,-0.015695953966862276,0.043049831589037066,-0.008199815604685953,-0.02781231058545569,0.3149077971888447,0,0,0,7.942603511050523,7.942603511050523,7.349812443995749,2.910715208554457
forward_right,25.54,0.30000000000000004,-0.15000000000000002,0.0,0.2737413755233979,-0.07480044231711817,-0.039202685646027094,0.052535273849238326,-0.0036248538823380953,-0.032279303122679646,0.3145604690171481,0,0,0,7.4690434342954495,7.4690434342954495,7.332337544511649,2.5703620322782608
forward_right,25.560000000000002,0.30000000000000004,-0.15000000000000002,0.0,0.29157508017117495,-0.09186247667608324,-0.07356951977284175,0.09731120718517605,0.003573652603891936,-0.033501123490498455,0.31367087409263283,0,0,0,6.878413361952946,6.878413361952946,7.332586828115097,4.168898158751103
forward_right,25.580000000000002,0.30000000000000004,-0.15000000000000002,0.0,0.30674682591669716,-0.09777489226330155,-0.07934304201812094,0.049156960364648755,0.005851159292376076,-0.027019923331575227,0.31225251098612467,0,0,0,5.673487220881041,5.673487220881041,7.350983570778716,4.829080400897937
forward_right,25.6,0.30000000000000004,-0.15000000000000002,0.0,0.31620481338180134,-0.11298909965214668,-0.029794187373071972,0.053415994424629964,0.0071398240146562045,-0.014368039666248198,0.3111321272707411,0,1,0,6.758827068620337,6.758827068620337,7.398442733784261,4.04613951478229
forward_right,25.62,0.30000000000000004,-0.15000000000000002,0.0,0.31825866154963045,-0.13683768987543118,0.030583426687754996,-0.0023059025605076918,0.013797670435606429,-0.007935910536964807,0.3112689963477554,0,0,0,7.393218615623839,7.393218615623839,7.478244201470069,3.344211743531173
forward_right,25.64,0.30000000000000004,-0.15000000000000002,0.0,0.30575017400161164,-0.15321007696163189,0.05369080637926598,-0.014083812182897226,0.019701146130557543,-0.003067807367008749,0.31211732793908536,0,0,0,7.810212025916585,7.810212025916585,7.484241832752748,5.0291260966025995
forward_right,25.66,0.30000000000000004,-0.15000000000000002,0.0,0.28390236173393596,-0.16630099249396063,0.06685063992593095,0.06983544773880312,0.02466881664963972,0.00428023553242097,0.3131271333342879,0,0,0,10.001016466505067,10.001016466505067,7.489946815129528,12.049551151334281
forward_right,25.68,0.30000000000000004,-0.15000000000000002,0.0,0.27818509541161746,-0.17532833042693485,0.05752100565088287,0.03513672432606967,0.02693446841955625,0.01132314285204348,0.31405837535051556,0,0,0,10.994298581489668,10.994298581489668,7.336556894219907,14.07659981071193
forward_right,25.7,0.30000000000000004,-0.15000000000000002,0.0,0.28436842922028865,-0.17718243304806386,0.05026235601140813,-0.07947528911901448,0.024194252506949836,0.013298551736405852,0.3148207959781631,0,0,0,7.590619698202388,7.590619698202388,7.079225376884821,11.484944444661501
forward_right,25.72,0.30000000000000004,-0.15000000000000002,0.0,0.2870365123188407,-0.18006150050550107,0.057244248007606205,-0.16547673857664671,0.021909644098818338,0.01218026417921779,0.31569404235585696,0,0,0,6.906654569658908,6.906654569658908,7.101455387486606,6.162431725425433
forward_right,25.740000000000002,0.30000000000000004,-0.15000000000000002,0.0,0.2866735107635221,-0.18386415076963525,0.06175027621365049,-0.1647830290810387,0.02225711832064094,0.009895333154953426,0.3167399983859012,0,0,0,7.126230626846533,7.126230626846533,7.125267086979559,3.710844846428607
forward_right,25.76,0.30000000000000004,-0.15000000000000002,0.0,0.2903617802104966,-0.1887352939229722,0.05334770082893794,-0.10896210739309874,0.02512663532698733,0.007824137904067966,0.31777125856150484,0,0,0,7.2688051195830745,7.2688051195830745,7.147985907298594,3.062179911382289
forward_right,25.78,0.30000000000000004,-0.15000000000000002,0.0,0.3049872162270754,-0.19044883898321194,0.02964229806927841,-0.07240939665814727,0.02631043240967539,0.005904216050313661,0.31848202752370575,0,0,0,7.340974287265619,7.340974287265619,7.169657911617346,3.1258320469744487
forward_right,25.8,0.30000000000000004,-0.15000000000000002,0.0,0.32734193044297244,-0.1871189171600323,-0.002358338775657125,-0.07209411109191496,0.024034665233690015,0.0050041441527793684,0.31863606098031344,0,0,0,7.305695905714199,7.305695905714199,7.1903275982815416,3.0164357246322937
forward_right,25.82,0.30000000000000004,-0.15000000000000002,0.0,0.35617438814883867,-0.18192503619510106,-0.037901556849136174,-0.11980097402989075,0.019683982010026982,0.006162688741646773,0.31809704250273063,0,0,0,7.147433418802144,7.147433418802144,7.210037918471205,3.066082897389758
forward_right,25.84,0.30000000000000004,-0.15000000000000002,0.0,0.3867506533289083,-0.17977712910153934,-0.07445258909121294,-0.22104860342426352,0.015202831228301841,0.009290457601755083,0.3168402600077355,0,0,0,6.367772690163467,6.367772690163467,7.228830297514627,3.3863125252458977
forward_right,25.86,0.30000000000000004,-0.15000000000000002,0.0,0.4109851562341691,-0.18211159360030438,-0.12336553167602195,-0.3410968459288388,0.013502063505426832,0.014300503533275161,0.31471057640857464,0,0,0,4.9734027937701715,4.9734027937701715,7.246744659392252,3.950444613184029
forward_right,25.88,0.30000000000000004,-0.15000000000000002,0.0,0.37212812237334025,-0.15735485710094935,-0.03361115661945924,-0.23706224188168828,0.011176973774074008,0.01949521475337489,0.3129274955705494,0,1,0,7.705412710877314,7.705412710877314,7.295154171851539,3.0155087793026674
forward_right,25.900000000000002,0.30000000000000004,-0.15000000000000002,0.0,0.319697703395373,-0.1291292075828097,0.012301980549551375,-0.06805617303109167,0.007885935229834008,0.02037082647332478,0.312699210482887,0,0,0,8.106569881643136,8.106569881643136,7.309947630498382,2.3783934913587124
forward_right,25.92,0.30000000000000004,-0.15000000000000002,0.0,0.2853630405710301,-0.11346172729171385,0.031200329579398056,0.06433657222513293,0.0017801562868255264,0.015860956164412774,0.3128699330406883,0,0,0,7.719280903252653,7.719280903252653,7.324040258783434,7.519000223884239
forward_right,25.94,0.30000000000000004,-0.15000000000000002,0.0,0.2783623471484034,-0.1078064955838651,0.03146743908436309,0.1317744432036166,-0.0066265643376796045,0.007610592656689751,0.3131622312905525,0,0,0,8.285732948421597,8.285732948421597,7.337463653281652,10.364700439361005
forward_right,25.96,0.30000000000000004,-0.15000000000000002,0.0,0.2805566201485873,-0.10519435654367147,0.02173802061315647,0.17288097023369736,-0.012100483975638933,-0.002711861794875813,0.31343116797032344,0,0,0,8.6026493802796,8.6026493802796,7.335001250946593,9.674665291377442
forward_right,25.98,0.30000000000000004,-0.15000000000000002,0.0,0.2780506427865136,-0.10328624424055768,0.021002088676730812,0.18148917515890242,-0.013847736384647842,-0.013488352395468677,0.3137701691482699,0,0,0,8.599909704013813,8.599909704013813,7.314490048944819,6.908328189186815
forward_right,26.0,0.30000000000000004,-0.15000000000000002,0.0,0.2715106187222489,-0.0981701752703835,0.02820984971694583,0.1478492349124535,-0.013488631453963331,-0.02421038934885344,0.314356457305775,0,0,0,8.299506570115726,8.299506570115726,7.283699414304081,4.1375403091051295
forward_right,26.02,0.30000000000000004,-0.15000000000000002,0.0,0.2612733364364432,-0.09178626063574893,0.03560379634642635,0.07696182365823628,-0.011936234311550104,-0.03450108658233361,0.31521507678932437,0,0,0,7.888080347726427,7.888080347726427,7.257949457067198,2.601858398071208
forward_right,26.04,0.30000000000000004,-0.15000000000000002,0.0,0.25123565077939175,-0.08511793660391373,0.03070346103626915,-0.004654001008819847,-0.008336878884929483,-0.043409403610411006,0.3161683962647821,0,0,0,7.324273235855928,7.324273235855928,7.245234775408026,2.7008679292181723
forward_right,26.060000000000002,0.30000000000000004,-0.15000000000000002,0.0,0.24281698753102704,-0.08303685542775217,0.007870743482959797,-0.08786804015373137,-0.0031125976359593246,-0.050108406368977565,0.31686473359627987,0,0,0,6.8942037060207095,6.8942037060207095,7.251830189834692,3.264313790705607
forward_right,26.080000000000002,0.30000000000000004,-0.15000000000000002,0.0,0.2359405566582395,-0.08761879908996686,-0.03201174740992623,-0.15764142523746408,0.0040309006933426225,-0.05306516137417615,0.31688552046129903,0,0,0,6.4449720866311875,6.4449720866311875,7.268666189790483,3.9095483280312067
forward_right,26.1,0.30000000000000004,-0.15000000000000002,0.0,0.23014941169654676,-0.08761096832980206,-0.0533042886234191,-0.2600610527831983,0.006472352209454456,-0.04912670213086011,0.31615193557484456,0,0,0,5.826272624953248,5.826272624953248,7.307156947272169,4.083221968588592
forward_right,26.12,0.30000000000000004,-0.15000000000000002,0.0,0.2504946535450114,-0.08346950958151866,-0.08977735216006771,-0.20245772966759734,-0.0022281793587811756,-0.03555749520381112,0.31496545865078257,0,0,0,5.0252952337060846,5.0252952337060846,7.357050850520292,5.116480300461023
forward_right,26.14,0.30000000000000004,-0.15000000000000002,0.0,0.24969497843023525,-0.10121855927996573,-0.03558713488983285,-0.13046249423435674,-0.0011516478873648895,-0.021397362071139327,0.3136090837735923,0,1,0,7.602251032980192,7.602251032980192,7.436489128214696,5.587622528504948
forward_right,26.16,0.30000000000000004,-0.15000000000000002,0.0,0.24645450050117945,-0.1335505515310997,0.01069280709061354,-0.05567649078498671,0.008146142653422199,-0.015433468953522253,0.3135531055649106,0,0,0,7.324543192407789,7.324543192407789,7.521521379373411,2.5303905348326543
forward_right,26.18,0.30000000000000004,-0.15000000000000002,0.0,0.2374575678765696,-0.15088026469196059,0.024367927073616798,0.0637177885790172,0.019513371851521473,-0.01276802210288398,0.31390176401266795,0,0,0,8.245342564696797,8.245342564696797,7.525400869572309,5.191819316607935
forward_right,26.2,0.30000000000000004,-0.15000000000000002,0.0,0.22718151028227063,-0.1612788829089642,0.03524909132795042,0.16779054819664213,0.027802750185389653,-0.009368659640522109,0.3143302102093269,0,0,0,8.390328737202829,8.390328737202829,7.529089748828774,8.14854565917285
forward_right,26.22,0.30000000000000004,-0.15000000000000002,0.0,0.2261551846178453,-0.16544717208376766,0.0397153683296683,0.14382909076375805,0.02854407028246409,-0.00788293538775621,0.3148569227784331,0,0,0,8.519190207836825,8.519190207836825,7.5533784116359755,9.349637252174553
forward_right,26.240000000000002,0.30000000000000004,-0.15000000000000002,0.0,0.2219344533868211,-0.16629912664685986,0.055425667612593446,0.09795143811002861,0.026034581051416008,-0.01012924464227262,0.31567435168252783,0,0,0,8.407272931516257,8.407272931516257,7.56015156220338,7.74811518208854
forward_right,26.26,0.30000000000000004,-0.15000000000000002,0.0,0.2152553046877982,-0.16829072054007926,0.06968028773094122,0.10148056400268798,0.02614904715036232,-0.014426892098452526,0.3168929112018581,0,0,0,8.397622440563458,8.397622440563458,7.598256184579071,3.9907385733169347
forward_right,26.28,0.30000000000000004,-0.15000000000000002,0.0,0.21319071661393071,-0.1665837818655762,0.07058057417831805,0.12925907519030452,0.027814460141269502,-0.018795719113692436,0.31830105077986154,0,0,0,8.371907478766461,8.371907478766461,7.5983429285289255,3.016722912762952
forward_right,26.3,0.30000000000000004,-0.15000000000000002,0.0,0.21643440875028147,-0.16312609872146303,0.04996065984261794,0.14912453852502167,0.028396460101337975,-0.020755645565172856,0.3195287517816576,0,0,0,8.051174660689085,8.051174660689085,7.598425358090033,3.116693945156359
forward_right,26.32,0.30000000000000004,-0.15000000000000002,0.0,0.22996741859636186,-0.15613466952897595,0.016275005640729263,0.1412102547453643,0.028213255762327947,-0.020580521391196236,0.32019846675206476,0,0,0,7.766825234922401,7.766825234922401,7.598503687790924,3.120965378032938
forward_right,26.34,0.30000000000000004,-0.15000000000000002,0.0,0.25173196689207467,-0.14658960737174695,-0.0184675859157976,0.09542337680183875,0.02884657324317731,-0.01873941465577278,0.3201646193004816,0,0,0,7.64238092567983,7.64238092567983,7.598578121498381,2.9619367961618934
forward_right,26.36,0.30000000000000004,-0.15000000000000002,0.0,0.27857954096752896,-0.13719792484718055,-0.044376583286255045,-0.006651593104507003,0.03134947116716334,-0.015221325771340864,0.31953914641932557,0,0,0,7.684658852002134,7.684658852002134,7.5986488529468055,3.507217792573715
forward_right,26.38,0.30000000000000004,-0.15000000000000002,0.0,0.3083740159449833,-0.1307282947404209,-0.0685109262610338,-0.15346033151407362,0.034260259409436944,-0.00957365144283812,0.3184119103765663,0,0,0,7.465722023993439,7.465722023993439,7.598716066241316,4.02864260170494
forward_right,26.400000000000002,0.30000000000000004,-0.15000000000000002,0.0,0.33144810983980455,-0.13955909843206762,-0.07665312611672473,-0.2576161686710652,0.04049393072701848,0.00013154768772069905,0.31691169802755925,0,1,0,6.329719628602139,6.329719628602139,7.667966637056299,5.057942100786251
forward_right,26.42,0.30000000000000004,-0.15000000000000002,0.0,0.31651154525273095,-0.1168693371966253,0.017541284632012988,-0.23895666066925333,0.03754775993510083,0.0068348514482919395,0.31633098360043677,0,1,0,6.130751679069147,6.130751679069147,7.664566488740704,3.3912312751218896
forward_right,26.44,0.30000000000000004,-0.15000000000000002,0.0,0.3014337917237698,-0.09924104494336446,0.050542331502629094,-0.220686394022138,0.03351128805871269,0.0064679355532606675,0.3170331863442268,0,1,0,5.897702863958886,5.897702863958886,7.66133733166744,1.2834703596017951
forward_right,26.46,0.30000000000000004,-0.15000000000000002,0.0,0.284378624758265,-0.09272059338296974,0.02026534314646594,-0.2112093444140353,0.030607481660806256,0.002735294404329121,0.3176072491770749,0,0,0,6.711240709286274,6.711240709286274,7.658270479558567,4.382469494091937
forward_right,26.48,0.30000000000000004,-0.15000000000000002,0.0,0.28035094605539923,-0.10039511938786455,-0.008824498243403653,-0.16952611440830817,0.022075765463716052,-0.0041310642846879644,0.31738160649234043,0,0,0,8.307318158730544,8.307318158730544,7.6553576959226675,9.64776750531551
forward_right,26.5,0.30000000000000004,-0.15000000000000002,0.0,0.2828961118553582,-0.10878064421712119,-0.017764905203349026,-0.08845054350325042,0.012862856060937611,-0.011151706865508539,0.3168391520264532,0,0,0,9.135427871376576,9.135427871376576,7.652591169932162,11.114442648141708
forward_right,26.52,0.30000000000000004,-0.15000000000000002,0.0,0.2845722128043225,-0.11242979332277807,-0.0072222066677030345,-0.01696332533373561,0.006379692618588871,-0.017127015536199476,0.31648313769718167,0,0,0,9.223743316518611,9.223743316518611,7.6062328488289666,10.371753175239702
forward_right,26.54,0.30000000000000004,-0.15000000000000002,0.0,0.28138325136960657,-0.10959422549342952,0.015453376346873991,0.00424180418809334,0.0024890314424891994,-0.02272155817314715,0.3166505403065647,0,0,0,8.654195300636884,8.654195300636884,7.539625411753374,6.620808175620333
forward_right,26.560000000000002,0.30000000000000004,-0.15000000000000002,0.0,0.27487844530068717,-0.10275779657415064,0.030399744686856942,-0.02478052737060641,-0.00022179433843927876,-0.02935977880648724,0.317291362295699,0,0,0,7.981664900448731,7.981664900448731,7.491098449881466,3.016730373183512
forward_right,26.580000000000002,0.30000000000000004,-0.15000000000000002,0.0,0.268553085389176,-0.09542964308523232,0.03004667135428227,-0.07946343208451892,-0.0003273198465350796,-0.037022034203486286,0.31812377640779516,0,0,0,7.467249688229397,7.467249688229397,7.470947757680857,2.817268272428201
forward_right,26.6,0.30000000000000004,-0.15000000000000002,0.0,0.2649330363419129,-0.09286011145730155,0.009758966626865751,-0.1313521182122696,0.0033782803744069638,-0.0439699157502015,0.3187698081692129,0,0,0,7.043291447432997,7.043291447432997,7.472197148970917,3.219474299223281
forward_right,26.62,0.30000000000000004,-0.15000000000000002,0.0,0.263461993062544,-0.09844554895315798,-0.030304481152703587,-0.1623354428004808,0.010498519989569358,-0.04816087910164302,0.3187968201884778,0,0,0,6.70201478459027,6.70201478459027,7.4897931117089165,3.410076070979501
forward_right,26.64,0.30000000000000004,-0.15000000000000002,0.0,0.2593656202262576,-0.10126805636123948,-0.05034828831662839,-0.24924579092747184,0.015505162954258576,-0.0462320817715439,0.3180562672054919,0,0,0,6.056950866564776,6.056950866564776,7.518908723048487,3.569131957879201
forward_right,26.66,0.30000000000000004,-0.15000000000000002,0.0,0.2797127763279034,-0.09334984293783347,-0.07910738176215931,-0.21408184322805782,0.007827867455517843,-0.03317799105054734,0.31703655044112083,0,0,0,4.950475449985456,4.950475449985456,7.558827332438753,4.185556688756646
forward_right,26.68,0.30000000000000004,-0.15000000000000002,0.0,0.2929908585436157,-0.0977586516424562,-0.06948458111680558,-0.08941512835878546,0.004798475995932752,-0.01801822995145692,0.3153678297394512,0,1,0,7.484201639363235,7.484201639363235,7.642782364662583,5.571679178078858
forward_right,26.7,0.30000000000000004,-0.15000000000000002,0.0,0.28639155196468113,-0.12435808710851216,-0.018344966550509753,-0.015739733318497283,0.016094315444079854,-0.012073075098483967,0.31469320258102185,0,1,0,7.410910944805002,7.410910944805002,7.69823075802524,2.4029850724846185
forward_right,26.72,0.30000000000000004,-0.15000000000000002,0.0,0.2697163747939334,-0.14412862440883936,0.008371188667180899,0.06941383255095554,0.027807686932608378,-0.008847086686200406,0.31458032784050804,0,0,0,8.294691064062691,8.294691064062691,7.693304490018303,3.922159335724193
forward_right,26.740000000000002,0.30000000000000004,-0.15000000000000002,0.0,0.2517071964916823,-0.1591134720296763,0.03888552210403294,0.16636561865928548,0.036101546692099085,-0.004048252418058044,0.31484927247236916,0,0,0,8.917065232671288,8.917065232671288,7.688627147168386,11.158458054522423
forward_right,26.76,0.30000000000000004,-0.15000000000000002,0.0,0.24664270091246615,-0.1681695067304039,0.05160958822839004,0.13182358865176824,0.038349793198055766,-0.0008995706724362095,0.3154722123617919,0,0,0,9.118639009455832,9.118639009455832,7.586892798093487,12.425743559954412
forward_right,26.78,0.30000000000000004,-0.15000000000000002,0.0,0.24411923745878636,-0.173864594249639,0.06600125601245524,0.06836287781582685,0.03727762109177328,-0.0026764996317837643,0.31641217373855357,0,0,0,8.197578404906446,8.197578404906446,7.460585576416211,9.801780368620053
forward_right,26.8,0.30000000000000004,-0.15000000000000002,0.0,0.23958635561993413,-0.17928949917589143,0.08035419322765404,0.05440439923654133,0.03843352913267126,-0.007149840773210595,0.3177519431534486,0,0,0,8.1344409819018,8.1344409819018,7.467443171766465,5.297745561160459
forward_right,26.82,0.30000000000000004,-0.15000000000000002,0.0,0.23631314563698813,-0.18212698961994592,0.07805691766889399,0.0871476825139797,0.040641519595660675,-0.01143551825044378,0.3192562041083339,0,0,0,7.9485541876962245,7.9485541876962245,7.473967102847205,3.5295174867528294
forward_right,26.84,0.30000000000000004,-0.15000000000000002,0.0,0.2373424761945937,-0.1828880072651125,0.054702026259064555,0.12220687463021712,0.04235177270700276,-0.012849117727689456,0.3204985589271575,0,0,0,7.6760528660466765,7.6760528660466765,7.480173255225051,3.1233286203965767
forward_right,26.86,0.30000000000000004,-0.15000000000000002,0.0,0.2502702406606863,-0.1809602546708256,0.018109777369361355,0.10547945597506324,0.04254388449307198,-0.011680114385979351,0.32112442287188786,0,0,0,7.389205237861357,7.389205237861357,7.48607679154161,3.1892938293702167
forward_right,26.88,0.30000000000000004,-0.15000000000000002,0.0,0.271606588754465,-0.17908437741157313,-0.01972175914781899,0.025228234228710927,0.04123663344230301,-0.008734288197458473,0.3209851856621178,0,0,0,7.227130786110212,7.227130786110212,7.491692181208265,2.9907114332446305
forward_right,26.900000000000002,0.30000000000000004,-0.15000000000000002,0.0,0.2989682261784402,-0.17578421934589794,-0.056728238172735035,-0.11045996611207487,0.039397252518699896,-0.004124474774094999,0.3201040946531056,0,0,0,7.245959266308757,7.245959266308757,7.497033229195221,3.429264418273402
forward_right,26.92,0.30000000000000004,-0.15000000000000002,0.0,0.32984548337352704,-0.17166037940537132,-0.09750174541581182,-0.28130000510136904,0.03616069774461355,0.003359302723874599,0.31843190384528747,0,0,0,6.969281972030175,6.969281972030175,7.50211310390949,4.096185204551958
forward_right,26.94,0.30000000000000004,-0.15000000000000002,0.0,0.3559054037968246,-0.17266162667713048,-0.150549451541295,-0.45655429134029724,0.03376645475822552,0.01400593886254117,0.31581714499066815,0,1,0,6.042734619318199,6.042734619318199,7.5475915441522226,4.4976988770727635
forward_right,26.96,0.30000000000000004,-0.15000000000000002,0.0,0.3248670371699098,-0.13183074325663774,-0.034703699646305194,-0.3145649473137329,0.027960148163435516,0.02257004823579345,0.3139317217043512,0,1,0,7.84552703921829,7.84552703921829,7.644825897301413,4.280502998574355
forward_right,26.98,0.30000000000000004,-0.15000000000000002,0.0,0.2945695638545365,-0.09202657978371107,0.00860119732319459,-0.1654857062594296,0.022684070535629597,0.025504083450963503,0.31357949938744106,0,0,0,8.005566129503489,8.005566129503489,7.642587621027992,4.086053065532008
forward_right,27.0,0.30000000000000004,-0.15000000000000002,0.0,0.2741278813080345,-0.07348420904259736,-0.006606630892898008,-0.04652412515839676,0.01815268441278225,0.0219564702988919,0.31333256310297014,0,0,0,7.595792435804953,7.595792435804953,7.640461495017732,9.230834460914048
backward_left,27.02,-0.30000000000000004,0.15000000000000002,0.0,0.27281901496861516,-0.07130083227732359,-0.01003493495140019,0.06926947905475901,0.0059967284932560564,0.014408766906464256,0.31302726368638123,0,0,0,8.491462152031291,8.491462152031291,7.638441862172407,9.71496973015904
backward_left,27.04,-0.30000000000000004,0.15000000000000002,0.0,0.2807667035698618,-0.0738429873756253,-0.0024188046966884874,0.15543040865279373,-0.006156370960096229,0.005927483620088608,0.31288041174641096,0,0,0,9.161311412220362,9.161311412220362,7.610954132999986,7.921933207982221
backward_left,27.060000000000002,-0.30000000000000004,0.15000000000000002,0.0,0.2905459142589749,-0.07745127029249403,0.008227612923294658,0.19074618664774315,-0.013981161531205502,-0.0013101344570728157,0.3130143414217282,0,0,0,9.057034932586285,9.057034932586285,7.545108435871899,6.30110103824752
backward_left,27.080000000000002,-0.30000000000000004,0.15000000000000002,0.0,0.293287611884952,-0.07548114609473477,0.017570163814788434,0.1731448394357849,-0.01627851481631486,-0.0070311077385360925,0.31338554060812596,0,0,0,8.39102369269706,8.39102369269706,7.4746992198064355,3.2581553303024053
backward_left,27.1,-0.30000000000000004,0.15000000000000002,0.0,0.28485254543053506,-0.0646303345904527,0.020502263982134117,0.10792256646364688,-0.015965174515883567,-0.012003725094341354,0.31388356257582434,0,0,0,7.606354394391182,7.606354394391182,7.432814868574692,1.8912262837629357
backward_left,27.12,-0.30000000000000004,0.15000000000000002,0.0,0.26299452475774865,-0.04637595736656131,0.03093491047637192,0.05720582812278592,-0.015663521768164154,-0.015797744930724226,0.3145237018047453,0,0,0,7.951271515081509,7.951271515081509,7.424666455631769,1.8854434463391176
backward_left,27.14,-0.30000000000000004,0.15000000000000002,0.0,0.22768169924152507,-0.02592545366821708,0.03963053239549766,0.023215989409324858,-0.018813507494409108,-0.016516719491258162,0.3154114399798159,0,0,0,8.980050355320698,8.980050355320698,7.444124037781361,2.897912872599695
backward_left,27.16,-0.30000000000000004,0.15000000000000002,0.0,0.18134725593285744,-0.002077449507579845,0.017777628340797498,-0.041793696570844655,-0.028020490757307868,-0.012823335421645677,0.3161390352139674,0,0,0,9.524457208084439,9.524457208084439,7.506468860240492,3.923763857301711
backward_left,27.18,-0.30000000000000004,0.15000000000000002,0.0,0.11753951266734225,0.014061620450133696,0.015351463487920372,-0.14019164501831163,-0.033913243982606645,-0.008641297359525563,0.3164047047285744,0,0,0,9.966701651644653,9.966701651644653,7.556265694965834,4.440286962553018
backward_left,27.2,-0.30000000000000004,0.15000000000000002,0.0,0.04650480694193427,0.004001685969657842,-0.013775950310396638,-0.26809242743421213,-0.029543615722173993,-0.011937720746839018,0.3165966089406349,0,1,0,9.61393909265631,9.61393909265631,7.5584337759541,8.788507379822143
backward_left,27.22,-0.30000000000000004,0.15000000000000002,0.0,-0.021133402098309467,0.013547527970247199,0.036573141474103676,-0.5308074703589771,-0.03611448639166792,-0.013957394397540391,0.31690430986418044,0,0,0,9.409142871476057,9.409142871476057,7.562113126398408,12.370465905673058
backward_left,27.240000000000002,-0.30000000000000004,0.15000000000000002,0.0,-0.048032213690696754,0.009463218671702257,0.04551703219256587,-0.5263708365920873,-0.03703386908039258,-0.014639583276403892,0.31748532651228545,0,0,0,11.004425901696278,11.004425901696278,7.66806147890069,14.99868239311257
backward_left,27.26,-0.30000000000000004,0.15000000000000002,0.0,-0.07239943768322935,0.0034121093942076756,0.07058625011797652,-0.48214521200517735,-0.03244950871564643,-0.01295777375361738,0.31851546362275945,0,0,0,6.382407894568887,6.382407894568887,7.816728974147953,11.727713773315848
backward_left,27.28,-0.30000000000000004,0.15000000000000002,0.0,-0.10568810270220197,-0.009088973426922681,0.09191674608052827,-0.4542013754884262,-0.025991072101796724,-0.008414504409158776,0.3201336356492868,0,0,0,6.17306944503045,6.17306944503045,7.947003272806711,5.821746910406435
backward_left,27.3,-0.30000000000000004,0.15000000000000002,0.0,-0.13780073036823537,-0.02637517819698924,0.08487342677022798,-0.3956652143543155,-0.01670748430509835,-0.0037529119900362377,0.32193352712564655,0,0,0,5.637947080644842,5.637947080644842,8.001193507883205,2.9686983044212374
backward_left,27.32,-0.30000000000000004,0.15000000000000002,0.0,-0.16192115150200748,-0.042651641620513214,0.044614330862742635,-0.27906746979146013,-0.004776253821876199,-0.0011754212366148337,0.3232510050062935,0,0,0,5.218419895843195,5.218419895843195,8.002279005832062,3.3931403228846837
backward_left,27.34,-0.30000000000000004,0.15000000000000002,0.0,-0.17740702445221457,-0.04949726914693745,-0.019834729558690787,-0.15756048857423235,0.006098955056310376,0.0006290339065639235,0.32348060274316653,0,0,0,4.278051600906572,4.278051600906572,8.002185785832818,4.402513551227955
backward_left,27.36,-0.30000000000000004,0.15000000000000002,0.0,-0.18842535253623938,-0.04462171890467149,-0.08960861495461199,-0.10855238982772104,0.013777748209329548,0.0050813510474281036,0.3223752894076524,0,0,0,4.17124388976893,4.17124388976893,7.988866647797355,5.491359132141598
backward_left,27.38,-0.30000000000000004,0.15000000000000002,0.0,-0.20216191525735439,-0.0176025304928899,-0.12177147479628687,-0.08499855723764567,0.014979191218968036,0.012318912440637047,0.3201073431198022,0,0,0,6.028970652123382,6.028970652123382,8.045747766482567,7.1874757209784965
backward_left,27.400000000000002,-0.30000000000000004,0.15000000000000002,0.0,-0.22135713839955587,0.04930832455584844,-0.11092545359648699,-0.045512736578806876,0.003348747077235172,0.01247121608972083,0.3179952146656903,0,0,0,8.874076193618368,8.874076193618368,8.142341171761245,10.816574763726823
backward_left,27.42,-0.30000000000000004,0.15000000000000002,0.0,-0.24812125060656723,0.12437047172272596,-0.12088735308594187,-0.1299691762186918,-0.01780226846228582,0.004705873036414934,0.31595963562657486,0,0,0,15.524907142003922,14.0,8.165033529449595,16.72105574911845
backward_left,27.44,-0.30000000000000004,0.15000000000000002,0.0,-0.2601189615952095,0.12368819930951874,-0.025752116547333014,0.1315805633704827,-0.018893172306238347,0.001375748041498613,0.3147727822028584,0,0,0,7.610924489617533,7.610924489617533,7.846972097201036,12.57097896121752
backward_left,27.46,-0.30000000000000004,0.15000000000000002,0.0,-0.27279999541637917,0.1291450692145998,0.023975672651703268,0.27524530844277634,-0.016666241137892727,0.0029718654539700714,0.31478074983875615,0,0,0,7.116921995977805,7.116921995977805,7.834436039138385,5.350632344959536
backward_left,27.48,-0.30000000000000004,0.15000000000000002,0.0,-0.2869723754878448,0.14323910863698094,0.07099531805094873,0.35388834048759904,-0.01693968270388251,0.005057189846548929,0.31580214570533477,0,0,0,7.130678403557724,7.130678403557724,7.822548384401173,5.037898728784426
backward_left,27.5,-0.30000000000000004,0.15000000000000002,0.0,-0.29643025891774866,0.15887853234174637,0.09019385437673727,0.34626291244724916,-0.018610521060962247,0.00565168311448482,0.3175149738099682,0,0,0,6.752692257298798,6.752692257298798,7.820072882063258,4.506890714332259
backward_left,27.52,-0.30000000000000004,0.15000000000000002,0.0,-0.30204373948196855,0.169680067226737,0.07804671000675478,0.2927546467597194,-0.020888023502715358,0.00441797648306251,0.31920862848152876,0,0,0,6.568910852298531,6.568910852298531,7.843404144081372,3.128712931380258
backward_left,27.54,-0.30000000000000004,0.15000000000000002,0.0,-0.3047671714151991,0.17215888171991053,0.05235716819620852,0.23478662240850212,-0.022082356317800388,0.0034989711711707148,0.32049736533895334,0,0,0,6.601431533595399,6.601431533595399,7.877336590043377,3.1092672380327553
backward_left,27.560000000000002,-0.30000000000000004,0.15000000000000002,0.0,-0.3086990720425582,0.17004055694780912,0.018883017740338973,0.2037798383198062,-0.022452447652420198,0.004429113302070696,0.3212049885569526,0,0,0,6.179209096004401,6.179209096004401,7.91001921745578,4.511781871991115
backward_left,27.580000000000002,-0.30000000000000004,0.15000000000000002,0.0,-0.31416314800705064,0.1661729639393848,-0.027229293377947706,0.22428811148715602,-0.025300978877748355,0.007162657484179166,0.32116987973255995,0,0,0,5.759517152467891,5.759517152467891,7.952275294792848,7.443372424697573
backward_left,27.6,-0.30000000000000004,0.15000000000000002,0.0,-0.3199476616618472,0.1659929052791389,-0.09195216441994569,0.3085731078139416,-0.03182314497763023,0.01044485740705815,0.32011248005223625,0,0,0,12.624334820741376,12.624334820741376,8.018806543664468,14.290127222795412
backward_left,27.62,-0.30000000000000004,0.15000000000000002,0.0,-0.32692881278582825,0.15544424928815323,-0.1254859369992568,0.3637989656297297,-0.036887125547836505,0.012012995841601221,0.31791127786681966,0,0,0,17.521712342964904,14.0,8.095853409302318,17.93468626707132
backward_left,27.64,-0.30000000000000004,0.15000000000000002,0.0,-0.32457512997506316,0.11018236037754085,-0.036042503790739006,0.20033864788393085,-0.028058990368333828,0.0049594275998430595,0.3163672337865566,0,1,0,6.784308325423295,6.784308325423295,8.177627325158003,18.077630209443637
backward_left,27.66,-0.30000000000000004,0.15000000000000002,0.0,-0.31877669881413634,0.09225023625992362,0.023207074512092224,0.050885675415943306,-0.025993558993291324,0.0004790127495640118,0.3163106054085191,0,0,0,6.911330473569794,6.911330473569794,8.287445438943802,4.576190511861364
backward_left,27.68,-0.30000000000000004,0.15000000000000002,0.0,-0.3291492308313606,0.08829919716080134,0.09322294504579223,-0.08487517896766035,-0.01729401513087281,0.0014466349121196004,0.31740619997527053,0,0,0,11.089787537797449,11.089787537797449,8.391962239029688,11.677007567559547
backward_left,27.7,-0.30000000000000004,0.15000000000000002,0.0,-0.3455298449132378,0.07350550157431036,0.12083094459233064,-0.12527985534280184,-0.002402624023022881,0.007168083796020112,0.3194900461208214,0,0,0,13.816469575206101,13.816469575206101,8.52158736750583,15.198849051813704
backward_left,27.72,-0.30000000000000004,0.15000000000000002,0.0,-0.3558050693723488,0.05106167886971045,0.09837189363700712,-0.06733995247507371,0.016621739520290894,0.010578058602453788,0.32160902423103893,0,0,0,12.126488938158005,12.126488938158005,8.555871334157263,15.076732397209264
backward_left,27.740000000000002,-0.30000000000000004,0.15000000000000002,0.0,-0.3524502405936755,0.03098543382469855,0.050435122733109884,0.0326995578787581,0.03337276863245937,0.00954129929584559,0.32305087287792916,0,0,0,7.51574463439672,7.51574463439672,8.511991327518746,12.187120833615078
backward_left,27.76,-0.30000000000000004,0.15000000000000002,0.0,-0.34067341149571334,0.020965020112622645,-0.009488787561336892,0.11279543048494894,0.04459070764396945,0.005917825638572927,0.32342990492020696,0,0,0,5.824271941934544,5.824271941934544,8.422922864281094,7.634833749054454
backward_left,27.78,-0.30000000000000004,0.15000000000000002,0.0,-0.32467518068573864,0.024914187265668946,-0.06924794968386189,0.11173810974450754,0.048470774289986064,0.0030879493749679655,0.32262962834971304,0,0,0,6.704182915298237,6.704182915298237,8.379166374725248,6.9248036506958135
backward_left,27.8,-0.30000000000000004,0.15000000000000002,0.0,-0.30424147571867544,0.04354248212862684,-0.125619841603617,0.0059196119772693765,0.047617809432609404,0.0035620327496943254,0.3207452492217117,0,0,0,7.51854959887549,7.51854959887549,8.337881773034962,9.30656490150252
backward_left,27.82,-0.30000000000000004,0.15000000000000002,0.0,-0.2793029364857431,0.07190395991219486,-0.19827820359510687,-0.20703732077725034,0.044950199441153346,0.009541000626488902,0.31773841450083057,0,0,0,13.166910235577616,13.166910235577616,8.298914107013694,14.81850343185429
backward_left,27.84,-0.30000000000000004,0.15000000000000002,0.0,-0.27141980098049445,0.1263010347777872,-0.19531756208572115,-0.4281010472232479,0.030271133553965088,0.015390765032663355,0.3142492310715374,0,0,0,16.708074615306423,14.0,8.262119763951784,17.435260908542407
backward_left,27.86,-0.30000000000000004,0.15000000000000002,0.0,-0.2713196149903665,0.17737933006509624,-0.14186467330172306,-0.5139389732105587,0.0115177209341541,0.015587193253029995,0.3109473950251105,0,1,0,7.5557232179738705,7.5557232179738705,8.227365468641231,17.442249953399205
backward_left,27.88,-0.30000000000000004,0.15000000000000002,0.0,-0.2797855630358301,0.17760401932496067,-0.06095582589515629,-0.4083052761725684,0.009829085820001996,0.021724458478708804,0.30929889030927593,0,0,0,8.05805591197464,8.05805591197464,8.097643199929017,5.729101167115261
backward_left,27.900000000000002,-0.30000000000000004,0.15000000000000002,0.0,-0.3015564786322214,0.1772972070016087,0.007522813571930768,-0.2262447772485267,0.003210757353293376,0.02880701136336142,0.3090307806239224,0,0,0,7.766785788842592,7.766785788842592,8.127302525302838,4.395717099261503
backward_left,27.92,-0.30000000000000004,0.15000000000000002,0.0,-0.32117001517730304,0.18306849532161293,0.05834355971063917,-0.08077893166346307,-0.004765928993161074,0.03938393127407597,0.3099925712072986,0,0,0,7.573757836730987,7.573757836730987,8.134147020401265,3.8866216820588115
backward_left,27.94,-0.30000000000000004,0.15000000000000002,0.0,-0.32808048573692483,0.19566380952537732,0.061412283282694366,-0.04857193002645329,-0.011399118631194798,0.04825921190024807,0.311516150390902,0,0,0,6.487763841961303,6.487763841961303,8.106397460579029,4.365531685971578
backward_left,27.96,-0.30000000000000004,0.15000000000000002,0.0,-0.3231261033146366,0.20744659900051318,0.025003410050295487,-0.06074393665725384,-0.018095059953767288,0.050834935532306766,0.31259107401936304,0,0,0,6.441365436793468,6.441365436793468,8.08014833783415,3.9264985622756585
backward_left,27.98,-0.30000000000000004,0.15000000000000002,0.0,-0.3133938704687649,0.2096651534234873,-0.015612510222994758,-0.07045583651690326,-0.020842178131495182,0.04922906426020704,0.3128074035869509,0,0,0,6.619078504478885,6.619078504478885,8.055312499924884,3.1698126009664453
backward_left,28.0,-0.30000000000000004,0.15000000000000002,0.0,-0.30783216011468795,0.18768840977216356,-0.025401068007018086,-0.06731961450855045,-0.011816677440334149,0.04279257183895521,0.3125863769079295,0,0,0,6.204602018974341,6.204602018974341,8.031808476414518,2.7665748120179297
backward_left,28.02,-0.30000000000000004,0.15000000000000002,0.0,-0.30925517372873046,0.14572215295883625,-0.02896994313364904,-0.049505051490062985,0.0029040619562070106,0.031253179011184885,0.3122655759598222,0,0,0,5.753314313494281,5.753314313494281,8.0850235029027,2.4600120772170806
backward_left,28.04,-0.30000000000000004,0.15000000000000002,0.0,-0.31025552537513734,0.0897684387473388,-0.00672475543957692,-0.05165207754970234,0.015696275501424058,0.014885303367056376,0.31192364965282804,0,0,0,5.678129593189521,5.678129593189521,8.200882657671627,5.018688812761141
backward_left,28.060000000000002,-0.30000000000000004,0.15000000000000002,0.0,-0.293669624560402,0.06503137994368477,0.07042303940192514,-0.028977686393618536,0.0032446317770197957,0.006187693867722273,0.3128377649613418,0,1,0,5.523682358075257,5.523682358075257,8.331085274454622,3.666932437086296
backward_left,28.080000000000002,-0.30000000000000004,0.15000000000000002,0.0,-0.2823715098054105,0.055173806954265374,0.09406236339643001,-0.008592776453920536,-0.01134315044447799,-0.0010271491399787473,0.31460338755055384,0,0,0,6.246764223917533,6.246764223917533,8.443931285970429,5.459266412843375
backward_left,28.1,-0.30000000000000004,0.15000000000000002,0.0,-0.2952925140328867,0.061021363920987205,0.11714875016017698,0.01042467138051251,-0.02087049987740853,-0.0080233116933968,0.3166714316427507,0,0,0,6.754343141464276,6.754343141464276,8.398982036961065,4.486512419164441
backward_left,28.12,-0.30000000000000004,0.15000000000000002,0.0,-0.30522358105516795,0.06347097037046345,0.11030210173818802,0.0387300528993066,-0.022235862855030465,-0.012487299187167789,0.31874619836963275,0,0,0,6.9032406435498554,6.9032406435498554,8.441047297092705,5.372230673342519
backward_left,28.14,-0.30000000000000004,0.15000000000000002,0.0,-0.303688811587027,0.06582028264827268,0.08675997672651976,0.07975461015927025,-0.019640811856639673,-0.016323443363271208,0.32044848185820046,0,0,0,7.263980418583554,7.263980418583554,8.540124173664854,5.13945861902346
backward_left,28.16,-0.30000000000000004,0.15000000000000002,0.0,-0.2947988646832801,0.06968162692951212,0.06066582305024863,0.10534012894886727,-0.01685383237533047,-0.020418742767491047,0.32163492255905446,0,0,0,7.653460223651177,7.653460223651177,8.637762011232503,6.07420778736092
backward_left,28.18,-0.30000000000000004,0.15000000000000002,0.0,-0.28100503331009663,0.07651306631548248,0.033822824808497284,0.10845021844007184,-0.017055906753978483,-0.025100408516335923,0.32229147712858863,0,0,0,8.071976016501846,8.071976016501846,8.707101005824544,5.666940065760553
backward_left,28.2,-0.30000000000000004,0.15000000000000002,0.0,-0.2665090664058483,0.09332523092906185,0.004943050888978234,0.04541410496097112,-0.021181771530203283,-0.0292222748546062,0.3224137775248994,0,0,0,8.223426483833315,8.223426483833315,8.671645608723608,3.6284652885825945
backward_left,28.22,-0.30000000000000004,0.15000000000000002,0.0,-0.2562871349727241,0.1162827818749359,-0.031228994080133167,-0.06842178846828127,-0.02799691176568185,-0.030488865726354508,0.32190568667052766,0,0,0,7.44792374533318,7.44792374533318,8.613517660477335,3.3804349053982565
backward_left,28.240000000000002,-0.30000000000000004,0.15000000000000002,0.0,-0.25276709552317117,0.14029230778475313,-0.08990151124714489,-0.20884318962861775,-0.03499695577191667,-0.02837408271328547,0.32045493926316626,0,0,0,5.965441557824171,5.965441557824171,8.55879760286199,3.9461245188432064
backward_left,28.26,-0.30000000000000004,0.15000000000000002,0.0,-0.24479964696429488,0.14080367756197956,-0.1267735811891272,-0.30470620247538577,-0.031889022623436736,-0.019381901686246678,0.3179554735072365,0,0,0,4.384399575153992,4.384399575153992,8.507258099905176,3.8835484030978837
backward_left,28.28,-0.30000000000000004,0.15000000000000002,0.0,-0.21985166723531252,0.10945535101624518,-0.17473249284634673,-0.35771075762271237,-0.018845749780564313,-0.0014414359819671337,0.31464979436705676,0,0,0,6.412665088328284,6.412665088328284,8.489311387186735,3.6838775099942485
backward_left,28.3,-0.30000000000000004,0.15000000000000002,0.0,-0.21436805032630268,0.1055893613084703,-0.08103937979105899,-0.24594062907377878,-0.025221370370914833,0.011153552122160055,0.31202418313902924,0,0,0,8.74230040547063,8.74230040547063,8.501918461256334,4.83622810307989
backward_left,28.32,-0.30000000000000004,0.15000000000000002,0.0,-0.21693557729143195,0.11964788003429745,0.020028490359285327,-0.08547621194427439,-0.03896481707940616,0.019116434829718403,0.31142521887052205,0,0,0,8.625960985250316,8.625960985250316,8.453656850911926,8.671025581749767
backward_left,28.34,-0.30000000000000004,0.15000000000000002,0.0,-0.23240696030623065,0.14577473168877136,0.09671718067001457,0.09353044599528675,-0.05559278007126635,0.022576322338055097,0.31258875135466646,0,0,0,8.209397352759842,8.209397352759842,8.40815411903193,9.232226467475277
backward_left,28.36,-0.30000000000000004,0.15000000000000002,0.0,-0.2458059110394227,0.1730289802074455,0.1188153041526422,0.18609109225058804,-0.06951987153069089,0.021894474303972143,0.31467754659797514,0,0,0,7.700521421212472,7.700521421212472,8.365233815289798,7.377544893792281
backward_left,28.38,-0.30000000000000004,0.15000000000000002,0.0,-0.24996343614444522,0.19502049979213132,0.09719966820524527,0.20314201097417559,-0.07659888907779279,0.01859844068277923,0.31663460851071523,0,0,0,7.535567479633244,7.535567479633244,8.354608748731238,3.3632054277268466
backward_left,28.400000000000002,-0.30000000000000004,0.15000000000000002,0.0,-0.253824087633533,0.21123986077293705,0.05958661036665906,0.20218151914979068,-0.07573117427416541,0.015216239704348381,0.31792118262355695,0,0,0,7.5292362868031555,7.5292362868031555,8.351817100607025,2.3567693426638376
backward_left,28.42,-0.30000000000000004,0.15000000000000002,0.0,-0.26003381051479296,0.2202598965155306,0.01718809994905976,0.233200213557505,-0.07111362775662511,0.013279183860048943,0.3184205592521699,0,0,0,7.155697659764741,7.155697659764741,8.348629073809743,2.7429982245154085
backward_left,28.44,-0.30000000000000004,0.15000000000000002,0.0,-0.26663698911911915,0.22463561785867558,-0.034652764580711544,0.2965168405052787,-0.07068273360489696,0.013409154686171421,0.3180080093894463,0,0,0,6.462621898814159,6.462621898814159,8.355852078018867,3.0995296389953246
backward_left,28.46,-0.30000000000000004,0.15000000000000002,0.0,-0.2757287755896616,0.2213969066054812,-0.08648601028724107,0.35990488125935066,-0.07766544229835257,0.015405250711731561,0.316431979755345,0,0,0,5.7589378039622545,5.7589378039622545,8.3882502555774,4.488287133455607
backward_left,28.48,-0.30000000000000004,0.15000000000000002,0.0,-0.2947908669166045,0.16345158316307962,-0.07644437706642543,0.3178164953783077,-0.07449577446887695,0.01046367780994361,0.31477693434088894,0,0,0,7.930604107923294,7.930604107923294,8.443561425656675,9.784901454884103
backward_left,28.5,-0.30000000000000004,0.15000000000000002,0.0,-0.3060290477394629,0.10545897700837159,-0.02626569034668459,0.32627766829800875,-0.06419408931838459,-0.0030230695415279494,0.3135416413845965,0,0,0,7.818748682918199,7.818748682918199,8.52232670840484,17.20625965698238
backward_left,28.52,-0.30000000000000004,0.15000000000000002,0.0,-0.29828733930536366,0.07795810418419986,0.05771528591731593,0.31996258442988235,-0.06251239172004548,-0.014397826837534492,0.3136392316997759,0,0,0,8.786576304486246,8.786576304486246,8.613920870665964,11.363940714297897
backward_left,28.54,-0.30000000000000004,0.15000000000000002,0.0,-0.30108278942195976,0.07912409694340948,0.11583746809201333,0.23062415470278486,-0.0608874894737793,-0.021233584236850313,0.31537954363555404,0,0,0,6.653908035554002,6.653908035554002,8.703182919208789,4.797883128324078
backward_left,28.560000000000002,-0.30000000000000004,0.15000000000000002,0.0,-0.30534392723242887,0.09152387251042891,0.15808662090861197,0.11167557209547929,-0.05218732642510376,-0.024602287366925057,0.3179923422456326,0,0,0,7.938710609600055,7.938710609600055,8.650450904489876,4.250751115669367
backward_left,28.580000000000002,-0.30000000000000004,0.15000000000000002,0.0,-0.30598711490243713,0.0969303125593188,0.15395259569019287,0.06892949752781785,-0.040995243596361405,-0.024527257176319015,0.32095871795732195,0,0,0,6.500469604108312,6.500469604108312,8.71898810255539,3.0499680626491052
backward_left,28.6,-0.30000000000000004,0.15000000000000002,0.0,-0.30339982855598413,0.09686090503862227,0.11080206445863315,0.08083103417904167,-0.030130999658130132,-0.024884523147300438,0.3233817106445781,0,0,0,6.103269676201295,6.103269676201295,8.736446345215132,3.294447589551506
backward_left,28.62,-0.30000000000000004,0.15000000000000002,0.0,-0.29495301203833124,0.09949326558167713,0.05146660267458826,0.08070304846837792,-0.02362708648696471,-0.02708058358265921,0.3247527306202045,0,0,0,6.277556293514382,6.277556293514382,8.779340252211846,3.6035069110729387
backward_left,28.64,-0.30000000000000004,0.15000000000000002,0.0,-0.28512435621545135,0.11146735039543919,-0.01039959458512791,0.02695605263198845,-0.024870797001808307,-0.028904406219078256,0.3249157125005484,0,0,0,6.4056655917352945,6.4056655917352945,8.818652149536344,4.605281376241741
backward_left,28.66,-0.30000000000000004,0.15000000000000002,0.0,-0.27950572550507297,0.12933073957585833,-0.07681369061025811,-0.09762318919033042,-0.03172879194422724,-0.028112974704269617,0.32380759420997923,0,0,0,5.853002952017499,5.853002952017499,8.850672034220405,5.918302600452531
backward_left,28.68,-0.30000000000000004,0.15000000000000002,0.0,-0.2777874581998573,0.15078096371476313,-0.1587715407164938,-0.28354051309881007,-0.04158196723174593,-0.02422311105577517,0.32123576427725387,0,0,0,5.789162277029306,5.789162277029306,8.837329088613146,7.7821512709344
backward_left,28.7,-0.30000000000000004,0.15000000000000002,0.0,-0.2649834767377176,0.13623678925370522,-0.18895615966286786,-0.3822023895003811,-0.03995793328431866,-0.013246860122405488,0.31743494022345403,0,0,0,5.650874248510425,5.650874248510425,8.769320683236014,8.213405564762791
backward_left,28.72,-0.30000000000000004,0.15000000000000002,0.0,-0.23547084897019813,0.09601739561839906,-0.20373550385681555,-0.39200169981984095,-0.026205825157523874,0.006162827599790397,0.31306887951081697,0,0,0,8.222919289781615,8.222919289781615,8.766341037269726,4.704879288673085
backward_left,28.740000000000002,-0.30000000000000004,0.15000000000000002,0.0,-0.2283853641847014,0.09123113272411854,-0.08924851878891875,-0.2770061906559301,-0.0326741423848941,0.01830691571339335,0.3103430861136878,0,0,0,9.562230496917904,9.562230496917904,8.702596369182483,4.652543391426457
backward_left,28.76,-0.30000000000000004,0.15000000000000002,0.0,-0.2381163761137643,0.10747950061957594,0.039332142570178516,-0.08705519592118617,-0.0427024004534626,0.025678710270907523,0.3101268635181835,0,0,0,9.849379307696907,9.849379307696907,8.612159181270087,4.6583635748351435
backward_left,28.78,-0.30000000000000004,0.15000000000000002,0.0,-0.2567241809387187,0.13774252758173422,0.10887502255552044,0.06167040275445731,-0.051815783407361614,0.029616161010923767,0.3117473737933578,0,0,0,7.668587608923474,7.668587608923474,8.486019900378345,4.230892685543323
backward_left,28.8,-0.30000000000000004,0.15000000000000002,0.0,-0.2696368632590203,0.16402569215640056,0.12248062952690686,0.05692417614476382,-0.059714700093067855,0.02966475695419448,0.3141202121166918,0,0,0,7.232671470783204,7.232671470783204,8.438669397860135,3.4337645649044686
backward_left,28.82,-0.30000000000000004,0.15000000000000002,0.0,-0.2715984517787985,0.18339714619924988,0.09771016429508472,-0.010908544536202564,-0.06546431833309878,0.026175708707568593,0.3162409596425136,0,0,0,7.366241612525054,7.366241612525054,8.394019257364278,2.783376597294367
backward_left,28.84,-0.30000000000000004,0.15000000000000002,0.0,-0.26861816673876926,0.19319502109625047,0.05883606588873089,-0.05702849776168309,-0.06575806290784174,0.021475334733811406,0.31767524801458674,0,0,0,7.754617927721953,7.754617927721953,8.375799913779058,2.2829807233700627
backward_left,28.86,-0.30000000000000004,0.15000000000000002,0.0,-0.26840481195049753,0.19806919106888368,0.017949943887041304,-0.05905887761810548,-0.06254490643124959,0.017250881886530064,0.3183151853975382,0,0,0,7.458843713170432,7.458843713170432,8.39651859305776,3.9751290515096955
backward_left,28.88,-0.30000000000000004,0.15000000000000002,0.0,-0.27326831981137534,0.2022151892544694,-0.023561594337502226,0.016751534633571374,-0.060982859639470935,0.013564441120503768,0.31814643471240633,0,0,0,6.820640197308506,6.820640197308506,8.485647706002553,5.55749466375152
backward_left,28.900000000000002,-0.30000000000000004,0.15000000000000002,0.0,-0.28264343770320377,0.18274386846007093,-0.020517216228158573,0.08647060752612772,-0.05789003772670729,0.00762177618338675,0.3175086535083463,0,0,0,6.115822259524531,6.115822259524531,8.603772342190634,8.12881420613223
backward_left,28.92,-0.30000000000000004,0.15000000000000002,0.0,-0.293284555869245,0.13383498812807024,-0.02432137705814759,0.19802882726864876,-0.04663612166429487,-0.004962138443252574,0.3171827427845987,0,0,0,12.69425919001667,12.69425919001667,8.721611209510417,14.557647415574097
backward_left,28.94,-0.30000000000000004,0.15000000000000002,0.0,-0.2775926738455265,0.10912360536861312,0.04661014544933707,0.14290150683075936,-0.04407076585716852,-0.014323727101657455,0.31732680891017273,0,0,0,6.6082405729623,6.6082405729623,8.767689279892295,17.315564623256492
backward_left,28.96,-0.30000000000000004,0.15000000000000002,0.0,-0.2655178975778215,0.09831215992876773,0.08736518053956042,0.1290156748589303,-0.04257720449115045,-0.018698534681013467,0.31843237788808526,0,0,0,9.156467090996838,9.156467090996838,8.762499642444912,9.530727267623426
backward_left,28.98,-0.30000000000000004,0.15000000000000002,0.0,-0.26332528561863655,0.09880659018290376,0.1162491803333931,0.030173579376073227,-0.03000526028480382,-0.023405465910071064,0.3200148986281527,0,0,0,15.253807584722711,14.0,8.745427021398282,15.97129056018349
backward_left,29.0,-0.30000000000000004,0.15000000000000002,0.0,-0.2622844898425915,0.09437555361807538,0.1334971343239347,-0.00980490209372141,-0.013889944933839658,-0.026767898103970685,0.32213407205240896,0,0,0,14.19182980488481,14.0,8.451865028038423,15.57254853288396
backward_left,29.02,-0.30000000000000004,0.15000000000000002,0.0,-0.2606396088776218,0.08488936411468657,0.12716832058944463,0.014117453667689388,-0.0010570373804662625,-0.029481403553011185,0.32440650048779396,0,0,0,12.243195495878547,12.243195495878547,8.115740882135672,14.340905247634954
backward_left,29.04,-0.30000000000000004,0.15000000000000002,0.0,-0.26026984910220097,0.0751525222602196,0.09984401717838344,0.05334744885973706,0.008062520466344978,-0.03172549825528552,0.3263649470002984,0,0,0,9.409698906997383,9.409698906997383,7.814566117818195,12.341169169881887
backward_left,29.060000000000002,-0.30000000000000004,0.15000000000000002,0.0,-0.26245409552546956,0.07087549510646024,0.05681524365176675,0.05646708835732607,0.012447215197251884,-0.03257924680063363,0.3276562083298023,0,0,0,6.452487651868308,6.452487651868308,7.650292037426613,9.745343441647183
backward_left,29.080000000000002,-0.30000000000000004,0.15000000000000002,0.0,-0.26722270430290607,0.07518557460420464,0.004039926825591885,-0.008667562273578662,0.01349874664028699,-0.03016991647054962,0.3280333305953633,0,0,0,6.206633240898404,6.206633240898404,7.64127154785357,6.7844869324129995
backward_left,29.1,-0.30000000000000004,0.15000000000000002,0.0,-0.2725019790083508,0.08479582102460227,-0.06827875981359387,-0.126833349872254,0.01402384574222937,-0.02346121245536533,0.3272359604156632,0,0,0,5.366208418203168,5.366208418203168,7.639211345506379,6.613244418481442
backward_left,29.12,-0.30000000000000004,0.15000000000000002,0.0,-0.27602942465366187,0.09399840894033087,-0.16506884708548872,-0.2985770920992198,0.01645655152299598,-0.012802186345552689,0.3248149874002198,0,0,0,6.9333368738320775,6.9333368738320775,7.637254312849155,8.882552733504966
backward_left,29.14,-0.30000000000000004,0.15000000000000002,0.0,-0.27759625846561414,0.09631114620232596,-0.27974879168979083,-0.5469925388955832,0.021560706413947153,-0.00022931420794342105,0.32042064371499146,0,0,0,12.216604163296829,12.216604163296829,7.63539525144337,13.983578288202791
backward_left,29.16,-0.30000000000000004,0.15000000000000002,0.0,-0.2911720505934242,0.10288739739914995,-0.351348835888885,-0.7670738118588218,0.021419412447335823,0.008017085192356761,0.314191226045216,0,0,0,15.109605116898491,14.0,7.63362922790083,16.507177613746475
backward_left,29.18,-0.30000000000000004,0.15000000000000002,0.0,-0.3150728388893987,0.09222084168863082,-0.20466810846710257,-0.5737496714791783,0.01766240288385305,0.011734235004681405,0.30888900274537917,0,0,0,8.747483674194182,8.747483674194182,7.631951560066376,16.996252065109413
backward_left,29.2,-0.30000000000000004,0.15000000000000002,0.0,-0.34293950300360315,0.08883016853384157,-0.09057178760681103,-0.3035780858861022,0.01702944328984204,0.022906333794664363,0.3061923909261833,0,0,0,10.420156340302292,10.420156340302292,7.627861086090331,5.994869137711677
backward_left,29.22,-0.30000000000000004,0.15000000000000002,0.0,-0.3751884119046986,0.10228722965553724,-0.0032461876637362285,-0.051704660592025206,0.014175758452910898,0.033761799464363196,0.3055962301372255,0,0,0,9.276126043863574,9.276126043863574,7.507070642374202,5.837768650011914
backward_left,29.240000000000002,-0.30000000000000004,0.15000000000000002,0.0,-0.3956969865385307,0.11476125419460181,0.029459973593240905,0.07452693595172552,0.01154149100891638,0.040846034581302426,0.30627999325160066,0,0,0,7.6012793615451,7.6012793615451,7.413357478875906,4.174059984295733
backward_left,29.26,-0.30000000000000004,0.15000000000000002,0.0,-0.40467373979632476,0.12089556278551297,0.01868100682574436,0.11322900200354821,0.00952911123903973,0.04318816127385046,0.307144900931277,0,0,0,6.627074559682943,6.627074559682943,7.390042147614295,3.4076395726205133
backward_left,29.28,-0.30000000000000004,0.15000000000000002,0.0,-0.40311785229291297,0.11858357838047216,-0.024079305029770452,0.11032571270987888,0.009417422805785123,0.042854393140886654,0.3074495129807794,0,0,0,6.208753572397242,6.208753572397242,7.400310328456225,4.196308829390044
backward_left,29.3,-0.30000000000000004,0.15000000000000002,0.0,-0.3948517803955594,0.10937246929869317,-0.07995836812095738,0.09679152094549003,0.010288749026348675,0.03978634335162326,0.3066016506878214,0,0,0,6.062701296889177,6.062701296889177,7.41008453475008,6.140461148002424
backward_left,29.32,-0.30000000000000004,0.15000000000000002,0.0,-0.38150622633583825,0.06792372814138307,-0.08118342662941101,0.028335285666835006,0.02145925051346695,0.02756898652501187,0.3051337402263797,0,1,0,9.474710977645946,9.474710977645946,7.419387751467504,8.723670460344191
backward_left,29.34,-0.30000000000000004,0.15000000000000002,0.0,-0.331491709391159,0.05939081415183928,0.023618504537485825,-0.08237539218766533,0.01626715643481107,0.01832614232177167,0.30503293056240194,0,0,0,6.868185034077081,6.868185034077081,7.501144507121857,4.65364608297525
backward_left,29.36,-0.30000000000000004,0.15000000000000002,0.0,-0.28969309537071614,0.06118149232274896,0.10143559410778454,-0.14669698522670754,0.010473302492145039,0.009692655279015515,0.3064916024330631,0,0,0,7.29448005007749,7.29448005007749,7.631364661851524,5.17624800363496
backward_left,29.38,-0.30000000000000004,0.15000000000000002,0.0,-0.27027521807786514,0.06309739241446592,0.136538041716368,-0.12191092975790542,0.006176227021301365,0.0027074007456294492,0.3090705477432488,0,0,0,6.182894711607702,6.182894711607702,7.779261131546054,5.57267163225406
backward_left,29.400000000000002,-0.30000000000000004,0.15000000000000002,0.0,-0.2715351139915442,0.056783743615842174,0.15140380817185464,-0.03336035277710711,0.004371084408069932,-0.0002893164642702147,0.31209850206721285,0,0,0,5.859883356268785,5.859883356268785,7.7702118424872175,5.361303355346495
backward_left,29.42,-0.30000000000000004,0.15000000000000002,0.0,-0.27574497930080766,0.04534390320215683,0.14134751253066374,0.0860975437286811,0.007681920738083316,-0.00254725846709079,0.3150691101094398,0,0,0,6.0595003244065335,6.0595003244065335,7.761625678854703,4.429284491906406
backward_left,29.44,-0.30000000000000004,0.15000000000000002,0.0,-0.2759901270050446,0.03589955993706338,0.12025380706078294,0.22395545587811713,0.015440553151268077,-0.006683715378827298,0.31768574911946307,0,0,0,6.62396195762598,6.62396195762598,7.882469984527642,3.694843093882713
backward_left,29.46,-0.30000000000000004,0.15000000000000002,0.0,-0.2688372361799068,0.034005170418044524,0.09738514858730093,0.34289109441918647,0.02285384433455204,-0.011707583211623594,0.3198566976577483,0,0,0,7.029667612237026,7.029667612237026,8.030146286047874,2.9065291954248504
backward_left,29.48,-0.30000000000000004,0.15000000000000002,0.0,-0.26031379224696716,0.04054837465658212,0.0702903352709237,0.3995922233040689,0.027841506239812887,-0.015227933002981232,0.3215124233633552,0,0,0,7.174079105293314,7.174079105293314,8.125895415177911,4.421863509940778
backward_left,29.5,-0.30000000000000004,0.15000000000000002,0.0,-0.25235169336310387,0.05587448431319749,0.03075608075891567,0.35371999461321224,0.03155289379726414,-0.014697003985896408,0.3224965120397284,0,0,0,6.989280376509768,6.989280376509768,8.11563039490376,5.764520455928658
backward_left,29.52,-0.30000000000000004,0.15000000000000002,0.0,-0.24574381145241642,0.07248115243020087,-0.025245556088430036,0.22507557859376576,0.03590556522434558,-0.009360485151855032,0.32256559070190904,0,0,0,6.074814940773661,6.074814940773661,8.088882768522037,7.826190817657269
backward_left,29.54,-0.30000000000000004,0.15000000000000002,0.0,-0.24746242538580202,0.10461712556158068,-0.05463996324086627,0.052196788872565354,0.03147122028225374,-0.0032096506164574147,0.3218197402000222,0,0,0,9.787855019480059,9.787855019480059,8.063577307280688,11.66768585276288
backward_left,29.560000000000002,-0.30000000000000004,0.15000000000000002,0.0,-0.2547760446126132,0.15548015034849993,-0.09582509221161464,-0.1452493315807431,0.018024424525985103,-0.0028322427789487636,0.3206105018880394,0,0,0,16.092164097552804,14.0,8.039630665636146,17.19895030519354
backward_left,29.580000000000002,-0.30000000000000004,0.15000000000000002,0.0,-0.26566286405855166,0.175977122574243,-0.06916670634396316,-0.14465695483723146,0.007109089490274457,-0.005513474249719129,0.31882406807055647,0,0,0,6.016035025317506,6.016035025317506,8.01696488842537,17.30519255239912
backward_left,29.6,-0.30000000000000004,0.15000000000000002,0.0,-0.2795915392444246,0.1758851052077958,-0.029408184269255812,-0.04463836899021755,0.00237807136808141,-0.002201159996775039,0.31774031698572874,0,0,0,6.904051214293991,6.904051214293991,7.995507003676263,7.872219417666475
backward_left,29.62,-0.30000000000000004,0.15000000000000002,0.0,-0.2927024914750511,0.18372934304346583,0.008490455760458478,0.06734488965723362,-0.008592653015006788,0.003163026566881841,0.3173818162886013,0,0,0,9.553031778434592,9.553031778434592,7.975188652059376,11.197642553626185
backward_left,29.64,-0.30000000000000004,0.15000000000000002,0.0,-0.2969727305258351,0.19607214518672017,0.02683933640555394,0.13431058952751826,-0.02061175974618684,0.008477749818404524,0.3176223070638045,0,0,0,7.037151590793634,7.037151590793634,7.9559457490979995,10.100405286307037
backward_left,29.66,-0.30000000000000004,0.15000000000000002,0.0,-0.30044391444270935,0.2060182348606488,0.025077997034158313,0.1324763766850071,-0.03102362103571112,0.011838061383640916,0.3180053937254054,0,0,0,7.259225432392875,7.259225432392875,7.937718176725699,6.935856829101144
backward_left,29.68,-0.30000000000000004,0.15000000000000002,0.0,-0.300667680964829,0.21168791468295511,0.01467515553904234,0.13903530805799758,-0.03717982291963872,0.015541860955395394,0.3182978750776998,0,0,0,7.34969579187545,7.34969579187545,7.921303431135168,4.58706200264439
backward_left,29.7,-0.30000000000000004,0.15000000000000002,0.0,-0.2963788584376542,0.21545408898765786,-0.005918725403238147,0.15468466715618545,-0.039642968109703434,0.019698071356655248,0.318335936399485,0,0,0,7.051326635019827,7.051326635019827,7.929645849173806,2.8478080757038104
backward_left,29.72,-0.30000000000000004,0.15000000000000002,0.0,-0.29032680779472664,0.2198375319312675,-0.039070927736307826,0.1786747922208963,-0.041613239410539384,0.022459770978620036,0.3178327917419601,0,0,0,6.626344632259682,6.626344632259682,7.951100752619549,4.163593207166257
backward_left,29.740000000000002,-0.30000000000000004,0.15000000000000002,0.0,-0.2834222329283094,0.22563622385795576,-0.08215817567958487,0.25007498090181707,-0.04424921408804915,0.023345364751792438,0.31654758482519196,0,0,0,6.168162094234234,6.168162094234234,8.03613334594026,5.054747069801294
backward_left,29.76,-0.30000000000000004,0.15000000000000002,0.0,-0.2867264478494506,0.20990273019996625,-0.08461100285762178,0.2840183796471611,-0.04291557781401896,0.02085474338670603,0.31451882601568826,0,0,0,5.717008555073915,5.717008555073915,8.122066996630942,5.883829257293856
backward_left,29.78,-0.30000000000000004,0.15000000000000002,0.0,-0.30005721982449857,0.14555934302852375,-0.05142954737421969,0.26437687895919626,-0.026824967001974818,0.007031492010056134,0.31314877728391105,0,0,0,5.73727946723314,5.73727946723314,8.20779945879865,6.121720946834023
backward_left,29.8,-0.30000000000000004,0.15000000000000002,0.0,-0.30237615610315627,0.10199416425672872,0.041073440799740395,0.22091146995148683,-0.022538786984917257,-0.00624295892526326,0.3128702914765669,0,0,0,7.048609857342815,7.048609857342815,8.282916318735133,6.121720946834023
backward_left,29.82,-0.30000000000000004,0.15000000000000002,0.0,-0.30499428627238867,0.09365452805592284,0.09327477073811243,0.15336195005112513,-0.025466779208383902,-0.01307245561005735,0.31410363428215016,0,0,0,5.9716165722503,5.9716165722503,8.329157861484529,5.316623929132838
backward_left,29.84,-0.30000000000000004,0.15000000000000002,0.0,-0.32396199177286805,0.09441210104617845,0.12522960830909313,0.10686097177274367,-0.02169815174056509,-0.015354216623892218,0.31602091158990825,0,0,0,10.10445369366787,10.10445369366787,8.290677893791273,10.895387841928905
backward_left,29.86,-0.30000000000000004,0.15000000000000002,0.0,-0.3361182058289332,0.09005010823411042,0.12615188957573845,0.09984688095828195,-0.011523491584194714,-0.015922432757167267,0.3182026130703374,0,0,0,13.794027553865535,13.794027553865535,8.261924880753323,15.246872806065372
backward_left,29.88,-0.30000000000000004,0.15000000000000002,0.0,-0.3327955083859029,0.08613992210061892,0.10148697428020753,0.10268226951196743,-0.0003628969830835513,-0.01812533792391193,0.3201342216028635,0,0,0,12.133681498868023,12.133681498868023,8.041831141257049,15.130698276680267
backward_left,29.900000000000002,-0.30000000000000004,0.15000000000000002,0.0,-0.31813158948108156,0.08795666987062985,0.06549146496272515,0.0875009606083012,0.00802209542877345,-0.02116450369001891,0.32152958822853583,0,0,0,7.502208819214318,7.502208819214318,7.71292493331028,12.196614057495239
backward_left,29.92,-0.30000000000000004,0.15000000000000002,0.0,-0.30172252432220303,0.09838220450311792,0.01953467164121325,0.017861209130335582,0.011240362426002369,-0.022977006035260056,0.32217089306820557,0,0,0,7.677052929655749,7.677052929655749,7.640874322554389,7.688167903826747
backward_left,29.94,-0.30000000000000004,0.15000000000000002,0.0,-0.2870939568170589,0.11749872513012627,-0.0348530497507796,-0.115104016564156,0.010907327395306478,-0.02151463236770817,0.3218449678027926,0,0,0,7.633782281837841,7.633782281837841,7.638834014925102,5.25413448338342
backward_left,29.96,-0.30000000000000004,0.15000000000000002,0.0,-0.27330593113769075,0.14098980197474037,-0.10431338496168933,-0.29277639075446055,0.009976768969588289,-0.016109543848445373,0.320352537346075,0,0,0,6.8749551417221815,6.8749551417221815,7.636895874283493,6.541552605945208
backward_left,29.98,-0.30000000000000004,0.15000000000000002,0.0,-0.26037116388675535,0.16255281173376027,-0.19352173204549683,-0.5155339320691982,0.010183056249368503,-0.007243630996179042,0.31735055846592647,0,0,0,6.893508928720976,6.893508928720976,7.635054753340839,8.829769813705276
backward_left,30.0,-0.30000000000000004,0.15000000000000002,0.0,-0.24923233584377014,0.1682537478547468,-0.2395268686593948,-0.6773271209939009,0.012579455750624451,0.0035177498284803556,0.31266276331526915,0,1,0,6.900286624708716,6.900286624708716,7.63330576718981,12.235812141024192
backward_right,30.02,-0.30000000000000004,-0.15000000000000002,0.0,-0.23827187007001555,0.1557184913619653,-0.16362604391909716,-0.5483285389113502,0.011032248017432918,0.015109783598308271,0.30882136373372854,0,1,0,7.505519476260834,7.505519476260834,7.631644279632209,4.596389864896404
backward_right,30.04,-0.30000000000000004,-0.15000000000000002,0.0,-0.24021489165826881,0.14895977959669582,-0.07226021465156061,-0.3649669673905083,0.0008379203029384478,0.02388597648694474,0.30669192105592613,0,0,0,8.659502739038851,8.659502739038851,7.6300658902479945,5.685367747621161
backward_right,30.060000000000002,-0.30000000000000004,-0.15000000000000002,0.0,-0.2545371575705961,0.1586923479683172,0.021191990894525926,-0.21562297040101344,-0.013346372212138125,0.030724966684292664,0.30651130870609805,0,0,0,8.935004460469573,8.935004460469573,7.597110447905578,4.629451765736972
backward_right,30.080000000000002,-0.30000000000000004,-0.15000000000000002,0.0,-0.26769973809079195,0.1701496000792013,0.06494539153039758,-0.10243386816453402,-0.025913771298425595,0.03587885503278653,0.30762946434067145,0,0,0,8.637360810705314,8.637360810705314,7.542821091396583,4.024233443032179
backward_right,30.1,-0.30000000000000004,-0.15000000000000002,0.0,-0.2683341646151187,0.17876572917004654,0.06390360098950668,-0.05323574250233258,-0.036207146337995676,0.03912550335564977,0.3090399130570182,0,0,0,8.388933804352117,8.388933804352117,7.563709046351821,3.2625384854319543
backward_right,30.12,-0.30000000000000004,-0.15000000000000002,0.0,-0.25981465405251203,0.18013209019243465,0.044051195490418874,-0.04710319154283757,-0.04271556593258049,0.04117456854793069,0.31019550121724127,0,0,0,8.22769209381725,8.22769209381725,7.640973017517094,4.148085211049489
backward_right,30.14,-0.30000000000000004,-0.15000000000000002,0.0,-0.23791434438349376,0.16101812213334601,0.029749585174918748,-0.1221433724109241,-0.041105365095507336,0.041551271464019934,0.3110094737511203,0,0,0,8.108480786092313,8.108480786092313,7.7423525931292865,3.6519487414222738
backward_right,30.16,-0.30000000000000004,-0.15000000000000002,0.0,-0.20893546809223024,0.12544006575518563,0.001453984213616197,-0.200111844993717,-0.03151673851752665,0.04110173458029806,0.31134504216264075,0,0,0,7.181137847411744,7.181137847411744,7.8093883453763375,3.6519487414222738
backward_right,30.18,-0.30000000000000004,-0.15000000000000002,0.0,-0.1823783008811617,0.06882688068180136,-0.025366538085358173,-0.24719039051113229,-0.014207402311509961,0.03899855772105917,0.3112001548829889,0,0,0,7.388743753920728,7.388743753920728,7.849156734850446,5.004287899664866
backward_right,30.2,-0.30000000000000004,-0.15000000000000002,0.0,-0.16621737541008005,0.002097446805256049,-0.07412771770719184,-0.13696245216786346,0.010972989725913028,0.03506536227413091,0.3104472896522075,0,0,0,12.287026341855126,12.287026341855126,7.953337185625145,13.521017630439637
backward_right,30.22,-0.30000000000000004,-0.15000000000000002,0.0,-0.13665818728185902,-0.03369452815536837,-0.024284370450376014,-0.06829803544964583,0.018428546224164608,0.03673429749089759,0.3097309218620717,0,0,0,8.633444703923278,8.633444703923278,8.073911129771748,12.125968047714693
backward_right,30.240000000000002,-0.30000000000000004,-0.15000000000000002,0.0,-0.11670190997459082,-0.052492657323320584,-0.004987746419201202,-0.08723509498230872,0.01667105085056567,0.03928602515706816,0.30943670452650657,0,0,0,8.885127697523563,8.885127697523563,8.208133967204663,3.572887325907181
backward_right,30.26,-0.30000000000000004,-0.15000000000000002,0.0,-0.10609383119264698,-0.06134902301169022,0.03808732169612017,-0.287981946854804,0.022723043012239007,0.04106552423868515,0.309755029738156,0,0,0,8.515119325330112,8.515119325330112,8.34822746445079,6.071234780450265
backward_right,30.28,-0.30000000000000004,-0.15000000000000002,0.0,-0.10354562543335413,-0.07753838593697739,0.07112658476037924,-0.4218642486272961,0.034144681128931154,0.044213437236742585,0.3108815624611873,0,0,0,7.520151787735951,7.520151787735951,8.49584849714886,6.022867590250739
backward_right,30.3,-0.30000000000000004,-0.15000000000000002,0.0,-0.1053331362801383,-0.10089706252204775,0.07821610291102231,-0.41347375157495714,0.046416927746329474,0.046623523336361494,0.3123759110533704,0,0,0,6.278715062601747,6.278715062601747,8.627029175964246,4.9031210848095
backward_right,30.32,-0.30000000000000004,-0.15000000000000002,0.0,-0.1077519618846945,-0.12800364949323362,0.0702468290172405,-0.31153573481065655,0.0571851658791329,0.046279202810871285,0.313802252256438,0,0,0,5.7433728093498235,5.7433728093498235,8.700561828504874,3.1143566717131836
backward_right,30.34,-0.30000000000000004,-0.15000000000000002,0.0,-0.11015069676465389,-0.15226863984497185,0.06132211082958634,-0.20714568048409632,0.06269464347979549,0.04376099492926697,0.3150294653154031,0,0,0,6.107084618691517,6.107084618691517,8.723280527450036,2.4850214909816253
backward_right,30.36,-0.30000000000000004,-0.15000000000000002,0.0,-0.11581443188589151,-0.17377018950259496,0.048967118191231666,-0.1651847788776975,0.06334057519300212,0.04094527441498471,0.31601571588538324,0,0,0,5.701215650279027,5.701215650279027,8.701658597138316,2.100838894593413
backward_right,30.38,-0.30000000000000004,-0.15000000000000002,0.0,-0.12700107545123637,-0.1990236389618309,0.03142485931953573,-0.20077565277627174,0.06034752735894137,0.038977344053952714,0.3167103818733105,0,0,0,4.713178918320054,4.713178918320054,8.641759213146386,2.8689230525466813
backward_right,30.400000000000002,-0.30000000000000004,-0.15000000000000002,0.0,-0.14743886497927688,-0.2127493861486968,0.012691823094380116,-0.25020362702354904,0.054173092478915774,0.036923535949055016,0.31693153268783636,0,0,0,3.5768246910832397,3.5768246910832397,8.585387200984723,3.328768788523452
backward_right,30.42,-0.30000000000000004,-0.15000000000000002,0.0,-0.1778197280624808,-0.18983952355437697,-0.011849039793393202,-0.2914925251438746,0.03895515696947059,0.03015953691651259,0.3169434339219686,0,0,0,4.436505614944193,4.436505614944193,8.532305528017783,4.0918420417683645
backward_right,30.44,-0.30000000000000004,-0.15000000000000002,0.0,-0.208377079653185,-0.1385419510173375,-0.0709132419234065,-0.38409708865067393,0.01900035014402136,0.018571410216425447,0.31611969493998676,0,0,0,5.5529387549327955,5.5529387549327955,8.482296300589425,7.4645342546
backward_right,30.46,-0.30000000000000004,-0.15000000000000002,0.0,-0.24710011235820825,-0.12327097528428295,-0.006472936299622397,-0.30716426497272703,0.01808197233354975,0.012228015465593952,0.3154437324302617,0,0,0,6.591235635639913,6.591235635639913,8.435158866515234,7.701830545314463
backward_right,30.48,-0.30000000000000004,-0.15000000000000002,0.0,-0.27526945611821735,-0.11436483229616987,0.03260796329578926,-0.19036701744650722,0.017833990562283596,0.009870306473701355,0.3155840140063029,0,0,0,6.9241263292800985,6.9241263292800985,8.390708144769114,8.8855840427389
backward_right,30.5,-0.30000000000000004,-0.15000000000000002,0.0,-0.29471796513938336,-0.10357916749630679,0.05284513453813705,-0.09131427383233376,0.014747086907787975,0.0067263832767481685,0.316358014646987,0,0,0,7.306386899220777,7.306386899220777,8.348773150554447,8.121633073125148
backward_right,30.52,-0.30000000000000004,-0.15000000000000002,0.0,-0.300960747807771,-0.09675019704521118,0.04859344880366995,-0.053847718183803094,0.011597218862056858,0.0005551267730991709,0.3173269251961352,0,0,0,7.733799756371722,7.733799756371722,8.30919568901604,5.293235297017645
backward_right,30.54,-0.30000000000000004,-0.15000000000000002,0.0,-0.29616868044918737,-0.09739361536689134,0.023856663285914903,-0.05460706550186222,0.011386752007991822,-0.008863840423080735,0.31795259706847157,0,0,0,8.541297802022816,8.541297802022816,8.315895315315473,2.8627959510680534
backward_right,30.560000000000002,-0.30000000000000004,-0.15000000000000002,0.0,-0.2880720159737299,-0.1078032238057327,-0.0025660932207469027,-0.021242461271409635,0.015602022896559204,-0.019390149511529654,0.3180165851521049,0,0,0,9.220853664621977,9.220853664621977,8.416712570958524,2.990888776297401
backward_right,30.580000000000002,-0.30000000000000004,-0.15000000000000002,0.0,-0.2825217297497298,-0.126536274599739,-0.02755605135767857,0.04806553304962459,0.02239423843932299,-0.028870128604611793,0.3175287499610231,0,0,0,9.599018405624358,9.599018405624358,8.526975664728475,4.038172912815788
backward_right,30.6,-0.30000000000000004,-0.15000000000000002,0.0,-0.2795044815919708,-0.15469115785753856,-0.061861231313314585,0.15911865686967544,0.02983236823104004,-0.035471215315903734,0.316453991745198,0,0,0,9.30457430520796,9.30457430520796,8.606420675086977,5.976095856344502
backward_right,30.62,-0.30000000000000004,-0.15000000000000002,0.0,-0.2580025924414875,-0.13713913324313712,-0.0330410344461857,0.12626787909321516,0.021128262645461127,-0.030376038603010955,0.315455150479556,0,0,0,7.094990592704451,7.094990592704451,8.50708078264607,3.300786861118981
backward_right,30.64,-0.30000000000000004,-0.15000000000000002,0.0,-0.2269704077350913,-0.11340095357459909,-0.033625608831225236,0.11038037566758302,0.010146630145123075,-0.017765807672042853,0.31450033634638674,0,1,0,6.715856342401361,6.715856342401361,8.484101432416299,5.524641896835709
backward_right,30.66,-0.30000000000000004,-0.15000000000000002,0.0,-0.21004702506363432,-0.11157765986903279,0.032853090213036215,0.05004933613508771,0.016331047621374477,-0.009821179660655911,0.3145887103014828,0,0,0,7.544430313964723,7.544430313964723,8.556456077812811,6.288561335824214
backward_right,30.68,-0.30000000000000004,-0.15000000000000002,0.0,-0.22151376216997237,-0.11633392463077334,0.08600868253930183,-0.05189620380644745,0.021081743698541093,-0.0013807999204860065,0.31566724133668556,0,0,0,7.686987671580429,7.686987671580429,8.641037864765806,7.385665787865138
backward_right,30.7,-0.30000000000000004,-0.15000000000000002,0.0,-0.24499263629124604,-0.13045209904961544,0.1259501867166029,-0.11779966796034097,0.023615739160636657,0.008942254863690569,0.31768265589815586,0,0,0,9.596058591486903,9.596058591486903,8.636239953697757,10.840688492275575
backward_right,30.72,-0.30000000000000004,-0.15000000000000002,0.0,-0.2647797510413405,-0.14932190769646067,0.1324474281615609,-0.14817485166196065,0.02667378933058413,0.017943219064973485,0.32015130770100436,0,0,0,8.083910085715768,8.083910085715768,8.5492231755251,10.785246107376988
backward_right,30.740000000000002,-0.30000000000000004,-0.15000000000000002,0.0,-0.2754865370769641,-0.16835652101827675,0.10730056487493404,-0.13075719217403634,0.02951929843895533,0.02257171429376821,0.3224610503244806,0,0,0,5.298313535454943,5.298313535454943,8.475695632438384,8.678406690169641
backward_right,30.76,-0.30000000000000004,-0.15000000000000002,0.0,-0.2770141955381345,-0.1847735704675513,0.06016076589337843,-0.08890392364300138,0.02965542738512723,0.022085162023022083,0.32405817023016076,0,0,0,5.1739882368350045,5.1739882368350045,8.428935595728209,5.223457241881389
backward_right,30.78,-0.30000000000000004,-0.15000000000000002,0.0,-0.27258034446959306,-0.1922081638427058,0.005978807966612976,-0.0471425856504891,0.024952503118525055,0.018030005318072185,0.3246520058068719,0,0,0,6.108891940021146,6.108891940021146,8.384838126690468,2.6117544561755976
backward_right,30.8,-0.30000000000000004,-0.15000000000000002,0.0,-0.26543296536243716,-0.19215655373319027,-0.05081019960308821,-0.0365722755493732,0.016297659397843178,0.0117817675509178,0.32412157184197865,0,0,0,6.768325932189238,6.768325932189238,8.343234060259629,3.397996615804173
backward_right,30.82,-0.30000000000000004,-0.15000000000000002,0.0,-0.2578289652552945,-0.18535185865321255,-0.114451673907141,-0.07390756774703905,0.006676322465836532,0.005071983624560746,0.3224102805912007,0,0,0,6.880970107843445,6.880970107843445,8.30396685475651,4.8380684000565495
backward_right,30.84,-0.30000000000000004,-0.15000000000000002,0.0,-0.2479858928294678,-0.17392055499788753,-0.19182729346176053,-0.15879641667647307,-0.00030473306196680816,-0.0011164313543890923,0.3192908511475691,0,0,0,7.044316273111544,7.044316273111544,8.266891450050963,6.481370393696724
backward_right,30.86,-0.30000000000000004,-0.15000000000000002,0.0,-0.2405306521249147,-0.14865646657908635,-0.16966345809844535,-0.13632688750905478,-0.0011306657534767795,-0.005173203760512642,0.3151351651255056,0,1,0,7.1832279235209135,7.1832279235209135,8.2318732502718,8.02633450838082
backward_right,30.88,-0.30000000000000004,-0.15000000000000002,0.0,-0.23794622514139427,-0.11557258340845947,-0.07229746242933738,0.03481743639134895,-0.002654648081467656,-0.008661355253956239,0.3128230809088532,0,0,0,7.7767467430108645,7.7767467430108645,8.198787215134736,5.2804191175312845
backward_right,30.900000000000002,-0.30000000000000004,-0.15000000000000002,0.0,-0.2575848674743663,-0.09040219104404511,0.01828238880643441,0.13438527371441616,-0.00658105331245342,-0.013502025755322007,0.3122644455218163,0,0,0,9.10043146935465,9.10043146935465,8.167517046281631,10.416281845498764
backward_right,30.92,-0.30000000000000004,-0.15000000000000002,0.0,-0.2860376161493642,-0.07559872650444249,0.06398137389515665,0.17756528808461183,-0.009632550651720747,-0.018471374657987878,0.3128703465638978,0,0,0,9.56892606917536,9.56892606917536,8.137954456968298,11.509135889339712
backward_right,30.94,-0.30000000000000004,-0.15000000000000002,0.0,-0.30656138295523966,-0.05936936161514447,0.07459519413996785,0.14124230170515778,-0.011273621817420448,-0.023428788104556206,0.3140348295574726,0,0,0,7.621811549159814,7.621811549159814,8.10999851507211,10.480111598401061
backward_right,30.96,-0.30000000000000004,-0.15000000000000002,0.0,-0.3165749679309974,-0.048591159321554896,0.06258804439888743,0.09459628329846642,-0.011885486904225683,-0.029881067379163594,0.3151990342953263,0,0,0,7.499756454144814,7.499756454144814,8.083555050768453,6.7516812000425865
backward_right,30.98,-0.30000000000000004,-0.15000000000000002,0.0,-0.3208732360445234,-0.04594999599205687,0.03420962053424252,0.0468862555142997,-0.010702758378475785,-0.036913414466310024,0.31594096586406695,0,0,0,7.760427239094467,7.760427239094467,8.058536121391473,3.608488684291186
backward_right,31.0,-0.30000000000000004,-0.15000000000000002,0.0,-0.3240167302461327,-0.055598344608944236,-0.012179089133131872,0.02733871219032802,-0.006262438172768636,-0.041741943862120774,0.3158914722150184,0,0,0,7.934720331922924,7.934720331922924,8.034859526984949,4.527243196445892
backward_right,31.02,-0.30000000000000004,-0.15000000000000002,0.0,-0.32676163163749977,-0.07570958163719228,-0.06956814444331268,0.06391998608544042,-0.0001690273472690968,-0.041849896707678275,0.31478827229948764,0,0,0,7.87093940685244,7.87093940685244,8.012448370892933,6.042717601916162
backward_right,31.04,-0.30000000000000004,-0.15000000000000002,0.0,-0.3278124540124578,-0.0940775933335181,-0.1136671606917295,0.08305618752277062,0.002059306265801393,-0.035780940478472946,0.31248220396651544,0,0,0,7.829142568186448,7.829142568186448,7.991476886763358,8.795338979637645
backward_right,31.060000000000002,-0.30000000000000004,-0.15000000000000002,0.0,-0.30304576646257836,-0.09794854737568556,-0.07504530592244263,0.11226028987492281,-0.0043920249061946606,-0.01988078640149085,0.3101851404003065,0,1,0,6.828475146372526,6.828475146372526,7.971501635320298,4.186756881541955
backward_right,31.080000000000002,-0.30000000000000004,-0.15000000000000002,0.0,-0.2666451530960182,-0.11704909780741529,-0.009296956908390917,0.04852790844377864,-0.0005561236962989449,-0.00947436360624428,0.3094017587116865,0,0,0,7.922745428333618,7.922745428333618,7.995472927062714,6.46715967986077
backward_right,31.1,-0.30000000000000004,-0.15000000000000002,0.0,-0.24618344708372988,-0.13108506151158902,0.05874142965833919,-0.034957486050639,0.00416549084547256,-0.002594436725290245,0.30996965946295785,0,0,0,8.2018150370263,8.2018150370263,8.07942094191322,5.955580847539666
backward_right,31.12,-0.30000000000000004,-0.15000000000000002,0.0,-0.24936175419394602,-0.12944792047242543,0.10017125464354919,-0.11327421366487878,0.008654240043261695,0.003770946910672473,0.31150439886332987,0,0,0,7.615511043468463,7.615511043468463,8.174743072284283,6.305602842256931
backward_right,31.14,-0.30000000000000004,-0.15000000000000002,0.0,-0.2651110501503511,-0.13494862253829296,0.1252943557693857,-0.11257966591555099,0.013260072956217726,0.013168791238163436,0.313720579352455,0,0,0,6.42575755744229,6.42575755744229,8.243507513712778,6.606630452550537
backward_right,31.16,-0.30000000000000004,-0.15000000000000002,0.0,-0.2817361044130876,-0.14832533552336866,0.12654291991962585,-0.06451105693815766,0.019761589617932736,0.02259257382321757,0.31622203452533454,0,0,0,5.715631685496893,5.715631685496893,8.209780717805362,6.790771356257949
backward_right,31.18,-0.30000000000000004,-0.15000000000000002,0.0,-0.2930894015214094,-0.16472889516115996,0.1012650247195761,0.017559046073780595,0.026965038582855136,0.028824250341927926,0.31849613877114896,0,0,0,5.351823869305075,5.351823869305075,8.177908233217934,5.70677192709266
backward_right,31.2,-0.30000000000000004,-0.15000000000000002,0.0,-0.296505762156451,-0.18027766103484946,0.05996572751746169,0.1074683222265495,0.032048373062456226,0.030352807948893376,0.32009087127358066,0,0,0,5.907510427474556,5.907510427474556,8.147779137622663,4.282839674679683
backward_right,31.220000000000002,-0.30000000000000004,-0.15000000000000002,0.0,-0.2939801669366579,-0.19021286731134646,0.014923396394619962,0.15838394356637742,0.030360683014054854,0.027902475199243725,0.3207885664223484,0,0,0,6.724281535300158,6.724281535300158,8.119290078114414,5.357089906436023
backward_right,31.240000000000002,-0.30000000000000004,-0.15000000000000002,0.0,-0.2863461212369314,-0.19652035288655434,-0.03320781508125694,0.15475620280696065,0.02199206855408203,0.02165630763472235,0.3205139054601917,0,0,0,7.398721008379364,7.398721008379364,8.092344657883611,6.641126653266907
backward_right,31.26,-0.30000000000000004,-0.15000000000000002,0.0,-0.2745896963400201,-0.1951407323077231,-0.09228256857924183,0.0920327714334209,0.010452321971588612,0.012087576886082169,0.31916499244654295,0,0,0,7.750784593073794,7.750784593073794,8.066852882488547,8.558212487485841
backward_right,31.28,-0.30000000000000004,-0.15000000000000002,0.0,-0.25148105787314207,-0.18287260506016562,-0.1719020427039775,-0.011104909565189454,-0.000687461245423953,0.0007434007912360375,0.3163366571301809,0,1,0,12.297604465711954,12.297604465711954,8.042730658915346,12.19268919731091
backward_right,31.3,-0.30000000000000004,-0.15000000000000002,0.0,-0.22708949312198787,-0.16765699869463196,-0.09845093875256641,0.09275054700853033,0.002802658026795386,-0.0017523683837365966,0.3136750188996553,0,0,0,9.31181290556437,9.31181290556437,7.938999624433517,7.292457181591454
backward_right,31.32,-0.30000000000000004,-0.15000000000000002,0.0,-0.22795797284007865,-0.12781312611437184,-0.01091485979241531,0.1777852227596143,-0.0007049199569080705,-0.005792544771672744,0.3126476092997531,0,0,0,7.329415679242441,7.329415679242441,7.921663626710465,6.742510774828128
backward_right,31.34,-0.30000000000000004,-0.15000000000000002,0.0,-0.2581759351012208,-0.09824045321985124,0.030032864392851816,0.2635627741604573,-0.006474038738301419,-0.011906084110838318,0.31278280166825634,0,0,0,10.52351536394936,10.52351536394936,7.905237230366705,11.426771922846216
backward_right,31.36,-0.30000000000000004,-0.15000000000000002,0.0,-0.29924970393571054,-0.07498529202886664,0.052584801128909425,0.24926720969714028,-0.012583543195324075,-0.019468757531985983,0.3133987208893594,0,0,0,12.582456333075255,12.582456333075255,7.889670394003911,14.082957330267634
backward_right,31.38,-0.30000000000000004,-0.15000000000000002,0.0,-0.32332215036385786,-0.05909778415222128,0.06305276277218688,0.22677156096206622,-0.016335914766114998,-0.024699316814177343,0.31435488413707546,0,0,0,9.411466707929808,9.411466707929808,7.874916062396721,13.650182668851668
backward_right,31.400000000000002,-0.30000000000000004,-0.15000000000000002,0.0,-0.33630568624014356,-0.04798349572501962,0.05809370565726226,0.19865416876765596,-0.018785542257348492,-0.02884588393917186,0.31539460304219585,0,0,0,7.076941543181352,7.076941543181352,7.8609299649432245,9.674294734016742
backward_right,31.42,-0.30000000000000004,-0.15000000000000002,0.0,-0.3449761141950991,-0.045854680937451556,0.03238707084969505,0.191607842984278,-0.020293836171548764,-0.03188926944130146,0.3161571045700303,0,0,0,7.030206847359056,7.030206847359056,7.8476704300160876,7.497178678715891
backward_right,31.44,-0.30000000000000004,-0.15000000000000002,0.0,-0.35277679841042187,-0.05442599934042587,-0.017982192049405515,0.22939020395096393,-0.020607990361192815,-0.03186319155132499,0.31617290128541226,0,0,0,8.996352546200566,8.996352546200566,7.83509821373956,10.657387687012703
backward_right,31.46,-0.30000000000000004,-0.15000000000000002,0.0,-0.35931035674819495,-0.0711905991059138,-0.08751879301126612,0.30817576895956506,-0.021247389324980825,-0.027262071469156074,0.3150760482986918,0,0,0,14.137830846492307,14.0,7.8513939720571635,16.00318656869677
backward_right,31.48,-0.30000000000000004,-0.15000000000000002,0.0,-0.36504592568620686,-0.08812890940542704,-0.16224092998050307,0.4135189803133276,-0.022953257861736884,-0.0173520243130002,0.3126170255656293,0,0,0,14.435772372264196,14.0,7.869592138251612,16.18467046967274
backward_right,31.5,-0.30000000000000004,-0.15000000000000002,0.0,-0.35046294270469264,-0.078890847142055,-0.11350631192472624,0.3426358911598621,-0.027924134893162453,-0.00017130218974537186,0.3097906268111998,0,1,0,6.841034915801428,6.841034915801428,7.890629105260373,12.936593254294515
backward_right,31.52,-0.30000000000000004,-0.15000000000000002,0.0,-0.3199094435889325,-0.09057312168216165,-0.06167097826414183,0.23105374999463243,-0.025448497932992413,0.011244944356992366,0.30824938813150776,0,1,0,7.8684504494844205,7.8684504494844205,7.94798283188587,5.234886547046627
backward_right,31.54,-0.30000000000000004,-0.15000000000000002,0.0,-0.2938391374614576,-0.09199500573581715,-0.005943964232787792,0.006994054113186394,-0.022871555292314858,0.019160101508898925,0.3078234302826086,0,0,0,8.751967189963011,8.751967189963011,8.05600229584292,4.950213931309531
backward_right,31.560000000000002,-0.30000000000000004,-0.15000000000000002,0.0,-0.29773911120499313,-0.09629066318621071,0.04166337305898403,-0.14393756675766647,-0.02164358605805181,0.027047895067476724,0.30852126244005307,0,0,0,8.056893077120074,8.056893077120074,8.008867447495707,5.118344705964028
backward_right,31.580000000000002,-0.30000000000000004,-0.15000000000000002,0.0,-0.31357159346788244,-0.1088528480733743,0.06380314319153244,-0.19180518977104874,-0.020529221297096906,0.03463159610708552,0.30993786849049576,0,0,0,7.405682353328088,7.405682353328088,7.9790719850952385,4.411158465536272
backward_right,31.6,-0.30000000000000004,-0.15000000000000002,0.0,-0.330319475595598,-0.12482264686367107,0.06497894747465309,-0.16121632407419503,-0.01735317949937534,0.03916204435672581,0.31160345772688275,0,0,0,6.386753089879854,6.386753089879854,7.9596238056652915,4.266415714669783
backward_right,31.62,-0.30000000000000004,-0.15000000000000002,0.0,-0.34206232828515415,-0.13750615020149445,0.04788129789413412,-0.07882935055255413,-0.013701869060772311,0.039143214815331576,0.31308648820701906,0,0,0,5.241209114712899,5.241209114712899,7.941202404656945,3.424672120245325
backward_right,31.64,-0.30000000000000004,-0.15000000000000002,0.0,-0.34724182494187134,-0.14394057862136633,0.014857059654995963,0.0418908613787517,-0.011119509988268127,0.03514874500588715,0.3140353301363582,0,0,0,6.295670888210354,6.295670888210354,7.923750649490621,3.612901136455819
backward_right,31.66,-0.30000000000000004,-0.15000000000000002,0.0,-0.3496370934524812,-0.1430140555860128,-0.024504003894963343,0.14058971800193018,-0.011351120918761011,0.028516225478230784,0.3142318055932772,0,0,0,6.941576488665962,6.941576488665962,8.003424273134026,5.290464126028662
backward_right,31.68,-0.30000000000000004,-0.15000000000000002,0.0,-0.34974144816829184,-0.13688382095717244,-0.07177182505032369,0.15633146858546984,-0.013246399503733014,0.020139283097906115,0.31356265481115114,0,0,0,7.091358983792845,7.091358983792845,8.105860053287355,8.50440401864563
backward_right,31.7,-0.30000000000000004,-0.15000000000000002,0.0,-0.3311074290180569,-0.14163697082713528,-0.041344533191610806,0.17849381560011246,-0.008532880566676048,0.013942365320814129,0.3124282469864042,0,1,0,6.3484422299681835,6.3484422299681835,8.20857794151043,9.34519084796909
backward_right,31.720000000000002,-0.30000000000000004,-0.15000000000000002,0.0,-0.28759834641472615,-0.1306654534242835,0.001269723757743979,0.1351987490065112,-0.006128636783763666,0.007480747827078916,0.312120655203697,0,0,0,7.120405219401841,7.120405219401841,8.308588980653997,5.553114103756279
backward_right,31.740000000000002,-0.30000000000000004,-0.15000000000000002,0.0,-0.262603535818661,-0.12349042347361484,0.01972168630173795,0.16354777162268258,-0.005077136004393485,-0.00011255835763026784,0.31233054738267,0,0,0,8.119233103634103,8.119233103634103,8.271256274262587,5.410580839052233
backward_right,31.76,-0.30000000000000004,-0.15000000000000002,0.0,-0.2718507542419651,-0.11189690739112622,0.058092792686747635,0.11357287248956695,-0.004610429290169903,-0.0066741728502572595,0.3131377076151231,0,0,0,8.050876560621559,8.050876560621559,8.331722034237494,5.458270498143198
backward_right,31.78,-0.30000000000000004,-0.15000000000000002,0.0,-0.28613253594655197,-0.09528681162332434,0.08759085250492571,0.025012584512150174,-0.00473153845566583,-0.01269768369376243,0.3145936583262094,0,0,0,7.734472177956442,7.734472177956442,8.366563361431446,5.589639048252971
backward_right,31.8,-0.30000000000000004,-0.15000000000000002,0.0,-0.2960899207533714,-0.08245182447712472,0.0989893069930707,-0.06616858255891526,-0.0052998224494396505,-0.01999399669985791,0.31640792148119584,0,0,0,7.559433355697655,7.559433355697655,8.325987627741892,5.211077665591404
backward_right,31.82,-0.30000000000000004,-0.15000000000000002,0.0,-0.29993050128791815,-0.07729626912142272,0.09101464776619517,-0.1538631160162481,-0.004729098611571215,-0.02786952182191238,0.31820484995628207,0,0,0,7.476744324707078,7.476744324707078,8.287684723955032,4.3843037990120335
backward_right,31.84,-0.30000000000000004,-0.15000000000000002,0.0,-0.29897666717926236,-0.08304350290206446,0.06085360603878008,-0.21448901794823994,-0.0030173842424152334,-0.03470085969231215,0.319558649501885,0,0,0,7.527672108025574,7.527672108025574,8.25151422995744,2.9808319863251143
backward_right,31.86,-0.30000000000000004,-0.15000000000000002,0.0,-0.2974208792741097,-0.0982285057796545,0.011878953953230032,-0.23721866592244426,-0.00044724421072322973,-0.03845539640939715,0.3200680246274403,0,0,0,7.588105239000304,7.588105239000304,8.217345784750734,4.332918263140355
backward_right,31.88,-0.30000000000000004,-0.15000000000000002,0.0,-0.296159203922174,-0.11969568389531969,-0.0488708426559452,-0.19726072340252127,0.0010258784304447593,-0.03769488720426232,0.319475121769522,0,0,0,7.538080395613004,7.538080395613004,8.209000083747032,5.714894701647115
backward_right,31.900000000000002,-0.30000000000000004,-0.15000000000000002,0.0,-0.29654462146215255,-0.1447069775472908,-0.11754909705059229,-0.09400503636662678,0.0011084753594194018,-0.03168826400605436,0.3176306439354587,0,0,0,7.408488090801632,7.408488090801632,8.199149259968102,8.149954775256175
backward_right,31.92,-0.30000000000000004,-0.15000000000000002,0.0,-0.3016712132194582,-0.16707932171510767,-0.19435337058805735,0.08346021106040799,-0.0008236457046741714,-0.02086351151226926,0.31449043719209874,0,0,0,12.280491916814283,12.280491916814283,8.191266435117658,14.21411502059782
backward_right,31.94,-0.30000000000000004,-0.15000000000000002,0.0,-0.28215945846636964,-0.1404722007236721,-0.1401350217074819,0.026448102175186963,-0.011373121177052204,-0.0019925371028268538,0.31115489569448973,0,0,0,7.35124225562414,7.35124225562414,8.20428400656954,9.94843276679157
backward_right,31.96,-0.30000000000000004,-0.15000000000000002,0.0,-0.2638166990662414,-0.1377558191305101,-0.05838123586480366,-0.06413485781929906,-0.005057114493075363,0.008716613404041255,0.3092792289206277,0,0,0,8.751573358754603,8.751573358754603,8.279554257623111,6.469761406125664
backward_right,31.98,-0.30000000000000004,-0.15000000000000002,0.0,-0.26703276137007376,-0.1429561525126785,0.03251200595949179,-0.20610735123564847,0.004023893204917071,0.01697268504909315,0.30904268720133876,0,0,0,9.85221046229702,9.85221046229702,8.261948227704561,7.735019923404514
backward_right,32.0,-0.30000000000000004,-0.15000000000000002,0.0,-0.28540050541519535,-0.15715404456569654,0.10021904456066799,-0.3123625629376797,0.010321174793227193,0.02671026632401861,0.31045179243096266,0,0,0,9.838493108475218,9.838493108475218,8.152781829306718,11.06104132384132
backward_right,32.02,-0.30000000000000004,-0.15000000000000002,0.0,-0.3046294897645909,-0.17566299291209492,0.12057395739872172,-0.3412432973072364,0.014600959224111412,0.03669004828800201,0.3127282292491059,0,0,0,8.183342970711852,8.183342970711852,8.101485285503145,11.016358363188239
backward_right,32.04,-0.30000000000000004,-0.15000000000000002,0.0,-0.3197467994530783,-0.19720049055865532,0.10044651623419312,-0.2822356534636119,0.018443683920387678,0.043688309019353395,0.3150464946337556,0,0,0,5.610638624985872,5.610638624985872,8.075501085147042,8.820322760950758
backward_right,32.06,-0.30000000000000004,-0.15000000000000002,0.0,-0.3269396807872413,-0.2172526812376773,0.058077014678418026,-0.1814634336829664,0.021253086816766634,0.045813176685455245,0.3167562412911809,0,0,0,4.943463539440189,4.943463539440189,8.05091485204412,5.3568143209900665
backward_right,32.08,-0.30000000000000004,-0.15000000000000002,0.0,-0.328710167594328,-0.23057357916992008,0.010713885686293462,-0.10388668204962018,0.020102085186239408,0.04415501232605239,0.3175779720917484,0,0,0,5.800644836304486,5.800644836304486,8.10587844148932,2.902361421979657
backward_right,32.1,-0.30000000000000004,-0.15000000000000002,0.0,-0.3241991068401668,-0.24021377978032454,-0.043570546704946346,-0.05834060114974319,0.014659329443913998,0.03899888214620667,0.31736764448737054,0,0,0,6.61177010234317,6.61177010234317,8.100052238400998,4.106679545795165
backward_right,32.12,-0.30000000000000004,-0.15000000000000002,0.0,-0.3145621086060636,-0.2428831244897962,-0.10862709499178133,-0.058731845789477086,0.007429003343454395,0.030287447326330413,0.31596798801532733,0,0,0,7.233082584231817,7.233082584231817,8.074145286217963,5.062033389848994
backward_right,32.14,-0.30000000000000004,-0.15000000000000002,0.0,-0.3084003906566309,-0.20226418887418332,-0.13113776211698436,-0.03411515663150674,-0.007984784884573362,0.015233755057283221,0.3136458652713477,0,0,0,7.744665540784429,7.744665540784429,8.049631838844626,3.4724739906173063
backward_right,32.160000000000004,-0.30000000000000004,-0.15000000000000002,0.0,-0.30248249059173,-0.14673438391270222,-0.08523585079052368,0.02815381687804478,-0.018559506780351617,-0.002267327667565582,0.3112226912245717,0,0,0,7.296051473865926,7.296051473865926,8.02643170565878,3.6084612464844428
backward_right,32.18,-0.30000000000000004,-0.15000000000000002,0.0,-0.30364419329265385,-0.11422574569699175,-0.0018560197711149015,0.14754312314595916,-0.012756298875513286,-0.010679256578929562,0.31047058849424725,0,0,0,7.039918891976638,7.039918891976638,8.004469847305668,6.056471457983045
backward_right,32.2,-0.30000000000000004,-0.15000000000000002,0.0,-0.3235103077391831,-0.08854596221036762,0.06878593572087194,0.180643142481755,-0.00873512706600805,-0.017700482157671126,0.31115265803550857,0,0,0,7.3085223223011875,7.3085223223011875,7.983675990104711,6.132087643440208
backward_right,32.22,-0.30000000000000004,-0.15000000000000002,0.0,-0.34929946389338684,-0.07238900029745912,0.0978681986793511,0.1734450632454583,-0.007491309446050434,-0.02552816879647656,0.31264231473569654,0,0,0,6.928440615807749,6.928440615807749,7.963984274800609,5.4673759940521345
backward_right,32.24,-0.30000000000000004,-0.15000000000000002,0.0,-0.3673357018693699,-0.060203179881111034,0.09461087714015862,0.09496880381799208,-0.0074089427918286105,-0.03418533985955037,0.31433140412220084,0,0,0,6.952258502345119,6.952258502345119,7.945332936056083,3.0183271580288658
backward_right,32.26,-0.30000000000000004,-0.15000000000000002,0.0,-0.37459619804567224,-0.05755601672947179,0.0657341126348864,0.013574622692622043,-0.005856826186056226,-0.04286795154094659,0.3156232527570731,0,0,0,7.2946591278613635,7.2946591278613635,7.9276640095172155,2.79752437645217
backward_right,32.28,-0.30000000000000004,-0.15000000000000002,0.0,-0.37430507934184265,-0.06766922989281283,0.015049209854622074,-0.031373201572986016,-0.002982694045030921,-0.05018918815235492,0.31606118604670147,0,0,0,7.804372962894667,7.804372962894667,7.91092306365767,4.82524909849742
backward_right,32.3,-0.30000000000000004,-0.15000000000000002,0.0,-0.3717775282525134,-0.09161138050522492,-0.05242227968879727,-0.016075437240733233,0.0018064199354520538,-0.053672560439393585,0.31529937626420623,0,0,0,8.056975697778089,8.056975697778089,7.895058953933269,9.887877305762414
backward_right,32.32,-0.30000000000000004,-0.15000000000000002,0.0,-0.3450476727188092,-0.07651880244577336,-0.05714510737378581,-0.13754783005755056,-0.006197921470907328,-0.045775894373936594,0.3139765797653921,0,0,0,7.471123690443231,7.471123690443231,7.869659468759583,6.152805391565801
backward_right,32.34,-0.30000000000000004,-0.15000000000000002,0.0,-0.29911738871054394,-0.08704240347680683,-0.04203796535381746,-0.11225772497952281,-0.007354058527645991,-0.03521404232165528,0.3125516003587783,0,1,0,6.665449383663455,6.665449383663455,7.863446448549823,5.628077380615177
backward_right,32.36,-0.30000000000000004,-0.15000000000000002,0.0,-0.24827728408674213,-0.1108082701997312,-0.0007594405715976773,-0.06734778314538828,-0.002250737393535801,-0.029029135550205403,0.3119974215019321,0,0,0,7.457432657209673,7.457432657209673,7.88989829794156,1.9060487175684182
backward_right,32.38,-0.30000000000000004,-0.15000000000000002,0.0,-0.21085778380221887,-0.12406296904488204,0.04156597113246943,-0.058951831972528235,-0.00029244214544020335,-0.025531661461220465,0.31228332173347184,0,0,0,7.787386119014691,7.787386119014691,7.954241846940679,5.187212703014519
backward_right,32.4,-0.30000000000000004,-0.15000000000000002,0.0,-0.18599724888029723,-0.1245355211568992,0.06696070919038938,-0.10529424255395116,-0.0016510601357624458,-0.02371833916280864,0.31329091661456654,0,0,0,7.562220177334924,7.562220177334924,7.936104029507106,5.925895495867137
backward_right,32.42,-0.30000000000000004,-0.15000000000000002,0.0,-0.18409916866923165,-0.12175029693271591,0.09758873918332342,-0.139211123014803,-0.0032247392021455545,-0.02124418815807323,0.31488970774773273,0,0,0,6.833219249169874,6.833219249169874,7.939953359350191,5.7412072216294305
backward_right,32.44,-0.30000000000000004,-0.15000000000000002,0.0,-0.19348677491888844,-0.12678250657368176,0.12173905408291082,-0.13263813281744674,-0.004043481654933763,-0.016547104930057843,0.3170865318728507,0,0,0,5.751616428660288,5.751616428660288,8.030376326338352,4.054053592067455
backward_right,32.46,-0.30000000000000004,-0.15000000000000002,0.0,-0.2084899528668626,-0.13747034613174092,0.12824517612267475,-0.09077118198819799,-0.002452515985963966,-0.011426447593467098,0.3196196354945685,0,0,0,5.283347432553081,5.283347432553081,8.17186140817267,2.61731004144054
backward_right,32.480000000000004,-0.30000000000000004,-0.15000000000000002,0.0,-0.22443835700681328,-0.15095747901840623,0.10879043923140916,-0.016815386934716212,0.00016508831636721883,-0.007602206901277474,0.3219966536914742,0,0,0,4.7212708976687825,4.7212708976687825,8.282943768566334,2.5457064833689054
backward_right,32.5,-0.30000000000000004,-0.15000000000000002,0.0,-0.23910401781195423,-0.16531326843668,0.06782803631707868,0.08142085524405314,0.001828979388455323,-0.006062134618001548,0.3237341168601327,0,0,0,4.771670064811991,4.771670064811991,8.328852103875114,2.665944245539294
backward_right,32.52,-0.30000000000000004,-0.15000000000000002,0.0,-0.2542176042340563,-0.1719542211307975,0.024538217163411504,0.12386864851692468,0.0012423381333311922,-0.005528548539725437,0.3246435005782142,0,0,0,5.131958201104535,5.131958201104535,8.331069917199851,4.231743682152693
backward_right,32.54,-0.30000000000000004,-0.15000000000000002,0.0,-0.2641175569882024,-0.17435628798430175,-0.03617123404316416,0.1377934266664383,-6.460402886564331e-05,-0.005225075137238359,0.32455546774394506,0,0,0,5.29668088258432,5.29668088258432,8.325154002719575,6.018108215659236
backward_right,32.56,-0.30000000000000004,-0.15000000000000002,0.0,-0.26560154526314067,-0.17115726360053676,-0.12360498167035101,0.11468564487066417,0.0005691924165576524,-0.005898926266373937,0.3229829719413336,0,0,0,6.9744197910254275,6.9744197910254275,8.420527976910119,8.673339378067563
backward_right,32.58,-0.30000000000000004,-0.15000000000000002,0.0,-0.25369411361087046,-0.17362942461463518,-0.19344897237549757,0.1137758762064708,0.005162508180766384,-0.006177684659520053,0.3195467737733114,0,0,0,7.265736672245701,7.265736672245701,8.485768972774668,12.342691655443852
backward_right,32.6,-0.30000000000000004,-0.15000000000000002,0.0,-0.23311080837042902,-0.17053044408299664,-0.14661054778709628,0.21876885855638364,0.011480614328526638,0.0007545522989605611,0.31593461361156505,0,0,0,7.466392312192571,7.466392312192571,8.381604556401552,4.964796261218867
backward_right,32.62,-0.30000000000000004,-0.15000000000000002,0.0,-0.24484591442494066,-0.14925386732839888,-0.07018375809187692,0.3382073951129356,0.003235508188684011,0.0029484847923860282,0.31384302403779835,0,0,0,7.857939157102744,7.857939157102744,8.340182657092296,8.790817997137728
backward_right,32.64,-0.30000000000000004,-0.15000000000000002,0.0,-0.2741321549156366,-0.1254538153079296,0.002476336803199615,0.3325259932355134,-0.00766997328520556,0.00395993068102374,0.3132641897089456,0,0,0,9.856960039450698,9.856960039450698,8.301086253143815,11.580936117154993
backward_right,32.660000000000004,-0.30000000000000004,-0.15000000000000002,0.0,-0.2905035624301763,-0.1021082931519917,0.03829327055431701,0.2672169674380842,-0.0187898631784347,0.002753889632606711,0.3137737021797317,0,0,0,7.8490678081026335,7.8490678081026335,8.264171110439353,11.260385553544095
backward_right,32.68,-0.30000000000000004,-0.15000000000000002,0.0,-0.29421801348487797,-0.08406717827243718,0.044235568652341434,0.1770414901355428,-0.027213274011543803,-0.001602718392000437,0.3146960237423197,0,0,0,7.7461156887790565,7.7461156887790565,8.229303386741815,7.817330413722235
backward_right,32.7,-0.30000000000000004,-0.15000000000000002,0.0,-0.291849582877797,-0.0767678726771343,0.029974444290999595,0.10453255598019776,-0.029875986681251736,-0.007288963776325871,0.315505744602581,0,0,0,7.752770452951334,7.752770452951334,8.196358730661142,5.2384845850630795
backward_right,32.72,-0.30000000000000004,-0.15000000000000002,0.0,-0.28972313556696944,-0.08322502167195153,-0.007553733627491554,0.07253220612188516,-0.02643028920875771,-0.010734461440958144,0.31577289575593215,0,0,0,7.499177589866006,7.499177589866006,8.165221474686664,6.991722326666351
backward_right,32.74,-0.30000000000000004,-0.15000000000000002,0.0,-0.28992981084623604,-0.09999583902304927,-0.06152437525855885,0.09995076196332064,-0.020340138277563275,-0.009975566773477183,0.3151213671060439,0,0,0,8.308069109785688,8.308069109785688,8.154037121953923,9.990368256403713
backward_right,32.76,-0.30000000000000004,-0.15000000000000002,0.0,-0.2936773932279431,-0.12499616334782468,-0.1310105695211449,0.18338358427518642,-0.01572300049676795,-0.004004635718530259,0.3133153192218629,0,0,0,15.042746967208359,14.0,8.153853699777773,16.77774619641521
backward_right,32.78,-0.30000000000000004,-0.15000000000000002,0.0,-0.30181265682536124,-0.1744497675436146,-0.12983302258375481,0.1755317579970561,-0.0007653741842740346,0.001029821980049896,0.311054605842512,0,0,0,16.080134564022366,14.0,8.162554735493192,17.202743247376063
backward_right,32.8,-0.30000000000000004,-0.15000000000000002,0.0,-0.2877038804198595,-0.19431645229854472,-0.05277001957765358,-0.04625820634443978,0.0071006320581110385,0.00738719643697867,0.3093905612314139,0,1,0,7.040520915683429,7.040520915683429,8.20525848291587,17.72231216796368
backward_right,32.82,-0.30000000000000004,-0.15000000000000002,0.0,-0.2675621683654282,-0.20224945264082742,-0.010856550646074915,-0.18485844857670336,0.010173058482653997,0.015719606605768693,0.3087887284719807,0,0,0,8.043542784347743,8.043542784347743,8.226088321027042,4.2230803483061665
backward_right,32.84,-0.30000000000000004,-0.15000000000000002,0.0,-0.26507570955987264,-0.20744926964624466,0.04812508956429402,-0.3309625848462757,0.014034821424340671,0.02555047447994394,0.30917490314918467,0,0,0,8.04402247034106,8.04402247034106,8.19332045935294,6.008319351736816
backward_right,32.86,-0.30000000000000004,-0.15000000000000002,0.0,-0.274186066103618,-0.2247698198695519,0.08073117679088478,-0.3570920189072399,0.019131784320317823,0.03809023952177361,0.31051005920985514,0,0,0,8.335799434957151,8.335799434957151,8.162349419199082,9.668073651347337
backward_right,32.88,-0.30000000000000004,-0.15000000000000002,0.0,-0.2846958435746886,-0.2506557023582551,0.08009446069212033,-0.2927321704477688,0.027917077178386845,0.04854169824591909,0.31213677777159,0,0,0,7.448344107449717,7.448344107449717,8.133068214699332,9.74318915912794
backward_right,32.9,-0.30000000000000004,-0.15000000000000002,0.0,-0.28904374996145726,-0.27610733186002256,0.055548347519954425,-0.17065200839819422,0.03750845448656806,0.05441215418466057,0.313501025336679,0,0,0,5.291293525995383,5.291293525995383,8.105377109075327,8.255350911290439
backward_right,32.92,-0.30000000000000004,-0.15000000000000002,0.0,-0.28559354428996764,-0.2959918515469875,0.019385480810790508,-0.028766209028028178,0.044156439653602,0.055944497596274886,0.3142578147442524,0,0,0,5.852112788609091,5.852112788609091,8.079183032581195,5.101935079635523
backward_right,32.94,-0.30000000000000004,-0.15000000000000002,0.0,-0.27640880275129376,-0.30842489945381674,-0.018829725677563646,0.07656534574776691,0.04558112958319548,0.054882454203527865,0.3142383063606702,0,0,0,7.047351225376794,7.047351225376794,8.081502812775707,3.0572991825179034
backward_right,32.96,-0.30000000000000004,-0.15000000000000002,0.0,-0.272519425182467,-0.29685355237662947,-0.014721035296411849,0.1826159033673588,0.037752550206856784,0.050977594652796145,0.3138150666442371,0,0,0,7.474813279140477,7.474813279140477,8.1804724003844,3.5248428022490867
backward_right,32.980000000000004,-0.30000000000000004,-0.15000000000000002,0.0,-0.27474009052766246,-0.2616205646068084,-0.0006220484250899858,0.2265907814221419,0.021990722855597826,0.04183246854869549,0.3137578737676044,0,0,0,6.993393795307638,6.993393795307638,8.169278193746749,2.8503901276627572
backward_right,33.0,-0.30000000000000004,-0.15000000000000002,0.0,-0.2723573057797959,-0.2016214188299345,-0.017128525492679732,0.2036565707736933,0.0018668213710352907,0.028729325356891957,0.3137510572026109,0,0,0,6.250652041271591,6.250652041271591,8.139619655249032,2.476845366330448
combined,33.02,0.30000000000000004,0.12,0.375,-0.2781993605967399,-0.1390596013910972,-0.02186521645310876,0.10823102957912459,-0.014900627522152972,0.012325194605762839,0.3133146880010424,0,0,0,5.7622199126064535,5.7622199126064535,8.111573412458153,3.9328486711880917
combined,33.04,0.30000000000000004,0.12,0.375,-0.29034483225766256,-0.10743048898332806,0.02529886026739853,0.03756537000152686,-0.00760844013654793,0.004027050332309082,0.3133840496312366,0,0,0,9.272192949937782,9.272192949937782,8.155861248918828,9.67301525640154
combined,33.06,0.30000000000000004,0.12,0.375,-0.3118067176369033,-0.09489343431978806,0.0324579311743131,0.07506991184219233,-0.00019684992582202253,-0.002561259884332128,0.31375286560272414,0,0,0,13.793895996265288,13.793895996265288,8.12693301171905,15.014789651355615
combined,33.08,0.30000000000000004,0.12,0.375,-0.3300352748262419,-0.0886205216477526,0.05229177171791393,0.17326088352457406,0.0003209373981699599,-0.008072793489768875,0.31444436514051777,0,0,0,12.284711552935672,12.284711552935672,8.072504228101241,15.237831803656858
combined,33.1,0.30000000000000004,0.12,0.375,-0.3290855546030967,-0.08343340095861358,0.04502230695996957,0.24128035028894296,-0.0006027047846272209,-0.012839584071336502,0.31533710689168976,0,0,0,7.947867481850953,7.947867481850953,7.722181831269722,13.137446432289233
combined,33.12,0.30000000000000004,0.12,0.375,-0.3091547144398534,-0.08448984165297337,0.007442265959155247,0.28186009429130465,0.0011819326995587507,-0.019207280727184077,0.31575820121997666,0,0,0,8.051042796646081,8.051042796646081,7.631413462977957,7.5718533585436365
combined,33.14,0.30000000000000004,0.12,0.375,-0.2745858244266081,-0.09585519726353085,-0.04176733975080708,0.3362368569652,0.008108511974948586,-0.027830055266581236,0.3152534678589,0,0,0,8.65816146242174,8.65816146242174,7.629846615957607,4.170237929155697
combined,33.160000000000004,0.30000000000000004,0.12,0.375,-0.23343648890329305,-0.11012820689907159,-0.06457107982270138,0.3622506575093234,0.020539721496219035,-0.037796690216799676,0.313805753861299,0,0,0,9.377331706874203,9.377331706874203,7.62835811023967,4.839109788375099
combined,33.18,0.30000000000000004,0.12,0.375,-0.17834160177397654,-0.08476347965555318,-0.024829436687723354,0.2256526495661306,0.020485818154971237,-0.037830795215074244,0.31285149042845933,0,0,0,8.389851957060316,8.389851957060316,7.626944010337805,6.1422491995329365
combined,33.2,0.30000000000000004,0.12,0.375,-0.10636545806553767,-0.0481193829026147,-0.00940835672041027,0.1407402907059696,0.011653120630800944,-0.03394095295540794,0.31237859049089317,0,0,0,9.386820276370425,9.386820276370425,7.62560058026396,6.961085330175559
combined,33.22,0.30000000000000004,0.12,0.375,-0.024316882321181815,-0.0093917574853136,-0.0009754410535177436,0.07018384102667954,-0.0020468690082783864,-0.03096824308285674,0.31220222224434263,0,0,0,11.665325627367015,11.665325627367015,7.624324273240404,7.463925476608325
combined,33.24,0.30000000000000004,0.12,0.375,0.060848560611604756,0.030392135704616463,0.014221882579206747,0.13783398709696526,-0.017163957622031167,-0.030573146383807242,0.3123560773508681,0,0,0,8.480018331852834,8.480018331852834,7.623111721959283,7.8868713933729175
combined,33.26,0.30000000000000004,0.12,0.375,0.13876678383184113,0.05483334786037076,0.015730317608868942,0.22464686660187372,-0.029924261098962346,-0.029841559979100794,0.31263559716383743,0,0,0,8.333443417961037,8.333443417961037,7.649320049527461,7.8868713933729175
combined,33.28,0.30000000000000004,0.12,0.375,0.20466853370356228,0.06296856391739973,0.04718197519305135,0.33569132489075576,-0.03277791616739482,-0.030216089457471427,0.31328744247747053,0,0,0,8.789204117988751,8.789204117988751,7.7272818460782595,6.5193318874451816
combined,33.3,0.30000000000000004,0.12,0.375,0.25688349635251073,0.06161771079699513,0.06140945786507165,0.37101133159155664,-0.03150189338470031,-0.03258197164014122,0.3145122151451079,0,1,0,8.67293985075431,8.67293985075431,7.7208835832713305,4.362142763832596
combined,33.32,0.30000000000000004,0.12,0.375,0.2830975489782253,0.06089840660682711,0.06498284773273125,0.34039090019621265,-0.03263601235832268,-0.03462235128464603,0.3159508301470124,0,0,0,8.32632867530244,8.32632867530244,7.724731453002146,3.51766938294771
combined,33.34,0.30000000000000004,0.12,0.375,0.2909458441882753,0.06530399004668719,0.05766545254314958,0.30876782251763524,-0.03655431061759304,-0.03806154723807204,0.3173234781114291,0,0,0,8.223931109249811,8.223931109249811,7.741865828386427,2.189675727049668
combined,33.36,0.30000000000000004,0.12,0.375,0.2833586151537938,0.07011824508447545,0.06131121492500713,0.31901963777396397,-0.040703102873720934,-0.04266091346773605,0.31859663818311396,0,0,0,8.060841035062161,8.060841035062161,7.761418328364062,3.546488426020956
combined,33.38,0.30000000000000004,0.12,0.375,0.2737232896773543,0.07284593799040023,0.07510400213259014,0.32271764943247044,-0.042466945800829915,-0.04668672746776793,0.3200879264402307,0,0,0,7.61903649390464,7.61903649390464,7.8015186530851075,4.229475532030715
combined,33.4,0.30000000000000004,0.12,0.375,0.26716151058312215,0.0747212691059945,0.08283245246091558,0.31777613937261456,-0.04237983752134886,-0.04936103525569753,0.32185308912568816,0,0,0,6.848487893263721,6.848487893263721,7.8683318374087925,4.03619669257912
combined,33.42,0.30000000000000004,0.12,0.375,0.2672537870343646,0.07640571043158478,0.07331249923957706,0.3179441028625023,-0.04237829160129159,-0.0509315978215538,0.3236234738405505,0,0,0,6.045567340119228,6.045567340119228,7.948139527078119,2.872900965090163
combined,33.44,0.30000000000000004,0.12,0.375,0.2752689433728111,0.0813600754773128,0.03974518586829665,0.3040417765085687,-0.04467522192355955,-0.05185928152242311,0.32495783720330296,0,0,0,5.329052724848021,5.329052724848021,8.037659006341233,2.318762615872835
combined,33.46,0.30000000000000004,0.12,0.375,0.28747767110209405,0.09166900539352829,-0.013965138091290547,0.2710991092148337,-0.05037746336925159,-0.05168022582661148,0.3254091903659138,0,0,0,4.729940329762943,4.729940329762943,8.130328100190258,3.0955681983113488
combined,33.480000000000004,0.30000000000000004,0.12,0.375,0.30149933783052973,0.10723060998390076,-0.08260508365806904,0.239300124285481,-0.05954269098581496,-0.04950196273319805,0.3246135602568435,0,0,0,4.274407709132234,4.274407709132234,8.163371519519295,4.130306675517753
combined,33.5,0.30000000000000004,0.12,0.375,0.3114649861818443,0.11931754947969073,-0.14245645478141158,0.24263199954632797,-0.06751379985529052,-0.044382649056707815,0.3223536692532492,0,0,0,4.243189638627671,4.243189638627671,8.14950145765722,5.182770791792292
combined,33.52,0.30000000000000004,0.12,0.375,0.3294276248700143,0.10225395177980459,-0.18563088308782016,0.2113354155886235,-0.06001243430486937,-0.03159355975399745,0.31925414505273186,0,0,0,5.039040733215136,5.039040733215136,8.12091885491833,6.7029460918889425
combined,33.54,0.30000000000000004,0.12,0.375,0.3309171389488672,0.0824259240897827,-0.17979265311090117,0.14614012367546136,-0.05266205552934331,-0.01744232423689566,0.3153556579090243,0,1,0,7.35740741394723,7.35740741394723,8.093885368014245,7.689507985060707
combined,33.56,0.30000000000000004,0.12,0.375,0.31477341428983147,0.08051922230787796,-0.09477500601093096,0.06898540278924559,-0.05683168159390305,-0.010894792599707073,0.31265723887489616,0,0,0,8.315510745999566,8.315510745999566,8.068310641003539,6.404228530302399
combined,33.58,0.30000000000000004,0.12,0.375,0.29318850266538143,0.09430731241956049,-0.046550137715931535,0.029502387835027302,-0.06294256066345658,-0.004624361227680781,0.31113272895185606,0,0,0,11.552646057458727,11.552646057458727,8.043238995839719,14.740432458091915
combined,33.6,0.30000000000000004,0.12,0.375,0.2868226252198783,0.11202628049143801,-0.014289190223800853,0.15844359884346781,-0.06372710744922301,-0.0005081963789570363,0.3102367874783254,0,0,0,13.96331750865736,13.96331750865736,8.020380525399574,16.872693388256003
combined,33.62,0.30000000000000004,0.12,0.375,0.29243871762462775,0.12247065868387787,0.009294686956058142,0.2947858954088752,-0.061703689327634606,-0.0018697489492345838,0.3098369497005189,0,0,0,12.526520606222038,12.526520606222038,7.998740893589389,17.132677735260113
combined,33.64,0.30000000000000004,0.12,0.375,0.29760610877322274,0.1275928905099469,0.030448762501436414,0.4413014299705289,-0.061436915905054845,-0.00524541189925664,0.3099997250720787,0,0,0,7.787207133272517,7.787207133272517,7.978251052392331,13.717790872793376
combined,33.660000000000004,0.30000000000000004,0.12,0.375,0.29915297116831985,0.13380344182260426,0.04466268609203326,0.5209582374390396,-0.06339884907792434,-0.007746018509296122,0.3106272535965449,0,0,0,7.2034663378088,7.2034663378088,7.9588462787536045,6.952132105520802
combined,33.68,0.30000000000000004,0.12,0.375,0.29150105600426546,0.14317051598329858,0.04720524234783255,0.502173724851974,-0.06747851341254002,-0.0061966782023490175,0.31145629899010496,0,0,0,6.285564829382262,6.285564829382262,7.940465861816612,2.8562265847477115
combined,33.7,0.30000000000000004,0.12,0.375,0.29241614916132863,0.155763600223728,0.02880365505474196,0.4815582206612679,-0.07244419640273081,-0.0015830008517380004,0.3120815866240809,0,0,0,5.567039400609569,5.567039400609569,7.923052816942295,3.0816421513390564
combined,33.72,0.30000000000000004,0.12,0.375,0.3053358769042653,0.1698241514503171,-0.006429869719090502,0.49302280109862434,-0.07481235882040463,0.003966393049373258,0.3120684367276579,0,0,0,5.3368529507578755,5.3368529507578755,7.912934622715888,3.2873033980033073
combined,33.74,0.30000000000000004,0.12,0.375,0.32294078694445966,0.1841722747231018,-0.043158798027969084,0.5279735797499038,-0.07426205463840793,0.010336995862883887,0.3112388859987798,0,0,0,5.457507790358532,5.457507790358532,7.984373459625761,3.703005398484324
combined,33.76,0.30000000000000004,0.12,0.375,0.32400025551110245,0.17755280318518796,-0.029357600838940116,0.5141852834113965,-0.06839487337597039,0.01719016386623394,0.30991758344382525,0,0,0,6.466610737341176,6.466610737341176,8.004698789350002,3.6647420927767063
combined,33.78,0.30000000000000004,0.12,0.375,0.288651678734,0.11789033165200963,0.0350960000078366,0.3566112096312636,-0.049151936951549076,0.016747383962880665,0.3098677640780337,0,0,0,6.941797207538902,6.941797207538902,7.983892777238083,3.294104713145807
combined,33.8,0.30000000000000004,0.12,0.375,0.24024737162554471,0.062273693172421735,0.07970481804875365,0.14247853671624267,-0.035158566504976334,0.015095009513282019,0.3108706628088521,0,0,0,7.745330905087747,7.745330905087747,7.999355305988701,3.2471453874690654
combined,33.82,0.30000000000000004,0.12,0.375,0.2046716477112394,0.03390577331080312,0.08742408559256136,0.12953919738460273,-0.032582143829789315,0.0154372753590712,0.3124528841686889,0,0,0,11.81542521256692,11.81542521256692,7.978832873243153,12.633499590436362
combined,33.84,0.30000000000000004,0.12,0.375,0.1799570404918767,0.03521265576226114,0.05658409423638746,0.03146949999767313,-0.027445444530008106,0.011121062719175578,0.313588635572379,0,0,0,12.521682050286588,12.521682050286588,7.959397337137695,13.76695437484241
combined,33.86,0.30000000000000004,0.12,0.375,0.17582662702069107,0.049327189525779525,0.03462578022723235,-0.07719333141339016,-0.019200797861219487,0.0025667996727137135,0.31432901701036503,0,0,0,11.75024731489252,11.75024731489252,7.940987873991212,14.562536764207106
combined,33.88,0.30000000000000004,0.12,0.375,0.1803252515601204,0.06353536137840925,0.015494032472506969,-0.13278125338419242,-0.011215612104878092,-0.009202125114339568,0.3146844207123723,0,0,0,11.858304678692424,11.858304678692424,7.923547394326146,16.07651451448889
combined,33.9,0.30000000000000004,0.12,0.375,0.20494181568538714,0.07254870160508159,0.006146858319698606,-0.05052361137703685,-0.0008910688403499674,-0.020323851461939345,0.3148024828143351,0,0,0,10.518127833624234,10.518127833624234,7.847601515491064,16.05689526575966
combined,33.92,0.30000000000000004,0.12,0.375,0.21812071361585267,0.07974077801939364,0.02226304562870694,0.043536475410062406,0.008633568055192753,-0.028126363683157265,0.31518087796504257,0,0,0,10.194906303797461,10.194906303797461,7.716270522961953,8.53737074816577
combined,33.94,0.30000000000000004,0.12,0.375,0.21518851806860148,0.07954815711268161,0.03963394954524321,0.13434478050201262,0.015368233565151062,-0.0318363351151124,0.31600878078392647,0,0,0,9.041401792130356,9.041401792130356,7.581908254429219,3.352192317281853
combined,33.96,0.30000000000000004,0.12,0.375,0.2082206351143243,0.071056130969991,0.04486349158734755,0.22816757986599437,0.021133695116643893,-0.033259162590685905,0.31707163789825504,0,0,0,7.820407328404547,7.820407328404547,7.501745409472829,2.1569811834977926
combined,33.980000000000004,0.30000000000000004,0.12,0.375,0.20722957616091006,0.06096456366938443,0.02956602294908563,0.3446829412179548,0.02445814898427153,-0.03373149583028086,0.31803828689713987,0,0,0,6.901830446236997,6.901830446236997,7.479490432079082,2.234513126252105
combined,34.0,0.30000000000000004,0.12,0.375,0.21081155249359024,0.05594728532823722,-0.003458376436715071,0.44117990701354803,0.023847661915049265,-0.032839277488019576,0.31849932594049196,0,0,0,6.499599648622187,6.499599648622187,7.497093609093255,3.2622608320263478
combined,34.02,0.30000000000000004,0.12,0.375,0.21582452691109297,0.05670267553860865,-0.05294079346348377,0.5182007562216321,0.01844141740938043,-0.028805469801052443,0.3181007606657425,0,0,0,6.177910115230991,6.177910115230991,7.53177838180239,4.497577587539808
combined,34.04,0.30000000000000004,0.12,0.375,0.2220875735060368,0.062237925869642906,-0.11577977095031727,0.5612186978364886,0.010817079190018005,-0.02116450131262959,0.3165566369784781,0,0,0,5.9216338394274395,5.9216338394274395,7.57717686374372,7.8505824781702
combined,34.06,0.30000000000000004,0.12,0.375,0.2327495542241575,0.059621778029397436,-0.10901370201490405,0.49504373615038044,0.013111247452791942,-0.008400275936485608,0.31430175249860287,0,1,0,6.492961334548882,6.492961334548882,7.635969741338336,4.385997626266013
combined,34.08,0.30000000000000004,0.12,0.375,0.2333759179446288,0.07722539885086747,-0.05345296204858316,0.4064282232960921,0.008546145110205777,-0.00011037066002475587,0.31279253703964605,0,1,0,7.609021698115712,7.609021698115712,7.728548591773162,2.5553605267746464
combined,34.1,0.30000000000000004,0.12,0.375,0.22060161046467477,0.0953592327831615,-0.023636979346788968,0.31161158167096487,0.0032992250839745958,0.006457882699643914,0.31210586308314947,0,0,0,9.02639336428576,9.02639336428576,7.72208598670257,2.4863540252108924
combined,34.12,0.30000000000000004,0.12,0.375,0.20788056519164078,0.11244296650037718,-0.015334300767216449,0.2329402181875359,-0.001621444838015079,0.010894966694500198,0.3116256329014358,0,0,0,8.469283410162252,8.469283410162252,7.715951501390734,5.669255988581783
combined,34.14,0.30000000000000004,0.12,0.375,0.2104552229142272,0.11746511470082287,-0.008280533243354777,0.25528756691137433,-0.005926574679057948,0.01112082626570658,0.3112283529239597,0,0,0,7.484707328436397,7.484707328436397,7.702741201052511,6.884779177694687
combined,34.160000000000004,0.30000000000000004,0.12,0.375,0.21333569979452782,0.11892303642905146,0.008165688257190606,0.29233097680512,-0.009580628464044364,0.009936032466966475,0.3111258669881773,0,0,0,6.812948651051273,6.812948651051273,7.694721321793942,5.6449143598138365
combined,34.18,0.30000000000000004,0.12,0.375,0.21072004987242243,0.12312815818089233,0.022100809238291486,0.2794649638576122,-0.014020144986039361,0.009429585888847075,0.31137848316227246,0,0,0,6.548837537841475,6.548837537841475,7.689972406516507,3.6711266621646783
combined,34.2,0.30000000000000004,0.12,0.375,0.2080774382771474,0.12952117104580077,0.028477340491394165,0.23591415492429352,-0.019140390558083604,0.010516928630443595,0.3118540923244008,0,0,0,6.129129257724871,6.129129257724871,7.685463321960672,2.7837415671018886
combined,34.22,0.30000000000000004,0.12,0.375,0.21139544673167146,0.13636234139528094,0.02643971204387861,0.19477819701612492,-0.024230713837779895,0.012721560142114641,0.3123696292912394,0,0,0,5.73793360285733,5.73793360285733,7.681181785614793,2.929567063359336
combined,34.24,0.30000000000000004,0.12,0.375,0.22569161895892484,0.14213967142426703,0.012395053596384775,0.19124464218999207,-0.027822222761589334,0.014721230085117176,0.31266906798937805,0,0,0,5.50366379049324,5.50366379049324,7.677116160712345,2.7685165827434206
combined,34.26,0.30000000000000004,0.12,0.375,0.24743613726202277,0.14715090381962906,-0.013763352167902868,0.22411332128549843,-0.02820108024438374,0.016438035419410427,0.3125139101248994,0,0,0,5.658617366450195,5.658617366450195,7.6732554206470205,3.1416560996505614
combined,34.28,0.30000000000000004,0.12,0.375,0.27310979319627327,0.1531959346822246,-0.04604797238316667,0.31875211976057255,-0.025315118120811463,0.017913988845864794,0.3117538086970734,0,0,0,6.073578125305695,6.073578125305695,7.742861911702487,3.560829537353924
combined,34.300000000000004,0.30000000000000004,0.12,0.375,0.28456167654942205,0.16887722981084727,-0.019456502547304473,0.38675728783588903,-0.028241264375910242,0.020958779674612717,0.31071294175252384,0,1,0,6.186766143841883,6.186766143841883,7.798478151003561,3.6996703752207063
combined,34.32,0.30000000000000004,0.12,0.375,0.2766533381554566,0.15415332011165755,0.0732654767902504,0.36723911574016704,-0.026535601569763693,0.019335341313402313,0.31124985785609727,0,1,0,6.703470048187732,6.703470048187732,7.845256863867931,2.3856488682385164
combined,34.34,0.30000000000000004,0.12,0.375,0.2656171861974993,0.13570398885404267,0.09612769185146042,0.3566681295571781,-0.02530374104994001,0.01408374506546262,0.31291904942789295,0,0,0,7.112951383435091,7.112951383435091,7.887090646656031,2.134656374061623
combined,34.36,0.30000000000000004,0.12,0.375,0.25969075897208527,0.1221387586047237,0.08304520615461071,0.3524146558760886,-0.018853858659549194,0.007101809274356851,0.3145139636314269,0,0,0,7.812730700429945,7.812730700429945,7.872470768979106,7.5600269697284475
combined,34.38,0.30000000000000004,0.12,0.375,0.2643063273413906,0.11331047038873863,0.06281832540924866,0.31134235013002803,-0.009515327963490179,-0.00246520315164589,0.31582486367510065,0,0,0,13.872643388376622,13.872643388376622,7.85861181910067,16.54840042056952
combined,34.4,0.30000000000000004,0.12,0.375,0.2840563040106791,0.11809367052184629,0.0374863407119668,0.2848558177740685,-0.005942071997629223,-0.01680994418985594,0.3166716766785685,0,0,0,12.61718507828303,12.61718507828303,7.845472552366942,16.53433023008707
combined,34.42,0.30000000000000004,0.12,0.375,0.2930812099687987,0.1298730757140521,0.039590263644540345,0.26452137664245917,-0.007904754834729215,-0.03122946394584678,0.3174574858184628,0,0,0,9.919119778901258,9.919119778901258,7.77375531386615,12.559987587105915
combined,34.44,0.30000000000000004,0.12,0.375,0.2933940655472786,0.13836950405631923,0.05760506242139539,0.2725046709288046,-0.011520130921559348,-0.04234787304311628,0.3186130110849917,0,0,0,9.103710423853729,9.103710423853729,7.67326981458169,8.49905348711796
combined,34.46,0.30000000000000004,0.12,0.375,0.28498427923183123,0.13861026468743726,0.07035071265424221,0.3168194084529927,-0.013720854604319495,-0.05011214012673233,0.32015211987293574,0,0,0,7.76405614886617,7.76405614886617,7.598104271308056,4.450827817338911
combined,34.480000000000004,0.30000000000000004,0.12,0.375,0.27066050021675886,0.13251475237809643,0.06903807045130096,0.3781445300666169,-0.014812015920403404,-0.05462405992496996,0.3218290593311515,0,0,0,6.4238967339670765,6.4238967339670765,7.5765127722994166,3.0431784327484976
combined,34.5,0.30000000000000004,0.12,0.375,0.25799494058308226,0.12627874542201942,0.046941378886273075,0.4298742969183293,-0.01663928212640207,-0.0564623604619326,0.3232703460991907,0,0,0,5.5295075693920746,5.5295075693920746,7.577679048504869,3.085813138353213
combined,34.52,0.30000000000000004,0.12,0.375,0.2506385072972607,0.12345237718412035,0.0053296401544372166,0.46262423725869106,-0.02099838146990138,-0.05565799863270203,0.32404854490817303,0,0,0,5.005660316554091,5.005660316554091,7.592698816901368,4.257630938650799
combined,34.54,0.30000000000000004,0.12,0.375,0.2484644190207397,0.12623089475360033,-0.052164608811384156,0.49005663367189867,-0.029188042232963424,-0.05185948625102903,0.32379764807918016,0,0,0,4.798786239780745,4.798786239780745,7.672555977163899,5.642808594868185
combined,34.56,0.30000000000000004,0.12,0.375,0.247795959560244,0.13198391793436196,-0.11533662620522948,0.5303556022325056,-0.04003997380480749,-0.044719864211344544,0.32227342296380496,0,0,0,6.357739016342832,6.357739016342832,7.739870407291715,8.220532153098521
combined,34.58,0.30000000000000004,0.12,0.375,0.2629437141331488,0.12420950488959064,-0.16015297934193667,0.4206429320882184,-0.03757075510744636,-0.0325495062386436,0.3197824455082916,0,0,0,11.26398055923443,11.26398055923443,7.732832144712052,12.487267031479067
combined,34.6,0.30000000000000004,0.12,0.375,0.2471468837631262,0.13526002248392607,-0.10042166493167926,0.3303665114938528,-0.04042431119693887,-0.022626130920725105,0.31711482933437185,0,1,0,6.478560071858521,6.478560071858521,7.72615186613389,14.577101740729326
combined,34.62,0.30000000000000004,0.12,0.375,0.2326721877731447,0.13799890137211793,-0.0671159548232489,0.23805925307294384,-0.045388143437684075,-0.016755428312161633,0.3155297561756355,0,0,0,7.636764574912885,7.636764574912885,7.719810987697198,4.4997504828788735
combined,34.64,0.30000000000000004,0.12,0.375,0.23079084711580392,0.14394870912359967,-0.0731316376971478,0.23200884837227434,-0.04542285340305921,-0.012067677173320123,0.31399517022263357,0,0,0,8.126118820831152,8.126118820831152,7.71379192730863,7.065431526246761
combined,34.660000000000004,0.30000000000000004,0.12,0.375,0.2448874432627905,0.14777300170721447,-0.06832551874424032,0.29547116814876684,-0.04250540194928341,-0.01263578077269101,0.31245064763597913,0,0,0,8.620794473255655,8.620794473255655,7.702184023340305,4.7030527861149825
combined,34.68,0.30000000000000004,0.12,0.375,0.2538550465235535,0.14545603026909984,-0.04443636052385984,0.39214853747130446,-0.04005301615917102,-0.015736918213519836,0.31127269267898633,0,0,0,8.8743268441461,8.8743268441461,7.667123329673046,3.1892292967777633
combined,34.7,0.30000000000000004,0.12,0.375,0.25484522709326957,0.14294355552392568,-0.008400778140617276,0.47207005041008676,-0.04076511846763866,-0.01763492579041709,0.31075730884150726,0,0,0,8.599772847487502,8.599772847487502,7.6139198641564185,2.8773864971963246
combined,34.72,0.30000000000000004,0.12,0.375,0.2517421403771066,0.145901503665972,0.017971468919084757,0.4881200905533454,-0.045825351217490984,-0.016884159276357058,0.3108959529603543,0,0,0,7.885735723170614,7.885735723170614,7.564761110108641,2.6490324328417043
combined,34.74,0.30000000000000004,0.12,0.375,0.25082888127926145,0.1528868712826525,0.025871241910242475,0.45650059869948256,-0.05422117934184238,-0.013871042262145365,0.31134151678769406,0,0,0,6.969306029365096,6.969306029365096,7.543939279557023,2.6972537569297215
combined,34.76,0.30000000000000004,0.12,0.375,0.25753305127244586,0.1614701968016295,0.011994759547901551,0.4209123937233052,-0.0628709358438565,-0.009271971081663805,0.31164531595318473,0,0,0,6.304548107810476,6.304548107810476,7.5467156388973144,2.5104024428885814
combined,34.78,0.30000000000000004,0.12,0.375,0.2714047967150436,0.17142793126209202,-0.018566488008447596,0.40973324599444516,-0.06852171582023546,-0.0032267180221663655,0.3114241030787379,0,0,0,5.962654880042874,5.962654880042874,7.549355098605108,3.1418084250376235
combined,34.800000000000004,0.30000000000000004,0.12,0.375,0.29059538037328686,0.18295701612096976,-0.053536646920007334,0.45712061475862587,-0.07072908364996629,0.00407517144003133,0.31044107729854853,0,0,0,5.901423467196683,5.901423467196683,7.603980856851578,3.6157780207163404
combined,34.82,0.30000000000000004,0.12,0.375,0.2948806083119542,0.16949581225346963,-0.04079450137082974,0.45700810636292816,-0.06419755614693015,0.010273024457611453,0.30898653275596816,0,0,0,6.633159297623472,6.633159297623472,7.662395218478949,4.071402298787225
combined,34.84,0.30000000000000004,0.12,0.375,0.26917341876655093,0.10996810566346842,0.03880695012022177,0.24119766343422086,-0.046722452819479635,0.00875100563549509,0.30872869525571656,0,1,0,7.563965118727871,7.563965118727871,7.717403873606294,3.729376490711759
combined,34.86,0.30000000000000004,0.12,0.375,0.2538914867557418,0.05798909895156978,0.095708465368111,0.1107967616464036,-0.04151772153171461,0.00962472177170113,0.31011914891622444,0,0,0,8.155095634829921,8.155095634829921,7.78802956256833,2.8832405478356624
combined,34.88,0.30000000000000004,0.12,0.375,0.2500129962748803,0.028927458125313398,0.09964598534654834,0.1878122226398208,-0.03788486550578681,0.008259487529058272,0.3119385552853031,0,0,0,9.740531585626563,9.740531585626563,7.818176678916384,10.86012602633565
combined,34.9,0.30000000000000004,0.12,0.375,0.2548555979114056,0.021108887219953354,0.053122830919386646,0.32829984463319645,-0.033740991042799894,0.001721170493859275,0.31318950887591257,0,0,0,13.80041917415486,13.80041917415486,7.807128069565998,15.714836174839864
combined,34.92,0.30000000000000004,0.12,0.375,0.2676700463572298,0.02981379552030483,0.023962568720242293,0.3418168399433374,-0.027529635099950003,-0.009671456372313016,0.3137348093089042,0,0,0,13.028892192007477,13.028892192007477,7.796648363190592,15.543701022719947
combined,34.94,0.30000000000000004,0.12,0.375,0.2838984437637026,0.04193043796080686,0.022033931477531382,0.3125533235234492,-0.022356032117150943,-0.021839187798239356,0.314121900750745,0,0,0,10.5270983008895,10.5270983008895,7.786707334606717,14.343566641689272
combined,34.96,0.30000000000000004,0.12,0.375,0.2953767358965485,0.05256527427212174,0.045780240261679706,0.3039272041455119,-0.019233550339768975,-0.03165450028717158,0.31491556110552765,0,0,0,10.520143560238923,10.520143560238923,7.781762671361168,9.039405838620494
combined,34.980000000000004,0.30000000000000004,0.12,0.375,0.29624072809028323,0.05756724961367249,0.07403789851276345,0.33294089036911845,-0.016381797493688777,-0.03833384936491432,0.31638108684450467,0,0,0,9.32950700422657,9.32950700422657,7.775242919117222,4.653537392049399
combined,35.0,0.30000000000000004,0.12,0.375,0.28986007500059735,0.05707281261293981,0.08771212995598837,0.39905555784480745,-0.011933459379339834,-0.04274382801244484,0.3182994184397537,0,0,0,8.014380418704887,8.014380418704887,7.676858162311561,2.251819017664561
combined,35.02,0.30000000000000004,0.12,0.375,0.2831458191456993,0.052591131573194186,0.08181054756374047,0.46816685660678126,-0.006798743374547938,-0.045187584769587695,0.32030385960672525,0,0,0,6.753253378070832,6.753253378070832,7.6411499720759615,1.6011320013205728
combined,35.04,0.30000000000000004,0.12,0.375,0.2772132014088889,0.04898437075803415,0.05552881923416236,0.5233535335196068,-0.0031367312936614383,-0.0454350039063311,0.3219800826447724,0,0,0,5.892095347958257,5.892095347958257,7.639095858892613,2.69309834872016
combined,35.06,0.30000000000000004,0.12,0.375,0.27493392135815226,0.04726530541394814,0.011137735584775023,0.5645034502871795,-0.002552103173981684,-0.0424548648536817,0.32290300522478316,0,0,0,5.376469736258156,5.376469736258156,7.687920253062774,3.4837772584985918
combined,35.08,0.30000000000000004,0.12,0.375,0.27677030847098105,0.048735035678772624,-0.04728790951033164,0.5944252235795761,-0.005956705468175075,-0.03588139305352727,0.3227568627162551,0,0,0,5.076885416127317,5.076885416127317,7.754624047549406,4.503530051811028
combined,35.1,0.30000000000000004,0.12,0.375,0.27939033122402357,0.04976261546674758,-0.12215433092856613,0.6111828367563653,-0.010765490581349927,-0.026368029784727035,0.3212267252731967,0,0,0,4.113650663497636,4.113650663497636,7.830649319847375,6.105613021430975
combined,35.12,0.30000000000000004,0.12,0.375,0.27822428329634397,0.03909335803028156,-0.18062489937393783,0.6357532751991434,-0.011781264475641604,-0.014807485100945856,0.3181158047224725,0,0,0,4.3576716208796515,4.3576716208796515,7.869939984367381,9.806081614313111
combined,35.14,0.30000000000000004,0.12,0.375,0.26033182966721946,0.042263219590476506,-0.12051693081143966,0.5006260869975552,-0.009154135390851538,-0.003807840625578011,0.3150153952096629,0,1,0,8.120813245404197,8.120813245404197,7.9303912025738725,4.0789582495090695
combined,35.160000000000004,0.30000000000000004,0.12,0.375,0.2297012048155754,0.051708630655254176,-0.06328549070819217,0.3499274778778988,-0.009903560495224414,0.001224988833299072,0.31329272710587946,0,0,0,8.965345478481721,8.965345478481721,7.905987482536094,2.659881651485361
combined,35.18,0.30000000000000004,0.12,0.375,0.21142184444912196,0.07133537081205728,-0.034036267991450514,0.24269617816451428,-0.011923145788526893,0.004444562262531358,0.3121851096553814,0,0,0,9.694589158403456,9.694589158403456,7.850477809886058,10.744137397568142
combined,35.2,0.30000000000000004,0.12,0.375,0.21907814373728166,0.07914752470291063,-0.028426316449403462,0.29186419531644386,-0.009986266365468453,0.0030094402325821796,0.3113364472671555,0,0,0,8.13355911902626,8.13355911902626,7.7607760743123535,11.197603160421203
combined,35.22,0.30000000000000004,0.12,0.375,0.22951229201798967,0.0761265155632401,-0.01813081015576004,0.36833242120416215,-0.0046340616860315095,-0.0005719382653781807,0.31076110074998575,0,0,0,7.342535880931411,7.342535880931411,7.720168867750598,7.963592530364979
combined,35.24,0.30000000000000004,0.12,0.375,0.23179229645066968,0.07525947672110214,-0.002807460320501245,0.39982670401710546,-0.000522391905853059,-0.003787138726452479,0.31054220228057605,0,0,0,6.558688517121548,6.558688517121548,7.7141316526802015,4.09915949866265
combined,35.26,0.30000000000000004,0.12,0.375,0.22936014836106272,0.07704387513768425,0.013351706677824452,0.3793572674610647,0.0005390004002049588,-0.005597170370215228,0.3107115026591557,0,0,0,5.910331219036775,5.910331219036775,7.708400555425655,2.6217962357005993
combined,35.28,0.30000000000000004,0.12,0.375,0.2187683647639867,0.08458144025485896,0.02261886066661897,0.27294929939950274,-0.0015917156565245492,-0.004532756936666854,0.31118576052710345,0,0,0,5.6723057042505705,5.6723057042505705,7.702959778098201,2.841555399979765
combined,35.300000000000004,0.30000000000000004,0.12,0.375,0.21644054335345508,0.09538269718796401,0.017048167091584104,0.18935784295885802,-0.0050119428164692535,-0.002246899768426484,0.3116678611606154,0,0,0,5.537336891476156,5.537336891476156,7.697794365240924,3.3864131442087144
combined,35.32,0.30000000000000004,0.12,0.375,0.22441327973973688,0.10569564915071017,-0.0017262029769437438,0.20019872254105836,-0.006883630461399576,-0.00021256483084933423,0.3118699982599251,0,0,0,5.635871300517156,5.635871300517156,7.692890156244122,3.6427873857657915
combined,35.34,0.30000000000000004,0.12,0.375,0.237900193475487,0.11704437655228163,-0.03188772272238446,0.2844296812174197,-0.006460031453062213,0.0010803687564592027,0.3115575140706739,0,0,0,5.842353570604855,5.842353570604855,7.760405348611918,3.963264060519932
combined,35.36,0.30000000000000004,0.12,0.375,0.2400223278667275,0.1490462989621842,-0.02430436018614671,0.30312518789192877,-0.012666704517432133,0.004443417881144201,0.310904639018642,0,0,0,5.933731830470028,5.933731830470028,7.821845155830108,4.256705936852789
combined,35.38,0.30000000000000004,0.12,0.375,0.24612717364928172,0.1845622351382928,-0.027903781407719902,0.3983695637805873,-0.026904430528639264,0.012148838528928469,0.31019489243612164,0,1,0,6.600432428597914,6.600432428597914,7.81867034062773,4.624188970005353
combined,35.4,0.30000000000000004,0.12,0.375,0.2300835771347031,0.1689969806692246,0.026047571690293526,0.3849287202523304,-0.02741957116779809,0.012785747269192805,0.3101206313213107,0,0,0,7.190541241428661,7.190541241428661,7.807596288634535,2.704563532698047
combined,35.42,0.30000000000000004,0.12,0.375,0.21916755573768992,0.14175909389133023,0.0444946331790256,0.32667577722411295,-0.023643815707215698,0.008957123541691056,0.31054044620528215,0,0,0,11.81545009836141,11.81545009836141,7.7970924937006885,14.200608670817866
combined,35.44,0.30000000000000004,0.12,0.375,0.21400439457393908,0.12482029220628764,0.04154265518481403,0.21969176712129218,-0.01444109153098146,0.003405293437610439,0.3110619149478079,0,0,0,12.03765976204348,12.03765976204348,7.787128654320764,15.13939579931092
combined,35.46,0.30000000000000004,0.12,0.375,0.22660814123446626,0.12013831168171342,0.028127182834092834,0.19374312808720082,-0.010350021322947505,-0.006773222616727199,0.31158061460263103,0,0,0,13.765377856927959,13.765377856927959,7.768202646283196,16.54841195007011
combined,35.480000000000004,0.30000000000000004,0.12,0.375,0.24269882078271493,0.13204658220637544,0.021701759473044063,0.17971448520551792,-0.011643017974826303,-0.02203762549018546,0.3119715026916924,0,0,0,10.313019701320952,10.313019701320952,7.651804948577919,14.613793018824094
combined,35.5,0.30000000000000004,0.12,0.375,0.2508387884767131,0.1468068342348095,0.033186915843657225,0.2010801435063305,-0.01594301138996901,-0.03774082683313673,0.31258032233589444,0,0,0,10.176964669171149,10.176964669171149,7.460291854697935,10.35045549286762
combined,35.52,0.30000000000000004,0.12,0.375,0.24965982415345966,0.15776252032874397,0.050530261543125454,0.2832030741221163,-0.02067620459569208,-0.050709728980848474,0.3136010201977186,0,0,0,9.526048294849812,9.526048294849812,7.467163733019923,5.515959200912627
combined,35.54,0.30000000000000004,0.12,0.375,0.24501674893796452,0.16276151678621764,0.05576112477798478,0.40583607624480944,-0.024505194509584893,-0.059976698469127405,0.3148950438228033,0,0,0,8.445960170991116,8.445960170991116,7.403093178240063,3.3588411978121693
combined,35.56,0.30000000000000004,0.12,0.375,0.24372128835545498,0.16577014071825055,0.04800178189260952,0.508328785977485,-0.028127851669688727,-0.06655752674841374,0.3161627847543691,0,0,0,7.4646592006298,7.4646592006298,7.359630079111664,2.399786942129219
combined,35.58,0.30000000000000004,0.12,0.375,0.24579479086829875,0.1717441107769127,0.025508771201001458,0.5683047775523022,-0.03344207440561803,-0.07082217644028568,0.3171331201563658,0,0,0,6.6637467216693835,6.6637467216693835,7.357667687967272,2.105357277528987
combined,35.6,0.30000000000000004,0.12,0.375,0.247952293310678,0.18068764602094067,-0.009744543280026097,0.6233687951096523,-0.04243334563280507,-0.07255114496784718,0.31750786482689863,0,0,0,6.079659364963265,6.079659364963265,7.386527045607831,3.078010317520942
combined,35.62,0.30000000000000004,0.12,0.375,0.2641196813563302,0.1883058510792641,-0.0338950034134954,0.5722270530904827,-0.0446341272348929,-0.06828362873142844,0.3173438249781307,0,0,0,5.301512659900091,5.301512659900091,7.436093486053444,4.0572403674441375
combined,35.64,0.30000000000000004,0.12,0.375,0.2870371276644033,0.1941654335911734,-0.07869671507193272,0.45427024275666195,-0.043581741719914996,-0.05817655635244478,0.31639933924977137,0,0,0,4.41570627979091,4.41570627979091,7.501906135608081,5.037455220176743
combined,35.660000000000004,0.30000000000000004,0.12,0.375,0.30645480259281793,0.1822353837398486,-0.12847198830333542,0.2937526023538625,-0.03871203961469809,-0.04269561150738231,0.3144798883033793,0,0,0,5.599215415679272,5.599215415679272,7.506747529155167,6.749662801860024
combined,35.68,0.30000000000000004,0.12,0.375,0.291577047527982,0.17058498956104742,-0.09191302855283594,0.14335095042627766,-0.04113882727393461,-0.027786065975166405,0.3121701190464231,0,0,0,6.812745884667268,6.812745884667268,7.511351795019909,7.263383423932229
combined,35.7,0.30000000000000004,0.12,0.375,0.26684530123979144,0.1623954094399346,-0.03743012498737947,0.04167169934711712,-0.0503201984811578,-0.020962276592797466,0.31085342590578846,0,0,0,7.36359283528483,7.36359283528483,7.515730372901089,6.277937875496464
combined,35.72,0.30000000000000004,0.12,0.375,0.2544682516543667,0.1584963753765993,-0.03236239557957589,0.07269438051747733,-0.05460492402011456,-0.017563711379564195,0.31005745018474334,0,0,0,7.78314099318028,7.78314099318028,7.519894167378659,9.78734148557596
combined,35.74,0.30000000000000004,0.12,0.375,0.2624764306753382,0.15633332890728124,-0.04029006989518454,0.19372075256268426,-0.05000228972831945,-0.01735811649351807,0.3091702499822852,0,0,0,8.164559508170766,8.164559508170766,7.523853571331028,9.422991470508768
combined,35.76,0.30000000000000004,0.12,0.375,0.2771833824077072,0.15194913121073161,-0.029145582147255475,0.33195421051028395,-0.040812887696422835,-0.01984106936293666,0.3083705012235601,0,0,0,8.240197805420287,8.240197805420287,7.512861655566219,6.927709973863255
combined,35.78,0.30000000000000004,0.12,0.375,0.2861438210893931,0.14519256019942595,-0.00966079908661018,0.4587983483105873,-0.03460205610802755,-0.02214248682139866,0.3079894845491287,0,0,0,7.865024024841163,7.865024024841163,7.491170491779471,4.59764364686982
combined,35.800000000000004,0.30000000000000004,0.12,0.375,0.29113651467078316,0.13932073196856054,-0.0017719708718964375,0.5291268121313732,-0.03391156636721299,-0.022064560912376494,0.3079713637741561,0,0,0,7.305437339637282,7.305437339637282,7.476924273242076,2.753272310892516
combined,35.82,0.30000000000000004,0.12,0.375,0.3040732513710896,0.1327032103080862,-0.009221583838432409,0.5784029789185922,-0.03623317858371355,-0.019712508046847224,0.3079641659925201,0,0,0,6.615874794537785,6.615874794537785,7.482150317264711,2.757355931904922
combined,35.84,0.30000000000000004,0.12,0.375,0.3249720718516003,0.12661674567478712,-0.031366284432310064,0.6395866691150781,-0.0395397918862743,-0.015966328197720533,0.30760304292124196,0,0,0,6.211722064709448,6.211722064709448,7.487957385944842,2.6326563666851026
combined,35.86,0.30000000000000004,0.12,0.375,0.3488168438391998,0.12404302389443637,-0.05692308649887708,0.7059672849386855,-0.042122647095709655,-0.010873804521282109,0.3067071310263071,0,0,0,5.931559955443339,5.931559955443339,7.527363428482847,3.1693553892539454
combined,35.88,0.30000000000000004,0.12,0.375,0.3660632732115528,0.13108772128238264,-0.0694086201050199,0.7150084877920824,-0.04289649482909204,-0.004173606719552395,0.30529640124679214,0,0,0,5.682534211492177,5.682534211492177,7.582754425727529,3.597931177993379
combined,35.9,0.30000000000000004,0.12,0.375,0.35823240348654506,0.12517483557075942,0.02019059000476338,0.5788817511996848,-0.046090704397235276,0.005897755943186746,0.30457611974290577,0,1,0,7.547238315471894,7.547238315471894,7.6464416641521105,3.82348330211874
combined,35.92,0.30000000000000004,0.12,0.375,0.3348801978637674,0.08788878464011793,0.10783459161434743,0.3177388672291039,-0.039324143901965446,0.008717134290228742,0.30592458015212975,0,1,0,8.10939082400401,8.10939082400401,7.7293558017098505,1.7479962854049231
combined,35.94,0.30000000000000004,0.12,0.375,0.3107199308117997,0.055859447200940736,0.13700965059348527,0.12612771570358966,-0.033995384380962425,0.007876249408117606,0.3083325514333723,0,0,0,8.11089833690194,8.11089833690194,7.7228521888749455,2.216374531175452
combined,35.96,0.30000000000000004,0.12,0.375,0.29704697290168125,0.040075008412378856,0.12658901276602685,0.17849327189880265,-0.030598510436000394,0.0022224594635241435,0.310773833159446,0,0,0,7.018258604542133,7.018258604542133,7.716678819789379,7.961015897720388
combined,35.980000000000004,0.30000000000000004,0.12,0.375,0.29964410397819463,0.038525542243553416,0.08571262265189156,0.3036309586886961,-0.02590970270770638,-0.007584018959140573,0.31261751619948347,0,0,0,8.13656133445714,8.13656133445714,7.710818604485084,9.489250908836349
combined,36.0,0.30000000000000004,0.12,0.375,0.31484642112879563,0.04943394583442052,0.050449270569729206,0.34783657097129544,-0.020028718661049525,-0.01985986094810843,0.31376124517766046,0,0,0,9.36635001589156,9.36635001589156,7.705255368949356,8.07869333914571
combined_reverse,36.02,-0.30000000000000004,-0.12,-0.375,0.32136397446339215,0.061212635735995134,0.050472928674546544,0.37212458879979704,-0.01577324791705213,-0.029939142394140045,0.31477258888799436,0,0,0,9.54970079717645,9.54970079717645,7.649104096393149,5.328173003241591
combined_reverse,36.04,-0.30000000000000004,-0.12,-0.375,0.3183033016200591,0.06550696680929693,0.06861894765127256,0.4166637239774702,-0.011546192140439953,-0.0366045721726106,0.31614997732720884,0,0,0,8.870721009094282,8.870721009094282,7.563874752556618,2.974042831080626
combined_reverse,36.06,-0.30000000000000004,-0.12,-0.375,0.30829060495562516,0.058961622337376215,0.08333384720388853,0.4924428291035366,-0.006081487308638383,-0.041052497471277136,0.3179317781399973,0,0,0,7.797970582535643,7.797970582535643,7.499011047737078,1.4464490810093074
combined_reverse,36.08,-0.30000000000000004,-0.12,-0.375,0.29204647725743416,0.0474407058625605,0.09307394045215567,0.5365502662090673,-0.0014595485985318846,-0.04325396907848039,0.32000304731783163,0,0,0,6.493848153914342,6.493848153914342,7.47880543505671,1.9306636602424165
combined_reverse,36.1,-0.30000000000000004,-0.12,-0.375,0.2669583533319259,0.03362718749629999,0.09750539552015357,0.535997838081304,0.0008212862904128554,-0.04168013170432991,0.322221407056346,0,0,0,6.69470977407071,6.69470977407071,7.503879761268458,3.129776004145537
combined_reverse,36.12,-0.30000000000000004,-0.12,-0.375,0.231032531506026,0.011853588384059395,0.08044201931330577,0.4933935899651389,0.0008995238739058836,-0.03600342246848079,0.32427023636734914,0,0,0,6.978211802577583,6.978211802577583,7.572328943072048,4.366877461791132
combined_reverse,36.14,-0.30000000000000004,-0.12,-0.375,0.1805316593798881,-0.018948900992050086,0.0295427418889893,0.40488976373721647,0.0017233815622967454,-0.028470659499637792,0.3255758781317397,0,0,0,7.25136496837828,7.25136496837828,7.633779949693359,5.586297119980546
combined_reverse,36.160000000000004,-0.30000000000000004,-0.12,-0.375,0.12217201597016288,-0.05582000211240996,-0.059538807992643744,0.27519709037158063,0.004740733667996524,-0.021450614350175295,0.32536068208547275,0,0,0,7.750302298924307,7.750302298924307,7.632094742104673,7.098480247930448
combined_reverse,36.18,-0.30000000000000004,-0.12,-0.375,0.07115848129379307,-0.09451084859797844,-0.17482056673280358,0.15371274097896065,0.008191439930018161,-0.017781736099507874,0.3230158912472996,0,0,0,8.232505675237752,8.232505675237752,7.630493825361825,10.215463018373335
combined_reverse,36.2,-0.30000000000000004,-0.12,-0.375,-0.012838311850747349,-0.12439600146696919,-0.09284219276575836,0.33064425951526755,0.011861799949646796,-0.012039392041481405,0.3203540584085273,0,0,0,7.659551579762963,7.659551579762963,7.7369217797464245,7.496843053405528
combined_reverse,36.22,-0.30000000000000004,-0.12,-0.375,-0.07125098369853924,-0.1034658742885066,-0.0590158094154376,0.41579356342438784,0.009224452031058372,-0.005623402948767871,0.31858754805565115,0,0,0,10.292576409587182,10.292576409587182,7.803915007166275,13.07486674769657
combined_reverse,36.24,-0.30000000000000004,-0.12,-0.375,-0.10574453749643313,-0.07363910047922176,-0.022226115120890802,0.41418475809892774,0.006514162698237726,-0.00458991628824378,0.3176030320732949,0,0,0,6.925364784213095,6.925364784213095,7.858651995673426,12.114909652385146
combined_reverse,36.26,-0.30000000000000004,-0.12,-0.375,-0.13259136246393435,-0.05269077324396483,0.00767974237025486,0.35914572229244596,0.005182234349381816,-0.008869562161924248,0.31743570310043073,0,0,0,6.354589127622571,6.354589127622571,7.8908559987894975,6.988118185490981
combined_reverse,36.28,-0.30000000000000004,-0.12,-0.375,-0.15387016170484255,-0.04014311292036379,0.01904835696675746,0.2583594392765029,0.0058211384589152105,-0.016630592437692524,0.31770959817840994,0,0,0,6.796481773754437,6.796481773754437,7.882202626868256,3.2869723039283634
combined_reverse,36.300000000000004,-0.30000000000000004,-0.12,-0.375,-0.1708392367204699,-0.03864261081657325,0.009342809716646493,0.12215148109039738,0.010137669891140046,-0.025688697350578295,0.31797224356554055,0,0,0,7.23694337587032,7.23694337587032,7.871518972298073,3.996640432076047
combined_reverse,36.32,-0.30000000000000004,-0.12,-0.375,-0.18470878884286204,-0.051317233231870506,-0.022956137178201528,-0.002768608954995831,0.01653453741896619,-0.03315224970252776,0.3177622121480804,0,0,0,7.57819584667493,7.57819584667493,7.857709499418931,5.2376788263467216
combined_reverse,36.34,-0.30000000000000004,-0.12,-0.375,-0.20016911402623647,-0.07493608857042287,-0.07391436069055707,-0.10580231669379164,0.02275668929047686,-0.03651086115618932,0.3167020925872641,0,0,0,7.373057383457139,7.373057383457139,7.917615791083147,7.216231796323242
combined_reverse,36.36,-0.30000000000000004,-0.12,-0.375,-0.19684307993035347,-0.06303749029085606,-0.07460652127035408,-0.27325208148267743,0.011763304622008157,-0.028219293821604496,0.31525726609542365,0,0,0,5.726898725793845,5.726898725793845,8.019199112177642,4.006121975641949
combined_reverse,36.38,-0.30000000000000004,-0.12,-0.375,-0.18367588855121664,-0.050511501095876016,-0.08684578622314208,-0.32866074214037067,-0.002775604700060471,-0.013451259064397363,0.3133167980181449,0,1,0,6.228003260690917,6.228003260690917,7.997622354839216,3.781087159737948
combined_reverse,36.4,-0.30000000000000004,-0.12,-0.375,-0.1738632780125032,-0.06009656352924471,-0.032514108946815404,-0.40621105696329596,-0.001185517206324143,-0.00539221380801345,0.3121355492869268,0,0,0,7.668007588280506,7.668007588280506,7.979968985241005,3.454772318229229
combined_reverse,36.42,-0.30000000000000004,-0.12,-0.375,-0.17747972062003012,-0.07286300407899016,0.020702713132623122,-0.48513879649221786,0.0011406809719780031,-0.0008634501851146444,0.31205738112182585,0,0,0,8.524172273066242,8.524172273066242,7.960473371579944,3.8646661036847108
combined_reverse,36.44,-0.30000000000000004,-0.12,-0.375,-0.2025202569290128,-0.08533201676301026,0.07441377654566023,-0.47704279161443325,0.0017808301899015545,0.0034518152760047785,0.31312132368156137,0,0,0,7.250193302955253,7.250193302955253,7.942007183474075,3.810089372513282
combined_reverse,36.46,-0.30000000000000004,-0.12,-0.375,-0.23354163302944117,-0.10143226779835098,0.10999448032810258,-0.4353826729727646,0.0030762009429526078,0.009590926926998969,0.31510102882713115,0,0,0,6.341438599122312,6.341438599122312,7.945568610091076,3.759614720196879
combined_reverse,36.480000000000004,-0.30000000000000004,-0.12,-0.375,-0.26162813202782315,-0.12165487100064175,0.11331657791093279,-0.3589621091315257,0.005752388355019589,0.01563306707703786,0.3174538867954739,0,0,0,5.509194574013345,5.509194574013345,8.002469762065434,2.702738175618595
combined_reverse,36.5,-0.30000000000000004,-0.12,-0.375,-0.282911867740516,-0.1429849207637541,0.08620155227998777,-0.2691989166247663,0.008448626217347717,0.019385823792980608,0.31954366411670565,0,0,0,4.878084357851776,4.878084357851776,8.084399746696242,2.7240574617957765
combined_reverse,36.52,-0.30000000000000004,-0.12,-0.375,-0.2951997250444093,-0.16250102609460518,0.0426827221280791,-0.18700137252194673,0.009601912503158266,0.01936755454281564,0.3208881694144236,0,0,0,4.6521939098549145,4.6521939098549145,8.190653792422946,2.6932549251521043
combined_reverse,36.54,-0.30000000000000004,-0.12,-0.375,-0.2998064702207501,-0.1702371717876972,-0.011457970213733931,-0.18843883605565717,0.007110044416603822,0.01653059362098588,0.3212296141751929,0,0,0,5.4724460189947015,5.4724460189947015,8.288685280166415,2.5881615201898276
combined_reverse,36.56,-0.30000000000000004,-0.12,-0.375,-0.3016634408215795,-0.16935951161243104,-0.07197228439472671,-0.2906194266366522,0.001212694234480781,0.013002363217977082,0.3204302529037481,0,0,0,5.745244394130376,5.745244394130376,8.365941398587722,3.3741410457171495
combined_reverse,36.58,-0.30000000000000004,-0.12,-0.375,-0.3049873822460275,-0.16269742034860057,-0.1443987472629433,-0.45941064856669983,-0.0053470743124617495,0.010179496586555828,0.3183428088281863,0,0,0,5.428723389901423,5.428723389901423,8.431022683945457,3.8516466783959147
combined_reverse,36.6,-0.30000000000000004,-0.12,-0.375,-0.30246242168141124,-0.15160926876390443,-0.19274702819606615,-0.5762980310292143,-0.007428174359050848,0.008038391454064856,0.31471602906761226,0,1,0,5.548766649702955,5.548766649702955,8.502149196264963,6.341978772682072
combined_reverse,36.62,-0.30000000000000004,-0.12,-0.375,-0.28735591782148545,-0.1226416123183614,-0.08386177188358973,-0.3464589836461882,-0.004254754721382016,0.007945541290717967,0.3121826163605385,0,0,0,7.8970682939307615,7.8970682939307615,8.577038500961574,3.3916923530092764
combined_reverse,36.64,-0.30000000000000004,-0.12,-0.375,-0.2815045569092261,-0.10228204473445958,0.004101366945733242,-0.09339938576503039,-0.0033682824672804416,0.005688323450683025,0.31157753032336216,0,0,0,7.953482038368643,7.953482038368643,8.623404946394125,4.948807823372327
combined_reverse,36.660000000000004,-0.30000000000000004,-0.12,-0.375,-0.3022406057917767,-0.08483925803959579,0.08567996181368359,0.00286821029215284,-0.009591349900056913,0.0035196952358220366,0.3126782727385749,0,0,0,7.928054496421665,7.928054496421665,8.568107354524706,5.804464300676332
combined_reverse,36.68,-0.30000000000000004,-0.12,-0.375,-0.3178315751226545,-0.0663709097330427,0.11714060212438178,-0.01814387803021183,-0.02109912693667038,0.000794628613979746,0.31482550373547985,0,0,0,7.499761221172359,7.499761221172359,8.51602860976886,7.602428239997411
combined_reverse,36.7,-0.30000000000000004,-0.12,-0.375,-0.3228294833447417,-0.05030526416754168,0.10539329992506058,-0.1106825284138479,-0.03221018478956873,-0.00282400208288505,0.31708829912581843,0,0,0,7.223706525121355,7.223706525121355,8.46695651311181,6.981668376494418
combined_reverse,36.72,-0.30000000000000004,-0.12,-0.375,-0.32272343756796307,-0.03893972082870688,0.07478124589203168,-0.19875552648916323,-0.037534996035272876,-0.006369822522979294,0.3188769712929824,0,0,0,7.118640768807516,7.118640768807516,8.420695551129267,4.979898482569198
combined_reverse,36.74,-0.30000000000000004,-0.12,-0.375,-0.32454885940958195,-0.03577185607874951,0.03488925143740577,-0.25312921242263103,-0.03536448811019259,-0.00818080624840279,0.319966285267676,0,0,0,7.05975576175142,7.05975576175142,8.392403263598254,6.803744408688883
combined_reverse,36.76,-0.30000000000000004,-0.12,-0.375,-0.32883470133615156,-0.04224607154557655,-0.01602926979061977,-0.2659943025461298,-0.02874877181099317,-0.006575813680145993,0.3202070227345665,0,0,0,9.409298219940657,9.409298219940657,8.398649392998504,11.106411700872506
combined_reverse,36.78,-0.30000000000000004,-0.12,-0.375,-0.33294043593739153,-0.05606883050124946,-0.07865148138537444,-0.23790367324120934,-0.020781993856561255,-0.0008673189335214888,0.3194242980369235,0,0,0,15.207263726311364,14.0,8.409838264620888,16.707028000433795
combined_reverse,36.800000000000004,-0.30000000000000004,-0.12,-0.375,-0.3312081939093127,-0.06929987803085881,-0.15484202115599607,-0.1851417852809883,-0.014520903931447395,0.008550944335250535,0.31735731102337,0,0,0,17.285279204200243,14.0,8.428261470081686,17.78314013289357
combined_reverse,36.82,-0.30000000000000004,-0.12,-0.375,-0.32500865187796546,-0.08951147059130872,-0.13286290393550856,-0.24190506516417642,-0.00621977434217949,0.01605481490503708,0.3143429684632098,0,1,0,5.957040040747826,5.957040040747826,8.388377054291173,18.26624589973169
combined_reverse,36.84,-0.30000000000000004,-0.12,-0.375,-0.29489074146109323,-0.10296873305410954,-0.07802594518758492,-0.2697288566056345,-0.00805238360390678,0.023511880935037463,0.3124785268112335,0,1,0,7.471893404860432,7.471893404860432,8.048110348492777,3.9637409369728065
combined_reverse,36.86,-0.30000000000000004,-0.12,-0.375,-0.28211903632810237,-0.11090356003438423,0.001089729601093662,-0.36640466675629335,-0.012241700593443683,0.03114473025361515,0.31195346214957703,0,0,0,8.945456751588518,8.945456751588518,8.146350961575415,4.815793594127132
combined_reverse,36.88,-0.30000000000000004,-0.12,-0.375,-0.2936143789174891,-0.11796893418520474,0.08975544571091504,-0.49240830781651507,-0.0162030501895302,0.04223235642128408,0.3131223317864223,0,0,0,8.739952998780902,8.739952998780902,8.192971288028563,4.994683362848737
combined_reverse,36.9,-0.30000000000000004,-0.12,-0.375,-0.31296629859955327,-0.1443069215306018,0.1095807553353886,-0.4625206977864009,-0.013262578906288913,0.05281475009328495,0.3154879085676745,0,0,0,7.215053510277614,7.215053510277614,8.190744885441347,5.522410137705214
combined_reverse,36.92,-0.30000000000000004,-0.12,-0.375,-0.3243026189374658,-0.17589767857251856,0.07364373433233089,-0.352239945891281,-0.003992140895240861,0.05481101942725372,0.31758075251677226,0,0,0,6.031027507843823,6.031027507843823,8.291162903595442,6.947603643761346
combined_reverse,36.94,-0.30000000000000004,-0.12,-0.375,-0.3231180698123955,-0.1991017113582885,0.01385794446620087,-0.23374064518738447,0.002351411352150022,0.04993789632414292,0.31860498690757977,0,0,0,8.336403252613826,8.336403252613826,8.360594309902446,9.482019396077654
combined_reverse,36.96,-0.30000000000000004,-0.12,-0.375,-0.31467530995164344,-0.2133233586785852,-0.04633563060177662,-0.15019865370764351,0.0010233311072125393,0.041899532565752316,0.31827323529329393,0,0,0,13.158432730644929,13.158432730644929,8.34603131579167,14.10777737202875
combined_reverse,36.980000000000004,-0.30000000000000004,-0.12,-0.375,-0.30570430067156357,-0.21949193855975338,-0.0966353652920185,-0.16688168968812392,-0.008010746507741738,0.032415565399407854,0.3167487431188069,0,0,0,13.740974828179393,13.740974828179393,8.266515500888083,14.968669829205616
combined_reverse,37.0,-0.30000000000000004,-0.12,-0.375,-0.3006535530427168,-0.22080345891021091,-0.13399293329047834,-0.29629701694500765,-0.02096713477345251,0.021899841928389147,0.3143763646124591,0,0,0,13.850747571496175,13.850747571496175,7.892076161865312,15.660983400692142
combined_reverse,37.02,-0.30000000000000004,-0.12,-0.375,-0.29194809463902766,-0.21740046430099144,-0.08484757197538904,-0.39249350684530104,-0.019084118129740108,0.019084950344414497,0.3122229440875444,0,1,0,5.87015271110667,5.87015271110667,7.52589456478238,15.660983400692142
combined_reverse,37.04,-0.30000000000000004,-0.12,-0.375,-0.2784306624003889,-0.16892524733904257,-0.04148789488581238,-0.41138509976972304,-0.020290683730919575,0.01425669004881075,0.31122009916279275,0,1,0,7.235494836407294,7.235494836407294,7.529559178634798,2.83648969943435
combined_reverse,37.06,-0.30000000000000004,-0.12,-0.375,-0.28137977815151344,-0.10702281852783685,-0.0030204610576361085,-0.4167152033366455,-0.01971190611068067,0.0030786346254335455,0.31088993968735334,0,0,0,7.762633077155746,7.762633077155746,7.533043613299746,3.407746807012705
combined_reverse,37.08,-0.30000000000000004,-0.12,-0.375,-0.2975273082736858,-0.07029481885283712,0.034178000393411144,-0.31545441631585136,-0.013279736147931561,-0.01232841217925965,0.31105901725677587,0,0,0,6.494560946606224,6.494560946606224,7.536356627463594,6.246900999446257
combined_reverse,37.1,-0.30000000000000004,-0.12,-0.375,-0.31974758414236476,-0.06306204701961052,0.09029675759344266,-0.15379936314551063,-0.002860595246340462,-0.02434714232971589,0.31207703476812093,0,0,0,6.8425276194722455,6.8425276194722455,7.539506563692157,7.341756160202658
combined_reverse,37.12,-0.30000000000000004,-0.12,-0.375,-0.343480454137106,-0.05458428693860206,0.13566994169189964,-0.07939691193917979,0.003268923649640575,-0.031005690669494247,0.3141431627621857,0,0,0,6.795097655105929,6.795097655105929,7.54250136726975,6.92440471231458
combined_reverse,37.14,-0.30000000000000004,-0.12,-0.375,-0.36452449483006977,-0.04259543031137342,0.1471154562667902,-0.0779842624378156,0.004538426197085877,-0.03577019156296269,0.31673778173777883,0,0,0,6.145804484482149,6.145804484482149,7.545348604275947,4.976576228421226
combined_reverse,37.160000000000004,-0.30000000000000004,-0.12,-0.375,-0.3806490874365145,-0.034537459163307326,0.11803634754173095,-0.1257328593704407,0.003977319168118063,-0.04029587437206398,0.3190936229809177,0,0,0,5.9020986789006775,5.9020986789006775,7.548055478921864,2.8798444130312237
combined_reverse,37.18,-0.30000000000000004,-0.12,-0.375,-0.39065464375385933,-0.036872085707538645,0.05276443869371128,-0.18669204146312102,0.00471290271215194,-0.043077420259527044,0.3204341809340841,0,0,0,6.1012131775563745,6.1012131775563745,7.596025197712407,2.9004048636017203
combined_reverse,37.2,-0.30000000000000004,-0.12,-0.375,-0.39511469560079315,-0.04973519186677493,-0.029971699374896407,-0.21234365501984995,0.007862358129156942,-0.04155105027496322,0.3202620127072687,0,0,0,6.449819789947033,6.449819789947033,7.650803788062937,4.061316972433364
combined_reverse,37.22,-0.30000000000000004,-0.12,-0.375,-0.3917259262886689,-0.0704998774945504,-0.12579929712764867,-0.18238249248252644,0.012091548789412885,-0.03546558725129633,0.31837109863830354,0,0,0,6.680361513489247,6.680361513489247,7.6940653122341445,5.821757092999205
combined_reverse,37.24,-0.30000000000000004,-0.12,-0.375,-0.36171719966745847,-0.06678889343226259,-0.18240399659385617,-0.17349146729062376,0.0068262162829953645,-0.02314445185744277,0.31495668876457106,0,0,0,6.23805838599018,6.23805838599018,7.728664734236084,7.026048491815774
combined_reverse,37.26,-0.30000000000000004,-0.12,-0.375,-0.310058622207095,-0.07179391078984075,-0.14171533210011825,-0.17146077134150123,-0.0002506125981283309,-0.008699438274280758,0.31121848319750806,0,1,0,8.385270844708614,8.385270844708614,7.772078523059072,5.743683805320979
combined_reverse,37.28,-0.30000000000000004,-0.12,-0.375,-0.27759269764349437,-0.08691170783376578,-0.036448530160798166,-0.2914347929447387,-7.422644963444679e-05,-0.0025386789540409915,0.3095256620535512,0,0,0,9.843462850875671,9.843462850875671,7.791460242144879,5.6965608787205
combined_reverse,37.300000000000004,-0.30000000000000004,-0.12,-0.375,-0.2845159521595126,-0.09955844965896653,0.06570923766253589,-0.43475392958837106,-0.0018807342515332883,0.0003917260494970427,0.309982492036146,0,0,0,9.838132800525363,9.838132800525363,7.895605603979483,5.625784471029134
combined_reverse,37.32,-0.30000000000000004,-0.12,-0.375,-0.304413936910437,-0.11279411166911778,0.1327443165292028,-0.48941685459398176,-0.0006495033456385673,0.0031763766024793176,0.312189848193916,0,0,0,7.01254368702474,7.01254368702474,8.005606507041325,3.9231395564769693
combined_reverse,37.34,-0.30000000000000004,-0.12,-0.375,-0.3193228015831631,-0.1294649473794194,0.1421434072044678,-0.4273234924628114,0.002842138156539124,0.0055596933862290775,0.31511002333071314,0,0,0,5.695155505140059,5.695155505140059,8.13546491942148,3.6816045050473107
combined_reverse,37.36,-0.30000000000000004,-0.12,-0.375,-0.32680481526210287,-0.14711870792118933,0.11142642021793926,-0.28607068970365146,0.005724373399363595,0.004989320219763985,0.31774416201934025,0,0,0,5.847954608086436,5.847954608086436,8.227436888535795,5.069239538904299
combined_reverse,37.38,-0.30000000000000004,-0.12,-0.375,-0.33069235410737813,-0.15904518683132102,0.06752509756125594,-0.17564239824724534,0.004166202209812226,0.0012427690054282823,0.3195832307226081,0,0,0,6.424263746672213,6.424263746672213,8.292824401989932,6.839666492359651
combined_reverse,37.4,-0.30000000000000004,-0.12,-0.375,-0.3334546843243778,-0.15695903763179056,0.011078014380591908,-0.16120642319291553,-0.0033997467922676126,-0.0027848364551613706,0.3204573368244298,0,0,0,7.810282533647804,7.810282533647804,8.363745408394202,9.362966279803096
combined_reverse,37.42,-0.30000000000000004,-0.12,-0.375,-0.3343766760747559,-0.14030467028363483,-0.07073531358482055,-0.2394224447330416,-0.015496293295556034,-0.00375174157153679,0.320027815188368,0,0,0,13.268799611429676,13.268799611429676,8.381468714637474,14.8480159682774
combined_reverse,37.44,-0.30000000000000004,-0.12,-0.375,-0.3328582477193683,-0.13419132496561484,-0.12089206509765839,-0.2527837197203213,-0.022694027438709758,0.0006021699215178571,0.3180382542229151,0,0,0,6.2001965451494225,6.2001965451494225,8.221005822252586,16.53644209118479
combined_reverse,37.46,-0.30000000000000004,-0.12,-0.375,-0.30296260464915875,-0.13617814418445737,-0.210994987456346,-0.4409016034232244,-0.009069862049579772,0.014284043272042855,0.314683816648032,0,0,0,4.015283137066561,4.015283137066561,7.847578494357585,8.339285622603532
combined_reverse,37.480000000000004,-0.30000000000000004,-0.12,-0.375,-0.26814213383983465,-0.10262574249704465,-0.18719463640830417,-0.4063818730044178,0.0006360988038704496,0.02560799797422603,0.3103113785717098,0,0,0,9.905547103536064,9.905547103536064,7.900394908099965,5.810851048105159
combined_reverse,37.5,-0.30000000000000004,-0.12,-0.375,-0.2525010326855386,-0.061899095409026716,-0.06073877779084495,-0.24081260319848297,-0.0018720541474019474,0.0230411032310782,0.3079788307018987,0,0,0,9.999148514136564,9.999148514136564,7.905706417246897,4.1339779602968765
combined_reverse,37.52,-0.30000000000000004,-0.12,-0.375,-0.25232350104506485,-0.03848786857356514,0.07116164962063083,-0.08401831359899617,-0.007152651533778119,0.016229116331643426,0.3082734053686621,0,0,0,9.193012363147808,9.193012363147808,7.857105154957122,5.736729251195279
combined_reverse,37.54,-0.30000000000000004,-0.12,-0.375,-0.25627962014554556,-0.02178106068613979,0.14485237159627504,-0.05994200202602479,-0.014342869756070575,0.009349469093412128,0.310632603959654,0,0,0,8.04760272282164,8.04760272282164,7.785134615814776,5.807920052545792
combined_reverse,37.56,-0.30000000000000004,-0.12,-0.375,-0.25741600442691337,-0.009313019971121848,0.15281734915475448,-0.13232113517202113,-0.019141412453026415,0.0039007670585249556,0.3136778527304065,0,0,0,6.876047478604678,6.876047478604678,7.755543543766056,4.917247272481048
combined_reverse,37.58,-0.30000000000000004,-0.12,-0.375,-0.25899313469086277,0.0021746809215852773,0.12464695891737741,-0.2471430615937927,-0.022361685197923253,-0.0008468871075688415,0.31643433433805646,0,0,0,6.2668958148955305,6.2668958148955305,7.747706644131689,3.2149071004675553
combined_reverse,37.6,-0.30000000000000004,-0.12,-0.375,-0.2650917674548795,0.007695943024210677,0.0834746978411647,-0.3354543369764365,-0.02372751714509075,-0.004127204265008059,0.3184556248090636,0,0,0,6.111196965749515,6.111196965749515,7.777507341529727,2.9312449241444654
combined_reverse,37.62,-0.30000000000000004,-0.12,-0.375,-0.2740976929570092,0.004955487190432934,0.02851263451370822,-0.37588916098034053,-0.022649800199976682,-0.0029472812739988275,0.3195265282024948,0,0,0,5.974336043043066,5.974336043043066,7.8282378499004714,2.655019661063127
combined_reverse,37.64,-0.30000000000000004,-0.12,-0.375,-0.27448111678840476,-0.003226237922129588,-0.04731467954730248,-0.3590560584760259,-0.021127350247429944,0.0028460336838440838,0.3193222053737603,0,0,0,5.896312146440577,5.896312146440577,7.881953793661051,3.692132528718393
combined_reverse,37.660000000000004,-0.30000000000000004,-0.12,-0.375,-0.264483454922912,-0.02998009549439804,-0.09864407329655558,-0.34035899774616374,-0.016688191418546872,0.009456740131273685,0.31766447174460605,0,0,0,5.816607221516218,5.816607221516218,7.940153243271567,4.162371316230458
combined_reverse,37.68,-0.30000000000000004,-0.12,-0.375,-0.2516205806099104,-0.09569869495472266,-0.1119030948226962,-0.302564613364741,-0.0010482923692371417,0.00513370729320698,0.31568436159583924,0,0,0,6.376927648051889,6.376927648051889,8.007265846805012,8.049410267213151
combined_reverse,37.7,-0.30000000000000004,-0.12,-0.375,-0.23289630685266824,-0.13173922581309078,-0.04095832990719347,-0.3612461145055367,0.006298905411351216,-0.0012069830283537994,0.3141289600164317,0,0,0,8.293680694168934,8.293680694168934,8.079113878920072,9.993619685730073
combined_reverse,37.72,-0.30000000000000004,-0.12,-0.375,-0.22568849995562165,-0.1395523556344922,0.03194328772536811,-0.47423883616706336,-0.000225789657413893,-0.0005828276019544138,0.31427150886694716,0,0,0,7.425298875260426,7.425298875260426,8.168303719837255,4.491784944839273
combined_reverse,37.74,-0.30000000000000004,-0.12,-0.375,-0.24186684067058303,-0.1495081669520094,0.08549904203036911,-0.5634757815851141,-0.0009937688164790833,0.003627356038964357,0.31557902229071677,0,0,0,6.784074893270904,6.784074893270904,8.239999253631535,4.002738755575032
combined_reverse,37.76,-0.30000000000000004,-0.12,-0.375,-0.25847996952148505,-0.17038742330946377,0.111250346712051,-0.5540604810419385,0.006583449810531442,0.008883593511483458,0.3177107439971304,0,0,0,5.6264755759181355,5.6264755759181355,8.365295930748712,4.510987947255373
combined_reverse,37.78,-0.30000000000000004,-0.12,-0.375,-0.2671189038078146,-0.1949210871775641,0.10059308065217859,-0.4567326242598417,0.01801629479939408,0.011123402364331717,0.319940281311597,0,0,0,5.526558778172838,5.526558778172838,8.35902085191212,4.510987947255373
combined_reverse,37.800000000000004,-0.30000000000000004,-0.12,-0.375,-0.2649893439564995,-0.21610674926434892,0.06561047247406107,-0.3273491511270179,0.025581223215699216,0.009094577074942744,0.3216324802877899,0,0,0,6.370292039800535,6.370292039800535,8.42058860636816,5.174798078318529
combined_reverse,37.82,-0.30000000000000004,-0.12,-0.375,-0.25456579327165313,-0.2289583833546218,0.02342013877007075,-0.23308542766795498,0.026844410283028555,0.0037140180008708354,0.3224923806560433,0,0,0,7.491754816562324,7.491754816562324,8.53478009402933,6.664693947003335
combined_reverse,37.84,-0.30000000000000004,-0.12,-0.375,-0.24301766160331184,-0.230464486881724,-0.025245826081088066,-0.2183926699288633,0.02228792041893885,-0.00222888908940943,0.32246652394015407,0,0,0,7.892358102037397,7.892358102037397,8.658614670339656,9.400777202851515
combined_reverse,37.86,-0.30000000000000004,-0.12,-0.375,-0.2345176583003003,-0.22058067498313025,-0.09340003253744442,-0.28589606892742503,0.014979056472141386,-0.005409696315607826,0.321363061721967,0,0,0,13.823990618281307,13.823990618281307,8.72113753230117,15.307321528853343
combined_reverse,37.88,-0.30000000000000004,-0.12,-0.375,-0.22942023111695728,-0.20685526225835474,-0.16791774231109902,-0.3832086230221828,0.011649280574590552,-0.0036777387529864695,0.31891015041432463,0,0,0,15.733207773087655,14.0,8.575526607641507,16.795028522262044
combined_reverse,37.9,-0.30000000000000004,-0.12,-0.375,-0.20876661828782503,-0.2090840774031094,-0.1668986891222153,-0.36077133432805736,0.029826014542349937,0.009676165344556264,0.3156294626042924,0,1,0,8.32529992697423,8.32529992697423,8.194153166235033,11.875040137090966
combined_reverse,37.92,-0.30000000000000004,-0.12,-0.375,-0.2101060978270952,-0.14230555680570953,-0.08319354376399414,-0.2854756213327885,0.03323537682300358,0.012486509050188317,0.31321416877560143,0,0,0,8.991583776014814,8.991583776014814,8.277201023310464,4.917387947996702
combined_reverse,37.94,-0.30000000000000004,-0.12,-0.375,-0.22167672038544395,-0.10458014158155822,0.012884554413997903,-0.23787176753162723,0.031231368389240125,0.004066560800169744,0.3126246515187014,0,0,0,8.076826762977722,8.076826762977722,8.309678282629314,9.186467514801413
combined_reverse,37.96,-0.30000000000000004,-0.12,-0.375,-0.23421884376418228,-0.09132546842037759,0.09810632204310177,-0.19988487403629604,0.020386519603664117,-0.006347649737437719,0.31375288286387404,0,0,0,7.969542970057475,7.969542970057475,8.289213441855871,9.37941890313384
combined_reverse,37.980000000000004,-0.30000000000000004,-0.12,-0.375,-0.24502232116779718,-0.08498843891309243,0.13099307138315155,-0.2524318067090791,0.005379588342444085,-0.012596001337363516,0.3160731484987111,0,0,0,7.060861059750074,7.060861059750074,8.252958083970618,7.7073684895408885
combined_reverse,38.0,-0.30000000000000004,-0.12,-0.375,-0.2515647227003455,-0.07778964330069912,0.11719794217832682,-0.3587085986223114,-0.0065718945927491805,-0.01477501862741919,0.3185118690658007,0,0,0,6.395862322018456,6.395862322018456,8.218709937218723,5.074907361941831
combined_reverse,38.02,-0.30000000000000004,-0.12,-0.375,-0.25826943387428064,-0.07006686885198297,0.08554635293037924,-0.44900619659280355,-0.012173180935076588,-0.014689423347177717,0.3204968229116612,0,0,0,5.861066838445104,5.861066838445104,8.248439374747417,4.306892272860558
combined_reverse,38.04,-0.30000000000000004,-0.12,-0.375,-0.2664821812662153,-0.06729615355831983,0.03843604440249054,-0.4798609954277384,-0.011276571288314318,-0.01286192536524431,0.3216931789287305,0,0,0,5.56666529893146,5.56666529893146,8.297125077302201,5.869146464045388
combined_reverse,38.06,-0.30000000000000004,-0.12,-0.375,-0.2776481291562244,-0.0698463922147234,-0.021515119917140644,-0.43745052907826304,-0.0053776120530149955,-0.008422941554836288,0.32187590477871414,0,0,0,6.312884544202809,6.312884544202809,8.354704394703727,8.288331875949439
combined_reverse,38.08,-0.30000000000000004,-0.12,-0.375,-0.2922548906062325,-0.07876434992756684,-0.10257964823713871,-0.3387482009567005,0.0014606940691566524,-0.0011426052421586784,0.3207465700719986,0,0,0,12.27350024334982,12.27350024334982,8.38212489975616,14.198896807910502
combined_reverse,38.1,-0.30000000000000004,-0.12,-0.375,-0.3081430925935041,-0.08578973059696592,-0.18912283427492957,-0.21711969990383403,0.005659892244103324,0.008368843604300732,0.3180296615322856,0,1,0,16.724312053945724,14.0,8.340673692428496,17.663463049613416
combined_reverse,38.12,-0.30000000000000004,-0.12,-0.375,-0.3172135720660824,-0.09883278148953001,-0.1160090358405652,-0.25811872868061125,0.009856558244628976,0.015232706511975842,0.3151395557781128,0,1,0,7.1695486141027835,7.1695486141027835,8.301549808358217,17.989367227752876
combined_reverse,38.14,-0.30000000000000004,-0.12,-0.375,-0.3114021042239153,-0.11226535250393985,-0.06439447172310683,-0.3224009037072124,0.008910502140253362,0.020679604808864716,0.3133654049677352,0,0,0,9.087968525129758,9.087968525129758,8.264608880652744,5.117466088643363
combined_reverse,38.160000000000004,-0.30000000000000004,-0.12,-0.375,-0.3152345337208989,-0.1292562403926255,0.03581814036396859,-0.527848889433489,0.006427374805282487,0.026204781026280863,0.31313025757408075,0,0,0,9.886529496490327,9.886529496490327,8.20927447903042,8.424421600980452
combined_reverse,38.18,-0.30000000000000004,-0.12,-0.375,-0.3303599850433473,-0.15330023770527815,0.09634928393483694,-0.6495566602166742,0.005301366119873189,0.03212466625952593,0.314631971861007,0,0,0,8.007732570933252,8.007732570933252,8.094437918209731,9.176029527262724
combined_reverse,38.2,-0.30000000000000004,-0.12,-0.375,-0.34814288157395357,-0.18002981459703563,0.1027760560854781,-0.6491221332796511,0.008390018455348635,0.036114075869943876,0.31680016330287547,0,0,0,5.807023542065977,5.807023542065977,8.041422936681144,8.520485529478831
combined_reverse,38.22,-0.30000000000000004,-0.12,-0.375,-0.35524718927278814,-0.20403709818287605,0.0655397732969597,-0.5469311712508391,0.013182418808192735,0.03721384861881613,0.31863707958695375,0,0,0,4.478160911454305,4.478160911454305,8.018661461770389,5.27366156522519
combined_reverse,38.24,-0.30000000000000004,-0.12,-0.375,-0.35000894694261253,-0.22108904529378762,0.007395295743739573,-0.4163084100458239,0.015711484791734568,0.03517393955117821,0.31946723254317344,0,0,0,5.498968287131977,5.498968287131977,8.027975343486165,2.9895456361479704
combined_reverse,38.26,-0.30000000000000004,-0.12,-0.375,-0.33915039349649323,-0.22990013981820498,-0.04754006417034892,-0.3256790169240157,0.014079486714962718,0.030897756190265285,0.31910299799260633,0,0,0,6.885803016445666,6.885803016445666,8.141619670181548,3.2387472645526847
combined_reverse,38.28,-0.30000000000000004,-0.12,-0.375,-0.32964017892603154,-0.23225286599432432,-0.0873602234292434,-0.3494187641448472,0.007703125740798785,0.026474882719651198,0.3177931175361606,0,0,0,7.439726592021401,7.439726592021401,8.257112922911833,3.6583657381776904
combined_reverse,38.300000000000004,-0.30000000000000004,-0.12,-0.375,-0.32095594475440403,-0.22584798706048526,-0.134628204004075,-0.461913834855773,3.0839981281012854e-05,0.023916157801056853,0.3156676472257004,0,0,0,7.077189344669216,7.077189344669216,8.363072623266437,3.9368426484493915
combined_reverse,38.32,-0.30000000000000004,-0.12,-0.375,-0.3131757627542589,-0.1926064475067465,-0.15574151439653874,-0.5203243878952221,-0.007999840455916384,0.02259473708412244,0.31261986447494305,0,0,0,6.503407924709544,6.503407924709544,8.367452235122933,5.129110399351883
combined_reverse,38.34,-0.30000000000000004,-0.12,-0.375,-0.30163553955337963,-0.13135775427775723,-0.05594539352338294,-0.35767801161213125,-0.00888755362003661,0.019150408295399466,0.3106279053419111,0,1,0,8.49898745008624,8.49898745008624,8.326826551288558,5.129110399351883
combined_reverse,38.36,-0.30000000000000004,-0.12,-0.375,-0.28824036198514036,-0.08782386916898223,0.028483851358028955,-0.2063061420259201,-0.0024025847266762627,0.012318769674011782,0.31067933456192603,0,1,0,8.53048818132235,8.53048818132235,8.288476800426942,4.435181733728733
combined_reverse,38.38,-0.30000000000000004,-0.12,-0.375,-0.2899917851748792,-0.06788468477556234,0.08306397304672865,-0.13339278432422527,0.0032491908974708597,-0.0005728535454408702,0.3119664860900923,0,0,0,7.712668301188449,7.712668301188449,8.252262338322002,4.435181733728733
combined_reverse,38.4,-0.30000000000000004,-0.12,-0.375,-0.30035565051445134,-0.06686294002477329,0.11126129766201721,-0.08746591797664574,0.0039503011612038235,-0.013299339165183395,0.3138679479242549,0,0,0,7.939455214893532,7.939455214893532,8.218052599359499,4.78429433841959
combined_reverse,38.42,-0.30000000000000004,-0.12,-0.375,-0.3061124049791923,-0.06751462683657786,0.11302794084473403,-0.10264214194154517,0.002627333296712345,-0.022539221735048683,0.3159692814535256,0,0,0,7.827806649287835,7.827806649287835,8.185726228419394,4.356066857236337
combined_reverse,38.44,-0.30000000000000004,-0.12,-0.375,-0.3122430050492405,-0.06577636100028633,0.09580780488253643,-0.15933167131605355,-0.0004503229085005,-0.029008033757950788,0.3178501154983913,0,0,0,7.618356923400087,7.618356923400087,8.155170302771541,2.5460775831583486
combined_reverse,38.46,-0.30000000000000004,-0.12,-0.375,-0.31972655878575174,-0.06528462245325146,0.06211340978287203,-0.22256673134819477,-0.00238475964575542,-0.03350230706124424,0.3191993724354623,0,0,0,7.3078467944139405,7.3078467944139405,8.126279633017479,2.1521613539688618
combined_reverse,38.480000000000004,-0.30000000000000004,-0.12,-0.375,-0.3279930276876426,-0.07170095778839784,0.01186884747479173,-0.24022416072828753,-0.0013262624789536965,-0.03519817367348675,0.3196952996520494,0,0,0,7.144932747861223,7.144932747861223,8.130748519546398,2.2012822086915405
combined_reverse,38.5,-0.30000000000000004,-0.12,-0.375,-0.3359015680514251,-0.08432055598505032,-0.048733752537506114,-0.19457337882369624,0.0017460143087826927,-0.0329663690072974,0.31911106822146135,0,0,0,7.062188083994485,7.062188083994485,8.139965691338023,3.6715088719499964
combined_reverse,38.52,-0.30000000000000004,-0.12,-0.375,-0.33839219942268406,-0.10222727086888606,-0.12702751351873082,-0.10161705139379942,0.006261550626498343,-0.026870741532888286,0.31716422471271394,0,0,0,6.775175944290005,6.775175944290005,8.151084167509367,4.925052155994147
combined_reverse,38.54,-0.30000000000000004,-0.12,-0.375,-0.3089345175902783,-0.09126707124749231,-0.16745248500920473,-0.0024988741128066858,-0.0014909627975159927,-0.014499770089841688,0.3140700178068212,0,0,0,5.808274717955301,5.808274717955301,8.172709215960207,3.5550398615607595
combined_reverse,38.56,-0.30000000000000004,-0.12,-0.375,-0.27002231866307247,-0.09154747567630023,-0.1199265952080467,-0.0025648765609696004,-0.006367366032955371,-0.0022323510158996627,0.3109622367294468,0,0,0,8.02941477844265,8.02941477844265,8.222102347434973,5.212498996994568
combined_reverse,38.58,-0.30000000000000004,-0.12,-0.375,-0.25686772423594506,-0.0946842845622639,-0.028266401716740178,-0.2029969626245795,-0.00449496679570193,0.0035404936886952085,0.30955205322134455,0,0,0,9.80507006377537,9.80507006377537,8.362755511891294,7.31879879344067
combined_reverse,38.6,-0.30000000000000004,-0.12,-0.375,-0.28292289377869145,-0.10383516973736322,0.0813017705041608,-0.3662972755124405,-0.0026353536635469097,0.008152125476041931,0.31030270846878305,0,0,0,10.109671057958895,10.109671057958895,8.36264649040243,4.577794881768438
combined_reverse,38.62,-0.30000000000000004,-0.12,-0.375,-0.3132426814939147,-0.11616755161252518,0.14225569859121823,-0.4105304258141399,0.0007940940920933678,0.013408135894472147,0.3128390873224045,0,0,0,7.082617717038828,7.082617717038828,8.223006595683184,3.8587472599136685
combined_reverse,38.64,-0.30000000000000004,-0.12,-0.375,-0.3270593517484866,-0.12819043912469646,0.13296405373274686,-0.36388190626236266,0.004742065924626592,0.018068239481629587,0.31583345906955,0,0,0,5.72712289178965,5.72712289178965,8.190408112723034,3.3078808212892414
combined_reverse,38.660000000000004,-0.30000000000000004,-0.12,-0.375,-0.32338173916820623,-0.1382496579177085,0.07965175051184645,-0.2685679991153494,0.007059515665560538,0.01921408915680348,0.3181175285723917,0,0,0,6.013119179605584,6.013119179605584,8.240642816553432,4.793105778371753
combined_reverse,38.68,-0.30000000000000004,-0.12,-0.375,-0.3115640747691201,-0.14347198634669292,0.016073048175795215,-0.22238843963681434,0.0037175777261090203,0.016403786197932053,0.3191781454538146,0,0,0,6.746269918967287,6.746269918967287,8.341407566055548,6.651090603600751
combined_reverse,38.7,-0.30000000000000004,-0.12,-0.375,-0.30031224448594834,-0.13863786497826888,-0.04831434382211517,-0.2644231065857162,-0.006408867443815587,0.011582282805022194,0.31900637059545317,0,0,0,7.633468047099523,7.633468047099523,8.451013070530166,9.166018546633738
combined_reverse,38.72,-0.30000000000000004,-0.12,-0.375,-0.29455305817922084,-0.12276757897801918,-0.12155970834828643,-0.39752607748087576,-0.01947448344070091,0.007099848977193555,0.317545898922563,0,0,0,13.295721836892358,13.295721836892358,8.565020794533837,14.823554392495131
combined_reverse,38.74,-0.30000000000000004,-0.12,-0.375,-0.29252237346843835,-0.10223786429605024,-0.19675727920142158,-0.5458113883995069,-0.02761279160594219,0.005039218184357386,0.31468227396828247,0,0,0,17.216984370617922,14.0,8.630246673350761,17.852269209919385
combined_reverse,38.76,-0.30000000000000004,-0.12,-0.375,-0.2544237126759135,-0.13096470457156464,-0.2136672613086476,-0.4652487246815801,-0.005568702508765163,0.015717979119450987,0.31107384550887535,0,1,0,4.239005823779034,4.239005823779034,8.40023525685184,10.756883749773817
combined_reverse,38.78,-0.30000000000000004,-0.12,-0.375,-0.21660995191698343,-0.08653465129890858,-0.11334752825070597,-0.20224747791427758,0.0022078633499759844,0.02025427800977782,0.3078841857895854,0,0,0,9.170229182336124,9.170229182336124,8.439840263555006,5.4127026997720264
combined_reverse,38.800000000000004,-0.30000000000000004,-0.12,-0.375,-0.20381845397212797,-0.051549321012226285,0.0103824297289892,0.0061547553302870196,0.0019947002202124957,0.014212057935793778,0.30699839343060653,0,0,0,8.503670601919474,8.503670601919474,8.424808143061455,6.659924965021949
combined_reverse,38.82,-0.30000000000000004,-0.12,-0.375,-0.203013707901538,-0.03244844032708697,0.10682496232332717,0.11321643812331086,-0.005737474137004748,0.007582102192149778,0.30824440018043286,0,0,0,7.989519354525349,7.989519354525349,8.380944774217213,6.640999100699993
combined_reverse,38.84,-0.30000000000000004,-0.12,-0.375,-0.2048083014794923,-0.018054711091003043,0.1418586994767934,0.044088727242401045,-0.021855594388999987,0.0033518682459296382,0.31084356039991246,0,0,0,7.041254194655939,7.041254194655939,8.340208333232226,4.3080938550547465
combined_reverse,38.86,-0.30000000000000004,-0.12,-0.375,-0.2024774177482753,-0.005682350999647869,0.13120968752718953,-0.11198606392708758,-0.03730443638628025,0.00239586167092188,0.31358416377360754,0,0,0,6.274174896431237,6.274174896431237,8.30940382916189,2.8464281641734424
combined_reverse,38.88,-0.30000000000000004,-0.12,-0.375,-0.20200645873999384,0.008264488202865367,0.10079970009766097,-0.2776947561528475,-0.04798101311556532,0.004359839078406791,0.3158977099344201,0,0,0,5.685415615247774,5.685415615247774,8.344905106989444,2.3043218765163163
combined_reverse,38.9,-0.30000000000000004,-0.12,-0.375,-0.20691245051294974,0.01923820572019031,0.06104799685215602,-0.3845321885622815,-0.05395129068356972,0.009478879283626996,0.31751724237665435,0,0,0,5.214328815217087,5.214328815217087,8.399248305709396,2.397888074363288
combined_reverse,38.92,-0.30000000000000004,-0.12,-0.375,-0.21845564162907924,0.0248748459290027,0.013695148787623235,-0.41617704901928343,-0.058275185378233466,0.017997610965922804,0.3182662133377133,0,0,0,4.387961528948323,4.387961528948323,8.46744384086502,3.784068640696094
combined_reverse,38.94,-0.30000000000000004,-0.12,-0.375,-0.22900279973986684,0.00801714856460502,-0.007728648259651964,-0.48043028442220215,-0.055194533357324306,0.024326166701884484,0.31844823220119156,0,0,0,5.100065072851066,5.100065072851066,8.555485283072485,6.1099548681546985
combined_reverse,38.96,-0.30000000000000004,-0.12,-0.375,-0.24840461680883774,-0.03432313526879818,-0.03612738117087856,-0.5026890935918416,-0.04703616561462168,0.025897788013708678,0.3182900302611578,0,0,0,10.240807738479482,10.240807738479482,8.58669008005181,12.205236753206005
combined_reverse,38.980000000000004,-0.30000000000000004,-0.12,-0.375,-0.2678639764731385,-0.08406727809520848,-0.09052917132006395,-0.44396370240023814,-0.031174830755189908,0.02147567669233016,0.31753476174602296,0,0,0,17.02386578247708,14.0,8.533532679916046,17.821703774096502
combined_reverse,39.0,-0.30000000000000004,-0.12,-0.375,-0.2778393725328751,-0.1141691553494121,-0.09893124720737237,-0.4076346143374375,-0.010911288419080484,0.007988942912301854,0.31553910014045133,0,0,0,8.84721540510413,8.84721540510413,8.483452705181488,18.49122860206827
