stage,time_s,command_vx,command_vy,command_wz,vx,vy,vz,wz,roll,pitch,height,flight,four_feet,illegal_contacts,raw_peak_nm,motor_peak_nm,guard_min_nm,max_speed_rad_s
march,0.02,0.0,0.0,0.0,-0.009459212294688225,-2.4655822932439122e-05,-0.13476318666708803,0.001175700157047743,-3.870945821552186e-06,0.0009789087865629104,0.3142769250873208,0,1,0,1.718728051779589,1.718728051779589,14.0,1.3120909672179562
march,0.04,0.0,0.0,0.0,-0.03404664824148818,-0.0004221572287831546,-0.16888196253665919,0.0009538906231577231,4.454021803999038e-05,0.0038414052580433285,0.31106695872905016,0,1,0,3.419159518220021,3.419159518220021,14.0,1.6799529282546897
march,0.06,0.0,0.0,0.0,-0.06699255525154503,-0.0040401668495948714,-0.13428601631391573,-0.009038904954327825,-9.917538231595877e-05,0.007457151277247233,0.3080002534273757,0,1,0,5.09271171289963,5.09271171289963,14.0,1.6799529282546897
march,0.08,0.0,0.0,0.0,-0.10000786725946215,-0.01509004373233872,-0.06518885851812413,-0.028531074441942358,-0.00011628262298994285,0.009557016772529434,0.30608080335876225,0,1,0,6.538482129789934,6.538482129789934,14.0,1.3868742484853878
march,0.1,0.0,0.0,0.0,-0.13035052794335772,-0.029836336680113106,0.007680110463921223,-0.10898379395773124,-0.00016433647351420867,0.00873684099022022,0.30564421732709535,0,1,0,7.645592784044652,7.645592784044652,14.0,0.6114860329773957
march,0.12,0.0,0.0,0.0,-0.1608663036371146,-0.045597071980962224,0.05405391609220059,-0.291419342384934,0.0004339955044988932,0.006040398208899806,0.3063231028182084,0,0,0,8.792330334581997,8.792330334581997,14.0,4.435486953748366
march,0.14,0.0,0.0,0.0,-0.18505986803110255,-0.05587376795761567,0.08562919296789752,-0.37561126528190447,0.006084996178670618,0.001118812784272118,0.3076804059548668,0,0,0,9.879591830511089,9.879591830511089,14.0,4.687932412114594
march,0.16,0.0,0.0,0.0,-0.20273348892936302,-0.06258253553766616,0.108726116826778,-0.33525059475055924,0.016036460729097073,-0.004156811085612088,0.3095996015558535,0,0,0,10.2196001431288,10.2196001431288,14.0,4.917656545642541
march,0.18,0.0,0.0,0.0,-0.205147239395146,-0.0654741048613826,0.1041927856238744,-0.23858609409123713,0.02537977597674839,-0.009945391837232875,0.3116630131833829,0,0,0,10.444561830222789,10.444561830222789,14.0,4.945513213476927
march,0.2,0.0,0.0,0.0,-0.18863849519687736,-0.06100549493526552,0.07084728462071452,-0.12234275812086279,0.03033567888065982,-0.017417480577542936,0.3132868195845213,0,0,0,10.95311044984926,10.95311044984926,14.0,4.390480025624575
march,0.22,0.0,0.0,0.0,-0.15734073493251666,-0.04553361018954329,0.01727907899243343,0.0067612056667089426,0.028535804613818116,-0.026748127528026206,0.3140075585891867,0,0,0,11.795237569722033,11.795237569722033,14.0,2.969916924268886
march,0.24,0.0,0.0,0.0,-0.11891577241739257,-0.018740155850214116,-0.04350380659536877,0.10782784368707715,0.019231020287978354,-0.03718188152963642,0.313553485085579,0,0,0,12.89577458782657,12.89577458782657,14.0,2.7072139304461955
march,0.26,0.0,0.0,0.0,-0.0804369906196667,0.017906223400265035,-0.08983562864265007,0.130969712473584,0.004733822149065127,-0.04762186646901891,0.3120484031614836,0,0,0,14.032343143870948,14.0,14.0,2.7653606222688962
march,0.28,0.0,0.0,0.0,-0.042882972765792476,0.05486719459929241,-0.11098639233870534,0.1195496440778968,-0.008076433073013785,-0.057383236347725936,0.30983030923157456,0,0,0,15.327809103992946,14.0,14.0,3.285276173844025
march,0.3,0.0,0.0,0.0,0.011513111637563932,0.05679322336130406,-0.06048747643757921,0.09414551543588463,0.0025076086938962258,-0.053902177174470475,0.308236607507641,0,0,0,14.543659785586717,14.0,14.0,3.7363867216166797
march,0.32,0.0,0.0,0.0,0.0772359117251794,0.056186437065390255,-0.03598821474800581,-0.03834390706677707,0.018148519218017824,-0.041387956131916696,0.3074153958768249,0,0,0,12.851912739840168,12.851912739840168,14.0,4.70483169404542
march,0.34,0.0,0.0,0.0,0.11812059533142877,0.0659532716077041,0.032211590909049174,-0.14039617530138998,0.022150013040864298,-0.02953319198116521,0.30738088502592054,0,1,0,10.090349116984507,10.090349116984507,14.0,4.877146217835955
march,0.36,0.0,0.0,0.0,0.14718072139243965,0.07541528082152221,0.09155801867975141,-0.10065176459961286,0.016267766066660985,-0.02554691580663686,0.30884822454676386,0,1,0,7.534506744005618,7.534506744005618,14.0,5.005368623371103
march,0.38,0.0,0.0,0.0,0.17167763257360003,0.07039829073229557,0.10215822577257774,0.03359971487958859,0.013613283627974796,-0.024818744696203217,0.3109423416231583,0,0,0,7.28563137556205,7.28563137556205,14.0,5.03589133193973
march,0.4,0.0,0.0,0.0,0.17814026329503235,0.06152688498436308,0.07566129915433839,0.10378315943782744,0.012701742586903285,-0.024106785772474132,0.312757184031223,0,0,0,6.832965051873378,6.832965051873378,14.0,5.03589133193973
march,0.42,0.0,0.0,0.0,0.17094915018883303,0.0529925242421421,0.03266591860467564,0.08062398004399568,0.012455195791211654,-0.021109339810791945,0.3138793527853066,0,0,0,6.274894103200454,6.274894103200454,14.0,4.931764101180314
march,0.44,0.0,0.0,0.0,0.14842695628975947,0.05343931123495866,-0.0018526577049954457,-0.06379147356717499,0.011148892074057165,-0.016533863176672638,0.3141586449836698,0,0,0,6.227102926241887,6.227102926241887,14.0,6.445420573691522
march,0.46,0.0,0.0,0.0,0.12599092559161312,0.06063833298434559,-0.022418089476831226,-0.18068713746439943,0.006859945396284747,-0.011593526700829367,0.31388354579566297,0,0,0,6.671881788061832,6.671881788061832,14.0,5.677325616204672
march,0.48,0.0,0.0,0.0,0.10923332206422445,0.06890101204046585,-0.026242919478004535,-0.23484639447559247,-0.00018156160193447875,-0.007536641648851317,0.3133788003372507,0,0,0,6.988645338305518,6.988645338305518,14.0,2.8454595026686644
march,0.5,0.0,0.0,0.0,0.09621613160570038,0.07776136392774799,-0.01841941921672449,-0.24681831190645076,-0.00809230416581511,-0.0043722505836805365,0.3129302515851203,0,0,0,7.1237062702328044,7.1237062702328044,14.0,1.9465180980843535
march,0.52,0.0,0.0,0.0,0.08448036523799154,0.08759338545421463,-0.0049894708886525346,-0.20012945239520713,-0.015139013590747503,-0.0016536540544196084,0.3127079321374317,0,0,0,7.122497400916309,7.122497400916309,14.0,1.5239994897548603
march,0.54,0.0,0.0,0.0,0.07299161263598958,0.09695046230664016,0.004637523221149453,-0.12426743863581159,-0.01998161499984822,0.0007440360847883778,0.3127328030422016,0,0,0,7.03513564498848,7.03513564498848,14.0,2.0533821580229707
march,0.56,0.0,0.0,0.0,0.06287607084572161,0.10517132742825008,0.006883745034884049,-0.04304701990733976,-0.02480301188355246,0.0031145755546708102,0.3128581698711397,0,0,0,6.96323007356819,6.96323007356819,14.0,2.9912045851676385
march,0.58,0.0,0.0,0.0,0.05418335775303371,0.11265535399966814,0.004008766447593559,0.03841156326732626,-0.030940026266797576,0.005832861573752593,0.3129506064391166,0,0,0,6.989681726481712,6.989681726481712,14.0,3.292547160405842
march,0.6,0.0,0.0,0.0,0.047489715296040125,0.12123512424730341,-0.00515928702976194,0.08240150508481617,-0.038164789101377716,0.008833239676510164,0.31290388215349396,0,0,0,6.6139687937296,6.6139687937296,14.0,3.926752694385299
march,0.62,0.0,0.0,0.0,0.019480353559825074,0.1102732234860914,0.024385170948173863,0.07820225220407567,-0.03614598871673887,0.008811948183732172,0.31292926398851706,0,0,0,5.462115721931002,5.462115721931002,14.0,4.744021824115551
march,0.64,0.0,0.0,0.0,-0.010214362282573108,0.08268019169256675,0.030290420461393425,0.05056996076188847,-0.018049154350199437,0.0009803684377853793,0.31358889564645576,0,0,0,5.260885696579558,5.260885696579558,14.0,7.775257272453914
march,0.66,0.0,0.0,0.0,-0.028177860418321064,0.06393673939095412,0.0508358711136655,-0.0811137918225337,-0.008038475289689134,-0.0031339122955260285,0.3144061657993885,0,1,0,6.033090991941509,6.033090991941509,14.0,9.008074954720414
march,0.68,0.0,0.0,0.0,-0.04228990455347993,0.0484408173617963,0.024477129928198105,-0.05769606718953892,-0.005888611669085922,-0.0011376324954688695,0.3151541320456646,0,1,0,6.753562802655751,6.753562802655751,14.0,5.52094816988392
march,0.7000000000000001,0.0,0.0,0.0,-0.05319573419683186,0.03587719342371717,-0.004379435657923869,0.02702589859081184,-0.0013955159365175874,0.0004232063729076649,0.3152586322731623,0,0,0,7.171306384564602,7.171306384564602,14.0,5.951010772571241
march,0.72,0.0,0.0,0.0,-0.054362415171297584,0.02982544692057212,-0.02861839793250225,0.05624696902949672,0.0043780036327756245,0.0013461099824404479,0.31476344840161863,0,0,0,7.64271539553571,7.64271539553571,14.0,9.192913506486756
march,0.74,0.0,0.0,0.0,-0.05007049980758111,0.027125085742951836,-0.04099544166536889,0.024637623031503623,0.006395604841420231,0.0002130838512409553,0.3139150989965522,0,0,0,7.9659343899611885,7.9659343899611885,14.0,8.768484831637863
march,0.76,0.0,0.0,0.0,-0.04754007559252874,0.026220919454233285,-0.03771158855644995,-0.010328831264955322,0.005184559986301845,-0.0017757685067283963,0.31304326262752435,0,0,0,8.20406454739772,8.20406454739772,14.0,5.711042598348405
march,0.78,0.0,0.0,0.0,-0.04632929881987094,0.026412224539618397,-0.023355048270593613,-0.05950144431724823,0.0019211099907946708,-0.003883019672231961,0.31239727770057196,0,0,0,8.26279212056726,8.26279212056726,14.0,3.5144597720094053
march,0.8,0.0,0.0,0.0,-0.04414893571253544,0.028309322910469243,-0.0077580097510532055,-0.11176752937461118,-0.002591144043210725,-0.006041397466460243,0.3120841240497329,0,0,0,8.163408570298936,8.163408570298936,14.0,2.490016987892405
march,0.8200000000000001,0.0,0.0,0.0,-0.040116161135778955,0.031196020080118018,0.0017962581927753719,-0.1498512853841372,-0.007547466668241086,-0.008386046311372117,0.3120266263682774,0,0,0,7.963450995964598,7.963450995964598,14.0,1.9123339269654176
march,0.84,0.0,0.0,0.0,-0.03615562661235347,0.03620740831161714,0.004571131309780527,-0.1589249726873657,-0.012370056340098677,-0.011193626576745153,0.3121031786554441,0,0,0,7.848898402969026,7.848898402969026,14.0,2.5818986979731053
march,0.86,0.0,0.0,0.0,-0.03268398716281287,0.04269794458103731,0.0044423979939687535,-0.15957858837040922,-0.016826348818338124,-0.014123923101254767,0.31220698740717545,0,0,0,7.816894644731315,7.816894644731315,14.0,2.9716704275207677
march,0.88,0.0,0.0,0.0,-0.02971667328318959,0.04962495356209782,0.0009150669956178492,-0.14419665209460095,-0.020832824565897134,-0.016901232946482547,0.31227637803194963,0,0,0,7.788862104654268,7.788862104654268,14.0,3.520980164988088
march,0.9,0.0,0.0,0.0,-0.02345965074331656,0.04314430614648696,0.01970776750607734,-0.06461453061983394,-0.01836120470653897,-0.01744441999454314,0.3124258556780134,0,0,0,7.33316304001631,7.33316304001631,14.0,3.6282834187678783
march,0.92,0.0,0.0,0.0,-0.0072613796825348785,0.021455913784714654,0.017062535576730157,0.015473936361684867,-0.004946518414207299,-0.013714152099675256,0.3128562258695534,0,0,0,6.617119366079636,6.617119366079636,14.0,4.608519886354976
march,0.9400000000000001,0.0,0.0,0.0,-0.0021989377875005094,0.0016350287436917472,0.01929330478471452,0.07705321014305452,0.0030903051305757254,-0.009911768131743338,0.3131012012794194,0,1,0,6.289537472887906,6.289537472887906,14.0,4.812101545075764
march,0.96,0.0,0.0,0.0,0.005429964404705333,-0.009355054376945903,0.014030690455816829,0.13773733767433782,0.00019417627508194288,-0.009557157785416376,0.31347908105298855,0,1,0,7.118273747454884,7.118273747454884,14.0,0.32082057003374514
march,0.98,0.0,0.0,0.0,0.009849990389054883,-0.012007484716920324,-0.0023715429327608186,0.11370153552066088,-0.0027411198100229187,-0.00826853862047817,0.31350344515612144,0,0,0,7.532205735224603,7.532205735224603,14.0,4.745524348498396
march,1.0,0.0,0.0,0.0,0.010905000044912115,-0.008885382983326164,-0.027409262935623336,0.007777644138176118,-0.0028492862921925427,-0.006278516766151887,0.3131848871497137,0,0,0,7.672579233305449,7.672579233305449,14.0,6.775362513034548
march,1.02,0.0,0.0,0.0,0.0065832751799613,-0.012721808210301321,-0.0431212436426639,-0.06043694116746973,-0.000795628663245492,-0.0056551917566220475,0.3124546121069673,0,0,0,8.272176302043633,8.272176302043633,14.0,3.7503274159005975
march,1.04,0.0,0.0,0.0,0.0004387466418192859,-0.01680272997650553,-0.05403636161847529,-0.07276409812369891,0.0002855915663180952,-0.0056183988550916105,0.3113635869188685,0,0,0,8.801030490288351,8.801030490288351,14.0,4.728270675611583
march,1.06,0.0,0.0,0.0,-0.007091087121031223,-0.01871029659963255,-0.050545930181637735,-0.07229353873398496,0.0004856285154866304,-0.004946325558916436,0.3102535392532175,0,0,0,9.054604143047113,9.054604143047113,14.0,4.751230593971857
march,1.08,0.0,0.0,0.0,-0.014031824284572269,-0.01901364536978245,-0.03470741424717972,-0.06123562258760952,-0.0003415992859384914,-0.0038746350108079075,0.30939221700574615,0,0,0,9.164046341311801,9.164046341311801,14.0,2.850232401385427
march,1.1,0.0,0.0,0.0,-0.019189367356324358,-0.018023369224238712,-0.014464053125205436,-0.03477929435975482,-0.001464644128837401,-0.002909562439350331,0.30892941867018064,0,0,0,9.144398338219125,9.144398338219125,14.0,1.7478246972030442
march,1.12,0.0,0.0,0.0,-0.021209432555015322,-0.01716795181282638,7.595706273057105e-05,0.0009850042505866175,-0.001867056401474145,-0.002837842960551583,0.30884680868167014,0,0,0,9.062490604607795,9.062490604607795,14.0,1.8433453239559219
march,1.1400000000000001,0.0,0.0,0.0,-0.022981636947865067,-0.01816850931810564,0.007918411227736984,0.013380731489742753,-0.0007228146184903841,-0.0036813592968261313,0.3089956078802006,0,0,0,9.001511339823868,9.001511339823868,14.0,3.010396498229818
march,1.16,0.0,0.0,0.0,-0.02495627395327961,-0.02124943499809071,0.010802822950822237,0.0188053082356802,0.0010359460532739161,-0.005144832296326922,0.30923654719851457,0,0,0,8.984505577873081,8.984505577873081,14.0,3.1930884419905388
march,1.18,0.0,0.0,0.0,-0.026014705694166123,-0.02588511909353807,0.00877283888727246,0.02225538697952002,0.00349935263656815,-0.006930003988994372,0.30947651036384866,0,0,0,8.946360584611373,8.946360584611373,14.0,3.9370494489904555
march,1.2,0.0,0.0,0.0,-0.02642603514592162,-0.02426836388544092,0.018490352186216315,-0.000654558795456864,0.003994155163110669,-0.008004582857545624,0.3096976561445761,0,0,0,8.392142094566509,8.392142094566509,14.0,4.638661699355315
march,1.22,0.0,0.0,0.0,-0.026010768983274604,-0.012322033686694005,0.06472925648072375,0.026548601979489477,-0.0018926076169477105,-0.005465323153781254,0.31046048125982245,0,1,0,6.660511046439108,6.660511046439108,14.0,4.633684877613526
march,1.24,0.0,0.0,0.0,-0.022721341177044704,-0.004992830547821768,0.11318592802108977,0.020125662640690285,0.0006491850966674508,-0.007738635504947855,0.3123739223717039,0,1,0,6.545014859831136,6.545014859831136,14.0,1.263187479052648
march,1.26,0.0,0.0,0.0,-0.012261904888555733,0.002179140857301461,0.1075212083536826,0.016116817495138474,0.002850054265078072,-0.010541260577561483,0.31466019679164603,0,1,0,6.893721005784158,6.893721005784158,14.0,1.339929149925598
march,1.28,0.0,0.0,0.0,-0.0043359300342000785,0.006114547816236141,0.06880861496879992,0.036693128550269884,0.0047472906307149615,-0.011135883674414841,0.31634389242825856,0,0,0,7.029213140389722,7.029213140389722,14.0,2.373451325643831
march,1.3,0.0,0.0,0.0,-0.004626759762684323,0.005585988704736471,0.030672115215914487,0.1384007533097255,0.004935600577903582,-0.008828935107353985,0.31717143537206943,0,0,0,7.045635417352125,7.045635417352125,14.0,7.363335533487482
march,1.32,0.0,0.0,0.0,-0.0071906920750010265,0.0049335860469603655,-0.002660443593420522,0.19437509629708916,0.004584226418607873,-0.005189699439019274,0.31729622897604487,0,0,0,7.4239022863528845,7.4239022863528845,14.0,9.469869929813266
march,1.34,0.0,0.0,0.0,-0.00835234221785826,0.005848749283293582,-0.020288894021791445,0.15686378691861283,0.004665715083709206,-0.0015099321895228578,0.3169561039068166,0,0,0,7.265274479529891,7.265274479529891,14.0,8.992183929055884
march,1.36,0.0,0.0,0.0,-0.011222226094033984,0.00522945072234823,-0.02395364608687432,0.0973724556147852,0.005927450222609991,0.0018751938065943489,0.3164551393685789,0,0,0,7.634287152274966,7.634287152274966,14.0,6.280707145591165
march,1.3800000000000001,0.0,0.0,0.0,-0.01360171630443158,0.0014733062001736706,-0.02265084046384863,0.05703120270398377,0.008465158894881402,0.003960788501246794,0.3159499154889583,0,0,0,7.779933616401759,7.779933616401759,14.0,3.706982967529436
march,1.4000000000000001,0.0,0.0,0.0,-0.012839975080441128,-0.0037617014520645773,-0.019956580111394014,0.03692118428267951,0.01161173030969165,0.0036658597307524174,0.315506667926265,0,0,0,8.069697178346816,8.069697178346816,14.0,2.2543773981648636
march,1.42,0.0,0.0,0.0,-0.009082690789860154,-0.006756624485692722,-0.016458508270817834,0.01597520447216757,0.013258671741480816,0.0017410658863125854,0.3151402556570181,0,0,0,8.398704091519306,8.398704091519306,14.0,1.708896921921518
march,1.44,0.0,0.0,0.0,-0.005153562195400975,-0.006464025551504025,-0.011686730691582691,-0.007848090844469786,0.012583242146715303,-0.0008597751590425727,0.31488448241093636,0,0,0,8.595936332898678,8.595936332898678,14.0,2.311313221208811
march,1.46,0.0,0.0,0.0,-0.00097964093862551,-0.003577976056353551,-0.0066498091488553755,-0.03209399287038341,0.010994094247311948,-0.0034281608690009497,0.3147453065323231,0,0,0,8.700874229535302,8.700874229535302,13.890952253501474,3.0955373754603244
march,1.48,0.0,0.0,0.0,0.0030006984841152488,0.0001291206132755294,-0.0032939459439411444,-0.05364997951682651,0.008714629274729881,-0.005499371518508612,0.3146957377584961,0,0,0,8.685191335592195,8.685191335592195,13.682113175179708,3.4430347261408345
march,1.5,0.0,0.0,0.0,0.004629415970897861,0.002507539417599425,-0.006764828743100461,-0.054404322131687055,0.006860512879232463,-0.007341366128296995,0.31465496253524833,0,0,0,8.100432300312214,8.100432300312214,13.574587795998543,4.437806764950912
march,1.52,0.0,0.0,0.0,0.005387233145031258,-0.005039705431823798,-0.0008331423403122647,-0.005152090608983525,0.009084613972060347,-0.007390369724517108,0.31454162271665376,0,0,0,6.606289677583097,6.606289677583097,13.52989611877128,5.029503467747374
march,1.54,0.0,0.0,0.0,-0.0018915125298742184,-0.01431118228027301,0.023262222896258507,-0.006396533651205256,0.014166012889465774,-0.0032562228933113524,0.3147105164543637,0,1,0,5.275811559039255,5.275811559039255,13.478673147371442,4.365474581236828
march,1.56,0.0,0.0,0.0,-0.006092515283083706,-0.01256278436110097,0.022737846404840965,-0.0010379996015014198,0.010381772546336706,-0.0017995289323502128,0.31524392719093164,0,1,0,5.020250896015125,5.020250896015125,13.425871278496327,0.42709662963646666
march,1.58,0.0,0.0,0.0,-0.011619158711780169,-0.006990002722843617,-0.009619217247798562,0.020337481140866594,0.007388743101901736,-0.00044832575020203365,0.3153307760062373,0,0,0,5.61161785269262,5.61161785269262,13.359536402585995,1.3069207304047417
march,1.6,0.0,0.0,0.0,-0.02305828731621128,0.0009400071975639262,-0.03594266048157543,-0.03683986559626681,0.006697467682867322,0.0010317885846240597,0.3147581483287168,0,0,0,6.245972371277527,6.245972371277527,13.189490732773525,7.27515644860771
march,1.62,0.0,0.0,0.0,-0.03132152035125666,0.00464141474502048,-0.06621354866135597,-0.11326695635826635,0.0037582384686025982,0.0022421924265492057,0.3136012925584464,0,0,0,7.741434815709535,7.741434815709535,13.214208565413038,10.334516219718413
march,1.6400000000000001,0.0,0.0,0.0,-0.030640844776857818,0.002110666210839931,-0.08541795430907297,-0.12094206546471684,-0.0018404036751737793,0.002370246311162087,0.31194545515765215,0,0,0,8.22626855172657,8.22626855172657,13.073157396270272,9.789641309527674
march,1.6600000000000001,0.0,0.0,0.0,-0.03127105490219374,-0.0005154787636446412,-0.08039956199309956,-0.08806334897197868,-0.005995334225380122,0.0027411844211745226,0.31021193985116363,0,0,0,8.748094521833453,8.748094521833453,12.982556444693156,5.9572343018071425
march,1.68,0.0,0.0,0.0,-0.03621381670441005,-0.0003275379652016981,-0.05981576269780684,-0.036009303826683756,-0.00930430680324538,0.004709111217356555,0.30880042748969955,0,0,0,8.872121460036231,8.872121460036231,12.785785310651953,2.6116198493065284
march,1.7,0.0,0.0,0.0,-0.04048072389105407,0.0027709759058618046,-0.03586647984967599,0.027446498810027233,-0.011887611457668928,0.00717016289991509,0.30788687879443477,0,0,0,8.87106233394323,8.87106233394323,12.589491535301004,1.7800206035471813
march,1.72,0.0,0.0,0.0,-0.04185811321453907,0.006639252336810573,-0.01376055524930645,0.08594437685643179,-0.01359302587798489,0.008747777516904982,0.3074705119453455,0,0,0,8.840036495179667,8.840036495179667,12.388351002703523,2.846488915469265
march,1.74,0.0,0.0,0.0,-0.041993640923352726,0.008136357973373491,0.0002325789972070873,0.10523283630435573,-0.013580447169030292,0.009064089927473465,0.3074253224792813,0,0,0,8.796687882350177,8.796687882350177,12.200546750918779,3.3086848762891954
march,1.76,0.0,0.0,0.0,-0.04067061741120314,0.00720390594383095,0.005907861640973168,0.11584821319774996,-0.012710317492157546,0.008438783762519752,0.3075556720379466,0,0,0,8.8087423697134,8.8087423697134,12.086178825542937,3.902185097657635
march,1.78,0.0,0.0,0.0,-0.037650399631976965,0.004253107902228313,0.005411677632195993,0.12070977356676531,-0.011072668693939303,0.007144875262459184,0.30773704306431254,0,0,0,8.812159711928505,8.812159711928505,11.97453019502375,4.928447422635126
march,1.8,0.0,0.0,0.0,-0.03825435125064408,0.002363538827689794,0.024975642541268567,0.08878661618792465,-0.010438169654543921,0.005946211595612475,0.3079141359119076,0,1,0,8.346937174372716,8.346937174372716,11.86243253655266,8.077198767992051
march,1.82,0.0,0.0,0.0,-0.029799566067888784,0.0036979725788287517,0.09306219314068795,0.025880306223024466,-0.010366952855351465,0.005093900765286156,0.3092806762816093,0,1,0,6.305365031238482,6.305365031238482,11.764825276071509,1.0459995146746563
march,1.84,0.0,0.0,0.0,-0.014391130448512644,-0.0006211405509820344,0.11130778994216664,-0.00502596097967218,-0.007699662737469438,0.001819116481581541,0.31142937605710386,0,1,0,5.344280806942049,5.344280806942049,11.753066778132048,1.3730495869775163
march,1.86,0.0,0.0,0.0,0.00016613842500299734,-0.00628957391344195,0.08721424464031888,-0.02732706995048457,-0.0022180475948886274,-0.0010109999320051613,0.31342204008003166,0,1,0,5.602519337518593,5.602519337518593,11.79636292781461,2.6275099689562076
march,1.8800000000000001,0.0,0.0,0.0,0.0017218326447597707,-0.008097423237042288,0.0526995360679955,-0.013277269367704918,0.002978927380008525,-0.0014970716773640312,0.3147627292706009,0,0,0,5.646507380698626,5.646507380698626,11.699611440266438,3.7373451466593517
march,1.9000000000000001,0.0,0.0,0.0,-0.004412810704228863,-0.013578096222025568,0.021067614844871276,0.08333170698782602,0.006169961697219217,0.0018634064928655068,0.31539307674308625,0,0,0,6.584803833308411,6.584803833308411,11.571396694185797,8.010987018859403
march,1.92,0.0,0.0,0.0,-0.014174648160853164,-0.01838772508087573,-0.005758645301832565,0.12760647420038657,0.009815674696749906,0.007857399681489484,0.31540243064029133,0,0,0,8.06444009529878,8.06444009529878,11.581345823940659,10.213779161256301
march,1.94,0.0,0.0,0.0,-0.020993791350776874,-0.023039394940329798,-0.019840984221228524,0.07655801753316703,0.01244781556797438,0.013881700221160797,0.3150265459730067,0,0,0,8.219973762200297,8.219973762200297,11.48440325681765,9.511877146544672
march,1.96,0.0,0.0,0.0,-0.02763294315773948,-0.030044151336391055,-0.02439147744945362,0.011238925334410831,0.015449778059883793,0.01899874280189445,0.31451125673432584,0,0,0,8.613148872886972,8.613148872886972,11.499246135878401,6.272128832395952
march,1.98,0.0,0.0,0.0,-0.03329526559744612,-0.039641736884274775,-0.024883385800688617,-0.029055470959215037,0.01894683117003471,0.02222338748962634,0.3139787157875404,0,0,0,8.647344811315824,8.647344811315824,11.554277037042965,3.6239782116995505
march,2.0,0.0,0.0,0.0,-0.03516922742898395,-0.049361010802676734,-0.025155478239341417,-0.04363996370379385,0.022416020805839647,0.022668277008030153,0.31346682743674376,0,0,0,8.392683144017127,8.392683144017127,11.554849705771801,2.2115969182934587
march,2.02,0.0,0.0,0.0,-0.030169083376474712,-0.05688482271362307,-0.0291976809318687,-0.032385446938697,0.025414067871015387,0.020155326585132735,0.3129027193386576,0,0,0,7.957777838987552,7.957777838987552,11.479525401255756,1.6270737313463552
march,2.04,0.0,0.0,0.0,-0.021937372175759553,-0.0582794532784336,-0.03198250935463397,-0.021908060323865546,0.027179935396779185,0.01603659194840183,0.312281192044961,0,0,0,7.877672220435372,7.877672220435372,11.325830672507212,2.53062917338469
march,2.06,0.0,0.0,0.0,-0.012687803521900139,-0.055697094557886594,-0.02911768901008953,-0.03162420316431198,0.027219638750922818,0.012510067018444657,0.31167702524733315,0,0,0,8.27398026790327,8.27398026790327,11.159033094991493,2.8413391279051394
march,2.08,0.0,0.0,0.0,-0.0035736572136808877,-0.05215308290222754,-0.024737641331746062,-0.03598788404701404,0.026640220225583124,0.01062310206484242,0.3111590392203819,0,0,0,8.442774412002871,8.442774412002871,10.987220034752184,3.546821341466687
march,2.1,0.0,0.0,0.0,-0.0029171398310280715,-0.04732666709423224,-0.014233581038572621,-0.03736896457388363,0.025983460596092637,0.009828600101641015,0.31071973278471915,0,0,0,7.9211071693515835,7.9211071693515835,10.926540908787196,4.2254922484946515
march,2.12,0.0,0.0,0.0,-0.015481708074757112,-0.027717455626333074,0.037623050546061555,0.020319317396383763,0.014355233617656392,0.004395180691460813,0.310981293243755,0,0,0,6.515925799724479,6.515925799724479,10.972345426810463,6.669178480509846
march,2.14,0.0,0.0,0.0,-0.012762516669365655,-0.009087886151485041,0.07384922527927444,0.05908439860291399,0.012577325166670443,0.0017992079135868077,0.31214184820464164,0,1,0,5.215955080372119,5.215955080372119,11.079506640867749,6.669178480509846
march,2.16,0.0,0.0,0.0,-0.007059505818816944,0.0068811543191416615,0.06005576557851213,0.07785617832419625,0.011874948693133207,0.0022177241524159695,0.3134998335750366,0,1,0,5.636617330590838,5.636617330590838,11.043705669987993,3.861040091266244
march,2.18,0.0,0.0,0.0,-0.004116295906735678,0.01459713088828063,0.020381108716216956,0.08744998750777455,0.011877375807721644,0.0006000306171915732,0.31429490592913967,0,0,0,5.69375556223658,5.69375556223658,11.046979807555832,4.259653568562147
march,2.2,0.0,0.0,0.0,-0.014072748422320142,0.012698365662401647,-0.008962595353262616,0.06506569800783801,0.014678943532275031,-0.0015030782967891323,0.31431760406431697,0,0,0,6.248878721543157,6.248878721543157,11.038436573800666,7.128279617246327
march,2.22,0.0,0.0,0.0,-0.01968454437656708,0.009013976148117202,-0.040311666627161326,0.038757133976653604,0.01708080847684432,-0.0036701649507589,0.31365717428249545,0,0,0,6.613440654174947,6.613440654174947,11.013606787027815,9.322184764145645
march,2.24,0.0,0.0,0.0,-0.026659141719227005,0.002118490423254699,-0.06333804310104725,0.0589254710975225,0.015374509204220784,-0.004903674076586103,0.31246034296378616,0,0,0,7.26839773257103,7.26839773257103,10.952585377676108,8.430689812314117
march,2.2600000000000002,0.0,0.0,0.0,-0.03306701326707898,-0.0024897338290650944,-0.06774211459073204,0.09788312809443656,0.012767647167109382,-0.00435786653723848,0.3110607372849995,0,0,0,7.722702680224772,7.722702680224772,10.872735622797386,5.183913478008432
march,2.2800000000000002,0.0,0.0,0.0,-0.03880483093996751,-0.004358671466630464,-0.060227307692666716,0.14401644406400224,0.009519756552516185,-0.0025526774765913967,0.3097489528199342,0,0,0,8.149379736297236,8.149379736297236,10.770813359957447,3.054943272939953
march,2.3000000000000003,0.0,0.0,0.0,-0.042279916528196536,-0.0038054955995640285,-0.04550134249521301,0.18279383528750895,0.006167301740475056,-0.0007935595292845332,0.3086990909433303,0,0,0,8.312322045049234,8.312322045049234,10.650640924533004,1.7388441252507278
march,2.32,0.0,0.0,0.0,-0.043718169096984526,-0.0034524524464227668,-0.029612912835248015,0.22369808540800226,0.0037549734880111224,0.00021491449788250158,0.30799449360543785,0,0,0,8.260523019961992,8.260523019961992,10.52670987229768,1.8860702170362365
march,2.34,0.0,0.0,0.0,-0.04494131169615757,-0.003943665177205614,-0.016454067394507322,0.234907431715024,0.0037300260209358915,0.0003632333945750061,0.30761111391481943,0,0,0,8.153600000288407,8.153600000288407,10.39837212146266,3.015812664241622
march,2.36,0.0,0.0,0.0,-0.0453277305946453,-0.006417904736504587,-0.010306034752459264,0.22309143200870785,0.005510359372190951,-0.00024718529540114205,0.3074008493060573,0,0,0,8.132883224220343,8.132883224220343,10.343119791269377,3.1867651365477623
march,2.38,0.0,0.0,0.0,-0.04606143781591177,-0.010337632347232803,-0.008867090371027606,0.2056760962862525,0.008403859193720975,-0.001492076969924341,0.3072595179588533,0,0,0,8.17396364345143,8.17396364345143,10.288735212913384,3.896657889680974
march,2.4,0.0,0.0,0.0,-0.04494498704922637,-0.008201041091644557,0.005718130959564788,0.1393558403445566,0.008648019425148722,-0.0024335075778267263,0.3071742470521049,0,0,0,7.756669656398297,7.756669656398297,10.233101682488343,4.594692640638563
march,2.42,0.0,0.0,0.0,-0.044559370748754185,-0.0014130014418445073,0.06448289578187355,0.07933955533455224,0.003927293542661585,-0.0009077585720568707,0.3078634068747724,0,1,0,6.396048743276337,6.396048743276337,10.189704915361041,4.386984760116392
march,2.44,0.0,0.0,0.0,-0.034009949082390196,0.0014969400404178383,0.10169108169878227,-0.007508361503187839,0.0048898418605493035,-0.0029555780420209266,0.3096483754383217,0,1,0,6.741722840179703,6.741722840179703,10.21011379938464,1.115028303166914
march,2.46,0.0,0.0,0.0,-0.017577149759151256,0.002701076747593321,0.08855114003949457,-0.06455877859445898,0.006761044881207267,-0.004641317578649924,0.31160013025896216,0,1,0,7.1837785976507105,7.1837785976507105,10.256810079255633,2.698912630608029
march,2.48,0.0,0.0,0.0,-0.008547187860381722,0.005228183468453866,0.0590168545025037,-0.04191049245723265,0.00845681866831315,-0.005182664211551244,0.31299915560409913,0,0,0,7.465850215222709,7.465850215222709,10.165879514513524,3.6047262875429373
march,2.5,0.0,0.0,0.0,-0.005367789266250426,0.005767933369081355,0.026544862387096406,0.08117962676385124,0.0065801873572323396,-0.004221940144581971,0.3136965852364669,0,0,0,7.564670570115686,7.564670570115686,10.13233031977294,8.890219736611055
march,2.52,0.0,0.0,0.0,-0.007361679756855989,0.008370137948509018,0.001864708020067064,0.1538492317595952,0.005365219187986592,-0.0017496885881025672,0.3137741588749167,0,0,0,8.04643956041614,8.04643956041614,10.115929409533742,10.298538673773443
march,2.54,0.0,0.0,0.0,-0.009167037513806398,0.01172093930753612,-0.0086126049691947,0.13524766257488938,0.004396935247397446,0.0013677990031028616,0.31354932253444173,0,0,0,7.675796332526794,7.675796332526794,10.032184832514801,9.351400029350527
march,2.56,0.0,0.0,0.0,-0.01270343355595987,0.01150013556894136,-0.00969247704842126,0.10499512256855827,0.004713884874821024,0.004611537171601236,0.31328507987970916,0,0,0,8.069178081352701,8.069178081352701,10.06478198775314,5.866298479142634
march,2.58,0.0,0.0,0.0,-0.01412623676491515,0.00816620688997799,-0.008368328638652828,0.09069271218582597,0.006574182824635234,0.006385124601020822,0.31305473886690915,0,0,0,8.084790652171774,8.084790652171774,10.146351250173456,3.526663190319498
march,2.6,0.0,0.0,0.0,-0.010474654111218422,0.005137444825281986,-0.00797550677644024,0.08899976863882646,0.008725758125711957,0.005684169233490614,0.31286974911307797,0,0,0,8.129351109569017,8.129351109569017,10.161672554781134,2.5047542340843374
march,2.62,0.0,0.0,0.0,-0.0035225037819360968,0.004311013519587315,-0.006908776090733559,0.07662130818780565,0.00945551453009481,0.0031908472966598145,0.3127076777558655,0,0,0,8.452421883601238,8.452421883601238,10.083615697901802,1.8829076762358272
march,2.64,0.0,0.0,0.0,0.0025603840844106666,0.007029381593445938,-0.0035392030987695606,0.059047234424147096,0.0076938502378213515,-0.00017469160852203922,0.31262168864664097,0,0,0,8.62183196825668,8.62183196825668,9.944911873539105,2.5554762845588703
march,2.66,0.0,0.0,0.0,0.007985693533264141,0.012804772738190792,0.00040373699692709776,0.041255712152045335,0.004791466554172925,-0.0034909008231069263,0.3126273988608381,0,0,0,8.679463488664414,8.679463488664414,9.804226216706386,2.978348804044467
march,2.68,0.0,0.0,0.0,0.012884183993265323,0.01885334475278864,0.0032531358473340223,0.02627429166071478,0.0012940205601775728,-0.006220298080992839,0.3127152073988051,0,0,0,8.615594369877346,8.615594369877346,9.673435184625891,3.5170186335143567
march,2.7,0.0,0.0,0.0,0.014928172563396387,0.02272101111243502,-0.0006923611164366338,0.012161926749431748,-0.00231573566209106,-0.008779783770214749,0.312799054803022,0,0,0,7.971068100814095,7.971068100814095,9.628523159015575,4.004092777726336
march,2.72,0.0,0.0,0.0,0.018051875208643778,0.012858176215488171,0.009655714632763728,0.03173943565310571,-0.00027639708296744433,-0.008887070094813801,0.31288505199426464,0,0,0,6.711271226535172,6.711271226535172,9.674002583583768,4.4067502102400296
march,2.74,0.0,0.0,0.0,0.014058139617653117,0.0025652225613211994,0.02425072135496972,-0.002030567000864728,0.006654795570666343,-0.004694487835174314,0.31314280961585333,0,1,0,5.596981175826056,5.596981175826056,9.588453926598326,4.7945242611829055
march,2.7600000000000002,0.0,0.0,0.0,0.009538256375519036,0.0034683679210167997,0.027761251508068675,-0.013672356208780843,0.0032436307848166517,-0.0032379264973963102,0.31375682443823216,0,1,0,5.367301185032744,5.367301185032744,9.57040967655102,0.5040441684078876
march,2.7800000000000002,0.0,0.0,0.0,0.005491509706378255,0.007800540585314315,0.0018602101366874564,-0.021414944434899386,0.0008189034879227812,-0.0015932252683880752,0.3139787257214567,0,0,0,5.922338958679441,5.922338958679441,9.543891622767624,2.785816584124379
march,2.8000000000000003,0.0,0.0,0.0,-0.006581615420632041,0.01481485759475483,-0.022666647880326577,-0.101917600662056,0.0009953574457209119,0.0005531907721909188,0.3135888433209557,0,0,0,7.11885908090799,7.11885908090799,9.513601040998577,9.221222962004209
march,2.82,0.0,0.0,0.0,-0.015770904627421305,0.019917738759967017,-0.05118119963378779,-0.19728334243548712,0.0005573089633985516,0.0024082181965947628,0.3126722261435785,0,0,0,8.845288976673968,8.845288976673968,9.473763309374714,11.667060819528999
march,2.84,0.0,0.0,0.0,-0.016505841835906025,0.017482724690352596,-0.07199390008812835,-0.2133305023733435,-0.004588144783546372,0.0034710513366604874,0.3112874733166101,0,0,0,8.131578358052545,8.131578358052545,9.410660154126798,10.7656614819403
march,2.86,0.0,0.0,0.0,-0.016786898805416138,0.015297434093621394,-0.06920972081034393,-0.18509471644257536,-0.010040720406803814,0.004683634591840136,0.3097933907777122,0,0,0,8.636067175449627,8.636067175449627,9.30917485186108,6.338496833514281
march,2.88,0.0,0.0,0.0,-0.02083017612729959,0.016007756802601768,-0.05157527310410584,-0.13870522982494854,-0.015137207845507344,0.007522442602827736,0.30856859468786874,0,0,0,8.735195746838087,8.735195746838087,9.211643772486351,2.9356496654764257
march,2.9,0.0,0.0,0.0,-0.024250908330506138,0.020435934130958868,-0.029348413974282922,-0.07907103424319765,-0.01958066087657359,0.011042629742631664,0.3077880266998924,0,0,0,8.717243842688928,8.717243842688928,9.120386020653182,1.723590004670413
march,2.92,0.0,0.0,0.0,-0.025404208656214913,0.02698307828165832,-0.009901076681408124,-0.014451645039941214,-0.023140839195506,0.013688689578851814,0.3074581794890489,0,0,0,8.463037732468141,8.463037732468141,9.034916671894479,1.8059982005851085
march,2.94,0.0,0.0,0.0,-0.025298394518333937,0.03170244331784971,0.0008305302946320081,0.025431375015735943,-0.025119819983169447,0.014701881217201774,0.3074377325266991,0,0,0,8.272535338070988,8.272535338070988,8.95479782394661,2.9641970079712183
march,2.96,0.0,0.0,0.0,-0.024912103876998014,0.034195955758778686,0.0040875411234239725,0.055288479041957814,-0.026465471352259188,0.014780341998684483,0.30753438243725706,0,0,0,8.187860571274602,8.187860571274602,8.902839917587006,3.259499179332253
march,2.98,0.0,0.0,0.0,-0.023459519036637715,0.03545238808256132,0.0012335847410408524,0.0820813165370289,-0.027068204596507987,0.014417389752558232,0.3076303224025393,0,0,0,8.159429906655927,8.159429906655927,8.862015266450864,3.9991310436421488
march,3.0,0.0,0.0,0.0,-0.03216354984383592,0.024582406771242904,0.020203241564173476,0.09347237858374514,-0.02230468216699963,0.012263004641959807,0.3078079872684359,0,0,0,7.920238005856734,7.920238005856734,8.822821072182563,5.169406219991094
forward,3.02,0.30000000000000004,0.0,0.0,-0.03741033313122976,0.011983831008934432,0.079167270691278,0.040740842254451244,-0.011359933780749499,0.005415669153562364,0.3087599075501004,0,1,0,6.838683569733011,6.838683569733011,8.789896295023702,6.857698579361546
forward,3.04,0.30000000000000004,0.0,0.0,-0.026932410489944766,0.008930412448126318,0.11807246242565993,0.009481480641536016,-0.01143477727836207,0.0017827342835869363,0.31088156335148714,0,1,0,5.059855399940789,5.059855399940789,8.783879979793724,1.4164851587263192
forward,3.06,0.30000000000000004,0.0,0.0,-0.006888894514255545,0.005645359853998231,0.09856853976237176,-0.047012678500973716,-0.010848122088464236,-0.0017075774080934337,0.31310223420593003,0,1,0,5.422709043079069,5.422709043079069,8.858440788224375,3.2886190766396823
forward,3.08,0.30000000000000004,0.0,0.0,0.010195917132598327,0.011668760262318167,0.05372132164376169,-0.11158160491457833,-0.01135723158302879,-0.005643192123714194,0.3145745195396789,0,1,0,5.894223844445211,5.894223844445211,8.837467393648662,3.97784489160456
forward,3.1,0.30000000000000004,0.0,0.0,0.02189312447068147,0.017193626366075566,0.006679706845713863,-0.09423720290970385,-0.012332055329182946,-0.008374468472463936,0.31511794092114903,0,0,0,6.229228080345479,6.229228080345479,8.781423712857652,4.710286558531016
forward,3.12,0.30000000000000004,0.0,0.0,0.02038854009266587,0.0204698895835695,-0.029665018283682894,0.035844637462736736,-0.010297052658829535,-0.008495388167534389,0.31478803551054085,0,0,0,6.736687850291978,6.736687850291978,8.836391865824432,7.664603627556684
forward,3.14,0.30000000000000004,0.0,0.0,0.019680687420931417,0.02245043184005878,-0.05010516695913162,0.10272620699976108,-0.0052581130380538665,-0.007004209715945781,0.31390280374303287,0,0,0,7.37846894895635,7.37846894895635,8.866670389555892,7.7220542292271155
forward,3.16,0.30000000000000004,0.0,0.0,0.020765494104151794,0.022805836260431225,-0.05218395312315102,0.1125458913588869,-0.0012001104314886245,-0.005435728390683421,0.3128476423493954,0,0,0,8.04697817010869,8.04697817010869,8.919627643654728,5.985756549059222
forward,3.18,0.30000000000000004,0.0,0.0,0.02497588284971985,0.022505820215929905,-0.043748816409722766,0.07783110688808777,0.0012337516623107396,-0.004022472272419415,0.3118951259350253,0,0,0,8.545010807557835,8.545010807557835,8.937267298079092,4.1235475510561965
forward,3.2,0.30000000000000004,0.0,0.0,0.03378950592403324,0.023023864242592795,-0.03281687391986425,-0.004769275452245713,0.001405494118051123,-0.002987330603140596,0.3111477301107704,0,0,0,8.922575136422953,8.922575136422953,8.901481420379373,2.765233896299836
forward,3.22,0.30000000000000004,0.0,0.0,0.049933905829930965,0.026211220363959797,-0.026851038489155463,-0.11423439001088559,-0.0006438212863465059,-0.0030844572228019927,0.3105768524614383,0,0,0,9.102099554210156,9.102099554210156,8.829580355728801,2.3669506340292266
forward,3.24,0.30000000000000004,0.0,0.0,0.07462175751600959,0.03288266746756781,-0.02690142690804873,-0.24376404478373653,-0.005617057054588948,-0.005140478056619934,0.31008585808162686,0,0,0,9.169276770198284,9.169276770198284,8.762039587665768,2.4454073502063487
forward,3.2600000000000002,0.30000000000000004,0.0,0.0,0.10757503493542421,0.04632886531071454,-0.03200775868841945,-0.38073432917531974,-0.013261282454183608,-0.009377192198664428,0.30954434935998915,0,0,0,9.19841966359895,9.19841966359895,8.69855180774029,2.687575884799297
forward,3.2800000000000002,0.30000000000000004,0.0,0.0,0.1390415324402661,0.04921757065453119,-0.007846975060721585,-0.36029152487949756,-0.01667101440114671,-0.011682872988077797,0.3090836206613826,0,0,0,8.855540537948976,8.855540537948976,8.638836169160133,2.9646688457696215
forward,3.3000000000000003,0.30000000000000004,0.0,0.0,0.18467212723141746,0.03655310652799284,-0.007050843617278695,-0.2956428865210288,-0.008616761202087736,-0.006557754876171352,0.3090535273306415,0,0,0,8.31137888451894,8.31137888451894,8.582635467420417,2.6178263272333204
forward,3.3200000000000003,0.30000000000000004,0.0,0.0,0.23170100773391233,0.021556823654977613,-0.0364989333056772,-0.23085771268555386,0.0029212312470973385,-2.2599840960130768e-05,0.30853192206000846,0,1,0,8.048797560308204,8.048797560308204,8.529713683694787,3.1322524234433686
forward,3.34,0.30000000000000004,0.0,0.0,0.26152956652395204,0.016331136585588768,-0.012017989675019318,-0.07827619627437062,0.000409547486243391,-0.0004873745944642979,0.30806094635797987,0,1,0,8.190599942677963,8.190599942677963,8.479853836518096,5.484045544730558
forward,3.36,0.30000000000000004,0.0,0.0,0.280943743576543,0.011820998056029373,-0.0025602751053741234,-0.007040639479800883,-0.00166100434721017,-0.006524276687744717,0.30794428785381955,0,0,0,8.878555728087552,8.878555728087552,8.432856096579702,3.9371850548526
forward,3.38,0.30000000000000004,0.0,0.0,0.2805181472222226,0.011459325173616357,-0.005605112247866719,-0.023011257513416525,-0.0037277857858858403,-0.0106315786878935,0.3078563457596779,0,0,0,9.247673327220065,9.247673327220065,8.375868892421156,3.3502310923362084
forward,3.4,0.30000000000000004,0.0,0.0,0.27011337597142243,0.018376451960200806,-0.0054748697748404195,-0.08789596057774447,-0.008486190691438047,-0.011093096813260608,0.3077522222962811,0,0,0,9.120831148809238,9.120831148809238,8.295065998892316,4.346432816607008
forward,3.42,0.30000000000000004,0.0,0.0,0.2634348114366356,0.02978572693279379,-0.006044842847317896,-0.11245156957169264,-0.017289364151406222,-0.011499112779856458,0.30759788114547054,0,0,0,9.062511863028666,9.062511863028666,8.222701666301997,6.164389463683923
forward,3.44,0.30000000000000004,0.0,0.0,0.26361369605676166,0.038108941492743305,-0.005892895774464928,-0.03217529666727614,-0.024020370899201216,-0.01476071644128134,0.3074752380952572,0,0,0,9.17226757780717,9.17226757780717,8.15690667550528,6.436172742002194
forward,3.46,0.30000000000000004,0.0,0.0,0.26200960216998836,0.042645069398959116,0.005489927883437556,0.0771069478488682,-0.02591686799297148,-0.02065213361464245,0.30754120685020236,0,0,0,9.124015416106216,9.124015416106216,8.089410340439414,4.9657696080694835
forward,3.48,0.30000000000000004,0.0,0.0,0.25881975719853306,0.044579103692986975,0.02090960018395782,0.17911331525866256,-0.024805039512312325,-0.025919673265011704,0.3079583063930699,0,0,0,8.598594992938851,8.598594992938851,8.016574172242514,3.017042173730398
forward,3.5,0.30000000000000004,0.0,0.0,0.25622496594208755,0.04612350938004517,0.022261744102013703,0.24903042695421695,-0.022723543654648817,-0.029295985072519525,0.3085783837355915,0,0,0,7.852639939867153,7.852639939867153,7.960332552649849,2.8885542917485485
forward,3.52,0.30000000000000004,0.0,0.0,0.26107086403034996,0.04538313646926575,0.005494755176920687,0.3163089156299886,-0.020310172703917353,-0.03123090414578057,0.3090433358503485,0,0,0,7.18178280156176,7.18178280156176,7.9357785029549035,2.84100681720188
forward,3.54,0.30000000000000004,0.0,0.0,0.2699686718846908,0.04348240571760794,-0.023031011955849452,0.37050844394522087,-0.017279267103988017,-0.03197754740214078,0.3090288997169911,0,0,0,6.785297792453989,6.785297792453989,7.91861170406731,3.607897261843093
forward,3.56,0.30000000000000004,0.0,0.0,0.27637487805802724,0.042515591624332945,-0.04553462642607448,0.37005633785240577,-0.015549097180737447,-0.03074745070701302,0.30842379782932644,0,0,0,6.670358211693146,6.670358211693146,7.941946162708039,4.238390820585186
forward,3.58,0.30000000000000004,0.0,0.0,0.2700235888402253,0.03090418405842464,0.03396371264265426,0.2089258913152688,-0.01605565172924478,-0.025631644276667708,0.308512809659069,0,1,0,6.433845555753059,6.433845555753059,7.97312167566152,2.217721273266056
forward,3.6,0.30000000000000004,0.0,0.0,0.2772203881058151,0.010520712016377042,0.07483326881912082,0.03921312797225595,-0.010949752296887463,-0.022543010564078845,0.30985660790681735,0,1,0,7.2365673634649825,7.2365673634649825,8.029371850337352,1.372676418439803
forward,3.62,0.30000000000000004,0.0,0.0,0.28921629136113447,-0.0016075290412607317,0.07893616902792347,-0.04110615432717443,-0.005215969725635511,-0.019099587699494894,0.3115280466844717,0,1,0,8.47265493738534,8.47265493738534,8.127594909124863,4.664833893475144
forward,3.64,0.30000000000000004,0.0,0.0,0.2922523798791995,-0.010647725175759539,0.04694160447062441,-0.0017147551464829882,0.0017184817007854652,-0.016496256092259333,0.3129537480518655,0,0,0,8.07093042171533,8.07093042171533,8.105290605380574,6.063270390275052
forward,3.66,0.30000000000000004,0.0,0.0,0.285134341397256,-0.018401132613407683,0.012524155730451209,0.12261413917440843,0.011001447715482263,-0.01533955196963224,0.31358980822290683,0,0,0,10.132813291417758,10.132813291417758,8.079101195208771,10.467731020280501
forward,3.68,0.30000000000000004,0.0,0.0,0.2791446444459621,-0.022205397003826725,-0.01596091441439167,0.13025842357792908,0.018132606355825382,-0.01703369515119179,0.31360689340594344,0,0,0,10.062238524308011,10.062238524308011,8.10322911217881,11.203131531187188
forward,3.7,0.30000000000000004,0.0,0.0,0.2935202338810564,-0.017911262984550806,-0.03324552912208775,0.11529022957615112,0.021222378770396892,-0.02504352277452234,0.313144382856481,0,0,0,11.547760248935965,11.547760248935965,7.994647388067399,10.00067931540188
forward,3.72,0.30000000000000004,0.0,0.0,0.303828122002128,-0.00938279944164914,-0.024474430459330836,0.04746975140378777,0.020186407588116528,-0.034186096104963454,0.3127207274119657,0,0,0,11.8538685319295,11.8538685319295,7.974374606113095,5.418903067071488
forward,3.74,0.30000000000000004,0.0,0.0,0.3077070783679929,-0.0008506645359539366,-0.003454596138596234,-0.041040929572263615,0.016719605761046502,-0.04036986203687879,0.3126988497104071,0,0,0,11.228768154462005,11.228768154462005,7.955174718303038,3.4800405165046557
forward,3.7600000000000002,0.30000000000000004,0.0,0.0,0.3096021548277137,0.0038467776991904087,0.005434127057418811,-0.10486317941575306,0.012852016786245,-0.04293606576051501,0.3130387188611377,0,0,0,9.882407807536172,9.882407807536172,7.9369877638468544,2.3860575800840573
forward,3.7800000000000002,0.30000000000000004,0.0,0.0,0.3167105163867305,0.008088731279575182,-0.003948318363608485,-0.17198303927811961,0.010316886120142433,-0.044328641295720166,0.31337426610948577,0,0,0,8.7666866888707,8.7666866888707,7.919757455163353,1.9414218049995382
forward,3.8000000000000003,0.30000000000000004,0.0,0.0,0.3263513643266528,0.01410355296221196,-0.03185867637571287,-0.2234389756492408,0.00790271264248989,-0.044469818293222343,0.31333196705437083,0,0,0,7.901620386272868,7.901620386272868,7.903430920401025,2.969415310988888
forward,3.8200000000000003,0.30000000000000004,0.0,0.0,0.33481414593094455,0.01971104249123717,-0.06470814197719742,-0.21950176360328308,0.004850509180647499,-0.04204424383897547,0.3126004016123863,0,0,0,7.469042398584689,7.469042398584689,7.887958467218553,3.8850567588850082
forward,3.84,0.30000000000000004,0.0,0.0,0.34903085994449334,0.008290863959605254,-0.07708354829145364,-0.16808779315516797,0.012279460768982878,-0.03071346780206814,0.3115321597373877,0,0,0,6.375041780407134,6.375041780407134,7.873293365758656,5.028449971751535
forward,3.86,0.30000000000000004,0.0,0.0,0.36185914482095266,-0.0019154391009935528,-0.09235099349369852,-0.15819379582534007,0.021985452244885923,-0.015450487511812027,0.3098265443205896,0,1,0,9.011922782876743,9.011922782876743,7.859391648979965,6.482755166500491
forward,3.88,0.30000000000000004,0.0,0.0,0.34099221552428227,0.014620288260629631,-0.016647955547021837,-0.0538262548552136,0.01382193330914062,-0.00966924348320172,0.3089766028150878,0,1,0,7.983975115038247,7.983975115038247,7.846211928713888,4.404534197486553
forward,3.9,0.30000000000000004,0.0,0.0,0.3174502127115949,0.02981185410557439,0.006656598680128583,0.018973365517220578,0.007288070161459903,-0.008891413069167815,0.3090559747617549,0,1,0,8.055090820177469,8.055090820177469,7.833715225990506,1.7813365296614385
forward,3.92,0.30000000000000004,0.0,0.0,0.2961868478489302,0.04252902954323403,-0.007996581585341236,-0.045181213457799865,0.00164542820486171,-0.011397955994146364,0.30911788616040303,0,0,0,8.999713206134759,8.999713206134759,7.817012815171928,4.392874080719798
forward,3.94,0.30000000000000004,0.0,0.0,0.29334407576809,0.0451561142882807,-0.02944009060765436,-0.08632661100332098,-0.005622836384994271,-0.018492717698634267,0.3087261183393195,0,0,0,10.161860534109843,10.161860534109843,7.781375190768664,5.2070835363629655
forward,3.96,0.30000000000000004,0.0,0.0,0.2904777122106107,0.04143921812190689,-0.03057139661691891,-0.018358067306219864,-0.009689848087338164,-0.027707538033861567,0.3081791181195143,0,0,0,10.756187119264286,10.756187119264286,7.688011667736333,4.8997819154387985
forward,3.98,0.30000000000000004,0.0,0.0,0.2793137386498586,0.03758508271445956,-0.009421884260011303,0.07305771627810947,-0.011302125868818253,-0.035763931902378705,0.30795480604372516,0,0,0,10.674208884544395,10.674208884544395,7.549449959005113,3.4990961117825434
forward,4.0,0.30000000000000004,0.0,0.0,0.2648223396304807,0.03743690158453436,0.01657890015140695,0.1417099471844288,-0.012158481716508223,-0.04151552667618966,0.30829070799326225,0,0,0,9.852499464069329,9.852499464069329,7.4015396574074295,2.8354744024850755
forward,4.0200000000000005,0.30000000000000004,0.0,0.0,0.2520239515471935,0.039118012124028774,0.029042566757758535,0.1779280887118787,-0.01273841200915601,-0.045739516402412285,0.30904880248490646,0,0,0,8.736324775153943,8.736324775153943,7.288925271817845,2.380260959117721
forward,4.04,0.30000000000000004,0.0,0.0,0.24181860019789345,0.04156823488955925,0.020249814724498987,0.19027585895485913,-0.014223671305246594,-0.04895006211843737,0.3098197388806599,0,0,0,7.922992788848973,7.922992788848973,7.230315933898716,2.4029187663694223
forward,4.0600000000000005,0.30000000000000004,0.0,0.0,0.2346801784337199,0.042732329639390346,-0.005596407620179975,0.20291046091260204,-0.015505154227959377,-0.05045335942055339,0.3102077689265778,0,0,0,7.3828251117511305,7.3828251117511305,7.212854479207028,3.0703353451022743
forward,4.08,0.30000000000000004,0.0,0.0,0.23024671083343853,0.04218930522999225,-0.042439100375351924,0.19430874830665174,-0.015957387611160986,-0.04956183105227151,0.30991535753044314,0,0,0,7.20921809945054,7.20921809945054,7.220202436057992,3.9327014248423366
forward,4.1,0.30000000000000004,0.0,0.0,0.2429685493866496,0.050553845621047644,-0.058176514402062764,0.2287807739512069,-0.026679657683704124,-0.04234951285651835,0.30918746015848403,0,0,0,6.696028394397829,6.696028394397829,7.239472687263895,4.532401087313384
forward,4.12,0.30000000000000004,0.0,0.0,0.2563066843352642,0.04182792611703321,-0.050622088742177676,0.27104051111545746,-0.03363608170585623,-0.03224946432122754,0.30800108706791945,0,1,0,7.412796354187895,7.412796354187895,7.269735104148161,4.891293741450022
forward,4.14,0.30000000000000004,0.0,0.0,0.2592104001461852,0.014026091189168512,0.013815264074338798,0.1640216823714618,-0.025825837640561417,-0.029034177734753815,0.3078965985487927,0,1,0,8.367225923638195,8.367225923638195,7.313436515909668,2.1808001199130773
forward,4.16,0.30000000000000004,0.0,0.0,0.26027790183392824,-0.003066733479172112,0.042620580563622425,0.10762550863511473,-0.016466030160430762,-0.027094308075131624,0.30866680780892214,0,1,0,8.047671126123628,8.047671126123628,7.391094810251666,6.68258003714962
forward,4.18,0.30000000000000004,0.0,0.0,0.2466240658777755,-0.012545373700071033,0.04006471627686184,0.05605754038682206,-0.009865300752769469,-0.024570039008712425,0.309723236284096,0,0,0,7.670224840748167,7.670224840748167,7.468274234245239,5.705924668396016
forward,4.2,0.30000000000000004,0.0,0.0,0.233351844940171,-0.01889839837521663,0.01601956858854693,0.09784214237040934,-0.0035940457085878543,-0.022017350832334713,0.31042180286503585,0,0,0,7.933993005101225,7.933993005101225,7.52740286302841,5.705924668396016
forward,4.22,0.30000000000000004,0.0,0.0,0.22863215088392735,-0.020930955220213612,0.00030129744038278564,0.09244911763971855,-0.0003328811284120842,-0.02300061646070349,0.3106207416739539,0,0,0,8.049536947180176,8.049536947180176,7.65068512786128,4.311873327790774
forward,4.24,0.30000000000000004,0.0,0.0,0.22070597977013084,-0.022124623025549354,0.0026850949864869857,0.06178721715090059,0.0005311318825334219,-0.02623232993307789,0.31071265922816954,0,0,0,8.58852526098182,8.58852526098182,7.7837541475528695,3.7882662086205183
forward,4.26,0.30000000000000004,0.0,0.0,0.21251897662619573,-0.02485618818118917,0.014691632784951423,0.04195782059942459,0.0008949684105168045,-0.03082138941514165,0.31101258308146973,0,0,0,8.886120812497966,8.886120812497966,7.8509109809899265,3.2439197168465737
forward,4.28,0.30000000000000004,0.0,0.0,0.20771795629105236,-0.02602091044686735,0.02573129258204973,0.03787419117286867,0.0009473038767826925,-0.036378816356569456,0.31159329067918673,0,0,0,8.975310334773358,8.975310334773358,7.838170922830098,2.8197945118784897
forward,4.3,0.30000000000000004,0.0,0.0,0.20729285452140275,-0.02261145323200764,0.025410554941710975,0.024091523228954463,-0.0009115048645406475,-0.04179258864365629,0.3123119239326073,0,0,0,8.605886624779465,8.605886624779465,7.82609022465439,2.85311876013215
forward,4.32,0.30000000000000004,0.0,0.0,0.2118821801759437,-0.015240641816655734,0.011816283198733186,-0.0003396710198852121,-0.004153823680495268,-0.04598418742066146,0.31290210119934625,0,0,0,8.359357852455464,8.359357852455464,7.814633519249387,2.783546260699281
forward,4.34,0.30000000000000004,0.0,0.0,0.2198993692654653,-0.005678799906842071,-0.012686041154978978,-0.04212827044745365,-0.008093318159453331,-0.04847310110885333,0.31311371138310523,0,0,0,7.921849319926043,7.921849319926043,7.796476569152972,3.483754454193804
forward,4.36,0.30000000000000004,0.0,0.0,0.22802048588263343,-0.006922566716013709,-0.011879764460461536,-0.01082003985227231,-0.004094177584589554,-0.0462495229370566,0.31307167450431206,0,0,0,7.3794257420717155,7.3794257420717155,7.775858080576089,4.350088458669925
forward,4.38,0.30000000000000004,0.0,0.0,0.25303123160744984,-0.012180953821829809,-0.03470727763386552,-0.04743806487330299,0.0066232907516804865,-0.038369566251725745,0.3128642124372498,0,0,0,6.6650256280266165,6.6650256280266165,7.769918979738673,5.847860336930603
forward,4.4,0.30000000000000004,0.0,0.0,0.2636551472015851,-0.005544795582926371,-0.023674124418399164,-0.11375389828597238,0.011419866622509047,-0.02985968966073435,0.31222991870726735,0,1,0,6.211159855693214,6.211159855693214,7.774407394241763,9.58394347349439
forward,4.42,0.30000000000000004,0.0,0.0,0.26361536699264865,0.00826321641405947,-0.0015069708583168306,-0.17080558150330236,0.005090065640793159,-0.027797261771857946,0.31224161178970866,0,1,0,6.8675443286237705,6.8675443286237705,7.765606594091572,1.7226844219447681
forward,4.44,0.30000000000000004,0.0,0.0,0.25556709353375806,0.018527766811369892,-0.019142536015712353,-0.23294620121570692,0.0002285583698770864,-0.026989064811842642,0.3121677338847216,0,1,0,7.586920516935378,7.586920516935378,7.75725585946801,1.1724997280805864
forward,4.46,0.30000000000000004,0.0,0.0,0.23203303980354603,0.023579356561745046,-0.04541860369356357,-0.26440814259144346,-0.0033070055524963603,-0.024606329205191922,0.31157464713510624,0,0,0,8.32830303957843,8.32830303957843,7.749331585127454,5.548440866618817
forward,4.48,0.30000000000000004,0.0,0.0,0.22908040863449788,0.026066604800208653,-0.07396706330230281,-0.2185980906234113,-0.006510513564251187,-0.025311787858120632,0.31032812209278765,0,0,0,9.517814365979392,9.517814365979392,7.732866751445982,6.74888402395596
forward,4.5,0.30000000000000004,0.0,0.0,0.2283922988533385,0.025935936553131343,-0.07776638499071264,-0.11172673440685928,-0.008877670065536518,-0.03034287713609903,0.3088391390577382,0,0,0,10.434580040778478,10.434580040778478,7.6730882342167845,5.745737245616822
forward,4.5200000000000005,0.30000000000000004,0.0,0.0,0.2225924214919988,0.023756290192190884,-0.05955189168126809,0.0027409930325972684,-0.010034291392442413,-0.036997670889093996,0.3076146417258948,0,0,0,10.866482876504074,10.866482876504074,7.558588153997299,3.2634683691041686
forward,4.54,0.30000000000000004,0.0,0.0,0.21773224040920777,0.0182668693557016,-0.03750720862782844,0.11082423020672531,-0.008730081924499145,-0.042964270336693686,0.3068588736922575,0,0,0,10.569205320329228,10.569205320329228,7.410230881036945,2.8293234148947652
forward,4.5600000000000005,0.30000000000000004,0.0,0.0,0.21722700450957716,0.010641263346883237,-0.024858038802409298,0.2371300891991991,-0.005628337940262908,-0.04787709895424935,0.3065002225417746,0,0,0,9.794918598139406,9.794918598139406,7.268133701344485,2.489593655314935
forward,4.58,0.30000000000000004,0.0,0.0,0.22024726349801643,0.0009309321712330232,-0.02799127262626027,0.3462959623886827,-0.0015674282978963515,-0.05203211544822171,0.3062529972685054,0,0,0,8.972610211148238,8.972610211148238,7.16205543070155,2.192927375777606
forward,4.6000000000000005,0.30000000000000004,0.0,0.0,0.22313802203603528,-0.007779333202379385,-0.041550071452425404,0.4032955401735759,0.0034447701337057884,-0.05567485954621836,0.30578396160490917,0,0,0,8.404298729036185,8.404298729036185,7.098439891550015,2.70361285325175
forward,4.62,0.30000000000000004,0.0,0.0,0.22220431334075894,0.008198780694671327,-0.012819852080128119,0.32379471893772105,-0.005526971740704421,-0.0518586238372636,0.305596642575118,0,0,0,7.168040220066776,7.168040220066776,7.067255515407805,3.228226599181716
forward,4.64,0.30000000000000004,0.0,0.0,0.24067037614061265,0.030164848225383938,-0.02257592417059366,0.24962417090452205,-0.019461527299434053,-0.04300620653252237,0.3055029121822742,0,0,0,6.314463674308592,6.314463674308592,7.07347664404767,3.7327177562947016
forward,4.66,0.30000000000000004,0.0,0.0,0.25799769245116944,0.043784327476825174,-0.01850375492298063,0.18792681780558593,-0.028413890995391742,-0.03200884631698962,0.3050595976747022,0,1,0,7.569853252495566,7.569853252495566,7.116294804578747,4.040574117781818
forward,4.68,0.30000000000000004,0.0,0.0,0.2604537595659844,0.025981121296923048,0.04048179659893662,0.06377968031620025,-0.016592473705087506,-0.02812088351342345,0.30553652723564073,0,1,0,7.599985261231861,7.599985261231861,7.180875542931865,2.1475791965271376
forward,4.7,0.30000000000000004,0.0,0.0,0.25528910261156257,0.004165399818380172,0.0614486842864277,-0.03491776800929868,-0.004731347634827298,-0.02526136108190522,0.3067385637169855,0,0,0,7.396257345216068,7.396257345216068,7.276646938883712,1.5640948175061262
forward,4.72,0.30000000000000004,0.0,0.0,0.23432687275243697,-0.00963928119339795,0.05850881585764802,-0.08162068003686829,0.0053069031463291545,-0.020887251810048618,0.3080793193126365,0,1,0,7.514641300856547,7.514641300856547,7.355926516914014,4.632680410655173
forward,4.74,0.30000000000000004,0.0,0.0,0.19757302009430786,-0.02239202369387156,0.03813337445091415,-0.10220413944534652,0.014031458198314193,-0.01659109428298142,0.3091649085035415,0,0,0,7.705825520709979,7.705825520709979,7.4477273202608,6.3074671114225875
forward,4.76,0.30000000000000004,0.0,0.0,0.1829685729143075,-0.03296797507112528,0.011918766778683615,-0.11803996337801079,0.023557421627150535,-0.01771348084643897,0.3096558525196095,0,0,0,8.044423939744107,8.044423939744107,7.5561084363951565,5.812487176389573
forward,4.78,0.30000000000000004,0.0,0.0,0.17528660461294074,-0.03913998991499583,-0.003319871609763786,-0.1308033621484214,0.031211033555133737,-0.02325520838961354,0.3097383385578599,0,0,0,9.221491303752769,9.221491303752769,7.608970184309371,4.4305499565219915
forward,4.8,0.30000000000000004,0.0,0.0,0.17274254142543585,-0.040979473054763814,-0.011819382970642188,-0.13872264543646828,0.034703197799278114,-0.030069052573732765,0.30963847487753005,0,0,0,10.088483340221822,10.088483340221822,7.608523584160398,3.3430620411036456
forward,4.82,0.30000000000000004,0.0,0.0,0.1777959692824621,-0.037381258629738755,-0.025629424122362483,-0.14278988957119915,0.03344834473745535,-0.037452500995301355,0.30937308763701427,0,0,0,10.519686021188019,10.519686021188019,7.608099234399592,2.4911286740518754
forward,4.84,0.30000000000000004,0.0,0.0,0.1885212325751621,-0.02782287614628786,-0.04516355413244879,-0.16481702593364542,0.028314537618328407,-0.04542086720646688,0.3088123015463855,0,0,0,10.71488970159598,10.71488970159598,7.607696024976043,2.5934750935306474
forward,4.86,0.30000000000000004,0.0,0.0,0.19938019696999137,-0.014752469340634006,-0.06341768492370513,-0.17270837213640566,0.021219335392325945,-0.052799605377118176,0.30786348279377806,0,0,0,10.84271192475392,10.84271192475392,7.519170283879692,2.808289064364198
forward,4.88,0.30000000000000004,0.0,0.0,0.20362844021493978,-0.025691066729402308,-0.02993379581676409,-0.0428552315010158,0.028151701463022736,-0.04948071889679221,0.3072809400803268,0,0,0,9.511898712031595,9.511898712031595,7.373376975142602,3.31296935732377
forward,4.9,0.30000000000000004,0.0,0.0,0.23204347547121346,-0.04091313485800833,-0.04774045002915201,0.03804076755324051,0.03876347518466399,-0.039735975553854205,0.30672605631578936,0,0,0,8.436470933012556,8.436470933012556,7.271028845874209,4.2433664636761455
forward,4.92,0.30000000000000004,0.0,0.0,0.25148979566271285,-0.038016134283480794,-0.030482324580181915,0.10272989724079283,0.0399083907147674,-0.030508005236511163,0.30585829139549464,0,1,0,7.396839882381387,7.396839882381387,7.2299530663862654,4.237644263922619
forward,4.94,0.30000000000000004,0.0,0.0,0.26473659950754985,-0.015542346884448003,0.008684761339154861,0.14067364640603552,0.02666079580853208,-0.02787535149162386,0.305882706984316,0,1,0,7.104562033562576,7.104562033562576,7.229631107563371,2.85611242828953
forward,4.96,0.30000000000000004,0.0,0.0,0.2772583814760926,0.01227582824910293,0.020646786790620854,0.0319008561592022,0.012945394919136736,-0.025707422829731263,0.30639788586529837,0,1,0,7.19010989709453,7.19010989709453,7.260512257073444,2.131078916734011
forward,4.98,0.30000000000000004,0.0,0.0,0.2795221527369852,0.037242276457582206,0.020000027197477288,-0.1426936923162399,0.0013861317096771264,-0.021652147714662652,0.3069612259310839,0,0,0,7.36662964045136,7.36662964045136,7.32932986958097,3.4848045298430548
forward,5.0,0.30000000000000004,0.0,0.0,0.2719151655924283,0.05812138768765174,-0.00382142118139101,-0.3012857286543756,-0.0056499127408764895,-0.017367635619654237,0.30720040326510484,0,0,0,7.850513875779539,7.850513875779539,7.429195416183955,5.590895982204832
forward,5.0200000000000005,0.30000000000000004,0.0,0.0,0.2535914224014617,0.07112001796121227,-0.017793660713565702,-0.326163943929391,-0.012090991305222041,-0.016203412343665406,0.3069905516726241,0,0,0,8.418140549593943,8.418140549593943,7.54245443557296,5.469465606609112
forward,5.04,0.30000000000000004,0.0,0.0,0.23629367093119016,0.0773467643286903,-0.014213153457224641,-0.21433282785765584,-0.019244109871117354,-0.018324316171358167,0.30668870190075964,0,0,0,9.115194251531328,9.115194251531328,7.5895597414532965,3.3658637889215317
forward,5.0600000000000005,0.30000000000000004,0.0,0.0,0.22066890985821402,0.08281054234464083,0.00017869999882129351,-0.11063492769756546,-0.025336386794324334,-0.021514114112319634,0.306623865288645,0,0,0,9.514072162780609,9.514072162780609,7.535845086447356,3.05309630789324
forward,5.08,0.30000000000000004,0.0,0.0,0.21028133896717643,0.08729548192746453,0.008019832822950998,-0.04846952432608235,-0.029647478485344537,-0.025492888229185065,0.3068204077596876,0,0,0,9.554707707930936,9.554707707930936,7.458382306665669,2.900135190114642
forward,5.1000000000000005,0.30000000000000004,0.0,0.0,0.20731116227491067,0.08724719722538062,0.004127019116464537,-0.010088745579095294,-0.032756769168359325,-0.02985326938560718,0.307068397775024,0,0,0,9.461499272016715,9.461499272016715,7.37449843144276,2.7964234695615495
forward,5.12,0.30000000000000004,0.0,0.0,0.21166519318912178,0.0831422689167547,-0.012090361248161917,0.03660188204411701,-0.033867659916493854,-0.03343973960872361,0.3070996458987091,0,0,0,9.226707393883771,9.226707393883771,7.294307681777241,2.4843359592022027
forward,5.14,0.30000000000000004,0.0,0.0,0.22090900903555602,0.07585240265804204,-0.037874867148241016,0.09946072497508081,-0.032951545551569185,-0.03553802724727998,0.3067020477878774,0,0,0,9.006601983784897,9.006601983784897,7.2249115694758785,3.086725683103368
forward,5.16,0.30000000000000004,0.0,0.0,0.2284377465965444,0.08229774400669261,-0.028140849434064717,0.08870407747763288,-0.040927959913727247,-0.032286041447369074,0.30612724060900043,0,0,0,8.376574256532665,8.376574256532665,7.167217124236174,3.830900152837685
forward,5.18,0.30000000000000004,0.0,0.0,0.23728662864076175,0.07458407551393512,0.004436461974335098,0.11059695432308284,-0.04729879369210828,-0.02542913121215113,0.3058040395652202,0,1,0,7.385546386923067,7.385546386923067,7.124562084077311,4.147022037086975
forward,5.2,0.30000000000000004,0.0,0.0,0.24195009721012434,0.04693472483837426,0.06097663976817534,0.04157613391451219,-0.04031046769555397,-0.023773795690154587,0.3066066547779982,0,0,0,7.24843422388905,7.24843422388905,7.123398879591921,2.4948227203195374
forward,5.22,0.30000000000000004,0.0,0.0,0.2442540324321474,0.022285147682178853,0.08242685562064188,0.022231051070236593,-0.03166923688617256,-0.02190476230088116,0.3081505803200644,0,0,0,7.475983380930058,7.475983380930058,7.167184697920419,2.4948227203195374
forward,5.24,0.30000000000000004,0.0,0.0,0.23700973242581344,0.008197351590103603,0.07198935501935312,0.07354128554356938,-0.022001645536409594,-0.018934248457456206,0.3097424323518644,0,1,0,7.472680735307269,7.472680735307269,7.270693688465929,7.398201519398331
forward,5.26,0.30000000000000004,0.0,0.0,0.21209419865221102,-0.0011165926835804384,0.04385887507495047,0.08112675117440693,-0.016874050667649146,-0.015390525594170104,0.3109595369269995,0,0,0,8.025406023638466,8.025406023638466,7.350614987068653,3.2410649198988692
forward,5.28,0.30000000000000004,0.0,0.0,0.18964955391896482,-0.004056402463803249,0.01973152503862481,-0.011975647739701315,-0.010828870844834132,-0.013537603120790213,0.3115515862943348,0,0,0,8.320850349286648,8.320850349286648,7.483858070985537,3.6708222207260257
forward,5.3,0.30000000000000004,0.0,0.0,0.16646002079934774,-0.006517009071931118,0.015102277846349672,-0.13880258185389682,-0.006495068631402335,-0.013398876584932322,0.31188253196684024,0,0,0,8.320293609937897,8.320293609937897,7.611165235030743,3.560759730136428
forward,5.32,0.30000000000000004,0.0,0.0,0.14407027950365706,-0.010800495543170623,0.0206416751248939,-0.2210788942346567,-0.0028952446491678904,-0.014496885455318501,0.3122656856060086,0,0,0,7.934538581592791,7.934538581592791,7.676741301325393,2.820936629655322
forward,5.34,0.30000000000000004,0.0,0.0,0.129028824886345,-0.01519259557494972,0.02299785198860286,-0.25263037393099574,0.00011191132551994823,-0.017558204585211568,0.3127631297794227,0,0,0,7.767032956408621,7.767032956408621,7.6728994452917725,2.3437698090222794
forward,5.36,0.30000000000000004,0.0,0.0,0.1247068963797959,-0.015342282044453197,0.012246883181248664,-0.25330918449199763,0.0008943876639900785,-0.02329040932376276,0.3131966721527563,0,0,0,8.216691275126903,8.216691275126903,7.669251061690986,2.1058459571651804
forward,5.38,0.30000000000000004,0.0,0.0,0.13078213137397582,-0.008407171185853128,-0.011252768481207591,-0.23521681746002163,-0.002092931248062722,-0.03157122041414515,0.3132974098929315,0,0,0,8.972008063379784,8.972008063379784,7.661617595162699,2.568385723872259
forward,5.4,0.30000000000000004,0.0,0.0,0.14512955851689824,0.00655332477095822,-0.04535376151513493,-0.21731287455898593,-0.00912157943260246,-0.04176546338657464,0.31282612717658365,0,0,0,9.77252082661087,9.77252082661087,7.614275502536344,2.8319919689081505
forward,5.42,0.30000000000000004,0.0,0.0,0.15998311232306894,0.01921171601012582,-0.05685119571115256,-0.11773289468251714,-0.01620154647609613,-0.05169572899797804,0.31178524541228103,0,0,0,10.423013137830255,10.423013137830255,7.530856983094804,3.5661091978576085
forward,5.44,0.30000000000000004,0.0,0.0,0.18488772721206692,0.009071584093816422,-0.029155244072028193,0.013111020585981452,-0.008600986065976512,-0.05177700012034773,0.3112097367486659,0,0,0,9.677985028370003,9.677985028370003,7.410940772069896,4.203712015228419
forward,5.46,0.30000000000000004,0.0,0.0,0.22205849700441982,0.0005103846532354347,-0.03605111485395178,0.020073777373974387,0.005467315566094581,-0.04654695331964419,0.31081223970657706,0,0,0,8.901539494790605,8.901539494790605,7.309827714813771,4.247340568608116
forward,5.48,0.30000000000000004,0.0,0.0,0.24973983592837687,0.0011190752460084044,-0.04008763154048757,-0.07808872634994712,0.015731664514762017,-0.03990586441146911,0.3101048756731005,0,1,0,7.234368856005946,7.234368856005946,7.249696920402815,3.939065242350266
forward,5.5,0.30000000000000004,0.0,0.0,0.2649339499018081,0.011272587268367381,-0.026264027904066005,-0.1782592187762281,0.012024793154220758,-0.03904844127459649,0.3097028964452083,0,1,0,6.907332121021986,6.907332121021986,7.246939208781733,1.2460626279603424
forward,5.5200000000000005,0.30000000000000004,0.0,0.0,0.26734412674599406,0.01592274800740457,-0.035435225122537106,-0.28039007992763254,0.007668190069663896,-0.03836581542809952,0.309295817770653,0,0,0,7.60055487145052,7.60055487145052,7.316788612857728,1.2979375521486296
forward,5.54,0.30000000000000004,0.0,0.0,0.259874524949099,0.020288244043549303,-0.05843937954415289,-0.3335433144112985,0.004070234347809016,-0.034238711928706,0.30845183325582265,0,0,0,8.225567900840455,8.225567900840455,7.384533770189595,8.348332405608222
forward,5.5600000000000005,0.30000000000000004,0.0,0.0,0.26073410992898266,0.02456508010001831,-0.08583533045745129,-0.35649152778080007,6.558696445442295e-05,-0.030801143321670502,0.30702760108579324,0,0,0,8.959892984078872,8.959892984078872,7.473265379180713,8.73106894824253
forward,5.58,0.30000000000000004,0.0,0.0,0.267375394203823,0.029520986435896252,-0.08580326740002014,-0.29643520062966827,-0.003939209264682332,-0.03167761801046456,0.3053976773272134,0,0,0,9.71872707351246,9.71872707351246,7.585429261088418,6.567859526186117
forward,5.6000000000000005,0.30000000000000004,0.0,0.0,0.2708249198737827,0.030338424629376873,-0.06228791430616672,-0.1514109135929192,-0.00574902993578238,-0.034894059316013595,0.3040896007036445,0,0,0,9.974135676464323,9.974135676464323,7.504677404789916,3.3602014806799763
forward,5.62,0.30000000000000004,0.0,0.0,0.27432396800232367,0.02637862867987474,-0.03283086248838692,0.024476764817751274,-0.004930756697528078,-0.03819110013984171,0.30340081187913137,0,0,0,9.538908061514249,9.538908061514249,7.400214960069491,2.785882085850235
forward,5.64,0.30000000000000004,0.0,0.0,0.2817061979318262,0.01937933964759321,-0.019171209262400696,0.18615584136011185,-0.0021982006553790652,-0.04073115885933092,0.30318504183837586,0,0,0,8.622055556962929,8.622055556962929,7.307702663136094,2.114386022960396
forward,5.66,0.30000000000000004,0.0,0.0,0.28226756298696953,0.022291927713738367,0.0017310912504400876,0.2251146964549266,-0.0037626305579880805,-0.04095406142766697,0.30320793702867316,0,0,0,7.709667836145175,7.709667836145175,7.254794472706035,2.5821275703235136
forward,5.68,0.30000000000000004,0.0,0.0,0.292852223463894,0.039066092005641234,0.01862983444006705,0.24910985963198531,-0.015034619001869634,-0.03536764540557,0.30370631231260087,0,0,0,7.523113872914311,7.523113872914311,7.240716572526797,3.088602981812178
forward,5.7,0.30000000000000004,0.0,0.0,0.311356286977237,0.06289881534529576,0.018737789389209093,0.24993927817478132,-0.029958365722216204,-0.028061433705382197,0.3042761476700417,0,0,0,6.634574366456313,6.634574366456313,7.281923903345799,3.3812883574741983
forward,5.72,0.30000000000000004,0.0,0.0,0.3254065579943423,0.07901959244949175,0.014900667671923336,0.29202775213665166,-0.0421626553190748,-0.020038392872674685,0.30459345082125,0,0,0,6.65980835335784,6.65980835335784,7.351787758432277,4.996558048415105
forward,5.74,0.30000000000000004,0.0,0.0,0.30622582981289603,0.060664599014343165,0.08064286353681856,0.24196335048044504,-0.03474034404360794,-0.018781548179212033,0.3057176696261986,0,1,0,6.7050464255315445,6.7050464255315445,7.438420685771909,4.996558048415105
forward,5.76,0.30000000000000004,0.0,0.0,0.2838144270162062,0.03638922506754907,0.10009995157273849,0.18967730720150516,-0.028666465708336343,-0.019939595811426236,0.30767931834262313,0,0,0,7.498828213340051,7.498828213340051,7.512566883606212,2.1374434495973063
forward,5.78,0.30000000000000004,0.0,0.0,0.2517605104331748,0.02103354106607943,0.09093102112757245,0.16810694423799316,-0.023510184853655153,-0.021113590908591297,0.30971316765950585,0,0,0,7.828928861160838,7.828928861160838,7.523450236715689,4.475050257200458
forward,5.8,0.30000000000000004,0.0,0.0,0.2146866391985794,0.007436071738448161,0.05807277786438665,0.16328602333075234,-0.0204488165528534,-0.022342510291423708,0.31133364017711995,0,0,0,10.316482975924108,10.316482975924108,7.527234971523008,10.931031165941295
forward,5.82,0.30000000000000004,0.0,0.0,0.20697658016469697,0.005310873032817834,0.009864713063004377,0.1683009221924737,-0.015359402996516357,-0.025779581777437135,0.312034577613519,0,0,0,7.4094622297586135,7.4094622297586135,7.5637574719558245,10.931031165941295
forward,5.84,0.30000000000000004,0.0,0.0,0.2057173135587537,0.010790368697744631,-0.005467982657201895,0.09464218103836206,-0.013162544469348548,-0.03215535393814821,0.31211877212695976,0,0,0,8.40765584034373,8.40765584034373,7.590994284752309,7.7106603163928185
forward,5.86,0.30000000000000004,0.0,0.0,0.19679970687910406,0.015806661463371702,0.008066864626083041,-0.005132282379982822,-0.014594811102444753,-0.03823309537926265,0.3122848953070574,0,0,0,8.782779428689274,8.782779428689274,7.613344435500629,3.7981152326152063
forward,5.88,0.30000000000000004,0.0,0.0,0.18517517506125117,0.0170229481788939,0.022559287198390014,-0.0988577915160639,-0.016623920064636092,-0.04390247116882664,0.3127878543762649,0,0,0,8.517851743381847,8.517851743381847,7.6126798171270735,2.6410977048850732
forward,5.9,0.30000000000000004,0.0,0.0,0.177719777213374,0.01865955404335803,0.021772759637118895,-0.17342037638019123,-0.019414691220795,-0.05034785737332132,0.3134539484685713,0,0,0,8.054679825090767,8.054679825090767,7.572701539924047,3.1545588083076495
forward,5.92,0.30000000000000004,0.0,0.0,0.1766901889598508,0.025581037256582655,0.007805128908415695,-0.24851134211570222,-0.023809236958513808,-0.057388515643405386,0.31398435639878136,0,0,0,7.894916551045948,7.894916551045948,7.550649212661437,4.217719782276953
forward,5.94,0.30000000000000004,0.0,0.0,0.17949322204428694,0.037410697463782054,-0.02013143936902869,-0.28535741381868956,-0.030322378841683203,-0.06333013883102098,0.3140850171044273,0,0,0,7.697798547053813,7.697798547053813,7.536736999116577,5.465544293395435
forward,5.96,0.30000000000000004,0.0,0.0,0.18458225179175744,0.030889803530363757,-0.02136038162390263,-0.18700213994104986,-0.026485284069388774,-0.06083079768273034,0.31402005677158595,0,0,0,6.7665252653270125,6.7665252653270125,7.531517983370733,7.340759625933646
forward,5.98,0.30000000000000004,0.0,0.0,0.20677009701445903,0.023095274115525134,-0.062227680127415655,-0.1637240621214706,-0.0167445118184216,-0.052289913146546234,0.31349858569914113,0,0,0,8.985259036833105,8.985259036833105,7.550339898925518,10.368539345696702
forward,6.0,0.30000000000000004,0.0,0.0,0.21690909694150357,0.029463984307628005,-0.06220964414397045,-0.1326321527826329,-0.008663225279029192,-0.0428866567952026,0.3122869340466741,0,1,0,6.836845084398637,6.836845084398637,7.594258488594278,13.634700621581876
backward,6.0200000000000005,-0.30000000000000004,0.0,0.0,0.22850331935643697,0.03528998628799446,-0.05397720538909697,-0.07757636465185425,-0.01116290394853201,-0.039769869405522205,0.3113551599490715,0,1,0,7.625450049065714,7.625450049065714,7.608868164056489,1.4486049736617705
backward,6.04,-0.30000000000000004,0.0,0.0,0.23119324740571992,0.040150700012292345,-0.06573371119038578,-0.06980955272769823,-0.013173124635716472,-0.03892803088500732,0.31031702012302853,0,0,0,8.410377064526731,8.410377064526731,7.608426646874637,1.1819078396972986
backward,6.0600000000000005,-0.30000000000000004,0.0,0.0,0.22626988631643832,0.046220376133418235,-0.08583008415958351,-0.1308479818377842,-0.014580498139491813,-0.03689758591264893,0.30889398186171435,0,0,0,9.234868239458196,9.234868239458196,7.586599849158233,6.486901614014315
backward,6.08,-0.30000000000000004,0.0,0.0,0.22630525135296334,0.049142772283051736,-0.10701862041435334,-0.16968116574747177,-0.016216370905675733,-0.03613499598406812,0.3069961564991075,0,0,0,10.163300729536168,10.163300729536168,7.5311912442112146,6.327067068557446
backward,6.1000000000000005,-0.30000000000000004,0.0,0.0,0.22819110914740476,0.048107270159804955,-0.09403534394334953,-0.04650227125112484,-0.017015236863685206,-0.03827065560292192,0.30509887845301287,0,0,0,10.692389797323326,10.692389797323326,7.430722917135515,3.850552837201821
backward,6.12,-0.30000000000000004,0.0,0.0,0.21630167652318966,0.042135114771453715,-0.05648720685888832,0.1706417245664169,-0.015144177214104399,-0.04011841642452774,0.30376548264747316,0,0,0,10.235192117916222,10.235192117916222,7.294733598748259,2.4790046135166453
backward,6.140000000000001,-0.30000000000000004,0.0,0.0,0.1881579003187795,0.03878476744663924,-0.015430603804296419,0.3820249702750805,-0.014029888625694438,-0.037603806306412316,0.3032664743310989,0,0,0,8.698300767766876,8.698300767766876,7.164657767152178,1.6452523137451411
backward,6.16,-0.30000000000000004,0.0,0.0,0.1448624063182324,0.04259329044167818,0.011249937980468375,0.5166171364502482,-0.01990950656764731,-0.029876213403021178,0.3034113069399469,0,0,0,6.899183133538031,6.899183133538031,7.099100545223568,2.033740021219036
backward,6.18,-0.30000000000000004,0.0,0.0,0.09387485283823922,0.05556262780890517,0.011313064069821263,0.5850067448586488,-0.03467045954638142,-0.017179865464829417,0.30374701758424544,0,0,0,8.03387348883587,8.03387348883587,7.109517038752863,2.5575519875941435
backward,6.2,-0.30000000000000004,0.0,0.0,0.038521962336054864,0.05781156274582367,0.020909094136874445,0.5200461327138821,-0.048662797302556036,-0.0034680656862692088,0.3039014994310247,0,0,0,8.667137361819249,8.667137361819249,7.1788591855627715,3.349940200786971
backward,6.22,-0.30000000000000004,0.0,0.0,-0.013156456777179585,0.03435310756730029,0.02705013779164242,0.30357850621086524,-0.04648414191138532,0.00045864680468193664,0.3044566056624142,0,0,0,8.432870522557725,8.432870522557725,7.279071293316626,4.096227710458944
backward,6.24,-0.30000000000000004,0.0,0.0,-0.05790937130550058,0.012439297301951476,0.04138470699216808,0.01768611371274894,-0.04118773504859067,-0.0012309340646784075,0.3049849617124144,0,0,0,8.631326438890515,8.631326438890515,7.380120783903038,7.0416678288271966
backward,6.26,-0.30000000000000004,0.0,0.0,-0.06982619670088207,0.005987830251156342,0.028101845858217372,-0.15797187479959732,-0.036722367111011005,-0.00042618818953492663,0.3056059219806325,0,0,0,7.484351746951025,7.484351746951025,7.474015372528587,7.4636197805027775
backward,6.28,-0.30000000000000004,0.0,0.0,-0.0845373372816268,0.009016317464313976,0.04026632709292898,-0.2454430186726882,-0.028763704280451056,0.0054751657993942025,0.30623223193961974,0,0,0,7.757442506633249,7.757442506633249,7.517411813291613,5.4982063538035995
backward,6.3,-0.30000000000000004,0.0,0.0,-0.1153424457544512,-0.0025293233663534875,0.06341952798277112,-0.31091709073069457,-0.016434966449979042,0.01719391051735728,0.3073354542441635,0,0,0,8.150791079963362,8.150791079963362,7.659119516233908,2.8065483409119905
backward,6.32,-0.30000000000000004,0.0,0.0,-0.15098509609395785,-0.02735738450443022,0.06914223709003203,-0.3132302549652337,-0.000271034831850545,0.02919561709515063,0.30876790577255425,0,0,0,7.991570289450826,7.991570289450826,7.786962255514808,2.5282713238059755
backward,6.34,-0.30000000000000004,0.0,0.0,-0.17975302483481678,-0.05775642716727657,0.05412704524636744,-0.2381497353784489,0.015353333937560786,0.03697503033730146,0.31012635479897666,0,0,0,7.290757805067607,7.290757805067607,7.8277575330189,2.725479493638174
backward,6.36,-0.30000000000000004,0.0,0.0,-0.1973497186522645,-0.08361859729901211,0.029879531563083078,-0.11888163800849916,0.027071019951211323,0.039128515595380116,0.3110841504077842,0,0,0,6.436575843575557,6.436575843575557,7.816214779597086,2.9431092368179694
backward,6.38,-0.30000000000000004,0.0,0.0,-0.2090540816189005,-0.09917577511023079,0.005297516171158798,-0.0017997919273071289,0.03196070265150613,0.03744496776052915,0.3115715025498549,0,0,0,7.08966192158177,7.08966192158177,7.805267263910366,4.797977698137566
backward,6.4,-0.30000000000000004,0.0,0.0,-0.2179627951677232,-0.09156281125207669,0.008082639624222194,0.11779721484833448,0.026050614387314163,0.030263036071368245,0.3118876019265459,0,0,0,7.570231852287121,7.570231852287121,7.794883272869974,5.371268128480888
backward,6.42,-0.30000000000000004,0.0,0.0,-0.2294231120099682,-0.06912857217678887,-0.002973072003443351,0.13100988874552205,0.011277905091160147,0.019791646322126974,0.3121122044023182,0,0,0,6.862131560272536,6.862131560272536,7.84772792597148,7.2574317907494645
backward,6.44,-0.30000000000000004,0.0,0.0,-0.2429579513148288,-0.025226739979383874,-0.04391332412932,0.07497143160589922,-0.008807787291809366,0.008234022236668337,0.3118491178294513,0,1,0,10.764587995112374,10.764587995112374,7.949274684067845,12.617566274770198
backward,6.46,-0.30000000000000004,0.0,0.0,-0.23676777765440543,-0.00994959646519304,-0.0038734299673559586,0.17706504596835942,-0.007309070775521141,0.007578005509227737,0.31167679207836774,0,1,0,6.563627571950998,6.563627571950998,7.972922948376247,9.337676508539506
backward,6.48,-0.30000000000000004,0.0,0.0,-0.22682185225525714,-0.0013793859756736613,-0.024498100452833967,0.20576919763850002,-0.004457481011210309,0.008560401532886789,0.31139704902294174,0,0,0,7.262310515868494,7.262310515868494,7.953799754078727,3.5402459972909055
backward,6.5,-0.30000000000000004,0.0,0.0,-0.23173678192564906,0.006633508711360603,-0.02118668430646029,0.22641875342606618,-0.006991723775017893,0.007389106654974143,0.31091922374853526,0,0,0,7.966594947904444,7.966594947904444,7.9356852204042525,4.796290642101575
backward,6.5200000000000005,-0.30000000000000004,0.0,0.0,-0.2391383752750004,0.020048440254992455,-0.004216694128856804,0.2146961480929168,-0.013105408128816996,0.004837996720125061,0.31066317169012936,0,0,0,8.490518757163768,8.490518757163768,7.918523320163008,4.799677974721861
backward,6.54,-0.30000000000000004,0.0,0.0,-0.2482139279158073,0.03292580134606084,0.014485002441184093,0.1761959839890765,-0.01982438569114844,0.0014713801144590893,0.3107768783190715,0,0,0,8.803284829100704,8.803284829100704,7.886461816854592,2.980761347838969
backward,6.5600000000000005,-0.30000000000000004,0.0,0.0,-0.25831690477587194,0.041803116803598966,0.02655958620012429,0.13544640930258323,-0.026002538202361373,-0.000813995481008835,0.31120291815270723,0,0,0,8.656883592253907,8.656883592253907,7.836990712553099,2.263290861905655
backward,6.58,-0.30000000000000004,0.0,0.0,-0.27038928336520573,0.04890352274868407,0.02683214924351701,0.11393939648520773,-0.030507128044866244,-0.001042526831307287,0.31175365755866874,0,0,0,8.115792119923823,8.115792119923823,7.786251914151439,2.0152413604626043
backward,6.6000000000000005,-0.30000000000000004,0.0,0.0,-0.28519931388572134,0.05519227701232733,0.018052641762692917,0.11105337872037599,-0.03492838601473639,0.0003284977298213072,0.312231755647128,0,0,0,7.589970338030711,7.589970338030711,7.754826987244794,3.8433109209797314
backward,6.62,-0.30000000000000004,0.0,0.0,-0.29900927010588124,0.05990051821832946,-0.0067020703235849115,0.13312610640356806,-0.04062829451084901,0.003022451215721077,0.3123801435486997,0,0,0,7.266399930169125,7.266399930169125,7.745688898931302,5.3829847582118635
backward,6.640000000000001,-0.30000000000000004,0.0,0.0,-0.31133463891324864,0.045193329134424316,-0.015865980969106564,0.131498726301134,-0.04042695243822257,0.004539655832353097,0.31210954916355554,0,0,0,6.893746743711161,6.893746743711161,7.751743428310981,7.6118363064439984
backward,6.66,-0.30000000000000004,0.0,0.0,-0.31536292334464866,0.004056804743285841,-0.04305609413070509,0.10686630840625781,-0.029246858650095898,-0.0011931691169188492,0.31171242047217407,0,0,0,10.952681153806775,10.952681153806775,7.772099878997409,12.952034190057262
backward,6.68,-0.30000000000000004,0.0,0.0,-0.3026867797383806,-0.02403992797326898,-0.0148840992421205,-0.049412159172121065,-0.020051345009851427,-0.009526788408730896,0.3109341149667184,0,0,0,6.983441056217442,6.983441056217442,7.807924588304143,17.028472663989913
backward,6.7,-0.30000000000000004,0.0,0.0,-0.2835704750477499,-0.02547455741158995,0.005440311941446776,-0.17609312911345182,-0.026647423768753096,-0.010345002836268392,0.3108902840728526,0,0,0,7.112290626951342,7.112290626951342,7.851005175185101,4.661823552622171
backward,6.72,-0.30000000000000004,0.0,0.0,-0.29388106997586755,-0.021085773540695938,0.02281683578594095,-0.2834137864036161,-0.0305760386945224,-0.0071028210170872965,0.31116633617004125,0,0,0,7.623916022222737,7.623916022222737,7.920257468497521,5.241156364460132
backward,6.74,-0.30000000000000004,0.0,0.0,-0.3255727006073393,-0.0313773318407375,0.03585086757707465,-0.28445860555179703,-0.028439329292713342,-0.0003758665808810311,0.3117764758356858,0,0,0,8.097451640573526,8.097451640573526,7.9516901595076135,6.038058517327997
backward,6.76,-0.30000000000000004,0.0,0.0,-0.35307576705526805,-0.047321069368753944,0.03630134613360837,-0.25817547622109555,-0.02247691116146474,0.00606384004964155,0.3125535921514388,0,0,0,7.752483345512467,7.752483345512467,8.09309903678188,5.392274534884632
backward,6.78,-0.30000000000000004,0.0,0.0,-0.3690920977832917,-0.060737318153396315,0.021172973471627565,-0.19830571484844361,-0.016566707131076278,0.009466753518793792,0.31321892301189524,0,0,0,7.035509985845324,7.035509985845324,8.21493716927014,3.888975591035268
backward,6.8,-0.30000000000000004,0.0,0.0,-0.37599810023516805,-0.06535798087912961,-0.005052724748600983,-0.12008158091005416,-0.013280190412788153,0.009593584632970336,0.3134816567782212,0,0,0,6.663713944827195,6.663713944827195,8.234896391724376,3.4045753237171676
backward,6.82,-0.30000000000000004,0.0,0.0,-0.377692585158715,-0.058679825896421366,-0.03308312573291785,-0.11031633819689113,-0.01244731311511007,0.008114646477460059,0.31319523671084554,0,0,0,7.469450761792999,7.469450761792999,8.269402643037068,4.616267492886342
backward,6.84,-0.30000000000000004,0.0,0.0,-0.3754397420568391,-0.043065778229009505,-0.07177966350885501,-0.18711835022954595,-0.01337978119636455,0.007526662857276763,0.312262755936224,0,0,0,7.364632420142325,7.364632420142325,8.315957489072144,6.059779190565921
backward,6.86,-0.30000000000000004,0.0,0.0,-0.3678888815114187,-0.023996261559549658,-0.13439960576715052,-0.3269020710421606,-0.014686479343061172,0.008566576864393877,0.3103399769546072,0,0,0,6.611891149173692,6.611891149173692,8.373520342616747,8.333334845016315
backward,6.88,-0.30000000000000004,0.0,0.0,-0.34330815893062216,-0.01947783505757021,-0.1294248554185894,-0.32588701018593297,-0.009733289228162563,0.013744780595746188,0.30751770604011064,0,1,0,6.376343854041797,6.376343854041797,8.398574950151222,8.93376772070871
backward,6.9,-0.30000000000000004,0.0,0.0,-0.3088287277995548,-0.010983914289106703,-0.07576851082337022,-0.21084709246375832,-0.0066484500762101825,0.016755219059320873,0.30564473062389913,0,1,0,8.031652403332131,8.031652403332131,8.437976747318295,3.92661382545432
backward,6.92,-0.30000000000000004,0.0,0.0,-0.29885363274960747,-0.008731482506505767,-0.004657385910163892,-0.07510482476435251,-0.003987695015099644,0.014332688541985269,0.3049731970954002,0,0,0,9.172873270991792,9.172873270991792,8.393365961989929,4.7212803563840104
backward,6.94,-0.30000000000000004,0.0,0.0,-0.3121913684569712,-0.001796689108052712,0.035089050969403554,-0.007119139698762203,-0.0036377424768458165,0.011932084229410587,0.30530710179671,0,0,0,8.88563059196905,8.88563059196905,8.334741059857013,6.125134375375751
backward,6.96,-0.30000000000000004,0.0,0.0,-0.33255508316929805,0.010825848691883817,0.049183491889936766,-0.025493860614756298,-0.006437928796048621,0.010727299222229933,0.30617145969461257,0,0,0,8.537294181808926,8.537294181808926,8.271728512688213,6.342086537044821
backward,6.98,-0.30000000000000004,0.0,0.0,-0.3487514386114387,0.022341365792243974,0.047927551215043544,-0.08397819464632865,-0.01117171465552134,0.008508032414173581,0.3071691629889365,0,0,0,8.35483308104438,8.35483308104438,8.229630705321654,5.097087754664034
backward,7.0,-0.30000000000000004,0.0,0.0,-0.3610159275789178,0.029110308459459302,0.03719683590588757,-0.12915374960872353,-0.014773387150241837,0.005315927958682176,0.30803923832139624,0,0,0,8.414523132846007,8.414523132846007,8.196076781649413,2.8501322713933877
backward,7.0200000000000005,-0.30000000000000004,0.0,0.0,-0.3716454073260802,0.029634147309083436,0.018673689122963917,-0.11774841084714466,-0.016336287758138716,0.002629995453374008,0.3086071885235978,0,0,0,8.419276901276396,8.419276901276396,8.159699324086628,1.6726863298184382
backward,7.04,-0.30000000000000004,0.0,0.0,-0.38015521043204437,0.02629984512116129,-0.006968121768500469,-0.08022899326954841,-0.016651956939978597,0.0006382768891588361,0.3087401282743878,0,0,0,8.509981627493513,8.509981627493513,8.121062406750248,3.124057791247597
backward,7.0600000000000005,-0.30000000000000004,0.0,0.0,-0.38314619934402816,0.02067152544498909,-0.04145411437608357,-0.0346108794438589,-0.017491379258724973,-0.002334355081758156,0.3082621033077739,0,0,0,8.862663012984656,8.862663012984656,8.081030663535742,3.544628874326472
backward,7.08,-0.30000000000000004,0.0,0.0,-0.37519845840269567,0.011715189423177898,-0.10172903433198739,0.030440668061351983,-0.01897919182551876,-0.00736693676413624,0.30684746072167574,0,0,0,9.01542044578227,9.01542044578227,8.031133665260384,3.9889355183337103
backward,7.1000000000000005,-0.30000000000000004,0.0,0.0,-0.34854730842498705,-0.0022244494492977764,-0.049189479729603434,-0.032928801384315344,-0.018329312895364054,-0.013046745702692937,0.30523573802835147,0,1,0,7.887905991379073,7.887905991379073,7.975160041128994,2.100076857777828
backward,7.12,-0.30000000000000004,0.0,0.0,-0.30958282123768877,-0.004423611860060133,0.012298147193213971,-0.07503858654712307,-0.01915771091387815,-0.016879670453316026,0.30478133100497456,0,0,0,8.646935685880381,8.646935685880381,7.941926583442985,6.4043813642702805
backward,7.140000000000001,-0.30000000000000004,0.0,0.0,-0.28699315072617865,-0.007277262521060193,0.07202265821673534,-0.17732405175333693,-0.019213104088086852,-0.0169552658001062,0.3056118754690265,0,0,0,8.892436465444147,8.892436465444147,7.93841208963568,6.103446643109099
backward,7.16,-0.30000000000000004,0.0,0.0,-0.30284869208818915,-0.0055669184184669665,0.09934303310805183,-0.23629740139567595,-0.01745195103439495,-0.012885259630652637,0.3073029461687078,0,0,0,7.127723506701691,7.127723506701691,7.978555446914868,6.3425970667736555
backward,7.18,-0.30000000000000004,0.0,0.0,-0.33543899071943045,-0.015810371903535042,0.09837076150632885,-0.1932796764674434,-0.012309468651157026,-0.0042326898511011665,0.3092400665411169,0,0,0,6.977381068397728,6.977381068397728,8.035896606894237,4.292870031926263
backward,7.2,-0.30000000000000004,0.0,0.0,-0.35840329736664567,-0.03236080069234912,0.07215090634055124,-0.08868845755472796,-0.0041104713262196035,0.0031951524177484788,0.31091800844044004,0,0,0,6.610469846057551,6.610469846057551,8.043591157398495,3.3260149345552197
backward,7.22,-0.30000000000000004,0.0,0.0,-0.3689205168652054,-0.04473681883785044,0.03307892994792821,0.03544813677329576,0.004962999240928578,0.005763614050334449,0.3119290877007096,0,0,0,6.341117387026396,6.341117387026396,8.020713874821677,2.8220657604130555
backward,7.24,-0.30000000000000004,0.0,0.0,-0.37014886689184984,-0.04422174093023198,-0.004061606359643488,0.10197268029734272,0.01127127169330895,0.0047193978243195,0.3121898345741487,0,0,0,7.8200487747971525,7.8200487747971525,7.999056500123221,2.701980285077511
backward,7.26,-0.30000000000000004,0.0,0.0,-0.362303487588518,-0.03266448464187673,-0.04954041420434255,0.08332908919906619,0.014618306910623638,0.002464877203050658,0.3116361788747479,0,0,0,8.353132523713569,8.353132523713569,7.978549917952236,2.1786116060796594
backward,7.28,-0.30000000000000004,0.0,0.0,-0.3475111138459964,-0.013068236011827149,-0.11213725321503341,-0.02822979530668012,0.013695133257925903,0.0005521672315828551,0.3099975572361687,0,0,0,7.9340012095692725,7.9340012095692725,7.959129342825307,2.8697591475829505
backward,7.3,-0.30000000000000004,0.0,0.0,-0.3175388021615987,-0.00025810357304875556,-0.12492944522994856,-0.11659058157615107,0.014768302735442463,0.0009643784994842261,0.30733396094723203,0,0,0,6.733687941318173,6.733687941318173,7.942797771573254,3.6907200229586596
backward,7.32,-0.30000000000000004,0.0,0.0,-0.28510219412986404,0.010193373259917836,-0.08003892355864202,-0.06408549356201158,0.014913912823185788,0.00041629227297745343,0.3052681057774481,0,1,0,7.723503023889636,7.723503023889636,7.9252621535578385,4.550160326959923
backward,7.34,-0.30000000000000004,0.0,0.0,-0.2625204414721532,0.011439004746243023,-0.015151959724153969,0.03588498010333172,0.01651612051601162,-0.004642974085967353,0.3042673720423248,0,0,0,9.81840747851863,9.81840747851863,7.908647152867292,6.095386954579846
backward,7.36,-0.30000000000000004,0.0,0.0,-0.264214943086103,0.008620626771958252,0.02233751237799244,0.16322231425899061,0.016853779954976517,-0.009032773989208655,0.3043411572078936,0,0,0,9.456595000065576,9.456595000065576,7.827697946153993,5.794128475404694
backward,7.38,-0.30000000000000004,0.0,0.0,-0.2954923476539843,0.014357197977900662,0.03881242558738303,0.15814468873759382,0.014240793768268352,-0.00924188040536622,0.3049195132848866,0,0,0,8.496305463370462,8.496305463370462,7.729998102173738,5.637705733526742
backward,7.4,-0.30000000000000004,0.0,0.0,-0.3212083096400439,0.02563077751272496,0.03995201670305399,0.09830196041271667,0.009010409963449513,-0.008674149101945588,0.30564950046697636,0,0,0,7.9730915915713405,7.9730915915713405,7.680615972070932,4.081859915116515
backward,7.42,-0.30000000000000004,0.0,0.0,-0.3417781233086529,0.035123204830690154,0.02911601959413058,0.06481224115623452,0.0037762145925504657,-0.008966024916749464,0.30626934612317197,0,0,0,7.703028819406636,7.703028819406636,7.661770727365099,3.4211040573689466
backward,7.44,-0.30000000000000004,0.0,0.0,-0.36037723498532576,0.03938747572816265,0.010659005272273056,0.06694008622860109,0.0009741887756252297,-0.009648381777234238,0.3065946607601858,0,0,0,7.727755675386476,7.727755675386476,7.655782269087734,2.952139621656858
backward,7.46,-0.30000000000000004,0.0,0.0,-0.37701328235407583,0.0393596500704483,-0.011470058746368911,0.08344543329148026,0.0006692661031939295,-0.010221181815020276,0.30652697809306384,0,0,0,7.861719963080371,7.861719963080371,7.649943471519819,4.154294243356585
backward,7.48,-0.30000000000000004,0.0,0.0,-0.3895848180525958,0.0340514374731492,-0.0470806082416391,0.11258345877049997,0.0021021615869305267,-0.010227189346402354,0.3059045025767884,0,0,0,8.010438661719938,8.010438661719938,7.638381883015576,5.564876459959366
backward,7.5,-0.30000000000000004,0.0,0.0,-0.3823517494961757,0.037095886815741635,-0.06851204366666493,0.10330503050402948,-0.0037601629410440366,-0.006941404030860918,0.3046336627382158,0,0,0,8.192832685588115,8.192832685588115,7.620759054865129,6.20640731604631
backward,7.5200000000000005,-0.30000000000000004,0.0,0.0,-0.3481113376724522,0.03829995462097487,-0.07092045360244462,0.14079821938876522,-0.016017653605411096,0.0009579879560906067,0.30301714993999296,0,1,0,7.563418509443129,7.563418509443129,7.595031614935266,3.0110297937471504
backward,7.54,-0.30000000000000004,0.0,0.0,-0.30465665501778744,0.0262499208751321,-0.023253897914658553,0.03605087037840064,-0.016349271951813682,0.002436275191402392,0.3021413272374831,0,1,0,9.270270078946623,9.270270078946623,7.582018207767263,6.935667715614926
backward,7.5600000000000005,-0.30000000000000004,0.0,0.0,-0.2781006884029841,0.013764470382305816,0.043359605276645036,-0.044086156280437404,-0.014790457743427037,0.0015926037424844443,0.3024703075304449,0,0,0,8.926126111094781,8.926126111094781,7.6176110985413885,6.007872290737763
backward,7.58,-0.30000000000000004,0.0,0.0,-0.2812850751890524,0.01565607444149062,0.07238772172284569,-0.13970809522700173,-0.013910435059071719,0.0021537520231497305,0.3037151640501228,0,0,0,8.123800546344173,8.123800546344173,7.652520348728508,7.581609488712609
backward,7.6000000000000005,-0.30000000000000004,0.0,0.0,-0.31262022381509447,0.011924609219846586,0.07976378005447678,-0.09164360483733636,-0.014286733538710015,0.007860499793475015,0.30533076102417817,0,0,0,7.043687343095677,7.043687343095677,7.733863841983336,4.600743016582347
backward,7.62,-0.30000000000000004,0.0,0.0,-0.34504769307475175,-0.0006763509948008325,0.0704153527637771,0.0035287089144082503,-0.013044071072529733,0.015447953507885033,0.30694901351386367,0,0,0,7.2397486661648545,7.2397486661648545,7.881829195599611,3.4053279134525902
backward,7.640000000000001,-0.30000000000000004,0.0,0.0,-0.36758386290916767,-0.012984689500972445,0.04738297881006409,0.08269529761186936,-0.009420969839616041,0.019961315450039943,0.30827879753896825,0,0,0,6.979932513662913,6.979932513662913,7.99481039719738,2.7291020933537125
backward,7.66,-0.30000000000000004,0.0,0.0,-0.3826386403546025,-0.01607800677557372,0.017166120418458636,0.09743183609966795,-0.005145958185126281,0.021072915860989517,0.3090979145651523,0,0,0,6.584540264349598,6.584540264349598,8.045998669075662,3.278803421004337
backward,7.68,-0.30000000000000004,0.0,0.0,-0.3896711129506173,-0.007703675414061255,-0.017521929881579218,0.015159275885173637,-0.0024036249480014404,0.021185122776818808,0.30929909236921516,0,0,0,7.0419428055351885,7.0419428055351885,8.072462090118282,4.469723717106808
backward,7.7,-0.30000000000000004,0.0,0.0,-0.38503430221714424,0.015336526651614887,-0.04471005090724985,-0.0879626203964909,-0.00398016511866844,0.01874553850227042,0.3088037931395587,0,0,0,7.047201498254411,7.047201498254411,8.07474205026837,6.0134963024315615
backward,7.72,-0.30000000000000004,0.0,0.0,-0.36233325227916824,0.04767240193279714,-0.0533658056236476,-0.14670792647007197,-0.013562901153233402,0.008065748979295352,0.30777703374581983,0,0,0,6.929629542505988,6.929629542505988,8.165952676566189,7.73815355459958
backward,7.74,-0.30000000000000004,0.0,0.0,-0.3214103125107241,0.046758006778068205,0.001255758008435916,-0.04061035788193281,-0.010292048287258205,0.0026783813420206233,0.3073347701086554,0,1,0,7.751816221355156,7.751816221355156,8.240933341520478,5.01486000438536
backward,7.76,-0.30000000000000004,0.0,0.0,-0.2752329305131817,0.029102413146216522,0.026444079321098424,0.12755032178372827,-0.004083148191548256,-0.0010694813527137499,0.30769639582288577,0,0,0,8.709234143152113,8.709234143152113,8.207348419313224,5.876444721199893
backward,7.78,-0.30000000000000004,0.0,0.0,-0.2643835536900338,0.019684877011924982,0.05602519363740717,0.18397345044966115,-0.001978923766234166,-0.000784058737864862,0.308601579395683,0,0,0,8.917969770498672,8.917969770498672,8.155644153721969,5.949179487782182
backward,7.8,-0.30000000000000004,0.0,0.0,-0.27930394564363964,0.02555599539934255,0.05006822127991343,0.16811528553597915,-0.0070217331414769765,0.003251163652428823,0.3095691868045467,0,0,0,7.722194638612808,7.722194638612808,8.09347374662197,5.803512255869108
backward,7.82,-0.30000000000000004,0.0,0.0,-0.2936156494580664,0.041598481927480176,0.032255902188671325,0.08676550153134092,-0.02067939929821382,0.005922814328934592,0.31027547340416534,0,0,0,7.636457969624488,7.636457969624488,8.067921183221035,5.52252152452554
backward,7.84,-0.30000000000000004,0.0,0.0,-0.30344491438691895,0.05746918214955601,0.01895924325477807,0.0040173445987056085,-0.036094323787012536,0.006618813813002195,0.3107012162823332,0,0,0,8.015942982967408,8.015942982967408,8.043741675467533,4.560366375955943
backward,7.86,-0.30000000000000004,0.0,0.0,-0.3151560924220831,0.06975939762092585,0.010615748241727658,-0.015658786646098034,-0.04656808001208976,0.008113844908561166,0.3109538006239889,0,0,0,8.20133735278167,8.20133735278167,8.020856352038574,3.0720080935892438
backward,7.88,-0.30000000000000004,0.0,0.0,-0.32575219238217995,0.07978549622835492,-0.0009321358604175388,0.004719227170830273,-0.051927360234969445,0.01112145963044838,0.3110364307249038,0,0,0,8.073397502198532,8.073397502198532,7.993481698192696,2.1295191809413296
backward,7.9,-0.30000000000000004,0.0,0.0,-0.3356617935326301,0.08693152190144719,-0.01671103362523286,0.05014422819560463,-0.0560765983294081,0.014169621373677568,0.31087136004060567,0,0,0,7.91562904708081,7.91562904708081,7.969318909694341,3.2998856477100946
backward,7.92,-0.30000000000000004,0.0,0.0,-0.34490793807271375,0.08428262445899948,-0.03421680099045865,0.12218433145645045,-0.059667000127536673,0.01739295745516408,0.31031714127535437,0,0,0,7.732633707900979,7.732633707900979,7.9521467473350995,3.9975650515378702
backward,7.94,-0.30000000000000004,0.0,0.0,-0.3547433738340621,0.04375711654457103,-0.019078933573476366,0.13837632503387418,-0.04791063921157533,0.014727392054063017,0.30995582615855133,0,0,0,6.7851807832315565,6.7851807832315565,7.939877232809369,3.9971473695382618
backward,7.96,-0.30000000000000004,0.0,0.0,-0.358937410486467,-0.01436102819112059,-0.03791620655823767,0.19139321655353497,-0.027683161799163913,0.0052092289511399175,0.3095098917357119,0,0,0,5.9433853289921315,5.9433853289921315,7.959847684829786,7.578670386984277
backward,7.98,-0.30000000000000004,0.0,0.0,-0.35892094139535285,-0.049916356782245,0.0102357600384155,0.15356477389562617,-0.013425515428806016,-0.007969950789635761,0.30898324467893246,0,0,0,7.221611291698395,7.221611291698395,8.012981654398114,11.068279927553236
backward,8.0,-0.30000000000000004,0.0,0.0,-0.35044385370115694,-0.047011942931793615,0.048090089486368386,0.06892496675863091,-0.019451318554671866,-0.009646807791395427,0.3095817654978371,0,0,0,6.959162503542883,6.959162503542883,8.087633868950174,6.085296785111565
backward,8.02,-0.30000000000000004,0.0,0.0,-0.36078565024677295,-0.036721416680488506,0.06650047471244651,-0.03959653010614264,-0.019880997088836554,-0.0045758473355634295,0.3106628689651087,0,0,0,7.158207704838709,7.158207704838709,8.200430128305026,4.302867658804205
backward,8.040000000000001,-0.30000000000000004,0.0,0.0,-0.3863087161250476,-0.043257641341187744,0.06716155634912015,-0.10477141073887121,-0.012226114234616635,0.006028785436374941,0.31199832175731235,0,0,0,7.897505389250917,7.897505389250917,8.285859455806968,3.927034157008168
backward,8.06,-0.30000000000000004,0.0,0.0,-0.404236447595542,-0.056159686534650324,0.050702671456031155,-0.11182823742275677,0.0003579579639803951,0.015946976538952513,0.31324428667317067,0,0,0,7.485376886517647,7.485376886517647,8.27902960906912,3.258353939351739
backward,8.08,-0.30000000000000004,0.0,0.0,-0.4079268496590555,-0.06827386655518153,0.01754842782314952,-0.05624904865481904,0.01276297712136596,0.02236760011036607,0.3140350071395803,0,0,0,6.983092948137391,6.983092948137391,8.243339206509596,2.3584062438405833
backward,8.1,-0.30000000000000004,0.0,0.0,-0.401410454068288,-0.07296422350609687,-0.024296680666127793,-0.002029559515882135,0.01952988449753314,0.024917848552832886,0.31410434541408966,0,0,0,7.10048533723309,7.10048533723309,8.20962168847883,2.186235821295152
backward,8.120000000000001,-0.30000000000000004,0.0,0.0,-0.39126653885369056,-0.06440510092341124,-0.051235026988094956,0.020534007997713197,0.019232046072106598,0.023823860746285626,0.3134170205751259,0,0,0,7.506222968714997,7.506222968714997,8.177757924234104,3.298684794151238
backward,8.14,-0.30000000000000004,0.0,0.0,-0.3777627900078166,-0.03722910373538097,-0.06494818184784293,0.004109652106213588,0.006376599357484945,0.015089063868432772,0.3124054615191181,0,0,0,7.40174428880772,7.40174428880772,8.147637029760052,2.9075407821864245
backward,8.16,-0.30000000000000004,0.0,0.0,-0.36437929583219425,0.01169977883410572,-0.09975527237458687,-0.06035093743120224,-0.013709538673770335,1.7208456314839286e-05,0.3108794053073309,0,1,0,6.957491776272003,6.957491776272003,8.18638877826897,5.734668655013496
backward,8.18,-0.30000000000000004,0.0,0.0,-0.33690472815766986,0.022438203696033387,-0.034552746111475754,-0.022121686653997337,-0.012349346229299101,-0.010431218962086033,0.30960778762134267,0,0,0,6.574682245079122,6.574682245079122,8.31237370129859,4.676195056231134
backward,8.2,-0.30000000000000004,0.0,0.0,-0.3044929872732993,0.0225260207679054,-0.008116448975533798,0.021612066775941532,-0.0032567373561797047,-0.015584076775565224,0.3090964435089348,0,0,0,8.031985520632945,8.031985520632945,8.274830171579584,5.693804904909393
backward,8.22,-0.30000000000000004,0.0,0.0,-0.29860532900106357,0.01906374684004212,0.011471201020514315,0.11159317570416875,0.004991210908159358,-0.019245436085974635,0.30906198247348554,0,0,0,8.751297345744524,8.751297345744524,8.239372474855028,5.576821709678872
backward,8.24,-0.30000000000000004,0.0,0.0,-0.32028618885420823,0.022726499235517787,0.033824944054414136,0.08588198929148644,0.009219081707248757,-0.02023151393473272,0.30948535831315543,0,0,0,8.258608077975019,8.258608077975019,8.18691608101659,5.1510376945255825
backward,8.26,-0.30000000000000004,0.0,0.0,-0.34188277923182087,0.030038521166855504,0.0442749621211568,0.016092481615363453,0.008698579201114207,-0.02099908185456633,0.3101846204899524,0,0,0,7.9921984376035216,7.9921984376035216,8.146618617144842,3.582526991592784
backward,8.28,-0.30000000000000004,0.0,0.0,-0.35680649638517054,0.03351637377951578,0.04226010836082193,-0.024593708238666127,0.005765688769121789,-0.022253714398316048,0.31095245974939334,0,0,0,7.968191172370935,7.968191172370935,8.118192573947958,2.6656209984279853
backward,8.3,-0.30000000000000004,0.0,0.0,-0.3677332961304126,0.03195104338354064,0.02834630802753579,-0.034479846424839256,0.0031134990020435104,-0.022810649299536172,0.3115430619336892,0,0,0,7.932587079390133,7.932587079390133,8.091306482170594,3.189534636174861
backward,8.32,-0.30000000000000004,0.0,0.0,-0.3784201586446385,0.026665912381702683,0.005196011012711603,0.00797902389969209,0.000868762765367403,-0.022000610140416096,0.3117614385961304,0,0,0,7.889996616414895,7.889996616414895,8.07136716411701,4.97631832050765
backward,8.34,-0.30000000000000004,0.0,0.0,-0.38960929783421805,0.006603991884519642,0.0004973669686017066,0.04357155659559323,0.002498524003159461,-0.020711082625609854,0.3115848994418156,0,0,0,7.653934906165861,7.653934906165861,8.051236865841542,6.546604482500709
backward,8.36,-0.30000000000000004,0.0,0.0,-0.3859276935303345,-0.03168361414471421,0.007303032019261028,0.03546586933736148,0.01530608381282262,-0.02512539409921207,0.3114616982528667,0,1,0,7.391391224245502,7.391391224245502,8.03620754477712,4.60568100411003
backward,8.38,-0.30000000000000004,0.0,0.0,-0.35181474891680575,-0.05375405167593939,0.036521400282368305,0.045381911845185204,0.014723194686884395,-0.025608669710228276,0.3117580326806249,0,0,0,6.465904160461956,6.465904160461956,8.037938683749715,2.6279617597481844
backward,8.4,-0.30000000000000004,0.0,0.0,-0.31217110106994855,-0.057156934135947815,0.03895448184410188,0.02147596394032998,0.009597117519758664,-0.02566591241013863,0.31237628050912886,0,1,0,8.001134604779795,8.001134604779795,8.088119331451118,4.7704434455929485
backward,8.42,-0.30000000000000004,0.0,0.0,-0.29476714731232634,-0.04992482682348772,0.04506330366603391,-0.061566642770780236,0.0041015810250854545,-0.024114051263190436,0.3130928413461662,0,0,0,8.430772048752331,8.430772048752331,8.184935648757591,6.4668018460579875
backward,8.44,-0.30000000000000004,0.0,0.0,-0.30803529555825454,-0.04683270027269728,0.05584696471076068,-0.12607986169743413,0.002054919643876167,-0.018151249287583063,0.3139270261910861,0,0,0,7.482691090265063,7.482691090265063,8.284589648607785,6.5008728241822675
backward,8.46,-0.30000000000000004,0.0,0.0,-0.3298679282474964,-0.05544985435308644,0.062267961181463924,-0.14207770317020452,0.005239339098419288,-0.009460559484821466,0.31499394173184303,0,0,0,7.052942553138008,7.052942553138008,8.31310372803571,6.803071842490842
backward,8.48,-0.30000000000000004,0.0,0.0,-0.34460613444211996,-0.0684696321132518,0.04933444890173315,-0.08775395487736153,0.011424063022660257,-0.002112627518303753,0.3160356773616702,0,0,0,6.609704328725165,6.609704328725165,8.319388698861168,6.486316258055077
backward,8.5,-0.30000000000000004,0.0,0.0,-0.3482069714802719,-0.07850133536621977,0.021261032078808098,0.012338411844750648,0.018295339734622242,0.001143054300092542,0.3166563383012005,0,0,0,7.409015187088934,7.409015187088934,8.281454078821476,4.79531342548827
backward,8.52,-0.30000000000000004,0.0,0.0,-0.3447109728726705,-0.07974399774023062,-0.01127194774677176,0.100648084305413,0.022396803460811215,0.0010474024815915648,0.31665663790038795,0,0,0,8.352205021424195,8.352205021424195,8.245629258372556,2.532663302606392
backward,8.540000000000001,-0.30000000000000004,0.0,0.0,-0.3402823438046172,-0.07265859822549198,-0.04153345095597586,0.12689918334237305,0.02142237774121523,-0.0004026076330478092,0.3160316779246789,0,0,0,9.087426257884298,9.087426257884298,8.211785481104531,3.0433872253655876
backward,8.56,-0.30000000000000004,0.0,0.0,-0.3375444210995474,-0.0592776594287972,-0.07342159781005395,0.0664861117435893,0.015588159665254722,-0.0011451834036092798,0.31481351775238514,0,0,0,8.897818399367694,8.897818399367694,8.179803047091234,3.684071287359917
backward,8.58,-0.30000000000000004,0.0,0.0,-0.33273628554810103,-0.042760749771923394,-0.12675217010090972,-0.04570481116474197,0.007799255007767341,-0.0007566424519729677,0.31276696478561833,0,0,0,8.067360488432262,8.067360488432262,8.149570550557101,4.4356900818849185
backward,8.6,-0.30000000000000004,0.0,0.0,-0.31769167255374925,-0.025332998916847167,-0.1384621163662794,-0.08646609121716402,0.00490932599113635,0.0019077781228806713,0.3097485637091624,0,1,0,6.675822858146976,6.675822858146976,8.12098419469315,5.015696428331031
backward,8.620000000000001,-0.30000000000000004,0.0,0.0,-0.2868802123047778,-0.003864823070606712,-0.08508882004615151,-0.01576274825612192,0.003430161459803375,0.00427416723155196,0.30756067392127895,0,0,0,7.465191380881945,7.465191380881945,8.09394717444819,4.918802402696084
backward,8.64,-0.30000000000000004,0.0,0.0,-0.26593027892548704,0.01725137379715103,-0.023197081194794248,0.12632118881790802,-0.0002549319474204807,0.001005925735662444,0.30651011083670193,0,0,0,8.672995105717648,8.672995105717648,8.06836911936751,5.037587491152399
backward,8.66,-0.30000000000000004,0.0,0.0,-0.2716063907706295,0.02761732272488982,0.018771955059764388,0.28016452697703254,-0.005277318473708915,-0.0036383558135388606,0.3065135431317526,0,0,0,8.641500536616062,8.641500536616062,8.04416558960813,5.985443504944506
backward,8.68,-0.30000000000000004,0.0,0.0,-0.29085630779779575,0.0399305686816847,0.03948836051585811,0.31599124061747375,-0.012034798612670946,-0.006108657795042289,0.3070620414829329,0,0,0,8.501606426464363,8.501606426464363,8.001600224769167,5.975951486042016
backward,8.700000000000001,-0.30000000000000004,0.0,0.0,-0.3060749376849325,0.053837421175671876,0.04477953413512567,0.29328099301244204,-0.01976872966855316,-0.00802403620622631,0.30782642948271455,0,0,0,8.337507928901001,8.337507928901001,7.96298768593833,4.42146898562873
backward,8.72,-0.30000000000000004,0.0,0.0,-0.31865830644289195,0.06731917824155526,0.038995837059177266,0.24180077684289822,-0.027794702015243786,-0.010226354468076723,0.3085667283978173,0,0,0,8.180827737895937,8.180827737895937,7.930865102565665,2.6001263243179658
backward,8.74,-0.30000000000000004,0.0,0.0,-0.3321145149450857,0.07820422511498705,0.028134214274018854,0.2169017422320838,-0.03526811572670821,-0.012210828061423618,0.30910618948714025,0,0,0,8.18197670031513,8.18197670031513,7.905575002908652,2.0384431646364716
backward,8.76,-0.30000000000000004,0.0,0.0,-0.3498385498841054,0.08348461983183957,0.007516847248527653,0.23225712408671517,-0.04216795342836273,-0.011925614513547851,0.3093519402042225,0,0,0,8.000838123941767,8.000838123941767,7.879204091189514,3.2695954326950094
backward,8.78,-0.30000000000000004,0.0,0.0,-0.3666654769347578,0.07928682940347272,-0.024416682255349022,0.2267940430902886,-0.04722330668496028,-0.008637548535874071,0.30896658284682404,0,0,0,7.7190204260642705,7.7190204260642705,7.8561861678694065,6.2149771732986965
backward,8.8,-0.30000000000000004,0.0,0.0,-0.37216863599723743,0.03907643456383756,-0.03197142835339381,0.11412365240321576,-0.037137752601539314,-0.011148926364232164,0.3083580808926301,0,0,0,7.861212355931885,7.861212355931885,7.843054069639447,4.073627135068881
backward,8.82,-0.30000000000000004,0.0,0.0,-0.3546691296590548,0.0015048750522608416,-0.00023539685581876971,-0.003175700127741484,-0.028159302123360066,-0.016645370104369173,0.307763926734513,0,0,0,7.7580945774914944,7.7580945774914944,7.8338458304140985,4.957017164115296
backward,8.84,-0.30000000000000004,0.0,0.0,-0.31986882583445914,-0.01587335034976988,0.04590162003643831,-0.0766695814157484,-0.024951567106196067,-0.018867869867013463,0.3079994391081078,0,0,0,8.557204131893421,8.557204131893421,7.827763185489896,7.550221317448297
backward,8.86,-0.30000000000000004,0.0,0.0,-0.3015127042126928,-0.011132401684977498,0.06688346847182325,-0.25540351947938983,-0.022442001420512326,-0.018536271091550514,0.30900919388416775,0,0,0,8.197433142669194,8.197433142669194,7.808669813384576,7.0273283740874515
backward,8.88,-0.30000000000000004,0.0,0.0,-0.31470278995444145,-0.011495045723544007,0.08607302191318002,-0.31644986288389054,-0.017093398832599745,-0.01333544035278859,0.3105046775510494,0,0,0,7.75862440440365,7.75862440440365,7.7981107817754705,6.5424135945911
backward,8.9,-0.30000000000000004,0.0,0.0,-0.3382206441657116,-0.024374244831905156,0.08912935807783762,-0.29966239390467025,-0.008557676876247705,-0.005232218859467472,0.3122398294411818,0,0,0,7.538078080524734,7.538078080524734,7.862218247407792,3.9427655620448383
backward,8.92,-0.30000000000000004,0.0,0.0,-0.35531092382055934,-0.04233777557064522,0.07325521182443394,-0.2443432905855345,0.0014993715183076886,0.0009354539314299993,0.31388444172739904,0,0,0,6.9357531330075215,6.9357531330075215,8.00970994013899,3.100158308950275
backward,8.94,-0.30000000000000004,0.0,0.0,-0.3643025447989477,-0.0564432683366697,0.04234643210585402,-0.1493782246633132,0.009172407583787444,0.0022093900693401494,0.3150508523721933,0,0,0,6.5311067945633186,6.5311067945633186,8.140165890046244,2.9310690915487774
backward,8.96,-0.30000000000000004,0.0,0.0,-0.3645952978257087,-0.0570854038920903,0.0029025370352365426,-0.07897573085900435,0.013299446641071678,0.00016755569690077938,0.31550972869790045,0,0,0,7.606470162515861,7.606470162515861,8.230014774813192,2.7025787859517036
backward,8.98,-0.30000000000000004,0.0,0.0,-0.3539531872007865,-0.040363864576488905,-0.05292820438723853,-0.06594951229761142,0.013360725227292671,-0.0017514527073121781,0.31500527596346795,0,0,0,8.390081753732579,8.390081753732579,8.266548327660356,3.799236237014373
backward,9.0,-0.30000000000000004,0.0,0.0,-0.33700005476583783,-0.011639513887356076,-0.12488653314861158,-0.13200852394119986,0.010302708476502378,-0.00031041984969650715,0.3132143218193322,0,0,0,8.263491830878465,8.263491830878465,8.273532529432117,5.113488968530275
left,9.02,0.0,0.30000000000000004,0.0,-0.3220225117137707,0.033129816666715446,-0.17511317668390425,-0.2088194140819281,0.002472300860620448,0.0033200970234662872,0.31001551437028235,0,0,0,7.3556235167967134,7.3556235167967134,8.315555631828058,6.733585829053521
left,9.040000000000001,0.0,0.30000000000000004,0.0,-0.3133493510811345,0.07988035062973284,-0.09956288879027447,-0.0836751916318025,-0.00903251312941422,0.0033465322233789366,0.30717044114304287,0,1,0,7.733479839731304,7.733479839731304,8.34599923233543,7.1578487113498355
left,9.06,0.0,0.30000000000000004,0.0,-0.30052341862222504,0.0987022687759862,-0.014152467131171353,0.07403353809281983,-0.012572281950534028,0.004514009771388999,0.30615808817248513,0,0,0,8.682677291690021,8.682677291690021,8.37442837900526,5.260442513384917
left,9.08,0.0,0.30000000000000004,0.0,-0.30108525824553367,0.10412072135981655,0.03353362731329889,0.22113172865616246,-0.01753350329894967,0.0060403513178241015,0.3063911982179066,0,0,0,9.409194365543815,9.409194365543815,8.333410432616908,5.792636557693995
left,9.1,0.0,0.30000000000000004,0.0,-0.3192694774246093,0.1190917650074941,0.04498796646163034,0.2508252023020386,-0.025652876937660298,0.011430131603106406,0.3071764880986577,0,0,0,8.218822614615815,8.218822614615815,8.247161644462814,7.322967813686051
left,9.120000000000001,0.0,0.30000000000000004,0.0,-0.33060858121725756,0.1417748360363944,0.026796688886014067,0.20043743199153552,-0.03627052914410498,0.0149551187343584,0.3078115308593503,0,0,0,8.02261271930211,8.02261271930211,8.20952356867081,7.466092645249792
left,9.14,0.0,0.30000000000000004,0.0,-0.33406105990035173,0.16331187005938533,-0.00013500104680961396,0.1315939790334162,-0.04556480741420279,0.01498970417372453,0.3079824000121609,0,0,0,8.57623554101468,8.57623554101468,8.177665184698732,5.965993105766208
left,9.16,0.0,0.30000000000000004,0.0,-0.331243319595789,0.18003224519362013,-0.02952084309655627,0.10213603224751822,-0.04947680860207526,0.012579024981023547,0.3075789377462358,0,0,0,9.469135132390669,9.469135132390669,8.146976914109288,3.2643938714506575
left,9.18,0.0,0.30000000000000004,0.0,-0.32063193402622364,0.1910801507092767,-0.05932199909099557,0.1337317953528821,-0.04498476763143448,0.008837393778771267,0.30655788984826826,0,0,0,10.35920421442557,10.35920421442557,8.075367504932903,3.216438470794933
left,9.200000000000001,0.0,0.30000000000000004,0.0,-0.30620064526567137,0.19568986730342278,-0.08606108125246073,0.237220707734732,-0.0339361677586277,0.0035738629695980574,0.30497315883488874,0,0,0,11.077852570420442,11.077852570420442,7.959114048885539,3.032265868869237
left,9.22,0.0,0.30000000000000004,0.0,-0.2929674570836108,0.19791501080197135,-0.1046170295861657,0.36495094878677264,-0.022362704425986726,-0.002499983554925448,0.30286382481390284,0,0,0,11.290963992137643,11.290963992137643,7.802472937372308,3.578343514227752
left,9.24,0.0,0.30000000000000004,0.0,-0.2676748831973044,0.21726341427049004,-0.08147924653537182,0.4511782049440204,-0.03433289301014399,0.002099590964762304,0.30098303900003703,0,1,0,9.581455943136449,9.581455943136449,7.632123114469959,3.975610350474227
left,9.26,0.0,0.30000000000000004,0.0,-0.2340600830518591,0.19155411360365798,-0.029150968318944148,0.1613500640876555,-0.04303064094553615,0.006151447581003883,0.2998732154010792,0,0,0,8.676365653554548,8.676365653554548,7.521943470593367,8.253478439737252
left,9.28,0.0,0.30000000000000004,0.0,-0.20275505588147932,0.16520347463811363,0.018778922540485007,-0.14213051278563765,-0.05056904620656675,0.007931918353460745,0.29959313952183436,0,0,0,9.590392661319523,9.590392661319523,7.496316178417924,8.253478439737252
left,9.3,0.0,0.30000000000000004,0.0,-0.18572720751969746,0.14847767413292778,0.034509232399878395,-0.3674054632137803,-0.05404923693114804,0.007100535835820472,0.30000275658115366,0,0,0,9.376298413593311,9.376298413593311,7.514214326617797,6.8156035922189675
left,9.32,0.0,0.30000000000000004,0.0,-0.18345302543525552,0.1373904199784716,0.03385905135818855,-0.36758688533154626,-0.04885843640698309,0.0025024682966200413,0.3005448787589503,0,0,0,7.892496069316999,7.892496069316999,7.631337101970509,8.155436191711335
left,9.34,0.0,0.30000000000000004,0.0,-0.18283941286968847,0.14584063917762155,0.007275440331260722,-0.31433998308034033,-0.03570211446540698,-0.005031391824220934,0.3006832549422178,0,0,0,8.644877247862505,8.644877247862505,7.692883205366275,7.066840077643956
left,9.36,0.0,0.30000000000000004,0.0,-0.17289976598531237,0.15894888262261908,-0.018038211937600468,-0.2156421941521078,-0.017741103604709842,-0.012895629796540088,0.30038345049537957,0,0,0,9.686086329814731,9.686086329814731,7.750227667236459,4.693300071365545
left,9.38,0.0,0.30000000000000004,0.0,-0.15360197900627037,0.17616828276814572,-0.050608136466506075,-0.14126910414546498,-0.002833293721478498,-0.020248092454351763,0.2995545477053463,0,0,0,10.2761582141055,10.2761582141055,7.742661868445129,2.578304671348505
left,9.4,0.0,0.30000000000000004,0.0,-0.1319542626265992,0.19684181112008403,-0.08625080369140073,-0.17613714141983308,0.0008440886824539859,-0.026177488542988982,0.29803366162768014,0,0,0,10.129368598266574,10.129368598266574,7.73548151242386,2.600241736596794
left,9.42,0.0,0.30000000000000004,0.0,-0.10874124749481527,0.21963879320521404,-0.09603209881530975,-0.2012726506621178,-0.014272893906434722,-0.03260318577148883,0.29596291550048515,0,1,0,9.525297915472848,9.525297915472848,7.728666527946569,2.7546100161471756
left,9.44,0.0,0.30000000000000004,0.0,-0.09140471425736543,0.21171943598328855,-0.03215904170745283,0.06217334592141596,-0.02524558309730178,-0.027516449689446654,0.29463977061135344,0,1,0,6.976452544989627,6.976452544989627,7.722197931832568,2.459532364973496
left,9.46,0.0,0.30000000000000004,0.0,-0.07254798129432609,0.20241266884904327,0.014781562105086802,0.2769446397796476,-0.03857464068857729,-0.0190482765223302,0.29435295868636874,0,1,0,7.405341535780205,7.405341535780205,7.715943789564069,5.36168526586191
left,9.48,0.0,0.30000000000000004,0.0,-0.0546710860040493,0.18926215577803995,0.04526328831409797,0.4139059664967892,-0.05174346290661708,-0.014045118524035043,0.2948274072246482,0,1,0,9.144693929889073,9.144693929889073,7.710229037096919,4.598144459272522
left,9.5,0.0,0.30000000000000004,0.0,-0.056196775954942164,0.18813372144986892,0.05945801646027834,0.3176374383540444,-0.06377063358243117,-0.009563194995508988,0.29577195054818806,0,0,0,8.391870940523896,8.391870940523896,7.655652477136769,4.271148972862662
left,9.52,0.0,0.30000000000000004,0.0,-0.07380834657557836,0.20383132334522772,0.03598875636649283,0.10272594175314763,-0.0709263072393094,-0.004525982496060332,0.29637728703322375,0,0,0,7.958909387591829,7.958909387591829,7.608760214642473,5.53830686679248
left,9.540000000000001,0.0,0.30000000000000004,0.0,-0.09450125183003226,0.2263656290680992,0.007112911217148302,-0.12917053429026132,-0.0685423616945882,-0.00021077843666648228,0.29637737976334555,0,0,0,8.202503354732622,8.202503354732622,7.596075976506995,6.907511080441349
left,9.56,0.0,0.30000000000000004,0.0,-0.11284199779618136,0.24665400953831298,-0.010924526816201499,-0.2820484771569058,-0.058084042054840725,0.0007326798746633236,0.29594675614676125,0,0,0,8.936227030139339,8.936227030139339,7.584406174097243,5.613398529355219
left,9.58,0.0,0.30000000000000004,0.0,-0.12739577075214295,0.25816341919959424,-0.009365986273084125,-0.24657156914058873,-0.0500403978909677,-0.0009442510526520483,0.2954087075560481,0,0,0,9.822957942444594,9.822957942444594,7.547633640426767,5.193443343795202
left,9.6,0.0,0.30000000000000004,0.0,-0.13344372171683158,0.26265212106694263,-0.007600260939696133,-0.08231901257180402,-0.050727066533828656,-0.001780551294819034,0.29499223262770735,0,0,0,10.210393095697535,10.210393095697535,7.4686716150069365,3.668168954317486
left,9.620000000000001,0.0,0.30000000000000004,0.0,-0.1293291038238187,0.2678964625893518,-0.014024401767053236,0.1328082680187666,-0.059355393922009156,0.0005458033576996824,0.2945374720890328,0,0,0,10.224999268134765,10.224999268134765,7.357266418924581,2.63716441271471
left,9.64,0.0,0.30000000000000004,0.0,-0.13441413317583187,0.2497690915415671,-0.0057799620516218,0.30005988442054266,-0.06636634775228692,0.004935389562812613,0.2938811394724742,0,1,0,9.694354321116348,9.694354321116348,7.241558711827182,3.0783591339624974
left,9.66,0.0,0.30000000000000004,0.0,-0.14041496416438287,0.19950108611889958,0.02433016536380172,0.2524206061629315,-0.0649145704845815,0.005289049533118052,0.29384926268316847,0,0,0,8.514209047328777,8.514209047328777,7.143788257086488,1.334778500255541
left,9.68,0.0,0.30000000000000004,0.0,-0.1441117611913917,0.15325522536340036,0.05749310856953764,0.18032730422022014,-0.06509865294854485,0.003622050737432555,0.2944658333065047,0,0,0,9.623943437280683,9.623943437280683,7.096533796270251,4.8823608475257485
left,9.700000000000001,0.0,0.30000000000000004,0.0,-0.1444383710357406,0.12984948618317127,0.07019950518221187,0.19310069982807737,-0.0657693905569008,-0.0010113858595022383,0.29542729707229104,0,0,0,8.259279874852712,8.259279874852712,7.114783941965381,8.308190774832795
left,9.72,0.0,0.30000000000000004,0.0,-0.14022002057666946,0.12358321657446969,0.05378172015385459,0.27556820994085945,-0.06712514690320312,-0.0065999623981806066,0.29630494260998425,0,0,0,7.5386798713548515,7.5386798713548515,7.149020026281153,9.234649241959747
left,9.74,0.0,0.30000000000000004,0.0,-0.1353732477981841,0.13836009794890985,0.016963576459836788,0.27523585334356937,-0.067337082325608,-0.01353757582428861,0.29669544408119314,0,0,0,7.946851275371923,7.946851275371923,7.234442932117606,7.981058759064684
left,9.76,0.0,0.30000000000000004,0.0,-0.12877686902599508,0.1617168448051799,-0.010802921521275382,0.2214489981380507,-0.06447845394225582,-0.021049330702291147,0.2964663048393031,0,0,0,8.892373582817369,8.892373582817369,7.348814874773691,5.4419716534432245
left,9.78,0.0,0.30000000000000004,0.0,-0.11575496648004978,0.1929207171276506,-0.03255638374056824,0.005425323205695786,-0.061510067846772896,-0.02734707894081124,0.2957210029297798,0,0,0,9.242862464176948,9.242862464176948,7.451723419049834,3.204435315504379
left,9.8,0.0,0.30000000000000004,0.0,-0.09575105098885262,0.19332949743500658,-0.023372910520788145,-0.050500416679497395,-0.060238441074270656,-0.026135975186938935,0.29491388335921864,0,0,0,7.972544663059138,7.972544663059138,7.477608974642742,2.5086360878683793
left,9.82,0.0,0.30000000000000004,0.0,-0.06728193319767456,0.18318895842283792,-0.013042726987936716,-0.14426882113854472,-0.06416789559893706,-0.017134647833317734,0.29419775571824186,0,1,0,8.26346230672808,8.26346230672808,7.483637584358426,3.91639197573443
left,9.84,0.0,0.30000000000000004,0.0,-0.035816108723719424,0.1658979333915923,0.0180543236987549,-0.11583082119621683,-0.07399486842814207,-0.006626989866480307,0.2939832270580905,0,1,0,8.525802399058772,8.525802399058772,7.489372063536017,5.234544797542357
left,9.86,0.0,0.30000000000000004,0.0,-0.015450941763161865,0.13989820796835367,0.040645257824838486,-0.0391374266254716,-0.0817480286544075,0.0011652338778589883,0.2943691970539266,0,1,0,7.372227786047216,7.372227786047216,7.49482649227151,4.593932898463104
left,9.88,0.0,0.30000000000000004,0.0,-0.015192515585176774,0.11896341258172609,0.05113848881138673,0.028076143901788947,-0.0857647084567212,0.005166365032419571,0.29501310337931763,0,0,0,7.116443624224471,7.116443624224471,7.4976864256152815,4.274409554189459
left,9.9,0.0,0.30000000000000004,0.0,-0.030485437440715323,0.1176091865626578,0.051428605059638074,0.08288829073911706,-0.08523000581438966,0.00826392606547337,0.2956901970764688,0,0,0,6.783567259244706,6.783567259244706,7.502734343805162,6.876025186882842
left,9.92,0.0,0.30000000000000004,0.0,-0.05416676583322207,0.13541290911139536,0.037877264406524294,0.10566313726857442,-0.08151172418525508,0.010402135394337785,0.29622599970482144,0,0,0,6.857276697743521,6.857276697743521,7.507535185702846,7.0130513061671795
left,9.94,0.0,0.30000000000000004,0.0,-0.07986905278731203,0.16931335958061142,0.02210728400950788,0.12172719874765171,-0.07337076905081687,0.010678405070541302,0.2964898088242248,0,0,0,7.1425559537468954,7.1425559537468954,7.5121008549627035,5.534226356116757
left,9.96,0.0,0.30000000000000004,0.0,-0.10623611752930971,0.2018984741672394,0.015033276685714834,0.1281801134637094,-0.05880518533408523,0.007758915163202719,0.2966042419769692,0,0,0,7.644580207222252,7.644580207222252,7.516442699954791,3.0209489045426725
left,9.98,0.0,0.30000000000000004,0.0,-0.12968789658708035,0.22745207235397583,0.012403173511658417,0.17690021978799214,-0.044926235733374814,0.0031581821414477605,0.29662672270734924,0,0,0,8.335998597668219,8.335998597668219,7.520571537914979,2.9076218273827585
left,10.0,0.0,0.30000000000000004,0.0,-0.13163354968122995,0.24768675615082636,0.014223345476524124,0.3361930950304756,-0.043232460553053076,0.00026665971538817164,0.29672305790863973,0,0,0,8.838700828031667,8.838700828031667,7.503947932539379,2.9274220250996477
left,10.02,0.0,0.30000000000000004,0.0,-0.13073480818682381,0.2569180974196442,0.026893689317059884,0.4562611336114694,-0.046672358609703084,0.00044560722920384275,0.29680793222609286,0,1,0,8.832027292171654,8.832027292171654,7.458515875174182,3.607918907580463
left,10.040000000000001,0.0,0.30000000000000004,0.0,-0.1312557220608503,0.23457305726411623,0.0609018653587905,0.3518900402615361,-0.04481254264615624,-0.0017215289345123487,0.29754775704532893,0,1,0,8.408339265252168,8.408339265252168,7.405511293205052,1.8288648970503525
left,10.06,0.0,0.30000000000000004,0.0,-0.12344904848877604,0.1905421833788116,0.05959352988551467,0.15614946108339275,-0.0432372767782742,-0.0033049254864226498,0.2985956022776169,0,0,0,8.286034460441096,8.286034460441096,7.3676588162079,3.6386172873379508
left,10.08,0.0,0.30000000000000004,0.0,-0.11025763013257453,0.15470694820045724,0.060528772925254104,0.11092392587707188,-0.044950284085036984,-0.005905797311939396,0.29968307476030065,0,0,0,8.019615751600286,8.019615751600286,7.376998910961117,3.8125324659517768
left,10.1,0.0,0.30000000000000004,0.0,-0.1067622901239515,0.1355640929332529,0.05837861281751269,0.14563992407077392,-0.04816192375411607,-0.010463157305085204,0.3006610861042529,0,0,0,7.617895329447013,7.617895329447013,7.435053429786048,6.735119415777955
left,10.120000000000001,0.0,0.30000000000000004,0.0,-0.10744362354940497,0.12933959113256363,0.044111446417231956,0.22038510305750741,-0.051162488822557216,-0.016203725310753054,0.30145530329354897,0,0,0,7.270040900478797,7.270040900478797,7.508066251404916,4.789834800791753
left,10.14,0.0,0.30000000000000004,0.0,-0.11025064364851173,0.14350083593811608,0.013251325551961506,0.2015947893088959,-0.05103506568422846,-0.023619698628067017,0.301721687733358,0,0,0,7.739914997416617,7.739914997416617,7.61846273803836,4.558588756324309
left,10.16,0.0,0.30000000000000004,0.0,-0.10347860235001391,0.16644026029024142,-0.020650149044634993,0.10431794899146435,-0.04525027562200858,-0.031560055894641836,0.30135190479132007,0,0,0,8.871572873719614,8.871572873719614,7.617542819923312,3.490169918729597
left,10.18,0.0,0.30000000000000004,0.0,-0.08696162918673546,0.19469497507658534,-0.051256129484780366,-0.09837070555819871,-0.0386870713705214,-0.03935733923381834,0.30035920184670384,0,0,0,9.572053986013193,9.572053986013193,7.616668802778552,2.7022388961926094
left,10.200000000000001,0.0,0.30000000000000004,0.0,-0.067734773045511,0.2076725996535669,-0.05455167694314378,-0.23503395326130808,-0.03604527272217298,-0.043393864281500556,0.29896660771655537,0,0,0,8.90051776269749,8.90051776269749,7.615838389930943,2.1361755500941007
left,10.22,0.0,0.30000000000000004,0.0,-0.041913989886239976,0.18917079992173036,-0.05321245443962627,-0.2284961765977436,-0.03423684179220392,-0.035760109336052566,0.29774060096463406,0,0,0,7.729426633751115,7.729426633751115,7.6150494002407925,1.7363218073455842
left,10.24,0.0,0.30000000000000004,0.0,-0.016982254091898002,0.16198785098576707,-0.03995024484027131,-0.2057382972965884,-0.03734601678023939,-0.02174923714717722,0.2965381199566203,0,1,0,7.912036036913523,7.912036036913523,7.614299762229852,2.1329364136487765
left,10.26,0.0,0.30000000000000004,0.0,-0.0010286361679288875,0.13644693593244078,-0.0020080441918887944,-0.022088083970472325,-0.04858244210637048,-0.011801905748708263,0.2960195269232757,0,0,0,7.187206089333617,7.187206089333617,7.613587508513628,4.810096794361324
left,10.28,0.0,0.30000000000000004,0.0,-0.005899487867002315,0.11594192386133555,0.036220579121975086,0.06696354494017956,-0.05913919911813559,-0.006916424682361223,0.2962797481938818,0,0,0,7.069115909507118,7.069115909507118,7.61291077052163,4.2155596012487955
left,10.3,0.0,0.30000000000000004,0.0,-0.029413787336605372,0.11170438937859559,0.058672011101181164,0.030027732614072607,-0.06645011258013366,-0.003177897932810581,0.2971144584268781,0,0,0,6.925663893837287,6.925663893837287,7.6122677734901245,4.754061758619685
left,10.32,0.0,0.30000000000000004,0.0,-0.060003175848655554,0.13088448683932713,0.050056928919607765,-0.00014634783646074248,-0.07083021351047385,0.001842596107625294,0.2979997391628039,0,0,0,6.6282332124599135,6.6282332124599135,7.61165683171296,5.365645949558016
left,10.34,0.0,0.30000000000000004,0.0,-0.09379569429246874,0.1663019297961236,0.042944586953755734,-0.040769260476509826,-0.07019254754006783,0.0056206477663086766,0.2986783012273826,0,0,0,6.850111306867526,6.850111306867526,7.611076344036654,4.817386454436076
left,10.36,0.0,0.30000000000000004,0.0,-0.12075427925604837,0.20016151206877777,0.03973603552629289,-0.0853804170148921,-0.06377334527915583,0.005299821605009742,0.29925909501961856,0,0,0,7.32740161853142,7.32740161853142,7.610524789586883,2.7274582281996715
left,10.38,0.0,0.30000000000000004,0.0,-0.14115135359148082,0.22581602326763986,0.03244015425289177,-0.08125695193970235,-0.05216165761235994,0.001567903809819495,0.2997485078058403,0,0,0,8.034526825308445,8.034526825308445,7.610000723714084,1.5317050158205754
left,10.4,0.0,0.30000000000000004,0.0,-0.15526333151797184,0.24164206026951657,0.02518347666147168,0.007894881423133101,-0.0421521542210716,-0.0023215807444446437,0.3000554193349514,0,0,0,8.6712694850189,8.6712694850189,7.60268529872976,2.363052736403762
left,10.42,0.0,0.30000000000000004,0.0,-0.149074236173171,0.250098356336689,0.007161437238810435,0.1963610836939514,-0.04586322006151494,-0.000918742550439826,0.3002043692401993,0,0,0,8.755492533171685,8.755492533171685,7.565083630960924,2.4654727520499895
left,10.44,0.0,0.30000000000000004,0.0,-0.13483595112213115,0.25523798315295704,-0.038694910397052924,0.3240475351127422,-0.05720819126281983,0.00753320794636519,0.2995988093601221,0,1,0,8.220165754241453,8.220165754241453,7.515692435388072,2.9993008451377063
left,10.46,0.0,0.30000000000000004,0.0,-0.1271619905559335,0.22518086062743853,-0.035393026852346916,0.16641250762885093,-0.062237439962502465,0.014622799538507708,0.29859588099170714,0,0,0,8.108526622388025,8.108526622388025,7.485363395897913,2.405217886780319
left,10.48,0.0,0.30000000000000004,0.0,-0.11859913204653752,0.1866868504126147,-0.015070682856311616,0.017182246853920176,-0.06459535171838769,0.016127204259152393,0.29783555093449315,0,0,0,9.929791615162522,9.929791615162522,7.4934181533024,4.822006208852757
left,10.5,0.0,0.30000000000000004,0.0,-0.11484128620559145,0.15330423177963673,0.02618508099482942,-0.013232941727177181,-0.0636549154314206,0.011681761903443806,0.29765140455808753,0,0,0,11.080599302887352,11.080599302887352,7.534742969394365,6.528235308413478
left,10.52,0.0,0.30000000000000004,0.0,-0.11419381235126538,0.13640258983928094,0.04710748652823801,0.08224625928714877,-0.06332532062213178,0.004819002780839261,0.2982126085427816,0,0,0,8.885213723218914,8.885213723218914,7.591793313693056,5.684723592337445
left,10.540000000000001,0.0,0.30000000000000004,0.0,-0.11689528368979529,0.13683863640885688,0.04012209471726645,0.22847916206548194,-0.06301829752725435,-0.0024219623718131655,0.2989220676568134,0,0,0,7.989030527395169,7.989030527395169,7.64172541043493,5.2404211268778536
left,10.56,0.0,0.30000000000000004,0.0,-0.11348069038121769,0.15788337090019722,0.009313196369225094,0.2470538494149098,-0.05784304142469659,-0.010807707923247794,0.2991615469691885,0,0,0,8.726007464247395,8.726007464247395,7.639642475165182,4.464216772665609
left,10.58,0.0,0.30000000000000004,0.0,-0.10129346228013006,0.1847498861609688,-0.019640735208591328,0.14928529857117184,-0.04927954727076934,-0.018105379914346752,0.29881462991802055,0,0,0,9.328083824728491,9.328083824728491,7.637663855487592,2.667017271778964
left,10.6,0.0,0.30000000000000004,0.0,-0.08770206173530831,0.21551189506645096,-0.047759913410012386,-0.06033206783815597,-0.04490195793787872,-0.022530547293043476,0.2978817025472182,0,0,0,9.14770254257688,9.14770254257688,7.635784294493973,2.521634903104747
left,10.620000000000001,0.0,0.30000000000000004,0.0,-0.061710748950178564,0.21897794096906292,-0.01687918837244324,-0.0775049073270487,-0.05097748746516652,-0.0227664805221716,0.2969811538376561,0,1,0,7.551330287081973,7.551330287081973,7.633468180320765,1.5962220014796906
left,10.64,0.0,0.30000000000000004,0.0,-0.03215104511766008,0.21757383492088617,0.022991231245228408,-0.08418156757500822,-0.05901207206177352,-0.017324753179219495,0.29683840545932283,0,1,0,6.28234353844986,6.28234353844986,7.608188455255185,1.5887118540320404
left,10.66,0.0,0.30000000000000004,0.0,-0.006325952666830233,0.21136347052999221,0.05046741635109567,-0.06403699104006776,-0.06799471270488587,-0.011478165409765888,0.29731383208652384,0,1,0,7.872635364533374,7.872635364533374,7.630691332934909,3.6960652878354594
left,10.68,0.0,0.30000000000000004,0.0,0.006597870665635138,0.19330376253728274,0.052955587792713324,-0.01338019903454349,-0.07449418907423845,-0.008906247542632978,0.29806378648010046,0,0,0,8.022783713632906,8.022783713632906,7.629160594411417,2.651789089589895
left,10.700000000000001,0.0,0.30000000000000004,0.0,-0.0001913720895991839,0.19273416285550582,0.03888441147250385,-0.004966401814219829,-0.07876272796583361,-0.005710974963670063,0.29863732604428983,0,0,0,7.793050350499838,7.793050350499838,7.608086289228488,4.663895879481659
left,10.72,0.0,0.30000000000000004,0.0,-0.020780161464228782,0.20673119745197424,0.028228203020105737,-0.0009612835039845315,-0.08021479427473384,-0.0004917934845781306,0.2989024804761011,0,0,0,7.623823686606494,7.623823686606494,7.5991284512894595,8.302858574724102
left,10.74,0.0,0.30000000000000004,0.0,-0.042846891431086886,0.22904817325316518,0.02324971727816213,0.004504450103625098,-0.07888634604035713,0.0044742633824168,0.29897604008146933,0,0,0,7.664031680208415,7.664031680208415,7.5991718084855115,8.47518577661844
left,10.76,0.0,0.30000000000000004,0.0,-0.0642444597820959,0.2529721400642958,0.02247890221709376,0.0037324222317276917,-0.07675705782342387,0.008135748338056251,0.2990203745386024,0,0,0,7.788665889649228,7.788665889649228,7.599213008923531,6.357603536847105
left,10.78,0.0,0.30000000000000004,0.0,-0.08254016528124361,0.2759587730986799,0.018532365054897058,0.012329712135463598,-0.0742124222879787,0.01061489816614287,0.29903275255603423,0,0,0,8.049509827282181,8.049509827282181,7.59925215987505,3.5179028898452724
left,10.8,0.0,0.30000000000000004,0.0,-0.09457675763931483,0.29513431853130834,0.005877974554981935,0.06266226030984266,-0.07116431546217344,0.012548919999064724,0.2988781962557711,0,0,0,8.42844126199245,8.42844126199245,7.588990458109869,3.2265340297880796
left,10.82,0.0,0.30000000000000004,0.0,-0.11051153130813002,0.27779196266868106,0.017587672876077046,-0.01791431538141718,-0.06622676170334052,0.012471953752078154,0.29868680511466256,0,0,0,8.863612892243264,8.863612892243264,7.5629047981886615,3.614799810322159
left,10.84,0.0,0.30000000000000004,0.0,-0.11651207062959035,0.23274475151271662,0.031096609782166624,-0.1568064985018893,-0.060512607880552724,0.009002556808255196,0.29884694601740697,0,1,0,8.958455658329015,8.958455658329015,7.521618075631203,1.8001316763235846
left,10.86,0.0,0.30000000000000004,0.0,-0.11234971658986077,0.17595295665120264,0.04532781825150876,-0.2825545939680823,-0.06231741806995129,0.009778592559303145,0.2994544570209181,0,0,0,9.101864593171666,9.101864593171666,7.465727133214955,1.8216794157722513
left,10.88,0.0,0.30000000000000004,0.0,-0.09771210116532357,0.12624666894656467,0.035103004252578826,-0.28805395736194267,-0.06431368639716611,0.011493476177968856,0.30005347880010874,0,0,0,8.853188031853795,8.853188031853795,7.4533491950651864,5.17957039326527
left,10.9,0.0,0.30000000000000004,0.0,-0.08223006094452177,0.09028601508912458,0.007367331858750229,-0.19580622649573703,-0.0698912582825284,0.011038774655309362,0.30037947958253897,0,0,0,8.99942202440201,8.99942202440201,7.5021161363806605,6.908021875999494
left,10.92,0.0,0.30000000000000004,0.0,-0.07671011409667121,0.05775627529494989,0.01331702544638791,0.05463220242659053,-0.07376227702704947,0.008908097302528452,0.3005585167527599,0,0,0,8.639634120011491,8.639634120011491,7.595576592648332,6.754489754718159
left,10.94,0.0,0.30000000000000004,0.0,-0.07369148478885593,0.05273853175210053,0.001932794411000032,0.22088336458013408,-0.07281718704344686,0.004314103407266867,0.300537544124316,0,0,0,8.072591034440345,8.072591034440345,7.676402324429784,5.602175548917865
left,10.96,0.0,0.30000000000000004,0.0,-0.0642146661829723,0.07463635419738249,-0.015804392673080477,0.20360138877389344,-0.059628201770709884,-0.0021996015122486396,0.30022135636096875,0,0,0,9.516642954314825,9.516642954314825,7.672577543813215,5.437430197468425
left,10.98,0.0,0.30000000000000004,0.0,-0.04689393659266354,0.10743206204085853,-0.0231285954107295,0.0011667600836359707,-0.037181004061263304,-0.005989920168650311,0.2997129089901118,0,0,0,10.04817408045855,10.04817408045855,7.668945365415876,3.889224243347234
left,11.0,0.0,0.30000000000000004,0.0,-0.027055076066120645,0.13364802200853218,-0.038190579679488114,-0.29569049953792786,-0.016740456871104245,-0.003550285019673734,0.2990504669094301,0,0,0,9.253352328436584,9.253352328436584,7.5778066995247215,2.17614221497994
left,11.02,0.0,0.30000000000000004,0.0,-0.017995671104547944,0.15510243586992328,-0.05127852757178113,-0.6304968363072945,-0.008393694352708383,0.0023724739558918166,0.2980153515099394,0,0,0,7.489400349900466,7.489400349900466,7.4893610962960615,3.067749681674352
left,11.040000000000001,0.0,0.30000000000000004,0.0,-0.017871214957681483,0.18625320530083272,-0.05189143653810971,-0.8426792606926915,-0.02250281922078535,0.002151629163051035,0.29697722378838076,0,0,0,5.980873793283207,5.980873793283207,7.468365821988446,2.7191596588918445
left,11.06,0.0,0.30000000000000004,0.0,-0.03318255243661106,0.18388579205708716,0.004105493992180244,-0.6007563818175629,-0.03311000801474489,0.002309394682059244,0.29636667513351905,0,1,0,6.646507231466537,6.646507231466537,7.537013499940141,2.2691291725778298
left,11.08,0.0,0.30000000000000004,0.0,-0.05088676287399975,0.16501049644605129,0.041868210883510476,-0.2791796447867729,-0.03865097534840418,0.008194141803713558,0.29675943007769034,0,0,0,6.6994342817636685,6.6994342817636685,7.582195014073907,3.3108302064217763
left,11.1,0.0,0.30000000000000004,0.0,-0.06346474281771286,0.16148448408653462,0.0508470176853121,-0.1345190139354059,-0.04373000424308442,0.016113884708484422,0.2975567546970467,0,0,0,7.623254835528123,7.623254835528123,7.650681850338998,6.570203556617107
left,11.120000000000001,0.0,0.30000000000000004,0.0,-0.07956697727456952,0.17776767702077337,0.03937531825437514,-0.10278114418428053,-0.04543343283883346,0.0237815593223273,0.2982672273456651,0,0,0,7.603623977776629,7.603623977776629,7.648149964966997,6.885906151730657
left,11.14,0.0,0.30000000000000004,0.0,-0.10007044306706832,0.2045723748227898,0.02781119852110073,-0.11202884350973236,-0.04384149415693654,0.02726716757423292,0.2987077309661307,0,0,0,7.2980151547248795,7.2980151547248795,7.64574505894581,5.534437118364343
left,11.16,0.0,0.30000000000000004,0.0,-0.12000371897001653,0.22621394530310326,0.024028746382351165,-0.10887575234515173,-0.03875013260338776,0.027017146543545912,0.2990726345521045,0,0,0,7.606564358802397,7.606564358802397,7.643460715685951,2.9966707027828194
left,11.18,0.0,0.30000000000000004,0.0,-0.13311159183648552,0.24046185884954804,0.015053443902652137,-0.07102592290014315,-0.030978233620323276,0.02561997444671497,0.2993762985203678,0,0,0,8.156882634771767,8.156882634771767,7.653511560387265,2.231257356665908
left,11.200000000000001,0.0,0.30000000000000004,0.0,-0.13599127296709693,0.24613467867080893,-0.006727395478157484,0.019714831115782854,-0.022928426332053796,0.024595033158738767,0.2994210520534512,0,0,0,8.549402148053344,8.549402148053344,7.639198981152031,3.7038669093941885
left,11.22,0.0,0.30000000000000004,0.0,-0.12376167203932559,0.2549877977037941,-0.012803457819832463,0.22157386688021255,-0.025364854537859336,0.02638410611364121,0.29923592530407744,0,0,0,8.410821749729674,8.410821749729674,7.604757470957672,2.3357906684713705
left,11.24,0.0,0.30000000000000004,0.0,-0.11210360009288897,0.2559530588694918,-0.004372406273314617,0.34693660116750835,-0.03309030862559621,0.030141906523312056,0.29884355477549823,0,1,0,7.3842641578373724,7.3842641578373724,7.57092354679277,3.028025007416548
left,11.26,0.0,0.30000000000000004,0.0,-0.09640248741016773,0.2387905623349705,0.032914996481660325,0.21312403387242107,-0.03739931339121714,0.030193826894868114,0.29909807566028235,0,1,0,7.973026959645836,7.973026959645836,7.570170651801341,1.6529783402587244
left,11.28,0.0,0.30000000000000004,0.0,-0.0783388692017113,0.20974457462615437,0.047211826864247575,0.0287351196588756,-0.04323066439329951,0.029213433247075486,0.2998099210509611,0,0,0,9.604857869299,9.604857869299,7.619280486240868,1.4195160412705592
left,11.3,0.0,0.30000000000000004,0.0,-0.06727550405517944,0.19044408031078885,0.043653911560132146,0.010227239755915586,-0.04782356242080449,0.025792710563021282,0.30053114624160937,0,0,0,8.692191665247988,8.692191665247988,7.707023022207128,4.509854335471083
left,11.32,0.0,0.30000000000000004,0.0,-0.06614199333741069,0.1833751332434982,0.02032862729487931,0.08137804437780893,-0.050560227521623216,0.020519757325489482,0.3009009136653653,0,0,0,8.290229227532542,8.290229227532542,7.701651986439227,4.733179964083204
left,11.34,0.0,0.30000000000000004,0.0,-0.07151721992481769,0.18992722798544168,0.004516852756526734,0.05867787009752463,-0.04565957875920686,0.01335436967156264,0.30086626938678757,0,0,0,7.835654524046094,7.835654524046094,7.696552726433644,4.116131980934546
left,11.36,0.0,0.30000000000000004,0.0,-0.07398050767391384,0.19600467429737203,-0.002235470323296603,0.03630841437251671,-0.03497425209677452,0.006168035024586122,0.3007016262485633,0,0,0,8.541929765335375,8.541929765335375,7.691711271925872,2.831486111087642
left,11.38,0.0,0.30000000000000004,0.0,-0.07497645187890398,0.20314673064259656,-0.00871630493104674,-0.00975040570887211,-0.02464051760085218,-5.556037954961984e-06,0.30045414599952075,0,0,0,8.8445686310375,8.8445686310375,7.663209133303198,2.194155918270636
left,11.4,0.0,0.30000000000000004,0.0,-0.07587509376022512,0.21191182721552018,-0.02388199185273993,-0.12171407787122213,-0.019052387476837178,-0.00417262576875927,0.30003679309967274,0,0,0,8.396963329237574,8.396963329237574,7.612465930470776,2.1320168632167387
left,11.42,0.0,0.30000000000000004,0.0,-0.07900148305303142,0.22280071215371436,-0.04419062902064127,-0.32106845210090845,-0.024104997972391493,-0.00736165749822001,0.29923912208702336,0,1,0,7.16545196703242,7.16545196703242,7.5730078649244135,3.532828993568694
left,11.44,0.0,0.30000000000000004,0.0,-0.07777910043499363,0.20362933720184714,-0.0057061532073350634,-0.24610472148952298,-0.03264908216930359,-0.004974381425246618,0.2986677829881552,0,1,0,5.962055143111672,5.962055143111672,7.5741578912139325,1.7566692232926033
left,11.46,0.0,0.30000000000000004,0.0,-0.07213333067255455,0.17837803171631905,0.006932429567570584,-0.13211072797881326,-0.04243305752412637,0.0005835285670485915,0.298581278639229,0,1,0,6.570291136084985,6.570291136084985,7.657895487083316,1.5185230528896765
left,11.48,0.0,0.30000000000000004,0.0,-0.06779602882949538,0.15700043404593356,0.013498586563166343,-0.058245156598966785,-0.05164748007045035,0.005286792763663821,0.29860844641815165,0,1,0,8.301907039004577,8.301907039004577,7.666735645562408,3.446145894398902
left,11.5,0.0,0.30000000000000004,0.0,-0.0721599333582012,0.14795344166470747,0.02529373247067984,-0.11128208164198358,-0.057984828471901985,0.009893866734952838,0.29888805166495475,0,0,0,8.241331301268074,8.241331301268074,7.721675161741498,2.964497817914822
left,11.52,0.0,0.30000000000000004,0.0,-0.08775574564012179,0.15906997362605077,0.0184225928056208,-0.15445903892823473,-0.05902442780465624,0.013272291948022378,0.2991711617321104,0,0,0,8.071757240622453,8.071757240622453,7.822542108040391,3.0528159513848285
left,11.540000000000001,0.0,0.30000000000000004,0.0,-0.10962032096102126,0.17871514080939183,0.016610900527962234,-0.144573225495756,-0.053098493656292566,0.01472983792589439,0.2993583884486901,0,0,0,8.077575527758157,8.077575527758157,7.800063725410272,2.989190768293339
left,11.56,0.0,0.30000000000000004,0.0,-0.13144999295206358,0.1968878562610783,0.01933100446031269,-0.12657943077415118,-0.04388840751244944,0.013542913922410053,0.29959043151554,0,0,0,8.396685440669549,8.396685440669549,7.7819954674956975,2.74710481869062
left,11.58,0.0,0.30000000000000004,0.0,-0.14697877736792506,0.20839304014155977,0.024804067379482618,-0.05483219569253281,-0.03728569949493659,0.010832582120763273,0.29989032436596397,0,0,0,8.735243853033856,8.735243853033856,7.754386187385727,2.8119439996225233
left,11.6,0.0,0.30000000000000004,0.0,-0.14774646735399197,0.22010773739376366,0.03104048549879787,0.11451036541242261,-0.04050484427329856,0.009595361854848435,0.3003535795011115,0,0,0,8.886098493816846,8.886098493816846,7.712771859861636,3.0732943832996185
left,11.620000000000001,0.0,0.30000000000000004,0.0,-0.14358546727215457,0.2252962380030415,0.04757115047923785,0.2417856484882116,-0.0458357951052612,0.010205541776195147,0.30090298332053106,0,1,0,8.68833424273954,8.68833424273954,7.658563299532947,3.509582216861091
left,11.64,0.0,0.30000000000000004,0.0,-0.1307653117983752,0.21682082320056562,0.07523131561521791,0.2376124392295164,-0.045068098542448524,0.007440145357232382,0.3020310552664879,0,1,0,7.86355565811586,7.86355565811586,7.608298295796743,1.817245839109463
left,11.66,0.0,0.30000000000000004,0.0,-0.1144288467271128,0.2000095669194055,0.07951539398458116,0.1767454722674344,-0.04436244420625898,0.004340090046628422,0.3034660323067827,0,0,0,7.3470334949773966,7.3470334949773966,7.588569790533477,2.720432122775229
left,11.68,0.0,0.30000000000000004,0.0,-0.09556607826192201,0.18179469385214841,0.047791681690254224,0.09088712056981374,-0.04662364079003022,0.0022484866124550147,0.30460526570792207,0,0,0,7.5179129001692,7.5179129001692,7.623231917520947,5.802032859719314
left,11.700000000000001,0.0,0.30000000000000004,0.0,-0.09060068955612939,0.16445832213248612,0.040091195210359226,0.13693367848864016,-0.05092746477287838,-3.457512000117074e-05,0.3053906433958288,0,0,0,7.867133946258544,7.867133946258544,7.711263445338897,6.151208823004876
left,11.72,0.0,0.30000000000000004,0.0,-0.0964982211221102,0.160003745367854,0.02420654376555397,0.18399181800502357,-0.05368163529485082,-0.005087128544602433,0.3058274458923469,0,0,0,7.847628127590075,7.847628127590075,7.8258706510544584,7.16218439766759
left,11.74,0.0,0.30000000000000004,0.0,-0.10340379483773332,0.16885601584132762,0.0080283033037266,0.17072541171814662,-0.05129950001456669,-0.01214946277097789,0.30591399774111144,0,0,0,7.777055737478716,7.777055737478716,7.814425275895779,6.845835851057864
left,11.76,0.0,0.30000000000000004,0.0,-0.09825972632942687,0.18501124802932664,-0.008450647647338883,0.10404386169109302,-0.044292994420567895,-0.020068592899606254,0.3056817373083859,0,0,0,8.889514273200485,8.889514273200485,7.8035699428398,4.755584913575037
left,11.78,0.0,0.30000000000000004,0.0,-0.08440305752770892,0.2087269846062572,-0.03176291449638646,-0.01789448819428187,-0.03948081465185086,-0.02646698576703998,0.30506915456599704,0,0,0,9.147174973831591,9.147174973831591,7.756763773391068,2.9444481942007252
left,11.8,0.0,0.30000000000000004,0.0,-0.06841462401675273,0.23635003464657553,-0.0683164695364119,-0.19581683813152384,-0.04050998024295786,-0.02966812032174595,0.3038662257934592,0,0,0,8.651318202014552,8.651318202014552,7.684264188096716,4.118913732073318
left,11.82,0.0,0.30000000000000004,0.0,-0.05151763792031996,0.23490768044202515,-0.07690491065881241,-0.19438026825010624,-0.04186832531925122,-0.024830795617657567,0.30206803303024676,0,0,0,6.438679993043693,6.438679993043693,7.626930090185656,4.1476571725304865
left,11.84,0.0,0.30000000000000004,0.0,-0.03247590429902012,0.21187739374560416,-0.06434250399848622,-0.11795899481619619,-0.044823258779371836,-0.00936545247507784,0.30031753478781276,0,1,0,6.652791699803237,6.652791699803237,7.633128677555931,2.5518385766064386
left,11.86,0.0,0.30000000000000004,0.0,-0.01964464240122288,0.1868055858602102,-0.021423348843610794,0.0746162840689501,-0.05592677726522848,0.002421414374029144,0.2992438809244461,0,1,0,8.41980971501575,8.41980971501575,7.675926875522876,4.878490147559706
left,11.88,0.0,0.30000000000000004,0.0,-0.02364212803378926,0.17223104775123593,0.03653550753438402,0.09650095173378997,-0.06528711249333706,0.010993101162994698,0.2992404178161846,0,0,0,7.897172028844243,7.897172028844243,7.6721260433021214,4.063681420116832
left,11.9,0.0,0.30000000000000004,0.0,-0.040666443165449796,0.17770595768317027,0.06262313277800396,0.06766247879218637,-0.07145988721921069,0.01663292662120342,0.29992708819534963,0,0,0,7.516677830814341,7.516677830814341,7.6685165929744095,7.3012857117312375
left,11.92,0.0,0.30000000000000004,0.0,-0.06642916611887163,0.1896257617602796,0.06747427094176808,0.010123133975004611,-0.075169115286563,0.020184840912213866,0.3008482759186647,0,0,0,7.302584653961953,7.302584653961953,7.75081150632656,7.7659675978190315
left,11.94,0.0,0.30000000000000004,0.0,-0.08604132862755023,0.2159407122901204,0.042806275384879106,-0.020989589611023353,-0.07694220777834082,0.022039392801362412,0.3015489329825188,0,0,0,7.546406517471387,7.546406517471387,7.811329528899915,7.13245374604503
left,11.96,0.0,0.30000000000000004,0.0,-0.10414638596478168,0.24405718268728663,0.02572288474919608,-0.02386709801321889,-0.07183645764690907,0.022526895311531476,0.3018764131676222,0,0,0,7.990488773810412,7.990488773810412,7.878244539954661,4.71222336823111
left,11.98,0.0,0.30000000000000004,0.0,-0.1182305870148383,0.26797674200586896,0.0122693282051026,0.008394041467475164,-0.06368170566927213,0.021155246263931456,0.30193496179435136,0,0,0,8.587763647835061,8.587763647835061,7.872018857575377,2.64458226803469
left,12.0,0.0,0.30000000000000004,0.0,-0.12862098047746315,0.2866652585108929,-0.0021728243096854824,0.09098454568455447,-0.05673835009293426,0.019207999282497477,0.3017487692978465,0,0,0,9.149574113215596,9.149574113215596,7.858183400228665,3.209422559526837
right,12.02,0.0,-0.30000000000000004,0.0,-0.1543018332724922,0.2640714767206769,0.026348467212246852,0.07854084819271767,-0.04798795566802475,0.014382093477010903,0.30181470849372893,0,0,0,9.48339972817343,9.48339972817343,7.845066355497153,2.5376091581487294
right,12.040000000000001,0.0,-0.30000000000000004,0.0,-0.171660634040545,0.2221996610738235,0.026872177758753453,0.05815928179576787,-0.03718844204483393,0.007108962397649474,0.30225790489399945,0,0,0,8.92703190503494,8.92703190503494,7.8075716940241335,2.7923930872741494
right,12.06,0.0,-0.30000000000000004,0.0,-0.18098301564443714,0.17038086313659542,0.03802509156068996,-0.035559744394644606,-0.034364189991944835,0.0028481875795997717,0.302770708336425,0,0,0,7.771122365732192,7.771122365732192,7.741760229269637,3.3771559075667428
right,12.08,0.0,-0.30000000000000004,0.0,-0.171114040664023,0.12637805565490787,0.03105101461150091,0.02274396442451307,-0.03596704482234969,0.0006497535884599975,0.3033131724428753,0,0,0,7.376987043135125,7.376987043135125,7.728835331768661,6.212691853867293
right,12.1,0.0,-0.30000000000000004,0.0,-0.15605542225738714,0.09929986670648909,0.03158594998317198,0.10823608354371653,-0.03837068665096794,-0.00325032284806247,0.30362993270880445,0,0,0,7.433577934084548,7.433577934084548,7.722358160385507,7.805084786183965
right,12.120000000000001,0.0,-0.30000000000000004,0.0,-0.13174105093128272,0.0748965693821341,0.039121836154671796,0.22320866950767052,-0.039157054870364305,-0.006740115282599316,0.30418054594443106,0,0,0,7.679335410423198,7.679335410423198,7.71620986316065,7.4965886442171445
right,12.14,0.0,-0.30000000000000004,0.0,-0.1036971405924542,0.056998973520660634,0.04918062524860354,0.2924640290564143,-0.03712590361264816,-0.010490777175614446,0.30496580169229265,0,0,0,7.928935729554538,7.928935729554538,7.710373423654339,5.749602312215653
right,12.16,0.0,-0.30000000000000004,0.0,-0.07227479540668426,0.042069637064802136,0.052118494224584304,0.29388833846071394,-0.03480824229048242,-0.01364339878370073,0.3059220997280849,0,0,0,7.850112358034038,7.850112358034038,7.70483273718078,4.016781585875302
right,12.18,0.0,-0.30000000000000004,0.0,-0.041446848944881154,0.026308546914891262,0.048847978588696994,0.23551150967302933,-0.03349902280466638,-0.015958040848240568,0.3068877693409844,0,0,0,7.611162782180481,7.611162782180481,7.699572558884789,1.5466822369767244
right,12.200000000000001,0.0,-0.30000000000000004,0.0,-0.013573639697709318,0.004343312319508201,0.044200772427006464,0.14405526798805024,-0.03318354871650563,-0.016682561914555215,0.3078022809916237,0,0,0,7.237753923480381,7.237753923480381,7.694578455073405,1.6760873852934937
right,12.22,0.0,-0.30000000000000004,0.0,0.006166128954512253,-0.026317184922934903,0.03799003676350987,0.023339257311755724,-0.0323831818593227,-0.01591791116788199,0.3086418883137605,0,0,0,6.819773320974995,6.819773320974995,7.689836757570166,1.9470540659218718
right,12.24,0.0,-0.30000000000000004,0.0,0.018918710413389148,-0.06521331210569581,0.0200052632437982,-0.11731362240702332,-0.029569134783467045,-0.013702197304157062,0.30926615671917346,0,0,0,6.433235273311135,6.433235273311135,7.6853345208789925,2.36105883274559
right,12.26,0.0,-0.30000000000000004,0.0,0.027010595812624934,-0.10961432399203502,-0.024022855761179542,-0.277642842432495,-0.024069628197494343,-0.009770922357654243,0.30925146314645807,0,0,0,5.985358104727136,5.985358104727136,7.681059481961839,4.067970878272261
right,12.280000000000001,0.0,-0.30000000000000004,0.0,0.023289451562935125,-0.14110144040210196,-0.05193432273661877,-0.4313013875235298,-0.020132115157163632,-0.004522276955809642,0.30829913905360884,0,0,0,6.56824692150474,6.56824692150474,7.677000022450134,3.4235424065061713
right,12.3,0.0,-0.30000000000000004,0.0,0.006376301798724355,-0.14004374459800722,-0.04675286286657257,-0.34721805190825455,-0.02688331839061808,-0.004684459209686534,0.3073213873481371,0,0,0,7.657736366899758,7.657736366899758,7.673145133124198,3.541788412714893
right,12.32,0.0,-0.30000000000000004,0.0,-0.024246758328364117,-0.12883955843023243,-0.013387779687495681,-0.128057954589474,-0.03111155409267765,-0.007003762690936542,0.30677317688665734,0,0,0,8.18304544563896,8.18304544563896,7.669484380507882,4.748998803414442
right,12.34,0.0,-0.30000000000000004,0.0,-0.04788530468389133,-0.11258610844131749,0.0011952477633413458,0.07521383152036988,-0.032128028112225475,-0.011023691741130964,0.30674553039792307,0,0,0,8.427013347081225,8.427013347081225,7.653812651978118,4.937104005065104
right,12.36,0.0,-0.30000000000000004,0.0,-0.06275813487062773,-0.1095937897908448,-0.0023889894632898616,0.16341667965403087,-0.028376304534474817,-0.01746940132765892,0.3068018038346354,0,0,0,8.454748232394364,8.454748232394364,7.625869174616046,4.380678415564219
right,12.38,0.0,-0.30000000000000004,0.0,-0.0649600886105676,-0.1156127543593577,-0.03643904364913972,0.21570498011808537,-0.01678351000735117,-0.025474261756903264,0.3063612789591136,0,0,0,8.482672824031743,8.482672824031743,7.595860634625588,4.380678415564219
right,12.4,0.0,-0.30000000000000004,0.0,-0.05944657607042837,-0.13951555433244608,-0.08118690606586747,0.25526919458549474,0.00536440386203659,-0.033798794131465575,0.3051237212021141,0,1,0,8.566140176051704,8.566140176051704,7.563347475055959,4.226507801691743
right,12.42,0.0,-0.30000000000000004,0.0,-0.04324952435074132,-0.14762672925980647,-0.05366670392508578,0.1678317400563593,0.018572346797897807,-0.03214200208668374,0.30371657718898426,0,1,0,7.4275607838452835,7.4275607838452835,7.524293545436173,4.035803353162651
right,12.44,0.0,-0.30000000000000004,0.0,-0.019287769803957654,-0.16114365143712978,-0.027712017131400174,0.12663943125794133,0.031067662140223707,-0.02266385550347486,0.302831431471426,0,1,0,7.327195383849933,7.327195383849933,7.504052537590422,1.7400924967392353
right,12.46,0.0,-0.30000000000000004,0.0,-0.0005764289643675827,-0.17137029723183944,0.009944273461444855,0.05927583798835784,0.04424693746457549,-0.012057952691614096,0.30256020807414485,0,1,0,8.157533793258986,8.157533793258986,7.550056269492863,1.7172674301011757
right,12.48,0.0,-0.30000000000000004,0.0,0.011265613205993187,-0.17899063223372802,0.017474415402577506,-0.035957705623576114,0.05674412506660575,-0.0036887241586617213,0.30271269807186735,0,0,0,7.860100044705776,7.860100044705776,7.645181952956698,3.6943316956704937
right,12.5,0.0,-0.30000000000000004,0.0,0.020515588739434775,-0.19326622545872385,0.002252750186044457,-0.15415807507833115,0.0665552548364981,0.0020681451657158225,0.30264832809248093,0,0,0,7.82859893067234,7.82859893067234,7.7211047568263,3.6281300730797765
right,12.52,0.0,-0.30000000000000004,0.0,0.019148415521455107,-0.21254691485247074,0.0003363094128093595,-0.19810397586048487,0.07247400589029906,0.006392729554271206,0.3023862401011214,0,0,0,8.208231855207666,8.208231855207666,7.832410514483083,2.9114684186928783
right,12.540000000000001,0.0,-0.30000000000000004,0.0,0.013176643153664895,-0.23428693719955623,0.004740146700688884,-0.22596620299804104,0.07514650009408023,0.01040996445956762,0.3021206377389609,0,0,0,8.440318264418813,8.440318264418813,7.8771369601588646,2.754865266095752
right,12.56,0.0,-0.30000000000000004,0.0,0.008506400027853528,-0.25532757424015473,-0.004887562923442237,-0.24591335586998328,0.07432161798194367,0.01572799931123644,0.30180238244327096,0,0,0,8.248286069970801,8.248286069970801,7.83800617257312,2.168344077665064
right,12.58,0.0,-0.30000000000000004,0.0,0.00748945644248125,-0.27356072605392895,-0.0369373905812044,-0.24686193251957006,0.07025152023640459,0.023358074345644658,0.3010406871272159,0,0,0,7.964891866810872,7.964891866810872,7.802418641797264,3.6940097111041386
right,12.6,0.0,-0.30000000000000004,0.0,0.01074909519494004,-0.28698649233753104,-0.08859019382185249,-0.2503748097814261,0.0652560058333057,0.03390752924357721,0.2994375872986282,0,0,0,7.91219365070387,7.91219365070387,7.778894865894596,4.976356638659905
right,12.620000000000001,0.0,-0.30000000000000004,0.0,-0.013273392704241386,-0.25480897846003336,-0.06953994791576375,-0.013024691758778306,0.05611359204794674,0.04326933189199464,0.29741442778746796,0,1,0,8.21168173045082,8.21168173045082,7.759586956971571,5.748172011761823
right,12.64,0.0,-0.30000000000000004,0.0,-0.04616945503501802,-0.19561357876991473,-0.019525351195622886,0.22999743759955188,0.05162725340530575,0.05208551936764443,0.2963951527624314,0,0,0,10.083636830116392,10.083636830116392,7.733227353529184,2.826768044784593
right,12.66,0.0,-0.30000000000000004,0.0,-0.06661521459766061,-0.1278361919283823,0.021976709892595158,0.2887578354155751,0.04616117342658404,0.05718605492997862,0.2963344374550801,0,0,0,11.397451116416134,11.397451116416134,7.718894534336503,5.807021396872494
right,12.68,0.0,-0.30000000000000004,0.0,-0.07050608620349781,-0.07884140178140685,0.04135662700749089,0.11877153597438436,0.04417709211445781,0.05528175413733571,0.2969108098319826,0,0,0,9.415217186697333,9.415217186697333,7.749482605295487,7.356714418155963
right,12.700000000000001,0.0,-0.30000000000000004,0.0,-0.07024207657030694,-0.04792803637849927,0.04165869300195635,-0.2018776220845828,0.0478197629527798,0.050341652490987016,0.2977614830800753,0,0,0,8.061571206846278,8.061571206846278,7.879424710317483,5.750457242007973
right,12.72,0.0,-0.30000000000000004,0.0,-0.0725548044100964,-0.05009794656887715,0.008683920987015576,-0.3923172234977266,0.0518389809532048,0.04148278853444239,0.2982710139624238,0,0,0,8.066035996706521,8.066035996706521,7.999874519314012,5.188081651533806
right,12.74,0.0,-0.30000000000000004,0.0,-0.07164206046218956,-0.07032174051947263,-0.009587485415647745,-0.419690098127298,0.04761664051648495,0.030752685501604798,0.298242063639227,0,0,0,9.559684967131044,9.559684967131044,8.11013241312006,4.316486576157014
right,12.76,0.0,-0.30000000000000004,0.0,-0.060834202728234935,-0.09417722577520064,-0.022677119656046504,-0.34777573272810136,0.03976316720505405,0.02268971098798508,0.29790078220294774,0,0,0,10.134159182049165,10.134159182049165,8.060629636483384,3.2777445920600443
right,12.780000000000001,0.0,-0.30000000000000004,0.0,-0.043037185614643335,-0.11684768473217966,-0.0387066695606803,-0.19874873514391303,0.03298553328987874,0.01795899967450268,0.2972493411519393,0,0,0,10.149511824329068,10.149511824329068,7.9428063329932606,2.8720784161623425
right,12.8,0.0,-0.30000000000000004,0.0,-0.028013774997934754,-0.13817659359831277,-0.05281936019799631,0.03697532581563642,0.03193008446293661,0.015185802243653698,0.29625759045546796,0,0,0,9.18240250439124,9.18240250439124,7.816975249423368,3.9895735321677517
right,12.82,0.0,-0.30000000000000004,0.0,-0.011834144978266002,-0.15522124360947565,-0.01596739978210436,0.1677886882720286,0.047246217941351025,0.010340324643954209,0.29539221397917714,0,1,0,7.2423386824513685,7.2423386824513685,7.724050690396719,5.01134294250317
right,12.84,0.0,-0.30000000000000004,0.0,0.01066958806136483,-0.14404909685007114,0.042669856281996224,0.10088042677602112,0.056911088524249524,0.011687168189238316,0.29560961905267663,0,1,0,6.662494301970823,6.662494301970823,7.7067870873978634,1.3105336252806838
right,12.86,0.0,-0.30000000000000004,0.0,0.03558499412318219,-0.12767450916675865,0.07739879462997139,-0.03839673606089043,0.06467866542756805,0.01545118880966426,0.29675236979802905,0,1,0,8.361188374089798,8.361188374089798,7.766047534908921,3.445680776391357
right,12.88,0.0,-0.30000000000000004,0.0,0.03342464818330584,-0.1151850318024088,0.10768363691324907,-0.07965465290549167,0.06709268213143788,0.020595139646953056,0.29856562997894126,0,0,0,6.421184606763933,6.421184606763933,7.757674266112389,2.930552700054047
right,12.9,0.0,-0.30000000000000004,0.0,0.01293095938624773,-0.12192324854977285,0.11368302650999848,0.023370314009246416,0.06194584345338036,0.027250480107801296,0.3006624354058792,0,0,0,6.539747745323635,6.539747745323635,7.749728637980102,2.9452979202453404
right,12.92,0.0,-0.30000000000000004,0.0,-0.013670899321656846,-0.14532623417428467,0.09493635365518657,0.11519857728015329,0.05533359782856134,0.034240861765682314,0.30260224369122074,0,0,0,6.725652536519773,6.725652536519773,7.846813312739624,2.84449148560349
right,12.94,0.0,-0.30000000000000004,0.0,-0.036887884356780865,-0.18049789624254456,0.06760411315819471,0.13212390570359117,0.04864230578341287,0.04007088913043391,0.304053388065894,0,0,0,6.938671854810278,6.938671854810278,7.992029902522997,2.5106390328890287
right,12.96,0.0,-0.30000000000000004,0.0,-0.05119874938881996,-0.2153459534990825,0.04225254076220178,0.1067203089205503,0.040404534874578645,0.042267630810617844,0.3049963158248124,0,0,0,6.626258091838258,6.626258091838258,8.078618493810882,2.4213311856964177
right,12.98,0.0,-0.30000000000000004,0.0,-0.05520897710844422,-0.24140775504778703,0.019605154944967312,0.02129367683804779,0.02877545299348821,0.04142957524917456,0.3055042498016413,0,0,0,7.233449770726572,7.233449770726572,8.112489210217703,2.3791539340523467
right,13.0,0.0,-0.30000000000000004,0.0,-0.05228797227875198,-0.26114417541168017,-0.004355342650194568,-0.11809785364417716,0.01613595947400368,0.03968339210668419,0.30562147434327247,0,0,0,7.719519637392346,7.719519637392346,8.132328786582828,3.564490110010976
right,13.02,0.0,-0.30000000000000004,0.0,-0.053812269214566874,-0.2635206940225234,-0.010120554450018015,-0.2393013490203918,0.0043741834622661,0.03628588445575421,0.3054019574802514,0,0,0,7.69273898697209,7.69273898697209,8.130250646115975,4.444606440366279
right,13.040000000000001,0.0,-0.30000000000000004,0.0,-0.061036407390117224,-0.24404498586367912,0.034624653917255784,-0.1782665782329887,0.0005808584046773378,0.030025785637427863,0.3055988239676956,0,1,0,7.2412594325325745,7.2412594325325745,8.104703112734864,6.825805675994824
right,13.06,0.0,-0.30000000000000004,0.0,-0.05752801705491762,-0.21327805123944055,0.058680223445403454,-0.045195900838478326,0.010311545757744943,0.029567573899388546,0.30665836445936145,0,1,0,7.812494504748654,7.812494504748654,8.078545392360205,1.7683071593139665
right,13.08,0.0,-0.30000000000000004,0.0,-0.04641307771329906,-0.1806076730475246,0.05536536946394439,-0.024472736875189586,0.020020024558053462,0.02819287647431635,0.3077340426049507,0,0,0,7.819274192147868,7.819274192147868,8.053795669628446,3.9324513115444235
right,13.1,0.0,-0.30000000000000004,0.0,-0.04254646259438894,-0.16248156711638012,0.023988443894877066,-0.13440749292453236,0.027337436862956047,0.02261246360491107,0.3083865182540041,0,0,0,9.021269907040761,9.021269907040761,8.03037281655093,9.98257113275514
right,13.120000000000001,0.0,-0.30000000000000004,0.0,-0.05122140705476026,-0.16271478864870526,-0.014480288014096556,-0.15688526920103338,0.027620366589558142,0.011438311139906038,0.3082234497527683,0,0,0,10.93954400627948,10.93954400627948,8.008200927218567,12.402296416878407
right,13.14,0.0,-0.30000000000000004,0.0,-0.053743116526124304,-0.1702825302557774,-0.03160326791824865,-0.07865908204786848,0.021098985316498026,7.736683518750422e-05,0.3075829464310752,0,0,0,9.253706153310622,9.253706153310622,7.987208925836267,11.524132883844594
right,13.16,0.0,-0.30000000000000004,0.0,-0.050430152335857806,-0.18001413488625023,-0.04046527719374444,0.03666512412398482,0.015417944856453952,-0.008092433638065843,0.30676242510759266,0,0,0,9.811760049607102,9.811760049607102,7.924155950346808,7.138870430860944
right,13.18,0.0,-0.30000000000000004,0.0,-0.04523300008922784,-0.1905739717343474,-0.05254578091609028,0.20709897791478077,0.016308427544888374,-0.012990957290068283,0.3057484988952277,0,0,0,9.286267788789816,9.286267788789816,7.819637993806229,6.128963174090616
right,13.200000000000001,0.0,-0.30000000000000004,0.0,-0.03694280252224245,-0.21008654098555524,-0.0770751705862118,0.3512937193116792,0.026926087501702587,-0.017110493592179504,0.30440237163266554,0,0,0,8.507809522551963,8.507809522551963,7.724884187483756,5.719800890312615
right,13.22,0.0,-0.30000000000000004,0.0,-0.021711174720904246,-0.2050632849334393,-0.047443893049027935,0.2565703189233339,0.037145857989796235,-0.015553366304637934,0.30285594649420744,0,1,0,6.793052414350401,6.793052414350401,7.670431834820601,6.437396706737613
right,13.24,0.0,-0.30000000000000004,0.0,-0.0002361932650250272,-0.18565428928616642,-0.005638655876330098,0.11459499483811537,0.044816666747484586,-0.004378581467904204,0.30224422417259866,0,1,0,7.164826986382087,7.164826986382087,7.665107293266754,1.7409345034083052
right,13.26,0.0,-0.30000000000000004,0.0,0.013415088135869542,-0.16581433437241183,0.028545022639164152,-0.05147489176179505,0.051271191860623004,0.00849824923686491,0.3023473038239665,0,1,0,7.933751414589591,7.933751414589591,7.754278682263898,3.1714136012399132
right,13.280000000000001,0.0,-0.30000000000000004,0.0,0.005639812113297394,-0.16296699119723967,0.06809386802759618,-0.12103940395015916,0.05663612928889357,0.021217308486810263,0.3031246040204275,0,0,0,6.639860740298882,6.639860740298882,7.784188860541537,3.9296563246072
right,13.3,0.0,-0.30000000000000004,0.0,-0.01696379934352938,-0.172752418731087,0.0853205937151819,-0.045941319080544794,0.05530874036341081,0.03161350329359117,0.30442439115545183,0,0,0,7.048820471739814,7.048820471739814,7.909930808560162,6.388931878693251
right,13.32,0.0,-0.30000000000000004,0.0,-0.038999894039310964,-0.19843478063751635,0.06983713708672976,-0.041476926649705176,0.048696039551542676,0.04028459578617618,0.3057448248341999,0,0,0,7.165334691749856,7.165334691749856,7.981388340649495,6.859519451338127
right,13.34,0.0,-0.30000000000000004,0.0,-0.05608125192012952,-0.23497831670664338,0.04357522019459354,-0.13457395353373677,0.0362905225081168,0.04660343244462233,0.30665481047653553,0,0,0,7.024635782871956,7.024635782871956,7.987381099421398,6.444354685015378
right,13.36,0.0,-0.30000000000000004,0.0,-0.06340354889098107,-0.2686176327497235,0.014297841890411379,-0.23659613753223407,0.020312914904637564,0.04784722390744808,0.3070885624886445,0,0,0,6.809483982017431,6.809483982017431,7.967493267414358,4.477076807334159
right,13.38,0.0,-0.30000000000000004,0.0,-0.05952632039858042,-0.29122442704654505,-0.015455886639767191,-0.3475071334872295,0.0030369824745701862,0.044817603237437977,0.30702033750309005,0,0,0,7.999765996684274,7.999765996684274,7.948656775531173,2.5033231474383717
right,13.4,0.0,-0.30000000000000004,0.0,-0.050972288932001966,-0.3024308127562927,-0.05264516325679755,-0.45126223055803355,-0.012452683070291704,0.04051014160337786,0.3063772550685019,0,0,0,8.485537499533631,8.485537499533631,7.930812987466549,2.728262287723345
right,13.42,0.0,-0.30000000000000004,0.0,-0.04143942332056601,-0.31208569798606284,-0.07741408078322229,-0.46695334452252923,-0.013384518796688607,0.041943169475153065,0.305171278597671,0,0,0,7.642559021209622,7.642559021209622,7.9139068468759355,2.7856538214054156
right,13.44,0.0,-0.30000000000000004,0.0,-0.038547934062010195,-0.2990011293527074,-0.0879205953847797,-0.29388633129452935,-0.002434225519674617,0.049448859063882515,0.30341759044984445,0,1,0,8.11326747147313,8.11326747147313,7.897886627635334,3.1661965453619088
right,13.46,0.0,-0.30000000000000004,0.0,-0.046136954335611685,-0.25446208445094326,-0.056321535484177204,0.0017985042036487812,0.005478708363303897,0.051831211858494694,0.30198488975478893,0,0,0,10.308604847060199,10.308604847060199,7.882703704604783,4.498460749707272
right,13.48,0.0,-0.30000000000000004,0.0,-0.05314773030443443,-0.20999082709468225,-0.01898062018567947,0.12569174740909986,0.010079885165973215,0.047190816079943416,0.3011704832087026,0,0,0,11.201409556545622,11.201409556545622,7.868312342914017,7.221348956285661
right,13.5,0.0,-0.30000000000000004,0.0,-0.05994135238172577,-0.17730378931601615,-0.004451345980355762,0.029764554258976162,0.012313982342928827,0.03865152904770737,0.3009636460857699,0,0,0,9.39670301700516,9.39670301700516,7.854669504009308,7.097448619301389
right,13.52,0.0,-0.30000000000000004,0.0,-0.07583379397919873,-0.17223626571049752,-0.010656812229669759,0.020962773649372716,0.011618058936462202,0.02754658668055999,0.30068266200663946,0,0,0,8.460317372149074,8.460317372149074,7.8417346668934655,5.442800692390985
right,13.540000000000001,0.0,-0.30000000000000004,0.0,-0.08802738563628412,-0.17413274285849498,-0.013268097317138247,0.05208305866281966,0.0057811115763968385,0.01764887569494317,0.30039777588845834,0,0,0,9.10520409404117,9.10520409404117,7.827678759310274,3.913760492875422
right,13.56,0.0,-0.30000000000000004,0.0,-0.09243708995792528,-0.17746804811535646,-0.02281415906703146,0.08709821907983603,-0.0006170772067464139,0.009080357578664853,0.3000266867394721,0,0,0,9.404069131011035,9.404069131011035,7.772665785768417,2.7369610466168246
right,13.58,0.0,-0.30000000000000004,0.0,-0.09112148754190605,-0.18322549707069932,-0.04107589471548982,0.1625824720225801,-0.005214859306160707,0.0012385728342811353,0.2993882417274877,0,0,0,9.362864402167721,9.362864402167721,7.699304841556298,2.380521783661141
right,13.6,0.0,-0.30000000000000004,0.0,-0.08926145851831466,-0.1971335857692136,-0.0689564464876782,0.32022804585610015,-0.004901727447144191,-0.0053272954151543745,0.29826213050588807,0,0,0,8.99933945865956,8.99933945865956,7.622852076647096,3.2694626815832777
right,13.620000000000001,0.0,-0.30000000000000004,0.0,-0.07474024706811215,-0.21600702600867436,-0.0726118300985938,0.43025072492179317,0.008458676169004028,-0.012419565925407662,0.29670758600944924,0,1,0,8.376686917254823,8.376686917254823,7.5555598791974745,2.9868751766787014
right,13.64,0.0,-0.30000000000000004,0.0,-0.04712260693220807,-0.20762547991470132,-0.01539297446897084,0.2870173977727889,0.015683241256392484,-0.010030869706160558,0.2958552272913172,0,1,0,6.526866489050295,6.526866489050295,7.513448367566756,2.7321796326869747
right,13.66,0.0,-0.30000000000000004,0.0,-0.010963736966899739,-0.1911240497682087,0.014578955036198379,0.08937531026364784,0.02454488982199485,-0.0025737649337804216,0.2958543684581357,0,1,0,7.988383424610834,7.988383424610834,7.54227594346386,3.330001918908329
right,13.68,0.0,-0.30000000000000004,0.0,0.014248778930962396,-0.16464960807333787,0.05364822965880574,-0.11746486389549264,0.030403584967134745,0.0065713695707941035,0.2964167531644811,0,0,0,9.092786130322864,9.092786130322864,7.644559929886956,4.102693634151481
right,13.700000000000001,0.0,-0.30000000000000004,0.0,0.010637739414303852,-0.15089429109875946,0.08211241340433516,-0.15058063726834264,0.033427944378782645,0.017834529285839045,0.29760782998888324,0,0,0,7.548907203908124,7.548907203908124,7.764853118667723,4.977941144907049
right,13.72,0.0,-0.30000000000000004,0.0,-0.00876943931133911,-0.15571091129877104,0.07999568233250529,-0.011406387560137909,0.036022324947425986,0.027716338230642346,0.29907455476686506,0,0,0,7.424837558011187,7.424837558011187,7.849952396174679,4.910203368104138
right,13.74,0.0,-0.30000000000000004,0.0,-0.033253253083032244,-0.17367115735666472,0.06384473252931233,0.13334159947672572,0.03793771446299532,0.03401189672911254,0.300391756126564,0,0,0,7.250556426496297,7.250556426496297,7.9064768072484455,4.7167823542380765
right,13.76,0.0,-0.30000000000000004,0.0,-0.0496454295415554,-0.2026350132554854,0.03932195269566869,0.15768484175407727,0.0331637979043155,0.03690355706425807,0.3012308448545678,0,0,0,6.9096451469313225,6.9096451469313225,7.890845184863252,3.53282750784304
right,13.780000000000001,0.0,-0.30000000000000004,0.0,-0.05687172906928917,-0.22327927294758138,0.022269894267902785,0.10510847565207154,0.021078132352664543,0.03677031104676025,0.3017251871823339,0,0,0,7.7745835532047725,7.7745835532047725,7.876029605936271,2.373301818110968
right,13.8,0.0,-0.30000000000000004,0.0,-0.05630699146924368,-0.23442954901235744,0.0020124417695440806,-0.009221896617260694,0.006028689472501884,0.035582403975162304,0.3019271077401995,0,0,0,8.42707461402468,8.42707461402468,7.861985591245045,2.473830607952613
right,13.82,0.0,-0.30000000000000004,0.0,-0.05473138592149466,-0.24729450279278314,-0.00631328805443183,-0.16190786123919257,0.0014262574773305516,0.03742859878849305,0.3018813881207499,0,1,0,7.776641366488952,7.776641366488952,7.84867127437224,2.760870308341362
right,13.84,0.0,-0.30000000000000004,0.0,-0.06079096008194918,-0.23213963535453208,0.013949149985589916,-0.170883916956601,0.004840495192286175,0.0403540178487397,0.3020368819005908,0,1,0,6.448874090453782,6.448874090453782,7.836047229415431,1.5436125943740941
right,13.86,0.0,-0.30000000000000004,0.0,-0.056135375472751214,-0.197623769079694,0.00513925856716685,-0.09606222861034969,0.007520776205890917,0.04023960258518568,0.3022981705939212,0,0,0,8.231997227790627,8.231997227790627,7.824076311902505,2.507102772350777
right,13.88,0.0,-0.30000000000000004,0.0,-0.04837945178424284,-0.15935703640875273,0.001991849678397923,-0.0837601614207361,0.011339714242520197,0.03628776318556194,0.3022482129409439,0,0,0,9.751323358853607,9.751323358853607,7.8127235117243465,5.40308767276803
right,13.9,0.0,-0.30000000000000004,0.0,-0.046514454221205086,-0.14033044235135297,-0.014059049535248678,-0.1316802183845634,0.017702596838715844,0.028349394352682557,0.30212735221033,0,0,0,8.681716865134192,8.681716865134192,7.801955817020094,4.237250157834089
right,13.92,0.0,-0.30000000000000004,0.0,-0.052534612154308546,-0.14168906918817945,-0.017860726182167906,-0.10865399963982708,0.020395372089372615,0.01785359715325051,0.3017620220202818,0,0,0,8.101242279744804,8.101242279744804,7.791742088059291,4.226441922581193
right,13.94,0.0,-0.30000000000000004,0.0,-0.05744945770518927,-0.14798059153658977,-0.01085471823758865,-0.0519730151888409,0.01901241152809406,0.009189046272001256,0.3014673645429616,0,0,0,8.49360132302013,8.49360132302013,7.782052940261714,3.3830834164270733
right,13.96,0.0,-0.30000000000000004,0.0,-0.06025637087226611,-0.15416917733666285,-0.009302394923620809,0.015170265842805673,0.01697707453931376,0.003708561006949252,0.3012604697815411,0,0,0,8.447322526609751,8.447322526609751,7.742233713844886,2.7216135397546073
right,13.98,0.0,-0.30000000000000004,0.0,-0.062555473131685,-0.15973602172733126,-0.01428961992836074,0.12120026929469212,0.014954751475702115,0.0008645200500542924,0.30103503921954666,0,0,0,7.89876345298308,7.89876345298308,7.6996403198137315,2.7878169059622415
right,14.0,0.0,-0.30000000000000004,0.0,-0.06526306473191029,-0.17044672635529973,-0.021951818800374556,0.2891858976036993,0.019417687703047384,-0.001194280807371539,0.3006071665929208,0,0,0,7.231063918422189,7.231063918422189,7.676480284652602,4.179711110106097
right,14.02,0.0,-0.30000000000000004,0.0,-0.061162131104259096,-0.1974858961766105,-0.03480580742942442,0.44395413092242275,0.037985103004785935,-0.005498190371154253,0.30001690810314463,0,1,0,6.238910468726699,6.238910468726699,7.682408878374691,5.551982767772638
right,14.040000000000001,0.0,-0.30000000000000004,0.0,-0.0466356237328015,-0.19857873710482193,0.027346657773772303,0.2785852909662323,0.04927879143390247,-0.0028451278162482333,0.2998744502752513,0,1,0,6.158249061539227,6.158249061539227,7.719716415150959,2.6158398632277806
right,14.06,0.0,-0.30000000000000004,0.0,-0.02844185919555077,-0.188470935462524,0.05703820411402586,0.09001873898780634,0.0586419908848108,0.005958942424200357,0.30055313791098975,0,0,0,7.814944311214669,7.814944311214669,7.813943593349418,3.693316689897003
right,14.08,0.0,-0.30000000000000004,0.0,-0.016698816179368626,-0.17954547667090753,0.08648272449021663,-0.014347902691106192,0.06213049683945753,0.015493260635430365,0.3017080556673463,0,0,0,8.183106053026297,8.183106053026297,7.80311306866491,6.609136422104113
right,14.1,0.0,-0.30000000000000004,0.0,-0.0170851148324994,-0.18442773821503058,0.08953182722939917,-0.025825471083252824,0.058455358931702506,0.024651903971912848,0.30318069972816164,0,0,0,8.33842551003565,8.33842551003565,7.895172884594835,9.317493233788658
right,14.120000000000001,0.0,-0.30000000000000004,0.0,-0.030133997476770702,-0.19649339877556593,0.0740862127790449,0.015142068905693182,0.050609764539305366,0.03098123202008922,0.30452464769427223,0,0,0,6.867312862064591,6.867312862064591,7.856617302088306,9.173524046963124
right,14.14,0.0,-0.30000000000000004,0.0,-0.03998010178373176,-0.22057623909307159,0.04096668917982478,0.004005904359483552,0.042025404169771456,0.03517378941198027,0.3053565435222218,0,0,0,6.812286070631072,6.812286070631072,7.84358147759465,6.934590533104391
right,14.16,0.0,-0.30000000000000004,0.0,-0.04384703759734064,-0.2420129360954447,0.017309896094672435,-0.03603801085963547,0.03229255118754366,0.03632664879315929,0.30572036597991503,0,0,0,7.749495607711467,7.749495607711467,7.831220921256826,4.286359912257414
right,14.18,0.0,-0.30000000000000004,0.0,-0.03839575404585484,-0.25484227832117035,-0.005152217107634876,-0.09415508503164419,0.020369001255970135,0.036476772489985446,0.30571388992852294,0,0,0,8.579891881154992,8.579891881154992,7.819499352500035,2.5810964574216335
right,14.200000000000001,0.0,-0.30000000000000004,0.0,-0.02618390534206225,-0.26085560712425215,-0.03971014633234825,-0.1472261355373573,0.008059240849749306,0.03776007280646492,0.3051836904952532,0,0,0,8.607427891871401,8.607427891871401,7.808382569846014,2.907612367005366
right,14.22,0.0,-0.30000000000000004,0.0,-0.01267062381634489,-0.2653356549578885,-0.08418526451382237,-0.20865136762410405,-0.00014150603177461949,0.04157101939210572,0.30383466370307655,0,1,0,7.813617897452193,7.813617897452193,7.797838318873861,3.028130205108241
right,14.24,0.0,-0.30000000000000004,0.0,-0.0192316155449992,-0.23330058755140265,-0.056872692317932336,-0.0689089863370543,-0.0011677182525895884,0.0464291123473498,0.3024768340284411,0,1,0,7.82941657987108,7.82941657987108,7.787836169825898,2.5600625361367157
right,14.26,0.0,-0.30000000000000004,0.0,-0.024756396277718546,-0.18484705486546324,-0.03800719051826927,0.1009079348464651,-0.0016548907667209177,0.04847193699292159,0.3015660895825246,0,0,0,9.776899294065993,9.776899294065993,7.778347404034516,2.0938524370181306
right,14.280000000000001,0.0,-0.30000000000000004,0.0,-0.02954432506087482,-0.13835651677179447,-0.022154466572255106,0.13792308572613743,-0.00198072754017678,0.045255224856742916,0.3009800051665797,0,0,0,10.887481888625288,10.887481888625288,7.769344908427367,5.317411752336826
right,14.3,0.0,-0.30000000000000004,0.0,-0.03898027990740155,-0.11101678200851385,-0.025000735070150035,0.06880888923676846,-0.0003795153511969199,0.03688557009939933,0.3006126875812701,0,0,0,9.09654823875493,9.09654823875493,7.760803077440773,5.6819162818651225
right,14.32,0.0,-0.30000000000000004,0.0,-0.053862139179465,-0.10547263856306364,-0.021774613945186184,0.06663308101624216,-0.0008888814465037618,0.0262999268115969,0.3001853350848933,0,0,0,8.402876888785523,8.402876888785523,7.752697721735512,5.041140597316285
right,14.34,0.0,-0.30000000000000004,0.0,-0.0651494716800311,-0.10578191326117638,-0.01444607765381896,0.07664358058952143,-0.0045250283860843515,0.0174775741627206,0.29989629466673334,0,0,0,9.048215363038935,9.048215363038935,7.729756616148379,3.824354089338489
right,14.36,0.0,-0.30000000000000004,0.0,-0.07135542191765318,-0.10757723404744722,-0.015535544132253205,0.09537039730289912,-0.008124983150446116,0.011371626866956105,0.29967353302012323,0,0,0,9.037658718249986,9.037658718249986,7.66925059218018,2.8976543099612444
right,14.38,0.0,-0.30000000000000004,0.0,-0.07418809052709553,-0.11106531796662285,-0.0340483046130242,0.1529108470651547,-0.010040205918168735,0.008373301636405537,0.2992865762022528,0,0,0,8.529097520554227,8.529097520554227,7.601683327963791,2.7812332377121063
right,14.4,0.0,-0.30000000000000004,0.0,-0.07122945946342703,-0.12421637018371595,-0.042981596437086475,0.24836031792661814,0.00017321148776600778,0.005493103411392812,0.29861632693829926,0,0,0,7.759229812690598,7.759229812690598,7.552758615279732,4.108267342719391
right,14.42,0.0,-0.30000000000000004,0.0,-0.06436241791564834,-0.14937451262978618,-0.050661546329858,0.3492622431957298,0.02103921300519185,0.0016345237548145164,0.2975922432716339,0,1,0,7.098659953911535,7.098659953911535,7.535637253707474,5.3058691112301855
right,14.44,0.0,-0.30000000000000004,0.0,-0.0470947932907056,-0.16089167033043225,0.008210242935180204,0.29810921736701784,0.0330598454034866,0.006767819173696294,0.2971817169233204,0,1,0,6.322328385513258,6.322328385513258,7.544063162473055,2.14534144801849
right,14.46,0.0,-0.30000000000000004,0.0,-0.026709563782044914,-0.16611908753592114,0.045744473359461135,0.20745671519721184,0.043115820653899406,0.016321978135590724,0.29768150574418717,0,1,0,8.007089468481054,8.007089468481054,7.612854392545948,3.4825979537377583
right,14.48,0.0,-0.30000000000000004,0.0,-0.012120998800422104,-0.16208739365012204,0.0698367701700201,0.07614252600854873,0.047845313315293715,0.025668383402624863,0.29871565631616837,0,0,0,8.534704955676967,8.534704955676967,7.6776015666599235,2.9654584429860473
right,14.5,0.0,-0.30000000000000004,0.0,-0.018739066343824197,-0.16708551923845746,0.08770614707378013,0.035401493167388436,0.04525680855247456,0.0352054317969811,0.3001554197925438,0,0,0,7.460188598433639,7.460188598433639,7.7602883570609755,5.1705098962748695
right,14.52,0.0,-0.30000000000000004,0.0,-0.02886326184760809,-0.18785661166040094,0.06781419163828238,0.004999239347701866,0.03942035167256587,0.04293587794519729,0.30152411279588837,0,0,0,7.2844517290696364,7.2844517290696364,7.870683020961174,5.965921311594195
right,14.540000000000001,0.0,-0.30000000000000004,0.0,-0.03772352835121958,-0.21609181132148972,0.03406048140329029,-0.07143839160368415,0.030658067580563282,0.04794629090294939,0.3023546327475577,0,0,0,7.00980062958506,7.00980062958506,7.899211171461815,5.779706455927301
right,14.56,0.0,-0.30000000000000004,0.0,-0.03878662927926291,-0.24206329262386045,0.0014863732816868677,-0.17775369538267352,0.018866176139710592,0.048955795637341044,0.30255750291769595,0,0,0,7.6499254573408235,7.6499254573408235,7.883959102325047,3.9551855312295405
right,14.58,0.0,-0.30000000000000004,0.0,-0.032337641662172116,-0.2598250730529591,-0.02180702348044947,-0.3258093095529554,0.0045522875596111494,0.04797179252374456,0.3022890340900566,0,0,0,8.67268105704442,8.67268105704442,7.869502363273568,2.714584864325321
right,14.6,0.0,-0.30000000000000004,0.0,-0.020273882987250965,-0.27121137942845197,-0.049451194793563816,-0.4593756234970454,-0.00846744692262381,0.04688806029889435,0.3016034157418803,0,0,0,8.956123659120104,8.956123659120104,7.8557976943827725,2.63561261501979
right,14.620000000000001,0.0,-0.30000000000000004,0.0,-0.005992634481813845,-0.288957461025512,-0.05079646378224014,-0.5380925805240695,-0.0043495565741096575,0.05080232017127612,0.30072205677116154,0,0,0,8.023164313569522,8.023164313569522,7.842804367880564,2.7682639229973818
right,14.64,0.0,-0.30000000000000004,0.0,-0.011504701380107823,-0.269830564570326,-0.01607050808439006,-0.3682046009676628,0.004589380825293376,0.055126381800150094,0.3000160280580884,0,1,0,7.766974116602762,7.766974116602762,7.830484022063125,2.6219816823663513
right,14.66,0.0,-0.30000000000000004,0.0,-0.01831193727623941,-0.22251420862938556,0.017346654642755657,-0.08529576411278732,0.012563823268840531,0.054393078829152376,0.3000445100285124,0,0,0,9.445692359902665,9.445692359902665,7.818800507855521,2.771898798055368
right,14.68,0.0,-0.30000000000000004,0.0,-0.027995756126236757,-0.17490826791745173,0.04954467750915838,0.04493249469134057,0.01839446180142824,0.04879578614232589,0.3006244682390136,0,0,0,10.234157306672014,10.234157306672014,7.807719746887432,7.483260166290121
right,14.700000000000001,0.0,-0.30000000000000004,0.0,-0.03769482184193107,-0.14708813342132165,0.046732802570488355,-0.026338973950520275,0.022464660487849952,0.038930324735035535,0.3015117569590099,0,0,0,8.14281575537541,8.14281575537541,7.797209600070868,9.471931658817674
right,14.72,0.0,-0.30000000000000004,0.0,-0.04999265780847889,-0.14460182063261895,0.02159150376458655,-0.10293126705890987,0.019685231795020783,0.027890455887975514,0.30207516208008145,0,0,0,7.529151608682401,7.529151608682401,7.787239745769842,8.707100753125639
right,14.74,0.0,-0.30000000000000004,0.0,-0.05543100734790364,-0.15017904647235794,0.0015746824800118469,-0.0983327208118112,0.007526893939236613,0.01974477126989264,0.30224385337410703,0,0,0,8.375958394351684,8.375958394351684,7.777781566743251,7.103670858104639
right,14.76,0.0,-0.30000000000000004,0.0,-0.052927676772242874,-0.1544024810088062,-0.017503318167256598,-0.05388287823280368,-0.006009307473915563,0.015561812674831633,0.3020847177513239,0,0,0,8.568181811619324,8.568181811619324,7.749308471615201,4.99393651000005
right,14.780000000000001,0.0,-0.30000000000000004,0.0,-0.047940155170221085,-0.15560736324360772,-0.03715747150537156,0.06463405900064209,-0.015245842272173437,0.013632843822022513,0.3015738849793418,0,0,0,8.356144699398238,8.356144699398238,7.706184583940164,4.5794050132251005
right,14.8,0.0,-0.30000000000000004,0.0,-0.037402408496346705,-0.1595229449795776,-0.04911230196917954,0.21821220942582437,-0.008874296683306327,0.01048056193647304,0.30080203017717344,0,0,0,7.768407302871265,7.768407302871265,7.665207742938783,3.9483028424257793
right,14.82,0.0,-0.30000000000000004,0.0,-0.023017454622522582,-0.1780901364040788,-0.07564048550164147,0.381660137777472,0.008677433018445977,0.005890802343172331,0.2995662687398646,0,0,0,7.2733792618179285,7.2733792618179285,7.647099095466544,5.42027457931397
right,14.84,0.0,-0.30000000000000004,0.0,-0.0004614198246493709,-0.18100135855546093,-0.04447532783591469,0.32168342011715545,0.024170854048329322,0.005923420889458817,0.29816856686979226,0,1,0,6.024705676090545,6.024705676090545,7.648841561967263,6.105877371263495
right,14.86,0.0,-0.30000000000000004,0.0,0.024378618633219773,-0.17114511462554133,0.00981805924320871,0.1421754324748948,0.03191365955431526,0.01582683545342021,0.29779936808989554,0,1,0,7.407112678766121,7.407112678766121,7.6942415857015085,1.6944748351565238
right,14.88,0.0,-0.30000000000000004,0.0,0.03771663419183778,-0.16671796203246278,0.06811840308987308,-0.06538833760139029,0.038540914439806215,0.02574079501101366,0.29844494703901614,0,0,0,8.62012531492525,8.62012531492525,7.74777203895113,4.6523475308511095
right,14.9,0.0,-0.30000000000000004,0.0,0.0366405903679776,-0.17257771082694506,0.09781772595479973,-0.11031348713848935,0.03836210689817748,0.03436774599074959,0.2999607475793297,0,0,0,8.002043019328537,8.002043019328537,7.855135483471177,8.13829557766154
right,14.92,0.0,-0.30000000000000004,0.0,0.022639398096841443,-0.18506381659904175,0.09291912603562834,-0.08002371511393913,0.03406549548569915,0.040755229004118924,0.30170270839104324,0,0,0,7.119520788957426,7.119520788957426,7.868688809165782,8.3069243080961
right,14.94,0.0,-0.30000000000000004,0.0,0.004149324531009956,-0.2077823734601765,0.06715772974131183,-0.049707799115904894,0.02825521449276656,0.04513595169013811,0.3030960792736155,0,0,0,6.543685273377223,6.543685273377223,7.855026411445326,6.777129518886095
right,14.96,0.0,-0.30000000000000004,0.0,-0.013807511731718932,-0.22902779929989095,0.043797939091377615,-0.02454881368129314,0.021474401364862682,0.04651484807254533,0.30403068023149826,0,0,0,6.953251165310381,6.953251165310381,7.842073072125533,4.491269743507951
right,14.98,0.0,-0.30000000000000004,0.0,-0.030410380186510537,-0.2410875179662672,0.028674831453600214,-0.03534530981665341,0.013773529693095563,0.04619475732309734,0.3046572349144736,0,0,0,7.589267031796073,7.589267031796073,7.829790561673978,2.6025069731861796
right,15.0,0.0,-0.30000000000000004,0.0,-0.04730034479750245,-0.24713414491767416,0.010063362326063169,-0.08141037138494615,0.006996535594861228,0.04532551247339926,0.305007453272118,0,0,0,7.571857072772441,7.571857072772441,7.81814285466649,2.7547214786959926
turn_left,15.02,0.0,0.0,0.44999999999999996,-0.06332722003036428,-0.24990830553300444,-0.026957592372339703,-0.18853570655615037,0.0032367606546750615,0.044525352229755774,0.30483324482883223,0,1,0,6.93517125093051,6.93517125093051,7.8070959884974584,2.9996975711241545
turn_left,15.040000000000001,0.0,0.0,0.44999999999999996,-0.09104687184334835,-0.22756882735601883,-0.006811693049991138,-0.13143549789922707,0.005577931544098539,0.04467143990162823,0.3046062957631898,0,1,0,6.21724363752203,6.21724363752203,7.7966179325367975,1.4032156414880754
turn_left,15.06,0.0,0.0,0.44999999999999996,-0.10357880404990193,-0.19040894175399464,-0.019050924859456073,0.0003769517945452078,0.007388553560963787,0.04379657317002698,0.3044248209887226,0,0,0,8.256412691249107,8.256412691249107,7.786678466829052,3.5571737376085406
turn_left,15.08,0.0,0.0,0.44999999999999996,-0.10497527022602628,-0.1536582710299709,-0.04178588763660151,0.09916486966958847,0.010315734968547468,0.039432930633986576,0.30379175267711445,0,0,0,9.765290097047778,9.765290097047778,7.777249069520881,4.408280690602117
turn_left,15.1,0.0,0.0,0.44999999999999996,-0.11087456923847396,-0.1353257247861893,-0.04840658834304523,0.12255953881043648,0.012159061221560657,0.030763517602670366,0.302903738082995,0,0,0,8.683627204768348,8.683627204768348,7.768302812283338,5.6097802643403405
turn_left,15.120000000000001,0.0,0.0,0.44999999999999996,-0.1176393947476392,-0.1373916092530816,-0.05003068853473016,0.22414466195155694,0.008837395215956988,0.01973165542048416,0.30183037497275095,0,0,0,9.29389011155044,9.29389011155044,7.759814263066922,5.942386676791571
turn_left,15.14,0.0,0.0,0.44999999999999996,-0.11958635561072192,-0.14312715866586287,-0.04898668913778615,0.3030449945951615,0.003704775787940191,0.00916356131599236,0.3008113383258845,0,0,0,10.035333328566914,10.035333328566914,7.711971632399862,5.228308182187673
turn_left,15.16,0.0,0.0,0.44999999999999996,-0.12166161044515517,-0.14483217984006125,-0.05097064157970631,0.3556296180281699,0.002057515419071675,-0.0008286773755282865,0.29979316768191105,0,0,0,10.091758941611142,10.091758941611142,7.6161609554137755,3.232842110119294
turn_left,15.18,0.0,0.0,0.44999999999999996,-0.13062419141228918,-0.14191070173420153,-0.052145328669527424,0.3890588511795002,0.0060771076669827884,-0.010868163819571697,0.2987324814122669,0,0,0,9.859381107420853,9.859381107420853,7.506633369592279,2.4763188976439308
turn_left,15.200000000000001,0.0,0.0,0.44999999999999996,-0.147494610252118,-0.13474210290461902,-0.054939351251595034,0.43115165068215955,0.017066303944654988,-0.02194691850657827,0.29758589281988485,0,0,0,9.546283958996643,9.546283958996643,7.407109258940647,3.09386370418048
turn_left,15.22,0.0,0.0,0.44999999999999996,-0.16221060720385624,-0.09331988893072216,-0.005593224900643661,0.28255061927431363,0.024689060516795865,-0.029182876535429503,0.29680098088057794,0,0,0,8.544420761737056,8.544420761737056,7.322246715308175,3.533426931736935
turn_left,15.24,0.0,0.0,0.44999999999999996,-0.16244199261393594,-0.04282884063440877,0.06085108539312464,0.15131803138515743,0.028747733870629892,-0.029895253619888856,0.2972929887695205,0,1,0,7.064201382586459,7.064201382586459,7.2594344216918,1.2428943924433413
turn_left,15.26,0.0,0.0,0.44999999999999996,-0.1530776303868546,-0.00016489902319423823,0.12156850069799346,0.14075966900397974,0.03208607495084632,-0.03265391842396651,0.299110658656328,0,1,0,8.36874234845461,8.36874234845461,7.267735649975542,1.5386521875725587
turn_left,15.280000000000001,0.0,0.0,0.44999999999999996,-0.13999003991013304,0.021390650669691046,0.13958105391058326,0.2460081496005262,0.03241353005612984,-0.036010740351188925,0.3017373957644886,0,1,0,7.198396458392601,7.198396458392601,7.317072052497654,1.8637794752686627
turn_left,15.3,0.0,0.0,0.44999999999999996,-0.12162260933874287,0.018916194930757396,0.1089782878967259,0.40165520937013843,0.02831781910027938,-0.03797348966806488,0.3041464059651589,0,0,0,6.747009386555555,6.747009386555555,7.399547871981554,2.391594454520847
turn_left,15.32,0.0,0.0,0.44999999999999996,-0.10995158223176567,0.017766044804572157,0.06453809576280888,0.5128695561035314,0.01976125701676208,-0.03898770331102488,0.3057195665376483,0,0,0,7.041187834685502,7.041187834685502,7.487780949372848,4.347383468194554
turn_left,15.34,0.0,0.0,0.44999999999999996,-0.11254107673948653,0.019725316192653285,0.040527793199841324,0.5728693359628134,0.010696746032701064,-0.03915391180571868,0.30654809853867204,0,0,0,7.507218732239003,7.507218732239003,7.544905501801345,7.360142575081603
turn_left,15.36,0.0,0.0,0.44999999999999996,-0.11929807124572227,0.0272104859181521,0.02578350365843176,0.5392659365965006,0.0026193466814512225,-0.0367197792459699,0.30700868476704607,0,0,0,7.602222168715133,7.602222168715133,7.643220451114775,8.20932294625361
turn_left,15.38,0.0,0.0,0.44999999999999996,-0.1312913474961524,0.03176232206571961,0.019593361634161168,0.5304377586476758,-0.0034592147799126106,-0.03139957267415738,0.3073039737283564,0,0,0,7.4108293086420485,7.4108293086420485,7.7295340051772,7.717457104304735
turn_left,15.4,0.0,0.0,0.44999999999999996,-0.1418400713220591,0.032710607086030165,0.013285168635528392,0.52128455353444,-0.006151957984547431,-0.025649783832025253,0.30750873427273123,0,0,0,7.645305519730115,7.645305519730115,7.8773612670765445,5.657525876829272
turn_left,15.42,0.0,0.0,0.44999999999999996,-0.14756264902081484,0.03300237382137255,0.0030815968731774126,0.5299003961875851,-0.006178731266632079,-0.0222420801385012,0.3075710238360105,0,0,0,7.852363571748254,7.852363571748254,7.982711006106964,2.9129548926681235
turn_left,15.44,0.0,0.0,0.44999999999999996,-0.1470190637371745,0.036422591088605516,-0.00900828471832731,0.542556633632422,-0.006578662771954954,-0.022193212802045146,0.30743947609030015,0,0,0,8.673876682060932,8.673876682060932,8.010826498246463,1.5231181223300951
turn_left,15.46,0.0,0.0,0.44999999999999996,-0.1441140973833076,0.04376609751440958,-0.00964939843884521,0.5449221241187227,-0.009818403984489238,-0.02439954905810839,0.3071583764102623,0,0,0,9.439548516592284,9.439548516592284,8.0041137196581,2.661846995190195
turn_left,15.48,0.0,0.0,0.44999999999999996,-0.12453537539299361,0.04988492493748682,0.005433309151262688,0.4270234950171272,-0.006907638927043539,-0.02526696382059342,0.30710061665479843,0,0,0,9.50422843526938,9.50422843526938,7.983338768984904,3.277366189708097
turn_left,15.5,0.0,0.0,0.44999999999999996,-0.09647273710064523,0.04914672631142607,0.01683385466740142,0.354189045125879,-0.003120295618180335,-0.02492008802318158,0.30729792084877994,0,0,0,9.152291184158232,9.152291184158232,7.9636648975485755,3.540207677829561
turn_left,15.52,0.0,0.0,0.44999999999999996,-0.06328815490249769,0.03840369509038768,0.02609531917958504,0.3143116655749145,0.0017388864913747964,-0.023474753766378757,0.3077338459010172,0,1,0,8.5490319978682,8.5490319978682,7.9450304057229175,3.79955899389892
turn_left,15.540000000000001,0.0,0.0,0.44999999999999996,-0.03431462452079875,0.03422339634643371,0.06148125006531308,0.3102786289455809,0.0009196896320742696,-0.023884063781232555,0.30868245343421674,0,1,0,7.905501371918035,7.905501371918035,7.927377390197702,1.1335189905587815
turn_left,15.56,0.0,0.0,0.44999999999999996,0.0015848088351590453,0.033528934434853386,0.06386347981635841,0.3499013145272524,-0.0030460693647343007,-0.026202198505830446,0.30997970199559655,0,1,0,6.494067629554461,6.494067629554461,7.910651476214294,1.075848841691112
turn_left,15.58,0.0,0.0,0.44999999999999996,0.03339018930586365,0.03293122794583906,0.034605912843794294,0.3853925331986828,-0.007170196795250912,-0.027375726810621184,0.3109500278058423,0,1,0,6.5212999169486,6.5212999169486,7.894801572073018,3.2158585307983567
turn_left,15.6,0.0,0.0,0.44999999999999996,0.048368263183019546,0.02924937207756496,-0.0027274481413916223,0.3497341465736645,-0.009371427405441128,-0.02823037548009305,0.31123780599918105,0,0,0,6.8230862222422495,6.8230862222422495,7.879779643731073,1.8509051111846389
turn_left,15.620000000000001,0.0,0.0,0.44999999999999996,0.04363627643424844,0.029200843030185063,-0.043419937262685546,0.3389746340193444,-0.00803397360917961,-0.028168064421583337,0.3106772188361573,0,0,0,7.286733646512013,7.286733646512013,7.865540507555767,4.907660824174852
turn_left,15.64,0.0,0.0,0.44999999999999996,0.022924862588776407,0.030006369844625683,-0.07195335207463505,0.32100105974389564,-0.0037343744688143814,-0.028782276376049243,0.3093867074381332,0,0,0,8.07357792081027,8.07357792081027,7.852041639512418,6.976089451642634
turn_left,15.66,0.0,0.0,0.44999999999999996,0.0015183590340295192,0.030654749053582578,-0.08175820681298897,0.310564389684487,-2.0212223673564302e-05,-0.031315917459473604,0.3077349107760271,0,0,0,8.931406807780599,8.931406807780599,7.839242999254466,6.734026531799989
turn_left,15.68,0.0,0.0,0.44999999999999996,-0.017127139707520153,0.029335244321093256,-0.07633473322721361,0.32959041051560223,0.0012850023190990355,-0.03507904751169622,0.306087160154132,0,0,0,9.63117064882485,9.63117064882485,7.795528895091877,5.672212254308346
turn_left,15.700000000000001,0.0,0.0,0.44999999999999996,-0.03252722971415513,0.025531476192291687,-0.06456519212609761,0.36740791154332336,0.0006929449238950787,-0.03863118130013667,0.30467449810438646,0,0,0,9.92627692704482,9.92627692704482,7.714194166248852,4.652295664529548
turn_left,15.72,0.0,0.0,0.44999999999999996,-0.045251339950095,0.019609074471691183,-0.055166563396897246,0.39995096956684517,-0.0006645346107537353,-0.04126852463258005,0.3034997324683889,0,0,0,9.794522204676044,9.794522204676044,7.609774816504395,2.920343001841989
turn_left,15.74,0.0,0.0,0.44999999999999996,-0.05631716920188258,0.013670269949743779,-0.05630065836936645,0.4381867050843032,-0.001580402272214708,-0.04371643418404091,0.3024169680289546,0,0,0,9.591465203053609,9.591465203053609,7.507385580665183,3.9679900854467367
turn_left,15.76,0.0,0.0,0.44999999999999996,-0.05630558007741036,0.031454327495487586,-0.021085535658147688,0.3562157848917189,-0.010571674106997084,-0.04192598897076319,0.30168898383949777,0,0,0,8.875168594666329,8.875168594666329,7.416926955635329,2.3656663362988173
turn_left,15.780000000000001,0.0,0.0,0.44999999999999996,-0.04465857608665042,0.059357118458289525,-0.0069995097138548885,0.337527224466567,-0.027164719125507403,-0.036115770357084055,0.30139867746324195,0,0,0,8.216372047327786,8.216372047327786,7.351301228565674,2.5687823460329264
turn_left,15.8,0.0,0.0,0.44999999999999996,-0.029196458532168696,0.09565527761125721,0.003724241014222213,0.36904998041641585,-0.04862900445192559,-0.02812515889098191,0.30131379183722856,0,0,0,7.656938128063352,7.656938128063352,7.321248478820905,3.213354747470777
turn_left,15.82,0.0,0.0,0.44999999999999996,-0.023448297922441557,0.10361773663224065,0.05169923874295021,0.40604945091445765,-0.055960488926477564,-0.02286296603228484,0.3016810409123497,0,1,0,6.87476205202707,6.87476205202707,7.314307566997293,1.743884891733237
turn_left,15.84,0.0,0.0,0.44999999999999996,-0.020417916032903202,0.08337765668865875,0.09641559797169735,0.4577326855577268,-0.05192930966394566,-0.023886632690194944,0.3031534413729535,0,1,0,6.14869976676307,6.14869976676307,7.336398121245704,1.3249451632683644
turn_left,15.860000000000001,0.0,0.0,0.44999999999999996,-0.019330303786792947,0.05016886405432169,0.12550004421643465,0.48238277448032435,-0.04494831470692842,-0.025617492665999574,0.3053025476430646,0,0,0,7.135104976534491,7.135104976534491,7.382055521437646,4.852027280561003
turn_left,15.88,0.0,0.0,0.44999999999999996,-0.022638450613997853,0.033017909930136015,0.1316453684389128,0.48954576643610276,-0.036526152137451445,-0.027918436761614922,0.30777757730245553,0,0,0,9.2661385428518,9.2661385428518,7.462548388840965,9.749356175125152
turn_left,15.9,0.0,0.0,0.44999999999999996,-0.029655348756813343,0.033633045232566855,0.1132234221058587,0.46382556291020854,-0.028756110998816798,-0.029510322221960095,0.310026151528647,0,0,0,11.539694702635204,11.539694702635204,7.557981510133537,12.828114209829467
turn_left,15.92,0.0,0.0,0.44999999999999996,-0.04825813253669059,0.03196921867606249,0.0959303603145262,0.5013421465655483,-0.024034502079784373,-0.027758059453245797,0.31192481558631235,0,0,0,9.08253928659877,9.08253928659877,7.613336483877745,13.066885687068188
turn_left,15.94,0.0,0.0,0.44999999999999996,-0.07022847157959496,0.02358027643546816,0.08313869095259988,0.5446666692415932,-0.020340471140425035,-0.023984804913417226,0.3135831655967489,0,0,0,6.787601811827809,6.787601811827809,7.709600372377121,10.173000220151478
turn_left,15.96,0.0,0.0,0.44999999999999996,-0.08767442867210179,0.012448977711339633,0.06908113570922798,0.5865827113617867,-0.01571564099971801,-0.022088425356257255,0.31502577474298327,0,0,0,6.920902152568662,6.920902152568662,7.854716003302823,6.395589846906091
turn_left,15.98,0.0,0.0,0.44999999999999996,-0.09719233479884973,0.006034234004483384,0.05519771564773645,0.6112489805039234,-0.013035223490014411,-0.02387827444488605,0.316207675598892,0,0,0,7.32349667253205,7.32349667253205,7.966149184545518,3.979180647056758
turn_left,16.0,0.0,0.0,0.44999999999999996,-0.10203428487871204,0.00702378711640725,0.045548712261236,0.6065763542627058,-0.015368671198328554,-0.027833616019518212,0.3171762514166604,0,0,0,8.076695764613877,8.076695764613877,8.000071971239798,2.837587645215263
turn_left,16.02,0.0,0.0,0.44999999999999996,-0.1043833035035092,0.014304859157732403,0.0387677472768101,0.5664570831632516,-0.022583702030504423,-0.03225779441097819,0.31797948814225613,0,0,0,8.493911458117838,8.493911458117838,7.979511518923921,3.960589912632228
turn_left,16.04,0.0,0.0,0.44999999999999996,-0.10214190701518495,0.01965991757352346,0.048419888332186536,0.5228160440554965,-0.029011542443933308,-0.03541500242382928,0.31871639712739214,0,0,0,8.426389609674985,8.426389609674985,7.937827442810921,4.559260071922237
turn_left,16.06,0.0,0.0,0.44999999999999996,-0.08590056064832023,0.020556820220678014,0.04646442043282956,0.42881899117933564,-0.025389540607050856,-0.03487192027974554,0.3196296119910764,0,0,0,8.114222548189314,8.114222548189314,7.89078760438052,2.678656831959004
turn_left,16.080000000000002,0.0,0.0,0.44999999999999996,-0.06060527861364073,0.01693957429029177,0.023427407107412906,0.39516292711158496,-0.019872039666874144,-0.03126618569162743,0.3202696997601672,0,0,0,7.3301738693367895,7.3301738693367895,7.86125751270664,2.910417035555416
turn_left,16.1,0.0,0.0,0.44999999999999996,-0.03175175102870799,0.007433089747043296,-0.02690655985545826,0.39878471645857044,-0.01390580168885439,-0.025231338886926902,0.3202077429791246,0,0,0,6.012651583718785,6.012651583718785,7.860338611045528,2.911714176619352
turn_left,16.12,0.0,0.0,0.44999999999999996,-0.006049442759712852,-0.005485422984387971,-0.09797051048198543,0.38882349787421727,-0.007539785406257045,-0.01796329357035105,0.318884908645117,0,0,0,5.361300374277978,5.361300374277978,7.909456247875834,3.4978035343975318
turn_left,16.14,0.0,0.0,0.44999999999999996,-4.111565461467799e-07,-0.008949140280276541,-0.11323538290469015,0.36224076321061877,-0.00609602017939733,-0.012558805418950622,0.3165611711412769,0,1,0,6.883617930597621,6.883617930597621,7.936088789618456,3.7862905380298857
turn_left,16.16,0.0,0.0,0.44999999999999996,-0.0013776916712084817,-0.0015530496076631795,-0.1044029400679597,0.3372043959718385,-0.009558227765067168,-0.012565352553416526,0.31441119613685004,0,0,0,8.292659712814169,8.292659712814169,7.9189056957919135,2.609450608066848
turn_left,16.18,0.0,0.0,0.44999999999999996,-0.00920561390623927,0.008521935263426563,-0.10030495745061659,0.3272047772596991,-0.007599910679578171,-0.014178472233022045,0.3123045492805253,0,0,0,9.265754464923358,9.265754464923358,7.9026237736696885,5.010425513660688
turn_left,16.2,0.0,0.0,0.44999999999999996,-0.02907481953445786,0.01225461878108299,-0.07550200056337375,0.37293207607843526,-0.003681476680999176,-0.01878783888864648,0.3105054771998492,0,0,0,9.958422925623577,9.958422925623577,7.844552767647354,5.111360490611674
turn_left,16.22,0.0,0.0,0.44999999999999996,-0.04930659519758243,0.014150416721517007,-0.04494091087611948,0.4296618243430774,-0.0007314530784548587,-0.024212152997274507,0.3093057753961221,0,0,0,9.937647000974216,9.937647000974216,7.743642002597067,3.0052197822905566
turn_left,16.240000000000002,0.0,0.0,0.44999999999999996,-0.06739232356307566,0.01450210256894218,-0.02344926751548057,0.46690542133587193,0.0006246024210185241,-0.029346582318952746,0.30863091268606296,0,0,0,9.643690566619005,9.643690566619005,7.636942122851622,2.3171592020496816
turn_left,16.26,0.0,0.0,0.44999999999999996,-0.08063010722944733,0.013691764030562973,-0.018565862804080135,0.4792553957976456,0.00058982289968239,-0.03375664717868261,0.30821911517019,0,0,0,9.270321770370781,9.270321770370781,7.543461792232161,2.0371807934669874
turn_left,16.28,0.0,0.0,0.44999999999999996,-0.09114285408073845,0.012029397802809833,-0.024850080387370486,0.47846283561292446,2.706098061201855e-05,-0.03791232869709603,0.30776935805608996,0,0,0,9.002742410675951,9.002742410675951,7.468634888455298,2.6265309107071695
turn_left,16.3,0.0,0.0,0.44999999999999996,-0.10073476750223272,0.010589999089029956,-0.03898616232943128,0.48339006227398773,0.00031133615351810725,-0.0420964249227899,0.30709763708757987,0,0,0,8.890608754287955,8.890608754287955,7.407528314655625,3.9521657526470233
turn_left,16.32,0.0,0.0,0.44999999999999996,-0.11066835174523068,0.007168149027172932,-0.05840469614791376,0.506554048356056,0.001273567868410296,-0.04642362079833595,0.3060826036414156,0,0,0,9.080678625668668,9.080678625668668,7.353872266251837,4.986029797185187
turn_left,16.34,0.0,0.0,0.44999999999999996,-0.10856837745551803,0.03729168293421202,-0.01689775465530385,0.4011329086902152,-0.008979673134333595,-0.04413981549880494,0.3053545863226223,0,0,0,8.394127072417115,8.394127072417115,7.294822667682375,3.198183208858306
turn_left,16.36,0.0,0.0,0.44999999999999996,-0.09564895766349771,0.057109353316720894,0.028884945928506756,0.31653273209054744,-0.019891603651104574,-0.03829193838190619,0.3052981224291742,0,1,0,7.549327365579626,7.549327365579626,7.249575060713738,3.5934702094547273
turn_left,16.38,0.0,0.0,0.44999999999999996,-0.07538291119183103,0.059472599824112286,0.08630033499603837,0.22323228599805292,-0.021213238340446142,-0.03641137882594643,0.30648056662603484,0,1,0,7.659350825587534,7.659350825587534,7.242518460257976,0.941541486920672
turn_left,16.4,0.0,0.0,0.44999999999999996,-0.057630941337414185,0.04475921384006536,0.09551303988355085,0.25976785621991266,-0.019147093451223358,-0.0344932187718786,0.30831933849684817,0,1,0,6.394989785086043,6.394989785086043,7.275135583678864,1.020945043189597
turn_left,16.42,0.0,0.0,0.44999999999999996,-0.05016746557728235,0.028170873424235698,0.08450445055223105,0.3222764127347348,-0.013302106614828392,-0.03283793085654443,0.3100432312424864,0,0,0,6.355406944647127,6.355406944647127,7.354501211057883,4.550590685389054
turn_left,16.44,0.0,0.0,0.44999999999999996,-0.05066448527646176,0.022843054964600457,0.06628867852966723,0.3402807019612013,-0.005417209397775714,-0.03183439965658918,0.31137487833616423,0,0,0,7.108223575739309,7.108223575739309,7.441456840250758,8.472868180609591
turn_left,16.46,0.0,0.0,0.44999999999999996,-0.06251705771957124,0.019356705162106535,0.058810100366771596,0.3410379049211426,0.0007946744637539002,-0.028444617182970432,0.3124560337513068,0,0,0,6.541876069071963,6.541876069071963,7.484444484697487,9.052133072124649
turn_left,16.48,0.0,0.0,0.44999999999999996,-0.08179094255433281,0.009579324345415717,0.06009806988493244,0.35441014687237543,0.0031121934266727016,-0.022499704647598852,0.3135469925043859,0,0,0,6.7147597028707,6.7147597028707,7.58496868579541,8.213216524206919
turn_left,16.5,0.0,0.0,0.44999999999999996,-0.10145965962627707,-0.003047690816013375,0.058032545437939925,0.38323321556248224,0.004987608052219477,-0.01678428296294517,0.31466576941692215,0,0,0,6.728498576664548,6.728498576664548,7.733547768691924,6.022900385499468
turn_left,16.52,0.0,0.0,0.44999999999999996,-0.1152515102009171,-0.012887868309466104,0.04184871938744722,0.4332823714380379,0.008608544727657935,-0.013285807414581763,0.31561943641127427,0,0,0,6.496203748123914,6.496203748123914,7.853198338914858,3.347885230570769
turn_left,16.54,0.0,0.0,0.44999999999999996,-0.11860199922814442,-0.01574243021130716,0.019329338067546113,0.4658168785724633,0.012902596022299899,-0.012455664591341505,0.3161793924158715,0,0,0,7.455303722448052,7.455303722448052,7.8909696872412525,1.625526595189184
turn_left,16.56,0.0,0.0,0.44999999999999996,-0.11222646804488011,-0.013577346733853484,-0.005949641885276527,0.4774369846270829,0.01619344758696767,-0.013951583921655407,0.31628494706496235,0,0,0,8.465759817529873,8.465759817529873,7.888205376582892,3.3448235083182603
turn_left,16.580000000000002,0.0,0.0,0.44999999999999996,-0.1008653091268557,-0.005885005968663095,-0.025828921763128194,0.45407339841152755,0.015489306509451078,-0.01694729793005269,0.3159446269167061,0,0,0,9.282006584672619,9.282006584672619,7.878905751866064,4.471222629118692
turn_left,16.6,0.0,0.0,0.44999999999999996,-0.08993192212279427,0.004503323415884473,-0.03422623605682287,0.397134973474918,0.010384005283126828,-0.020505705484597268,0.315359426692735,0,0,0,9.802644880587946,9.802644880587946,7.864712096370898,5.620044420541429
turn_left,16.62,0.0,0.0,0.44999999999999996,-0.07027188002804291,-0.00011101617392254525,0.0031989999575616954,0.3944686581453777,0.010749347093414803,-0.019631504513500955,0.31514533270816264,0,0,0,9.377508911436191,9.377508911436191,7.825423035708003,3.2479508091681497
turn_left,16.64,0.0,0.0,0.44999999999999996,-0.04843173184031244,-0.0077991198003495585,0.018789426454358507,0.42060083113973823,0.015574717474922093,-0.015123592331710652,0.3153326685554772,0,1,0,8.52305314678857,8.52305314678857,7.733056772558044,4.005449125756019
turn_left,16.66,0.0,0.0,0.44999999999999996,-0.03048451865165717,-0.007783654001478949,0.0448055898010742,0.49842932728679334,0.013654536746669683,-0.012264706066378422,0.3160403083636918,0,1,0,6.720700741654955,6.720700741654955,7.680012954311504,1.0152283982280275
turn_left,16.68,0.0,0.0,0.44999999999999996,-0.008976192452379976,-0.0014591290774214124,0.023104773030725327,0.5666594728553184,0.01083770952524704,-0.011630669686350372,0.31675416777325266,0,1,0,6.0223065454954465,6.0223065454954465,7.698335782100855,0.8027988973227806
turn_left,16.7,0.0,0.0,0.44999999999999996,0.00728094357429593,0.009863012131690786,-0.02016955596149538,0.5289316265983226,0.006999012887462158,-0.012888520960117722,0.31670098280473585,0,0,0,6.5317722488104355,6.5317722488104355,7.777530406763006,2.9479744806881283
turn_left,16.72,0.0,0.0,0.44999999999999996,0.013998972551192859,0.017678852442599875,-0.05546319107709197,0.41310605678838946,0.006409455885425073,-0.014510960636623141,0.3158050836416314,0,0,0,7.2920096839816635,7.2920096839816635,7.794471276665433,6.403664792971889
turn_left,16.740000000000002,0.0,0.0,0.44999999999999996,0.00866918659368911,0.016266166306270646,-0.08304002153666735,0.33398369497445013,0.010690099804012337,-0.017852262154051873,0.31425553801115635,0,0,0,8.495547118662364,8.495547118662364,7.80605262429598,6.757672294598701
turn_left,16.76,0.0,0.0,0.44999999999999996,-0.004043650463728655,0.01062628644549316,-0.08455695727910631,0.32098697257453374,0.01429632701807945,-0.021240303821170238,0.31245434756819485,0,0,0,9.127933435169664,9.127933435169664,7.820955811998978,5.616134613013186
turn_left,16.78,0.0,0.0,0.44999999999999996,-0.017252478334417735,0.005502061074580347,-0.07068243753907702,0.3348360092584494,0.016461645551653612,-0.02380261839311162,0.31084176260405394,0,0,0,9.343531572304647,9.343531572304647,7.7653642561183425,4.716160665789001
turn_left,16.8,0.0,0.0,0.44999999999999996,-0.029928833045937304,0.0013851394580579118,-0.0525413488705126,0.35851839490872606,0.016998540727204945,-0.025981704398096106,0.30959623053868585,0,0,0,9.189457102109802,9.189457102109802,7.695031363638289,3.815168931710723
turn_left,16.82,0.0,0.0,0.44999999999999996,-0.04163207624919811,-0.0017352540496259402,-0.04002284747330803,0.39144983854253107,0.01636401117628869,-0.02818108133703081,0.30868357234643146,0,0,0,8.84075152959561,8.84075152959561,7.627244463025175,1.9906470972692762
turn_left,16.84,0.0,0.0,0.44999999999999996,-0.05389711953121303,-0.004550980032645447,-0.03590176669385021,0.42314354263777143,0.015296479594026269,-0.030538865540818052,0.30792024947419905,0,0,0,8.587872323827925,8.587872323827925,7.5733386434576,2.4916326077397137
turn_left,16.86,0.0,0.0,0.44999999999999996,-0.06731563932089564,-0.006426585543601752,-0.04019845227183505,0.46142476971309654,0.014290425174307989,-0.033275451752977823,0.3071478790400973,0,0,0,8.453940786956222,8.453940786956222,7.532842175405143,2.8111083567871247
turn_left,16.88,0.0,0.0,0.44999999999999996,-0.08307958720707828,-0.007588145801247708,-0.047939872209545445,0.5123403497528907,0.014059817896943395,-0.03625603593659713,0.30624529272272283,0,0,0,8.444459471275534,8.444459471275534,7.498109428451034,3.446824148213678
turn_left,16.9,0.0,0.0,0.44999999999999996,-0.10046222308230929,-0.003685993306426839,-0.04716430141087001,0.5426723075402373,0.013658968129748268,-0.03888204984504415,0.3051669400701589,0,0,0,8.486204732175505,8.486204732175505,7.464624454935667,3.797269352740048
turn_left,16.92,0.0,0.0,0.44999999999999996,-0.10843099122899708,0.008129734062925047,0.03655716298980939,0.40937477592810145,0.008844302664089181,-0.03594002924008214,0.30500960139796407,0,1,0,7.1526646005545675,7.1526646005545675,7.429516174659334,3.9972102848552993
turn_left,16.94,0.0,0.0,0.44999999999999996,-0.10506239937708071,0.005581396264631966,0.09753302261370925,0.3109169348175541,0.010893298395425237,-0.03426997589463504,0.3064335979976062,0,1,0,6.571494898407983,6.571494898407983,7.429900282193444,1.2670373932037442
turn_left,16.96,0.0,0.0,0.44999999999999996,-0.09497638434318258,-0.005184449923164922,0.11107182982915809,0.23871936996021853,0.01162803022483581,-0.03122982378785892,0.3085318967980243,0,1,0,7.262330254390923,7.262330254390923,7.483764165508006,2.105465318853366
turn_left,16.98,0.0,0.0,0.44999999999999996,-0.09491272163048829,-0.012706592637848225,0.09505533433169822,0.22175965904431336,0.01264769161704434,-0.02905109115113891,0.31051796095634127,0,0,0,6.432423659155138,6.432423659155138,7.544594982643126,5.190086027283011
turn_left,17.0,0.0,0.0,0.44999999999999996,-0.10442115479892274,-0.018530090920491668,0.06953365899694361,0.2794747144125598,0.016987154973077668,-0.02639113131152943,0.311946396089575,0,0,0,7.0588339622599765,7.0588339622599765,7.555607044403711,8.360233191200466
turn_left,17.02,0.0,0.0,0.44999999999999996,-0.11618703848273561,-0.024939813137333292,0.04341023267181708,0.3649324430975178,0.019976977332073143,-0.021696008950025207,0.31279923111544616,0,0,0,6.615881675737874,6.615881675737874,7.660132978856645,8.74096102883287
turn_left,17.04,0.0,0.0,0.44999999999999996,-0.12586052802331552,-0.032238320021663,0.02389980578483596,0.4351099921429723,0.02194003160609235,-0.016809629668359336,0.3132508705743401,0,0,0,7.078595789075814,7.078595789075814,7.783647213537158,7.4396173023743355
turn_left,17.06,0.0,0.0,0.44999999999999996,-0.13130100668515868,-0.03959874116215161,0.010176026090982782,0.500141845366908,0.022511946459043853,-0.013522567115926034,0.31343538930968345,0,0,0,7.627391025293484,7.627391025293484,7.864657534700001,5.312076639245936
turn_left,17.080000000000002,0.0,0.0,0.44999999999999996,-0.13201672919340052,-0.04310367161227224,-0.0008048506812857663,0.5531401317417848,0.022529412743087906,-0.012901486123952132,0.313419544278714,0,0,0,8.467114815197213,8.467114815197213,7.851204515415581,2.800422751095884
turn_left,17.1,0.0,0.0,0.44999999999999996,-0.12534533587059202,-0.03972687692161778,-0.010476813940442977,0.5641456605598592,0.02071355441120888,-0.013949505461146837,0.31322148760192914,0,0,0,9.19624520313948,9.19624520313948,7.826869161786394,1.4849142320393895
turn_left,17.12,0.0,0.0,0.44999999999999996,-0.11306850882817088,-0.031054552153623433,-0.019933827938779188,0.5275290851745451,0.01577452261128913,-0.015537929491910879,0.31285358999133756,0,0,0,9.6274927283548,9.6274927283548,7.766498392809147,1.7146636710457952
turn_left,17.14,0.0,0.0,0.44999999999999996,-0.10174259543415275,-0.020758751205710045,-0.024354888922395363,0.4724804767317273,0.009798047424406488,-0.017405085945149744,0.31239587519463213,0,0,0,9.702032431492734,9.702032431492734,7.680876839609326,2.7397054189084016
turn_left,17.16,0.0,0.0,0.44999999999999996,-0.08614006555172272,-0.015255082357199044,-0.008499770039483162,0.4067741341015711,0.00907813378921005,-0.017588095331574023,0.31203603422290094,0,0,0,9.4491066393965,9.4491066393965,7.588269652799397,2.8365003568374134
turn_left,17.18,0.0,0.0,0.44999999999999996,-0.0606143241594513,-0.016045490936185285,-0.006858912658013919,0.3518191133462288,0.015080852587842144,-0.014613311550875398,0.3118928807774666,0,0,0,8.862465641629807,8.862465641629807,7.499788403308447,3.4005389384477107
turn_left,17.2,0.0,0.0,0.44999999999999996,-0.03854042548489879,-0.020462712094554258,-0.007987501594494939,0.3395907076672496,0.021280203229081654,-0.00918230680631653,0.3116648102927151,0,1,0,8.000910336495654,8.000910336495654,7.4393619146172405,4.11249689118895
turn_left,17.22,0.0,0.0,0.44999999999999996,-0.028849454461609872,-0.00813114852903798,0.018403188515858655,0.3589956540282967,0.01819063266316707,-0.008153923262530748,0.31185771860592476,0,1,0,6.541290383373522,6.541290383373522,7.414732989169803,1.1725394080596085
turn_left,17.240000000000002,0.0,0.0,0.44999999999999996,-0.013735403991557022,0.013212329035950363,0.009354977232380747,0.3521452435002782,0.01423814393448146,-0.009762061837665027,0.3121299416089345,0,0,0,6.190864642815544,6.190864642815544,7.446922377051045,1.0329615634686187
turn_left,17.26,0.0,0.0,0.44999999999999996,-0.007409913752001176,0.029407676374397028,-0.00913964624769137,0.2837225666294583,0.011229414025846563,-0.011648036567755184,0.31206784789584585,0,0,0,7.0284298940040015,7.0284298940040015,7.521442994536393,4.844514324376052
turn_left,17.28,0.0,0.0,0.44999999999999996,-0.011035783283202075,0.034428547909701616,-0.04145785161037053,0.2279675659728415,0.01220092988990157,-0.014547790022582018,0.3114663158268355,0,0,0,7.801396670570704,7.801396670570704,7.575703947982635,6.591423526746471
turn_left,17.3,0.0,0.0,0.44999999999999996,-0.024664991004866847,0.029145067680501537,-0.05980470373474251,0.24786150740566862,0.014472086523101477,-0.019141133443521138,0.3103355308377324,0,0,0,8.790026232025214,8.790026232025214,7.696550409446672,6.480208059109161
turn_left,17.32,0.0,0.0,0.44999999999999996,-0.037166304548316244,0.022991483341525284,-0.057726371805372226,0.31392778932920046,0.015564804277447145,-0.023303537837285383,0.30910490423602716,0,0,0,9.281072698384204,9.281072698384204,7.751209991248544,4.967664204451071
turn_left,17.34,0.0,0.0,0.44999999999999996,-0.04755557466380772,0.01618489843210372,-0.0493743262446097,0.3851962482263949,0.016069262639760055,-0.026691738568492933,0.3080142214948859,0,0,0,9.36332866508301,9.36332866508301,7.683256770199115,2.2490130105422015
turn_left,17.36,0.0,0.0,0.44999999999999996,-0.057218654924413415,0.00980244542069229,-0.04300661080001193,0.4466147333320179,0.01574534468118729,-0.029454417354879386,0.3070929617591524,0,0,0,9.249915298800344,9.249915298800344,7.6073652112885455,1.943322870885227
turn_left,17.38,0.0,0.0,0.44999999999999996,-0.0673809511635824,0.004325475073658479,-0.04039587183277857,0.486435015421331,0.015028332868689577,-0.032165962213283765,0.30627549491609424,0,0,0,9.05280789004653,9.05280789004653,7.535123702372424,2.6811544440007404
turn_left,17.400000000000002,0.0,0.0,0.44999999999999996,-0.07854757904353872,0.0006594460324619864,-0.0439832029600245,0.5139283460413291,0.01581738600679227,-0.035354829463757065,0.3054381257028271,0,0,0,8.85560282135259,8.85560282135259,7.470759459328889,3.981094809806526
turn_left,17.42,0.0,0.0,0.44999999999999996,-0.09237969675154702,-0.0030273217425752616,-0.054797133233842464,0.5400095710715747,0.018587429478281858,-0.0392128542095286,0.3044521688488434,0,0,0,8.78236824636444,8.78236824636444,7.4159287406003855,4.570190296527028
turn_left,17.44,0.0,0.0,0.44999999999999996,-0.09658353816113997,0.02706039038831872,-0.012094414019923595,0.4206693307624893,0.011513557774019833,-0.037333624686173586,0.30383726497630226,0,0,0,7.987836667301694,7.987836667301694,7.366236535482386,3.433372743547776
turn_left,17.46,0.0,0.0,0.44999999999999996,-0.09025456791867635,0.06500010579991554,-0.001475900989700065,0.441553856365756,-0.0034528431482505973,-0.029899518200503874,0.3037472864023083,0,1,0,7.244975019872179,7.244975019872179,7.337603680711787,4.180767586860494
turn_left,17.48,0.0,0.0,0.44999999999999996,-0.0809515956278918,0.065560818955293,0.08512458483007869,0.3240283174208249,-0.005497293291085417,-0.02638614910795127,0.3046709643616296,0,1,0,7.593092343674629,7.593092343674629,7.344276390024888,3.3835793416334585
turn_left,17.5,0.0,0.0,0.44999999999999996,-0.06385688615354279,0.05033583626156178,0.11372982585884706,0.3357367997985053,-0.003717681188877279,-0.02692052619154805,0.3067515570539333,0,1,0,6.298886784382439,6.298886784382439,7.387489843659218,1.3961088146674208
turn_left,17.52,0.0,0.0,0.44999999999999996,-0.0560547337918382,0.030121836949093924,0.1101264004720968,0.3986465052285082,-0.00045094400479980297,-0.02724550691668604,0.30895840115453826,0,0,0,5.988369504518607,5.988369504518607,7.472355649200356,2.8396103142533513
turn_left,17.54,0.0,0.0,0.44999999999999996,-0.06382835864695023,0.01980937085060297,0.09274271406608985,0.4194891109633146,0.004615313379032282,-0.02633109805486313,0.3108819873979041,0,0,0,5.93098478227891,5.93098478227891,7.542607811796035,5.95059042790135
turn_left,17.56,0.0,0.0,0.44999999999999996,-0.0820209665914806,0.012089176343851264,0.08098724605018301,0.4522376546776438,0.007217436599660753,-0.022913276531070222,0.3125244519470179,0,0,0,5.907299454683399,5.907299454683399,7.588747136399615,3.8681553806469022
turn_left,17.580000000000002,0.0,0.0,0.44999999999999996,-0.09774033843576001,0.003480882381938375,0.06869140914069052,0.4638634429370974,0.00989023808984052,-0.01728380386537426,0.31389494263409,0,0,0,6.316927001525038,6.316927001525038,7.711615682205764,4.220890875628794
turn_left,17.6,0.0,0.0,0.44999999999999996,-0.1108144034804009,-0.007226691387843028,0.05398066956019634,0.4617504524520984,0.012262789706406613,-0.011833537101808398,0.31500305614480006,0,0,0,6.528762372882364,6.528762372882364,7.8259597103394505,4.044255076148716
turn_left,17.62,0.0,0.0,0.44999999999999996,-0.12019215283911298,-0.01746257483485227,0.03816368867125637,0.4630289136562036,0.015393136432675949,-0.008637874348651051,0.31583836474058374,0,0,0,6.525373167511085,6.525373167511085,7.83658894632871,3.7601498063856247
turn_left,17.64,0.0,0.0,0.44999999999999996,-0.12327019790192838,-0.022162047739689758,0.02057312988689479,0.48465189306673334,0.01956945364290804,-0.00786259154594237,0.3163425999156404,0,0,0,7.475601447975466,7.475601447975466,7.8438338420791,2.6998221222976455
turn_left,17.66,0.0,0.0,0.44999999999999996,-0.12095965757962816,-0.022409020978398097,0.000984968747514781,0.5094824669973009,0.024594950560555103,-0.008965001326587514,0.31649480759345616,0,0,0,8.45234207346331,8.45234207346331,7.831460226396114,2.0931532256239826
turn_left,17.68,0.0,0.0,0.44999999999999996,-0.11244407877887282,-0.018270866552600237,-0.015858334647835565,0.4994511714664701,0.027631767301854765,-0.010840286844609411,0.31629828616689887,0,0,0,9.196258906607854,9.196258906607854,7.8083327679247425,2.224436381259693
turn_left,17.7,0.0,0.0,0.44999999999999996,-0.1023341512190093,-0.011718063079861844,-0.023492308920193456,0.4530529193946747,0.026785875650612544,-0.012807393037529521,0.31589168906047477,0,0,0,9.691489982207854,9.691489982207854,7.7452835155597946,2.644235183490089
turn_left,17.72,0.0,0.0,0.44999999999999996,-0.08999108182421062,-0.0015113060690886237,-0.03626103005797113,0.39829798020945734,0.021532573393739426,-0.014409414239614478,0.31530551253350353,0,0,0,9.653413069943305,9.653413069943305,7.654862618265284,3.40772591344753
turn_left,17.740000000000002,0.0,0.0,0.44999999999999996,-0.06582113069221714,-0.0032908727560481453,-0.023262531454826704,0.3922610545134712,0.020829904438234074,-0.011433190750894323,0.3147802929789925,0,0,0,8.959146148240759,8.959146148240759,7.560065765457164,3.2296110757255545
turn_left,17.76,0.0,0.0,0.44999999999999996,-0.04290340431661307,-0.01103518379678043,-0.03224702153043896,0.4249777238624952,0.02531773056250477,-0.004384124931526831,0.31416436440289774,0,1,0,7.492949325146322,7.492949325146322,7.4909370509190865,4.018260227930051
turn_left,17.78,0.0,0.0,0.44999999999999996,-0.03351372346437761,-0.00668958630363724,-0.006225864271420873,0.5011924448000431,0.0222375508290284,-0.0013169370979124683,0.31381239047884385,0,1,0,6.013082464439716,6.013082464439716,7.483879881991921,0.978570391063924
turn_left,17.8,0.0,0.0,0.44999999999999996,-0.023759707928389176,0.002437386339867389,-0.008494282310598168,0.5201585763598758,0.018558958506701733,-0.0015086703988922594,0.31370463669261983,0,1,0,6.347168685933171,6.347168685933171,7.539683949690797,0.6262182904303288
turn_left,17.82,0.0,0.0,0.44999999999999996,-0.018893641659562376,0.014023927933280752,-0.0318465303601849,0.4555570224830906,0.015726560470499147,-0.0036822486054077907,0.3132598301390316,0,0,0,7.0589333731403645,7.0589333731403645,7.57765346340177,2.6519242768476974
turn_left,17.84,0.0,0.0,0.44999999999999996,-0.024356024848126184,0.01387129287409231,-0.058746868471795353,0.3839094306691979,0.018031265122468977,-0.00803968616720387,0.3122461109866512,0,0,0,8.128257456808392,8.128257456808392,7.598361928761108,3.8867059459116464
turn_left,17.86,0.0,0.0,0.44999999999999996,-0.036067619712364545,0.0079748860247869,-0.06516336739064842,0.3592068592150832,0.02138786743708417,-0.01321424483343242,0.3108858544265697,0,0,0,8.902420493584536,8.902420493584536,7.68744612294423,4.577234264131347
turn_left,17.88,0.0,0.0,0.44999999999999996,-0.0478333189750134,0.0007869285938917818,-0.05656971635326485,0.3705308679025123,0.024445388338554527,-0.017992199623440387,0.30960178876780714,0,0,0,9.196813493943658,9.196813493943658,7.721193153202876,4.876444438931208
turn_left,17.900000000000002,0.0,0.0,0.44999999999999996,-0.05766217310736076,-0.00699572737435944,-0.04597957304887539,0.39045304566522443,0.02720618433683507,-0.022293867391449,0.30854174144425267,0,0,0,9.135038424409117,9.135038424409117,7.659816136661835,4.148809242264713
turn_left,17.92,0.0,0.0,0.44999999999999996,-0.06655619666863906,-0.014411823049822919,-0.03723062138331537,0.4161739095220638,0.029471411980949862,-0.026408722516041143,0.30769106916668526,0,0,0,8.890861092374735,8.890861092374735,7.596283313220464,2.4794107403255157
turn_left,17.94,0.0,0.0,0.44999999999999996,-0.07631791614295033,-0.02029257378083802,-0.03419960385201124,0.44680582388010187,0.03232072093429974,-0.030615607124192614,0.306943346571778,0,0,0,8.647896418653652,8.647896418653652,7.542063716683419,2.5368517952878715
turn_left,17.96,0.0,0.0,0.44999999999999996,-0.08821010181912749,-0.025376858567487507,-0.03984895844318856,0.4823352020742968,0.03633681609966799,-0.03521420751827189,0.30614759849037754,0,0,0,8.478956588414265,8.478956588414265,7.499423580698469,2.901014486989533
turn_left,17.98,0.0,0.0,0.44999999999999996,-0.10362229185888418,-0.029793389490175716,-0.04852599093838747,0.5388828046830026,0.0416769945146342,-0.040326776632607635,0.30519424348320107,0,0,0,8.413577538693229,8.413577538693229,7.464858528847319,3.577269558256369
turn_left,18.0,0.0,0.0,0.44999999999999996,-0.11484817637645574,-0.00918514190304113,-0.018689353146519254,0.47645835327663066,0.03889583409269701,-0.04116222671202328,0.30444379393353943,0,0,0,7.805516603881,7.805516603881,7.433069579084048,4.317252165786316
turn_right,18.02,0.0,0.0,-0.44999999999999996,-0.11974800501009687,0.013215261240632898,0.019260820647949064,0.4863186679112508,0.030682478299760656,-0.03695286696458272,0.3043002668549634,0,1,0,6.874307039553899,6.874307039553899,7.411840380651483,5.4074262726532645
turn_right,18.04,0.0,0.0,-0.44999999999999996,-0.11829405914388867,0.024183994121699998,0.08608956104150786,0.4814702525011922,0.0333733581487518,-0.03648121991861364,0.30541969555000115,0,1,0,7.372931030288643,7.372931030288643,7.425766938590197,1.1929658613146883
turn_right,18.06,0.0,0.0,-0.44999999999999996,-0.10967522747573867,0.027188728350179842,0.09454952119515102,0.545020989647086,0.03836215915909255,-0.03642965327404902,0.30727997730864093,0,1,0,6.828904675721773,6.828904675721773,7.486274130278058,1.3155374424570307
turn_right,18.080000000000002,0.0,0.0,-0.44999999999999996,-0.09958892890233406,0.02708123166258099,0.061539232595152475,0.5803118091151449,0.04290953692866428,-0.0357865540580399,0.30874286181190613,0,0,0,7.063985451487953,7.063985451487953,7.539198529701402,2.350118005811367
turn_right,18.1,0.0,0.0,-0.44999999999999996,-0.10374013871840844,0.02434468475382024,0.03548942612926541,0.5239117747439784,0.042061910338957266,-0.032021814249136506,0.30952961862710615,0,0,0,6.76253880176932,6.76253880176932,7.5422085073115035,5.325366178991821
turn_right,18.12,0.0,0.0,-0.44999999999999996,-0.11742277311092983,0.018058173523279705,0.016134508800325277,0.4208375875269062,0.03360951303505995,-0.0253120937435344,0.3097938275918831,0,0,0,7.247283928796518,7.247283928796518,7.6453102465700375,8.61531783605504
turn_right,18.14,0.0,0.0,-0.44999999999999996,-0.13148058718680786,0.009074941910591487,0.0017207123791310119,0.2460282523374607,0.022862088705608182,-0.01885163035726856,0.3097376087640215,0,0,0,8.009587317602044,8.009587317602044,7.758790040506113,9.160078199658017
turn_right,18.16,0.0,0.0,-0.44999999999999996,-0.14274101956409851,0.0009009561026053415,-0.012297575697764958,0.025627585161845753,0.014146828287460916,-0.014940358005127998,0.3094623745089141,0,0,0,8.160877773391757,8.160877773391757,7.7507874607004155,8.102456593320525
turn_right,18.18,0.0,0.0,-0.44999999999999996,-0.14799071497863506,-0.0031563321109341585,-0.026079759437286965,-0.19640703364508266,0.009154135034116072,-0.014470632824002879,0.308985403391221,0,0,0,7.872703553872841,7.872703553872841,7.7431931243152405,5.416375560982221
turn_right,18.2,0.0,0.0,-0.44999999999999996,-0.1398240466587475,-0.001024184096227635,-0.04996794628049767,-0.3777215948156609,0.006386705410811994,-0.017377733220335555,0.3081603053810562,0,0,0,8.150452943905803,8.150452943905803,7.735985718588367,2.6840565716672082
turn_right,18.22,0.0,0.0,-0.44999999999999996,-0.1250400177003382,0.004843401969974958,-0.07543440601540301,-0.5435913415463905,0.00417595696307698,-0.023403792170637858,0.30684984167130747,0,0,0,9.320486503437783,9.320486503437783,7.725484217815016,3.8036142360958043
turn_right,18.240000000000002,0.0,0.0,-0.44999999999999996,-0.11150996677219445,0.015072106473691388,-0.09692323685301495,-0.7051877747873366,0.0011431194518388337,-0.031159588965460613,0.3050970914921676,0,0,0,10.180415733735767,10.180415733735767,7.662823080822733,4.756849284407949
turn_right,18.26,0.0,0.0,-0.44999999999999996,-0.09516693828109128,-0.013689486061131574,-0.03792911126333897,-0.5799977347742405,0.011951840938828224,-0.030401102636902565,0.30380895239346606,0,0,0,9.398556373902046,9.398556373902046,7.552995168416011,2.622942011545576
turn_right,18.28,0.0,0.0,-0.44999999999999996,-0.0730267377912747,-0.045251571407172085,-0.000979374476198936,-0.5042063226697497,0.029494012822736206,-0.02241885394665132,0.30332347872164883,0,1,0,8.292382966313477,8.292382966313477,7.451409909967502,2.61640798963706
turn_right,18.3,0.0,0.0,-0.44999999999999996,-0.04929426757888613,-0.05140142803243079,0.06717774137339638,-0.34770504408621444,0.033653703892938786,-0.019470630504369597,0.3040441211231245,0,1,0,7.6876873009415,7.6876873009415,7.4065622738134245,1.3282875018668698
turn_right,18.32,0.0,0.0,-0.44999999999999996,-0.023290391510774888,-0.04006311248508673,0.10105619508960811,-0.29598248603753774,0.03338138299739047,-0.018963974777425327,0.30576618454362103,0,1,0,6.411666270951727,6.411666270951727,7.416350345274189,4.3612074454658964
turn_right,18.34,0.0,0.0,-0.44999999999999996,-0.009224672701890804,-0.020146516068396913,0.1013425823536553,-0.38793787868299157,0.03044963507373417,-0.019707754648100314,0.3078577823209819,0,1,0,5.803566239996059,5.803566239996059,7.468464250361812,3.9486154801357447
turn_right,18.36,0.0,0.0,-0.44999999999999996,-0.014738658686531056,-0.00992534832262896,0.07681318319173992,-0.4781460475680908,0.028577439056714254,-0.02010329302663674,0.3096666802019726,0,1,0,5.742574152602036,5.742574152602036,7.559979476731286,5.456469851310617
turn_right,18.38,0.0,0.0,-0.44999999999999996,-0.02289417451118806,-0.007770547063603349,0.028411243138019376,-0.5057503244500517,0.02985883101876035,-0.022489623333097234,0.3106548941953118,0,0,0,6.540098082671596,6.540098082671596,7.577750044708676,1.982944648391879
turn_right,18.400000000000002,0.0,0.0,-0.44999999999999996,-0.03573764018150419,-0.016669417837368028,-0.01177801467794598,-0.47749710663315975,0.027006015664450354,-0.025462378972604536,0.3106600240667132,0,0,0,7.6626578475685,7.6626578475685,7.578854994560853,5.288185019756218
turn_right,18.42,0.0,0.0,-0.44999999999999996,-0.04662655425236036,-0.023666445820391548,-0.027570381606338398,-0.40174585278822567,0.02152116646618717,-0.027228311648909022,0.3101000235760231,0,0,0,8.555550821773883,8.555550821773883,7.6683405966138345,6.22238020619137
turn_right,18.44,0.0,0.0,-0.44999999999999996,-0.05407441349441807,-0.028181318471205943,-0.028943955492036575,-0.3120721959030308,0.016880512363898807,-0.02766242600539543,0.3094323613008,0,0,0,8.883324217041244,8.883324217041244,7.803818784052524,5.424736431193093
turn_right,18.46,0.0,0.0,-0.44999999999999996,-0.06253535456600194,-0.031595110913695816,-0.02402284369634584,-0.22479637854144693,0.014100647148999666,-0.02751972704405504,0.3088528487149322,0,0,0,8.734463954710735,8.734463954710735,7.751666277930116,2.656129423824195
turn_right,18.48,0.0,0.0,-0.44999999999999996,-0.07352982381764009,-0.03302615276702758,-0.021447389951965067,-0.15179167348627326,0.012966763647937408,-0.027629248654549805,0.308378792405296,0,0,0,8.450562093274062,8.450562093274062,7.700799756152918,1.9335823813359225
turn_right,18.5,0.0,0.0,-0.44999999999999996,-0.0847649267350424,-0.034299847719901126,-0.02328716979485429,-0.07862590155454643,0.013664649302677946,-0.02888038452656049,0.30792216767066555,0,0,0,8.307809529895001,8.307809529895001,7.662756737607886,2.1534963484413585
turn_right,18.52,0.0,0.0,-0.44999999999999996,-0.09567482358803034,-0.03998987620552014,-0.03551192867087583,-0.016694816540031118,0.016895792405969768,-0.031166654121565166,0.3073302923993092,0,0,0,8.362883405748512,8.362883405748512,7.632181211912457,2.5055084292561194
turn_right,18.54,0.0,0.0,-0.44999999999999996,-0.09163686596779298,-0.03131336705541563,-0.017078188919076615,0.01995090638744396,0.011282439291957694,-0.02935070440144665,0.30683851286391034,0,0,0,7.901693189610362,7.901693189610362,7.6023439958413945,2.6457541532093614
turn_right,18.56,0.0,0.0,-0.44999999999999996,-0.07771219822246464,-0.024028718739060886,-0.009832821424942413,0.027610964709105082,0.003083816982505728,-0.024025219249989616,0.30643904813975176,0,1,0,7.443460855977164,7.443460855977164,7.581265505551123,3.4275244175260537
turn_right,18.580000000000002,0.0,0.0,-0.44999999999999996,-0.04440475370206105,-0.025126750994973867,0.014836707137052627,-0.1274665432758137,0.003210577987392662,-0.022129606524820683,0.30650706929556265,0,1,0,7.671080976133117,7.671080976133117,7.5819014074546125,0.5461318362635634
turn_right,18.6,0.0,0.0,-0.44999999999999996,-0.007676326465046561,-0.034627648054500526,0.020098252132592864,-0.29725018974897377,0.005725977919913677,-0.021177591487337454,0.3068764277992417,0,0,0,7.776986033898415,7.776986033898415,7.605526103347948,0.39625963195406894
turn_right,18.62,0.0,0.0,-0.44999999999999996,0.013721315473488904,-0.042355600144232314,0.014247448979772,-0.4466162102646766,0.008850234237631453,-0.019813681674991142,0.30718871890004096,0,0,0,7.861221577611454,7.861221577611454,7.670835026326749,3.8350575002018927
turn_right,18.64,0.0,0.0,-0.44999999999999996,0.015790742919501787,-0.0480700593498836,0.008932198552961545,-0.566669340466641,0.007126301175788853,-0.017526387289530432,0.3073479675994554,0,0,0,8.476186419697866,8.476186419697866,7.759517127196929,4.909722077145108
turn_right,18.66,0.0,0.0,-0.44999999999999996,-0.003090262936346879,-0.05216903292776946,0.009696088829410188,-0.6544827967097204,0.000739105327989323,-0.015572076224827551,0.3074915771763844,0,0,0,8.721817079132435,8.721817079132435,7.787932113942301,4.531625005545037
turn_right,18.68,0.0,0.0,-0.44999999999999996,-0.03744725830619919,-0.05902907440375113,0.016717141061584326,-0.6777657917323916,-0.006406382824481565,-0.01377681546781107,0.30775505888403987,0,0,0,8.654288871353131,8.654288871353131,7.7784384275186405,2.9237520339267875
turn_right,18.7,0.0,0.0,-0.44999999999999996,-0.06980351570752566,-0.067446307639352,0.019341914597096475,-0.6601689028328552,-0.010145916042096144,-0.012799169557198549,0.3081304945950071,0,0,0,8.000099612331743,8.000099612331743,7.7694312707613165,2.0084355109625793
turn_right,18.72,0.0,0.0,-0.44999999999999996,-0.09228594740597386,-0.07253191295293823,0.011487682064328117,-0.6143125068420044,-0.007904088764332035,-0.013820871727426947,0.3084361695855408,0,0,0,7.151094893962753,7.151094893962753,7.760885023717705,2.04096585940256
turn_right,18.740000000000002,0.0,0.0,-0.44999999999999996,-0.10049469715004855,-0.07025681849439196,-0.0072071482040647105,-0.5621426474208946,-0.0011038337673443476,-0.016650486432327905,0.30847786017935164,0,0,0,7.764658646313214,7.764658646313214,7.7527754835271665,1.9870025463987844
turn_right,18.76,0.0,0.0,-0.44999999999999996,-0.09577933449172178,-0.062356658284474176,-0.034647828879238805,-0.5158308328882563,0.0072087315771695495,-0.020728014138169788,0.30804047392853323,0,0,0,8.895062064578642,8.895062064578642,7.745079779331778,3.4446021034636294
turn_right,18.78,0.0,0.0,-0.44999999999999996,-0.08299855344688933,-0.05267525418412314,-0.06503199330267251,-0.5103948737743011,0.012353438314845833,-0.026183838098579888,0.30699566908086307,0,0,0,9.948932925692132,9.948932925692132,7.701534589764243,4.518856970502146
turn_right,18.8,0.0,0.0,-0.44999999999999996,-0.07355675942695776,-0.04196514826812757,-0.08714467331873778,-0.5781272711869953,0.012565316187514828,-0.032884431361884736,0.30543597728000155,0,0,0,10.608671093905842,10.608671093905842,7.6079493263907345,5.3554141489019775
turn_right,18.82,0.0,0.0,-0.44999999999999996,-0.065046090881385,-0.05588755696496824,-0.04780415549792988,-0.5560713058381175,0.016275342582198704,-0.03498989210969249,0.3039556434624667,0,0,0,10.02643080390671,10.02643080390671,7.473801056168824,5.425555569312509
turn_right,18.84,0.0,0.0,-0.44999999999999996,-0.045008340862406945,-0.07675261748955929,-0.008051887160718987,-0.6017461794499067,0.028979659248327537,-0.028048590503989973,0.30332475222228616,0,1,0,8.733634136066792,8.733634136066792,7.338535083734907,3.849267860126722
turn_right,18.86,0.0,0.0,-0.44999999999999996,-0.03267631622768473,-0.059873237000293254,0.08161217040854958,-0.5412743485851972,0.02981526138548987,-0.02598109151944931,0.3041545282739092,0,1,0,7.275342061712245,7.275342061712245,7.2755212224531824,2.2328151648283763
turn_right,18.88,0.0,0.0,-0.44999999999999996,-0.025553256024821048,-0.02885940902812991,0.1224059193778948,-0.5415288292249926,0.029748154546744766,-0.026411336176204166,0.3062832242956682,0,1,0,6.117910742680565,6.117910742680565,7.280738053366594,3.302230895640983
turn_right,18.900000000000002,0.0,0.0,-0.44999999999999996,-0.031532582290272934,0.0016819734099906276,0.11992819623210797,-0.5584092537425993,0.029606951448435632,-0.028871150607968223,0.3087771251701869,0,1,0,5.850019716549153,5.850019716549153,7.347206102854475,4.317407930238712
turn_right,18.92,0.0,0.0,-0.44999999999999996,-0.04672345039564495,0.013117740578299359,0.08337462247775126,-0.5487062248112136,0.029391347176801075,-0.032909048291755325,0.31089954329017694,0,0,0,11.31627619739314,11.31627619739314,7.3894762954012485,12.574188623948237
turn_right,18.94,0.0,0.0,-0.44999999999999996,-0.061849199845380204,0.009225672391046064,0.04827407518207301,-0.6372960079373118,0.025656729816623574,-0.03611690254711087,0.31228485947369217,0,0,0,14.135123987968585,14.0,7.425659238389823,15.619422802750607
turn_right,18.96,0.0,0.0,-0.44999999999999996,-0.07325001038649083,0.0009868604454271364,0.024988378324463253,-0.7372544588975306,0.01758914409894412,-0.03577575484842813,0.3130243951874164,0,0,0,11.300031496726538,11.300031496726538,7.5217472671804515,15.50094022491985
turn_right,18.98,0.0,0.0,-0.44999999999999996,-0.08193534313138348,-0.004095708573945653,0.013728040816066333,-0.775057529254116,0.00900636927484669,-0.032692248777027,0.31340917143502434,0,0,0,8.507571879657155,8.507571879657155,7.558388487971094,11.923540760301519
turn_right,19.0,0.0,0.0,-0.44999999999999996,-0.08985743788262088,-0.003884765045047431,0.00566208662153833,-0.7634164303920588,0.0016841183991571677,-0.028330153357163722,0.3136288585600344,0,0,0,7.709325473013328,7.709325473013328,7.560451690637407,8.897128418087878
turn_right,19.02,0.0,0.0,-0.44999999999999996,-0.1104851101942077,-0.007996570926774176,0.022939651905906168,-0.712227389378939,0.001339018847868779,-0.02555746840339698,0.3138960964549225,0,0,0,7.4331181810397675,7.4331181810397675,7.562412924243773,8.533909073969186
turn_right,19.04,0.0,0.0,-0.44999999999999996,-0.11958112363992025,-0.009237292779713155,0.016742169696093354,-0.6287152565501024,0.00746944248977392,-0.025848276376091148,0.3142312418724693,0,0,0,7.504209842499695,7.504209842499695,7.5642771965243725,2.5512289543093907
turn_right,19.06,0.0,0.0,-0.44999999999999996,-0.12332170137404852,-0.01297533084489743,0.0011160625359746693,-0.5471719606457888,0.013667914374193598,-0.027084464288112065,0.3143735700325478,0,0,0,7.663493150422915,7.663493150422915,7.566049272358505,3.3414786686570372
turn_right,19.080000000000002,0.0,0.0,-0.44999999999999996,-0.13064057234408874,-0.022699342850084698,-0.012145371018232445,-0.45730479272881447,0.020037797992299003,-0.028978053120612367,0.3142293695554635,0,0,0,7.94249438405871,7.94249438405871,7.567733685250559,2.936359990501241
turn_right,19.1,0.0,0.0,-0.44999999999999996,-0.12662682866142153,-0.022691485227228175,-0.003082131824195984,-0.33386520232125927,0.013901007447720453,-0.027129044569941724,0.3140455535598021,0,1,0,7.501764164438642,7.501764164438642,7.569334748296221,4.665495052740571
turn_right,19.12,0.0,0.0,-0.44999999999999996,-0.10441522752600133,-0.013708325478494114,-0.0085318790209368,-0.23615501572771758,0.006968099446108043,-0.024712910755285755,0.31389658970193607,0,1,0,6.364831330102283,6.364831330102283,7.570856564655081,2.5711263077507787
turn_right,19.14,0.0,0.0,-0.44999999999999996,-0.08067235288909379,0.00157239315589594,-0.0008904511815961825,-0.22891872614123124,0.0020570352411021816,-0.023331127660344824,0.3137802275778471,0,1,0,6.786245151790288,6.786245151790288,7.572303037549265,3.7307232920649938
turn_right,19.16,0.0,0.0,-0.44999999999999996,-0.0564940068081266,0.019565265869951984,-0.005017880279522163,-0.26087632713241304,-0.0009731243131114955,-0.022407125214141514,0.31372097670352805,0,1,0,6.804211100061025,6.804211100061025,7.573677879807224,0.573285416004015
turn_right,19.18,0.0,0.0,-0.44999999999999996,-0.043137059893834,0.03900387912145337,-0.018608809459143814,-0.2938012089259935,-0.002021342050108477,-0.02075536513426774,0.31345272828321213,0,1,0,6.889161403385798,6.889161403385798,7.574984622971257,0.501572254021218
turn_right,19.2,0.0,0.0,-0.44999999999999996,-0.04887506733607305,0.04685769194343466,-0.035961891972605506,-0.39835313943512735,-0.002547397795256775,-0.017153437998354292,0.3128032095648898,0,0,0,8.098143876383947,8.098143876383947,7.576226625986838,3.412771236374457
turn_right,19.22,0.0,0.0,-0.44999999999999996,-0.07440458341957167,0.03961144578509702,-0.026639110932177693,-0.5413872299847332,-0.004581057520280377,-0.01235566500971505,0.31206131080445904,0,0,0,9.16630448963336,9.16630448963336,7.577407083491202,5.9795861750349975
turn_right,19.240000000000002,0.0,0.0,-0.44999999999999996,-0.1052981675627892,0.024343724154648038,-0.009564535688365043,-0.6533219658313171,-0.00525048617689262,-0.009748068724775709,0.31163170932156814,0,0,0,9.101072683133129,9.101072683133129,7.578529033718173,6.455888110787237
turn_right,19.26,0.0,0.0,-0.44999999999999996,-0.1327473979668832,0.00996167655645123,-0.003964501580527535,-0.6949535053646696,-0.003091643197046682,-0.011100512312063982,0.3114586520194507,0,0,0,8.01252874579249,8.01252874579249,7.5795953660355195,5.692418795259967
turn_right,19.28,0.0,0.0,-0.44999999999999996,-0.14974567838420694,0.0002971223780340087,-0.009025019540744807,-0.6688674103827348,0.0002506151106652425,-0.016133900638487627,0.31131225097590004,0,0,0,7.588393379702704,7.588393379702704,7.580608828130764,4.079093696721627
turn_right,19.3,0.0,0.0,-0.44999999999999996,-0.15409223526760832,-0.0014350949318490227,-0.028659565116051007,-0.5956378890179558,0.0022859343073139255,-0.024259492285958806,0.3108917896332007,0,0,0,8.638292250893153,8.638292250893153,7.581572032860613,3.6303700843441598
turn_right,19.32,0.0,0.0,-0.44999999999999996,-0.14837614908111718,0.005346636294074436,-0.05690187179103514,-0.5074673475228438,0.0012614807530915402,-0.034319944217589625,0.3099538777965573,0,0,0,9.695688141388802,9.695688141388802,7.550432091701001,4.741902428358566
turn_right,19.34,0.0,0.0,-0.44999999999999996,-0.13930888623929844,0.019543756670573263,-0.08482954723435401,-0.47922867881845627,-0.003109294538756947,-0.045182942124239456,0.30845292764714954,0,0,0,10.593651726838754,10.593651726838754,7.472123352045433,5.866986993054309
turn_right,19.36,0.0,0.0,-0.44999999999999996,-0.12442896849554298,-0.007657030804837035,-0.021861749024985208,-0.22416238896817872,0.0032265735148316443,-0.045659164972283894,0.30740112283487,0,0,0,9.570283262345267,9.570283262345267,7.344318873266598,2.705614039358073
turn_right,19.38,0.0,0.0,-0.44999999999999996,-0.09332739072159288,-0.03500550053177902,-0.011448988544531918,-0.13519607505365833,0.018232890126582375,-0.03678262476573235,0.3070670222407447,0,0,0,8.332477027477331,8.332477027477331,7.2337128379781,3.091483018708855
turn_right,19.400000000000002,0.0,0.0,-0.44999999999999996,-0.04973755794710159,-0.051310209947225446,-0.03802583738530756,-0.21401270313256043,0.03699888390068583,-0.0252616153528431,0.3064988942964978,0,1,0,7.378788607401391,7.378788607401391,7.194647139451067,3.9890235726886996
turn_right,19.42,0.0,0.0,-0.44999999999999996,-0.02766364177327219,-0.024899698132936295,0.011667952272030869,-0.33806785791173005,0.03485586144760814,-0.020101523616832304,0.30619429715345875,0,1,0,6.659161708487158,6.659161708487158,7.200866036277873,5.448651742066217
turn_right,19.44,0.0,0.0,-0.44999999999999996,-0.024992992970144963,0.007639401909314648,0.0650476603225652,-0.5198714045511019,0.029520101506250528,-0.01995508456126099,0.3070132165480889,0,0,0,6.657608202341366,6.657608202341366,7.243242414627556,3.7971430002476443
turn_right,19.46,0.0,0.0,-0.44999999999999996,-0.034043563386423725,0.0325947782057427,0.08410902140951851,-0.6387856040214429,0.025618323191084192,-0.02037459041142516,0.3085286499952739,0,0,0,7.153812859638753,7.153812859638753,7.31735868278351,4.929813834940925
turn_right,19.48,0.0,0.0,-0.44999999999999996,-0.047504424290411885,0.033674021775021726,0.06628178455875537,-0.6591556505566354,0.023993634954722145,-0.022406011940294037,0.3099964240324649,0,0,0,7.678298855304143,7.678298855304143,7.359148273009517,5.144707899811877
turn_right,19.5,0.0,0.0,-0.44999999999999996,-0.06283424560363318,0.02624295995087021,0.042303834464084124,-0.6672055329037402,0.020392309312665394,-0.023906402796848594,0.3109702260100765,0,0,0,7.9825046511682025,7.9825046511682025,7.370897627426899,5.0281615059150795
turn_right,19.52,0.0,0.0,-0.44999999999999996,-0.07227753095900169,0.01959415823516641,0.02222510730647752,-0.6474706683307968,0.013996495953381012,-0.02379636946172607,0.3114914959752233,0,0,0,8.321959410942979,8.321959410942979,7.461290931201344,4.647409664219615
turn_right,19.54,0.0,0.0,-0.44999999999999996,-0.07675737106249994,0.015289086776958519,0.008837117347299441,-0.5979431744916615,0.008367275070260107,-0.02246480092218698,0.3117151412345324,0,0,0,8.466040982901328,8.466040982901328,7.607717667329492,3.3441310159973994
turn_right,19.56,0.0,0.0,-0.44999999999999996,-0.07969786474848754,0.012020782106143386,0.0008007994109357773,-0.5344417414875275,0.004581929519679066,-0.021291517161690077,0.3117564442607095,0,0,0,8.496801168702783,8.496801168702783,7.706849587955528,2.5539573025755637
turn_right,19.580000000000002,0.0,0.0,-0.44999999999999996,-0.08234610094133396,0.009103927303277744,-0.007023975825382643,-0.4652601492794287,0.0027922697538926805,-0.020616486736278434,0.3116563871635556,0,0,0,8.530486051088756,8.530486051088756,7.720081404361455,2.474815316567846
turn_right,19.6,0.0,0.0,-0.44999999999999996,-0.08657687662903188,0.0054384025169546685,-0.015034072685401027,-0.3925722951546322,0.002962251346034496,-0.0202699684980959,0.3114152751825613,0,0,0,8.56413060521648,8.56413060521648,7.714048626265573,2.2902682856547876
turn_right,19.62,0.0,0.0,-0.44999999999999996,-0.09149507831385453,0.0008589857578989231,-0.022225652172184963,-0.3031887407293859,0.0045216543728516904,-0.020403519031161922,0.3110289994449107,0,0,0,8.619125162567522,8.619125162567522,7.708321736795874,2.7535341032494176
turn_right,19.64,0.0,0.0,-0.44999999999999996,-0.09509436516357546,-0.0036695502650542122,-0.028132584570014513,-0.22988191645039496,0.006710415604997038,-0.020761877322312113,0.3104451231091745,0,0,0,8.726676237131834,8.726676237131834,7.702884950305869,2.8168457535221822
turn_right,19.66,0.0,0.0,-0.44999999999999996,-0.08476978003482967,-0.006029915892643119,-0.011369497803293067,-0.09392882207676019,0.0009840220533432614,-0.01829466577145956,0.30997962247413136,0,1,0,8.300639905950193,8.300639905950193,7.697723322887409,3.226470236075649
turn_right,19.68,0.0,0.0,-0.44999999999999996,-0.055442608948448095,-0.014431741700190492,0.010817049033521322,-0.11718439903484651,-0.00034599292233134383,-0.017756935606873903,0.3100153282301227,0,1,0,7.120860997091702,7.120860997091702,7.692822704829183,0.41334931462382063
turn_right,19.7,0.0,0.0,-0.44999999999999996,-0.023608257931684116,-0.021603835022121935,0.023818728597948657,-0.225045839577073,-0.001287202601857886,-0.0169516946997975,0.3103707265362931,0,1,0,7.41839498723921,7.41839498723921,7.688169696018139,0.45481565000723256
turn_right,19.72,0.0,0.0,-0.44999999999999996,-0.0027457566981315433,-0.0252193091698541,0.01565764362315668,-0.3288844825228906,-0.0020002968732791317,-0.014866195886677041,0.310779288254442,0,0,0,6.9644177161260075,6.9644177161260075,7.683751604077283,1.5644741908588036
turn_right,19.740000000000002,0.0,0.0,-0.44999999999999996,-0.007378825713751569,-0.02877347236549408,0.009258480723762398,-0.4268054340038873,-0.004642057111951939,-0.012094896016013823,0.31093381782455587,0,0,0,7.797847197260789,7.797847197260789,7.6795564050499365,4.676466208249558
turn_right,19.76,0.0,0.0,-0.44999999999999996,-0.03370264441757938,-0.03254457502318025,0.0071808473188902724,-0.5034241088061855,-0.009581356827933424,-0.009093999340718866,0.3110299894369278,0,0,0,8.223985665433906,8.223985665433906,7.675572706455782,5.481190022218151
turn_right,19.78,0.0,0.0,-0.44999999999999996,-0.06688389421848444,-0.03957077987198668,0.012650928278599432,-0.5464890141420807,-0.013834067357009126,-0.005679793656097285,0.3112228753744253,0,0,0,8.378453536357503,8.378453536357503,7.671789712557853,5.113297134959766
turn_right,19.8,0.0,0.0,-0.44999999999999996,-0.09595729597093543,-0.047263061794076584,0.01083346054169545,-0.5662538603623902,-0.01494022752643961,-0.0029521901040873827,0.31148427608184187,0,0,0,7.982109233014414,7.982109233014414,7.668197191691995,3.2763195528595928
turn_right,19.82,0.0,0.0,-0.44999999999999996,-0.11578560992189296,-0.05233258097665527,-0.0010942863663133402,-0.5514365769041211,-0.011436584465863963,-0.0022985813692094213,0.31161601218399815,0,0,0,7.181983313814407,7.181983313814407,7.664785445522014,2.7671028560657764
turn_right,19.84,0.0,0.0,-0.44999999999999996,-0.12141466059174015,-0.05201264586355111,-0.021168563418325292,-0.5137229687491484,-0.0050024523387739335,-0.004008515728205136,0.31142302971037134,0,0,0,7.594605629849625,7.594605629849625,7.661545280093865,2.393909344068874
turn_right,19.86,0.0,0.0,-0.44999999999999996,-0.11670401305061612,-0.04581246349179104,-0.04495434619587388,-0.47197955849481443,0.002296884927089326,-0.007894748718865136,0.31076409340596817,0,0,0,8.906304248341382,8.906304248341382,7.658467978571977,3.606656567663229
turn_right,19.88,0.0,0.0,-0.44999999999999996,-0.10462301152637621,-0.03706228603713511,-0.06856852663159911,-0.45040312083618156,0.007676826559601268,-0.013450791547301439,0.3096212272458851,0,0,0,10.018200744875386,10.018200744875386,7.616956975446389,4.500625836600581
turn_right,19.900000000000002,0.0,0.0,-0.44999999999999996,-0.09270918419265464,-0.02683629700396649,-0.08659728313509668,-0.49551329082648654,0.007375613294211959,-0.020353936585645323,0.3080509267682896,0,0,0,10.612415488633573,10.612415488633573,7.522278242635284,5.462807853403295
turn_right,19.92,0.0,0.0,-0.44999999999999996,-0.08669904751117471,-0.013957708437427859,-0.0948320714986222,-0.6296233294431384,-0.00015491871564094194,-0.02772985323484925,0.30627105940205746,0,0,0,10.707033589150544,10.707033589150544,7.387624350874884,6.727074948758851
turn_right,19.94,0.0,0.0,-0.44999999999999996,-0.07429564453416279,-0.03784400879715397,-0.031236492243597497,-0.560767446610511,0.0037823652213232303,-0.027228861379415985,0.3051382614651981,0,0,0,9.418923381283312,9.418923381283312,7.240515038894898,3.8037356974109935
turn_right,19.96,0.0,0.0,-0.44999999999999996,-0.05806299738415165,-0.031114843540008777,0.03686281694712714,-0.5572709558431691,0.009447189104317159,-0.023175767354944077,0.30512329821532025,0,1,0,7.879684719097189,7.879684719097189,7.138609289653079,4.190419626522366
turn_right,19.98,0.0,0.0,-0.44999999999999996,-0.040333612855932476,-0.005389372832471318,0.08754466411157939,-0.549682934212468,0.009866795785622383,-0.023089617386025055,0.30647033775489413,0,1,0,6.933101735878067,6.933101735878067,7.111965621658211,4.414547843902845
turn_right,20.0,0.0,0.0,-0.44999999999999996,-0.029838760296290314,0.010354924238648226,0.10476073809614964,-0.6150412640515768,0.014334943089796829,-0.02504176868776512,0.30842800891837413,0,0,0,6.667463889968135,6.667463889968135,7.162897912159583,5.429884277251753
turn_right,20.02,0.0,0.0,-0.44999999999999996,-0.030373049570895917,0.008021306233972752,0.08073930038749519,-0.6168485195831745,0.019684806218593223,-0.028587240392891525,0.3102308052313462,0,0,0,6.797336887645866,6.797336887645866,7.2080223555255145,7.500243084288544
turn_right,20.04,0.0,0.0,-0.44999999999999996,-0.04055649298643104,-0.001561280173346453,0.04689286526843632,-0.6456242447784455,0.025423131773938047,-0.03088717408795204,0.3114682294162612,0,0,0,6.968699492139679,6.968699492139679,7.226908741767129,4.862977685403495
turn_right,20.06,0.0,0.0,-0.44999999999999996,-0.05686206314923457,-0.01301860170587242,0.01710845243112973,-0.7036150348792923,0.025766177026990595,-0.029384267428406528,0.3120414361281445,0,0,0,7.258710159586957,7.258710159586957,7.357969321296043,6.415982141652009
turn_right,20.080000000000002,0.0,0.0,-0.44999999999999996,-0.07128499494892003,-0.019973252736522756,-0.0025812709005075827,-0.7138321674421747,0.02018659582618458,-0.02489682484739737,0.3121190466321798,0,0,0,7.497298674200679,7.497298674200679,7.45079887390596,6.795778904243008
turn_right,20.1,0.0,0.0,-0.44999999999999996,-0.07864919430016173,-0.022049493996380023,-0.011920887844624434,-0.7156964145190639,0.013204021115627029,-0.02031623052394615,0.3119308303044554,0,0,0,7.768183344585255,7.768183344585255,7.465508139787996,6.409454511265555
turn_right,20.12,0.0,0.0,-0.44999999999999996,-0.0842989254633781,-0.021458017488417618,-0.013931944990779543,-0.6980528872113527,0.00821365106105327,-0.01670277979360575,0.3116523979748222,0,0,0,7.991351227079609,7.991351227079609,7.472126260195214,3.8263566883437257
turn_right,20.14,0.0,0.0,-0.44999999999999996,-0.08974858824980668,-0.020773089983351267,-0.014372496019932738,-0.6437450816541701,0.006470522161773325,-0.014191205907836332,0.31135950077630176,0,0,0,8.13971492533221,8.13971492533221,7.47842211396113,2.1105221533836085
turn_right,20.16,0.0,0.0,-0.44999999999999996,-0.09405869113716148,-0.021997991238540186,-0.014311562098834845,-0.5760722711590619,0.008399095750737565,-0.013342618881093208,0.3110758640350597,0,0,0,8.297432636827173,8.297432636827173,7.484411068314614,1.7414360786533112
turn_right,20.18,0.0,0.0,-0.44999999999999996,-0.09652142002553392,-0.026718506243695223,-0.015324516049513485,-0.4925166603405511,0.012656638697663513,-0.014239166397339435,0.3107897536289302,0,0,0,8.488331395362678,8.488331395362678,7.490107788816577,2.5354340060564597
turn_right,20.2,0.0,0.0,-0.44999999999999996,-0.0938320705391261,-0.029485328221131677,0.0007151450254825025,-0.3768489678264706,0.01300027725794227,-0.015214370629327506,0.31059571807412284,0,0,0,8.504169953057014,8.504169953057014,7.495526268409961,3.579420420110004
turn_right,20.22,0.0,0.0,-0.44999999999999996,-0.08113401410002503,-0.027473316975739515,0.024389829026938238,-0.23310212831563515,0.00681866244202621,-0.013890288573352725,0.31081675825921334,0,1,0,7.3401469105367365,7.3401469105367365,7.5006798555597065,4.513655707013802
turn_right,20.240000000000002,0.0,0.0,-0.44999999999999996,-0.05069899901584569,-0.02158141011715996,0.0429786966215566,-0.2213896355546508,0.0047599182212301255,-0.015406153432773429,0.31151600962681647,0,1,0,6.095966769115681,6.095966769115681,7.505581281480566,0.6135403789230612
turn_right,20.26,0.0,0.0,-0.44999999999999996,-0.020506812540393493,-0.01668402202238751,0.037467094078189836,-0.26587032374941366,0.0038917197974047547,-0.017205187231521236,0.312337347539941,0,1,0,6.133167737039357,6.133167737039357,7.510242686454738,0.6587280933505055
turn_right,20.28,0.0,0.0,-0.44999999999999996,-0.0012391668628838545,-0.009824118349028231,0.011390296100083526,-0.32571113146533576,0.003821140859348128,-0.017043892640844514,0.31279419031560207,0,1,0,6.293519596553494,6.293519596553494,7.5146756452448535,0.9139883962357673
turn_right,20.3,0.0,0.0,-0.44999999999999996,-0.006919071469429417,-0.005450965495026599,-0.00799827376497419,-0.3932317290960496,0.0018029615714145752,-0.014054546371101847,0.31272400488350877,0,0,0,7.546558548152459,7.546558548152459,7.518891191611029,3.5504318127170227
turn_right,20.32,0.0,0.0,-0.44999999999999996,-0.034993251104191075,-0.011285704605795118,-0.008797805729540562,-0.43573667631591073,-0.0032956365637476434,-0.009500176527938047,0.3124086718466403,0,0,0,8.638863705692291,8.638863705692291,7.522899841943307,5.158919050891647
turn_right,20.34,0.0,0.0,-0.44999999999999996,-0.06352498688956913,-0.021188542266275347,-0.0044226005242913235,-0.48413782100880354,-0.005729691560843789,-0.00647176753845553,0.3121686648333702,0,0,0,8.715188272501916,8.715188272501916,7.526711618023203,5.1698455698439085
turn_right,20.36,0.0,0.0,-0.44999999999999996,-0.08330013011461232,-0.028783766214130924,-0.008974362601359916,-0.505059226816425,-0.004663828067692397,-0.006541056137495914,0.3119476896138021,0,0,0,8.083426700384473,8.083426700384473,7.5303360689299765,4.46373744963954
turn_right,20.38,0.0,0.0,-0.44999999999999996,-0.09231557102043947,-0.0307613031132538,-0.018662681114028624,-0.48716232857933933,-0.0007050179849509879,-0.009415536962008357,0.31161295142746004,0,0,0,7.766078628688685,7.766078628688685,7.533782292108938,2.9952340382840337
turn_right,20.400000000000002,0.0,0.0,-0.44999999999999996,-0.09105204001279602,-0.027262989304054023,-0.032769094477604954,-0.440071329190758,0.0039259654185162364,-0.014229957341179239,0.3110383751244506,0,0,0,8.805247202401306,8.805247202401306,7.5370589536204164,1.9129784379493113
turn_right,20.42,0.0,0.0,-0.44999999999999996,-0.08355587962416818,-0.01915280717388653,-0.04873987526811233,-0.4121141370827274,0.006529462889503442,-0.020020645518983853,0.31016344580555494,0,0,0,9.588024177656102,9.588024177656102,7.503046221604887,1.87200001513547
turn_right,20.44,0.0,0.0,-0.44999999999999996,-0.0800288213911232,-0.010552438640857437,-0.05531756019739063,-0.4096015821569546,0.005887634587304186,-0.026085596235901894,0.3090904265968819,0,0,0,9.966437517361884,9.966437517361884,7.428573171865818,2.613486406104932
turn_right,20.46,0.0,0.0,-0.44999999999999996,-0.07999566088027549,-0.001617742642125685,-0.05954403625310754,-0.4532564158380637,0.0023184838242384345,-0.032495205519439366,0.3079131815997872,0,0,0,10.04500267989761,10.04500267989761,7.330058672861828,2.6895640150647138
turn_right,20.48,0.0,0.0,-0.44999999999999996,-0.07850001122065936,-0.012510454697652197,-0.023386638893414927,-0.4032130488793769,0.003293812288811434,-0.034535468347783864,0.3069845089199635,0,0,0,9.10816840466471,9.10816840466471,7.224483522394728,2.780930579523387
turn_right,20.5,0.0,0.0,-0.44999999999999996,-0.06154036302652199,-0.033636901306485126,-0.00846336495449309,-0.44624052384372914,0.012638948127798267,-0.02920321343842924,0.3067080391018736,0,0,0,7.900136679751119,7.900136679751119,7.140092077911156,3.6380393010804957
turn_right,20.52,0.0,0.0,-0.44999999999999996,-0.04127442321917575,-0.03876796914630694,0.019648639377464007,-0.5217575394171511,0.019644466060980588,-0.022664103599180085,0.306638942433729,0,1,0,6.652708328089259,6.652708328089259,7.119829059060962,4.3492627051134995
turn_right,20.54,0.0,0.0,-0.44999999999999996,-0.02254248787002921,-0.017233086171452524,0.06631701535461,-0.5305092443054213,0.013604043917886104,-0.02104300684328007,0.30758209251085605,0,0,0,6.504776220233087,6.504776220233087,7.139948670623834,4.215837310205654
turn_right,20.56,0.0,0.0,-0.44999999999999996,-0.020745512687351197,0.004097535964550036,0.07802238022993706,-0.5185152941442936,0.008116684483043878,-0.02154984778020006,0.3090227462671811,0,1,0,6.547821987716799,6.547821987716799,7.2213376469145345,4.215837310205654
turn_right,20.580000000000002,0.0,0.0,-0.44999999999999996,-0.03174571552242604,0.011536889062470523,0.07452906306727264,-0.4854439390671106,0.006090318141845227,-0.02464784669279791,0.3104836080365056,0,0,0,7.077583306477546,7.077583306477546,7.239602411261515,6.71157910406634
turn_right,20.6,0.0,0.0,-0.44999999999999996,-0.04960864567273934,0.01703362122259229,0.05552662376643241,-0.4846123294280571,0.006959152881659726,-0.02780742880288094,0.31166968759139274,0,0,0,7.311629397594265,7.311629397594265,7.257012232890382,8.141613352690348
turn_right,20.62,0.0,0.0,-0.44999999999999996,-0.06541124236694494,0.017077363006847295,0.03076888340897659,-0.547349920943265,0.00572906875235017,-0.030069531723780706,0.31242860400905625,0,0,0,7.747063276349073,7.747063276349073,7.381616216058003,6.291409450069655
turn_right,20.64,0.0,0.0,-0.44999999999999996,-0.07752752045827502,0.014267605455716802,0.01230373597386418,-0.606931083201628,0.00036145642764420793,-0.030337830119470676,0.3127378132629446,0,0,0,8.065705997296298,8.065705997296298,7.474436231372483,5.991288365450946
turn_right,20.66,0.0,0.0,-0.44999999999999996,-0.08787834793349057,0.01460002331988506,0.005907024473284072,-0.6238720712664214,-0.006340005283060293,-0.028788755913815245,0.3128138739101551,0,0,0,8.310346383206811,8.310346383206811,7.505768134856368,3.7679400742610394
turn_right,20.68,0.0,0.0,-0.44999999999999996,-0.09761738874774369,0.017008830867542162,0.0013978249463017193,-0.6197814841518308,-0.012258302671919415,-0.02572752189283571,0.31281998437091746,0,0,0,8.282777505460519,8.282777505460519,7.5104203858756975,2.2880715074467997
turn_right,20.7,0.0,0.0,-0.44999999999999996,-0.1041148383612299,0.02013410817816716,-0.00890549278400204,-0.5950978141081716,-0.01590744034367138,-0.022664736073399912,0.312678657182516,0,0,0,8.226247696023979,8.226247696023979,7.5148446325172,1.3885215239797133
turn_right,20.72,0.0,0.0,-0.44999999999999996,-0.10727737269694843,0.022045348810169788,-0.020736208635903024,-0.5405042046482128,-0.016182538354900123,-0.020720878268576687,0.31233398041625027,0,0,0,8.335117979393194,8.335117979393194,7.519051887855799,1.9944235359720441
turn_right,20.740000000000002,0.0,0.0,-0.44999999999999996,-0.10792879169807779,0.02041269855008371,-0.032089973878347465,-0.45943512598348873,-0.013091599598778956,-0.019643781151784584,0.31173320927404086,0,0,0,8.496508640541515,8.496508640541515,7.5230526485033735,3.7171245744946555
turn_right,20.76,0.0,0.0,-0.44999999999999996,-0.09620254097391356,0.022146961922586625,-0.03238524273995269,-0.315610153148051,-0.01632659645665553,-0.016020866268207017,0.3110285172902339,0,0,0,8.307078027974772,8.307078027974772,7.52685691733652,3.7171245744946555
turn_right,20.78,0.0,0.0,-0.44999999999999996,-0.07992329074463646,0.02498209414904735,-0.026467381015908443,-0.23473154945219946,-0.02125721185635313,-0.009330027530666706,0.31031243829984856,0,1,0,7.922940174448966,7.922940174448966,7.530474225369694,2.923903385940302
turn_right,20.8,0.0,0.0,-0.44999999999999996,-0.061224725295087774,0.014735133025116582,0.013324499761593377,-0.283805864094859,-0.018599390153243654,-0.0071741523286943925,0.3102310661021807,0,1,0,6.956234081689687,6.956234081689687,7.5339136527910995,1.0968270641329623
turn_right,20.82,0.0,0.0,-0.44999999999999996,-0.044703054412972155,-0.0020650365704103883,0.026449645456627025,-0.36898418142492484,-0.01344549154460593,-0.006892289454688897,0.3106785381579947,0,1,0,6.955553645503592,6.955553645503592,7.537183849179982,0.5985751154637378
turn_right,20.84,0.0,0.0,-0.44999999999999996,-0.03921558039267659,-0.016910769238192465,0.02058495967158069,-0.42020766027179174,-0.00872768423243476,-0.00648495470374933,0.3111382600259909,0,0,0,6.768661790763805,6.768661790763805,7.540293052925225,3.453895032873052
turn_right,20.86,0.0,0.0,-0.44999999999999996,-0.046133588116240735,-0.027661060755713708,0.00772927466811918,-0.40657810117286874,-0.009440414158389485,-0.006151747551544751,0.31133346020769764,0,0,0,6.975459069051258,6.975459069051258,7.543249109865819,5.006149553327443
turn_right,20.88,0.0,0.0,-0.44999999999999996,-0.06403329768947506,-0.032380895547766596,-0.010472474968378125,-0.3933832301712008,-0.013413704237126902,-0.007284170983215927,0.3112280000541952,0,0,0,7.238642744803655,7.238642744803655,7.546059491174702,4.613999581279162
turn_right,20.900000000000002,0.0,0.0,-0.44999999999999996,-0.08388100559466032,-0.03673723644880682,-0.015171090400863726,-0.3663798344300324,-0.01607656251445211,-0.010414607353366124,0.3109467984517004,0,0,0,7.822594454343897,7.822594454343897,7.548731310507691,2.9466268444463397
turn_right,20.92,0.0,0.0,-0.44999999999999996,-0.09678033308237263,-0.038386960701151836,-0.01812801594434261,-0.3335942078727168,-0.01700068704605782,-0.01599816068566123,0.3105954180379409,0,0,0,8.74296135040122,8.74296135040122,7.5496524950398864,1.9185606430592586
turn_right,20.94,0.0,0.0,-0.44999999999999996,-0.10182811597871315,-0.033033498196211125,-0.024125954677972364,-0.32906976161761525,-0.017368624076590494,-0.022988069453018685,0.31016229639117454,0,0,0,9.38887652621462,9.38887652621462,7.515931376764112,1.8877116775343197
turn_right,20.96,0.0,0.0,-0.44999999999999996,-0.1026261185868704,-0.02205051002088025,-0.029061000262429436,-0.3480953901017912,-0.018205324124180196,-0.02944960604415253,0.3096307300195858,0,0,0,9.714455301043078,9.714455301043078,7.446650416465474,3.39520704341205
turn_right,20.98,0.0,0.0,-0.44999999999999996,-0.10039501131632322,-0.01030352481946863,-0.03622841181991245,-0.3890165195624496,-0.02046280377381128,-0.03489587484122031,0.30897434630816434,0,0,0,9.73462073733559,9.73462073733559,7.35570017294868,4.454037298228046
turn_right,21.0,0.0,0.0,-0.44999999999999996,-0.09515356512049095,-0.013497188910511694,-0.022204520958682233,-0.3099019187279001,-0.021643420104071727,-0.03850457593420285,0.30824411639989074,0,0,0,9.328091781361259,9.328091781361259,7.26125034482849,5.045808782531654
forward_left,21.02,0.30000000000000004,0.15000000000000002,0.0,-0.0767190981817131,-0.03832783545339132,-0.004450065814494279,-0.2035702359971875,-0.015420410348638787,-0.03592634178259806,0.30801128984257475,0,0,0,8.410424109870158,8.410424109870158,7.172057630832697,3.3516163798409977
forward_left,21.04,0.30000000000000004,0.15000000000000002,0.0,-0.04568612762607342,-0.06396176421210865,-0.00458476542799921,-0.2171779663940203,-0.005663514051341443,-0.03199389182468811,0.30792989914061647,0,0,0,7.850120726867085,7.850120726867085,7.136183464686837,3.8001596509338893
forward_left,21.06,0.30000000000000004,0.15000000000000002,0.0,-0.011018418424354312,-0.06427525692108722,0.014261468401155707,-0.2619448944788756,-0.001563230862173233,-0.028571607259204043,0.3079136090630238,0,1,0,7.081777489694077,7.081777489694077,7.1252269271357385,4.039607917610785
forward_left,21.080000000000002,0.30000000000000004,0.15000000000000002,0.0,0.023130598050449466,-0.043698967256318506,0.043762995552569954,-0.31026525224761614,-0.006497590521989923,-0.02958160979993737,0.3085428275224443,0,1,0,6.487788089624754,6.487788089624754,7.140973740508947,5.166378536517622
forward_left,21.1,0.30000000000000004,0.15000000000000002,0.0,0.05449507514462397,-0.024644211612016787,0.047796355169887984,-0.426038845338534,-0.00973308875001917,-0.030398851520617897,0.30955088511961254,0,1,0,6.62906165167146,6.62906165167146,7.184631101480921,4.333005131584949
forward_left,21.12,0.30000000000000004,0.15000000000000002,0.0,0.07016482430816429,-0.01558285364292505,0.03290695800830288,-0.5263907801463799,-0.013289441778729977,-0.028764639060969554,0.3104169328335635,0,1,0,6.797446837756164,6.797446837756164,7.273376158952207,5.159284396069506
forward_left,21.14,0.30000000000000004,0.15000000000000002,0.0,0.07635343816568087,-0.005598959591573405,-0.004079201431814429,-0.5944244607073579,-0.015690540930844588,-0.025355568792928374,0.3107198611985813,0,0,0,6.911930510420784,6.911930510420784,7.319125379472386,3.5451277380414696
forward_left,21.16,0.30000000000000004,0.15000000000000002,0.0,0.06749338094826811,0.004377850800576141,-0.03105494103319344,-0.6050261937162685,-0.015396107722832343,-0.02067281779050953,0.310304394417031,0,0,0,7.809460886843613,7.809460886843613,7.400048626586365,5.022601142708814
forward_left,21.18,0.30000000000000004,0.15000000000000002,0.0,0.0670546963890657,0.011694478824258489,-0.040829534992746386,-0.5018662205736298,-0.011691837707046532,-0.01891598089497815,0.30952044570760695,0,0,0,8.353659579681363,8.353659579681363,7.4742690472319815,4.724924332391456
forward_left,21.2,0.30000000000000004,0.15000000000000002,0.0,0.0690157664360829,0.015174997156361099,-0.030295939423446966,-0.34990159272297977,-0.00687128367702837,-0.02033919706931079,0.30882017316506105,0,0,0,8.436954027379093,8.436954027379093,7.519713522066358,3.8935602030301264
forward_left,21.22,0.30000000000000004,0.15000000000000002,0.0,0.07565616337964079,0.013789419340210003,-0.01421579359782128,-0.17400996004051378,-0.0028507885013138393,-0.02290606278020485,0.30845432131624867,0,0,0,8.320339825489514,8.320339825489514,7.5325004527715755,2.8511941984782347
forward_left,21.240000000000002,0.30000000000000004,0.15000000000000002,0.0,0.08920630859424013,0.007702471708761726,-0.006565464489318783,0.0035116350540885157,0.001450293700376067,-0.025375417188176128,0.308363978597265,0,0,0,8.196428200772782,8.196428200772782,7.535840194730213,2.671779322342463
forward_left,21.26,0.30000000000000004,0.15000000000000002,0.0,0.10655709040797083,-0.0002516705046101766,-0.015698738769327796,0.1692639335783636,0.007897200420340684,-0.027945898249590727,0.3082443410494098,0,0,0,8.166034262710243,8.166034262710243,7.539015557366181,3.1077017557573363
forward_left,21.28,0.30000000000000004,0.15000000000000002,0.0,0.12466473764604928,-0.002687010564363019,-0.00840326093663687,0.27800374601242134,0.012714271537276126,-0.029834406889888983,0.30799706409984196,0,0,0,8.208635688052647,8.208635688052647,7.542034547996874,3.156607839742345
forward_left,21.3,0.30000000000000004,0.15000000000000002,0.0,0.15906692036165584,0.009311425533978722,0.003494313164523099,0.3665848469102028,0.010962150827633134,-0.02760157187007842,0.3080964706390826,0,0,0,8.20536498021376,8.20536498021376,7.544904791906561,3.522802759270704
forward_left,21.32,0.30000000000000004,0.15000000000000002,0.0,0.19945137121176362,0.031236429321630323,0.005020649750500214,0.4449528203370054,0.008373271925526575,-0.02362990356304942,0.3083165266759336,0,0,0,8.158286230553758,8.158286230553758,7.547633549799109,4.340265669278018
forward_left,21.34,0.30000000000000004,0.15000000000000002,0.0,0.2351557274697823,0.06344840166611047,-0.00815617616520765,0.48279343999031743,0.005001926309346561,-0.01897465239193082,0.30843211755379746,0,0,0,7.997585752314348,7.997585752314348,7.550227734528782,4.532594379900312
forward_left,21.36,0.30000000000000004,0.15000000000000002,0.0,0.24964093689397837,0.08222778172253872,0.01962288526716055,0.39451456022288656,0.007359108741632394,-0.018008452525818838,0.3085476857379063,0,1,0,7.960414858935974,7.960414858935974,7.552693927131411,4.590468203770382
forward_left,21.38,0.30000000000000004,0.15000000000000002,0.0,0.2549057401425547,0.09900045151604901,0.03311501654721175,0.2801271590272358,0.012207557794702362,-0.02216548984188545,0.3092739376774137,0,1,0,8.272864473562123,8.272864473562123,7.55473492730161,1.5014776996026196
forward_left,21.400000000000002,0.30000000000000004,0.15000000000000002,0.0,0.24894494097621597,0.11022240133323022,0.02640024322500586,0.24009500326574895,0.0143056272379293,-0.024188164267942503,0.3099830608710522,0,0,0,8.25618018897193,8.25618018897193,7.526970743310898,3.622160703047378
forward_left,21.42,0.30000000000000004,0.15000000000000002,0.0,0.23304546712037122,0.10610977215036903,0.007842719839672182,0.2751233581885049,0.016152689049186254,-0.024045846536803483,0.3103293144370618,0,0,0,8.584743417070719,8.584743417070719,7.501643294549403,8.474434295974406
forward_left,21.44,0.30000000000000004,0.15000000000000002,0.0,0.21237909777205366,0.09726043130671955,-0.013775753144713689,0.23186927838971494,0.021301971206548906,-0.024259498477643842,0.31023078051686637,0,0,0,8.462252400739045,8.462252400739045,7.489658416673944,9.198518905523647
forward_left,21.46,0.30000000000000004,0.15000000000000002,0.0,0.20377417752181576,0.09222010736302304,-0.04024227397645568,0.08872390799065642,0.02380865422098612,-0.031237184500968514,0.3096777505760341,0,0,0,9.491052226432544,9.491052226432544,7.478339044293392,9.437706180326872
forward_left,21.48,0.30000000000000004,0.15000000000000002,0.0,0.2136151295085362,0.09040141780931109,-0.07020003262287919,0.011534565004669109,0.026130210699235216,-0.04253155171191836,0.30862319658633003,0,0,0,10.753650013483083,10.753650013483083,7.423413295173514,8.83691963456778
forward_left,21.5,0.30000000000000004,0.15000000000000002,0.0,0.22623912307622593,0.097913676229154,-0.08296889380433312,-0.07922094926364258,0.02633461494838924,-0.05265093155542908,0.30728427952996135,0,0,0,11.273313956879623,11.273313956879623,7.300698810935877,5.7463999089867155
forward_left,21.52,0.30000000000000004,0.15000000000000002,0.0,0.23756551237736212,0.10620046945995638,-0.08176494729395109,-0.2004778151313284,0.02444584286254455,-0.058275883387491144,0.305961887998416,0,0,0,10.767947777041345,10.767947777041345,7.128864005974531,3.338619443038842
forward_left,21.54,0.30000000000000004,0.15000000000000002,0.0,0.2517733104557681,0.11560693818556249,-0.09238400126971824,-0.3177208746706329,0.021711744169949754,-0.06037283751477995,0.3045879812116362,0,0,0,9.732427596201905,9.732427596201905,6.974695035097184,3.8670964685836027
forward_left,21.56,0.30000000000000004,0.15000000000000002,0.0,0.2623563186433695,0.1193718322419248,-0.1028519144969702,-0.3313145422151774,0.018634570977921306,-0.05916817893359363,0.30287549109445283,0,0,0,8.631409223719304,8.631409223719304,6.873105967829524,4.780451181671062
forward_left,21.580000000000002,0.30000000000000004,0.15000000000000002,0.0,0.2505307396580417,0.10623463752010619,-0.02190633661114043,-0.05283775896235177,0.018885605116532752,-0.050295142295752916,0.3019741515833104,0,1,0,6.505358659819283,6.505358659819283,6.824035999523545,3.2395042123570374
forward_left,21.6,0.30000000000000004,0.15000000000000002,0.0,0.24646731246685244,0.10676463079570503,0.0383881005808525,0.20506994854604552,0.016277929795475186,-0.0420872986575401,0.30253224208162616,0,1,0,7.017347133668651,7.017347133668651,6.850200213437262,1.3348275443058224
forward_left,21.62,0.30000000000000004,0.15000000000000002,0.0,0.2502067461187186,0.11557930418037447,0.06558088176243608,0.33703793191935766,0.012748061339210451,-0.034331578492469886,0.30386935490355504,0,1,0,7.705682323463688,7.705682323463688,6.9303414288352805,1.5152981700718284
forward_left,21.64,0.30000000000000004,0.15000000000000002,0.0,0.25624367040389234,0.13032478826478452,0.055954919171035684,0.2844357204608749,0.0068383310602841765,-0.025100000022806334,0.3052993687289304,0,0,0,7.542924556129349,7.542924556129349,7.047890486195119,2.8258582634998164
forward_left,21.66,0.30000000000000004,0.15000000000000002,0.0,0.2578450350139168,0.15033509854519098,0.01701605772487398,0.08494345038178759,-0.0018288381546369531,-0.015564351286247214,0.30603634135634805,0,0,0,8.065644777593748,8.065644777593748,7.150634656384437,6.234077497824372
forward_left,21.68,0.30000000000000004,0.15000000000000002,0.0,0.25848074506648866,0.16422407419295348,-0.03672867767655292,-0.06426571394605156,-0.00886553919990914,-0.008514169351881583,0.30576554968762387,0,0,0,8.681425376123736,8.681425376123736,7.185186035731768,6.264485631618842
forward_left,21.7,0.30000000000000004,0.15000000000000002,0.0,0.26273833408695835,0.16991141671864465,-0.062322579550375345,-0.06765154927224902,-0.015282646144029053,-0.006781665785871729,0.30474203678486345,0,0,0,9.139831228256831,9.139831228256831,7.205135308327517,6.248806859176748
forward_left,21.72,0.30000000000000004,0.15000000000000002,0.0,0.27282047771577017,0.1643318183341816,-0.06922907249550582,0.03455053567160096,-0.015320994161071388,-0.011635654559109528,0.3034020474225728,0,0,0,10.845068315205738,10.845068315205738,7.287090005143064,6.002670914744715
forward_left,21.740000000000002,0.30000000000000004,0.15000000000000002,0.0,0.28150431306199813,0.15008431010893283,-0.06262260169439873,0.1478215141643515,-0.011355459642147157,-0.018774422808250858,0.3021321549867953,0,0,0,11.614585936141314,11.614585936141314,7.43353515656851,4.14171073382844
forward_left,21.76,0.30000000000000004,0.15000000000000002,0.0,0.2902064758656402,0.1314174661191501,-0.05433236610849145,0.25458706818103677,-0.005703948290882062,-0.02499063469732053,0.3011004316557184,0,0,0,11.488615450855704,11.488615450855704,7.537633400648666,2.6766074313088217
forward_left,21.78,0.30000000000000004,0.15000000000000002,0.0,0.30267661771514637,0.10963792671871736,-0.05152445930878519,0.3544723306554264,-0.00043317883099398445,-0.029265639096065024,0.3002474447381714,0,0,0,10.846968001183171,10.846968001183171,7.479206587278316,2.7669898320963977
forward_left,21.8,0.30000000000000004,0.15000000000000002,0.0,0.31689112156722826,0.0888919021196542,-0.05624735792118577,0.43408110650905485,0.003589465751481631,-0.03175468053104401,0.2993984247122356,0,0,0,10.081876819203583,10.081876819203583,7.316943544280136,2.5215948060847637
forward_left,21.82,0.30000000000000004,0.15000000000000002,0.0,0.321930445138919,0.08640175934541273,-0.027201462150684502,0.39790999806439514,-0.0021189700007707246,-0.029311980756628272,0.2987549541389868,0,0,0,8.841401321078056,8.841401321078056,7.197600607054593,3.0547778855075185
forward_left,21.84,0.30000000000000004,0.15000000000000002,0.0,0.33881822563442754,0.10497254293816184,-0.00832273239457533,0.38704805798862246,-0.015514566099324195,-0.021168763960529365,0.29861162975989325,0,0,0,7.541370331096699,7.541370331096699,7.126593033535791,3.800377388247277
forward_left,21.86,0.30000000000000004,0.15000000000000002,0.0,0.3532597264046061,0.13178852898149873,0.017225051670332083,0.38203977435605907,-0.028041931750042427,-0.01218455622283204,0.2986916710576052,0,1,0,6.579697875959231,6.579697875959231,7.119499098694909,4.124003307869922
forward_left,21.88,0.30000000000000004,0.15000000000000002,0.0,0.34456661822915,0.1253967248197171,0.1026637222492742,0.22773691516375646,-0.021843182285261012,-0.012188261039453134,0.30006225022953636,0,1,0,6.486143660982809,6.486143660982809,7.1530367688244,2.1855447632036453
forward_left,21.900000000000002,0.30000000000000004,0.15000000000000002,0.0,0.3307218439155978,0.1174340847240439,0.1374361309737525,0.08722412711183775,-0.012957414958660773,-0.01578816693523575,0.30265231360671196,0,1,0,6.202315935426924,6.202315935426924,7.2223753165188,1.984554525455551
forward_left,21.92,0.30000000000000004,0.15000000000000002,0.0,0.3105665677445799,0.10765314923572165,0.11666541913480968,-0.008497730064148138,-0.004842417311534948,-0.016821505596417728,0.30532086557144233,0,0,0,6.822024038573969,6.822024038573969,7.3289169412705775,3.307883680027326
forward_left,21.94,0.30000000000000004,0.15000000000000002,0.0,0.2849215053209524,0.0995922603380266,0.06513832265018071,0.017796176864335538,0.0017737362513051526,-0.016480558995769622,0.30707300801529375,0,0,0,7.769119923896561,7.769119923896561,7.404852056263898,9.908568255879528
forward_left,21.96,0.30000000000000004,0.15000000000000002,0.0,0.28189196530858707,0.09256654007756356,-0.005266767553463362,0.016180012559494455,0.011851194881312825,-0.020252712710445125,0.30749050501310726,0,0,0,9.170922844895674,9.170922844895674,7.495653445282176,12.184466290755362
forward_left,21.98,0.30000000000000004,0.15000000000000002,0.0,0.29126647511302955,0.0881596685934218,-0.048830947596929256,-0.005218946291261995,0.02027526257489759,-0.028405232239996615,0.30690551214871525,0,0,0,9.25965959610963,9.25965959610963,7.570490373374788,10.216815923147053
forward_left,22.0,0.30000000000000004,0.15000000000000002,0.0,0.2949911149777968,0.08704731971024661,-0.05820900948857799,-0.05366989856242519,0.023093440491198873,-0.03689510532567122,0.30597047343201306,0,0,0,10.231842114995647,10.231842114995647,7.521157469218835,5.925811754501552
forward_left,22.02,0.30000000000000004,0.15000000000000002,0.0,0.29875052893284587,0.08812914502184185,-0.0531899575150305,-0.1266965825832768,0.021760634978629553,-0.04462946232605372,0.3051308060485336,0,0,0,10.435966829504363,10.435966829504363,7.412102967159207,4.153574998062348
forward_left,22.04,0.30000000000000004,0.15000000000000002,0.0,0.30340830591782636,0.09375248530132016,-0.04740110489505153,-0.23989609153645053,0.018971001189636492,-0.05145762584273697,0.30449020156117196,0,0,0,9.883563943743082,9.883563943743082,7.28505801830573,1.7808492109823089
forward_left,22.06,0.30000000000000004,0.15000000000000002,0.0,0.3092803922497586,0.10114961211268757,-0.05284668808094453,-0.35669385760715816,0.016145283164527485,-0.056841123989058495,0.3039100067128421,0,0,0,9.001435382780809,9.001435382780809,7.1779557814090005,3.0843818855111222
forward_left,22.080000000000002,0.30000000000000004,0.15000000000000002,0.0,0.31362029304706446,0.10988913162687919,-0.07195306088633972,-0.4478825545344766,0.012749957129672184,-0.06037851194994289,0.3031118104217672,0,0,0,8.149235117764757,8.149235117764757,7.110634540531809,2.9717362587283773
forward_left,22.1,0.30000000000000004,0.15000000000000002,0.0,0.31738044855662323,0.0909048942764832,-0.047671769001127656,-0.3404001405814471,0.017040967396765316,-0.05498336280132311,0.3023996262093994,0,0,0,6.471650595078247,6.471650595078247,7.083020000206091,2.493837951236534
forward_left,22.12,0.30000000000000004,0.15000000000000002,0.0,0.3357059631447661,0.06748375748188307,-0.05714628254604064,-0.3092476991309473,0.0255722478640593,-0.04055377950099412,0.3017279288793675,0,0,0,5.885867504523996,5.885867504523996,7.105437285022678,3.0312508311770134
forward_left,22.14,0.30000000000000004,0.15000000000000002,0.0,0.34066898186835254,0.05342020574293934,-0.04017161940274328,-0.3441510146304386,0.03086055204702346,-0.022710865468823165,0.3007638058832685,0,1,0,7.50378677984329,7.50378677984329,7.184800836270298,3.474008588340644
forward_left,22.16,0.30000000000000004,0.15000000000000002,0.0,0.31894689432037115,0.06712976542836956,0.025731220245038943,-0.29537887937469537,0.022038080036817256,-0.012695258062943113,0.30090578712870925,0,1,0,8.231432233712788,8.231432233712788,7.2984813722505955,2.4911268236226447
forward_left,22.18,0.30000000000000004,0.15000000000000002,0.0,0.28447843664089834,0.08981250161482172,0.051278050022572054,-0.23209820166555897,0.012194543650730073,-0.007563001292914107,0.30184525379478555,0,1,0,9.270765579411908,9.270765579411908,7.36662631330336,1.6372450909997969
forward_left,22.2,0.30000000000000004,0.15000000000000002,0.0,0.2432948222161928,0.10612368280383862,0.042791059221884274,-0.22277133545508818,0.0037755439482753663,-0.0029247450630095722,0.302790276535451,0,0,0,8.153393190985124,8.153393190985124,7.378017835441817,5.173101987030104
forward_left,22.22,0.30000000000000004,0.15000000000000002,0.0,0.23859983748212896,0.11411062886546042,-0.007422393771970076,-0.18939385084741092,-0.0020023822565334646,-0.0011759463916209756,0.30299415350873954,0,0,0,7.658938824633817,7.658938824633817,7.474330599413506,6.515257351139692
forward_left,22.240000000000002,0.30000000000000004,0.15000000000000002,0.0,0.24742859940490722,0.11051649351494769,-0.04043083344303076,-0.1098166488120563,-0.0039748005415041355,-0.004597314359080407,0.3023920252505439,0,0,0,8.686844457898205,8.686844457898205,7.578462819469795,6.3643447231571955
forward_left,22.26,0.30000000000000004,0.15000000000000002,0.0,0.24581959787443344,0.10507192942623635,-0.03900233600811499,-0.020216888238949973,-0.004014217443385803,-0.008774217297887842,0.301574730974049,0,0,0,9.304702523467556,9.304702523467556,7.707359046491682,4.21268982800674
forward_left,22.28,0.30000000000000004,0.15000000000000002,0.0,0.23550126592057138,0.10101357610814184,-0.017219938316843764,0.08565408424405144,-0.003243468290587482,-0.011109931983890988,0.30108028179907975,0,0,0,9.159320333570015,9.159320333570015,7.691818369173312,2.5971104506101814
forward_left,22.3,0.30000000000000004,0.15000000000000002,0.0,0.22204916465927543,0.0993882227095546,0.002012235994883187,0.17391401623243308,-0.0032486665183476702,-0.011248217289647266,0.301062370028624,0,0,0,8.39352588135367,8.39352588135367,7.6163607614839925,2.482317731107843
forward_left,22.32,0.30000000000000004,0.15000000000000002,0.0,0.2118341558953902,0.10019010050107462,0.0055549968917284545,0.20486807070650281,-0.005762121845882323,-0.010866486930154304,0.3012427566796295,0,0,0,7.730408295559739,7.730408295559739,7.57369134327141,2.4418805605669442
forward_left,22.34,0.30000000000000004,0.15000000000000002,0.0,0.2078951270126829,0.10048132030591794,-0.008679830876010786,0.21104775405129353,-0.009291148623629761,-0.010051734998079567,0.30128032299161084,0,0,0,7.347570536520979,7.347570536520979,7.562183915535826,3.0334909229438685
forward_left,22.36,0.30000000000000004,0.15000000000000002,0.0,0.21123738073447743,0.11035739752574156,0.0017763253118500163,0.22141222044247205,-0.019059406103578157,-0.0063082148703751065,0.301279442503225,0,0,0,6.977220352025346,6.977220352025346,7.569140003665641,3.6812503649622346
forward_left,22.38,0.30000000000000004,0.15000000000000002,0.0,0.21257344655634436,0.11249325800760535,0.04191499792469159,0.2561567817143075,-0.026713222659630092,-0.0022557608846537217,0.30152101497824035,0,1,0,6.487959735030267,6.487959735030267,7.587535775035253,4.1051749866510665
forward_left,22.400000000000002,0.30000000000000004,0.15000000000000002,0.0,0.20486854147193606,0.10160061743173825,0.12720688042781458,0.1821842432171163,-0.0219660234403536,-0.006094586863835049,0.3033315155651258,0,1,0,6.7966088767615185,6.7966088767615185,7.6179781845892585,1.7569390937697713
forward_left,22.42,0.30000000000000004,0.15000000000000002,0.0,0.20412696690949372,0.10103756951896849,0.16517543305920257,0.11383366521833793,-0.017771324637571858,-0.012106730926584187,0.3064010655629243,0,1,0,6.278979883477688,6.278979883477688,7.673637365248116,2.196416428307563
forward_left,22.44,0.30000000000000004,0.15000000000000002,0.0,0.20498493432912743,0.10809949737263574,0.14220874844205691,0.09124829679413322,-0.01481894019290403,-0.01693711742553421,0.3095352369335802,0,0,0,6.058997932939978,6.058997932939978,7.720164758398116,5.184860522096619
forward_left,22.46,0.30000000000000004,0.15000000000000002,0.0,0.18894585266589856,0.11104943662120274,0.08280134587672137,0.14520623132686822,-0.012200585301454136,-0.01851472351813416,0.3117080015609554,0,0,0,8.088052669141057,8.088052669141057,7.714127751794543,6.711333478304614
forward_left,22.48,0.30000000000000004,0.15000000000000002,0.0,0.17630865690462535,0.113721284853751,0.006696242371505519,0.20227895434407941,-0.005903237024957235,-0.020650318995690718,0.31240276741790574,0,0,0,12.606198364344202,12.606198364344202,7.708396852238437,14.152422355720212
forward_left,22.5,0.30000000000000004,0.15000000000000002,0.0,0.18209538281427193,0.10992276766273242,-0.04893554041195318,0.23090988766546058,0.00603710084703794,-0.02469143096513359,0.31183854215642076,0,0,0,11.108356766531351,11.108356766531351,7.674347922080923,14.944385225546363
forward_left,22.52,0.30000000000000004,0.15000000000000002,0.0,0.1928481801707574,0.10838338807087108,-0.06764032294097709,0.14232645546849837,0.012336654190264579,-0.03252250007766088,0.3106513176064492,0,0,0,10.467584137828187,10.467584137828187,7.412333443453285,11.487206586557903
forward_left,22.54,0.30000000000000004,0.15000000000000002,0.0,0.19483798466717284,0.10926576615899068,-0.055824573461130525,0.02728534092265323,0.010097770759863152,-0.04202814722761898,0.3095514670048028,0,0,0,11.160702737187178,11.160702737187178,7.425623438574046,6.557532091932401
forward_left,22.56,0.30000000000000004,0.15000000000000002,0.0,0.19343183341506587,0.11388307563854902,-0.04019108237472502,-0.06341559836769507,0.003279138539938212,-0.05256062778590854,0.30881546120366193,0,0,0,11.092863380077942,11.092863380077942,7.399071852995448,4.132708142650076
forward_left,22.580000000000002,0.30000000000000004,0.15000000000000002,0.0,0.19122146380514848,0.12142389222022547,-0.02946384540367595,-0.1428981647612672,-0.005013175012436664,-0.06332271571534817,0.3083926834795491,0,0,0,10.420599970022966,10.420599970022966,7.233456239524646,2.2668176608711295
forward_left,22.6,0.30000000000000004,0.15000000000000002,0.0,0.1902080532865024,0.13190496772900961,-0.028761658976591126,-0.20846646447215686,-0.013865206387093612,-0.07329138897100788,0.308094054010755,0,0,0,9.672520430643683,9.672520430643683,7.098278993540784,2.925377554811819
forward_left,22.62,0.30000000000000004,0.15000000000000002,0.0,0.19110979893659402,0.13190326379873996,-0.020776231939359555,-0.13478793003132764,-0.020708058918849533,-0.07997989551051168,0.30774643059200885,0,0,0,8.623939852606695,8.623939852606695,7.002428033294876,3.450801657965123
forward_left,22.64,0.30000000000000004,0.15000000000000002,0.0,0.20493847746171034,0.11268185542987752,-0.012833666034714662,-0.0037140926584970334,-0.01937565738288429,-0.07693461104524248,0.307751041073793,0,0,0,6.953349547479789,6.953349547479789,6.943975194200824,2.146269525910081
forward_left,22.66,0.30000000000000004,0.15000000000000002,0.0,0.2289167875836614,0.09715302593987196,-0.0372696135263936,0.010578249424329578,-0.014262733977224763,-0.06715902675551103,0.30752400304345967,0,0,0,6.766197354935562,6.766197354935562,6.955957241029548,2.2571702171492416
forward_left,22.68,0.30000000000000004,0.15000000000000002,0.0,0.25430744524305876,0.08293203826641833,-0.08001692378960239,-0.094261521599461,-0.007329598189966207,-0.05148708964231301,0.3066018691609476,0,0,0,5.874595462345333,5.874595462345333,7.016798003905453,2.5089255704909608
forward_left,22.7,0.30000000000000004,0.15000000000000002,0.0,0.2625869797184534,0.08346423785961991,-0.07737734149058788,-0.24440806362591672,-0.005794167806164853,-0.03419805301188998,0.305014737127232,0,1,0,6.723632697695603,6.723632697695603,7.116360320107081,3.0395504272870237
forward_left,22.72,0.30000000000000004,0.15000000000000002,0.0,0.2545763197923297,0.09805836158853316,-0.02933346878175305,-0.29852104600546014,-0.010524571978699384,-0.022602944942988,0.30413307627392555,0,1,0,8.449627214178438,8.449627214178438,7.234091907851486,2.113360568003311
forward_left,22.740000000000002,0.30000000000000004,0.15000000000000002,0.0,0.23219470410650878,0.11184156344060715,0.006368874325866,-0.3204994528992573,-0.01548194459630601,-0.014296153578312584,0.30403053790889223,0,1,0,9.892081516519688,9.892081516519688,7.27964168978842,1.4414138221326696
forward_left,22.76,0.30000000000000004,0.15000000000000002,0.0,0.20580769415702488,0.12493766966963223,0.00032514532260821195,-0.26884579690995014,-0.020066305136594853,-0.007723300339664055,0.30411489463094027,0,0,0,9.164354272256821,9.164354272256821,7.295168191293506,5.693299462342253
forward_left,22.78,0.30000000000000004,0.15000000000000002,0.0,0.21285668459651666,0.13193243872501287,-0.028983903134972094,-0.13876266996845832,-0.01655608074798887,-0.007132730956719473,0.3036959414163632,0,0,0,8.35264078447811,8.35264078447811,7.398665975263292,6.030839608845578
forward_left,22.8,0.30000000000000004,0.15000000000000002,0.0,0.22193207276136906,0.1281217548448073,-0.04127019776498416,-0.00011583740320293429,-0.008620906260609854,-0.011665984945941035,0.30294231871223515,0,0,0,8.825224354836829,8.825224354836829,7.363542435135045,5.183447084007605
forward_left,22.82,0.30000000000000004,0.15000000000000002,0.0,0.22420375934087397,0.11938196682053359,-0.0369195489230802,0.1354420838686182,0.0006533841676910786,-0.01609859000387939,0.3022106932237626,0,0,0,9.064206265322522,9.064206265322522,7.353765059574357,3.1825073201853407
forward_left,22.84,0.30000000000000004,0.15000000000000002,0.0,0.2228680572449796,0.10961492309695405,-0.026966007083968395,0.24904470881468763,0.008439780431293762,-0.018031059305547832,0.3017117431273303,0,0,0,8.683740799293105,8.683740799293105,7.361949220220456,2.889969513376199
forward_left,22.86,0.30000000000000004,0.15000000000000002,0.0,0.22356416414155197,0.10123627160404168,-0.026916163080362678,0.32556399086361604,0.012472641323005946,-0.017914760782467204,0.3013416512033559,0,0,0,8.076316924640903,8.076316924640903,7.373564598197593,2.86669999389503
forward_left,22.88,0.30000000000000004,0.15000000000000002,0.0,0.22336444655698598,0.09894311370375371,-0.01749475331198929,0.3159414909808733,0.009879319020326864,-0.015837451759531374,0.30094348876685056,0,0,0,7.494063612062144,7.494063612062144,7.384623719524544,2.91897294005795
forward_left,22.900000000000002,0.30000000000000004,0.15000000000000002,0.0,0.23410265083695733,0.11087384241227094,-0.005198744555208499,0.3061132017875722,-0.001969481601297716,-0.008818859670046902,0.300856483932639,0,0,0,6.721020992991115,6.721020992991115,7.395152228714721,3.772321565209499
forward_left,22.92,0.30000000000000004,0.15000000000000002,0.0,0.25249215940297215,0.1333397080674648,-0.0033626435981287317,0.32994170530742173,-0.015708944281168633,-0.0007212287847806953,0.30082422949183063,0,1,0,6.563778384953595,6.563778384953595,7.421290218803993,4.058386425049039
forward_left,22.94,0.30000000000000004,0.15000000000000002,0.0,0.2567364322775441,0.1210523119614956,0.07635440291623882,0.19217346047140565,-0.014602872058317947,0.00023429879069550064,0.30161111080312436,0,1,0,6.04479729309437,6.04479729309437,7.457309170832868,2.29307897068842
forward_left,22.96,0.30000000000000004,0.15000000000000002,0.0,0.26311869840109314,0.11635998037860452,0.12333906513622273,0.10545328294271483,-0.009093552335212965,-0.006138253038939115,0.3037311479999576,0,1,0,6.52301563177146,6.52301563177146,7.5161866660989105,2.0528902789472685
forward_left,22.98,0.30000000000000004,0.15000000000000002,0.0,0.2693849476574458,0.11757955541827898,0.11831293468615313,0.10020943189414748,-0.00423117320735018,-0.012803242636166631,0.30625318035938065,0,1,0,6.957411405510532,6.957411405510532,7.625962645906462,2.088840634016141
forward_left,23.0,0.30000000000000004,0.15000000000000002,0.0,0.2634213995946544,0.11811926013685532,0.07273808999416588,0.16477340816150296,0.0006771675551737115,-0.015984709460131995,0.3082211931898021,0,0,0,8.25627464486308,8.25627464486308,7.624668250102186,4.237427314206061
forward_left,23.02,0.30000000000000004,0.15000000000000002,0.0,0.24713999586446753,0.11623476116925971,0.008892044006933776,0.23955344089366457,0.006320189711779642,-0.017135875665313393,0.3089514860437922,0,0,0,8.130539936412747,8.130539936412747,7.623438517345171,10.292971917181376
forward_left,23.04,0.30000000000000004,0.15000000000000002,0.0,0.26247254916934687,0.10925335407611346,-0.061387695703271655,0.2686111752359716,0.01846175623635223,-0.023357104400406278,0.30837560934812824,0,0,0,9.74557263315361,9.74557263315361,7.5045566653031806,10.981458853828638
forward_left,23.06,0.30000000000000004,0.15000000000000002,0.0,0.28733792692650434,0.11007796751793049,-0.09814816318195674,0.2453906883769119,0.027998905073877818,-0.03436729236050127,0.30684584165967516,0,0,0,11.767085848432174,11.767085848432174,7.44617505668953,8.131841795588151
forward_left,23.080000000000002,0.30000000000000004,0.15000000000000002,0.0,0.30260120054869555,0.11683998401127627,-0.0938233398569854,0.1144301647401152,0.029194627035305676,-0.04403478213552916,0.30519080677095584,0,0,0,12.338516357775033,12.338516357775033,7.386348017573205,4.2895725316184885
forward_left,23.1,0.30000000000000004,0.15000000000000002,0.0,0.315563928275537,0.1259999351985887,-0.07691654773852824,-0.06427159511538162,0.024986649757390476,-0.050468209557943434,0.3038776240635823,0,0,0,11.668506982962601,11.668506982962601,7.1471871867165575,3.3503045629039243
forward_left,23.12,0.30000000000000004,0.15000000000000002,0.0,0.3295499151330358,0.13510764158268374,-0.06704382698577548,-0.2558740826011399,0.01989958752077532,-0.05496051772937355,0.3028925859099166,0,0,0,10.302293856785248,10.302293856785248,6.938142140275723,3.0278294151772074
forward_left,23.14,0.30000000000000004,0.15000000000000002,0.0,0.34175488746637767,0.14377483516642003,-0.07717200785989589,-0.42802124092304294,0.014866451978761094,-0.05829180779612831,0.3019295013643555,0,0,0,8.87030656639493,8.87030656639493,6.803935517064279,3.7666888187010206
forward_left,23.16,0.30000000000000004,0.15000000000000002,0.0,0.33796071585098,0.1325927860108545,-0.06494793798050433,-0.3498226518071278,0.012973479450866184,-0.05718412629542848,0.3008005846490174,0,0,0,7.268043757829531,7.268043757829531,6.741657565265108,4.3791959089715355
forward_left,23.18,0.30000000000000004,0.15000000000000002,0.0,0.3381533124115435,0.08964269518341961,-0.04786163012260075,-0.12248698506359948,0.021355296617361096,-0.04224861249227177,0.30015546021582484,0,0,0,5.693379349386067,5.693379349386067,6.730895833260767,2.197528463117405
forward_left,23.2,0.30000000000000004,0.15000000000000002,0.0,0.3331116390290976,0.0596771732901501,-0.02081469761633864,-0.05391447029626301,0.02668050725705433,-0.02368273483756559,0.2995092678754167,0,1,0,7.1922871598782026,7.1922871598782026,6.794290547147483,4.123200025283401
forward_left,23.22,0.30000000000000004,0.15000000000000002,0.0,0.3074698353570943,0.06323109215123524,0.04188470874000184,-0.046918970511731994,0.01749782450654989,-0.014143007645870523,0.30002210837186705,0,1,0,7.503239701459499,7.503239701459499,6.9082911004972445,2.558612326527924
forward_left,23.240000000000002,0.30000000000000004,0.15000000000000002,0.0,0.2756850511428452,0.0899856685073968,0.06574790736179624,-0.13170432169026694,0.006473121185939253,-0.009466860612966341,0.30126030904333273,0,1,0,8.35275330362704,8.35275330362704,7.046759075037226,1.6582039021232209
forward_left,23.26,0.30000000000000004,0.15000000000000002,0.0,0.23920728350858994,0.11661212870799792,0.05038992129125429,-0.29475952179496306,-0.0025512061134095048,-0.004269328788852668,0.3024528802471659,0,0,0,7.34967014302871,7.34967014302871,7.130025843301436,4.846387609426406
forward_left,23.28,0.30000000000000004,0.15000000000000002,0.0,0.21427600483431444,0.13867710360340477,-0.000982750711796228,-0.40234821533076076,-0.009032584899151461,-0.0005102767734891895,0.3028492021957021,0,0,0,8.029951551496493,8.029951551496493,7.152525725698904,5.918563456748889
forward_left,23.3,0.30000000000000004,0.15000000000000002,0.0,0.2104433687186143,0.15482144854591828,-0.04069225977686398,-0.4221246189958922,-0.013243334570900541,-0.003614072841242556,0.3023026595943655,0,0,0,9.934441146321483,9.934441146321483,7.173988068327137,5.504586213036658
forward_left,23.32,0.30000000000000004,0.15000000000000002,0.0,0.19955389469385507,0.16293021181868894,-0.04744117053865572,-0.3791118081224218,-0.01496791230181063,-0.010018783761012439,0.3013386883504756,0,0,0,11.30896491066131,11.30896491066131,7.306970264445059,3.7652523515374767
forward_left,23.34,0.30000000000000004,0.15000000000000002,0.0,0.17878624237365393,0.16594718149191368,-0.02814656124703015,-0.29664759172237926,-0.015193631356711063,-0.01449829352147793,0.3005863876956859,0,0,0,11.676314648440426,11.676314648440426,7.448645037249939,2.401096507115086
forward_left,23.36,0.30000000000000004,0.15000000000000002,0.0,0.1562705918138338,0.16667621480470146,-0.0035242267472228497,-0.2213852089695772,-0.015371456688838433,-0.014896632943343832,0.3003459226521112,0,0,0,10.938426040390487,10.938426040390487,7.538569669653466,2.7192381675927577
forward_left,23.38,0.30000000000000004,0.15000000000000002,0.0,0.14844913476772117,0.16396214312230414,0.005314079436574529,-0.13534218551070368,-0.017562996313388427,-0.013929668047415321,0.3004283739384339,0,0,0,10.041287804299186,10.041287804299186,7.43296181957432,2.81567629478151
forward_left,23.400000000000002,0.30000000000000004,0.15000000000000002,0.0,0.15223961295466992,0.1582520549021622,-0.0040197546612018645,-0.05932972459846724,-0.02341507166550608,-0.01289781740680948,0.30045969433009706,0,0,0,9.41824549978625,9.41824549978625,7.313763896804247,2.6718263748732376
forward_left,23.42,0.30000000000000004,0.15000000000000002,0.0,0.1639696803623491,0.1510503896459172,-0.027652588294951007,0.02669972496168204,-0.030374174411472814,-0.011387071479650292,0.3001117053685901,0,0,0,9.135621466407676,9.135621466407676,7.231846219787723,3.2546260446593918
forward_left,23.44,0.30000000000000004,0.15000000000000002,0.0,0.17159271939337012,0.13851529727718603,-0.008521801641041908,0.11310444235005519,-0.03814415766555181,-0.008569858643778912,0.2994880619330523,0,1,0,8.870054225439779,8.870054225439779,7.1692825373516165,3.9308252275984508
forward_left,23.46,0.30000000000000004,0.15000000000000002,0.0,0.18526801133111617,0.09953779682408818,0.06326146143343256,0.15367797847903147,-0.0342784832363261,-0.011759725664940478,0.30012282360473597,0,1,0,8.198761162038913,8.198761162038913,7.1105470428248445,1.4586285008130617
forward_left,23.48,0.30000000000000004,0.15000000000000002,0.0,0.21092189245515647,0.06849249224562601,0.11496986050872406,0.18802731855383936,-0.028595756017184004,-0.017652714185459023,0.30199163085062786,0,1,0,7.317067033431861,7.317067033431861,7.082576482164004,5.468600629936155
forward_left,23.5,0.30000000000000004,0.15000000000000002,0.0,0.24180169925526995,0.05248997402697392,0.13669046821485634,0.25661768459735074,-0.023870664206643084,-0.022892830130968662,0.3046504605438661,0,0,0,7.092448156660729,7.092448156660729,7.087201688783832,4.748740369348886
forward_left,23.52,0.30000000000000004,0.15000000000000002,0.0,0.26479210616584153,0.04562056642087223,0.11069117756266017,0.2871688203996258,-0.02011595515324952,-0.025753651152580954,0.3072317682921574,0,1,0,6.600679114037413,6.600679114037413,7.156790773872807,4.040715203280795
forward_left,23.54,0.30000000000000004,0.15000000000000002,0.0,0.26379237641042047,0.04327817657789857,0.07270512215167105,0.29648347581535933,-0.01741957593093602,-0.025382581759954333,0.30914322036053377,0,0,0,7.039859229614115,7.039859229614115,7.278111672873504,3.1576346132709885
forward_left,23.56,0.30000000000000004,0.15000000000000002,0.0,0.24137489380501792,0.04585716483778459,0.030922466867142527,0.20815993669462649,-0.011097033469779255,-0.023870739178951838,0.3101289152630172,0,0,0,7.589173166028767,7.589173166028767,7.3869523752088,7.253937137355131
forward_left,23.580000000000002,0.30000000000000004,0.15000000000000002,0.0,0.22480075160490334,0.044628076648029195,0.006824556746623783,0.03666018480657294,-0.0006430876095575395,-0.023122922938187122,0.3104721727299535,0,0,0,7.686819754775974,7.686819754775974,7.477570788014791,8.783279766253882
forward_left,23.6,0.30000000000000004,0.15000000000000002,0.0,0.21417800463075634,0.039314133556852246,-0.00725264112999905,-0.09389087559423069,0.008628954966833557,-0.02421846169676728,0.3104889242561493,0,0,0,7.923542795781402,7.923542795781402,7.578119619471593,7.983848799925175
forward_left,23.62,0.30000000000000004,0.15000000000000002,0.0,0.2081066050731368,0.03340041164655658,-0.014357518042238879,-0.16906969429383886,0.014375473544055245,-0.02751923276222228,0.31036776094921026,0,0,0,8.552961118044264,8.552961118044264,7.57128274281342,4.527440909029478
forward_left,23.64,0.30000000000000004,0.15000000000000002,0.0,0.21136062117490861,0.030135306604560916,-0.0236195777253852,-0.19996184307116682,0.016158843166605912,-0.033543473945582825,0.31013673761434785,0,0,0,9.077217501836664,9.077217501836664,7.538013765987245,3.086569583904603
forward_left,23.66,0.30000000000000004,0.15000000000000002,0.0,0.22246722752073853,0.03323607212005267,-0.03962284206658302,-0.22468317760397918,0.014468458729213658,-0.0419211854033116,0.3096908138215609,0,0,0,9.533921537126941,9.533921537126941,7.483443979862557,2.915938388987627
forward_left,23.68,0.30000000000000004,0.15000000000000002,0.0,0.2361298910018007,0.04576022729957103,-0.06302042179607638,-0.2556771107574968,0.00844823646920972,-0.049942063604774795,0.308909533159427,0,0,0,9.598603531706047,9.598603531706047,7.405698859984419,3.975687010933411
forward_left,23.7,0.30000000000000004,0.15000000000000002,0.0,0.24786386692287826,0.061927126529512294,-0.08265035269534199,-0.2536838965238945,0.0003358017250271352,-0.05477754709668505,0.3076785016581293,0,0,0,9.372430946285267,9.372430946285267,7.317756289173829,3.9077523017235563
forward_left,23.72,0.30000000000000004,0.15000000000000002,0.0,0.2669659586740712,0.05324845081621821,-0.0674339274475908,-0.17508639625724493,0.0033233666842326067,-0.04845117499068008,0.30655935440697785,0,1,0,7.72582016472883,7.72582016472883,7.238914760576339,2.285651613394367
forward_left,23.740000000000002,0.30000000000000004,0.15000000000000002,0.0,0.28013491367207694,0.06756269345474823,-0.010734354353864117,-0.0864788397664075,0.0030010260016594213,-0.03924072864576493,0.30606766211904196,0,1,0,6.586369173878322,6.586369173878322,7.214276548975938,2.3504837899714084
forward_left,23.76,0.30000000000000004,0.15000000000000002,0.0,0.29248566465951414,0.08775117061176033,0.037098520512855435,-0.021094353065438585,0.000642810761280385,-0.031032089483455556,0.30662185471173187,0,1,0,7.635635005483794,7.635635005483794,7.254902556960349,1.52625061681484
forward_left,23.78,0.30000000000000004,0.15000000000000002,0.0,0.29920932185036453,0.11095035792736573,0.04848269092564412,-0.034391028994427454,-0.0028445164461442015,-0.022536620811801467,0.30771330237625455,0,1,0,8.430386977895719,8.430386977895719,7.346875189400912,1.8558683137460108
forward_left,23.8,0.30000000000000004,0.15000000000000002,0.0,0.2921127354006373,0.1313807455515792,0.018917490683651422,-0.15109383762766576,-0.0074916957436002565,-0.015816827410855133,0.3084714005272051,0,0,0,8.229925223514543,8.229925223514543,7.372538617952333,3.825236145013931
forward_left,23.82,0.30000000000000004,0.15000000000000002,0.0,0.2860053835368859,0.14458485864692383,-0.02458466256306066,-0.2330513907204405,-0.01093960245092749,-0.011443719058899843,0.30830328743284424,0,0,0,8.377933342568031,8.377933342568031,7.3836469162065335,5.787275187028564
forward_left,23.84,0.30000000000000004,0.15000000000000002,0.0,0.2937890464661796,0.14665516116308908,-0.054022137923350116,-0.15501516670518137,-0.009196460901845928,-0.012459229152120376,0.3073980199812518,0,0,0,8.212141616761315,8.212141616761315,7.455442077031201,6.120964881189352
forward_left,23.86,0.30000000000000004,0.15000000000000002,0.0,0.30046128882214007,0.14024597839250114,-0.05144843716485637,0.004157206129012038,-0.003721558153426395,-0.016828185545865817,0.3063467196596562,0,0,0,9.022538002675427,9.022538002675427,7.575302393803611,5.346159420668011
forward_left,23.88,0.30000000000000004,0.15000000000000002,0.0,0.3000821017320655,0.13157189917557685,-0.03282548289803074,0.1394624798510289,0.001833097244578845,-0.020009222058532596,0.30563658305389574,0,0,0,8.85887221749634,8.85887221749634,7.66010668681561,2.7352452927819364
forward_left,23.900000000000002,0.30000000000000004,0.15000000000000002,0.0,0.2952171278775521,0.12576870675801288,-0.016786349984307256,0.22158791795164387,0.0040426648211845705,-0.019920514632016544,0.30535296267262996,0,0,0,8.029964613514203,8.029964613514203,7.624128032266363,2.8387933207682003
forward_left,23.92,0.30000000000000004,0.15000000000000002,0.0,0.29438750789576973,0.12280630471959815,-0.014668645747240017,0.2807043217446462,0.0018205589861992183,-0.018162499125576544,0.30522672893030434,0,0,0,7.269026477602415,7.269026477602415,7.595683736779815,2.892449456665803
forward_left,23.94,0.30000000000000004,0.15000000000000002,0.0,0.29967085395105225,0.12133708600797107,-0.023737962473034422,0.31486864891328564,-0.0024641171088068126,-0.01555428029675564,0.3049765335007909,0,0,0,6.733447944647086,6.733447944647086,7.595898399009137,2.9479996588763946
forward_left,23.96,0.30000000000000004,0.15000000000000002,0.0,0.3028540530723492,0.12649435554771124,-0.02396386189502509,0.3006288804517104,-0.009893467576074101,-0.011190494621965676,0.30449772126019886,0,0,0,6.570379564873973,6.570379564873973,7.622908339844184,3.543728815446614
forward_left,23.98,0.30000000000000004,0.15000000000000002,0.0,0.31480338768201604,0.14669203662755823,-0.009899290807957373,0.3507957120875923,-0.024524277758312077,-0.0024488938058276686,0.30421095981560875,0,0,0,6.561866452919404,6.561866452919404,7.660345119999519,4.434460873378703
forward_left,24.0,0.30000000000000004,0.15000000000000002,0.0,0.31002429504050105,0.14582060889640447,0.06316625349523022,0.2921534399894349,-0.02986196227522328,0.002616340791685215,0.3045299154263216,0,1,0,6.539203866580275,6.539203866580275,7.657770541193113,4.560393668250404
forward_right,24.02,0.30000000000000004,-0.15000000000000002,0.0,0.2975437816824093,0.13916551470373373,0.12214507781251671,0.18079952222219792,-0.025478743365134667,-0.002516487045433051,0.30649106851716035,0,1,0,5.855857363710179,5.855857363710179,7.654882865538514,2.276317488721238
forward_right,24.04,0.30000000000000004,-0.15000000000000002,0.0,0.28173547664214493,0.13820467631139596,0.11778921337030278,0.11609966888137793,-0.02128400176301021,-0.008667259616415074,0.3089379419685642,0,1,0,6.621919535461134,6.621919535461134,7.65214017533663,2.309343945621331
forward_right,24.060000000000002,0.30000000000000004,-0.15000000000000002,0.0,0.2551232865945388,0.13108488095984613,0.06522416783837157,0.0785689417958741,-0.01704645521481148,-0.010586801583129336,0.31076003871158436,0,0,0,6.037969792010745,6.037969792010745,7.649535128231285,3.9759520717455468
forward_right,24.080000000000002,0.30000000000000004,-0.15000000000000002,0.0,0.23080646391125498,0.11119461572673386,0.015439758119513553,0.11859634322544349,-0.011253996777003734,-0.009886230499169864,0.31154416930640677,0,0,0,8.05602301897899,8.05602301897899,7.64706075983711,10.065552395539465
forward_right,24.1,0.30000000000000004,-0.15000000000000002,0.0,0.23164351719249363,0.10071169582928989,-0.026653174922676486,0.13383513230509603,-0.0007235903249270748,-0.012529080232685876,0.31138535607293477,0,0,0,7.6756200766087135,7.6756200766087135,7.644710463683726,10.32542557014601
forward_right,24.12,0.30000000000000004,-0.15000000000000002,0.0,0.22533745528471663,0.09847420529374652,-0.024999087238062857,0.031538586928573656,0.006607320810629911,-0.016973182510174867,0.31090084456882744,0,0,0,8.469924714804023,8.469924714804023,7.642477972282201,8.575354241329936
forward_right,24.14,0.30000000000000004,-0.15000000000000002,0.0,0.2075683275007196,0.09283749194613684,0.004982730286661722,-0.1223039353893156,0.0103340494894392,-0.01918702901166874,0.31084728648037624,0,0,0,8.314240750197104,8.314240750197104,7.612736642091228,4.53613899187115
forward_right,24.16,0.30000000000000004,-0.15000000000000002,0.0,0.1827978306704609,0.07983794812466694,0.02797926514841173,-0.22406123848379253,0.013334556149067443,-0.019997601529661103,0.3113434110736309,0,0,0,7.436082224927231,7.436082224927231,7.577140140083944,2.5630044782116572
forward_right,24.18,0.30000000000000004,-0.15000000000000002,0.0,0.15952961227715892,0.05895170149099434,0.030993446193733058,-0.21836041923665359,0.0166715558591648,-0.02147686780831191,0.312106992126619,0,0,0,6.771440509856732,6.771440509856732,7.57332301597372,2.444750986021869
forward_right,24.2,0.30000000000000004,-0.15000000000000002,0.0,0.14795087633491796,0.03673955085319805,0.012797313388083369,-0.15965142208447058,0.015035228404163293,-0.026484878535298635,0.3126817411067285,0,0,0,6.9724511238145785,6.9724511238145785,7.574647337820711,2.798367560007911
forward_right,24.22,0.30000000000000004,-0.15000000000000002,0.0,0.14598369950147175,0.021607896195015932,-0.01638644049761554,-0.11451416048808488,0.004750368537305091,-0.035059886154104956,0.3127848392601673,0,0,0,7.630383223819194,7.630383223819194,7.575906052320192,6.287820426386354
forward_right,24.240000000000002,0.30000000000000004,-0.15000000000000002,0.0,0.13086781390555172,-0.01722033767502201,0.020490271133578673,0.14226563217897617,0.0021880565709050436,-0.03628246263068392,0.31309951754867377,0,0,0,7.286225604439014,7.286225604439014,7.580461968481917,5.209869182218156
forward_right,24.26,0.30000000000000004,-0.15000000000000002,0.0,0.1373779200752307,-0.058741772514343794,0.020819727441544502,0.22799473390711683,0.004533153050256518,-0.03207206960300909,0.3137171377550496,0,0,0,7.082066102454196,7.082066102454196,7.580510734531604,7.545756556645484
forward_right,24.28,0.30000000000000004,-0.15000000000000002,0.0,0.15079889401559682,-0.100779801765755,-0.0014433430983064746,0.18441219208294085,0.00978484032143976,-0.027499059122626044,0.314124063131668,0,1,0,10.705016623478139,10.705016623478139,7.598641566443085,11.930208555531417
forward_right,24.3,0.30000000000000004,-0.15000000000000002,0.0,0.14204359592102683,-0.11184561970364501,0.026353885033050427,0.12652011874693891,0.0037417968739307025,-0.02870110500341269,0.314686832560934,0,1,0,6.219390829130264,6.219390829130264,7.6324070908096395,9.80657966653668
forward_right,24.32,0.30000000000000004,-0.15000000000000002,0.0,0.14656175496166438,-0.11043634802488896,-0.02229861988529664,0.06030783099718783,0.000758034991545635,-0.030622415133068896,0.3146632315395207,0,0,0,9.707877544688573,9.707877544688573,7.70408492208238,12.089527279324319
forward_right,24.34,0.30000000000000004,-0.15000000000000002,0.0,0.16264132869196699,-0.08977162818951633,-0.0646324136195663,-0.11308757650618284,0.0074651702041973675,-0.03370148431378952,0.3135507338839918,0,0,0,13.616000534593098,13.616000534593098,7.730563138844644,15.731883817860602
forward_right,24.36,0.30000000000000004,-0.15000000000000002,0.0,0.17362226872111522,-0.0649329281822217,-0.07316717994596487,-0.41033768395705544,0.01465347683798793,-0.03868805350839589,0.31198028849889553,0,0,0,13.550528223581647,13.550528223581647,7.723998181067792,16.698201977945775
forward_right,24.38,0.30000000000000004,-0.15000000000000002,0.0,0.16726992807653018,-0.04849956328486821,-0.07402976560508669,-0.6290035873031192,0.021757999387717924,-0.04530733149635519,0.3104556024412537,0,0,0,10.54233103229226,10.54233103229226,7.679892446067257,14.884089498949898
forward_right,24.400000000000002,0.30000000000000004,-0.15000000000000002,0.0,0.15575174541722575,-0.05238585679854438,-0.06169648909384572,-0.5524260597236752,0.023710735984127363,-0.05542142193863913,0.3091155986232524,0,0,0,11.780616941532614,11.780616941532614,7.572006654861767,8.221193527259151
forward_right,24.42,0.30000000000000004,-0.15000000000000002,0.0,0.1463343507455141,-0.06299510269967216,-0.03990533214006954,-0.38854565871516833,0.023836480130770405,-0.06509903158140565,0.30825632427077043,0,0,0,11.78885219839499,11.78885219839499,7.389997941363941,3.9023502933342398
forward_right,24.44,0.30000000000000004,-0.15000000000000002,0.0,0.14165314155183187,-0.075882007402287,-0.025313841143257673,-0.2021310668359759,0.0253655552864626,-0.07261306186248183,0.3078000225800234,0,0,0,11.128205382156878,11.128205382156878,7.183609905036583,2.412002378489306
forward_right,24.46,0.30000000000000004,-0.15000000000000002,0.0,0.14051803834840898,-0.08879679131400649,-0.025419226698019416,-0.04342568857202041,0.02891386062736531,-0.07847667973588443,0.3075078553088685,0,0,0,10.088900280239207,10.088900280239207,7.00872536399412,2.4881262347965505
forward_right,24.48,0.30000000000000004,-0.15000000000000002,0.0,0.1404899147866901,-0.09929705314671158,-0.035362193258489674,0.0418669321549874,0.03245863501889678,-0.08315257819705434,0.3070418699207841,0,0,0,9.227511877143861,9.227511877143861,6.8885250203343205,2.5061315611756463
forward_right,24.5,0.30000000000000004,-0.15000000000000002,0.0,0.15722700924801633,-0.08753416633309716,-0.03488678504213612,0.050463692760784024,0.027111131127333637,-0.08104588714405388,0.30660530283698795,0,0,0,7.930013270644806,7.930013270644806,6.817746664759138,2.547582315804749
forward_right,24.52,0.30000000000000004,-0.15000000000000002,0.0,0.1897455737146901,-0.07040700303479128,-0.06140356720623215,0.06315524238752865,0.018765918611668625,-0.07292259133171641,0.30588777086684793,0,0,0,6.890283699707001,6.890283699707001,6.797670187567139,2.981543351981786
forward_right,24.54,0.30000000000000004,-0.15000000000000002,0.0,0.22564123048251325,-0.0545678216866924,-0.0755991215475148,0.1127027622731032,0.010474560502910839,-0.06005590670871413,0.30461480233462657,0,1,0,7.992832328379343,7.992832328379343,6.821206440781435,4.044716990965348
forward_right,24.560000000000002,0.30000000000000004,-0.15000000000000002,0.0,0.24542455019256929,-0.07040029076547731,-0.01919832211998684,0.08492787379156234,0.0156251284965283,-0.05187143996748148,0.30400826479646637,0,1,0,7.752450480085198,7.752450480085198,6.8758502141433695,3.567964562728369
forward_right,24.580000000000002,0.30000000000000004,-0.15000000000000002,0.0,0.2536026246630244,-0.09064251330848534,0.03195801652544531,0.11962243971442287,0.02124168064210033,-0.04500993297526853,0.304424656049752,0,0,0,8.261215143883229,8.261215143883229,6.957875680705456,2.649453918037815
forward_right,24.6,0.30000000000000004,-0.15000000000000002,0.0,0.24262931109118788,-0.1143168374665446,0.05638803046403989,0.10304340935586487,0.026273259477699963,-0.035134868642155904,0.3055306289718418,0,0,0,9.026758002410793,9.026758002410793,7.0660723329407915,2.761229043155885
forward_right,24.62,0.30000000000000004,-0.15000000000000002,0.0,0.21579604569606367,-0.13510855398652027,0.059914125398248815,0.08157381565811321,0.027250871282494565,-0.025285292049061044,0.30678570068532535,0,0,0,9.14985169146059,9.14985169146059,7.126295373658614,2.6279751538290856
forward_right,24.64,0.30000000000000004,-0.15000000000000002,0.0,0.1903591038819313,-0.15421422428498177,0.05371628452313851,0.05923313298756599,0.021088255423811243,-0.020779350022629067,0.30789277515173036,0,0,0,8.817224326624359,8.817224326624359,7.233798453791557,3.57107436070675
forward_right,24.66,0.30000000000000004,-0.15000000000000002,0.0,0.16586844931000053,-0.16819040565122498,0.05220762405442053,0.051980699934822905,0.013881352289742327,-0.021501058549853454,0.3089195987554008,0,0,0,7.8668559728939105,7.8668559728939105,7.366930481739164,3.79903463966631
forward_right,24.68,0.30000000000000004,-0.15000000000000002,0.0,0.14630900231267124,-0.1757678268492336,0.05549488622247889,0.07064861413746032,0.009971072030456602,-0.024548695625039415,0.310015686526833,0,0,0,7.34283816234624,7.34283816234624,7.438163648353548,3.2374392955835027
forward_right,24.7,0.30000000000000004,-0.15000000000000002,0.0,0.13446695811598577,-0.17645083946247264,0.05546827392048674,0.09702989849011556,0.008837139982090961,-0.02689642533172965,0.3111884609095681,0,0,0,7.8073256599334115,7.8073256599334115,7.446109585162876,3.11773402936564
forward_right,24.72,0.30000000000000004,-0.15000000000000002,0.0,0.13038191074923133,-0.17311937114341497,0.04482382217529946,0.10544231270354361,0.010086428922253633,-0.02720636900960664,0.3122614012465364,0,0,0,7.830421486628252,7.830421486628252,7.453670292263492,3.1712443915828326
forward_right,24.740000000000002,0.30000000000000004,-0.15000000000000002,0.0,0.1349378497474927,-0.16739694877213893,0.02476602757198165,0.09554353479871361,0.013142377047458915,-0.025634958614778058,0.313010423935823,0,0,0,7.744461257537893,7.744461257537893,7.460863978005879,3.033339498553829
forward_right,24.76,0.30000000000000004,-0.15000000000000002,0.0,0.14914185812994235,-0.16124931100563178,-0.0043369669290832654,0.06783141217903155,0.016565717771113316,-0.022658760728861874,0.3132349257251485,0,0,0,7.678474364325293,7.678474364325293,7.467708034728123,3.00619583526241
forward_right,24.78,0.30000000000000004,-0.15000000000000002,0.0,0.170864134859583,-0.15500760287766227,-0.03918484140325718,-0.0014655306075425142,0.017622353213993604,-0.018501106689455104,0.3128205133051749,0,0,0,7.737258013981083,7.737258013981083,7.474219071048097,3.299677657197861
forward_right,24.8,0.30000000000000004,-0.15000000000000002,0.0,0.1958181486617082,-0.15551007525544513,-0.05578882986817807,-0.11321184605539981,0.024913504588131737,-0.01023670886612528,0.31192001795802027,0,0,0,7.128482989242892,7.128482989242892,7.480412943298116,4.033058233152454
forward_right,24.82,0.30000000000000004,-0.15000000000000002,0.0,0.20969619189537578,-0.13542966611191232,-0.0331112875080682,-0.18917030582408106,0.02562376503174303,-0.0031008727359360523,0.3107897230631617,0,1,0,6.694981589217212,6.694981589217212,7.486304786079774,4.065626107076463
forward_right,24.84,0.30000000000000004,-0.15000000000000002,0.0,0.2168994994686049,-0.10568927931967957,-0.006130503599392158,-0.1737168002232162,0.019374804780860688,-0.002724045234170932,0.31044446762483685,0,1,0,7.08952122474158,7.08952122474158,7.4919090419229555,1.4721591401299694
forward_right,24.86,0.30000000000000004,-0.15000000000000002,0.0,0.22068465142206942,-0.08262878127622351,-0.008836841007998005,-0.19953867183683027,0.015245867830838533,-0.004124096122179088,0.3102734128794163,0,0,0,7.655299162535406,7.655299162535406,7.497239490038872,3.551888855192625
forward_right,24.88,0.30000000000000004,-0.15000000000000002,0.0,0.22014880281644847,-0.06798202013373517,-0.040328743543111625,-0.28424859431024246,0.012918051048000326,-0.00825275099038418,0.3097451534145162,0,0,0,8.657941021527629,8.657941021527629,7.502309274161853,7.383652908316525
forward_right,24.900000000000002,0.30000000000000004,-0.15000000000000002,0.0,0.2173964036773374,-0.06563165351692614,-0.057897289995146525,-0.24414558165785655,0.008319908295958961,-0.016728653152185555,0.3087190878154251,0,0,0,10.0829658168545,10.0829658168545,7.484918585884078,7.901285468473531
forward_right,24.92,0.30000000000000004,-0.15000000000000002,0.0,0.2225135514022773,-0.06772904239970443,-0.058889511927404756,-0.12535650888202954,0.0047619531999234235,-0.028077660284203602,0.30759860545000217,0,0,0,11.19350860203872,11.19350860203872,7.394731681301785,6.421487293023105
forward_right,24.94,0.30000000000000004,-0.15000000000000002,0.0,0.2275011543131141,-0.07559067448098943,-0.0484213928549434,-0.0007206283827515111,0.0055940140104143105,-0.04033777739876359,0.30667400794689803,0,0,0,11.555669098409023,11.555669098409023,7.242652853164611,3.7193204651736793
forward_right,24.96,0.30000000000000004,-0.15000000000000002,0.0,0.23031456150414467,-0.08790647948972051,-0.03598286141332839,0.11530979976611849,0.009901215446445106,-0.0510981896700448,0.30606612218916396,0,0,0,11.023693857520724,11.023693857520724,7.0573130397355435,2.8884750828496415
forward_right,24.98,0.30000000000000004,-0.15000000000000002,0.0,0.23543767138104132,-0.10199693344048481,-0.03511342890822548,0.2342794321258867,0.014697740077442411,-0.05974545862265839,0.30564374701983743,0,0,0,10.0282966500986,10.0282966500986,6.891767252531704,2.4826038460023576
forward_right,25.0,0.30000000000000004,-0.15000000000000002,0.0,0.24293902876646203,-0.1176775278793666,-0.05065724003839862,0.32885416934457823,0.019320066458875927,-0.0664339823993022,0.3050978801529847,0,0,0,9.04650188356656,9.04650188356656,6.776269677167026,2.5390923770537275
forward_right,25.02,0.30000000000000004,-0.15000000000000002,0.0,0.2496995551355879,-0.12914053704402817,-0.06639517082321598,0.34573239882982426,0.0230925423589735,-0.0707705155457854,0.30414190050694306,0,0,0,8.234272942952416,8.234272942952416,6.711514039621264,2.6948106191538184
forward_right,25.04,0.30000000000000004,-0.15000000000000002,0.0,0.25947684714808456,-0.10495140933535027,-0.05394773729203877,0.16373870237082935,0.01654233122146466,-0.0643677134691852,0.30332606226014897,0,0,0,6.53855455517455,6.53855455517455,6.684882353287474,3.116692927313642
forward_right,25.060000000000002,0.30000000000000004,-0.15000000000000002,0.0,0.2851834536932791,-0.07787861468401447,-0.07054771177135305,0.10062669073031494,0.005064672954219344,-0.05133177988758365,0.3023919543434574,0,0,0,6.708524119643749,6.708524119643749,6.714133684830816,3.5576737838328816
forward_right,25.080000000000002,0.30000000000000004,-0.15000000000000002,0.0,0.29971316661206887,-0.07144716479591104,-0.02888909975020677,0.08213892649332957,-2.0419404132137842e-05,-0.039128555297495024,0.30150054719356095,0,1,0,8.638398841722276,8.638398841722276,6.7856478632746615,3.58995591731942
forward_right,25.1,0.30000000000000004,-0.15000000000000002,0.0,0.3031122381507029,-0.09037153152881493,0.030406890304042818,0.09182171198796012,0.0046078134311818,-0.03381925581505467,0.30183220137460454,0,1,0,7.982635328694323,7.982635328694323,6.88401412422667,1.3643199070442602
forward_right,25.12,0.30000000000000004,-0.15000000000000002,0.0,0.29363696605909806,-0.11495883664126562,0.05852747969292241,0.12225662965648458,0.011229391658298307,-0.02973349788069413,0.3029710896492258,0,0,0,8.569554519456187,8.569554519456187,6.9920692455537505,1.6404166663605633
forward_right,25.14,0.30000000000000004,-0.15000000000000002,0.0,0.26811590404672003,-0.12733274588358756,0.055494286933276335,0.13691348213175333,0.018637582883078423,-0.023389434160701838,0.3042238174175259,0,0,0,8.191570395575047,8.191570395575047,7.0377334437009935,4.565340419670704
forward_right,25.16,0.30000000000000004,-0.15000000000000002,0.0,0.24384074929410202,-0.14362160393371617,0.037750185777080766,0.1628806997288084,0.02454762064603029,-0.01644806966175826,0.3052051889656949,0,0,0,8.185951197822803,8.185951197822803,7.064448231211365,5.852045014259632
forward_right,25.18,0.30000000000000004,-0.15000000000000002,0.0,0.23663195653187677,-0.15549560779359428,0.021961377791775562,0.13878816840481475,0.028489646975325095,-0.014754932051135147,0.30576112383052845,0,0,0,7.854899692112073,7.854899692112073,7.089949738955724,5.920188640582838
forward_right,25.2,0.30000000000000004,-0.15000000000000002,0.0,0.2269912610196106,-0.16407347502265568,0.022431142930078724,0.11850116211897242,0.03122175103070168,-0.01739417753519071,0.3061688731123978,0,0,0,8.699470228765893,8.699470228765893,7.231992243102756,3.926257622605431
forward_right,25.22,0.30000000000000004,-0.15000000000000002,0.0,0.21398815930571785,-0.1694626318083934,0.03078021262462359,0.11061208881897995,0.03307709385836453,-0.020695358627044264,0.3067021973851682,0,0,0,9.237090589598964,9.237090589598964,7.353910258097308,3.1809928319194154
forward_right,25.240000000000002,0.30000000000000004,-0.15000000000000002,0.0,0.20305513402534672,-0.17276677781571473,0.038244912854772814,0.10017148162361995,0.03399080054560252,-0.022350712588215745,0.30742637221517344,0,0,0,9.055157835920342,9.055157835920342,7.413493483115197,3.197424788307165
forward_right,25.26,0.30000000000000004,-0.15000000000000002,0.0,0.19811858157757337,-0.17553592338296045,0.037962997506183815,0.08342913291316625,0.035885551668004376,-0.02239154579352978,0.30822064425121953,0,0,0,8.561236191912995,8.561236191912995,7.427728432862885,3.007792002322473
forward_right,25.28,0.30000000000000004,-0.15000000000000002,0.0,0.19969194892243586,-0.17804591610015263,0.026794493710852012,0.03598420083305218,0.03926153471217985,-0.021370907561453226,0.308872910833725,0,0,0,8.135331128284585,8.135331128284585,7.436179517742367,3.677581680849309
forward_right,25.3,0.30000000000000004,-0.15000000000000002,0.0,0.2074148169245361,-0.17812620345666705,-0.0002875295311480638,-0.028369410526771686,0.042817715797380175,-0.01856718451678424,0.3091142572889029,0,0,0,7.884705903663175,7.884705903663175,7.444221569250875,3.5468680073254357
forward_right,25.32,0.30000000000000004,-0.15000000000000002,0.0,0.22521492232857043,-0.18234136716619415,-0.02253939632152632,-0.11409914174088265,0.04866249435025341,-0.011484954061762628,0.3087898337902155,0,0,0,7.418018683305311,7.418018683305311,7.4518738555558635,4.723936245289943
forward_right,25.34,0.30000000000000004,-0.15000000000000002,0.0,0.23839483066312558,-0.1580609022375268,-0.004740192939851314,-0.1566762423563017,0.047013658291459835,-0.003957389041140765,0.30821374150777975,0,1,0,6.823548503405293,6.823548503405293,7.459154787551725,4.071494171011075
forward_right,25.36,0.30000000000000004,-0.15000000000000002,0.0,0.25056247229423284,-0.11281091805562492,0.023403760139793568,-0.11047426006507019,0.03589427563262814,-0.0011478836516020416,0.30838757206692574,0,1,0,6.992797375707517,6.992797375707517,7.466081952175244,1.3460876551827277
forward_right,25.38,0.30000000000000004,-0.15000000000000002,0.0,0.26704994762987844,-0.07354411292286779,0.028865727139306924,-0.15677955117234013,0.02548542443211174,-0.00021875262422360427,0.30886521055836885,0,0,0,7.375099015238376,7.375099015238376,7.472672144901274,4.3022469339070994
forward_right,25.400000000000002,0.30000000000000004,-0.15000000000000002,0.0,0.28189605454824435,-0.043434248642929926,0.011315094730991392,-0.3025928831206689,0.016849184736982506,-0.002001250140226853,0.3091312420752393,0,0,0,7.661573163274376,7.661573163274376,7.478941401387345,8.289136396853703
forward_right,25.42,0.30000000000000004,-0.15000000000000002,0.0,0.2935263169990975,-0.019231050750545105,-0.010696239345724248,-0.4772900832236221,0.013474614460325031,-0.006185524959739622,0.30896431071604835,0,0,0,8.713992760443057,8.713992760443057,7.48490502824324,8.956042475532874
forward_right,25.44,0.30000000000000004,-0.15000000000000002,0.0,0.2919939049556732,-0.012898351262144706,-0.035611887622716075,-0.5022470004841637,0.010908682320532449,-0.013027190335713198,0.30841075969432696,0,0,0,9.847822964200146,9.847822964200146,7.4643856165148,7.581254200771484
forward_right,25.46,0.30000000000000004,-0.15000000000000002,0.0,0.2964481032680512,-0.015181204073715366,-0.031197761415466672,-0.3524339893892591,0.0038887434915769008,-0.020741884883215784,0.3078463503610576,0,0,0,10.545182927898875,10.545182927898875,7.38193962891366,4.993766851119054
forward_right,25.48,0.30000000000000004,-0.15000000000000002,0.0,0.3043031242806189,-0.021226608842365213,-0.020877500729226214,-0.1752670968280557,-0.0012338372102016066,-0.028293260714487692,0.30750064054287346,0,0,0,10.54690711028102,10.54690711028102,7.255499051018482,3.901287256356193
forward_right,25.5,0.30000000000000004,-0.15000000000000002,0.0,0.31142456807992563,-0.0283075002435985,-0.014915542157066551,-0.011270421681136226,-0.0037502668625302893,-0.0337068518205273,0.30738326805757044,0,0,0,9.752879522227836,9.752879522227836,7.119785477937054,3.102400335008898
forward_right,25.52,0.30000000000000004,-0.15000000000000002,0.0,0.3201641797382517,-0.03540586544725209,-0.019199083736947203,0.1558966862679111,-0.005168984304775618,-0.03685916659832099,0.30732077767459637,0,0,0,8.662746814120071,8.662746814120071,7.016326620838306,2.5348142178813178
forward_right,25.54,0.30000000000000004,-0.15000000000000002,0.0,0.3316526988594076,-0.04167832914459801,-0.04321040452880699,0.29704731493391273,-0.00643338530141349,-0.038441612447354,0.3069812407808417,0,0,0,7.764082496307326,7.764082496307326,6.964105086050559,3.0355730559453797
forward_right,25.560000000000002,0.30000000000000004,-0.15000000000000002,0.0,0.3465884614947311,-0.05183560426545051,-0.0848721806646245,0.40079559169699885,-0.007568037887635555,-0.03799589446561279,0.3059778572468629,0,0,0,7.185658101473531,7.185658101473531,6.9544747631841695,3.6608665740969
forward_right,25.580000000000002,0.30000000000000004,-0.15000000000000002,0.0,0.3433092819218405,-0.08516668501454676,-0.08684798162003364,0.43954170129735814,0.00011805074703365034,-0.03711490045930271,0.3043784170575856,0,1,0,6.550933610622246,6.550933610622246,6.969762113130926,3.871746907073506
forward_right,25.6,0.30000000000000004,-0.15000000000000002,0.0,0.32428439408793164,-0.1143730384938389,0.009806710213512876,0.17575250352740976,0.006266386982979611,-0.035606165918193794,0.30397625032006254,0,1,0,7.531571114843143,7.531571114843143,7.0059117015446475,2.6629576957163024
forward_right,25.62,0.30000000000000004,-0.15000000000000002,0.0,0.3144757617698209,-0.1433329427126894,0.07018759730775237,-0.024578090532496204,0.011807303541565322,-0.030185743376604814,0.305099192745067,0,1,0,8.28552246713233,8.28552246713233,7.071208609212118,2.1229275489296278
forward_right,25.64,0.30000000000000004,-0.15000000000000002,0.0,0.30606090998438346,-0.16157600438799047,0.09322540608080661,-0.11825437297653521,0.01632379675094245,-0.022900775091033634,0.3069216441498815,0,0,0,7.8981249366494355,7.8981249366494355,7.187310775535014,3.181289262004106
forward_right,25.66,0.30000000000000004,-0.15000000000000002,0.0,0.2896355319919912,-0.17491493489493568,0.06955151590296559,-0.07196608839709163,0.02137843501098371,-0.014516664123891744,0.3085617824194299,0,0,0,7.782618131151767,7.782618131151767,7.207161326540529,4.620278453128698
forward_right,25.68,0.30000000000000004,-0.15000000000000002,0.0,0.27330361583777985,-0.19540607244741956,0.03972752111756178,0.10442558220344966,0.02527672485435935,-0.007297341453932602,0.3094737260148739,0,0,0,8.39491560934022,8.39491560934022,7.226087862074873,7.538091698034111
forward_right,25.7,0.30000000000000004,-0.15000000000000002,0.0,0.2666934102889516,-0.20747063975856356,0.00978296252974069,0.1616750070322454,0.02802187503199247,-0.0040916863371998485,0.30971619763071667,0,0,0,7.964330007406702,7.964330007406702,7.237211073320946,8.873031362836464
forward_right,25.72,0.30000000000000004,-0.15000000000000002,0.0,0.26870473443569387,-0.2109808443898838,-0.0021481161706723133,0.1294475236388245,0.0275805926900217,-0.006682056326611126,0.3095783860441009,0,0,0,8.856835983585935,8.856835983585935,7.236609538641755,7.591887769884401
forward_right,25.740000000000002,0.30000000000000004,-0.15000000000000002,0.0,0.2679515609908591,-0.20944764809261282,0.007547338104494501,0.06656809273836228,0.02620551244039042,-0.010622915986467758,0.309529521878526,0,0,0,9.486242402144573,9.486242402144573,7.257774556112793,4.320838010559527
forward_right,25.76,0.30000000000000004,-0.15000000000000002,0.0,0.26476204185374536,-0.2060128405347355,0.02404812184228284,0.021232479235657402,0.026068511353151143,-0.01205738734852472,0.30982737012706707,0,0,0,9.166766341802877,9.166766341802877,7.27433117708426,3.215496203359839
forward_right,25.78,0.30000000000000004,-0.15000000000000002,0.0,0.26286894004785755,-0.20597832169649716,0.02708418273701397,0.008992584579139842,0.02848507701897098,-0.010138506764921779,0.31033559415341067,0,0,0,8.36561889319291,8.36561889319291,7.290108192192516,3.1164071167993623
forward_right,25.8,0.30000000000000004,-0.15000000000000002,0.0,0.2695806947184935,-0.2070769514782208,0.016193769154347868,-0.01972394022348293,0.03404324977939444,-0.00700715189958893,0.3107190510631211,0,0,0,7.688394162103901,7.688394162103901,7.305140306565324,2.5095984432388434
forward_right,25.82,0.30000000000000004,-0.15000000000000002,0.0,0.28519849760202376,-0.20777455071196926,-0.0037390415861443226,-0.09335504665348544,0.04220074567219438,-0.003258902494053042,0.31072093644920606,0,0,0,7.464992566367493,7.464992566367493,7.319460867797449,3.056904532452495
forward_right,25.84,0.30000000000000004,-0.15000000000000002,0.0,0.3057323115224201,-0.20914329544393395,-0.02960379229585055,-0.20473758222551275,0.049887937745211636,0.0023428989145359977,0.31019563260007577,0,0,0,7.1713080493768,7.1713080493768,7.333101901279246,3.4725848138356112
forward_right,25.86,0.30000000000000004,-0.15000000000000002,0.0,0.30076600697387385,-0.18920902238308562,0.005324704615331977,-0.22926923563784732,0.050821799723754044,0.008418554562689397,0.30949217412898045,0,1,0,6.57218865683238,6.57218865683238,7.346094146419521,3.7994277766499116
forward_right,25.88,0.30000000000000004,-0.15000000000000002,0.0,0.2820622078302174,-0.14887767754299727,0.0597274118845731,-0.15513448246486156,0.04440358704733539,0.009671406336398155,0.3100736739771973,0,1,0,7.300949792760714,7.300949792760714,7.358467093521526,1.5448746844732222
forward_right,25.900000000000002,0.30000000000000004,-0.15000000000000002,0.0,0.264181129666097,-0.11134382373967862,0.06628760711755713,-0.09713005783991943,0.03874172977608176,0.00801260282059211,0.3112252834925197,0,0,0,7.678221476776427,7.678221476776427,7.3702490210945015,3.0575011574580864
forward_right,25.92,0.30000000000000004,-0.15000000000000002,0.0,0.24542631256574757,-0.0922622616788219,0.04373648464301801,-0.1907280068087111,0.03527613058021828,0.004621745570389399,0.31211156435926446,0,0,0,9.4761786764573,9.4761786764573,7.381467033405357,11.26308029717514
forward_right,25.94,0.30000000000000004,-0.15000000000000002,0.0,0.23318384137518516,-0.0850033947946848,-0.010568800663931871,-0.24341664582436898,0.03175450655186785,-0.0020151373155722937,0.31215082025044155,0,0,0,12.657714871993969,12.657714871993969,7.39214709809589,15.081676511978788
forward_right,25.96,0.30000000000000004,-0.15000000000000002,0.0,0.23331216888271308,-0.08338626777019494,-0.04129749543360865,-0.2172097721798876,0.023218392440140952,-0.011355166746116445,0.31146179484147024,0,0,0,9.088574266386342,9.088574266386342,7.402314083710145,14.02150895395221
forward_right,25.98,0.30000000000000004,-0.15000000000000002,0.0,0.2365955150004154,-0.086262764107983,-0.04529394720945031,-0.1050043572944773,0.018086882647046637,-0.02191608194258942,0.3105825629119614,0,0,0,10.07013349585808,10.07013349585808,7.36122792230498,8.29186296978847
forward_right,26.0,0.30000000000000004,-0.15000000000000002,0.0,0.23668586021265123,-0.0920590575973502,-0.03433194314454954,0.01654383186336676,0.018689234039405797,-0.031688819617174645,0.30989955123300317,0,0,0,10.15102471395782,10.15102471395782,7.261119139476516,5.085216856867257
forward_right,26.02,0.30000000000000004,-0.15000000000000002,0.0,0.23475426985323325,-0.09972846151629332,-0.023949155888589653,0.11273229377068555,0.022888609515690272,-0.04062118482916042,0.3094981063502506,0,0,0,9.623279152386397,9.623279152386397,7.146229824682294,3.1460504784292853
forward_right,26.04,0.30000000000000004,-0.15000000000000002,0.0,0.2364674511036118,-0.10882121837403191,-0.024402794819437714,0.21265980706419227,0.027876645981840843,-0.04911908940595329,0.30923194199638254,0,0,0,8.83389523587223,8.83389523587223,7.0537730587815375,2.647871434406458
forward_right,26.060000000000002,0.30000000000000004,-0.15000000000000002,0.0,0.24222221158374654,-0.12145889347305586,-0.03897316755792796,0.301841667645051,0.03263196326025322,-0.05720379632017479,0.30883289362304783,0,0,0,8.216439132221057,8.216439132221057,6.9979181465768185,2.554733148522727
forward_right,26.080000000000002,0.30000000000000004,-0.15000000000000002,0.0,0.25088196926650913,-0.1380712856065314,-0.06487535373421968,0.38030103004439275,0.038029704143581484,-0.06404498363388507,0.3080361310021598,0,0,0,7.690633634499978,7.690633634499978,6.971928346318432,2.6769485164387676
forward_right,26.1,0.30000000000000004,-0.15000000000000002,0.0,0.25647628163640135,-0.11681561880384508,-0.03693181594537205,0.19871487028436108,0.03523497966929694,-0.061859875127845326,0.3073494408981991,0,0,0,6.6239752628554704,6.6239752628554704,6.968696380346859,2.856697261291939
forward_right,26.12,0.30000000000000004,-0.15000000000000002,0.0,0.281671519319892,-0.09135280297072607,-0.048596026665778946,0.1105535270872153,0.025840965135163214,-0.05096044796161839,0.30677911669473024,0,0,0,6.682586693264109,6.682586693264109,7.0043081801813685,3.1637636971660386
forward_right,26.14,0.30000000000000004,-0.15000000000000002,0.0,0.3088980016033488,-0.07033682644152066,-0.058612980558813685,0.14751282047597405,0.015313821423873403,-0.036544668738980456,0.30579046156433237,0,1,0,7.903609458023887,7.903609458023887,7.087112832384118,3.339762521521819
forward_right,26.16,0.30000000000000004,-0.15000000000000002,0.0,0.3176217137520496,-0.0817772292274118,-0.0006923489536281276,0.16546285969329122,0.02061467747134664,-0.029946148292392845,0.3054574451719097,0,1,0,7.862649783097659,7.862649783097659,7.196120723782208,2.8855613813284555
forward_right,26.18,0.30000000000000004,-0.15000000000000002,0.0,0.3094635169299901,-0.0989616544559123,0.03980238621468242,0.14313156709706304,0.027592572281376047,-0.02691143357233052,0.30607709306839137,0,1,0,7.8651153557767435,7.8651153557767435,7.282834594470756,1.5118219584666486
forward_right,26.2,0.30000000000000004,-0.15000000000000002,0.0,0.2781263886444647,-0.11528564863145423,0.06496278558205183,0.09162884006292635,0.03396769006708313,-0.02135523186873639,0.3072053089575723,0,0,0,8.629206867796402,8.629206867796402,7.298210369882607,5.140452911525242
forward_right,26.22,0.30000000000000004,-0.15000000000000002,0.0,0.239762527038809,-0.14132350401039695,0.07288420164445052,0.15300808033298294,0.037454278263035705,-0.012825858724696933,0.3085209293161604,0,0,0,9.492842768353551,9.492842768353551,7.31285918445975,11.00792052273571
forward_right,26.240000000000002,0.30000000000000004,-0.15000000000000002,0.0,0.21755636330379408,-0.16452216843087183,0.05283782797159496,0.20941182051119303,0.04127509365944307,-0.006834284779016817,0.30956718529232324,0,0,0,8.866734139864153,8.866734139864153,7.1921608025378845,12.398849008735564
forward_right,26.26,0.30000000000000004,-0.15000000000000002,0.0,0.20786712336654675,-0.1793486851064517,0.03517315738067077,0.17476951485986858,0.042913305549633275,-0.007864500676937447,0.31020943952797275,0,0,0,7.4466251968482275,7.4466251968482275,7.008756950476322,9.644999560740159
forward_right,26.28,0.30000000000000004,-0.15000000000000002,0.0,0.19842378301439065,-0.1885824129727399,0.031063717008226355,0.146248823899382,0.04314782084731361,-0.012339685529062073,0.31071191762872635,0,0,0,8.609310358665178,8.609310358665178,7.036781532858999,5.2573258446440585
forward_right,26.3,0.30000000000000004,-0.15000000000000002,0.0,0.18639240789931644,-0.19317947272699101,0.033717915066736395,0.13336625838731178,0.041656579447900355,-0.01565905980820551,0.31125525259222236,0,0,0,8.957750251335352,8.957750251335352,7.063539451072838,3.2964867897730232
forward_right,26.32,0.30000000000000004,-0.15000000000000002,0.0,0.1768504801623311,-0.1970103241292981,0.03174116652780429,0.12338277437092712,0.04044601992874933,-0.01574664294787168,0.31183411347599477,0,0,0,8.573825483553055,8.573825483553055,7.089082322302325,3.290749657136465
forward_right,26.34,0.30000000000000004,-0.15000000000000002,0.0,0.176484771576392,-0.20073442934368008,0.02060341712598033,0.07880176459499047,0.04228118844734024,-0.014231919819077943,0.31226744895758557,0,0,0,8.201674003593267,8.201674003593267,7.11346017326786,2.9732396915322186
forward_right,26.36,0.30000000000000004,-0.15000000000000002,0.0,0.18750859117972032,-0.20226826988929003,0.0012684807302849347,-0.016764520876467886,0.04712407795177536,-0.011933974045413702,0.31237160146027476,0,0,0,8.086643844682648,8.086643844682648,7.13672144099742,3.364673855715541
forward_right,26.38,0.30000000000000004,-0.15000000000000002,0.0,0.20658048641820814,-0.202386059619674,-0.02944728037269121,-0.15589677539305252,0.05193357129580775,-0.007748418496857485,0.31193671765943387,0,0,0,7.892995299175533,7.892995299175533,7.158912979119105,4.08813380605045
forward_right,26.400000000000002,0.30000000000000004,-0.15000000000000002,0.0,0.20941226374972277,-0.1722712440620772,-0.013902484588205973,-0.23233326251077263,0.047426745246306135,-0.004326431757281191,0.3112177555633926,0,0,0,7.71724184045368,7.71724184045368,7.180080069101461,4.284050546532294
forward_right,26.42,0.30000000000000004,-0.15000000000000002,0.0,0.20783207002638115,-0.1277935057479699,0.02346955013075429,-0.1804685218923674,0.03737256499984346,-0.004411324669982736,0.31125626425678277,0,1,0,6.719628200684663,6.719628200684663,7.2002664358994615,1.727854912884798
forward_right,26.44,0.30000000000000004,-0.15000000000000002,0.0,0.2162935385734609,-0.0863897619407614,0.023764282800890147,-0.18680928641268418,0.031173356553068743,-0.0033582470957528587,0.31170017660580396,0,0,0,7.324809715735244,7.324809715735244,7.2195142674961374,1.9376674351688288
forward_right,26.46,0.30000000000000004,-0.15000000000000002,0.0,0.22326907602993692,-0.06011776927999668,0.01310803772356904,-0.2733460644611017,0.026444653874355243,-0.0032674783572634895,0.3119362009273289,0,0,0,7.915694836305065,7.915694836305065,7.2378642378617855,8.371020776091285
forward_right,26.48,0.30000000000000004,-0.15000000000000002,0.0,0.22691213835983914,-0.040383277576683314,-0.011082465577387861,-0.38494156748848773,0.025677500590595793,-0.004887707384019175,0.31177104817638396,0,0,0,9.00879177210919,9.00879177210919,7.255355532884881,11.197125058182195
forward_right,26.5,0.30000000000000004,-0.15000000000000002,0.0,0.22601745577363652,-0.0356446196941394,-0.03917602200907421,-0.3446920532350138,0.022176178002545958,-0.011282639782141847,0.31103237568578185,0,0,0,9.03031061289996,9.03031061289996,7.272025878860433,10.46956135841825
forward_right,26.52,0.30000000000000004,-0.15000000000000002,0.0,0.22744890836697157,-0.0407485241897478,-0.04535398117892578,-0.1464750110254306,0.014109258536300845,-0.019932997500460202,0.3101143884980726,0,0,0,10.137605450619674,10.137605450619674,7.248021696446788,6.178924421819508
forward_right,26.54,0.30000000000000004,-0.15000000000000002,0.0,0.22804848242065434,-0.04690815616301286,-0.03387546945260831,0.035301126627957716,0.007205657420347742,-0.028356028658121694,0.30941196858531117,0,0,0,10.50092367974666,10.50092367974666,7.158176759469242,3.410985325862346
forward_right,26.560000000000002,0.30000000000000004,-0.15000000000000002,0.0,0.2237429621845054,-0.051308254149843566,-0.019083146813668888,0.15547429500640436,0.0030444797234464175,-0.03520243431204383,0.30906163603032016,0,0,0,9.987473737644516,9.987473737644516,7.0327881301381225,2.9107392875188873
forward_right,26.580000000000002,0.30000000000000004,-0.15000000000000002,0.0,0.21921675344761546,-0.05248304652759382,-0.014258482668592058,0.2507643033871097,0.00014347570787950017,-0.041089810208845993,0.30895368080825225,0,0,0,9.155390661114303,9.155390661114303,6.924108426496453,2.4797171672864566
forward_right,26.6,0.30000000000000004,-0.15000000000000002,0.0,0.21638482707994283,-0.054609515069679405,-0.026110977188166993,0.30560823234518136,-0.0011034335703366243,-0.04624216743279755,0.3088027569909864,0,0,0,8.371938665763347,8.371938665763347,6.854522355712646,2.962093679355108
forward_right,26.62,0.30000000000000004,-0.15000000000000002,0.0,0.2173769572841665,-0.061421210553760826,-0.057631093928588756,0.3212423036659038,-0.00033172909344869925,-0.04946740172684772,0.3081893316036317,0,0,0,7.841960669718358,7.841960669718358,6.821965147485177,2.979473625930519
forward_right,26.64,0.30000000000000004,-0.15000000000000002,0.0,0.22038752462379232,-0.07166913258493549,-0.101306798270933,0.2848487465146981,0.0033684078371713617,-0.04943683485396214,0.3067758749695566,0,0,0,7.462420337602154,7.462420337602154,6.815010433103424,3.4243051562888955
forward_right,26.66,0.30000000000000004,-0.15000000000000002,0.0,0.22508936967597762,-0.06646951121506384,-0.07689590417697281,0.16613094594085964,-0.0002896165777442582,-0.041036270773905516,0.30509830012430966,0,1,0,6.419996794276734,6.419996794276734,6.8246255328856975,3.557132034382513
forward_right,26.68,0.30000000000000004,-0.15000000000000002,0.0,0.23013150710061245,-0.08971692553828566,-0.0142163002883248,0.049686734160656075,0.0015518335726850373,-0.03467210355198366,0.30445573552013055,0,1,0,7.758797788645864,7.758797788645864,6.861841940659296,2.058049978028074
forward_right,26.7,0.30000000000000004,-0.15000000000000002,0.0,0.24071978600435756,-0.11926054276535465,0.03786892461667731,0.04207937891036012,0.004886562745551548,-0.03013922491368477,0.30489098739848586,0,0,0,9.014246302431948,9.014246302431948,6.930351856171313,2.5158864141887802
forward_right,26.72,0.30000000000000004,-0.15000000000000002,0.0,0.24229620092846516,-0.14152779394438966,0.05087996001470606,0.10531443965812405,0.010898105696403862,-0.02502638570466455,0.3059380881751102,0,0,0,8.401336151306781,8.401336151306781,7.0347868178086195,3.6792265779302387
forward_right,26.740000000000002,0.30000000000000004,-0.15000000000000002,0.0,0.23434972223853245,-0.1552365452708693,0.03171647576784387,0.19188269431614655,0.015719785697607416,-0.019984637684517945,0.3067654891343646,0,0,0,8.185325412935038,8.185325412935038,7.067010777346699,3.9122648646031877
forward_right,26.76,0.30000000000000004,-0.15000000000000002,0.0,0.22673337956867307,-0.16300530702254148,0.01095114296143088,0.20922277743898726,0.013270957869642509,-0.018108956921463765,0.30713034301137837,0,0,0,8.267077103652465,8.267077103652465,7.092395615517184,4.918366644877064
forward_right,26.78,0.30000000000000004,-0.15000000000000002,0.0,0.22115605453832854,-0.16202723419138995,0.0006371212325506129,0.15116035059812277,0.005853597818893635,-0.02128934809940132,0.3072063847793644,0,0,0,9.070728115807206,9.070728115807206,7.1991428316048705,4.957579783354832
forward_right,26.8,0.30000000000000004,-0.15000000000000002,0.0,0.2085165716910812,-0.15822763954908975,0.008576427810427315,0.09499130517167047,-0.000490094565358736,-0.02641422852746761,0.30735920653784565,0,0,0,9.480060499526079,9.480060499526079,7.317420746403421,3.9486452480455636
forward_right,26.82,0.30000000000000004,-0.15000000000000002,0.0,0.19113881878476238,-0.15340529792838223,0.025133209644768298,0.05858307399082295,-0.002729849386897245,-0.030180614984477307,0.30783621092455427,0,0,0,9.317195022548079,9.317195022548079,7.379012698284281,3.0927388532947275
forward_right,26.84,0.30000000000000004,-0.15000000000000002,0.0,0.17459056254604755,-0.14978249438573932,0.03717830163160246,0.03181212191235238,3.2227152755383566e-05,-0.031063720964949845,0.3086241288809693,0,0,0,8.782799081371037,8.782799081371037,7.389810543281136,3.1589507349099772
forward_right,26.86,0.30000000000000004,-0.15000000000000002,0.0,0.1636542732942164,-0.14772282670925704,0.03344246876352237,0.008282909719011624,0.006742335677898231,-0.029761805941424732,0.3094626375366187,0,0,0,8.199067156084988,8.199067156084988,7.400089856322513,3.1500108374388773
forward_right,26.88,0.30000000000000004,-0.15000000000000002,0.0,0.1615611387018448,-0.14706549601078184,0.017918184109357603,-0.026388569424070443,0.014802106232187355,-0.027499441236665208,0.310060400526406,0,0,0,7.824408024882215,7.824408024882215,7.409874677741595,3.016020667013413
forward_right,26.900000000000002,0.30000000000000004,-0.15000000000000002,0.0,0.16873023506405893,-0.145796973240285,-0.004843937685092843,-0.08781324656305646,0.021983817250829478,-0.02472587632286193,0.3102288015494979,0,0,0,7.768417890274345,7.768417890274345,7.419188014821035,3.406123814729011
forward_right,26.92,0.30000000000000004,-0.15000000000000002,0.0,0.17921984998069032,-0.15028183825316757,-0.015780159384857984,-0.14169990843189287,0.030144188411962914,-0.01977404504358823,0.30999394066951425,0,0,0,7.478060087387864,7.478060087387864,7.428051878401529,3.991335860281322
forward_right,26.94,0.30000000000000004,-0.15000000000000002,0.0,0.19185516924074364,-0.1454084309909273,-0.006856681865783356,-0.2259782615017504,0.03704720772003178,-0.012726805237820538,0.3095719173760569,0,1,0,7.0812371924256325,7.0812371924256325,7.436487318964996,4.256647989435663
forward_right,26.96,0.30000000000000004,-0.15000000000000002,0.0,0.1995562364535924,-0.1140200186171193,0.03217744224122638,-0.21778826824939704,0.030293954138763308,-0.011301241920162816,0.3098890990170043,0,1,0,6.114418056275232,6.114418056275232,7.444514462111293,1.8767967706250333
forward_right,26.98,0.30000000000000004,-0.15000000000000002,0.0,0.215483299215832,-0.08384973060028077,0.027058544831209612,-0.22973445280347626,0.02377836483749062,-0.011383353424041074,0.310531049099905,0,1,0,6.333090058693777,6.333090058693777,7.452152543359297,0.898553653465492
forward_right,27.0,0.30000000000000004,-0.15000000000000002,0.0,0.22864628154467764,-0.06211193794526036,0.0010822709288474206,-0.30583494993030935,0.018773176379781643,-0.012362264770721927,0.31077877233142664,0,0,0,7.051213463589213,7.051213463589213,7.459419942214286,4.547979666643153
backward_left,27.02,-0.30000000000000004,0.15000000000000002,0.0,0.23780044788361687,-0.04629289362820373,-0.038644134845562395,-0.4351375708860714,0.016320486794654497,-0.014646070479806959,0.31037247638192655,0,0,0,8.054429743821416,8.054429743821416,7.466334215453383,7.341044898301585
backward_left,27.04,-0.30000000000000004,0.15000000000000002,0.0,0.23732930126092155,-0.03913741769449992,-0.0575609113715774,-0.46956782559106297,0.014058712100240142,-0.019836083098381276,0.3093679061083065,0,0,0,9.5970300454603,9.5970300454603,7.466674813777967,7.421232097976394
backward_left,27.060000000000002,-0.30000000000000004,0.15000000000000002,0.0,0.23853369073208405,-0.04299944879747891,-0.06203844424514192,-0.2999999755614857,0.009919074437214435,-0.027101463209910037,0.30817482344646485,0,0,0,10.577290692593284,10.577290692593284,7.412140189141297,5.006956328860975
backward_left,27.080000000000002,-0.30000000000000004,0.15000000000000002,0.0,0.23805350680803422,-0.04731788227353293,-0.04551842867393706,-0.1020326544345387,0.008772146114219413,-0.0343807745136959,0.3072115390235732,0,0,0,10.73189703610078,10.73189703610078,7.294980886962094,3.3704714803122444
backward_left,27.1,-0.30000000000000004,0.15000000000000002,0.0,0.22560994196207543,-0.04932003430939865,-0.015324239093203136,0.08397623480339506,0.01109617749811197,-0.03971751161987877,0.3067981873710093,0,0,0,9.788410357179913,9.788410357179913,7.151377521660443,2.1353271898207917
backward_left,27.12,-0.30000000000000004,0.15000000000000002,0.0,0.1972835323647753,-0.044457350187962465,0.01612696660992319,0.22770112862923897,0.011695006740500504,-0.04216267669920254,0.30703058032647346,0,0,0,8.379126814990206,8.379126814990206,7.040610631247695,1.6905647521482183
backward_left,27.14,-0.30000000000000004,0.15000000000000002,0.0,0.15552214512268023,-0.03363152537937532,0.04015666508245464,0.318596242045086,0.005307376251164821,-0.04187357989899722,0.30782887711873097,0,0,0,7.656934656120328,7.656934656120328,6.995630413002743,2.226337588516338
backward_left,27.16,-0.30000000000000004,0.15000000000000002,0.0,0.11048314365886445,-0.018148362780848287,0.027535599858515628,0.31461148880238354,-0.008351883610561418,-0.03947529948762134,0.3086866430210302,0,0,0,8.239165497877625,8.239165497877625,7.012127944518927,2.766120861458876
backward_left,27.18,-0.30000000000000004,0.15000000000000002,0.0,0.06773785447773263,0.007579169657672088,-0.01581847367535193,0.21301707987169075,-0.028540084427084236,-0.03538792251709496,0.3088433341683029,0,0,0,8.549468721989346,8.549468721989346,7.083538250543576,3.6435652275879504
backward_left,27.2,-0.30000000000000004,0.15000000000000002,0.0,0.02366413348842783,0.03251390216397689,-0.018866819236343486,0.048598492231562915,-0.04476248552630826,-0.03158923128489463,0.3083232029468481,0,1,0,8.370952041708668,8.370952041708668,7.193504694327785,3.2262169246231927
backward_left,27.22,-0.30000000000000004,0.15000000000000002,0.0,-0.028052620470838296,0.04125100504878702,0.0001631842565032967,-0.21504680695315784,-0.051962650915285374,-0.03129328948740986,0.3080772580104085,0,0,0,7.163202157728691,7.163202157728691,7.315131185552193,7.1177022808053785
backward_left,27.240000000000002,-0.30000000000000004,0.15000000000000002,0.0,-0.06898319880563726,0.03616735660134555,0.015589069389815554,-0.36949652049395737,-0.057430781021667765,-0.03190440936772425,0.3080506891990459,0,0,0,8.740153111984762,8.740153111984762,7.466179333080337,10.581444280211517
backward_left,27.26,-0.30000000000000004,0.15000000000000002,0.0,-0.10866271610100137,0.0329411902539864,0.03931413863536014,-0.40164039754469344,-0.05918383562563323,-0.032402470264247175,0.3084639347890126,0,0,0,7.704813246887017,7.704813246887017,7.611793895785482,9.213150666735114
backward_left,27.28,-0.30000000000000004,0.15000000000000002,0.0,-0.15230022148607142,0.031198868121783744,0.05967911151083505,-0.4497215195612036,-0.05976529504782418,-0.029251023983718646,0.30936457411370943,0,0,0,7.458984708567176,7.458984708567176,7.74601288489659,5.618734710830051
backward_left,27.3,-0.30000000000000004,0.15000000000000002,0.0,-0.19712852951360302,0.025909324281724905,0.06315966850891691,-0.4845178751378862,-0.057151519171940675,-0.023485184151680598,0.3105231078814504,0,0,0,7.166588838656122,7.166588838656122,7.826758950773755,2.7875857412189022
backward_left,27.32,-0.30000000000000004,0.15000000000000002,0.0,-0.2368804310881026,0.017649774461348685,0.04108086370555709,-0.49009807511593767,-0.050137397891467324,-0.01820859614899875,0.3114933641768949,0,0,0,6.638698348718717,6.638698348718717,7.853132948568078,3.603494382692973
backward_left,27.34,-0.30000000000000004,0.15000000000000002,0.0,-0.2682254598343101,0.013839907089686123,-0.00577802224679848,-0.4802075363357545,-0.04103434112681082,-0.014724496764234932,0.311770192267929,0,0,0,5.328284320641304,5.328284320641304,7.850209085940097,4.4294550921197
backward_left,27.36,-0.30000000000000004,0.15000000000000002,0.0,-0.29017436335884933,0.021161499151483538,-0.0699795058411771,-0.5048680176108281,-0.03350209027523625,-0.010508619794275406,0.31093535473101075,0,0,0,5.450182703060817,5.450182703060817,7.837505389291898,5.423172846705552
backward_left,27.38,-0.30000000000000004,0.15000000000000002,0.0,-0.30647292272565035,0.055162679868320866,-0.10559467358609362,-0.4837050770858334,-0.03459482492836601,-0.0073184865660822,0.30904940231398903,0,1,0,5.2462100990417735,5.2462100990417735,7.890973175835125,7.0416141934189636
backward_left,27.400000000000002,-0.30000000000000004,0.15000000000000002,0.0,-0.3030083351445879,0.0791613907765705,-0.05907172261280469,-0.25829894425549993,-0.03467205063484894,-0.00454713502916084,0.30739128811929356,0,1,0,7.777446046973944,7.777446046973944,7.992731297329247,2.826972475280268
backward_left,27.42,-0.30000000000000004,0.15000000000000002,0.0,-0.292734257841636,0.08925463614504399,-0.014338824603467772,-0.0393331389116149,-0.031931658372903966,-0.0013377083220225223,0.30661815407375764,0,0,0,9.404948238370022,9.404948238370022,7.972560068194319,4.074846440883256
backward_left,27.44,-0.30000000000000004,0.15000000000000002,0.0,-0.29629707000887945,0.09295588562941492,0.02236447603609939,0.12966124354130956,-0.02556450575293681,0.0008881063317022908,0.3066044703875145,0,0,0,8.710048275422674,8.710048275422674,7.953456042702715,5.694489561710434
backward_left,27.46,-0.30000000000000004,0.15000000000000002,0.0,-0.3117679290435024,0.10328170836551828,0.03968271159349265,0.15670379907534732,-0.018187821110574893,0.003241532165932611,0.3070939409688849,0,0,0,10.969507983295319,10.969507983295319,7.90759176411877,12.173565002737528
backward_left,27.48,-0.30000000000000004,0.15000000000000002,0.0,-0.3267523126505034,0.11482805128868673,0.03763476556030828,0.12660400159031487,-0.015093762582417155,0.0028965661547510173,0.3076883523596132,0,0,0,11.784645398496487,11.784645398496487,7.891901857984635,13.552684830630815
backward_left,27.5,-0.30000000000000004,0.15000000000000002,0.0,-0.3365805536119058,0.1200324258305789,0.023284511453115907,0.09027514491401241,-0.014554893307038625,7.66583738783101e-05,0.3081363970880041,0,0,0,8.222881675644711,8.222881675644711,7.8770311799496895,12.276987580805725
backward_left,27.52,-0.30000000000000004,0.15000000000000002,0.0,-0.3450968356920424,0.11905412923878285,0.003125845777819292,0.07494652976133995,-0.012569132232309202,-0.003136133114841738,0.30827263642420394,0,0,0,8.532077258387336,8.532077258387336,7.8629350629338575,7.617711227556182
backward_left,27.54,-0.30000000000000004,0.15000000000000002,0.0,-0.3567154635835812,0.11318008909374734,-0.01707057040313631,0.085964685464071,-0.007522907830115826,-0.004900991758529069,0.30802067100343794,0,0,0,8.6214507745064,8.6214507745064,7.8309365950971745,4.5752899125949735
backward_left,27.560000000000002,-0.30000000000000004,0.15000000000000002,0.0,-0.3696877670696995,0.10525858447685499,-0.03725682313853249,0.15193562992944248,-0.002351666132380371,-0.00468398852169699,0.307394137441071,0,0,0,8.458286828370955,8.458286828370955,7.790154346833177,4.1330567911320095
backward_left,27.580000000000002,-0.30000000000000004,0.15000000000000002,0.0,-0.3829794834607005,0.09804049416350964,-0.05830989069708715,0.2869973446774387,-0.00024847802511151107,-0.002811917264514126,0.30640083932667117,0,0,0,8.293391959591625,8.293391959591625,7.753569324788987,4.558974909247124
backward_left,27.6,-0.30000000000000004,0.15000000000000002,0.0,-0.39248203303357454,0.06823823913360656,-0.03158698606221005,0.3933951028872428,8.8393367411734e-05,-0.0028979779066930947,0.3053491120053783,0,1,0,7.5877801048354225,7.5877801048354225,7.724347828871011,4.8422589442321895
backward_left,27.62,-0.30000000000000004,0.15000000000000002,0.0,-0.38283404655128594,0.028659487244377186,0.035107512721469086,0.42774374555465017,0.0012351799540868578,-0.010421661457568317,0.3054888668819855,0,0,0,6.235076871969618,6.235076871969618,7.719157046612281,4.636493729481339
backward_left,27.64,-0.30000000000000004,0.15000000000000002,0.0,-0.3585044034548208,0.005260270463721173,0.06853504226061283,0.4139583288871955,0.0010586354783012966,-0.019811871410456643,0.3065003298429827,0,0,0,7.4023896230978306,7.4023896230978306,7.7585348163997985,5.19149526084944
backward_left,27.66,-0.30000000000000004,0.15000000000000002,0.0,-0.3502459305933444,0.01757320593753766,0.0880587230915217,0.32449187030949006,-0.0017267289966329759,-0.028585024739746133,0.3079660778570741,0,0,0,8.164561315078615,8.164561315078615,7.8398348042318275,7.01420948429636
backward_left,27.68,-0.30000000000000004,0.15000000000000002,0.0,-0.36734266398228443,0.02785832069444261,0.08957473789529939,0.19865650168301385,-0.0005782575346732345,-0.029859829439115998,0.30945111606942927,0,0,0,10.310263106593434,10.310263106593434,7.817620112620073,10.492619508712231
backward_left,27.7,-0.30000000000000004,0.15000000000000002,0.0,-0.39706522536549704,0.026442751817836164,0.0785291956533914,0.1237426488382614,0.005905997633782218,-0.024394365824904986,0.3107742867140066,0,0,0,13.021030916500282,13.021030916500282,7.806600185511179,14.082372324705158
backward_left,27.72,-0.30000000000000004,0.15000000000000002,0.0,-0.41812119114176394,0.015493252564580154,0.04496925246988203,0.10405683456691057,0.017849033665258293,-0.01781759810108521,0.31167195797968855,0,0,0,11.147918532806912,11.147918532806912,7.7961476351186825,14.135710943233555
backward_left,27.740000000000002,-0.30000000000000004,0.15000000000000002,0.0,-0.42434196304105687,0.005887586984851258,-0.009572022283080614,0.11330789365104799,0.03366860864774014,-0.013695503528573719,0.3117449104374616,0,0,0,7.014881789306765,7.014881789306765,7.786232322261714,11.165774515384449
backward_left,27.76,-0.30000000000000004,0.15000000000000002,0.0,-0.41258451082749625,0.005125639329759473,-0.07724131684553046,0.08403297465306908,0.04267613743402771,-0.011807954794406775,0.310707816344228,0,0,0,7.90422319359197,7.90422319359197,7.776825800865019,7.365429943235435
backward_left,27.78,-0.30000000000000004,0.15000000000000002,0.0,-0.39264444026634127,0.02616401181517063,-0.14721147607708673,0.0003991787720719953,0.04267155478735033,-0.01088471200538064,0.3083694647415295,0,0,0,8.99752342048934,8.99752342048934,7.767901213733708,3.745883375148484
backward_left,27.8,-0.30000000000000004,0.15000000000000002,0.0,-0.3690034415758873,0.06673250450046789,-0.19746761963797038,-0.1264765128538784,0.03569697620772273,-0.009536379748253089,0.30480041899596855,0,0,0,9.72649478459482,9.72649478459482,7.720492824129135,4.6586878754509
backward_left,27.82,-0.30000000000000004,0.15000000000000002,0.0,-0.3567881918806051,0.13912984988543123,-0.1968136569008096,-0.27444529423176556,0.02128706576423076,-0.011202239195922163,0.30084422514856674,0,0,0,10.059048339679048,10.059048339679048,7.635576493172348,5.922960959598024
backward_left,27.84,-0.30000000000000004,0.15000000000000002,0.0,-0.35395042516365777,0.18735069790951217,-0.10393968292725926,-0.2828520076601487,0.011214445291560632,-0.012905793461601565,0.29771887677105935,0,0,0,8.746117909231371,8.746117909231371,7.528043021051108,6.085761507434738
backward_left,27.86,-0.30000000000000004,0.15000000000000002,0.0,-0.3323615742466434,0.20358818180343805,-0.023426296433952908,-0.21187604295274678,0.01477163975227871,-0.004756516299955752,0.29653042438878074,0,0,0,8.64542311726285,8.64542311726285,7.440086502318831,6.842012144865791
backward_left,27.88,-0.30000000000000004,0.15000000000000002,0.0,-0.3141776416115568,0.2015727036149882,0.01742172166688603,-0.03611487508505063,0.018888597501615027,0.0038771734148342818,0.29649580522763574,0,0,0,9.658716947399734,9.658716947399734,7.465794192704383,7.519332979025354
backward_left,27.900000000000002,-0.30000000000000004,0.15000000000000002,0.0,-0.3145028250977238,0.19277824401823251,0.02359343103017971,0.07710690523494254,0.013492086605005879,0.011762135666249328,0.29694113844240555,0,0,0,8.59147969115005,8.59147969115005,7.54141988062884,7.619996265661625
backward_left,27.92,-0.30000000000000004,0.15000000000000002,0.0,-0.32787130915845175,0.19151776913446267,0.005751646188692717,0.01843455760655814,-0.0009139912357006714,0.01939826455618094,0.29726917789645135,0,0,0,8.171073565871392,8.171073565871392,7.608559760754897,6.326175924550812
backward_left,27.94,-0.30000000000000004,0.15000000000000002,0.0,-0.33635438569233583,0.1934723493825509,-0.02283007764964922,-0.10857040444498635,-0.01654354588988786,0.026354250964686705,0.2971333846895928,0,0,0,8.675029856346665,8.675029856346665,7.64186243595849,4.778520355049988
backward_left,27.96,-0.30000000000000004,0.15000000000000002,0.0,-0.3385429388086757,0.19317788345833015,-0.05063912512020047,-0.18753284801695297,-0.0287596874791994,0.03250125781078207,0.29644208443374725,0,0,0,9.295067851947662,9.295067851947662,7.639772637069271,3.723045245594552
backward_left,27.98,-0.30000000000000004,0.15000000000000002,0.0,-0.34204709666194716,0.15515839245733315,-0.018179818102053,-0.40281221863460365,-0.031103474589864247,0.03388684426335106,0.2958710334487987,0,0,0,9.739455378057231,9.739455378057231,7.637787499779918,3.0717298351271136
backward_left,28.0,-0.30000000000000004,0.15000000000000002,0.0,-0.34961276858307067,0.0990954235096645,0.020042263837722188,-0.5314988754201355,-0.021265658001524065,0.029735910881735245,0.29609398953737526,0,0,0,9.537684232746482,9.537684232746482,7.6359017495240735,2.489444873927511
backward_left,28.02,-0.30000000000000004,0.15000000000000002,0.0,-0.35319948195127293,0.030804352791671995,0.046316107328626475,-0.5567192721578668,-0.0010629136000272228,0.021855793137157194,0.2969987323218121,0,0,0,8.91258340078603,8.91258340078603,7.634110380760216,1.9676386982074057
backward_left,28.04,-0.30000000000000004,0.15000000000000002,0.0,-0.3363666530309582,-0.025754285842076306,0.07303218000288503,-0.3490584548123484,0.0066309470871553046,0.014416477533759565,0.2982975977123376,0,1,0,7.81841291918764,7.81841291918764,7.654962075320423,4.326024969764918
backward_left,28.060000000000002,-0.30000000000000004,0.15000000000000002,0.0,-0.3010343149118215,-0.05151695344808419,0.0831754072901509,-0.02636313535976882,0.000638115151201131,0.010093040586972954,0.30000157382539444,0,1,0,5.89083548420099,5.89083548420099,7.652215409031292,4.033901501962544
backward_left,28.080000000000002,-0.30000000000000004,0.15000000000000002,0.0,-0.2763462909895436,-0.047269965805421844,0.10178322716884422,0.15948786421048014,-0.01074319230043669,0.005106071618265224,0.3018563612510791,0,0,0,6.896859507800445,6.896859507800445,7.649606587107325,6.352983313873344
backward_left,28.1,-0.30000000000000004,0.15000000000000002,0.0,-0.2661764430511065,-0.0379179692999302,0.10658237294373919,0.1951585832086383,-0.0189455905441399,0.0023550383177054295,0.30390776863318153,0,0,0,6.897918068917038,6.897918068917038,7.647128634810844,7.46225971721461
backward_left,28.12,-0.30000000000000004,0.15000000000000002,0.0,-0.2903890388147639,-0.028680849916001432,0.10662297170095437,0.19791729304213865,-0.01929911946068147,0.005432424728062115,0.3060663089420991,0,0,0,6.96020761955175,6.96020761955175,7.644774935867641,4.857561330020229
backward_left,28.14,-0.30000000000000004,0.15000000000000002,0.0,-0.3206486766480741,-0.028619998661681315,0.09833479803754074,0.2251613384990807,-0.009631150649440654,0.0146917046522803,0.308233096672289,0,0,0,6.426684653589755,6.426684653589755,7.642539213502818,4.868729003057006
backward_left,28.16,-0.30000000000000004,0.15000000000000002,0.0,-0.3387192078746246,-0.0357114949040334,0.07138250146263361,0.22686336980835423,0.009059426312623135,0.02467738462193589,0.310082567877091,0,0,0,6.5303690658798335,6.5303690658798335,7.669489836424656,5.0117757797142435
backward_left,28.18,-0.30000000000000004,0.15000000000000002,0.0,-0.34319039457611505,-0.04411724802361827,0.03531919690474098,0.183783926090329,0.02846992926426254,0.030921401612698372,0.3113400314853425,0,0,0,6.282816307756296,6.282816307756296,7.7573636758175795,5.02783078524375
backward_left,28.2,-0.30000000000000004,0.15000000000000002,0.0,-0.33322438400033744,-0.04104676339621369,0.0014155343641678326,0.12160156686150782,0.04048942378019545,0.0313862527628503,0.3118563306900732,0,0,0,7.067470120449708,7.067470120449708,7.8304249426455605,4.753681966875356
backward_left,28.22,-0.30000000000000004,0.15000000000000002,0.0,-0.3063592326523029,-0.027810087895389763,-0.05187791165624202,-0.022100622766704346,0.04395704070724497,0.02598885971778733,0.3114210548793264,0,0,0,7.895170709875302,7.895170709875302,7.8686822047852445,3.0493619998512416
backward_left,28.240000000000002,-0.30000000000000004,0.15000000000000002,0.0,-0.27691417299860854,0.0036494126712091,-0.10122733208739927,-0.23531277792783017,0.03700452374236476,0.016078324909593864,0.3099149474171997,0,0,0,7.860353351311617,7.860353351311617,7.871276080125952,4.691968508496085
backward_left,28.26,-0.30000000000000004,0.15000000000000002,0.0,-0.2616921277817894,0.0507294896215654,-0.13971094371918508,-0.5430561809231117,0.02315640092230098,0.0027838901921570895,0.307544096746735,0,0,0,7.213199846231826,7.213199846231826,7.861635312578631,4.8487709456002355
backward_left,28.28,-0.30000000000000004,0.15000000000000002,0.0,-0.2534131704417338,0.06894729813326797,-0.08608095492985021,-0.5785112612712148,0.01793251856894538,-0.004388753181993631,0.3051339179862355,0,1,0,7.0137448987268955,7.0137448987268955,7.869189864872016,5.363152702186853
backward_left,28.3,-0.30000000000000004,0.15000000000000002,0.0,-0.24972121199286243,0.05232568912441547,-0.02944099545080775,-0.32876194587683355,0.0224584462584871,0.0012405748682051976,0.3040959381078517,0,1,0,8.387763397484104,8.387763397484104,7.926538085203724,7.538847581616664
backward_left,28.32,-0.30000000000000004,0.15000000000000002,0.0,-0.259040259050961,0.04847889081110411,0.01585905635543488,-0.11968398963306472,0.019800565022050107,0.00935649520389809,0.30414225419250995,0,0,0,8.594626752722219,8.594626752722219,8.051511437349955,4.93818049625474
backward_left,28.34,-0.30000000000000004,0.15000000000000002,0.0,-0.29103957036856937,0.06010707202224257,0.03540703895149122,-0.024164461410094908,0.008420732719182927,0.018896196054274523,0.3048552318811751,0,0,0,8.31042009833156,8.31042009833156,8.035649362690364,4.93818049625474
backward_left,28.36,-0.30000000000000004,0.15000000000000002,0.0,-0.31729749200180596,0.07764976793610086,0.023205726125489014,-0.0013644639511729978,-0.006763469325303908,0.02493685838415262,0.30555140460343344,0,0,0,7.165545527282991,7.165545527282991,8.01319606874831,3.64905202243275
backward_left,28.38,-0.30000000000000004,0.15000000000000002,0.0,-0.335673731911848,0.09082994022380358,0.004299163180339467,0.011084296680884962,-0.01672912977176549,0.028420876787307515,0.3059607034441869,0,0,0,7.058696357386468,7.058696357386468,7.991938609944842,2.367548089964748
backward_left,28.400000000000002,-0.30000000000000004,0.15000000000000002,0.0,-0.34998378094796506,0.0969224579727257,-0.019000606597666718,0.04575108968028862,-0.01983908997873568,0.03156891362349236,0.30599137663912807,0,0,0,7.430745429596845,7.430745429596845,8.013239595522897,2.0848197072210204
backward_left,28.42,-0.30000000000000004,0.15000000000000002,0.0,-0.3616550814445974,0.09884552656350155,-0.04473675544264346,0.11165234511847205,-0.017002629293394342,0.035099082730321626,0.30561179212436623,0,0,0,7.477427309978969,7.477427309978969,7.999517587125187,3.7234780393684175
backward_left,28.44,-0.30000000000000004,0.15000000000000002,0.0,-0.3707740253019848,0.10111296433619595,-0.07957477133515205,0.19457188740015155,-0.01064024821044472,0.0375673648020871,0.3047003535142804,0,0,0,7.331392025311625,7.331392025311625,7.97898654563534,5.046387602128726
backward_left,28.46,-0.30000000000000004,0.15000000000000002,0.0,-0.3808991129976546,0.07249781907007789,-0.03881178461462647,0.08670108800393028,0.004661026024698873,0.03194219505870952,0.30372878728279795,0,1,0,7.1438743196525385,7.1438743196525385,7.959542883973899,6.85184079392796
backward_left,28.48,-0.30000000000000004,0.15000000000000002,0.0,-0.358379861201238,0.05643296368123028,0.05017867157821956,-0.02621758510002848,0.007318784010091414,0.024287992225467177,0.3042357493293079,0,1,0,7.426930913032218,7.426930913032218,7.994516760186524,2.073180322845797
backward_left,28.5,-0.30000000000000004,0.15000000000000002,0.0,-0.3153012434728208,0.04904991306332918,0.10617660274141415,-0.1121582582564697,0.008505821979433975,0.01605477160669087,0.30598392515198136,0,0,0,8.65518162561553,8.65518162561553,8.084237541283596,4.784989887489999
backward_left,28.52,-0.30000000000000004,0.15000000000000002,0.0,-0.28810507646801975,0.052073477701004775,0.12913928026979443,-0.16367558561536524,0.009904630363477518,0.010888440614135913,0.3084137615437858,0,0,0,8.70798301663648,8.70798301663648,8.225409271836515,5.65539674536399
backward_left,28.54,-0.30000000000000004,0.15000000000000002,0.0,-0.29082607234772456,0.047653119417125474,0.13167339055955476,-0.13781022037974872,0.014953184762876076,0.012415674204325182,0.3111333470697175,0,0,0,6.8476711873798255,6.8476711873798255,8.200904774114289,5.981551500405506
backward_left,28.560000000000002,-0.30000000000000004,0.15000000000000002,0.0,-0.3026652800705656,0.03302887334619762,0.11386406183716762,-0.06269762048445032,0.027814062624474674,0.016918931517683946,0.3137318331336868,0,0,0,5.85296112812145,5.85296112812145,8.169518668319963,6.047803063925055
backward_left,28.580000000000002,-0.30000000000000004,0.15000000000000002,0.0,-0.30773602845366316,0.020259654172244713,0.0839716465014051,0.08817125378719873,0.04561901108104002,0.018939159841402545,0.3158266120577549,0,0,0,6.2778199218140545,6.2778199218140545,8.193796111430618,5.907912159744051
backward_left,28.6,-0.30000000000000004,0.15000000000000002,0.0,-0.30155884310611275,0.0063737324134922994,0.03757779970809472,0.20476847210716193,0.06127929047653284,0.01831733905971878,0.31705308317055625,0,0,0,7.439281236394742,7.439281236394742,8.166901860349338,4.284142246141853
backward_left,28.62,-0.30000000000000004,0.15000000000000002,0.0,-0.28301604843561656,-0.0019002751545159264,-0.002457224991304887,0.3010829182585891,0.06586114052697671,0.01427058972161482,0.3174920169477127,0,0,0,8.789280760408582,8.789280760408582,8.180195962440596,3.3821709966891285
backward_left,28.64,-0.30000000000000004,0.15000000000000002,0.0,-0.26701137815477854,0.006926893656748354,-0.028360848092013537,0.3134492104460625,0.061198437679695405,0.009083412511038204,0.3172728542377766,0,0,0,9.684031634491856,9.684031634491856,8.139724100356187,4.087918269268391
backward_left,28.66,-0.30000000000000004,0.15000000000000002,0.0,-0.2512812186731664,0.029104144575093596,-0.05293072761775959,0.2609125348289454,0.04855073625598833,0.004452694877604163,0.31651544549490884,0,0,0,9.55059257043888,9.55059257043888,8.050799028249994,4.05567635404617
backward_left,28.68,-0.30000000000000004,0.15000000000000002,0.0,-0.24250718450814876,0.06763511668581719,-0.08250566229819616,0.15913474159012933,0.03039045984678261,0.0012873470645432092,0.31519498804230267,0,0,0,8.332333774133591,8.332333774133591,7.955267844274768,7.067413759065118
backward_left,28.7,-0.30000000000000004,0.15000000000000002,0.0,-0.23362431462387576,0.10337667834890052,-0.06594687545404504,0.13116406185217985,0.015976185896412094,0.0011209092941644504,0.3135823438059736,0,0,0,6.3497676801250975,6.3497676801250975,7.905531237112111,9.331055147262592
backward_left,28.72,-0.30000000000000004,0.15000000000000002,0.0,-0.21851631756112083,0.11794039412631528,-0.05218244847250626,0.15064025914309329,0.011505267941570313,0.00843356786079021,0.3124972025520613,0,1,0,6.752047380255372,6.752047380255372,7.912489332372449,5.281005124824812
backward_left,28.740000000000002,-0.30000000000000004,0.15000000000000002,0.0,-0.2126882830760649,0.1242940073366424,-0.03954501924710612,0.16977751358072643,-0.0014905885906594005,0.013573750004068264,0.31161332355512716,0,0,0,7.761487406954705,7.761487406954705,7.985279901311092,4.683309993892804
backward_left,28.76,-0.30000000000000004,0.15000000000000002,0.0,-0.22161153383712826,0.13517650078311716,-0.029766895038839336,0.1819066514414046,-0.02422490431333503,0.019546075265271898,0.3108538995739119,0,0,0,7.882876707331077,7.882876707331077,8.102224770319651,5.595119109645252
backward_left,28.78,-0.30000000000000004,0.15000000000000002,0.0,-0.2276507084134014,0.15269719376370308,-0.0287704941363725,0.16567538702945153,-0.04935604519189216,0.025600023320316547,0.31014828999638455,0,0,0,8.729154647105991,8.729154647105991,8.100034456974125,5.901207897242132
backward_left,28.8,-0.30000000000000004,0.15000000000000002,0.0,-0.2314257993326307,0.1707987245028126,-0.026941835258789397,0.15505260290048314,-0.06733881429083555,0.032545560262572645,0.3094784958669948,0,0,0,8.878631268347936,8.878631268347936,8.074128463186486,4.896334403383483
backward_left,28.82,-0.30000000000000004,0.15000000000000002,0.0,-0.23528672036862783,0.1886921150811293,-0.02632343255441917,0.1655612621921311,-0.07679474304363294,0.039840978571091805,0.3088371860835041,0,0,0,8.619703550564138,8.619703550564138,8.043034708792995,2.7630590109382176
backward_left,28.84,-0.30000000000000004,0.15000000000000002,0.0,-0.24219386077667113,0.203166619606679,-0.025019106653433015,0.18910861121836098,-0.07954447733347406,0.04622866149963007,0.3081696909781697,0,0,0,7.930685804939916,7.930685804939916,7.994206183193668,2.17855474788007
backward_left,28.86,-0.30000000000000004,0.15000000000000002,0.0,-0.250085500815487,0.1989987382990035,-0.011519212765559641,0.1392802334116482,-0.07420471048120299,0.047226025681422694,0.30774323841188045,0,0,0,7.001782777044725,7.001782777044725,7.971662343198631,1.8780739280742986
backward_left,28.88,-0.30000000000000004,0.15000000000000002,0.0,-0.263574833704613,0.181194498853304,-0.004052644772118342,0.13171899162891346,-0.062119177918956645,0.04221060072309705,0.3076218208137985,0,0,0,5.851311602470177,5.851311602470177,7.985355140449581,3.0369458429131275
backward_left,28.900000000000002,-0.30000000000000004,0.15000000000000002,0.0,-0.28072839054061416,0.1478687913258163,-0.01064572166023579,0.14484359101828048,-0.04694929934247323,0.031519863211607366,0.3075637989402407,0,0,0,6.009832118592485,6.009832118592485,8.038660906694712,4.595174405644028
backward_left,28.92,-0.30000000000000004,0.15000000000000002,0.0,-0.29173820435263725,0.10668298063748566,-0.02451726170262285,0.14980039434630577,-0.034251187718477204,0.01730572683494424,0.30713753208539085,0,1,0,6.19683767535084,6.19683767535084,8.121831922988882,7.466876296243393
backward_left,28.94,-0.30000000000000004,0.15000000000000002,0.0,-0.2878941243328769,0.0927054265707453,0.009822397177741918,0.09117399885028062,-0.04273454441053847,0.012406693917593541,0.30710158935358634,0,0,0,7.003240266652695,7.003240266652695,8.22078201323492,3.2656822473963554
backward_left,28.96,-0.30000000000000004,0.15000000000000002,0.0,-0.2928373348578378,0.09662955101916706,0.026373703328376123,-0.023489693743838233,-0.051335970657096795,0.009609174329395974,0.3073837968937379,0,0,0,7.59028177335025,7.59028177335025,8.218895582022007,6.164245781815022
backward_left,28.98,-0.30000000000000004,0.15000000000000002,0.0,-0.3103088639005805,0.09821933707662026,0.04394952890965528,-0.12747330508469276,-0.04984296699922785,0.009485492097467232,0.3080240885010752,0,0,0,8.700595357580033,8.700595357580033,8.186522922799682,9.814584552801705
backward_left,29.0,-0.30000000000000004,0.15000000000000002,0.0,-0.31681363501600096,0.0970094064353491,0.0518798704207622,-0.16498821055709337,-0.04374043804279613,0.00852226414309007,0.3090211786288014,0,0,0,7.95247181288629,7.95247181288629,8.155923471574493,3.528013675245036
backward_left,29.02,-0.30000000000000004,0.15000000000000002,0.0,-0.3181186967301232,0.09836496911951281,0.031180328582523134,-0.1502672182194372,-0.03246744905923255,0.006257884532665382,0.30982850872187817,0,0,0,8.43347819107593,8.43347819107593,8.126991851065508,4.65981122988435
backward_left,29.04,-0.30000000000000004,0.15000000000000002,0.0,-0.31222218212112646,0.10205482367125447,-0.0007262397884361799,-0.12614435897208132,-0.02254879363446707,0.0028214546373629204,0.3100756651889761,0,0,0,9.098866847584436,9.098866847584436,8.093069156345813,4.615915079729806
backward_left,29.060000000000002,-0.30000000000000004,0.15000000000000002,0.0,-0.3054065946137763,0.11026782994322445,-0.028378438839483364,-0.15281692063845842,-0.018231211072081758,-0.0006855544158479596,0.30973548363496545,0,0,0,9.464213901366985,9.464213901366985,8.028083270615536,5.839699096684968
backward_left,29.080000000000002,-0.30000000000000004,0.15000000000000002,0.0,-0.30082691125729205,0.12466634550093944,-0.056367324495505265,-0.2477796966527468,-0.021682439924315917,-0.0029483596208194616,0.30886643484460263,0,0,0,9.119645699422557,9.119645699422557,7.939449387727127,7.636712184972026
backward_left,29.1,-0.30000000000000004,0.15000000000000002,0.0,-0.2884502263670476,0.1302756359194533,-0.043837319348213284,-0.2028734857706126,-0.02589388369617893,-0.0021769771217448647,0.30763163465278826,0,1,0,7.571182817937346,7.571182817937346,7.856833342775754,9.0036845671778
backward_left,29.12,-0.30000000000000004,0.15000000000000002,0.0,-0.25639913868462666,0.1265790948528513,-0.01983708322755796,-0.13315935567944892,-0.021858496441000266,0.005507315750251,0.30701441546067204,0,1,0,6.25037447823266,6.25037447823266,7.822443098066042,1.8017199563272954
backward_left,29.14,-0.30000000000000004,0.15000000000000002,0.0,-0.2271979342150081,0.1210808621998029,-0.009012126063116178,-0.05359151812602235,-0.01726510855739117,0.013018480045975495,0.30669760397500706,0,0,0,7.065195058873079,7.065195058873079,7.896115056119559,3.0283105878135324
backward_left,29.16,-0.30000000000000004,0.15000000000000002,0.0,-0.22012752288772053,0.11601743913363552,-0.005507725364840342,0.058817978925147035,-0.01047811716203807,0.017501712338372322,0.3065585411421701,0,0,0,7.7787210924622805,7.7787210924622805,7.922212458158125,5.30227687851543
backward_left,29.18,-0.30000000000000004,0.15000000000000002,0.0,-0.23703465389875486,0.11870989221200517,0.001075037952753122,0.1146030565218451,-0.007834718850031995,0.021383353113428743,0.3065965936775344,0,0,0,7.738963288047939,7.738963288047939,7.905757303700156,3.8185442748495384
backward_left,29.2,-0.30000000000000004,0.15000000000000002,0.0,-0.25844797001230374,0.1267991904076657,0.004860325914029261,0.14435861781753184,-0.0103396455011343,0.025898734307975766,0.306736894845168,0,0,0,7.395377090758463,7.395377090758463,8.03756794556859,3.5799421747146525
backward_left,29.22,-0.30000000000000004,0.15000000000000002,0.0,-0.27243042464038425,0.13504240399045747,0.003089723938823531,0.12478873345026628,-0.01624418976735595,0.029479481957784708,0.3069213347925937,0,0,0,7.824951352926906,7.824951352926906,8.153195414524259,3.007909712185621
backward_left,29.240000000000002,-0.30000000000000004,0.15000000000000002,0.0,-0.28184029103079866,0.14177142196693418,-0.004440429093554207,0.09753640018432026,-0.02182351937364774,0.032400214409509256,0.3070250957107481,0,0,0,8.055994819668943,8.055994819668943,8.187509332758097,2.5447888254050506
backward_left,29.26,-0.30000000000000004,0.15000000000000002,0.0,-0.29415866965426,0.1456706477053782,-0.013660493690094498,0.09191935320504709,-0.024615361829991064,0.03643124677994032,0.3069859292480012,0,0,0,7.947049622006101,7.947049622006101,8.156855983748173,2.5447888254050506
backward_left,29.28,-0.30000000000000004,0.15000000000000002,0.0,-0.3076697355380679,0.14889483521329996,-0.0309641669301146,0.14317293255973407,-0.02610454922067761,0.042092691546585195,0.30672581770522594,0,0,0,7.6515696261424955,7.6515696261424955,8.127873654644642,2.6083067647252083
backward_left,29.3,-0.30000000000000004,0.15000000000000002,0.0,-0.3173727642324694,0.12396943098916767,-0.003034811595895118,0.07882132122172045,-0.020404946631601795,0.043033039643087294,0.30666118098879025,0,0,0,6.940759432588663,6.940759432588663,8.100463873187884,2.990020779639381
backward_left,29.32,-0.30000000000000004,0.15000000000000002,0.0,-0.3258513060093959,0.08546044346777654,0.01163921711826219,0.07965330867581803,-0.0086309680670443,0.03574138528856944,0.3070561217581333,0,0,0,6.045192620128783,6.045192620128783,8.103070149078182,3.700876452891119
backward_left,29.34,-0.30000000000000004,0.15000000000000002,0.0,-0.33213357327755283,0.03363727475242463,-0.0034626143428054595,0.1496872129878896,0.008056067997692535,0.021524281622723768,0.3074741308412139,0,1,0,6.38959716428574,6.38959716428574,8.173022275245955,7.64784010942984
backward_left,29.36,-0.30000000000000004,0.15000000000000002,0.0,-0.3112627009083468,0.020925809289812716,0.05585518803415266,0.12855881962296123,0.0034918182768042872,0.014235831065890379,0.3083369991405935,0,0,0,6.588326199509488,6.588326199509488,8.285334195198018,5.748350693461569
backward_left,29.38,-0.30000000000000004,0.15000000000000002,0.0,-0.28294612467188646,0.024776972308525706,0.048155578340480995,0.09422009756685677,-0.008162381373272137,0.01137332072655598,0.3094897426244254,0,0,0,6.753550147317989,6.753550147317989,8.24929414695189,4.509470247481804
backward_left,29.400000000000002,-0.30000000000000004,0.15000000000000002,0.0,-0.2776157514373514,0.033705626035382664,0.06278850800400722,0.038756553074396495,-0.012668656462235578,0.009583080461302773,0.31066774199393327,0,0,0,7.349640425175669,7.349640425175669,8.215248216523072,4.989677132820509
backward_left,29.42,-0.30000000000000004,0.15000000000000002,0.0,-0.27729325901319063,0.033141982846556145,0.07052972073012771,0.0009106689510312152,-0.008597521840318008,0.008329042022542994,0.3119962672654627,0,0,0,7.506972738814408,7.506972738814408,8.186069703903605,5.92934549014908
backward_left,29.44,-0.30000000000000004,0.15000000000000002,0.0,-0.27965176034524,0.02666548043601043,0.062201460528785925,-0.013077241219948937,0.0012695816121277334,0.006844794432893334,0.31331318211133846,0,0,0,8.031756112940759,8.031756112940759,8.155495013923808,6.194366827601883
backward_left,29.46,-0.30000000000000004,0.15000000000000002,0.0,-0.2721314950591655,0.0218220312595494,0.05468636483916946,0.049097223893467504,0.008517186306488234,0.0034042491513674904,0.3145573675082075,0,0,0,8.530026288041446,8.530026288041446,8.126586689801329,2.7969984192345883
backward_left,29.48,-0.30000000000000004,0.15000000000000002,0.0,-0.26686660799778456,0.02310261710012173,0.03916172375485486,0.09861641963284504,0.015551193896565643,0.0005460993323305196,0.3154998742181239,0,0,0,8.770340474694684,8.770340474694684,8.087034050972218,4.420992047358459
backward_left,29.5,-0.30000000000000004,0.15000000000000002,0.0,-0.25848646991678337,0.028084554373965856,0.019947075840407225,0.08201250000041939,0.018517586795427206,-0.0015447359911975947,0.3161185155554121,0,0,0,8.783444802726866,8.783444802726866,8.030440974247,6.368110639558237
backward_left,29.52,-0.30000000000000004,0.15000000000000002,0.0,-0.24515057645603833,0.04828417426657232,3.396997330174054e-05,0.029104513026899217,0.017057479921860512,-0.0030890433394960906,0.3164279112516505,0,0,0,8.2265894934396,8.2265894934396,7.969697381802984,8.338140308986901
backward_left,29.54,-0.30000000000000004,0.15000000000000002,0.0,-0.22664909958288143,0.07924459059046507,-0.0465654388229568,-0.09565862324233122,0.011253859590595276,-0.0035144876091092953,0.3160791030708885,0,0,0,12.160210146400827,12.160210146400827,7.926773573419691,13.763403028282656
backward_left,29.560000000000002,-0.30000000000000004,0.15000000000000002,0.0,-0.20695018459599002,0.11959995268926656,-0.10658276414193142,-0.26703408578576887,0.0013441699109723625,-0.004224669348157381,0.314732903830187,0,0,0,16.547540483024207,14.0,7.933667596209315,17.26188079773108
backward_left,29.580000000000002,-0.30000000000000004,0.15000000000000002,0.0,-0.182461367204283,0.12148379016072076,-0.05631932881897478,-0.13887833523633092,0.004266570456956915,0.0022497716675489183,0.31334570844295573,0,0,0,8.315884289669864,8.315884289669864,7.9923030485866065,11.979394295637587
backward_left,29.6,-0.30000000000000004,0.15000000000000002,0.0,-0.17200930620714006,0.12408369494524793,-0.050756786477735336,0.017239757031295756,0.007208252463429223,0.006635877762223188,0.31229992599445167,0,0,0,8.59888384379259,8.59888384379259,8.036863179589322,5.237164584195158
backward_left,29.62,-0.30000000000000004,0.15000000000000002,0.0,-0.18286519250623745,0.12617968700614318,-0.014878503514044204,0.23189273421917925,0.003871284875813133,0.01142680247310382,0.3116911124620302,0,0,0,8.684046739205293,8.684046739205293,8.033464571735202,3.9854280190034883
backward_left,29.64,-0.30000000000000004,0.15000000000000002,0.0,-0.19954653298911323,0.14003940960729766,0.01175515597075997,0.32942760784044084,-0.002016220976309681,0.018369103279591566,0.3117602886393308,0,0,0,7.967326591258833,7.967326591258833,8.177549814457397,4.589887268282673
backward_left,29.66,-0.30000000000000004,0.15000000000000002,0.0,-0.21567783077156488,0.16071214754038254,0.014411852669261815,0.29346789397778306,-0.00992519104297168,0.022725325412908143,0.31206977888680815,0,0,0,6.853927279397931,6.853927279397931,8.153861940941987,4.426037157783459
backward_left,29.68,-0.30000000000000004,0.15000000000000002,0.0,-0.2272005198775231,0.17882593733895655,0.006180750105536051,0.2009481923218454,-0.017324469243756968,0.023534467852058375,0.31230926058017666,0,0,0,6.957304423050148,6.957304423050148,8.125042396987645,2.6967686433175064
backward_left,29.7,-0.30000000000000004,0.15000000000000002,0.0,-0.23638601222904695,0.19031128510593256,-0.008481340800659211,0.13796322067584038,-0.021843084642958015,0.02284487600750014,0.31230982898637677,0,0,0,7.558391292032017,7.558391292032017,8.097785852497811,1.7158539755701367
backward_left,29.72,-0.30000000000000004,0.15000000000000002,0.0,-0.24572349815577596,0.19680197822116707,-0.02743070007105694,0.12126055725453935,-0.021627318616751483,0.022940999750264927,0.3119894770067297,0,0,0,7.492503052614413,7.492503052614413,8.072001033880579,3.1170785284165774
backward_left,29.740000000000002,-0.30000000000000004,0.15000000000000002,0.0,-0.25792570988139835,0.20225069309534208,-0.04950613140331712,0.1679580169240308,-0.020894787428398495,0.024199626141467707,0.3112884674475019,0,0,0,6.904450713680807,6.904450713680807,8.128853062356583,3.6850960531837327
backward_left,29.76,-0.30000000000000004,0.15000000000000002,0.0,-0.2777026779523483,0.1967824081715682,-0.042614738109436875,0.24161563685141477,-0.020579011897696776,0.024371043269271767,0.3102699253257574,0,0,0,6.083217973167121,6.083217973167121,8.11372541932413,3.7987766940225316
backward_left,29.78,-0.30000000000000004,0.15000000000000002,0.0,-0.3001073520305722,0.16318296846347652,0.007965952687761877,0.2689525372754908,-0.011185318651351283,0.015766409556286973,0.3100010187969563,0,1,0,6.167874504502256,6.167874504502256,8.182204436089254,7.052494299848217
backward_left,29.8,-0.30000000000000004,0.15000000000000002,0.0,-0.29258680088233435,0.1328066378473891,0.06675088591638702,0.19164896419493987,-0.014917110077267355,0.010807848359744025,0.31097779766967854,0,0,0,8.299375156898542,8.299375156898542,8.280129056913609,3.7787520719644903
backward_left,29.82,-0.30000000000000004,0.15000000000000002,0.0,-0.2853125317811999,0.12036487947409887,0.07807374171901238,0.12059493631765555,-0.017822991385739662,0.004471210555040512,0.3124021260776483,0,0,0,7.296857959107344,7.296857959107344,8.244377704861066,4.149770071121683
backward_left,29.84,-0.30000000000000004,0.15000000000000002,0.0,-0.2868094067901543,0.1171652466111888,0.08352000254098264,0.06540806110504635,-0.01709061187582024,-0.002052966136438395,0.31383413328985443,0,0,0,8.103364734026528,8.103364734026528,8.21060293607606,7.315150016959063
backward_left,29.86,-0.30000000000000004,0.15000000000000002,0.0,-0.28976400120171314,0.11270035459636335,0.08394406868947876,0.03256757942311608,-0.013867045337645338,-0.006910885835289238,0.31532798133268797,0,0,0,8.099704743298988,8.099704743298988,8.178685361845183,7.669281857976516
backward_left,29.88,-0.30000000000000004,0.15000000000000002,0.0,-0.2916628278189458,0.10611946729428197,0.0764686331262726,0.023236165382243178,-0.010483970707654831,-0.011120319136421256,0.31675752516130445,0,0,0,8.192241177855852,8.192241177855852,8.148513861668714,6.187129802240312
backward_left,29.900000000000002,-0.30000000000000004,0.15000000000000002,0.0,-0.29316052449482527,0.10103578429312958,0.06412810116544049,0.013584344768066935,-0.008571301496320237,-0.015794926394489123,0.3180035912329748,0,0,0,8.183638495951353,8.183638495951353,8.119984900673899,3.5495497590415797
backward_left,29.92,-0.30000000000000004,0.15000000000000002,0.0,-0.2963761026739172,0.10154906778510987,0.04725481591790465,-0.043821706410721424,-0.008819620358865321,-0.02041472834393266,0.3189567064109622,0,0,0,8.220418111603765,8.220418111603765,8.093284269787635,2.749362509628464
backward_left,29.94,-0.30000000000000004,0.15000000000000002,0.0,-0.30144383145262127,0.10955127016847528,0.016778192002428263,-0.1548489769006016,-0.010188357598268688,-0.02276758989016732,0.31945259515159075,0,0,0,8.015024613846125,8.015024613846125,8.062327840409107,3.7015453774716125
backward_left,29.96,-0.30000000000000004,0.15000000000000002,0.0,-0.30528268231656275,0.12339834005994917,-0.036822696530196014,-0.3140461440043517,-0.012297926006259743,-0.020837690823347785,0.3191119724648432,0,0,0,7.2315101430193165,7.2315101430193165,8.033501058112357,5.793423300879647
backward_left,29.98,-0.30000000000000004,0.15000000000000002,0.0,-0.3096125064425903,0.1480724528497075,-0.09412740136875769,-0.48062082707434917,-0.017174825121285934,-0.01625517185593623,0.3175909515004009,0,0,0,8.203749374544259,8.203749374544259,8.031637544545,9.805352664554766
backward_left,30.0,-0.30000000000000004,0.15000000000000002,0.0,-0.3051075570922403,0.1665353825843602,-0.0710382189936447,-0.41241389192216543,-0.02511952043128979,-0.013743512763259165,0.3156319526901721,0,0,0,6.2329767160547265,6.2329767160547265,8.078342319260194,13.137392863486047
backward_right,30.02,-0.30000000000000004,-0.15000000000000002,0.0,-0.2942496570172143,0.16680166274590036,-0.04842240112040635,-0.2593218457680862,-0.023210771986808685,-0.006888432264569493,0.3142823127930222,0,0,0,7.816560777306014,7.816560777306014,8.12938007661046,4.088122724154129
backward_right,30.04,-0.30000000000000004,-0.15000000000000002,0.0,-0.3013101965344302,0.17159694186643976,-0.01676134710031248,-0.091401104480263,-0.026033624827440847,-0.0010452952396541113,0.31340834149413466,0,0,0,8.022170817836798,8.022170817836798,8.1366216097694,6.457299801110279
backward_right,30.060000000000002,-0.30000000000000004,-0.15000000000000002,0.0,-0.3132476888799888,0.18474820349006332,0.006419305573997206,0.0066977009573946904,-0.0333805845214182,0.0034809315031895877,0.31312722186518066,0,0,0,7.874848970564752,7.874848970564752,8.19289813065545,9.358393931746646
backward_right,30.080000000000002,-0.30000000000000004,-0.15000000000000002,0.0,-0.320079862520146,0.19538483953985478,0.011607098082638767,0.057300459313684264,-0.04153820990201588,0.005184770726057433,0.31309613799690184,0,0,0,8.731969563641297,8.731969563641297,8.178645594244259,9.434466896061352
backward_right,30.1,-0.30000000000000004,-0.15000000000000002,0.0,-0.3199717461840215,0.19924643464086303,0.00595722848312278,0.09620528490013577,-0.04823883330372975,0.006084894279012598,0.3130819266049264,0,0,0,9.28583427003953,9.28583427003953,8.17530643669393,7.148185031227962
backward_right,30.12,-0.30000000000000004,-0.15000000000000002,0.0,-0.3168368870531802,0.19879191430533052,-0.011321793567295999,0.11282976884016663,-0.054248581122724425,0.008336145533245657,0.3128692779306086,0,0,0,9.46544038355685,9.46544038355685,8.145319272388335,3.505797063476174
backward_right,30.14,-0.30000000000000004,-0.15000000000000002,0.0,-0.30927467815405807,0.19397551282150582,-0.049259569517891726,0.12210445341419617,-0.060446435894016964,0.01291641787412917,0.312105621970068,0,0,0,9.528448755391263,9.528448755391263,8.11696377003512,3.135318045832861
backward_right,30.16,-0.30000000000000004,-0.15000000000000002,0.0,-0.2942289368018398,0.15562420727072251,-0.049321328372288704,0.014860738956266306,-0.05731888151689593,0.01561548409982553,0.3109962960293804,0,0,0,9.475929803930892,9.475929803930892,8.09014409230275,2.166245747592126
backward_right,30.18,-0.30000000000000004,-0.15000000000000002,0.0,-0.277176057545389,0.0887825647660077,-0.04385521991671187,-0.04211746026571936,-0.04294930367926687,0.013780193288681025,0.31004365981523024,0,0,0,9.139329463802436,9.139329463802436,8.064770760114765,2.7029939126338123
backward_right,30.2,-0.30000000000000004,-0.15000000000000002,0.0,-0.2698162303727015,0.008931654986485462,-0.032554196871710524,0.039442746805271975,-0.018527078154275293,0.008083411741649112,0.30941972080076496,0,0,0,8.520630887970281,8.520630887970281,8.04076015587156,5.72473463676624
backward_right,30.22,-0.30000000000000004,-0.15000000000000002,0.0,-0.2711610769894294,-0.05852817869236757,-0.009657769375834685,0.19068318049876928,0.0034743264547506306,0.001073662699544501,0.30898500689877506,0,0,0,7.455300563046432,7.455300563046432,8.062376394411444,5.734624001205508
backward_right,30.240000000000002,-0.30000000000000004,-0.15000000000000002,0.0,-0.2663962450904509,-0.08506829217214157,0.021710880933113803,0.28297288757483996,-0.0015040174704773071,0.0031914556812493865,0.30924242908054916,0,0,0,8.14169670001379,8.14169670001379,8.06342269017092,6.048058534657439
backward_right,30.26,-0.30000000000000004,-0.15000000000000002,0.0,-0.2711142804903096,-0.0918457938792144,0.04391706685234292,0.17042088683134432,-0.008435553678839745,0.006864726681464494,0.30995423817208667,0,0,0,8.244948257587968,8.244948257587968,8.039484334282786,5.314180468205648
backward_right,30.28,-0.30000000000000004,-0.15000000000000002,0.0,-0.28812278101061695,-0.09497513212047409,0.07176432824982802,-0.058240755397174326,-0.003115022466082507,0.012117258154712623,0.31115298719509094,0,0,0,8.272635966622829,8.272635966622829,8.01682636918687,4.102391217848087
backward_right,30.3,-0.30000000000000004,-0.15000000000000002,0.0,-0.3050294640373818,-0.10690093566683374,0.08125627402710145,-0.21525937932326478,0.00936923160383323,0.018505389082899854,0.3127729241148739,0,0,0,7.235757479794354,7.235757479794354,7.995375853013385,4.061518118215622
backward_right,30.32,-0.30000000000000004,-0.15000000000000002,0.0,-0.3141371662298331,-0.12225366661671276,0.061137819952110185,-0.2528818597395829,0.02227477444784942,0.02328766445404604,0.31427289717824564,0,0,0,6.728518698440156,6.728518698440156,8.013359862372969,3.1975261932891437
backward_right,30.34,-0.30000000000000004,-0.15000000000000002,0.0,-0.31407597497199385,-0.1362428890450956,0.02526544647781673,-0.23277173670617932,0.031179555499398406,0.024595817996612656,0.31516326395704974,0,0,0,7.52244171978875,7.52244171978875,8.050107124215014,2.370134573173351
backward_right,30.36,-0.30000000000000004,-0.15000000000000002,0.0,-0.31049669486334014,-0.14504985577479435,-0.01257262556690646,-0.26052281318383286,0.033453851437142273,0.023569398430148977,0.31531630847882686,0,0,0,8.090341314633951,8.090341314633951,8.061316409220922,2.582465915836087
backward_right,30.38,-0.30000000000000004,-0.15000000000000002,0.0,-0.30514377660162856,-0.1515716515954461,-0.06109185531253539,-0.32571284750690555,0.029089724287117667,0.020848036445125288,0.3146153950663728,0,0,0,7.845079054670982,7.845079054670982,8.046446620826917,2.9771198770296787
backward_right,30.400000000000002,-0.30000000000000004,-0.15000000000000002,0.0,-0.29616794075162733,-0.1534828912953223,-0.1348443542660022,-0.40514099965507666,0.021350816000261143,0.015989079420504416,0.3126741728447042,0,0,0,7.674606035491283,7.674606035491283,8.03807300810955,3.2054410091028065
backward_right,30.42,-0.30000000000000004,-0.15000000000000002,0.0,-0.2887877974307992,-0.12778361366126756,-0.1556751035847364,-0.384990253388992,0.008514794412388222,0.0070910030083956915,0.30947574392634625,0,1,0,7.719242539836558,7.719242539836558,8.04141217214164,5.2207890362593625
backward_right,30.44,-0.30000000000000004,-0.15000000000000002,0.0,-0.27234630256784,-0.10503322276414775,-0.08151007077906734,-0.1749088817012608,0.009227996710290266,0.0029977520562951246,0.3072139757565582,0,0,0,8.171139222712963,8.171139222712963,8.045778615230699,5.8050329064774076
backward_right,30.46,-0.30000000000000004,-0.15000000000000002,0.0,-0.2725495432672614,-0.08213215037772321,-0.011027753276308474,0.05685550107720914,0.008514219835319144,0.0023042540855864315,0.3064271653973679,0,0,0,9.422484902163147,9.422484902163147,8.09925411298882,5.5156143009447485
backward_right,30.48,-0.30000000000000004,-0.15000000000000002,0.0,-0.2944155829417312,-0.0644053153410405,0.04845151952352261,0.17306140139855813,0.003247353077070984,0.001608027168831099,0.3069152069796096,0,0,0,8.57373442296208,8.57373442296208,8.16059776497723,6.078065110684481
backward_right,30.5,-0.30000000000000004,-0.15000000000000002,0.0,-0.3161370919967776,-0.04487744750973711,0.06994071484069692,0.12908823752886991,-0.004879835991009607,0.00043082085329313054,0.30818533485250144,0,0,0,7.995478258582019,7.995478258582019,8.237292605763791,5.609492430151064
backward_right,30.52,-0.30000000000000004,-0.15000000000000002,0.0,-0.32759668941013215,-0.03050241799288197,0.06023100249933591,0.03783754513218824,-0.012166886121453209,-0.002870053717124145,0.30953104016024297,0,0,0,7.843011795563588,7.843011795563588,8.203908242791421,4.047194848436085
backward_right,30.54,-0.30000000000000004,-0.15000000000000002,0.0,-0.33216962591887184,-0.02446236800964158,0.03331249478061993,-0.04090028096139029,-0.016566228841239376,-0.007424098748277484,0.3104647406046946,0,0,0,8.127057593882283,8.127057593882283,8.172357630313215,4.055637361670007
backward_right,30.560000000000002,-0.30000000000000004,-0.15000000000000002,0.0,-0.33401781808623243,-0.02843700411458238,-0.003118944423247101,-0.050227919953438976,-0.018042438434394882,-0.011149893339010467,0.3107363884629422,0,0,0,8.409893938526606,8.409893938526606,8.14253125712515,5.63841682070561
backward_right,30.580000000000002,-0.30000000000000004,-0.15000000000000002,0.0,-0.33189732344536876,-0.04274621890699377,-0.055842716231735506,0.019168703235233335,-0.017870872628866358,-0.011334489143927451,0.3101203801659952,0,0,0,8.422329641768542,8.422329641768542,8.101326042394358,8.05097553656309
backward_right,30.6,-0.30000000000000004,-0.15000000000000002,0.0,-0.3255236175920918,-0.0661049834702966,-0.12752092847485022,0.1696378212836121,-0.017762698507292174,-0.00661058025123928,0.3083687463119343,0,0,0,11.171356272844745,11.171356272844745,8.053732791882336,13.171499235071284
backward_right,30.62,-0.30000000000000004,-0.15000000000000002,0.0,-0.3254402980065674,-0.11806288316916763,-0.13560958711894572,0.2790254269959471,-0.007114155246370409,-0.0027143582092294936,0.30594471924007877,0,1,0,15.161686408488345,14.0,8.008860785705597,16.613059238156605
backward_right,30.64,-0.30000000000000004,-0.15000000000000002,0.0,-0.3055637301012678,-0.14080279482824468,-0.05422984551532985,0.15382091556173633,-0.0025368050697984522,0.002361897659215273,0.3042715011453687,0,1,0,8.203118225497,8.203118225497,7.981293398454884,12.678427042053716
backward_right,30.66,-0.30000000000000004,-0.15000000000000002,0.0,-0.2859395609632504,-0.15376552745906408,-0.003341963810637347,0.05036654095124805,-0.0038032991466598835,0.007616602277553216,0.3038680232617607,0,1,0,9.728473714729601,9.728473714729601,8.0101339773414,5.406069935516291
backward_right,30.68,-0.30000000000000004,-0.15000000000000002,0.0,-0.28419665737820315,-0.14802788235480563,0.044579491352942216,-0.11286759189150479,-0.00783611103341692,0.01284957034973464,0.3044492539572205,0,0,0,8.970659004718355,8.970659004718355,8.095862723437861,5.368667219285357
backward_right,30.7,-0.30000000000000004,-0.15000000000000002,0.0,-0.30383334642515286,-0.14536751069219594,0.06857209143454457,-0.18856653566110163,-0.010777008073822597,0.022785109143815513,0.30571549301699497,0,0,0,8.566341653494314,8.566341653494314,8.080384465892958,5.8654479324646305
backward_right,30.72,-0.30000000000000004,-0.15000000000000002,0.0,-0.32434529116010963,-0.15244583208942145,0.06197952042651031,-0.18035733594722744,-0.009455214136765294,0.03430173577675639,0.3071904765772981,0,0,0,7.97848168266782,7.97848168266782,8.116169835442555,6.267713720193076
backward_right,30.740000000000002,-0.30000000000000004,-0.15000000000000002,0.0,-0.3380336930740117,-0.16203200197812373,0.0319488131179033,-0.12354194387631916,-0.005050447425658399,0.04346210012275254,0.30834537810545204,0,0,0,7.387578081763471,7.387578081763471,8.193262805052836,5.81392885528443
backward_right,30.76,-0.30000000000000004,-0.15000000000000002,0.0,-0.34142340803212085,-0.16972355154900004,-0.010635725813195867,-0.04584721284513314,-0.001037262963037033,0.048582821781187197,0.30880944041640646,0,0,0,6.83108239875732,6.83108239875732,8.265253592907111,3.8664881179682338
backward_right,30.78,-0.30000000000000004,-0.15000000000000002,0.0,-0.3346014287343339,-0.17237554400359079,-0.057443967537193386,0.006668510610348363,-0.0004864002569364479,0.04964101876526211,0.30840265034151715,0,0,0,6.960741063337282,6.960741063337282,8.230325999142124,2.1417198612310586
backward_right,30.8,-0.30000000000000004,-0.15000000000000002,0.0,-0.32171253547818357,-0.17100348614129063,-0.10449387072835489,0.0049219528884425455,-0.005939922900746269,0.046799580751237,0.30705017000618107,0,0,0,7.882365153622911,7.882365153622911,8.197325091632749,3.2460554576950567
backward_right,30.82,-0.30000000000000004,-0.15000000000000002,0.0,-0.30816485439591706,-0.1620254723177209,-0.14256146568971476,-0.036149805002997665,-0.015809044983242246,0.03976150549169855,0.304749481870446,0,0,0,8.522140803515947,8.522140803515947,8.16613495201237,3.9976264872458733
backward_right,30.84,-0.30000000000000004,-0.15000000000000002,0.0,-0.29896777597250823,-0.12956615694529253,-0.10014624989866232,-0.048218607148383864,-0.03215705160981298,0.024324335596187522,0.3023691727540283,0,1,0,8.769966971670788,8.769966971670788,8.13664764209723,3.9216465354606878
backward_right,30.86,-0.30000000000000004,-0.15000000000000002,0.0,-0.2715956360347355,-0.11111810006975655,0.0011169529894217729,-0.009864300121173269,-0.02737394275040716,0.016622092432529934,0.3017568843964194,0,1,0,6.747646414979429,6.747646414979429,8.10876255001632,4.763923531844453
backward_right,30.88,-0.30000000000000004,-0.15000000000000002,0.0,-0.2450402621097366,-0.08942720524596909,0.07224263862649775,0.02789845532915804,-0.021207425183551232,0.00940490418713259,0.302654115773183,0,0,0,7.806828930618564,7.806828930618564,8.082385800645572,6.156344577322478
backward_right,30.900000000000002,-0.30000000000000004,-0.15000000000000002,0.0,-0.24535983739485306,-0.07385597168882867,0.09485038394207869,0.11462192172796737,-0.015950733311158594,0.00039553909397621395,0.3044917227178157,0,0,0,6.700476701240898,6.700476701240898,8.057429722910399,4.979295885653308
backward_right,30.92,-0.30000000000000004,-0.15000000000000002,0.0,-0.2702097793837288,-0.06433512270854153,0.09597654457556376,0.09914954186271392,-0.012875360965463763,-0.007938331253665378,0.3064586659812617,0,0,0,6.603828533008072,6.603828533008072,8.033812367503781,4.878232052578369
backward_right,30.94,-0.30000000000000004,-0.15000000000000002,0.0,-0.2880372336760665,-0.06267590388931306,0.08426824938501233,0.04504666689234912,-0.011720519533938042,-0.015087556818055256,0.30820174016494906,0,0,0,6.848881522317444,6.848881522317444,8.01145706940494,3.2013327795840403
backward_right,30.96,-0.30000000000000004,-0.15000000000000002,0.0,-0.29514141350219825,-0.06977862492582136,0.06988302893975996,0.010274857606472287,-0.012864691721456004,-0.022241544915529907,0.3096277685349333,0,0,0,7.224825963071366,7.224825963071366,7.990292050299555,3.0039749099288553
backward_right,30.98,-0.30000000000000004,-0.15000000000000002,0.0,-0.30251532866121306,-0.0821198917197411,0.05383742867345207,0.042649249874667665,-0.0160426833300656,-0.028426603810962115,0.3107439412976559,0,0,0,7.461096136787252,7.461096136787252,7.970250056616283,2.6878580539453707
backward_right,31.0,-0.30000000000000004,-0.15000000000000002,0.0,-0.3103743648746457,-0.09733687878481358,0.018585883677895494,0.12834708652170734,-0.019121709908371257,-0.03148374010171557,0.3113479434608745,0,0,0,7.294584078820144,7.294584078820144,7.951268029422078,4.2266123501837045
backward_right,31.02,-0.30000000000000004,-0.15000000000000002,0.0,-0.31717607103512463,-0.11187090491989385,-0.042616376648854905,0.2821152112637278,-0.021741472514026538,-0.029909908778912447,0.3109644809644546,0,0,0,6.898737946194961,6.898737946194961,7.933286802873532,5.578164600276662
backward_right,31.04,-0.30000000000000004,-0.15000000000000002,0.0,-0.3216426547882135,-0.12584089951417932,-0.12933847769197068,0.4935856832232627,-0.024483638185538465,-0.023383564266299322,0.30918217158338557,0,1,0,6.555650701344744,6.555650701344744,7.947213586978442,7.812298656483169
backward_right,31.060000000000002,-0.30000000000000004,-0.15000000000000002,0.0,-0.31268647034280694,-0.13999761307406264,-0.07139292839956875,0.4380970217008031,-0.020833539601030484,-0.014218075463640331,0.30707031035476234,0,1,0,7.073009249929349,7.073009249929349,7.973090733132263,8.809691906663932
backward_right,31.080000000000002,-0.30000000000000004,-0.15000000000000002,0.0,-0.28640388225433167,-0.14933494306055256,-0.013973912869318646,0.31205594570762574,-0.01804109003121551,-0.004057621456763668,0.30633909222930156,0,0,0,9.002719299302914,9.002719299302914,8.025783930677004,4.973507085993687
backward_right,31.1,-0.30000000000000004,-0.15000000000000002,0.0,-0.2709508292241803,-0.15018230595942902,0.036464666838671556,0.04691581741810738,-0.01248884444311609,0.0028239351422710453,0.3066051181410652,0,0,0,10.294553014964627,10.294553014964627,8.09596246558782,4.973507085993687
backward_right,31.12,-0.30000000000000004,-0.15000000000000002,0.0,-0.27643782271575235,-0.15038314484718315,0.07425940929694404,-0.1491420184072578,-0.003637749325932222,0.010914713586301176,0.3077711940943464,0,0,0,8.832697135614463,8.832697135614463,8.14738427893975,6.143102483586151
backward_right,31.14,-0.30000000000000004,-0.15000000000000002,0.0,-0.28695748735698295,-0.15619003716737934,0.08844065943133461,-0.2456257629358464,0.0059369601636632,0.022389510917427396,0.30943228740284195,0,0,0,7.8398477849312025,7.8398477849312025,8.150105798588328,8.927977027774324
backward_right,31.16,-0.30000000000000004,-0.15000000000000002,0.0,-0.298325744664219,-0.16945153349974118,0.07868672572178594,-0.28382771888848934,0.01597436202269314,0.03466139766342376,0.3111539157029941,0,0,0,7.204834921788182,7.204834921788182,8.120018471581222,8.889963764372256
backward_right,31.18,-0.30000000000000004,-0.15000000000000002,0.0,-0.3059633403279333,-0.18900335274232397,0.04993211275004228,-0.27696877715399143,0.024399195310802826,0.044215561790346324,0.3125220203713307,0,0,0,6.630391589250768,6.630391589250768,8.093033670482015,7.396340830684382
backward_right,31.2,-0.30000000000000004,-0.15000000000000002,0.0,-0.30924831382917267,-0.21016377416690268,0.013364050549589451,-0.24286178309011633,0.030154657156046056,0.04902222101726696,0.3132661528394714,0,0,0,6.37844871059838,6.37844871059838,8.113673325041827,4.518328340989821
backward_right,31.220000000000002,-0.30000000000000004,-0.15000000000000002,0.0,-0.30717892984038686,-0.2273618748483825,-0.027642827218254534,-0.20418905440010604,0.03156033173840732,0.0492351752617377,0.3132373196754752,0,0,0,7.498646086770307,7.498646086770307,8.117881032002899,2.653634571278621
backward_right,31.240000000000002,-0.30000000000000004,-0.15000000000000002,0.0,-0.2987994024592938,-0.23787675548678172,-0.08156025928298145,-0.19867182525033722,0.027399644292480846,0.045690809811065734,0.3122459275777081,0,0,0,8.338825669770657,8.338825669770657,8.091011779571584,2.7278014477553727
backward_right,31.26,-0.30000000000000004,-0.15000000000000002,0.0,-0.2845486453791189,-0.2077677926220836,-0.10972837430219717,-0.0807577073013073,0.013216179910863572,0.03493784079397766,0.31045641170590693,0,0,0,8.962899147508217,8.962899147508217,8.065591749904478,2.6736721726800132
backward_right,31.28,-0.30000000000000004,-0.15000000000000002,0.0,-0.26677910912125546,-0.1469742009127063,-0.15073577152372417,-0.022999862735815176,-0.009381410195928978,0.016885043715351353,0.3078999763572967,0,0,0,9.414651171286394,9.414651171286394,8.041537138062498,2.673066589982947
backward_right,31.3,-0.30000000000000004,-0.15000000000000002,0.0,-0.25352342773285164,-0.09477828288282368,-0.08681034112895429,0.07068795624312504,-0.01990799026549185,0.0007545349266859962,0.3053316832443594,0,0,0,8.607398413235453,8.607398413235453,8.036113876848063,4.83862751706806
backward_right,31.32,-0.30000000000000004,-0.15000000000000002,0.0,-0.24230578021282378,-0.06123843115682976,-0.006188738719119571,0.12844900170446955,-0.012174747218157443,-0.005279135301024367,0.30441473820073045,0,0,0,7.998739484090492,7.998739484090492,8.013635798548922,7.211668272708593
backward_right,31.34,-0.30000000000000004,-0.15000000000000002,0.0,-0.24203269505313701,-0.03970314865099539,0.041696958874642406,0.19121290519977907,-0.0032419849116162,-0.009369430347817067,0.30475664919346795,0,0,0,8.820531154825414,8.820531154825414,7.992354961067168,6.400373429560947
backward_right,31.36,-0.30000000000000004,-0.15000000000000002,0.0,-0.26254231643530673,-0.02789124105275227,0.0724729428960508,0.19724652222107997,0.0007124660648047151,-0.01389116753272207,0.30593480529285694,0,0,0,7.896974790667791,7.896974790667791,7.94541426204448,5.015756292871754
backward_right,31.38,-0.30000000000000004,-0.15000000000000002,0.0,-0.2881503702952149,-0.015811219535710696,0.07821465374700755,0.12062625913730692,-0.0016502479875420337,-0.018548399028971534,0.30739454327816046,0,0,0,7.311984036573846,7.311984036573846,7.912939753411507,3.465468106721119
backward_right,31.400000000000002,-0.30000000000000004,-0.15000000000000002,0.0,-0.3059360852963104,-0.007521757754576862,0.06317308357432437,0.04821340650463743,-0.006223578888494891,-0.022492367774012686,0.30870842741270643,0,0,0,7.413411608427928,7.413411608427928,7.896970139981601,2.583713083036224
backward_right,31.42,-0.30000000000000004,-0.15000000000000002,0.0,-0.31884297386370086,-0.0030502318728758745,0.036336813231322825,0.012832181924546514,-0.011827370727383045,-0.02544057296791512,0.3095614553326814,0,0,0,7.7878945420420465,7.7878945420420465,7.881835052453681,2.7838881642141735
backward_right,31.44,-0.30000000000000004,-0.15000000000000002,0.0,-0.3280818863730099,-0.0063716746102517015,-0.005184481667161836,0.025558036830190322,-0.01630691793369336,-0.026165516642053157,0.3097330832317884,0,0,0,7.905605657811124,7.905605657811124,7.867488919895216,4.087117958744587
backward_right,31.46,-0.30000000000000004,-0.15000000000000002,0.0,-0.3328249462714261,-0.019370929284898173,-0.0614365241624881,0.1016298198616981,-0.01918296016858567,-0.022591880077546807,0.3088942694627529,0,0,0,7.8946945161826045,7.8946945161826045,7.849122198217909,5.458504303046569
backward_right,31.48,-0.30000000000000004,-0.15000000000000002,0.0,-0.33092672332485085,-0.06301471381295189,-0.07032745167882232,0.14928030297219844,-0.007915001228178564,-0.020557930936790172,0.30751796704368495,0,0,0,7.631518739071137,7.631518739071137,7.829532712873689,7.806179566587462
backward_right,31.5,-0.30000000000000004,-0.15000000000000002,0.0,-0.31753177659725057,-0.10852010338751779,-0.03128669654833892,0.10382027161658788,0.003907110416009541,-0.02024356170551675,0.3062589236474767,0,1,0,7.459291206285783,7.459291206285783,7.8176621211360064,8.927478532893218
backward_right,31.52,-0.30000000000000004,-0.15000000000000002,0.0,-0.28814202121841137,-0.12440092843148545,0.02569319078944956,-0.02646657649894613,0.004274940854655356,-0.014834412329369996,0.30628985488423144,0,0,0,9.19902469366947,9.19902469366947,7.833296952321589,5.968601554399698
backward_right,31.54,-0.30000000000000004,-0.15000000000000002,0.0,-0.2748535533271313,-0.12624733127069682,0.05312561428235676,-0.18582295223819537,0.004158569170373802,-0.009750530075272308,0.30712104429266784,0,0,0,8.34358192464185,8.34358192464185,7.920406601911022,5.103019485024206
backward_right,31.560000000000002,-0.30000000000000004,-0.15000000000000002,0.0,-0.2844632094004588,-0.1288965677923865,0.06987760481555189,-0.2803150770977924,0.005471518214773639,-0.0026924354932963326,0.30834262829005094,0,0,0,7.9987548764778,7.9987548764778,7.904046062692263,4.802389900412308
backward_right,31.580000000000002,-0.30000000000000004,-0.15000000000000002,0.0,-0.3021253453858111,-0.14012955676190283,0.07755618612910561,-0.2807787563330553,0.008261896770961417,0.006451441632973321,0.3098467634605661,0,0,0,7.409872322767848,7.409872322767848,7.9932408627984906,3.7137084395556066
backward_right,31.6,-0.30000000000000004,-0.15000000000000002,0.0,-0.31823447450332826,-0.15658778116640482,0.0680891192272219,-0.20641315193221957,0.011132679369541,0.0148493039205546,0.3113696083918642,0,0,0,6.87390462012625,6.87390462012625,8.081943139955918,3.1356199556129294
backward_right,31.62,-0.30000000000000004,-0.15000000000000002,0.0,-0.3280212608864843,-0.17168109752454852,0.043064167238800716,-0.07783934375890579,0.014877332350348361,0.01936832333306966,0.3125630296810644,0,0,0,6.45479824578675,6.45479824578675,8.057010853891828,2.745637305313039
backward_right,31.64,-0.30000000000000004,-0.15000000000000002,0.0,-0.3315057699767051,-0.17874739517719268,0.012103741819956665,0.027480855918132745,0.01768388066395352,0.020291875575709134,0.3131973228241675,0,0,0,7.299267897817437,7.299267897817437,8.098528555365775,3.180923636214926
backward_right,31.66,-0.30000000000000004,-0.15000000000000002,0.0,-0.3307071121351936,-0.1791474133702428,-0.025848023171940106,0.05562769959445543,0.01823618388466645,0.019299871364418842,0.3131593459032818,0,0,0,7.602991679919702,7.602991679919702,8.160564711277797,4.404117041475417
backward_right,31.68,-0.30000000000000004,-0.15000000000000002,0.0,-0.3223568956111243,-0.17320976453609974,-0.08918184567099853,0.027285702184267645,0.016391702286052863,0.017044986921794625,0.3121116589414351,0,0,0,7.433384772824166,7.433384772824166,8.230346608461204,5.797493160838754
backward_right,31.7,-0.30000000000000004,-0.15000000000000002,0.0,-0.31174918685028125,-0.13964195477710825,-0.13967155504411077,0.001346052621364521,0.006309324496791116,0.011198880512154173,0.30980122456604164,0,1,0,7.233866999726836,7.233866999726836,8.320998944912567,7.88406847154503
backward_right,31.720000000000002,-0.30000000000000004,-0.15000000000000002,0.0,-0.28929385068604674,-0.10417639601216909,-0.07491370494747585,0.08098836810785014,0.002532871584043303,0.0028219780570429543,0.30760396471033774,0,1,0,7.4495546016471,7.4495546016471,8.356641683198749,9.766330331458493
backward_right,31.740000000000002,-0.30000000000000004,-0.15000000000000002,0.0,-0.2657242457728907,-0.08402199435546505,-0.011699170318186165,0.22319455688141707,0.008423425451324545,-0.0024591564959612275,0.3068813533194889,0,1,0,8.407162487690377,8.407162487690377,8.318943426665594,5.541201671138334
backward_right,31.76,-0.30000000000000004,-0.15000000000000002,0.0,-0.2703731832807602,-0.06966292543820757,0.04751464492242313,0.28539731117725986,0.012982649590077716,-0.007819399610337908,0.3073521906497707,0,0,0,8.976817506118763,8.976817506118763,8.28103364349818,5.625854369080487
backward_right,31.78,-0.30000000000000004,-0.15000000000000002,0.0,-0.29661099918299094,-0.058985875222584666,0.07474385017821089,0.2661652646692869,0.015928552451911073,-0.011863977562156581,0.30852308180498894,0,0,0,7.852474126447371,7.852474126447371,8.245232136539936,5.482701773867345
backward_right,31.8,-0.30000000000000004,-0.15000000000000002,0.0,-0.320764466207791,-0.04570847723919004,0.07905075805740704,0.18609693686001016,0.015838074772414446,-0.016426241175499828,0.30994728982259756,0,0,0,7.47608319225415,7.47608319225415,8.310193367413657,3.3175905512201442
backward_right,31.82,-0.30000000000000004,-0.15000000000000002,0.0,-0.337023014999484,-0.03581035001395959,0.06929914328136116,0.10275872741205576,0.01462703063529896,-0.021719267926056548,0.3112706839740965,0,0,0,7.5032436764440575,7.5032436764440575,8.272771305734413,2.2156065283286224
backward_right,31.84,-0.30000000000000004,-0.15000000000000002,0.0,-0.3487544228829694,-0.031143905825899307,0.04828601053474789,0.02985229342367936,0.013151099193858408,-0.02725818379972014,0.31223441213745806,0,0,0,7.870765995896772,7.870765995896772,8.237427642489216,2.290431730380222
backward_right,31.86,-0.30000000000000004,-0.15000000000000002,0.0,-0.3554227229663454,-0.03658025139650982,0.008803563186476246,0.0005267469303899829,0.013662015522481885,-0.03167227678191653,0.31257021523760653,0,0,0,8.214419721201939,8.214419721201939,8.204035842710457,1.8290177082762034
backward_right,31.88,-0.30000000000000004,-0.15000000000000002,0.0,-0.35198700539962813,-0.05398548221948683,-0.05092785581408921,0.03081503007281964,0.01637876411080143,-0.033329766602743706,0.311893977680214,0,0,0,8.42737264044122,8.42737264044122,8.177159041565819,2.964860239203154
backward_right,31.900000000000002,-0.30000000000000004,-0.15000000000000002,0.0,-0.3420234091745639,-0.08094271005227441,-0.12625944928854765,0.1145644868623943,0.020720259778145043,-0.031539400850602396,0.3098793077415671,0,0,0,8.62301742948468,8.62301742948468,8.137918710149396,3.6916686739543705
backward_right,31.92,-0.30000000000000004,-0.15000000000000002,0.0,-0.3099956976506513,-0.08496081461109155,-0.14476938687383442,0.1971867174706361,0.014023518843108101,-0.020999602016748498,0.3069381400873125,0,1,0,7.956112745863158,7.956112745863158,8.088834740121698,3.5993803574612744
backward_right,31.94,-0.30000000000000004,-0.15000000000000002,0.0,-0.2742877642218881,-0.10433119322622367,-0.07919645804016327,0.17512551127075876,0.013631999250749274,-0.011241951605080047,0.304624248794859,0,1,0,8.320964913556534,8.320964913556534,8.056192226029157,3.2100537767772535
backward_right,31.96,-0.30000000000000004,-0.15000000000000002,0.0,-0.24607002992987345,-0.11713537705917076,0.0033886797132371906,0.03530767290716148,0.012188385096930024,-0.007633099440635174,0.30385107951854934,0,0,0,9.90326859067331,9.90326859067331,8.08566131431407,6.243145308828632
backward_right,31.98,-0.30000000000000004,-0.15000000000000002,0.0,-0.2452309305705922,-0.12359714981760751,0.07919858141334214,-0.19893964604988773,0.008909112071326384,-0.006563946482579108,0.304700121305194,0,0,0,10.204004396616742,10.204004396616742,8.227341495029641,5.685162029092874
backward_right,32.0,-0.30000000000000004,-0.15000000000000002,0.0,-0.26717822625782445,-0.1267618169965349,0.11852481133707307,-0.31906807254620073,0.004750684824330694,-0.004487991916087341,0.30667059116120293,0,0,0,7.7129470509027795,7.7129470509027795,8.171140445748268,5.685162029092874
backward_right,32.02,-0.30000000000000004,-0.15000000000000002,0.0,-0.2897413992930728,-0.13446562613854798,0.11437692738951424,-0.2949370754724641,0.0001696478769431158,0.0005288997778400131,0.3089702234491009,0,0,0,6.404453972993844,6.404453972993844,8.134179179771962,4.810674831115236
backward_right,32.04,-0.30000000000000004,-0.15000000000000002,0.0,-0.3064379391551379,-0.14489507365069285,0.08161103970769532,-0.203144694258872,-0.0022211024617261434,0.004920888006784446,0.31089559257282734,0,0,0,5.726518676128635,5.726518676128635,8.106427877268523,3.9728208333353257
backward_right,32.06,-0.30000000000000004,-0.15000000000000002,0.0,-0.3195196285857692,-0.1521502401391095,0.04207103871591316,-0.11672665312000385,-0.0038547507564280397,0.006856580496294249,0.3121002226166745,0,0,0,6.363152153519788,6.363152153519788,8.12333582544295,3.844556565288797
backward_right,32.08,-0.30000000000000004,-0.15000000000000002,0.0,-0.33163120685563535,-0.15177320098022484,0.008238000088712963,-0.09609328831374074,-0.006497150162660795,0.007935694619774319,0.31259211980033963,0,0,0,7.252262545052095,7.252262545052095,8.190950815073556,4.755954894840787
backward_right,32.1,-0.30000000000000004,-0.15000000000000002,0.0,-0.33720942906238727,-0.14756956666290266,-0.033353519303641874,-0.1357197502527198,-0.010014502079742563,0.008855731000734206,0.3123556630007755,0,0,0,7.401058411504637,7.401058411504637,8.179186993862121,6.211830882714595
backward_right,32.12,-0.30000000000000004,-0.15000000000000002,0.0,-0.3284416140974318,-0.1428525799410636,-0.09186573383331491,-0.19271820915310608,-0.009619005258855404,0.008957184178582699,0.31104674370224683,0,0,0,7.075425690899093,7.075425690899093,8.14898811903048,8.127874592850528
backward_right,32.14,-0.30000000000000004,-0.15000000000000002,0.0,-0.29393887107390804,-0.13271845460676004,-0.11735339192853939,-0.2212756351369921,-0.0016661310145319613,0.010482168920576714,0.30872901042151857,0,1,0,6.397292612411562,6.397292612411562,8.12043339956092,5.5377379072727
backward_right,32.160000000000004,-0.30000000000000004,-0.15000000000000002,0.0,-0.2580075399665847,-0.10424889622978839,-0.06468754784899147,-0.12374018616677933,-0.002862295373771034,0.005164501757240658,0.306896204879282,0,0,0,7.670764348244769,7.670764348244769,8.093426163205287,4.882503912848198
backward_right,32.18,-0.30000000000000004,-0.15000000000000002,0.0,-0.24191209337598937,-0.07326145756355663,-0.008692704145984753,0.006747889337815515,-0.006713333149052289,-0.003946823399121715,0.30611532493048704,0,0,0,8.126860108989801,8.126860108989801,8.067876161824035,5.256692502528361
backward_right,32.2,-0.30000000000000004,-0.15000000000000002,0.0,-0.2510009229866093,-0.055588952813189416,0.02811370272784459,0.15429153402415569,-0.008738033638288158,-0.013226235774779665,0.30615380037772244,0,0,0,8.171385234929136,8.171385234929136,8.043699068392726,6.525725892107911
backward_right,32.22,-0.30000000000000004,-0.15000000000000002,0.0,-0.27213857020635956,-0.041894416716844955,0.06074041283014182,0.16696177955181016,-0.00768425311293073,-0.018155963556270825,0.30692422623858706,0,0,0,8.011507546928597,8.011507546928597,8.020816021103194,5.9270029552082075
backward_right,32.24,-0.30000000000000004,-0.15000000000000002,0.0,-0.2885711574345924,-0.02560205092463011,0.07529244515523326,0.12988963288280922,-0.009642694821570538,-0.02157344584344455,0.3081694342929807,0,0,0,7.692958740048687,7.692958740048687,7.998147359187012,3.3832625793975186
backward_right,32.26,-0.30000000000000004,-0.15000000000000002,0.0,-0.2998380050974658,-0.013132630689940188,0.07585376884208901,0.1051240299978635,-0.015692552158226247,-0.025799925264095337,0.30954694447854686,0,0,0,7.479485738517693,7.479485738517693,7.977688999048336,2.499806103306486
backward_right,32.28,-0.30000000000000004,-0.15000000000000002,0.0,-0.31064775653471927,-0.006882618908777558,0.05565950227472667,0.11218305634702219,-0.02370141247913034,-0.029378757552049564,0.3106960940434864,0,0,0,7.545020057989829,7.545020057989829,7.95831394001528,2.5332934881074043
backward_right,32.3,-0.30000000000000004,-0.15000000000000002,0.0,-0.31827748161902925,-0.01066014407044929,0.0069702995419732615,0.14286961440468665,-0.03058549303207368,-0.02932477172787851,0.31114179577840695,0,0,0,7.497242424685797,7.497242424685797,7.939961580161469,2.9517612895982195
backward_right,32.32,-0.30000000000000004,-0.15000000000000002,0.0,-0.31953098678245234,-0.02056548371229701,-0.06577341066702028,0.22551684577024914,-0.03649899013836077,-0.02403942838161016,0.31036858985789856,0,0,0,7.389796413437824,7.389796413437824,7.922575036070825,3.2731816227907995
backward_right,32.34,-0.30000000000000004,-0.15000000000000002,0.0,-0.31655443159248753,-0.060445080541017764,-0.08707263981526984,0.26615218576441324,-0.03134641163584564,-0.018863554977722588,0.30863783403524764,0,0,0,7.2433058916454796,7.2433058916454796,7.924029745345543,3.8211308409027245
backward_right,32.36,-0.30000000000000004,-0.15000000000000002,0.0,-0.3123749063784096,-0.1319599694528204,-0.09044052902047595,0.34788845230354065,-0.013033441123877042,-0.02096404034746185,0.30684340032968443,0,0,0,7.844531476133849,7.844531476133849,7.933121389653511,7.328654991113729
backward_right,32.38,-0.30000000000000004,-0.15000000000000002,0.0,-0.3003611320596927,-0.17185606476828622,-0.008289745507326172,0.21753528357944865,-0.0006588087142267203,-0.023800524632894338,0.30568147354114406,0,0,0,9.792217802879154,9.792217802879154,7.9377642086347855,8.843515992896148
backward_right,32.4,-0.30000000000000004,-0.15000000000000002,0.0,-0.28399165292084494,-0.17346885812720436,0.03971155154094934,-0.05451318058008446,-0.00355604585008402,-0.020735310483253052,0.3060275236950653,0,0,0,8.690637314553536,8.690637314553536,7.972789952823597,6.210441192110549
backward_right,32.42,-0.30000000000000004,-0.15000000000000002,0.0,-0.2849099723371937,-0.16471315012902749,0.06546853487534798,-0.3108218340508065,-0.009040792337967783,-0.014970646080008877,0.307086585003208,0,0,0,8.156190488142212,8.156190488142212,8.061264253982007,5.845014296777704
backward_right,32.44,-0.30000000000000004,-0.15000000000000002,0.0,-0.300077766347238,-0.16882956371227373,0.07742974614530326,-0.3640776537215803,-0.012197579212989532,-0.006474018658073991,0.30858731561612707,0,0,0,7.838210691466179,7.838210691466179,8.12768647322185,4.132137885615775
backward_right,32.46,-0.30000000000000004,-0.15000000000000002,0.0,-0.3156480804114175,-0.17894455301414025,0.06856029778313284,-0.2967339285953342,-0.012412859521386172,0.0010136514257680527,0.31013511514615694,0,0,0,7.127262083476548,7.127262083476548,8.229178680852588,3.45138001678837
backward_right,32.480000000000004,-0.30000000000000004,-0.15000000000000002,0.0,-0.32469915910022534,-0.18708396104335018,0.04630058119865692,-0.18784746466678065,-0.010536905633668284,0.004929520211793838,0.31137460266173395,0,0,0,6.6800843366576395,6.6800843366576395,8.196240883925455,2.8595788958474486
backward_right,32.5,-0.30000000000000004,-0.15000000000000002,0.0,-0.32887752510711415,-0.18817014021628367,0.019416929967573736,-0.09256591379970068,-0.009140358013777286,0.005686558735535016,0.31214101645900927,0,0,0,7.5365503639240865,7.5365503639240865,8.229438339288258,4.396023124855817
backward_right,32.52,-0.30000000000000004,-0.15000000000000002,0.0,-0.3288356831206954,-0.18013649610421062,-0.011109603523021669,-0.05462509481105506,-0.008117307245617038,0.005220612456970433,0.3123590425186538,0,0,0,8.317639954045417,8.317639954045417,8.287178128333519,6.130636540678548
backward_right,32.54,-0.30000000000000004,-0.15000000000000002,0.0,-0.32085029310792695,-0.16519566979400788,-0.0605537181128729,-0.0847021572628536,-0.007245404741493592,0.004616102028515129,0.3118142977801518,0,0,0,8.562578433657098,8.562578433657098,8.357695930018437,8.71641972106827
backward_right,32.56,-0.30000000000000004,-0.15000000000000002,0.0,-0.2895370823716441,-0.16222277801869078,-0.09832689479942029,-0.11317117681573971,0.0026505742859528753,0.006780426809537126,0.31029149297988734,0,0,0,8.371082551851433,8.371082551851433,8.442617619383526,10.20289810588514
backward_right,32.58,-0.30000000000000004,-0.15000000000000002,0.0,-0.24083125341147055,-0.14417607911896788,-0.08058536058264203,0.007257088697955374,0.012215797785738955,0.010109769142845206,0.3084010846779023,0,1,0,7.600924024824509,7.600924024824509,8.472225871292437,6.823773718975076
backward_right,32.6,-0.30000000000000004,-0.15000000000000002,0.0,-0.21741626880603673,-0.10457068432414414,0.00548573695429328,0.0656488250001256,0.009324987847326214,0.007268894629174125,0.3078261568761008,0,0,0,7.899536861930038,7.899536861930038,8.478742539101322,6.305918274179593
backward_right,32.62,-0.30000000000000004,-0.15000000000000002,0.0,-0.21487133930068086,-0.08537575604814157,0.04779812542137582,0.1915109521606962,0.004876857387160499,0.002216387507072936,0.30843638791667555,0,0,0,7.546163690486018,7.546163690486018,8.453918970941555,6.305918274179593
backward_right,32.64,-0.30000000000000004,-0.15000000000000002,0.0,-0.24035506706936183,-0.0678100962383161,0.07197262491220807,0.16812208450148053,-0.0028173999331122033,-0.0013506362493228006,0.3097187461532721,0,0,0,7.357011025191852,7.357011025191852,8.532456319672086,4.796046915192484
backward_right,32.660000000000004,-0.30000000000000004,-0.15000000000000002,0.0,-0.2555149706513191,-0.050394731113142986,0.0710193769041066,0.06582802979677528,-0.013050724613105384,-0.004401065117090402,0.3111605322930825,0,0,0,7.44119059261304,7.44119059261304,8.492528313399518,4.977929450378176
backward_right,32.68,-0.30000000000000004,-0.15000000000000002,0.0,-0.2599830634170184,-0.03634359892533958,0.061980640495162984,-0.044370613310334726,-0.023098541910484823,-0.008698079982999821,0.312493439385877,0,0,0,7.686245092437285,7.686245092437285,8.444805098993257,3.9000671270739193
backward_right,32.7,-0.30000000000000004,-0.15000000000000002,0.0,-0.26572289414782896,-0.02941701592529591,0.04903701318844437,-0.1015432161824673,-0.03058372837343827,-0.01259089285072774,0.3136075538677864,0,0,0,7.882279982475813,7.882279982475813,8.39980615514601,4.5488333267137895
backward_right,32.72,-0.30000000000000004,-0.15000000000000002,0.0,-0.27349756373858275,-0.030632331438157065,0.022341747054967533,-0.09623419697093613,-0.03434311481951351,-0.013337138816138844,0.3143383099374916,0,0,0,7.624886179891047,7.624886179891047,8.376130769989238,6.592408716838208
backward_right,32.74,-0.30000000000000004,-0.15000000000000002,0.0,-0.27807435379557055,-0.03812922235820507,-0.02837759839252057,-0.02993711293411764,-0.03695573831447139,-0.009970541959657837,0.314319824373408,0,0,0,7.868210602851411,7.868210602851411,8.356476957250127,9.700294942509773
backward_right,32.76,-0.30000000000000004,-0.15000000000000002,0.0,-0.2770383293475193,-0.05278651440227525,-0.10164684161668469,0.09927162330541789,-0.03977916867821573,-0.0023607012374473515,0.3131531520016156,0,0,0,15.293365944748793,14.0,8.350265554377216,16.873749237089463
backward_right,32.78,-0.30000000000000004,-0.15000000000000002,0.0,-0.28199735320467445,-0.08645750703525262,-0.12493933860316796,0.18981849976469417,-0.03543698396866549,0.005549860132960322,0.3110067015434386,0,0,0,15.491304002709597,14.0,8.356475242694817,16.719117872431784
backward_right,32.8,-0.30000000000000004,-0.15000000000000002,0.0,-0.29032080114863645,-0.14676205831101366,-0.13618557184036134,0.2719427074228232,-0.020327385201877927,0.004654335065884196,0.3088134259656648,0,1,0,18.14801854004955,14.0,8.357926595582828,18.015730876763527
backward_right,32.82,-0.30000000000000004,-0.15000000000000002,0.0,-0.28905665989961893,-0.16784074977066896,-0.05466409389319848,0.10117252934130401,-0.014754509470387082,0.0038642135850321833,0.3071198273947735,0,0,0,9.376386831014322,9.376386831014322,7.981447428841442,18.933272223288192
backward_right,32.84,-0.30000000000000004,-0.15000000000000002,0.0,-0.2892196615377064,-0.163204603585103,-0.0006478708275408883,-0.11276074675159858,-0.01893594257436201,0.00943568377736647,0.30670548298093075,0,0,0,9.04998370427347,9.04998370427347,8.042146322818375,3.662290359515783
backward_right,32.86,-0.30000000000000004,-0.15000000000000002,0.0,-0.2961488652355571,-0.15819052952476534,0.05834353999688255,-0.30916409148126267,-0.024747730892411945,0.021760925846406456,0.30744676165035534,0,0,0,9.324739324950807,9.324739324950807,8.088528461927929,6.104643888085418
backward_right,32.88,-0.30000000000000004,-0.15000000000000002,0.0,-0.3107788301148966,-0.17030760455584473,0.07447587470535133,-0.3778943185489623,-0.025990025644200193,0.036087835940297325,0.30905824323547026,0,0,0,8.873667533580845,8.873667533580845,8.096352934196481,6.345188245733977
backward_right,32.9,-0.30000000000000004,-0.15000000000000002,0.0,-0.32682967612124364,-0.18847764980918252,0.05010732933350995,-0.32734711428320407,-0.019730820832545,0.04515456580303205,0.31059186405332356,0,0,0,7.627659469465662,7.627659469465662,8.189879174217545,5.788004732800408
backward_right,32.92,-0.30000000000000004,-0.15000000000000002,0.0,-0.33624795454803685,-0.20307529604267777,0.0062449250716865995,-0.21061557971301623,-0.010586816748312088,0.048673723369385725,0.31145459147747123,0,0,0,6.3180502353320485,6.3180502353320485,8.163814159807703,3.4669592455665734
backward_right,32.94,-0.30000000000000004,-0.15000000000000002,0.0,-0.33911274641829464,-0.21341674701303048,-0.04519669637210727,-0.08217966752220329,-0.003594974883498006,0.04850095176159191,0.3113448219486472,0,0,0,5.593502509863975,5.593502509863975,8.134453221222685,3.8130190923997267
backward_right,32.96,-0.30000000000000004,-0.15000000000000002,0.0,-0.337485262198385,-0.2123096722629718,-0.07718270560495388,0.027649546786765233,-0.0035962373754959516,0.044668811853488186,0.3102456325487293,0,0,0,6.638774390258073,6.638774390258073,8.19194358998,5.0076908041364145
backward_right,32.980000000000004,-0.30000000000000004,-0.15000000000000002,0.0,-0.3345783165799368,-0.18700854980764833,-0.07611536955640123,0.09737965422098302,-0.01539444870661482,0.031795103388607866,0.308912880874709,0,0,0,7.479987272313412,7.479987272313412,8.253180601994355,6.2824575465520525
backward_right,33.0,-0.30000000000000004,-0.15000000000000002,0.0,-0.32976282166037213,-0.13708010098770762,-0.07111926575312681,0.05247013128702367,-0.03138080462984886,0.012072319035133715,0.30749859546105185,0,1,0,11.185684605642999,11.185684605642999,8.331864986431139,10.282690536031787
combined,33.02,0.30000000000000004,0.12,0.375,-0.30681316665211306,-0.10547790601915207,0.0009267731519347153,0.03444249955201074,-0.0232365768155425,0.003712266304628268,0.3071138998259983,0,1,0,6.717317251981873,6.717317251981873,8.356325599252582,5.01510844979117
combined,33.04,0.30000000000000004,0.12,0.375,-0.2929988583306852,-0.07567119215033369,0.019946358987436446,-0.02176710730798477,-0.01223065898707578,-0.002443661948689353,0.3074167147869054,0,0,0,7.043484368952284,7.043484368952284,8.316324679345371,4.414658787483505
combined,33.06,0.30000000000000004,0.12,0.375,-0.3030669332654013,-0.04690793591701191,0.03910017336625883,-0.06148634676088903,-0.003014645774429384,-0.01027770008036922,0.3080151475042485,0,0,0,7.333827442623054,7.333827442623054,8.278560932701996,3.9801958409152705
combined,33.08,0.30000000000000004,0.12,0.375,-0.32920688060737513,-0.034933773729647614,0.047358457197867125,-0.03902362681450929,0.002933108802731156,-0.02008295939424696,0.308665494204415,0,0,0,6.899547657540227,6.899547657540227,8.242896508725341,4.61574231228432
combined,33.1,0.30000000000000004,0.12,0.375,-0.34795789549123957,-0.029666129136965917,0.05590022142502607,-0.022625964636130327,0.007717249649364103,-0.02648702633790938,0.3095022254233228,0,0,0,7.665871936369192,7.665871936369192,8.209203393093269,4.234464183033932
combined,33.12,0.30000000000000004,0.12,0.375,-0.354642407799212,-0.028994748058522583,0.04858588656665373,-0.0053756251901993755,0.014114435163591498,-0.03026748724388124,0.310338274406163,0,0,0,7.817560781268432,7.817560781268432,8.17736256495986,2.341225929095989
combined,33.14,0.30000000000000004,0.12,0.375,-0.34984201597388725,-0.03297310410675254,0.022967198699060498,0.026476736529760056,0.023587070328926582,-0.03441411168036071,0.31081326374119933,0,0,0,7.876923004325937,7.876923004325937,8.147263241056915,2.26188419424295
combined,33.160000000000004,0.30000000000000004,0.12,0.375,-0.3356048902768356,-0.0353291111392764,0.007697964066154249,0.013599382296177706,0.03203396981233144,-0.039750932797082736,0.31072264945052475,0,0,0,8.144150461842333,8.144150461842333,8.11880219617262,2.167009805520715
combined,33.18,0.30000000000000004,0.12,0.375,-0.3024677441069092,-0.02401847668998315,0.0037571160292583644,-0.03319515140374181,0.03069747831543206,-0.03976859512401512,0.3106353801441529,0,0,0,7.910170296969546,7.910170296969546,8.09070807991942,2.4440671613028355
combined,33.2,0.30000000000000004,0.12,0.375,-0.2439028785457719,-0.014390402477697361,-0.019168172271805575,0.02005217424767987,0.02449899496992292,-0.03868245086833286,0.3102596484164964,0,0,0,8.252937424262075,8.252937424262075,8.065304395586846,2.499864440537837
combined,33.22,0.30000000000000004,0.12,0.375,-0.1739112531236004,-0.002031652981595767,-0.03737127157404565,0.179740915854173,0.014872385102034476,-0.038481400546410985,0.3094564652007555,0,0,0,9.160815673221638,9.160815673221638,8.040440589995,7.027119977305757
combined,33.24,0.30000000000000004,0.12,0.375,-0.10263061352748266,0.015033612160182789,-0.04078460170025973,0.3493888857893774,0.0014026869157090006,-0.039376213353501256,0.30851943123307984,0,0,0,9.035173474946689,9.035173474946689,8.001967142530859,7.790916183803673
combined,33.26,0.30000000000000004,0.12,0.375,-0.03295417239143805,0.03378128066877885,-0.04161426485833452,0.4951430539235463,-0.013373033846754152,-0.038836190246224554,0.3076376541823051,0,0,0,8.892291307731407,8.892291307731407,7.951256483509592,7.4359371211280605
combined,33.28,0.30000000000000004,0.12,0.375,0.03285228969323911,0.0361751988361902,-7.401722014422642e-05,0.564296323206599,-0.0171297226235322,-0.04013194571661152,0.3071891896967184,0,0,0,9.617044641674832,9.617044641674832,7.885651561334743,6.1026993763224775
combined,33.3,0.30000000000000004,0.12,0.375,0.09045849773468144,0.036910563377908226,0.02608341521704431,0.5535038698966054,-0.014090254618784265,-0.044698918104421705,0.30752033079251906,0,1,0,9.919970646666442,9.919970646666442,7.8636184643782805,6.1026993763224775
combined,33.32,0.30000000000000004,0.12,0.375,0.13864320158803428,0.040161241250534545,0.026034750317219194,0.5046660416026733,-0.013535235688561232,-0.050198781768513306,0.30822276709042296,0,1,0,9.989538223452985,9.989538223452985,7.901874825326587,4.222518036280135
combined,33.34,0.30000000000000004,0.12,0.375,0.1614331788175642,0.04877837327480023,0.021678226171565444,0.3936773688603156,-0.015600061039974798,-0.05494745573364924,0.3088638366880461,0,0,0,9.747316220408416,9.747316220408416,7.9948912900727755,3.8936858742710334
combined,33.36,0.30000000000000004,0.12,0.375,0.1679457218109492,0.056008530657546164,0.00703056816839834,0.2998583529495386,-0.018090280443770992,-0.05846431552955803,0.30923606923393765,0,0,0,9.393312343989976,9.393312343989976,8.052223282892644,5.334887401914535
combined,33.38,0.30000000000000004,0.12,0.375,0.16717844400028012,0.06297112348930116,-0.009199962939617346,0.25280104250603774,-0.021783391645870533,-0.06163180471879711,0.309321153566992,0,0,0,9.050146088126047,9.050146088126047,7.965181297270863,5.375624070159062
combined,33.4,0.30000000000000004,0.12,0.375,0.1696654144715782,0.07169802099000222,-0.023008341175385857,0.17623018431601128,-0.025931298923628183,-0.06466100855932053,0.30914512369083513,0,0,0,8.827087424908374,8.827087424908374,7.895456738183086,4.098664614291013
combined,33.42,0.30000000000000004,0.12,0.375,0.18024818298567238,0.08485110844991482,-0.038805873534671,0.06107384418130125,-0.031306231738075126,-0.0677500808443673,0.3087103326585534,0,0,0,8.657685167742937,8.657685167742937,7.8362453059987445,2.951598571405741
combined,33.44,0.30000000000000004,0.12,0.375,0.19134154829967173,0.09595206464327231,-0.04635875809010381,0.02010155171355393,-0.03726438720158644,-0.06924055010366562,0.30796748014688236,0,0,0,8.195211020737842,8.195211020737842,7.784481354523159,4.248253589544735
combined,33.46,0.30000000000000004,0.12,0.375,0.2034445789440201,0.0873260096742823,-0.046811747871803096,0.12810060732417813,-0.03464882126187246,-0.06122998993512142,0.30729543399150655,0,0,0,7.252977540343875,7.252977540343875,7.746182151275498,1.8164429086008345
combined,33.480000000000004,0.30000000000000004,0.12,0.375,0.22875749556975944,0.07639269898957379,-0.07407745637111546,0.19481109475765115,-0.026319622877841446,-0.04854154495187931,0.30626865699119576,0,0,0,6.888318363462778,6.888318363462778,7.755659523497027,2.7373206519496067
combined,33.5,0.30000000000000004,0.12,0.375,0.2543164313401016,0.06578778307960229,-0.08113931953890761,0.22893632659730825,-0.01796341643501319,-0.034466130698273034,0.3047013566173563,0,1,0,6.4066501590077864,6.4066501590077864,7.795160031773374,2.9538698603486226
combined,33.52,0.30000000000000004,0.12,0.375,0.2665584039191355,0.07535232857423607,-0.023414830327605874,0.2721695997142104,-0.022103521163579002,-0.02635624954204906,0.30386053348631387,0,1,0,6.844876621864865,6.844876621864865,7.851353017476715,2.048521488563419
combined,33.54,0.30000000000000004,0.12,0.375,0.27409841011839337,0.09139470372666407,0.016298518459339176,0.2782334012409352,-0.028079788802401782,-0.021352401432883777,0.3039587158427039,0,1,0,8.079691300104127,8.079691300104127,7.932779344681457,1.065431761882379
combined,33.56,0.30000000000000004,0.12,0.375,0.2741419320467812,0.10335336608012882,0.016852770172994483,0.2209757315937958,-0.03288450728648046,-0.01671266116465745,0.3043941663005588,0,0,0,8.000044609027167,8.000044609027167,7.970626934125626,1.186171643383907
combined,33.58,0.30000000000000004,0.12,0.375,0.2687751221621177,0.11541514616530826,-0.020578305291349446,0.16402352643631152,-0.03393323753561029,-0.010915526112693733,0.3043095900266017,0,0,0,8.492213337921442,8.492213337921442,7.951625006011735,3.696770379362029
combined,33.6,0.30000000000000004,0.12,0.375,0.2707231511262219,0.12679459183736122,-0.05140174551459284,0.13307757202251247,-0.03027792621661414,-0.007678335002795703,0.303518730919244,0,0,0,8.78774016025009,8.78774016025009,7.9336249862294075,5.532994345057356
combined,33.62,0.30000000000000004,0.12,0.375,0.2808503135795152,0.12834141927189793,-0.06144985430929902,0.23336865410216573,-0.023176682221271037,-0.010550418318622457,0.3023253988661238,0,0,0,8.815129471847992,8.815129471847992,7.997726872073187,5.313456710837102
combined,33.64,0.30000000000000004,0.12,0.375,0.28452301796429275,0.12256080399954235,-0.050859530770268516,0.3564439864766362,-0.01589509672839077,-0.014947657099766231,0.3012218576864334,0,0,0,9.296669704938326,9.296669704938326,8.145020676974163,3.999139413417923
combined,33.660000000000004,0.30000000000000004,0.12,0.375,0.2826033083300468,0.11585837529975687,-0.028323252597552046,0.4550026828144613,-0.01230703019562214,-0.016768995392087448,0.3005359881162574,0,0,0,9.056732408679729,9.056732408679729,8.15109714799938,3.1013799417569334
combined,33.68,0.30000000000000004,0.12,0.375,0.28045084379241675,0.11358186290206937,-0.014214685438753157,0.5015531222282475,-0.012944497861073554,-0.015429788865195972,0.3002482170848805,0,0,0,8.290563808873154,8.290563808873154,8.072858964419336,2.811381729208344
combined,33.7,0.30000000000000004,0.12,0.375,0.28434325547990824,0.11495804768880814,-0.013674212010304002,0.5275966862188103,-0.01584507035158202,-0.012564110454680547,0.30007525411896535,0,0,0,7.491734709003278,7.491734709003278,8.027017898756775,2.660896065874363
combined,33.72,0.30000000000000004,0.12,0.375,0.2923855972386807,0.11927599198644605,-0.02832328115477402,0.5418684272914355,-0.017494052053700828,-0.008907152131257477,0.2997057156350711,0,0,0,6.9573412621697415,6.9573412621697415,8.005024809101997,3.2213377945789414
combined,33.74,0.30000000000000004,0.12,0.375,0.297543844472873,0.13706249862883904,-0.016110445813070726,0.495662837258701,-0.022872518544231675,-0.0022796052710417733,0.2991852300696441,0,0,0,6.416184949989901,6.416184949989901,8.01999210267665,3.4359222861022576
combined,33.76,0.30000000000000004,0.12,0.375,0.2998912706002659,0.1475102939019098,0.04127469401884287,0.44434569696790216,-0.029331612678659975,0.006684039538592092,0.2991749906252589,0,1,0,7.248602234746016,7.248602234746016,8.047411178106298,3.965978867703466
combined,33.78,0.30000000000000004,0.12,0.375,0.2882569056013989,0.1274288559727311,0.13739334821149113,0.3264339442295451,-0.022983143626752765,0.006415040569843049,0.3010422147734791,0,1,0,7.139710257560643,7.139710257560643,8.098791955762714,2.1019257657403436
combined,33.8,0.30000000000000004,0.12,0.375,0.2838739055404937,0.10233216661453265,0.16204134075064047,0.27393815618918615,-0.015587721797484074,0.0030782928015457255,0.30412137096148845,0,1,0,6.9438691865052276,6.9438691865052276,8.072952924498821,2.3877675834429986
combined,33.82,0.30000000000000004,0.12,0.375,0.2797306919976353,0.0833590157944454,0.12484765047930658,0.3412464477615223,-0.010081266944251908,-0.00019561322039153095,0.30693480468440143,0,0,0,7.740473323182536,7.740473323182536,8.04850347589905,6.030381614520192
combined,33.84,0.30000000000000004,0.12,0.375,0.2733081461321569,0.08327361418188062,0.0596359107199254,0.44797221889631333,-0.007199374275380553,-0.005024600926251995,0.3085810304683651,0,0,0,11.45476201279746,11.45476201279746,8.025363672683174,12.59801751114059
combined,33.86,0.30000000000000004,0.12,0.375,0.2692758930437492,0.08683190732411313,0.008693412625526456,0.39431067073285225,-0.004041191859541336,-0.014388864828478967,0.3091139737945593,0,0,0,9.769759020062216,9.769759020062216,7.951118579326717,13.4792848510676
combined,33.88,0.30000000000000004,0.12,0.375,0.2842142561395617,0.09034309733016727,-0.026913508185094616,0.3258638520643351,-0.0019348947823100856,-0.028740065793805888,0.3088498462331361,0,0,0,11.291162098348412,11.291162098348412,7.583645190458025,14.661066661078298
combined,33.9,0.30000000000000004,0.12,0.375,0.2983227169269355,0.09750382670236754,-0.026528125867997236,0.26793864873352335,-0.000450019975216235,-0.04275335555157819,0.3084168898840353,0,0,0,12.0509651269436,12.0509651269436,7.384182821955122,10.973704118352925
combined,33.92,0.30000000000000004,0.12,0.375,0.29554763071831514,0.10336910274084526,0.0041745342422167715,0.18189284093856256,-0.000521727544721493,-0.05195648978919257,0.30848752871492197,0,0,0,11.300899126536118,11.300899126536118,7.400613952275652,5.570110512739411
combined,33.94,0.30000000000000004,0.12,0.375,0.2775801712081457,0.10082461749001426,0.03260563664157854,0.10727389514430202,4.5307330452082844e-05,-0.056202826778781925,0.3092351971383796,0,0,0,9.562130223276434,9.562130223276434,7.37585758555133,2.7380593122203583
combined,33.96,0.30000000000000004,0.12,0.375,0.2586917947807286,0.09215911008532303,0.037394049925616506,0.08501930915679268,0.0031197644584339654,-0.057601528940687347,0.31031984899489523,0,0,0,7.8156025914516745,7.8156025914516745,7.2653101525301444,1.9713284777652786
combined,33.980000000000004,0.30000000000000004,0.12,0.375,0.24557214406544892,0.08375154362871125,0.01218168249815591,0.13668867525737755,0.00588110388432648,-0.057023634085131156,0.31115725589716037,0,0,0,6.584408339175865,6.584408339175865,7.240503418556543,2.5986750410985087
combined,34.0,0.30000000000000004,0.12,0.375,0.23596408411753997,0.07847056332404403,-0.0364574837977084,0.22039313798531893,0.0050908232234484875,-0.05389579467404132,0.311216184984798,0,0,0,6.021891527170553,6.021891527170553,7.257870997961312,3.259430778113253
combined,34.02,0.30000000000000004,0.12,0.375,0.23668908569437647,0.07078682108959888,-0.07376909696931963,0.24004403123349422,0.00697072518325903,-0.04599678228255976,0.3103633945954973,0,0,0,5.774388647263215,5.774388647263215,7.295244018860124,2.4974890297582095
combined,34.04,0.30000000000000004,0.12,0.375,0.25013778549921256,0.06269821319783621,-0.11732771682169758,0.17939082694345238,0.012103943841891946,-0.03226793946432363,0.308583840328197,0,0,0,5.386594477356979,5.386594477356979,7.357975120193757,3.6443496690257646
combined,34.06,0.30000000000000004,0.12,0.375,0.2511143486126462,0.07331999835652886,-0.0776308984159987,0.10666949656942042,0.008689082170335085,-0.01748632314562759,0.30664752344003626,0,1,0,7.448649319875303,7.448649319875303,7.428082955369742,3.3371050968935814
combined,34.08,0.30000000000000004,0.12,0.375,0.24544855381578615,0.09337390710774547,-0.028071720146164075,0.09785941572814345,0.00022757507013330359,-0.006306703101289231,0.30575531932593314,0,1,0,9.082758146523382,9.082758146523382,7.467996575825627,1.97199061061426
combined,34.1,0.30000000000000004,0.12,0.375,0.22849727800993802,0.11820627124862937,-0.005030511629538972,0.0898272295206837,-0.009285570371720763,0.0021046113475097035,0.30547318715389515,0,0,0,10.636932903269852,10.636932903269852,7.420382621222952,3.3699631400744683
combined,34.12,0.30000000000000004,0.12,0.375,0.2137606204969482,0.13965617973744066,-0.016336918004278337,0.025457182838915522,-0.014378350988609599,0.007215607771146825,0.3052147935311334,0,0,0,9.338540874001485,9.338540874001485,7.297587051477244,4.628120101337421
combined,34.14,0.30000000000000004,0.12,0.375,0.2068824153920873,0.1517478102213655,-0.03252716398296453,-0.0153727162445771,-0.015012588315491494,0.00841120254329882,0.3046760582402803,0,0,0,8.439402290648024,8.439402290648024,7.2173432523719505,6.26286074870916
combined,34.160000000000004,0.30000000000000004,0.12,0.375,0.20847844633227228,0.1521744624457573,-0.03913408067372723,0.07478288017104591,-0.011296261531043688,0.004606033279867189,0.3038820968134514,0,0,0,9.014928293795235,9.014928293795235,7.176268751286763,6.121030408301191
combined,34.18,0.30000000000000004,0.12,0.375,0.20590774249056704,0.14624571421852378,-0.03269904157094538,0.18107811449907518,-0.00629275652772637,0.0007705592510554251,0.30313577086313226,0,0,0,9.385299511639678,9.385299511639678,7.172325271438627,4.250704079243897
combined,34.2,0.30000000000000004,0.12,0.375,0.2024750648747624,0.138400123421734,-0.02093149246298053,0.2728271094293519,-0.002813558198720954,-0.00037524179363548823,0.30264059656878395,0,0,0,9.08743333043038,9.08743333043038,7.19165808519935,3.1463033327345147
combined,34.22,0.30000000000000004,0.12,0.375,0.20418144639863656,0.13115487311684665,-0.016974717943801957,0.35380836574833613,-0.0029949371600428553,0.0006153973971721594,0.30232674851461533,0,0,0,8.469045008734419,8.469045008734419,7.2113065378854415,2.6772475950453374
combined,34.24,0.30000000000000004,0.12,0.375,0.21165774323075398,0.1253862468783254,-0.027304035241512186,0.3930400630098761,-0.006330907054010298,0.002643028909156102,0.3019074513064079,0,0,0,8.02453544013701,8.02453544013701,7.2300397314017,2.572698469240715
combined,34.26,0.30000000000000004,0.12,0.375,0.2223757162180887,0.12439758628479512,-0.034020906678326114,0.38361811904099224,-0.012231924533520365,0.005985678868511918,0.3011830358085856,0,0,0,7.739874283627639,7.739874283627639,7.247897491534015,3.124733736030112
combined,34.28,0.30000000000000004,0.12,0.375,0.24417629529629475,0.13816276127593677,-0.03104687007317519,0.45656200070492914,-0.02704579128680401,0.013210200809391245,0.3005161075151985,0,1,0,7.254976722673678,7.254976722673678,7.264918171871624,3.598467128824944
combined,34.300000000000004,0.30000000000000004,0.12,0.375,0.24881039810607664,0.11673436665384998,0.06146482540422863,0.37764855130436503,-0.027764624850912047,0.015110067945533443,0.30075286053005584,0,1,0,6.732842954393959,6.732842954393959,7.302363000305508,2.757372351050572
combined,34.32,0.30000000000000004,0.12,0.375,0.2606277569756216,0.09394623047523115,0.12891863195121606,0.3130101988675904,-0.022423403325058263,0.008856549460833177,0.3027046006498586,0,1,0,6.891039993144439,6.891039993144439,7.352690650255454,2.125131516576324
combined,34.34,0.30000000000000004,0.12,0.375,0.2758063481797232,0.07236955121144503,0.14800291104422406,0.2919621332752372,-0.017774224505082065,-0.00025673749915458387,0.3055261499092128,0,1,0,7.145652487867592,7.145652487867592,7.462137821127271,2.457022477550247
combined,34.36,0.30000000000000004,0.12,0.375,0.2882142432208115,0.0552651394745612,0.10821923374123416,0.37466433171753816,-0.01431870147769068,-0.007723280454822424,0.30815864649888064,0,1,0,7.233080991214206,7.233080991214206,7.49538022565881,5.167935420097878
combined,34.38,0.30000000000000004,0.12,0.375,0.2895673232630914,0.048769733214366354,0.051048256347045226,0.5099568222812134,-0.01109371496227963,-0.01329519007531459,0.309864186686411,0,1,0,10.36599359967743,10.36599359967743,7.500540955467915,10.314949332177543
combined,34.4,0.30000000000000004,0.12,0.375,0.28768323809266894,0.048374648279195936,0.006370116520823228,0.5453354925086227,-0.006195545183973531,-0.020572636669386486,0.31061899802377735,0,0,0,9.101016273379356,9.101016273379356,7.505449180462957,11.081778375192718
combined,34.42,0.30000000000000004,0.12,0.375,0.2993107432618143,0.05247792740481488,-0.018149785636972095,0.5180805385285374,0.00021520884772390872,-0.031551011207920435,0.31063285882205244,0,0,0,10.577003931372452,10.577003931372452,7.47423306854094,8.138568462739798
combined,34.44,0.30000000000000004,0.12,0.375,0.30304958126379883,0.057517446487021305,-0.008972131126832093,0.4524517110533287,0.005500620133857387,-0.040748548759288204,0.31059481534363026,0,0,0,10.831511881141125,10.831511881141125,7.568517813142403,4.8670489863667585
combined,34.46,0.30000000000000004,0.12,0.375,0.2968999791987833,0.05676671740238941,0.01701815200872101,0.36401995755444316,0.010287378820162604,-0.04474801787003841,0.3110052813464424,0,0,0,9.879302160288074,9.879302160288074,7.426582394841471,2.806933595510606
combined,34.480000000000004,0.30000000000000004,0.12,0.375,0.28628934587258226,0.04765568215831225,0.031911677409032085,0.28098430092222393,0.015767019197079634,-0.04495533329887724,0.31185246951521073,0,0,0,8.306248955867282,8.306248955867282,7.30640786650774,1.9684480203883719
combined,34.5,0.30000000000000004,0.12,0.375,0.2782115531318951,0.03553464754256426,0.02621893161157294,0.22116899673550047,0.020382960143635016,-0.04355570976878168,0.312787413488074,0,0,0,6.976391795739171,6.976391795739171,7.260101050317989,2.619462732972416
combined,34.52,0.30000000000000004,0.12,0.375,0.2747470718429446,0.0260344530450564,-0.003320317977272197,0.18454955074236518,0.02236943503844765,-0.04080399034336904,0.3133266410191387,0,0,0,6.129756784357916,6.129756784357916,7.272366822161398,3.6517310319266505
combined,34.54,0.30000000000000004,0.12,0.375,0.2696112511835677,0.024945428373126237,-0.04173867904822781,0.16890532234476419,0.02041815994350187,-0.03588864502040143,0.31304229494580604,0,0,0,5.712876268555147,5.712876268555147,7.2882364459192,4.931168800444544
combined,34.56,0.30000000000000004,0.12,0.375,0.26051763812781986,0.03865730462019928,-0.019147924443475878,0.26762457019172425,0.014210799372260578,-0.031734918303736814,0.3125502991159637,0,1,0,5.70005185777583,5.70005185777583,7.3506420126952,2.5896655545654967
combined,34.58,0.30000000000000004,0.12,0.375,0.2680228710065316,0.0597392949687511,-0.0010717969842284156,0.3155803453751985,0.008169664876921843,-0.026190803507274502,0.31255030006877726,0,1,0,7.091414287588135,7.091414287588135,7.418215196439309,1.076045461310825
combined,34.6,0.30000000000000004,0.12,0.375,0.2824197852211753,0.08193594410512263,0.0004775129680086648,0.3437294509485803,0.0009760604694920368,-0.019452236762224104,0.312684138157417,0,0,0,8.179064124432507,8.179064124432507,7.502789496870722,2.5275609890981054
combined,34.62,0.30000000000000004,0.12,0.375,0.2970615990242904,0.10286006945599697,-0.016030780231638158,0.26644630300605415,-0.0035726412196905575,-0.012902769551354665,0.3125893256148938,0,0,0,8.701497404599179,8.701497404599179,7.590866958693365,4.080571478093534
combined,34.64,0.30000000000000004,0.12,0.375,0.3037537975800566,0.12320986118125671,-0.03988224952877921,0.12079118851417173,-0.004379323559988109,-0.007913289983747985,0.3120056947672983,0,0,0,9.228129600697931,9.228129600697931,7.591320997312767,4.075850713400528
combined,34.660000000000004,0.30000000000000004,0.12,0.375,0.30013003815326145,0.14125314614056633,-0.04913241031874356,-0.04357713298209317,-0.0018312691482051627,-0.004673161446763975,0.31101555875687886,0,0,0,9.50976653832897,9.50976653832897,7.591752479878728,6.649121399513214
combined,34.68,0.30000000000000004,0.12,0.375,0.29660749952749793,0.1488987698696311,-0.05213431751368952,-0.03780256669006495,-0.001168583207049647,-0.004482373049201008,0.309904430445446,0,0,0,9.083420624265631,9.083420624265631,7.666658203502571,9.767154663942025
combined,34.7,0.30000000000000004,0.12,0.375,0.30555167719817034,0.1421614465531358,-0.047577837870210346,0.16939905622681148,-0.0017056235010841697,-0.009354367005859595,0.30887277640827693,0,0,0,9.640912832029041,9.640912832029041,7.595895274842839,8.024611934957615
combined,34.72,0.30000000000000004,0.12,0.375,0.31469839048836973,0.12977550619831904,-0.032074429961436696,0.3786956001207719,-0.0011095245727086084,-0.01433304107680521,0.30815956740777695,0,0,0,9.569371441623758,9.569371441623758,7.6167016248704975,5.221104029927581
combined,34.74,0.30000000000000004,0.12,0.375,0.3191893937801124,0.11788956586198145,-0.020169812529393674,0.5109622321494736,-2.941704367458346e-05,-0.01617831580076951,0.3077969772099469,0,0,0,8.668835177382766,8.668835177382766,7.61586957465644,2.7967651967991185
combined,34.76,0.30000000000000004,0.12,0.375,0.3180810849221515,0.1122978829414179,-0.023819737207842723,0.5499223752508807,-0.0011271341054781064,-0.014232455575888292,0.3075193161079754,0,0,0,7.550756145062243,7.550756145062243,7.615079029492001,2.585548398422828
combined,34.78,0.30000000000000004,0.12,0.375,0.32377558317578414,0.1123482029635212,-0.041826730259068676,0.6006814415452886,-0.0039475661413708625,-0.010653755910258925,0.3069746614872154,0,0,0,6.79628133730312,6.79628133730312,7.614327913782688,3.1256724373834044
combined,34.800000000000004,0.30000000000000004,0.12,0.375,0.33515103613617764,0.1171096968540391,-0.06311456051992091,0.6962790913836298,-0.005829613852265214,-0.007402612741565289,0.30597751753645885,0,0,0,6.505419180379216,6.505419180379216,7.613614256236655,3.6664720547391747
combined,34.82,0.30000000000000004,0.12,0.375,0.33334413389134115,0.14508163253223882,-0.03775412963867986,0.6726647374048211,-0.0167189809551697,0.0006997809867551541,0.30498351010473596,0,1,0,6.544205919700391,6.544205919700391,7.6129361845741315,3.998383933332528
combined,34.84,0.30000000000000004,0.12,0.375,0.3014572039775846,0.134898727925295,0.0870097892602516,0.5110241837686804,-0.018136131458251874,0.006904584213215922,0.3055750258942178,0,1,0,7.7162492816383095,7.7162492816383095,7.612291920510007,3.8507140323365467
combined,34.86,0.30000000000000004,0.12,0.375,0.2730036170097093,0.12060502839075903,0.1500556145325954,0.3516752606774024,-0.017655161219748028,0.00582622868761042,0.30807886058662853,0,1,0,7.41819163714626,7.41819163714626,7.611679774994943,2.3237054751984347
combined,34.88,0.30000000000000004,0.12,0.375,0.24625365499341878,0.1042899021874252,0.138318186745698,0.27559391599877825,-0.018486667760869716,0.0028062244210783145,0.3109237557893197,0,0,0,7.414486923538721,7.414486923538721,7.611098143701312,6.605585448013878
combined,34.9,0.30000000000000004,0.12,0.375,0.22774580475744371,0.09958579453021447,0.08261575699822676,0.26222362630158075,-0.019800251688871402,-0.004463043258839361,0.3129261677813031,0,0,0,11.503451932954597,11.503451932954597,7.610545502741015,13.451661399940669
combined,34.92,0.30000000000000004,0.12,0.375,0.23943256664219134,0.09996421673631181,0.011531030595046458,0.2879527844626768,-0.015685916626948956,-0.01746158830381211,0.313690182350695,0,0,0,11.567777397808458,11.567777397808458,7.5736312181692185,14.75357667108505
combined,34.94,0.30000000000000004,0.12,0.375,0.2575889728061234,0.10826478846802655,-0.03214537234198947,0.3089748292406875,-0.013096825385108535,-0.03343158560107527,0.3133973322783532,0,0,0,10.724090322184685,10.724090322184685,7.2782866957386325,12.198348919813895
combined,34.96,0.30000000000000004,0.12,0.375,0.26273681915760894,0.12053981111746036,-0.028979644019916102,0.2776170445425756,-0.014508287361479633,-0.0461347362286596,0.31289254438934083,0,0,0,11.322638792379049,11.322638792379049,7.2687420979512645,6.974819706146713
combined,34.980000000000004,0.30000000000000004,0.12,0.375,0.2514463819043519,0.1262279852940313,-0.0004508311814320799,0.22128556989644324,-0.01664263747946162,-0.0537150800852155,0.3128510091345776,0,0,0,10.402050146675752,10.402050146675752,7.298996709637997,4.382655339526003
combined,35.0,0.30000000000000004,0.12,0.375,0.23207167321536698,0.12269459940449523,0.02555546680405386,0.1804186302627951,-0.016291993159009335,-0.058324822850324094,0.3134161009844751,0,0,0,8.984163055785153,8.984163055785153,7.1524577998583965,2.1292478540222026
combined,35.02,0.30000000000000004,0.12,0.375,0.2127019401344041,0.11358807191860228,0.03578005414528495,0.17100591280301494,-0.014061203018818788,-0.0622766377633836,0.3143428213890391,0,0,0,7.631121674180183,7.631121674180183,7.079869685537812,2.025645529666256
combined,35.04,0.30000000000000004,0.12,0.375,0.19459390353769665,0.1054731184316619,0.026360893793689895,0.19354871752703046,-0.013820500750205194,-0.06550255165951804,0.31526255328792524,0,0,0,6.689479227347298,6.689479227347298,7.0690624836650535,2.3078182617550715
combined,35.06,0.30000000000000004,0.12,0.375,0.18064103316917574,0.102073591654037,-0.0035734797260479545,0.21822285254925794,-0.017986195492482388,-0.06665504757445768,0.3157320389511333,0,0,0,6.1640458586442515,6.1640458586442515,7.094353873681563,3.2969662378207025
combined,35.08,0.30000000000000004,0.12,0.375,0.1743695447452292,0.09552650914303878,-0.03015643487257392,0.2695372940903127,-0.021096582177943246,-0.0635042358142821,0.3155428715627911,0,0,0,5.738724587509218,5.738724587509218,7.143523766720534,3.38521636475975
combined,35.1,0.30000000000000004,0.12,0.375,0.1863671576790991,0.09002346527232892,-0.07482536399852174,0.23882079128748324,-0.017892135482578304,-0.05466381758894362,0.3146297366080566,0,0,0,5.385562748674841,5.385562748674841,7.204853822435137,2.7358604415202494
combined,35.12,0.30000000000000004,0.12,0.375,0.20348950306950386,0.07502880502580953,-0.1215446254567754,0.18295335884394123,-0.01063880522321504,-0.039805484830841065,0.3127643379836802,0,0,0,6.143007188214408,6.143007188214408,7.278524003480548,2.591505194683272
combined,35.14,0.30000000000000004,0.12,0.375,0.20023307822642883,0.06856613918215314,-0.10391513818255516,0.1430618392151417,-0.009203997497585222,-0.02392652020508142,0.3104340421517911,0,1,0,7.8258372957630735,7.8258372957630735,7.380097100123145,4.102032970625132
combined,35.160000000000004,0.30000000000000004,0.12,0.375,0.18052789836391203,0.0705243322866608,-0.06278151744686516,0.1497325944741984,-0.013951661118601355,-0.015205998607160305,0.3088930035951313,0,1,0,9.055255698128324,9.055255698128324,7.390842912000579,2.292567057695574
combined,35.18,0.30000000000000004,0.12,0.375,0.15542681008967937,0.08203161826896688,-0.0438338544689022,0.12656858166997667,-0.01747114422240364,-0.008363275012666945,0.3077893678517893,0,0,0,10.222847297275683,10.222847297275683,7.401072600344474,6.166104413912735
combined,35.2,0.30000000000000004,0.12,0.375,0.1539612815437047,0.09085502419809297,-0.06317475751254405,0.19061690061576403,-0.012588692049289172,-0.0066171742253024746,0.3065691234688711,0,0,0,9.146512600065716,9.146512600065716,7.402436847192629,6.8464184611248795
combined,35.22,0.30000000000000004,0.12,0.375,0.15973290410145505,0.08809627071667124,-0.0722936426563351,0.27614421305174713,-0.000553646908212447,-0.011858344896738858,0.30514571608753044,0,0,0,8.927169190636349,8.927169190636349,7.3255491508468005,5.427796492369487
combined,35.24,0.30000000000000004,0.12,0.375,0.16242627567196297,0.07584307551969426,-0.06715750414842386,0.3772119302757131,0.012942569764403436,-0.019998697282366792,0.30380379631998755,0,0,0,9.567156103477153,9.567156103477153,7.285032491762234,3.739603487952713
combined,35.26,0.30000000000000004,0.12,0.375,0.165588738122111,0.05768765194836845,-0.058908471485496286,0.46152158855628145,0.02418126425324307,-0.02651848782038504,0.30268119997026854,0,0,0,9.57805301647183,9.57805301647183,7.2790687702529056,2.5943124083403015
combined,35.28,0.30000000000000004,0.12,0.375,0.16874362235200555,0.03923055433029503,-0.05279049249405132,0.49405589946443246,0.031231247250166475,-0.029682499149136527,0.30175420937403163,0,0,0,9.013232644177306,9.013232644177306,7.294622308844517,2.6370796166085935
combined,35.300000000000004,0.30000000000000004,0.12,0.375,0.16918250356437253,0.033560488030889415,-0.03212385975741432,0.39447029557759655,0.030921992968088622,-0.02932012026144397,0.3009822532662362,0,0,0,8.192166265379694,8.192166265379694,7.3094409320475116,5.260238350929346
combined,35.32,0.30000000000000004,0.12,0.375,0.17249761403098357,0.05131953015043453,-0.014193997181517398,0.22967955261275344,0.018024172182387173,-0.020536135765210902,0.3007375376317241,0,0,0,7.578568660633631,7.578568660633631,7.323557593363105,3.439120078752269
combined,35.34,0.30000000000000004,0.12,0.375,0.1932450758940526,0.07478974022383215,-0.016606701728397788,0.15983586116873863,-9.787853674392373e-05,-0.01046160426397809,0.3005231674645016,0,0,0,7.6626397305761875,7.6626397305761875,7.33142562828327,4.0621574773513
combined,35.36,0.30000000000000004,0.12,0.375,0.21719566604125373,0.09089771670785197,-0.016209429365245505,0.20665420550672042,-0.016175168510141544,-0.002558813974843574,0.300099369213008,0,1,0,7.674154412541532,7.674154412541532,7.331464693301193,4.475882857466506
combined,35.38,0.30000000000000004,0.12,0.375,0.2228260407229184,0.07245252591942714,0.06065428159653744,0.16594678058267237,-0.012243497151032406,-0.005232867448153033,0.3006551740097875,0,1,0,6.03420592419234,6.03420592419234,7.33161426474102,2.0029638627812734
combined,35.4,0.30000000000000004,0.12,0.375,0.23061399223999962,0.06068276793241346,0.11140516796658743,0.21877887471424448,-0.008689995127797603,-0.012436907466996758,0.3025280727303471,0,1,0,6.883261066379728,6.883261066379728,7.37045614963364,1.8454933339274289
combined,35.42,0.30000000000000004,0.12,0.375,0.2384393016073084,0.055495028110146144,0.11684570385995299,0.33476780783358856,-0.007578162793653873,-0.01900556047499222,0.3049553519344003,0,1,0,7.33362335773544,7.33362335773544,7.471669175915231,1.9678133282961359
combined,35.44,0.30000000000000004,0.12,0.375,0.2371089315114655,0.05353498825843778,0.07493164046647445,0.4329872296122305,-0.007152369060256333,-0.02350601599755176,0.3070003046431891,0,0,0,7.2331862286407755,7.2331862286407755,7.515615893943096,2.477743876214237
combined,35.46,0.30000000000000004,0.12,0.375,0.2354699293123769,0.05362878713782524,0.014372486252980408,0.4574489814983314,-0.007708927864199399,-0.0291384901801719,0.30791927099474964,0,0,0,8.201940526061323,8.201940526061323,7.519785305945231,6.6753404622924215
combined,35.480000000000004,0.30000000000000004,0.12,0.375,0.24665382698657487,0.06077850953004513,-0.034877598266222685,0.4777838917304097,-0.005123812464413494,-0.03827236218148858,0.3077842560896495,0,0,0,9.8786283779258,9.8786283779258,7.523750055414563,6.679220412555932
combined,35.5,0.30000000000000004,0.12,0.375,0.25420083110184966,0.06980775327186234,-0.051232854468944086,0.47282466361261943,-0.0024032676309458296,-0.04818504660153854,0.3070649723088417,0,0,0,10.995174161801206,10.995174161801206,7.5471422350012745,5.746876388243298
combined,35.52,0.30000000000000004,0.12,0.375,0.2550272175484663,0.07673230867659336,-0.03467743154780344,0.4158013818088882,0.0006807155253344421,-0.05544212336901979,0.30647529393355216,0,0,0,11.144725375271216,11.144725375271216,7.413617540658677,3.794790673011021
combined,35.54,0.30000000000000004,0.12,0.375,0.2514876705915405,0.07885016625051816,-0.012137134785384907,0.32249370634030206,0.004314075135250291,-0.05872592755214159,0.30634734008267966,0,0,0,10.16831054722703,10.16831054722703,7.244108255220166,2.490504870152228
combined,35.56,0.30000000000000004,0.12,0.375,0.2501986569415612,0.07641475097931809,-0.0016222431820908014,0.22879492856724937,0.007838605373854434,-0.05964678354688733,0.3065785568020095,0,0,0,8.875635626977308,8.875635626977308,7.116579516217826,1.680872542691239
combined,35.58,0.30000000000000004,0.12,0.375,0.250562635159757,0.07283208928808342,-0.013420308480920013,0.17645910583992233,0.009315092963572125,-0.05970140302118684,0.30681435915315425,0,0,0,7.735799743483082,7.735799743483082,7.053553010417438,2.816498520883308
combined,35.6,0.30000000000000004,0.12,0.375,0.2562753102171196,0.059255593827277575,-0.013391788393616568,0.17874541594463753,0.014163844273041161,-0.05560340940359982,0.3069592392135647,0,0,0,6.608659305497694,6.608659305497694,7.041768635946649,3.6101659341526258
combined,35.62,0.30000000000000004,0.12,0.375,0.2710694674002261,0.05423083372835448,-0.03518982100109007,0.12368120106247776,0.019368895420802733,-0.04781543645006749,0.3066768357859374,0,1,0,5.853251907406112,5.853251907406112,7.068300513132073,4.587753676254452
combined,35.64,0.30000000000000004,0.12,0.375,0.28429089796998697,0.0697544541724728,-0.0057980921355098095,0.1537967227963374,0.01455905696465281,-0.04396704562981482,0.3065726761517402,0,1,0,6.543547132825361,6.543547132825361,7.126054577346448,2.046794574695819
combined,35.660000000000004,0.30000000000000004,0.12,0.375,0.30151440250970113,0.09390734383769661,0.010562201275699165,0.17974991802611395,0.00689903797013855,-0.04016157734272726,0.3069378125155483,0,1,0,7.44846459940498,7.44846459940498,7.202767819725388,2.4472988132523366
combined,35.68,0.30000000000000004,0.12,0.375,0.312660292976375,0.11751335315602962,0.01534447950437964,0.15320649392996838,-0.002472848007445071,-0.034443411135804215,0.3074430900634851,0,0,0,8.405428466688521,8.405428466688521,7.299902490498379,3.376638248389736
combined,35.7,0.30000000000000004,0.12,0.375,0.3130592029579959,0.13526756016385613,-0.002117125001481453,0.10957587336569048,-0.009490785555078365,-0.026448048233978436,0.30769301550713596,0,0,0,8.686878185278335,8.686878185278335,7.360344466144845,5.490983745047415
combined,35.72,0.30000000000000004,0.12,0.375,0.3051326251173447,0.15069096069264143,-0.02631496749765043,0.06097191851047508,-0.012131200198795277,-0.01872832420105569,0.3073940756123812,0,0,0,9.16975057378165,9.16975057378165,7.372036611200738,5.472010880723367
combined,35.74,0.30000000000000004,0.12,0.375,0.30552126491181586,0.15587449391292035,-0.047176518840217056,0.15860188479504436,-0.009416761359159065,-0.01689826911433693,0.3066045457427106,0,0,0,8.880843006473151,8.880843006473151,7.473591963415181,5.842580256068359
combined,35.76,0.30000000000000004,0.12,0.375,0.30745905265872864,0.15177521715311268,-0.05135058535815212,0.2974191664373705,-0.003592496250522429,-0.020969790818769395,0.3056564566571423,0,0,0,8.63246134270577,8.63246134270577,7.58820878473081,5.284983100106189
combined,35.78,0.30000000000000004,0.12,0.375,0.3061108514417142,0.14239300052207518,-0.04137187010944252,0.42098172743218554,0.002092939718624995,-0.025499909660959708,0.30488236699705284,0,0,0,8.926345932079476,8.926345932079476,7.656695301389966,3.0631778778706975
combined,35.800000000000004,0.30000000000000004,0.12,0.375,0.30223929300637725,0.13124269221533924,-0.028899540640996084,0.49985841740027714,0.005721409223755279,-0.027187473137530623,0.3044147805255237,0,0,0,8.507264157571303,8.507264157571303,7.662577061825971,2.7999539530797426
combined,35.82,0.30000000000000004,0.12,0.375,0.2955200996303347,0.12480239561956762,-0.027647940694589514,0.5087980462540421,0.005100779663554707,-0.025015000597024634,0.3041008265982379,0,0,0,7.654387736068042,7.654387736068042,7.659447908037858,3.253241540139371
combined,35.84,0.30000000000000004,0.12,0.375,0.29996545606625297,0.12203990274767332,-0.04013855878517845,0.5437146131176609,0.0023757352457730073,-0.021798817864698006,0.30361436965730043,0,0,0,7.155956342090164,7.155956342090164,7.656475983364231,3.237278113638472
combined,35.86,0.30000000000000004,0.12,0.375,0.3004438080136654,0.13007222857184692,-0.0350233025561478,0.5032194604711612,-0.004502673717036039,-0.01696150655006175,0.3028801969628447,0,0,0,6.718871813174781,6.718871813174781,7.65365331373069,3.731847927343057
combined,35.88,0.30000000000000004,0.12,0.375,0.30673571814077766,0.1613499968754916,-0.019487015698643962,0.48010631859331715,-0.02186306276598804,-0.00530530289924082,0.3024727758976107,0,1,0,6.515590171139503,6.515590171139503,7.650972336693318,4.255138520327799
combined,35.9,0.30000000000000004,0.12,0.375,0.2866873456440489,0.15289401439680017,0.08907800930704841,0.35194343481515383,-0.02380922302196881,-9.74102326905794e-05,0.3032200091585981,0,1,0,6.868384473928284,6.868384473928284,7.6484258794860835,2.9684933209283173
combined,35.92,0.30000000000000004,0.12,0.375,0.2704091741892501,0.13968571937986465,0.14330383465167662,0.3036920236653831,-0.019679089927817264,-0.004168365023258899,0.305689121104922,0,1,0,6.198392629909207,6.198392629909207,7.64600713830724,2.519640629774511
combined,35.94,0.30000000000000004,0.12,0.375,0.25492907218835564,0.12145831127048376,0.12613551396545247,0.30282998882740714,-0.016470272200989892,-0.009938695014259548,0.30847619510783536,0,1,0,6.012421795960602,6.012421795960602,7.6437096587682305,2.9948542532637803
combined,35.96,0.30000000000000004,0.12,0.375,0.24025950273976235,0.09883263240404515,0.0709524852096046,0.35546986901647193,-0.016892293308516347,-0.015563136501650624,0.3104874428823034,0,0,0,8.667896932019593,8.667896932019593,7.641527317434022,8.904484004789106
combined,35.980000000000004,0.30000000000000004,0.12,0.375,0.24537885977515989,0.09257232864098912,0.012734293577674485,0.46144664227869875,-0.013218155823712645,-0.025535599035555148,0.31133314111099997,0,0,0,10.319815027559592,10.319815027559592,7.639454304388625,12.219291636841596
combined,36.0,0.30000000000000004,0.12,0.375,0.25421771293183826,0.09883960039141608,-0.021524767334507387,0.49810385426626697,-0.009238119453828304,-0.03706921024298328,0.3113238425135224,0,0,0,9.986726701477833,9.986726701477833,7.637485106764096,12.219291636841596
combined_reverse,36.02,-0.30000000000000004,-0.12,-0.375,0.2536646301563257,0.1089856939805896,-0.020356614318299347,0.4570756639957953,-0.010971891794146054,-0.04745899415093422,0.3110928604588262,0,0,0,10.68954486966727,10.68954486966727,7.556624485085404,8.783177605369579
combined_reverse,36.04,-0.30000000000000004,-0.12,-0.375,0.24312521583957888,0.11460543495511769,0.0007911705706074145,0.38491087005329183,-0.013034949011582723,-0.05433570426975118,0.3111937323917328,0,0,0,10.005314890583882,10.005314890583882,7.418768832107638,5.688532426489987
combined_reverse,36.06,-0.30000000000000004,-0.12,-0.375,0.228651223814551,0.11247130423434194,0.018456589382567803,0.3247468289428839,-0.013000178889667924,-0.05800103012217762,0.3116992470322828,0,0,0,8.761355820552614,8.761355820552614,7.300435332458761,4.553896446819611
combined_reverse,36.08,-0.30000000000000004,-0.12,-0.375,0.2078802033583877,0.10452280919295003,0.03098850155338794,0.26636782651950325,-0.013198968334051943,-0.05923979669299507,0.3124748201683126,0,0,0,7.357896076353539,7.357896076353539,7.239917632851821,3.3281445165874244
combined_reverse,36.1,-0.30000000000000004,-0.12,-0.375,0.17665860369622974,0.09247620016775043,0.04394659345083522,0.188860305041777,-0.015179107467106509,-0.05755034595609107,0.3134922744541875,0,0,0,6.993249339293085,6.993249339293085,7.236353634382624,3.037691839883162
combined_reverse,36.12,-0.30000000000000004,-0.12,-0.375,0.13491143617287987,0.07793992442732751,0.042983482202825066,0.1240654830825367,-0.018292568998447657,-0.05204061864591495,0.314565216728809,0,0,0,7.879158499039633,7.879158499039633,7.284489400224725,3.6538228070182717
combined_reverse,36.14,-0.30000000000000004,-0.12,-0.375,0.09560421342731411,0.06118569141493331,0.026046061587500946,-0.021771501752517092,-0.016078693581345456,-0.04202698095285063,0.31540671047902913,0,0,0,8.179371771839605,8.179371771839605,7.375439746674399,5.021047091365122
combined_reverse,36.160000000000004,-0.30000000000000004,-0.12,-0.375,0.05402201854058864,0.042323514597665896,-0.013456924293784412,-0.1523771471778379,-0.009982861808170906,-0.02982946094365035,0.31557838102468466,0,1,0,8.479520620930627,8.479520620930627,7.485590760283049,6.742946466182286
combined_reverse,36.18,-0.30000000000000004,-0.12,-0.375,-0.0011860482116443584,0.030607146606472433,-0.007666027239526061,-0.059740038777379725,-0.010161244966561057,-0.02478319602565624,0.31544490566512484,0,0,0,8.262108355818881,8.262108355818881,7.497239942798338,3.3652966934783035
combined_reverse,36.2,-0.30000000000000004,-0.12,-0.375,-0.03362610179421842,0.036023934014098064,-0.0318179853773132,0.003888786366492227,-0.008060734054710725,-0.022598867481321765,0.3148548564690893,0,0,0,6.986342620410827,6.986342620410827,7.5042239427233035,9.228015677537662
combined_reverse,36.22,-0.30000000000000004,-0.12,-0.375,-0.04870640003758415,0.043734178680955846,-0.03450995847931616,0.008343100015356153,-0.0020774786432826873,-0.023280296205932763,0.31397606619336155,0,0,0,7.557694555782994,7.557694555782994,7.636658666108389,8.496829334490814
combined_reverse,36.24,-0.30000000000000004,-0.12,-0.375,-0.07125169882765651,0.04797781167120335,-0.01999839862598159,0.04253655245681733,0.004853060903345987,-0.026298929434711214,0.3133264995630134,0,0,0,7.903331255436285,7.903331255436285,7.7330162938643525,5.60181557718688
combined_reverse,36.26,-0.30000000000000004,-0.12,-0.375,-0.09643007934597658,0.04924874111194434,-0.0040733603089801815,0.07294328813201181,0.009920357465450412,-0.029399540050362515,0.3130445236879598,0,0,0,8.082750551937844,8.082750551937844,7.728588519445669,3.588559807589913
combined_reverse,36.28,-0.30000000000000004,-0.12,-0.375,-0.11745585123592958,0.048932942908277266,-0.002789640927373263,0.06644425144604543,0.011229111792717272,-0.03230117231821699,0.31294394525309743,0,0,0,8.210868953316663,8.210868953316663,7.722123886100746,2.4369095330405073
combined_reverse,36.300000000000004,-0.30000000000000004,-0.12,-0.375,-0.13511645730578767,0.04213645845613055,-0.023982844342719467,0.028658709800983107,0.01110686887576009,-0.03365616129213962,0.31262118048814314,0,0,0,8.155302400458096,8.155302400458096,7.71598747755635,2.4929348390541612
combined_reverse,36.32,-0.30000000000000004,-0.12,-0.375,-0.15213042618213246,0.030115496952287008,-0.06077684756131402,0.002850083549105618,0.009293251810318676,-0.03112435943641583,0.31168278065436095,0,0,0,8.012649421404076,8.012649421404076,7.710162312226849,2.478500700657385
combined_reverse,36.34,-0.30000000000000004,-0.12,-0.375,-0.17047931971301175,0.015636975378965738,-0.1097322739183791,0.0015395954182036975,0.006147485414112299,-0.02269241860217242,0.3098851277582108,0,0,0,7.652831098912327,7.652831098912327,7.704632318289725,3.3363126974963984
combined_reverse,36.36,-0.30000000000000004,-0.12,-0.375,-0.19136487275441033,-0.009137374066606002,-0.09379640333741794,-0.06816434424500177,0.004349129866389172,-0.01104508736237741,0.30751774062739307,0,1,0,7.451698763771177,7.451698763771177,7.724959171208898,4.205159363256599
combined_reverse,36.38,-0.30000000000000004,-0.12,-0.375,-0.19438912227574007,-0.044878073583135156,-0.02805887947643784,-0.17887452257133063,0.003831652709112925,-0.004325547359865397,0.3063891594426005,0,1,0,9.05846083613272,9.05846083613272,7.718678850675566,1.9588612921163837
combined_reverse,36.4,-0.30000000000000004,-0.12,-0.375,-0.18515082435983077,-0.07100023432649924,0.023136822215850287,-0.3200444756320887,0.0020539136180512934,-0.0020254236992137326,0.3063951350972522,0,0,0,10.03972455135188,10.03972455135188,7.7127172148743774,4.882802522578978
combined_reverse,36.42,-0.30000000000000004,-0.12,-0.375,-0.18213511671987603,-0.08603882387482496,0.05463666034772441,-0.400108050958032,-0.003282787433101134,-0.001686247745055443,0.30729269822671007,0,0,0,8.535465007797983,8.535465007797983,7.707057793722633,4.015415578658044
combined_reverse,36.44,-0.30000000000000004,-0.12,-0.375,-0.20466328762143957,-0.08854554709685772,0.06740991299679101,-0.4466941850482088,-0.011336611098140572,-0.0006568508516868498,0.3085571165616024,0,0,0,7.586695062631724,7.586695062631724,7.70168499773834,4.329377978386969
combined_reverse,36.46,-0.30000000000000004,-0.12,-0.375,-0.24013961050683652,-0.09703542777243301,0.07612000939488951,-0.4271337731393229,-0.013154030663335026,0.004268487392754719,0.3100754150671861,0,0,0,7.157815055838137,7.157815055838137,7.696584068073463,4.004021446880859
combined_reverse,36.480000000000004,-0.30000000000000004,-0.12,-0.375,-0.27012631753647953,-0.11325357642074048,0.06784203762200852,-0.35411214617230274,-0.008986520205437729,0.010196065280233249,0.31161174257447577,0,0,0,6.733645052779852,6.733645052779852,7.708138123372571,2.7830702662027664
combined_reverse,36.5,-0.30000000000000004,-0.12,-0.375,-0.28971461824200434,-0.131427056129984,0.041966744465685754,-0.27136685326568083,-0.0029488540883072095,0.01344259036426092,0.31278385989755586,0,0,0,6.248604866525432,6.248604866525432,7.734360060770669,2.7568695088772874
combined_reverse,36.52,-0.30000000000000004,-0.12,-0.375,-0.30102149437262155,-0.14318115869276166,0.010183895013010051,-0.25642661554501417,-0.0012173738984078942,0.013322025061602424,0.3133742614921136,0,0,0,6.525405830723868,6.525405830723868,7.809365475325421,2.453598677789364
combined_reverse,36.54,-0.30000000000000004,-0.12,-0.375,-0.30911372861481257,-0.1480805968065427,-0.020561898953773722,-0.33891052626812734,-0.004356545830955004,0.01176343045698925,0.3133699130841051,0,0,0,7.200777407000285,7.200777407000285,7.855337384096213,4.025519127419196
combined_reverse,36.56,-0.30000000000000004,-0.12,-0.375,-0.3171132140012347,-0.1472154410954741,-0.059447730388605825,-0.5134517552953762,-0.011466198001256785,0.010523618047348573,0.3127125235094461,0,0,0,6.942699329841173,6.942699329841173,7.872178998193824,5.480865832522993
combined_reverse,36.58,-0.30000000000000004,-0.12,-0.375,-0.3227553444540291,-0.14256615193820998,-0.12224332885911358,-0.72465368656142,-0.017973249716060735,0.01008250474414123,0.31107306056383677,0,0,0,6.164456543241916,6.164456543241916,7.8904671660431696,7.346665218629366
combined_reverse,36.6,-0.30000000000000004,-0.12,-0.375,-0.31886323810103373,-0.13247326756793623,-0.12207886639765908,-0.715741834309838,-0.0190748038274185,0.01040323961215285,0.30834455922527887,0,1,0,7.072871954603142,7.072871954603142,7.935271621207551,8.74784909206111
combined_reverse,36.62,-0.30000000000000004,-0.12,-0.375,-0.293728745271923,-0.10640302341126541,-0.05354357972163165,-0.4748334104680502,-0.014276203232011378,0.009761046714691978,0.3067939586795652,0,0,0,8.596150601079472,8.596150601079472,7.998796659426354,3.5772028296857603
combined_reverse,36.64,-0.30000000000000004,-0.12,-0.375,-0.282324849378925,-0.08214434145403551,0.022034789677316164,-0.30059600024933997,-0.009710430188891655,0.004455691440379527,0.3065724788790806,0,0,0,8.932797904627742,8.932797904627742,8.056848306788162,4.93421900356999
combined_reverse,36.660000000000004,-0.30000000000000004,-0.12,-0.375,-0.28861028471455663,-0.0682947809537017,0.0643379937848159,-0.18973520260762336,-0.008057439263005206,-0.0025820091342721708,0.3073940557827479,0,0,0,8.621054192235146,8.621054192235146,8.033262077524991,6.120543415725057
combined_reverse,36.68,-0.30000000000000004,-0.12,-0.375,-0.3053816791993121,-0.05620749483214911,0.08714595906070988,-0.19572378082837677,-0.010977128090273684,-0.008010881223679154,0.3088272379185136,0,0,0,8.279455936267095,8.279455936267095,8.143337482947004,6.304870651495839
combined_reverse,36.7,-0.30000000000000004,-0.12,-0.375,-0.31894948154417324,-0.04462506489744741,0.08803863779353804,-0.2532378833935332,-0.016133869120805267,-0.011036719913739036,0.3104953056222344,0,0,0,7.908782904788198,7.908782904788198,8.216929871700778,5.5296760767753
combined_reverse,36.72,-0.30000000000000004,-0.12,-0.375,-0.3324891129862701,-0.03445896788698627,0.07356514889574277,-0.3176222862308741,-0.021016067146279408,-0.012612001560814119,0.312010630602069,0,0,0,7.554129452339959,7.554129452339959,8.201742547399792,3.151293514731232
combined_reverse,36.74,-0.30000000000000004,-0.12,-0.375,-0.34794509558850684,-0.027187724922202554,0.050786738325855556,-0.3438643728422595,-0.024074833209792097,-0.01254249404204163,0.3131494931347774,0,0,0,7.3380503319034425,7.3380503319034425,8.170310562671816,2.1453526571635995
combined_reverse,36.76,-0.30000000000000004,-0.12,-0.375,-0.36064485883664354,-0.025829381468904417,0.008831164834951225,-0.32961558516530276,-0.025676154018308292,-0.010242794164949559,0.31366625993474867,0,0,0,7.15130872342341,7.15130872342341,8.163022276242586,1.7774659447976475
combined_reverse,36.78,-0.30000000000000004,-0.12,-0.375,-0.36483358957305406,-0.03157493250968928,-0.052273337507187684,-0.2723627059763999,-0.025125513792270626,-0.005304237891255739,0.3131894069701376,0,0,0,7.17722689500224,7.17722689500224,8.133704446618424,3.0984864427491665
combined_reverse,36.800000000000004,-0.30000000000000004,-0.12,-0.375,-0.3570884659831109,-0.046938033482218346,-0.12857346641297673,-0.16467070954913582,-0.02167255805348254,0.0019049472453388728,0.3113215375427141,0,0,0,7.148665011625983,7.148665011625983,8.106372182986632,3.561622769827373
combined_reverse,36.82,-0.30000000000000004,-0.12,-0.375,-0.34319936054707395,-0.08820063354343681,-0.14135115472586185,-0.14980580253502676,-0.007555638396165593,0.0028603465667946053,0.3085626342148976,0,0,0,7.130043908964949,7.130043908964949,8.167393636304041,6.237329829104852
combined_reverse,36.84,-0.30000000000000004,-0.12,-0.375,-0.3091976712035161,-0.10881284332805373,-0.07176614007030546,-0.21220777968881038,-0.006873658694374595,0.0038047702239465356,0.3065560958774309,0,1,0,8.650930198596296,8.650930198596296,8.22701145568886,3.738229748639993
combined_reverse,36.86,-0.30000000000000004,-0.12,-0.375,-0.29402547270251256,-0.11739186639877197,0.011215118037145857,-0.3901770104429522,-0.011753324304924633,0.004665147016395732,0.30608854765363747,0,0,0,10.339218559218997,10.339218559218997,8.246197296138185,5.701189397121217
combined_reverse,36.88,-0.30000000000000004,-0.12,-0.375,-0.305947934653755,-0.11887127391129525,0.06378849553321071,-0.5833724266772957,-0.015795579768033773,0.008245609627188698,0.30706983123072146,0,0,0,9.100265449441316,9.100265449441316,8.212322193806173,5.377670230503816
combined_reverse,36.9,-0.30000000000000004,-0.12,-0.375,-0.3362471014338506,-0.1282662452457472,0.08610297899604807,-0.629526241496637,-0.014775054411231139,0.015963375972666574,0.3088258862806621,0,0,0,7.8406163996907035,7.8406163996907035,8.180310318417707,4.704857472312121
combined_reverse,36.92,-0.30000000000000004,-0.12,-0.375,-0.35627355265506705,-0.14371567449219777,0.06728340216594647,-0.5729539651469295,-0.007752927783062659,0.023769877486451062,0.3106148825505172,0,0,0,6.6308702810495985,6.6308702810495985,8.169877108925455,3.0455028659698042
combined_reverse,36.94,-0.30000000000000004,-0.12,-0.375,-0.3625209350860194,-0.1573232250487703,0.02298814130554569,-0.47085191356863354,0.0005865004645738,0.027658307766168008,0.31173915112717604,0,0,0,6.199064122964044,6.199064122964044,8.236481248384287,4.5814689398347745
combined_reverse,36.96,-0.30000000000000004,-0.12,-0.375,-0.35916236185685496,-0.1635756991712879,-0.02582580317190596,-0.42841038480041127,0.004219331792923064,0.028195306245304818,0.3119288163319715,0,0,0,7.355202754888783,7.355202754888783,8.287641547886018,6.2522707801521245
combined_reverse,36.980000000000004,-0.30000000000000004,-0.12,-0.375,-0.3515117874722844,-0.1627100062115568,-0.07635703167112567,-0.48126198572029943,0.0031744566607975816,0.02669727924950041,0.31114044629844345,0,0,0,7.826978912470007,7.826978912470007,8.298975162667602,8.880506421856275
combined_reverse,37.0,-0.30000000000000004,-0.12,-0.375,-0.347096578414207,-0.15763949063573326,-0.13192123777165554,-0.6346700723827245,-0.0008072524057128655,0.024275756867498194,0.309380419392928,0,0,0,12.963111792306078,12.963111792306078,8.284879427810466,14.46009886384512
combined_reverse,37.02,-0.30000000000000004,-0.12,-0.375,-0.32699336055032385,-0.17050662302456612,-0.09027054810576524,-0.5740270441707843,0.005526493361180548,0.02836552167522665,0.30722079589954493,0,1,0,6.872674353678342,6.872674353678342,8.275523479514199,16.993466767822156
combined_reverse,37.04,-0.30000000000000004,-0.12,-0.375,-0.2908016238435181,-0.14635557453257836,-0.029999674152337272,-0.3302560478736324,0.009062265180164874,0.030174071134921456,0.30626666723950136,0,1,0,8.356216376670528,8.356216376670528,8.315201851802957,4.644623530443274
combined_reverse,37.06,-0.30000000000000004,-0.12,-0.375,-0.2642511635828898,-0.11243653843869228,0.028634649893757774,-0.08550744479722795,0.011773755664587365,0.025583661576677956,0.30655876111555425,0,1,0,8.977198134728809,8.977198134728809,8.392021997983548,4.079501223565282
combined_reverse,37.08,-0.30000000000000004,-0.12,-0.375,-0.2674436701725663,-0.0930198593104811,0.07103118072943951,0.04892241545079504,0.013035759584259366,0.017453359018952962,0.30780380546050545,0,0,0,7.2959128888377265,7.2959128888377265,8.528153722889222,4.22011401971037
combined_reverse,37.1,-0.30000000000000004,-0.12,-0.375,-0.2796942868758287,-0.08140254081225361,0.0890107539839052,0.031297209337340384,0.005926312896907642,0.010365970473238405,0.30953842014886773,0,0,0,7.352076689492461,7.352076689492461,8.51446220122169,3.9014416271831025
combined_reverse,37.12,-0.30000000000000004,-0.12,-0.375,-0.286333730318178,-0.0714206742427831,0.0821795806281918,-0.05942799037252748,-0.005641175969480369,0.006136384968800904,0.31129422763566966,0,0,0,7.424315568287688,7.424315568287688,8.465480165766042,3.139605093916063
combined_reverse,37.14,-0.30000000000000004,-0.12,-0.375,-0.2917310479738112,-0.06028853867418802,0.06382565667496615,-0.18186560961510453,-0.017474729145611118,0.00423935780923353,0.3127686392033959,0,0,0,7.508104386439107,7.508104386439107,8.419303448880985,2.619363608599865
combined_reverse,37.160000000000004,-0.30000000000000004,-0.12,-0.375,-0.2987170795970259,-0.04975455545304227,0.048677804323677736,-0.2571300622800852,-0.028019946013833612,0.003786801913533392,0.3139224887698056,0,0,0,7.592921998168717,7.592921998168717,8.416522448623752,2.0841197445236617
combined_reverse,37.18,-0.30000000000000004,-0.12,-0.375,-0.30763857862601013,-0.04227451550684681,0.026632502867318338,-0.2740440628681934,-0.03495534956179489,0.005125662161497465,0.31477848459313984,0,0,0,7.357937059320421,7.357937059320421,8.407429260621008,3.7949934939030925
combined_reverse,37.2,-0.30000000000000004,-0.12,-0.375,-0.3194774971575592,-0.04179110722919126,0.0024594451637601246,-0.2565453334352745,-0.03620062041321474,0.008093077658048993,0.31513908883131314,0,0,0,6.761946798036446,6.761946798036446,8.401263814680426,5.287066906528949
combined_reverse,37.22,-0.30000000000000004,-0.12,-0.375,-0.3305174108490646,-0.057067045424643296,-0.02568076222114529,-0.23559502090293355,-0.028511575878801373,0.008640081270560712,0.3150715565357602,0,0,0,5.83426812092328,5.83426812092328,8.413727653798716,7.896351574288724
combined_reverse,37.24,-0.30000000000000004,-0.12,-0.375,-0.34208082278582735,-0.09326710906502336,-0.0720789265378432,-0.21594901388478355,-0.01468593968582685,0.00547687588207808,0.3143335725313575,0,1,0,11.60887188856766,11.60887188856766,8.460401856614368,13.552533476136825
combined_reverse,37.26,-0.30000000000000004,-0.12,-0.375,-0.32598376484466796,-0.10056545037765169,-0.04498479424652978,-0.36843796812522256,-0.01303477864482829,0.007705285194954432,0.31356038629058847,0,0,0,7.137056278579193,7.137056278579193,8.537801635713311,9.403807955634795
combined_reverse,37.28,-0.30000000000000004,-0.12,-0.375,-0.31736139467319785,-0.10409327302092894,-0.030882715315713256,-0.4781974069391193,-0.012394259946144844,0.012087176215079582,0.31284228890622806,0,0,0,7.988345756705933,7.988345756705933,8.64076265272957,4.539351990083478
combined_reverse,37.300000000000004,-0.30000000000000004,-0.12,-0.375,-0.32587016501750066,-0.1096301906077944,0.000852154420425179,-0.6072541240833744,-0.006635785198735397,0.019601391021915066,0.31258450651282055,0,0,0,8.501458399595771,8.501458399595771,8.584449054425704,6.587598541333568
combined_reverse,37.32,-0.30000000000000004,-0.12,-0.375,-0.34173392689754795,-0.12309824631451836,0.021672919649927805,-0.6823677181179651,0.0037886172915260296,0.02968821394842045,0.31293098567896266,0,0,0,8.276998339179839,8.276998339179839,8.531421899949585,6.860255214488776
combined_reverse,37.34,-0.30000000000000004,-0.12,-0.375,-0.3533722098953486,-0.14106783201710404,0.017451482276716956,-0.6909195139262025,0.01676578405382745,0.03926103047135761,0.3134918432000677,0,0,0,7.513411942875851,7.513411942875851,8.481463606865915,6.255180461851529
combined_reverse,37.36,-0.30000000000000004,-0.12,-0.375,-0.3535718469530196,-0.1599369875108805,-0.010021639580439392,-0.6335438908536473,0.02832182251909331,0.04498321383827867,0.313729333227347,0,0,0,7.114081896131198,7.114081896131198,8.434373803726253,4.084243424701363
combined_reverse,37.38,-0.30000000000000004,-0.12,-0.375,-0.34300203666118684,-0.17573562640027676,-0.048689352286034326,-0.5407450965712063,0.03412676555455664,0.04546024943598875,0.31326976622654107,0,0,0,8.246673647564892,8.246673647564892,8.389967663361325,4.4105234610316035
combined_reverse,37.4,-0.30000000000000004,-0.12,-0.375,-0.3287784948669017,-0.18583551598442394,-0.0912029476806799,-0.46935481650944916,0.032733706924560846,0.04090091573959856,0.31193272616374135,0,0,0,9.166248609394767,9.166248609394767,8.43295320571152,5.109501079435146
combined_reverse,37.42,-0.30000000000000004,-0.12,-0.375,-0.3180734347140273,-0.18928205971610867,-0.1288962239432325,-0.4928514168653676,0.024367857927918315,0.032758474934077526,0.30974300635541635,0,0,0,9.387524182848137,9.387524182848137,8.46989357918497,6.16611181514347
combined_reverse,37.44,-0.30000000000000004,-0.12,-0.375,-0.30920317891194504,-0.18719331218332408,-0.1387547640530696,-0.5555266983461187,0.01544862543830483,0.024706276375556856,0.30686610597494446,0,1,0,8.738040228320706,8.738040228320706,8.423464961824465,7.042360866546424
combined_reverse,37.46,-0.30000000000000004,-0.12,-0.375,-0.2802169863706156,-0.16487164049051425,-0.06295949592206737,-0.39406715727574465,0.016034313232634954,0.021978526087397095,0.305091493661346,0,1,0,7.249377475176981,7.249377475176981,8.37967774313248,2.0765057877136317
combined_reverse,37.480000000000004,-0.30000000000000004,-0.12,-0.375,-0.24223202110755598,-0.12873205933350154,-0.0033423022183908966,-0.22978707504958337,0.014414270948761344,0.01557923455762766,0.3045122799539066,0,0,0,8.685955772469903,8.685955772469903,8.338364349827174,3.7138183557547046
combined_reverse,37.5,-0.30000000000000004,-0.12,-0.375,-0.2205914713228674,-0.09812644898885375,0.04465754013695428,-0.041182292695179014,0.014090855845047002,0.003987117172224277,0.30494267485788396,0,0,0,8.855873295658679,8.855873295658679,8.299369686719348,5.247057464724001
combined_reverse,37.52,-0.30000000000000004,-0.12,-0.375,-0.21756109533919568,-0.07823216104898839,0.07854728960485519,0.045571946758277034,0.014729381831197595,-0.007809601515451101,0.30621820191498433,0,0,0,7.789469488802208,7.789469488802208,8.262550010870882,6.569569997189074
combined_reverse,37.54,-0.30000000000000004,-0.12,-0.375,-0.22582534074332122,-0.07240109435506165,0.08970933776265286,0.07225969242753302,0.014736617264486267,-0.01631506651477013,0.3078129323451395,0,0,0,7.926683550607138,7.926683550607138,8.227771928236141,7.029547933191637
combined_reverse,37.56,-0.30000000000000004,-0.12,-0.375,-0.23619116163926857,-0.06443429112581033,0.08758125174870454,0.055459749770949446,0.009328785482865167,-0.02099606716900731,0.309479422204852,0,0,0,7.56448582035643,7.56448582035643,8.194911497160803,6.198210790543081
combined_reverse,37.58,-0.30000000000000004,-0.12,-0.375,-0.24550568765618885,-0.05365059545672134,0.07597155881513322,0.02972705951426903,0.0001999506399797752,-0.024016639376925712,0.31100447003670323,0,0,0,7.371291795241595,7.371291795241595,8.163853425385014,4.2796587219413675
combined_reverse,37.6,-0.30000000000000004,-0.12,-0.375,-0.25723778385736934,-0.04648268582384949,0.0517928160576808,0.0043811937781980245,-0.009295940305360578,-0.025180242539659045,0.3121941975428885,0,0,0,7.173169955305736,7.173169955305736,8.134490349101085,4.178020992636727
combined_reverse,37.62,-0.30000000000000004,-0.12,-0.375,-0.27322793344193214,-0.043502920932699966,0.014425185725880772,0.0052528316274459705,-0.01682654442517643,-0.022498024289160555,0.3127561259837359,0,0,0,6.853139105049692,6.853139105049692,8.138874760193094,5.58873389417229
combined_reverse,37.64,-0.30000000000000004,-0.12,-0.375,-0.28994775786153626,-0.04261757162137691,-0.03851684728237569,0.049891640800195466,-0.02268344467201319,-0.015184034852979752,0.31247695606253406,0,0,0,6.47639587065222,6.47639587065222,8.152644572791,7.76899968215819
combined_reverse,37.660000000000004,-0.30000000000000004,-0.12,-0.375,-0.30245280335125846,-0.04409707433486813,-0.1175080595126909,0.13989043730441814,-0.026877690146481514,-0.004112792923418389,0.3110020060317513,0,0,0,10.839493081424688,10.839493081424688,8.178783223321233,12.917601848795965
combined_reverse,37.68,-0.30000000000000004,-0.12,-0.375,-0.3083689748064897,-0.05261321539599732,-0.07613733196686011,0.007922182138308961,-0.02505959597403532,0.005041599444394048,0.3090657775847873,0,1,0,6.896367754180431,6.896367754180431,8.217269602112175,16.936452042680585
combined_reverse,37.7,-0.30000000000000004,-0.12,-0.375,-0.2941940816281267,-0.06322045551410037,-0.0505625431268487,-0.0854528460315211,-0.026337326435473436,0.010707075040076196,0.30791549124758255,0,0,0,8.615374163002048,8.615374163002048,8.271838661248765,4.073869819049522
combined_reverse,37.72,-0.30000000000000004,-0.12,-0.375,-0.2896016990488413,-0.06648635709073375,-0.01885576833901171,-0.29855238602904705,-0.02755384147290945,0.01249304534743597,0.3073241118243076,0,0,0,10.131531997401998,10.131531997401998,8.236546641921915,5.37483505730991
combined_reverse,37.74,-0.30000000000000004,-0.12,-0.375,-0.3103738104174072,-0.07006855071853259,0.024243883550507384,-0.4050649470764409,-0.029026526413144016,0.01579546933744587,0.3076272910751831,0,0,0,9.1121554293226,9.1121554293226,8.203203358195772,4.810135458102011
combined_reverse,37.76,-0.30000000000000004,-0.12,-0.375,-0.3393218563189941,-0.07921517595992583,0.046224493648789444,-0.43354163853326605,-0.028428477328302112,0.022565651688071,0.3086072773923079,0,0,0,8.240203583557506,8.240203583557506,8.260461425418253,3.688775219779097
combined_reverse,37.78,-0.30000000000000004,-0.12,-0.375,-0.36237765949906037,-0.09208388459055662,0.039688095345917315,-0.4114847971596256,-0.025273430896885492,0.029428098990193278,0.30977279935174873,0,0,0,7.525348078785885,7.525348078785885,8.317013228976872,3.235180314933733
combined_reverse,37.800000000000004,-0.30000000000000004,-0.12,-0.375,-0.37651134677308185,-0.10466774619921305,0.009518792874088092,-0.3513324859073843,-0.022474931966061616,0.03252724421984448,0.31056943110006835,0,0,0,6.6475187131353035,6.6475187131353035,8.279211090577732,2.9470780229024953
combined_reverse,37.82,-0.30000000000000004,-0.12,-0.375,-0.3824998939611222,-0.11021236553584486,-0.027452557014256578,-0.3424900957706457,-0.02340703823291162,0.03188953958244522,0.31070328026587685,0,0,0,6.6440823208602335,6.6440823208602335,8.243510628045946,3.1092906241147498
combined_reverse,37.84,-0.30000000000000004,-0.12,-0.375,-0.3835930629353095,-0.1077422994109002,-0.06613510395282084,-0.4274473454617165,-0.028860968541734523,0.029352942085462044,0.3100814312315073,0,0,0,7.377622335575444,7.377622335575444,8.23157003424096,4.376530972519194
combined_reverse,37.86,-0.30000000000000004,-0.12,-0.375,-0.38479831281137167,-0.10083768871927569,-0.10527248903570176,-0.610523129651546,-0.03695030458924986,0.026340354606365617,0.30869822565872257,0,0,0,7.4460508180933305,7.4460508180933305,8.284395499891328,5.956034522010146
combined_reverse,37.88,-0.30000000000000004,-0.12,-0.375,-0.38056918102746884,-0.10436101007937375,-0.1336684647150425,-0.7610775489482787,-0.04054048580603328,0.02199438100383176,0.30645915489448455,0,0,0,7.445181372533723,7.445181372533723,8.331314089968892,7.5367813362284455
combined_reverse,37.9,-0.30000000000000004,-0.12,-0.375,-0.34767346905695,-0.10834377969797236,-0.058055916636858246,-0.6609104178553995,-0.030810868744081316,0.021606415711384528,0.30472676193775033,0,0,0,7.828519957041107,7.828519957041107,8.379274716665787,5.768274210559766
combined_reverse,37.92,-0.30000000000000004,-0.12,-0.375,-0.3043409002086178,-0.09655414327305843,0.010369239286036532,-0.43447315227298905,-0.029107397136993136,0.01499634140135767,0.30452776227719836,0,1,0,9.555001588461087,9.555001588461087,8.46244396326152,5.768274210559766
combined_reverse,37.94,-0.30000000000000004,-0.12,-0.375,-0.2870996355654181,-0.08987485142373643,0.06875357746731371,-0.2552654387156141,-0.029404564481871193,0.0076318933582543835,0.30560521589684486,0,0,0,10.132139111585712,10.132139111585712,8.52189676767905,5.849128099014212
combined_reverse,37.96,-0.30000000000000004,-0.12,-0.375,-0.29425240490701704,-0.07923237885543538,0.10400142418387164,-0.2344673427914016,-0.03121251437681966,0.0038989437945625674,0.3075976836089801,0,0,0,8.95770934039752,8.95770934039752,8.542217650840133,5.661261589992466
combined_reverse,37.980000000000004,-0.30000000000000004,-0.12,-0.375,-0.3026548248020823,-0.06351976038120187,0.10301481879446851,-0.27813847467917974,-0.03634001843544078,0.002301913581442633,0.30977343332758106,0,0,0,7.92916939228227,7.92916939228227,8.45575790516946,3.497978225688093
combined_reverse,38.0,-0.30000000000000004,-0.12,-0.375,-0.306502279723326,-0.04785055580730497,0.08206719931537698,-0.3323514654773338,-0.043560453754000195,0.00012586019589158213,0.3116556109790942,0,0,0,7.62088377379692,7.62088377379692,8.410135492983152,2.7905211556668394
combined_reverse,38.02,-0.30000000000000004,-0.12,-0.375,-0.3107755385059968,-0.03794802876313935,0.04743298272446069,-0.379076787459106,-0.04787660171981627,-0.001174141355259117,0.31297211567626493,0,0,0,7.511160635746881,7.511160635746881,8.367103117449698,1.9870489540265697
combined_reverse,38.04,-0.30000000000000004,-0.12,-0.375,-0.3182618508194699,-0.036593548862619125,0.0012321993619964782,-0.3854645490060109,-0.048350501269432904,0.0011128347229796092,0.3134496171010531,0,0,0,7.381107228699351,7.381107228699351,8.36095356986824,2.701048717919324
combined_reverse,38.06,-0.30000000000000004,-0.12,-0.375,-0.321947224673615,-0.04513258118169221,-0.03476817777314193,-0.38537499454930496,-0.037474473296096336,0.005213316055862424,0.3131176687317325,0,0,0,7.052148497501883,7.052148497501883,8.357185542342524,3.9128920436316883
combined_reverse,38.08,-0.30000000000000004,-0.12,-0.375,-0.3241679877216388,-0.0784927424383142,-0.06677705870115465,-0.40936909329981813,-0.018722703912768493,0.007502691041039979,0.3122005716606091,0,0,0,6.79366902003679,6.79366902003679,8.365579148071692,5.6405643866353214
combined_reverse,38.1,-0.30000000000000004,-0.12,-0.375,-0.3253529133578134,-0.13742489309127023,-0.09668271498152121,-0.4122088041407049,0.00503102501552009,0.006675185016650968,0.3106835566044116,0,0,0,6.804596661460516,6.804596661460516,8.38355308832486,8.257055282506906
combined_reverse,38.12,-0.30000000000000004,-0.12,-0.375,-0.3179095478466041,-0.18171596823061714,-0.07452321964828715,-0.38861181579911375,0.018930238339861537,0.00467902099079587,0.3088051342576323,0,0,0,7.555517049586829,7.555517049586829,8.422265627662938,9.549243955649857
combined_reverse,38.14,-0.30000000000000004,-0.12,-0.375,-0.3013919950832164,-0.18644899501563475,-0.044305149970485014,-0.4270333518026114,0.013697190332891,0.011395216182992253,0.3077058625125995,0,0,0,8.247311086150741,8.247311086150741,8.4406697012044,4.882471463083542
combined_reverse,38.160000000000004,-0.30000000000000004,-0.12,-0.375,-0.3074747916553643,-0.18419330811032403,-0.018575652058261297,-0.5204736772681733,0.012683153368900064,0.02096747179754585,0.30717509947295524,0,0,0,8.514539030870699,8.514539030870699,8.395905883419058,4.588934268129557
combined_reverse,38.18,-0.30000000000000004,-0.12,-0.375,-0.32423240339091114,-0.19256702960870306,-0.0013660558173670132,-0.5546537853168836,0.019987527027730195,0.03379664799185283,0.3071787559028032,0,0,0,8.704737979941397,8.704737979941397,8.35115789715299,3.585497142574576
combined_reverse,38.2,-0.30000000000000004,-0.12,-0.375,-0.3312443045022043,-0.20600700447540574,-0.006455400580429391,-0.5398673663719922,0.0325380211747915,0.046896569647734,0.30734042493850944,0,0,0,7.916706407796531,7.916706407796531,8.294239780476428,3.3178901934586817
combined_reverse,38.22,-0.30000000000000004,-0.12,-0.375,-0.3225208575477923,-0.216263013436647,-0.02659231908510487,-0.457392224498699,0.044490412924291706,0.05680988780607026,0.3072200148557233,0,0,0,7.8074890914139425,7.8074890914139425,8.257705252434725,5.666693595368924
combined_reverse,38.24,-0.30000000000000004,-0.12,-0.375,-0.3006629875868749,-0.22057607932122456,-0.0537872994089605,-0.3902176303593686,0.04897771019907031,0.06194643930176052,0.306601379082884,0,0,0,8.680266138326175,8.680266138326175,8.22319493270545,8.513534930005592
combined_reverse,38.26,-0.30000000000000004,-0.12,-0.375,-0.2740954089453667,-0.2031254412657197,-0.06616779895426522,-0.27609846802565896,0.043803594466889306,0.0610502297613453,0.3056529954055871,0,0,0,11.091755712264545,11.091755712264545,8.254690869424657,12.586593809853216
combined_reverse,38.28,-0.30000000000000004,-0.12,-0.375,-0.25096828231439905,-0.1615758721775414,-0.05873586236931775,-0.18431729029192212,0.030073187966963337,0.05359779711181102,0.30481698696037773,0,0,0,15.436815393919005,14.0,8.307154118260666,16.494388001123028
combined_reverse,38.300000000000004,-0.30000000000000004,-0.12,-0.375,-0.23034894222339172,-0.1067349112555616,-0.06419991251415706,-0.2289832237455749,0.010802729354448794,0.04308582346927339,0.30405636196069663,0,0,0,16.412135050951605,14.0,8.379336793718426,16.744434009270318
combined_reverse,38.32,-0.30000000000000004,-0.12,-0.375,-0.20962745869055582,-0.07336257634169263,0.0001023779752940563,-0.21493760792713032,0.008962999996396392,0.03962868531530161,0.3038281653495187,0,1,0,6.983420996893163,6.983420996893163,8.125478292656293,13.32127125573572
combined_reverse,38.34,-0.30000000000000004,-0.12,-0.375,-0.1863917286009243,-0.04053036299720704,0.023884561508201663,-0.32123439557413364,0.014878568783528221,0.03747825044434868,0.30431308567665466,0,1,0,7.480909193627774,7.480909193627774,8.123340613113278,4.453111883011719
combined_reverse,38.36,-0.30000000000000004,-0.12,-0.375,-0.17647601231742754,-0.02992499381801439,0.050145031776123866,-0.32365009249101484,0.0255102079386031,0.03270783184542952,0.30520506140544296,0,0,0,7.88636329535525,7.88636329535525,8.19737583478987,5.841379203346828
combined_reverse,38.38,-0.30000000000000004,-0.12,-0.375,-0.17872117829404988,-0.02638301665133289,0.055701870313152047,-0.20873489444574123,0.035303222404505945,0.02624374226478738,0.30625085864459695,0,0,0,7.443647501195905,7.443647501195905,8.24875397028596,6.806740488558287
combined_reverse,38.4,-0.30000000000000004,-0.12,-0.375,-0.19060641398353603,-0.022048550725990643,0.057541358043579814,-0.12823869805333202,0.03476932776006697,0.01964367985369108,0.3073790027238507,0,0,0,6.5481697765617755,6.5481697765617755,8.293074166375167,6.61796929438384
combined_reverse,38.42,-0.30000000000000004,-0.12,-0.375,-0.2021263263111003,-0.017328261211181473,0.050693274125151976,-0.10954547371989427,0.026104485190043773,0.01529278802085246,0.3084645773805939,0,0,0,6.048357037060048,6.048357037060048,8.329501745368876,5.18169879905539
combined_reverse,38.44,-0.30000000000000004,-0.12,-0.375,-0.2120905637631228,-0.010823796754658003,0.03875925590747028,-0.1213672824862467,0.013455853737701298,0.013764037755142951,0.3093692258400762,0,0,0,6.127133541237748,6.127133541237748,8.352066197696175,4.442113052697219
combined_reverse,38.46,-0.30000000000000004,-0.12,-0.375,-0.2271130840353942,-0.0011871576492674943,0.02919222020928987,-0.13085181411424093,0.002474861783442124,0.015426734605712162,0.31010666422202277,0,0,0,6.28066767393076,6.28066767393076,8.399575404474607,2.419535900327644
combined_reverse,38.480000000000004,-0.30000000000000004,-0.12,-0.375,-0.2461490867794264,0.013073444512903834,0.022049307344855735,-0.1365106859159954,-0.005765336070062062,0.018485144977573083,0.31071994613496956,0,0,0,6.708149598986523,6.708149598986523,8.44819951763953,2.2643328691963323
combined_reverse,38.5,-0.30000000000000004,-0.12,-0.375,-0.2629558754035155,0.02622812099128508,0.0011143313737306667,-0.12329391062954223,-0.012165983189627624,0.020924143703767578,0.31111018561121784,0,0,0,5.978047943684453,5.978047943684453,8.497341020354348,3.1109490465817613
combined_reverse,38.52,-0.30000000000000004,-0.12,-0.375,-0.27688613623692043,0.019639825228275266,-0.005956348737829718,-0.12847027164272148,-0.011431333966979217,0.018697700229043282,0.311221352970753,0,0,0,5.65850750509733,5.65850750509733,8.549636449786302,3.6655618801670995
combined_reverse,38.54,-0.30000000000000004,-0.12,-0.375,-0.286542045069875,-0.008103232258473167,-0.033998382696158215,-0.08659753722905392,-0.003148872042404377,0.01129974675708706,0.3109463125871513,0,0,0,5.038484336112445,5.038484336112445,8.612737968501882,5.232716113899317
combined_reverse,38.56,-0.30000000000000004,-0.12,-0.375,-0.2851668093271051,-0.04063549978277162,-0.02533830507830888,-0.10333218319556252,0.006274476918431659,0.0038176063881224576,0.3101485142980983,0,0,0,7.13278923307415,7.13278923307415,8.566721740749141,7.184214019039741
combined_reverse,38.58,-0.30000000000000004,-0.12,-0.375,-0.27801316662921144,-0.048590927757877586,0.0014162506496747016,-0.2275011312507111,-0.002980446654734965,0.007064517656519333,0.31002897423377024,0,0,0,8.225423051211276,8.225423051211276,8.514723302600174,3.302811737183701
combined_reverse,38.6,-0.30000000000000004,-0.12,-0.375,-0.2898441357843617,-0.0542695160128637,0.02779979129621294,-0.3793048148781441,-0.01042762453107154,0.011749088766882458,0.3104020276725565,0,0,0,8.545615408335546,8.545615408335546,8.465726256536009,3.7212061263038083
combined_reverse,38.62,-0.30000000000000004,-0.12,-0.375,-0.3088633119053204,-0.06920982323570177,0.04826194279577951,-0.4597956171846743,-0.009652392366094454,0.01577279682274754,0.31135551345845924,0,0,0,8.191729890518756,8.191729890518756,8.417372475169334,4.409309626081332
combined_reverse,38.64,-0.30000000000000004,-0.12,-0.375,-0.3245035777705644,-0.08660628491726453,0.05383858081975229,-0.47472364195437333,-0.003719385897658763,0.016488136045102863,0.3125923832836042,0,0,0,6.9198389132207145,6.9198389132207145,8.372725695319062,4.888676937550819
combined_reverse,38.660000000000004,-0.30000000000000004,-0.12,-0.375,-0.33046705451077174,-0.10161833605549896,0.03826198311503905,-0.4447957746462224,-0.00042235260139064895,0.014035273529640837,0.31371594604017955,0,0,0,7.709965047340442,7.709965047340442,8.353432883841382,6.532276590193793
combined_reverse,38.68,-0.30000000000000004,-0.12,-0.375,-0.33017694784307405,-0.11111571819672257,0.008322548135657479,-0.43373050604773145,-0.003426981485271913,0.008689763353463185,0.314355406813753,0,0,0,8.537281625174042,8.537281625174042,8.412694089803928,8.861994897937423
combined_reverse,38.7,-0.30000000000000004,-0.12,-0.375,-0.3296823032283598,-0.1123773961714268,-0.0312650804935021,-0.46529082586752657,-0.01171793232052805,0.001287382716907696,0.3143069984603615,0,0,0,12.047698894822204,12.047698894822204,8.496114830338417,13.534422676706534
combined_reverse,38.72,-0.30000000000000004,-0.12,-0.375,-0.32681826022218435,-0.12009685655354636,-0.04151810216360232,-0.36341855816370744,-0.01726915015618272,-0.004318181508202453,0.31348609390232113,0,0,0,8.274331310865499,8.274331310865499,8.590251506020582,16.2823997286143
combined_reverse,38.74,-0.30000000000000004,-0.12,-0.375,-0.30460727506100793,-0.1403556824991278,-0.07379741741577095,-0.33966981144933256,0.0001470732899043946,0.0041254981766074865,0.31247054347664904,0,0,0,6.067072080377901,6.067072080377901,8.651802079833107,2.8229775840631293
combined_reverse,38.76,-0.30000000000000004,-0.12,-0.375,-0.27957670414147284,-0.12015976874579078,-0.07788474995845066,-0.2030990351381254,0.012996803536510919,0.012884002110726753,0.31071175131612083,0,0,0,7.887933520548193,7.887933520548193,8.636104081434844,4.672675263517551
combined_reverse,38.78,-0.30000000000000004,-0.12,-0.375,-0.26343386389437046,-0.08473239080964952,-0.030532120943362284,-0.035869865255177,0.015095837975930502,0.011877078377325498,0.30964921000033574,0,0,0,8.204627929719454,8.204627929719454,8.619862052697222,4.672675263517551
combined_reverse,38.800000000000004,-0.30000000000000004,-0.12,-0.375,-0.2605547544559899,-0.06413417501865887,0.0031254600111755176,0.025674674793850178,0.011276066466151553,0.006083871093478917,0.30943470963956904,0,0,0,7.762290858729742,7.762290858729742,8.690367332368051,4.754676044464993
combined_reverse,38.82,-0.30000000000000004,-0.12,-0.375,-0.26698947028530695,-0.049433982676124116,0.02688540585494709,-0.045588094717544166,0.0017628571386848302,-0.0005418663509088282,0.30976902429944003,0,0,0,8.010266544999473,8.010266544999473,8.709225819633627,4.742397755545275
combined_reverse,38.84,-0.30000000000000004,-0.12,-0.375,-0.26989667904019893,-0.03900535411316309,0.036287445126701144,-0.154171765105663,-0.007304250733165349,-0.0057843303803326585,0.31037730965018034,0,0,0,8.255074489510765,8.255074489510765,8.736645626874434,3.122809659778374
combined_reverse,38.86,-0.30000000000000004,-0.12,-0.375,-0.2728013204704277,-0.03026863659148523,0.04334160135639536,-0.2655279658088653,-0.01509488835840885,-0.009261195315331188,0.3111374953637868,0,0,0,8.404542229961859,8.404542229961859,8.686497948543192,2.4314238422189414
combined_reverse,38.88,-0.30000000000000004,-0.12,-0.375,-0.27749513763314393,-0.024344719791235994,0.04609701825878887,-0.33790994992952217,-0.020877866469392454,-0.010779601110016444,0.3120045531582744,0,0,0,8.346881768873875,8.346881768873875,8.627494392174977,2.321483624372627
combined_reverse,38.9,-0.30000000000000004,-0.12,-0.375,-0.285520524177481,-0.024894893211548155,0.03379247018475122,-0.34284818247269044,-0.02505227676994162,-0.009317317377843123,0.31280909524818956,0,0,0,7.825647131530799,7.825647131530799,8.582403961247742,2.298164101738919
combined_reverse,38.92,-0.30000000000000004,-0.12,-0.375,-0.29505416314010063,-0.029237985936957547,-0.0008136572631586572,-0.2917434777776403,-0.028662397501722076,-0.004169516059250122,0.31315357954692946,0,0,0,7.240135095773148,7.240135095773148,8.553963725616441,3.186395142604439
combined_reverse,38.94,-0.30000000000000004,-0.12,-0.375,-0.30176369481326815,-0.04876360478432098,-0.027321269029818483,-0.23619279002049073,-0.027240416633673905,0.0032913226477920103,0.3128014652578429,0,0,0,6.565442240566311,6.565442240566311,8.548112830883895,3.8681692598488127
combined_reverse,38.96,-0.30000000000000004,-0.12,-0.375,-0.30347894901801953,-0.09418065243371031,-0.047604646039667915,-0.21266398741383996,-0.017087716287783182,0.0056849881090435825,0.3121672922220096,0,0,0,6.290919820938007,6.290919820938007,8.570203558927556,4.598783803236589
combined_reverse,38.980000000000004,-0.30000000000000004,-0.12,-0.375,-0.30395775003125136,-0.15593562535644281,-0.0884999011201296,-0.13870847194108724,0.0009705027478251877,0.002254169881128965,0.3109089011070058,0,1,0,7.438561427540528,7.438561427540528,8.622054139224236,6.5107826349507425
combined_reverse,39.0,-0.30000000000000004,-0.12,-0.375,-0.2935061948749776,-0.17009998875537793,-0.03640321341558856,-0.26456273378894685,0.001963585244770628,0.0031021374262361697,0.30983015208113535,0,0,0,8.24312589661871,8.24312589661871,8.566835501897334,4.02961761551372
