policy,scenario,kind,cmd_vx,direction,initial_roll_deg,fallen,peak_roll_deg,peak_roll_after_025_deg,recovery_time_s,symmetric_reentry_time_s,reverse_overshoot_deg,steady_vx,steady_vy_abs,action_max,action_element_over_095_ratio,action_cycle_over_095_ratio,torque_abs_max,settled_diagonal_height_error,settled_contact_mismatch_ratio,min_height
/home/nszb/gym/mujoko/models/fanfan_symmetric_transition_5530.onnx,roll_-3_vx0.12,roll,0.12,-1,-3.0,0,3.0611135551989364,3.0611135551989364,0.06,0.48,2.0808214314314166,0.0776981565010108,0.03219785458180801,0.9653696417808533,0.012333333333333332,0.148,8.378315260643603,0.006338911502529992,0.15333333333333332,0.2809701302072414
/home/nszb/gym/mujoko/models/fanfan_symmetric_transition_5530.onnx,roll_+3_vx0.12,roll,0.12,1,3.0,0,3.0156872866244364,2.1976247975813403,0.06,0.06,1.9675833310448068,0.0771483690156398,0.032818997430537164,0.9598132967948914,0.011,0.132,8.082929391389253,0.006482198178831394,0.16666666666666666,0.28096583504688816
/home/nszb/gym/mujoko/models/fanfan_symmetric_transition_5530.onnx,roll_-5_vx0.12,roll,0.12,-1,-5.0,0,4.9486167284213955,3.619693065615707,0.06,0.48,2.0909390847956377,0.07732734278922725,0.03211875904188851,0.9752128720283508,0.013999999999999999,0.16,8.403076985902558,0.006367727725809984,0.15333333333333332,0.2804799663615371
/home/nszb/gym/mujoko/models/fanfan_symmetric_transition_5530.onnx,roll_+5_vx0.12,roll,0.12,1,5.0,0,4.962576551441046,2.5266650047242734,0.3,0.26,2.0395416122915653,0.07761377478073495,0.032275868454709034,0.9600745439529419,0.011666666666666665,0.14,8.55277159075742,0.00634303192170867,0.15333333333333332,0.28144545127009496
/home/nszb/gym/mujoko/models/fanfan_symmetric_transition_5530.onnx,roll_-8_vx0.12,roll,0.12,-1,-8.0,0,7.910701228623907,3.9542891952960515,0.1,0.48,2.1497427304014503,0.07503973759788508,0.03484541869214602,0.9874190092086792,0.015666666666666666,0.172,8.490013306275866,0.006912572928711021,0.17,0.27972930053861256
/home/nszb/gym/mujoko/models/fanfan_symmetric_transition_5530.onnx,roll_+8_vx0.12,roll,0.12,1,8.0,0,7.923902437441718,3.4268859389609934,0.3,0.28,2.135390150961983,0.07545570890930016,0.034625168150124896,0.9778493642807007,0.015333333333333332,0.176,8.377431503545012,0.006822486471218846,0.17,0.2816873811060148
/home/nszb/gym/mujoko/models/fanfan_symmetric_transition_5530.onnx,push_-1_vx0.12,push,0.12,-1,-0.0,0,2.60826489613466,2.60826489613466,0.06000000000000005,0.06000000000000005,2.56938637484588,0.07972071131267755,0.05036568930825073,0.9744080901145935,0.003333333333333333,0.04,8.247663041501431,0.006169177919325617,0.14,0.2807567810702234
/home/nszb/gym/mujoko/models/fanfan_symmetric_transition_5530.onnx,push_+1_vx0.12,push,0.12,1,0.0,0,2.6794579423308615,2.6794579423308615,0.06000000000000005,0.06000000000000005,2.6794579423308615,0.07904781393556469,0.0501696658062915,0.9577383399009705,0.0026666666666666666,0.032,8.247663041501431,0.006023213276214217,0.11,0.2807567810702234
/home/nszb/gym/mujoko/models/fanfan_symmetric_transition_5530.onnx,roll_-3_vx0.20,roll,0.2,-1,-3.0,0,2.987759511286841,2.859667311583643,0.06,0.06,2.58488249699728,0.14817367202366408,0.02670743187880323,0.9578893184661865,0.0013333333333333333,0.016,8.362520248275622,0.004075625608270306,0.12666666666666668,0.28043909433053366
/home/nszb/gym/mujoko/models/fanfan_symmetric_transition_5530.onnx,roll_+3_vx0.20,roll,0.2,1,3.0,0,3.011516835841387,2.2606525886539006,0.06,0.06,2.1032823036001975,0.1579886287148179,0.04873659860690279,0.9536266922950745,0.0003333333333333333,0.004,8.254425114664265,0.006532118382604426,0.12333333333333334,0.280752590096478
/home/nszb/gym/mujoko/models/fanfan_symmetric_transition_5530.onnx,roll_-5_vx0.20,roll,0.2,-1,-5.0,0,4.941352630768013,3.4820543040222387,0.06,0.46,2.241200530605568,0.1481650566550064,0.02672295763869089,0.97223299741745,0.003,0.032,8.532588350914695,0.0040772528157082275,0.12666666666666668,0.279796835123769
/home/nszb/gym/mujoko/models/fanfan_symmetric_transition_5530.onnx,roll_+5_vx0.20,roll,0.2,1,5.0,0,4.953626470030676,1.8199626524274197,0.08,0.06,1.7542901847311756,0.14741082413271853,0.028277225611826832,0.9539337754249573,0.0026666666666666666,0.028,9.212192230443474,0.004283461665707832,0.12666666666666668,0.28123213764536364
/home/nszb/gym/mujoko/models/fanfan_symmetric_transition_5530.onnx,roll_-8_vx0.20,roll,0.2,-1,-8.0,0,7.90276256055375,4.186166452480931,0.1,0.48,1.7604653208398302,0.14817717461707924,0.026703266532273496,0.9831705093383789,0.004,0.036,8.47897116437863,0.004075476201456733,0.12666666666666668,0.2796613820161972
/home/nszb/gym/mujoko/models/fanfan_symmetric_transition_5530.onnx,roll_+8_vx0.20,roll,0.2,1,8.0,0,7.914438741292944,2.5732847006068726,0.3,0.26,1.51138150446204,0.14890684382848113,0.024775789105070778,0.9793310761451721,0.003333333333333333,0.032,8.737711714277316,0.0038824315545017227,0.14666666666666667,0.28082330793981264
/home/nszb/gym/mujoko/models/fanfan_symmetric_transition_5530.onnx,push_-1_vx0.20,push,0.2,-1,-0.0,0,2.31332977296727,2.31332977296727,0.06000000000000005,0.06000000000000005,2.312339877893275,0.15672670102019334,0.04985839385615746,0.9787408709526062,0.0019999999999999996,0.024,8.653257175276329,0.007043320347908966,0.15,0.2805568529965616
/home/nszb/gym/mujoko/models/fanfan_symmetric_transition_5530.onnx,push_+1_vx0.20,push,0.2,1,0.0,0,2.2381420263890472,2.2381420263890472,0.06000000000000005,0.06000000000000005,2.0367684209808457,0.15739503035979116,0.04734063837215661,0.9564322233200073,0.001,0.012,8.653257175276329,0.006528324221033617,0.12,0.2805568529965616
/home/nszb/gym/mujoko/models/fanfan_symmetric_transition_5530.onnx,roll_-3_vx0.35,roll,0.35,-1,-3.0,0,3.208359355651461,2.499516743283479,0.26,0.26,3.208359355651461,0.2678789835750688,0.06098164300757326,0.9747079610824585,0.006333333333333333,0.072,8.58651406518935,0.008409768968817757,0.14333333333333334,0.27713466918684126
/home/nszb/gym/mujoko/models/fanfan_symmetric_transition_5530.onnx,roll_+3_vx0.35,roll,0.35,1,3.0,0,3.0135708253429416,2.549473204656443,0.26,0.06,2.549473204656443,0.26859136377975174,0.06228138199676497,0.9761070609092712,0.002,0.024,8.32466494414116,0.008502865987515689,0.12666666666666668,0.2791155457522874
/home/nszb/gym/mujoko/models/fanfan_symmetric_transition_5530.onnx,roll_-5_vx0.35,roll,0.35,-1,-5.0,0,4.918905607364353,2.7585389142780063,0.26,0.24,2.934215743029694,0.2679270772508783,0.0617905340184114,0.9791423678398132,0.007333333333333333,0.088,8.49335186734506,0.00844784253693328,0.12666666666666668,0.2767342384813554
/home/nszb/gym/mujoko/models/fanfan_symmetric_transition_5530.onnx,roll_+5_vx0.35,roll,0.35,1,5.0,0,4.949862290250127,2.371208871429705,0.08,0.06,2.371208871429705,0.2694911553755379,0.06140019396689816,0.9785654544830322,0.005333333333333333,0.06,8.775660680754367,0.008446361725007605,0.14,0.27660377178349493
/home/nszb/gym/mujoko/models/fanfan_symmetric_transition_5530.onnx,roll_-8_vx0.35,roll,0.35,-1,-8.0,0,7.879989505031146,3.5663392325609653,0.1,0.46,2.4310992072837916,0.26883257203533795,0.06205570861762501,0.9838919043540955,0.009333333333333332,0.092,8.488850173311867,0.008568831381557743,0.14333333333333334,0.2764159253608774
/home/nszb/gym/mujoko/models/fanfan_symmetric_transition_5530.onnx,roll_+8_vx0.35,roll,0.35,1,8.0,0,7.910175475677924,2.571693194740374,0.1,0.24,2.3822982025098693,0.26907564972236425,0.06101986953197163,0.9780570864677429,0.007,0.068,8.996381727402628,0.008404688398872989,0.13666666666666666,0.2762260104035187
/home/nszb/gym/mujoko/models/fanfan_symmetric_transition_5530.onnx,push_-1_vx0.35,push,0.35,-1,-0.0,0,3.8326197165802847,2.4065016420379655,0.30000000000000027,0.2400000000000002,3.8326197165802847,0.2687122955971145,0.060751181758587174,0.977526068687439,0.007333333333333333,0.08,10.03329316437219,0.008527735249905202,0.14,0.27716689766920616
/home/nszb/gym/mujoko/models/fanfan_symmetric_transition_5530.onnx,push_+1_vx0.35,push,0.35,1,0.0,0,2.4610382554852777,2.4610382554852777,0.06000000000000005,0.06000000000000005,2.4610382554852777,0.26589774413367384,0.061924588969302856,0.9788588285446167,0.009333333333333332,0.108,8.684944432407521,0.008820096810187377,0.17,0.27716689766920616
/home/nszb/gym/mujoko/models/fanfan_symmetric_transition_5530.onnx,saturated_-1_vx0.20,saturated,0.2,-1,-3.0,0,5.611387301023472,5.315642272750967,0.38,0.34,2.3447073980498905,0.1579195669610731,0.051157827456206326,0.9695935845375061,0.0023333333333333335,0.028,32.02762305736542,0.006705929355859484,0.13666666666666666,0.2790536693414969
/home/nszb/gym/mujoko/models/fanfan_symmetric_transition_5530.onnx,saturated_+1_vx0.20,saturated,0.2,1,3.0,0,5.1619275327673115,3.1258536548339095,0.54,0.54,2.0575464785382502,0.14808238156333,0.028541945639398054,0.9676611423492432,0.006333333333333333,0.076,27.46272385120392,0.0044469253753013525,0.14333333333333334,0.27559909744894956
/home/nszb/gym/mujoko/models/tilt_recovery_5530_candidates/model_5550.onnx,roll_-3_vx0.12,roll,0.12,-1,-3.0,0,3.0347584354060957,3.0347584354060957,0.06,0.48,2.11897179131127,0.08431291413557938,0.030895874271960413,0.9628514051437378,0.006666666666666666,0.08,8.255331462826621,0.005626978771344683,0.14666666666666667,0.2811298885085889
/home/nszb/gym/mujoko/models/tilt_recovery_5530_candidates/model_5550.onnx,roll_+3_vx0.12,roll,0.12,1,3.0,0,3.0154602806465363,2.10753562040353,0.06,0.06,1.9438798070161738,0.08304216558373774,0.03358957550977011,0.959162175655365,0.006,0.072,8.036246850704682,0.005995169145143443,0.15,0.281090485233234
/home/nszb/gym/mujoko/models/tilt_recovery_5530_candidates/model_5550.onnx,roll_-5_vx0.12,roll,0.12,-1,-5.0,0,4.948882484806092,3.4777218139212445,0.06,0.48,2.0504746093652746,0.08424547642133082,0.031187609811687656,0.9723657965660095,0.008,0.088,8.259631402099433,0.005619203359338566,0.14333333333333334,0.2805417382756183
/home/nszb/gym/mujoko/models/tilt_recovery_5530_candidates/model_5550.onnx,roll_+5_vx0.12,roll,0.12,1,5.0,0,4.962576343908102,2.17440888530397,0.06,0.06,1.9243017249668763,0.08302250371143104,0.033589074515029176,0.9590661525726318,0.006666666666666666,0.08,8.286435367023163,0.005995243869072949,0.15,0.28121314678072534
/home/nszb/gym/mujoko/models/tilt_recovery_5530_candidates/model_5550.onnx,roll_-8_vx0.12,roll,0.12,-1,-8.0,0,7.911078274414594,3.5620540469847137,0.1,0.48,2.098875218899944,0.08259452293748458,0.03438502567653907,0.9854139685630798,0.011666666666666665,0.128,8.40498125302286,0.0061191785472905,0.15333333333333332,0.2798581562966146
/home/nszb/gym/mujoko/models/tilt_recovery_5530_candidates/model_5550.onnx,roll_+8_vx0.12,roll,0.12,1,8.0,0,7.9240146103722875,3.481627181223889,0.3,0.28,1.9311139891148132,0.0830227233989015,0.03354847634113355,0.9661740660667419,0.007999999999999998,0.096,8.225325279319456,0.005993237789842625,0.15,0.2817491523818509
/home/nszb/gym/mujoko/models/tilt_recovery_5530_candidates/model_5550.onnx,push_-1_vx0.12,push,0.12,-1,-0.0,0,2.0767838160077203,1.5179951836567618,0.06000000000000005,0.06000000000000005,2.0767838160077203,0.09003749336062725,0.03823213071362326,0.9667750597000122,0.002,0.024,8.251511992845957,0.0036061386885385817,0.11,0.2810308410551745
/home/nszb/gym/mujoko/models/tilt_recovery_5530_candidates/model_5550.onnx,push_+1_vx0.12,push,0.12,1,0.0,0,1.79586056212927,1.79586056212927,0.06000000000000005,0.06000000000000005,1.79586056212927,0.08592663822602431,0.03256324202670916,0.9547178149223328,0.003666666666666666,0.044,8.251511992845957,0.006045922649579573,0.14,0.2810308410551745
/home/nszb/gym/mujoko/models/tilt_recovery_5530_candidates/model_5550.onnx,roll_-3_vx0.20,roll,0.2,-1,-3.0,0,2.988294425669497,2.5930972752663703,0.06,0.06,2.422080055693446,0.15838819296857798,0.022202065900544993,0.9546354413032532,0.0003333333333333333,0.004,8.279501900605528,0.00260637886791005,0.13333333333333333,0.28072417540545486
/home/nszb/gym/mujoko/models/tilt_recovery_5530_candidates/model_5550.onnx,roll_+3_vx0.20,roll,0.2,1,3.0,0,3.011202504382118,2.1816956169488733,0.06,0.06,2.1054888580543554,0.164866215975509,0.04705862724197016,0.9480821490287781,0.0,0.0,8.174620822902185,0.005631574440413842,0.11666666666666667,0.2806086278639441
/home/nszb/gym/mujoko/models/tilt_recovery_5530_candidates/model_5550.onnx,roll_-5_vx0.20,roll,0.2,-1,-5.0,0,4.941814022282151,3.4567806952976996,0.06,0.46,2.1349177482907566,0.158329513301206,0.02221007215575504,0.9670804142951965,0.002333333333333333,0.024,8.366043563712555,0.0026108501425595064,0.13333333333333333,0.2801575720033268
/home/nszb/gym/mujoko/models/tilt_recovery_5530_candidates/model_5550.onnx,roll_+5_vx0.20,roll,0.2,1,5.0,0,4.953366885867237,1.8477559203435796,0.08,0.06,1.3913234883785164,0.15841877931198659,0.022046531974181657,0.9512864947319031,0.0003333333333333333,0.004,8.772525774861148,0.002596043360320425,0.13333333333333333,0.2807698846789012
/home/nszb/gym/mujoko/models/tilt_recovery_5530_candidates/model_5550.onnx,roll_-8_vx0.20,roll,0.2,-1,-8.0,0,7.903322839967526,3.954008536051959,0.1,0.48,1.1907885312727495,0.15839799003269556,0.022059723862927316,0.9805833697319031,0.0029999999999999996,0.024,8.508057401478638,0.0025941773636094373,0.13333333333333333,0.2801410647679486
/home/nszb/gym/mujoko/models/tilt_recovery_5530_candidates/model_5550.onnx,roll_+8_vx0.20,roll,0.2,1,8.0,0,7.91427229286463,2.6484736354618756,0.3,0.26,1.4705279756471565,0.15836887987158757,0.022115951532030307,0.9681969285011292,0.0006666666666666666,0.004,8.650830762814998,0.0025905301713829063,0.13333333333333333,0.2809075797602016
/home/nszb/gym/mujoko/models/tilt_recovery_5530_candidates/model_5550.onnx,push_-1_vx0.20,push,0.2,-1,-0.0,0,2.047240871702217,2.047240871702217,0.06000000000000005,0.06000000000000005,1.846570486454359,0.16478548060268994,0.04501626204996751,0.9584696292877197,0.001,0.012,8.559655606473424,0.005662127508361696,0.11,0.28039128446216727
/home/nszb/gym/mujoko/models/tilt_recovery_5530_candidates/model_5550.onnx,push_+1_vx0.20,push,0.2,1,0.0,0,1.3894073668875164,1.3894073668875164,0.06000000000000005,0.06000000000000005,1.3894073668875164,0.16107803870086645,0.022049398799872923,0.9630767703056335,0.0013333333333333333,0.016,8.559655606473424,0.0027851001072412675,0.13,0.28039128446216727
/home/nszb/gym/mujoko/models/tilt_recovery_5530_candidates/model_5550.onnx,roll_-3_vx0.35,roll,0.35,-1,-3.0,0,2.985411579971857,2.537411872922866,0.06,0.06,2.9754565106148014,0.2709820586402726,0.06379400145381575,0.9747689366340637,0.005333333333333332,0.06,8.536529197062094,0.007941427970079698,0.14666666666666667,0.27704645615925766
/home/nszb/gym/mujoko/models/tilt_recovery_5530_candidates/model_5550.onnx,roll_+3_vx0.35,roll,0.35,1,3.0,0,3.013407095989287,2.4653225165167605,0.26,0.06,2.3379377266275863,0.2715826656779427,0.0639355335260528,0.9761821627616882,0.0026666666666666666,0.032,8.332446244857902,0.007966823058423212,0.14333333333333334,0.2787701565465946
/home/nszb/gym/mujoko/models/tilt_recovery_5530_candidates/model_5550.onnx,roll_-5_vx0.35,roll,0.35,-1,-5.0,0,4.919403802535627,2.5145313049976363,0.26,0.26,2.9900792351370717,0.2732596925416011,0.06525383406382915,0.97492915391922,0.006666666666666666,0.08,8.513586739871492,0.00810892052023156,0.13666666666666666,0.2768395597913619
/home/nszb/gym/mujoko/models/tilt_recovery_5530_candidates/model_5550.onnx,roll_+5_vx0.35,roll,0.35,1,5.0,0,4.949865038174957,2.486828318979277,0.08,0.06,2.360070071406662,0.27332264528951994,0.06417140902712992,0.9795740842819214,0.005,0.06,8.866643576093043,0.007960915204479647,0.12,0.27683349633635307
/home/nszb/gym/mujoko/models/tilt_recovery_5530_candidates/model_5550.onnx,roll_-8_vx0.35,roll,0.35,-1,-8.0,0,7.880651507706109,3.1445021469228287,0.46,0.46,2.375144256636704,0.2719950409947104,0.06470316473778279,0.9785863757133484,0.008333333333333331,0.088,8.367718131619542,0.008023021723250196,0.14666666666666667,0.2768410075251687
/home/nszb/gym/mujoko/models/tilt_recovery_5530_candidates/model_5550.onnx,roll_+8_vx0.35,roll,0.35,1,8.0,0,7.910245352875959,2.4622292554280687,0.1,0.24,2.4622292554280687,0.2712104105019289,0.06413947829486169,0.9806528687477112,0.005666666666666666,0.06,9.078301576102165,0.007961275252463772,0.12666666666666668,0.27623122851828436
/home/nszb/gym/mujoko/models/tilt_recovery_5530_candidates/model_5550.onnx,push_-1_vx0.35,push,0.35,-1,-0.0,0,4.249238073696752,2.462030738318542,0.28000000000000025,0.26000000000000023,4.249238073696752,0.2677074501049989,0.06300585133887536,0.9772040247917175,0.007,0.08,10.552361887898428,0.008100751661570421,0.13,0.27702708135493637
/home/nszb/gym/mujoko/models/tilt_recovery_5530_candidates/model_5550.onnx,push_+1_vx0.35,push,0.35,1,0.0,0,2.4266927637122016,2.4266927637122016,0.06000000000000005,0.06000000000000005,2.3310268783741015,0.2687295718985312,0.06284685181421965,0.9772040247917175,0.008333333333333333,0.1,8.527717759176518,0.008051542183329785,0.14,0.27702708135493637
/home/nszb/gym/mujoko/models/tilt_recovery_5530_candidates/model_5550.onnx,saturated_-1_vx0.20,saturated,0.2,-1,-3.0,0,5.623646623330019,5.623646623330019,0.38,0.34,2.016556454422913,0.16466354366149236,0.04862325382053681,0.9710648655891418,0.0023333333333333335,0.028,32.02762305736542,0.005833942858832594,0.11666666666666667,0.27906486926780005
/home/nszb/gym/mujoko/models/tilt_recovery_5530_candidates/model_5550.onnx,saturated_+1_vx0.20,saturated,0.2,1,3.0,0,5.155268927292178,3.288568744393882,0.54,0.54,1.802943642284123,0.15899376584642128,0.021454641530458687,0.9684584736824036,0.002666666666666667,0.032,27.46272385120392,0.00263771428008826,0.12,0.27558574429476795
/home/nszb/gym/mujoko/models/tilt_recovery_5530_candidates/model_5575.onnx,roll_-3_vx0.12,roll,0.12,-1,-3.0,0,2.9865017828336335,2.9865017828336335,0.06,0.06,1.7724224130973545,0.08613227532457395,0.03227848815635362,0.9626667499542236,0.007666666666666666,0.092,8.260607152372591,0.005761995071049162,0.16,0.2811796686394395
/home/nszb/gym/mujoko/models/tilt_recovery_5530_candidates/model_5575.onnx,roll_+3_vx0.12,roll,0.12,1,3.0,0,3.015517104697733,1.6493269651437499,0.06,0.06,1.6312741575507508,0.08662531831843019,0.0311130181016842,0.9559726715087891,0.005,0.06,8.04546288806547,0.005557980704661487,0.14666666666666667,0.28111506382112517
/home/nszb/gym/mujoko/models/tilt_recovery_5530_candidates/model_5575.onnx,roll_-5_vx0.12,roll,0.12,-1,-5.0,0,4.949166162774037,3.5092128804406855,0.06,0.48,2.026666288317441,0.08664234225983183,0.0309155843077655,0.9723218083381653,0.007333333333333332,0.084,8.266045570228279,0.005539100015213548,0.14666666666666667,0.28060292256591857
/home/nszb/gym/mujoko/models/tilt_recovery_5530_candidates/model_5575.onnx,roll_+5_vx0.12,roll,0.12,1,5.0,0,4.9630175068111955,2.520030929625763,0.06,0.06,1.821274257589795,0.08614656397490437,0.032263998640734884,0.9563221335411072,0.006666666666666666,0.08,8.42191598737865,0.005759334570245034,0.16,0.2812573272727231
/home/nszb/gym/mujoko/models/tilt_recovery_5530_candidates/model_5575.onnx,roll_-8_vx0.12,roll,0.12,-1,-8.0,0,7.911510533509148,3.5068400004083964,0.1,0.48,2.015608205776384,0.08550274230057835,0.03327495005083333,0.9855079054832458,0.009,0.096,8.24681341303501,0.005898077879997401,0.16,0.2798540862702291
/home/nszb/gym/mujoko/models/tilt_recovery_5530_candidates/model_5575.onnx,roll_+8_vx0.12,roll,0.12,1,8.0,0,7.924605015948435,3.475011613838619,0.3,0.28,1.695884923647246,0.0866760771432494,0.03090052059996717,0.9669545292854309,0.008333333333333331,0.1,8.218237867216661,0.00553780524468731,0.14666666666666667,0.28176146179582057
/home/nszb/gym/mujoko/models/tilt_recovery_5530_candidates/model_5575.onnx,push_-1_vx0.12,push,0.12,-1,-0.0,0,2.043962216513878,1.6697989193642246,0.06000000000000005,0.06000000000000005,2.043962216513878,0.09267818038369793,0.037286141039081844,0.9658600687980652,0.0016666666666666666,0.02,8.263575784228669,0.003464693292270265,0.11,0.2810523509561706
/home/nszb/gym/mujoko/models/tilt_recovery_5530_candidates/model_5575.onnx,push_+1_vx0.12,push,0.12,1,0.0,0,1.6231378034667647,1.6231378034667647,0.06000000000000005,0.06000000000000005,1.6231378034667647,0.08997252392790892,0.028529631665270748,0.953935444355011,0.002333333333333333,0.028,8.263575784228669,0.005415719114935987,0.13,0.2810523509561706
/home/nszb/gym/mujoko/models/tilt_recovery_5530_candidates/model_5575.onnx,roll_-3_vx0.20,roll,0.2,-1,-3.0,0,2.988641099683693,2.5637003080417484,0.06,0.06,2.338154641630563,0.16043830796035582,0.022481188891454843,0.9543357491493225,0.0003333333333333333,0.004,8.290582565408814,0.00262493623224575,0.13333333333333333,0.2808016160817429
/home/nszb/gym/mujoko/models/tilt_recovery_5530_candidates/model_5575.onnx,roll_+3_vx0.20,roll,0.2,1,3.0,0,3.0112093846908747,2.0833122323407838,0.06,0.06,2.0833122323407838,0.16609030325484372,0.049338176024767214,0.9483227133750916,0.0,0.0,8.189597118799721,0.005933125410813539,0.11666666666666667,0.280618817923813
/home/nszb/gym/mujoko/models/tilt_recovery_5530_candidates/model_5575.onnx,roll_-5_vx0.20,roll,0.2,-1,-5.0,0,4.942284393269598,3.1934087683002397,0.06,0.46,2.1628796476336776,0.16044036333103956,0.022446898402233257,0.9669860005378723,0.002333333333333333,0.024,8.336986941975558,0.002621550425467575,0.13333333333333333,0.2801494384057195
/home/nszb/gym/mujoko/models/tilt_recovery_5530_candidates/model_5575.onnx,roll_+5_vx0.20,roll,0.2,1,5.0,0,4.9535711304214365,1.836887594923648,0.08,0.06,1.3952018320796518,0.16045399296809704,0.022315047390165633,0.9521148204803467,0.0003333333333333333,0.004,8.756058130231246,0.0026141940018524932,0.13333333333333333,0.2807011965077622
/home/nszb/gym/mujoko/models/tilt_recovery_5530_candidates/model_5575.onnx,roll_-8_vx0.20,roll,0.2,-1,-8.0,0,7.903945405371717,3.8975250922209512,0.1,0.48,1.1800878679510864,0.16043570154796294,0.02248581480388809,0.9807533621788025,0.0029999999999999996,0.024,8.45167136305949,0.002625118532089113,0.13333333333333333,0.28006759562550837
/home/nszb/gym/mujoko/models/tilt_recovery_5530_candidates/model_5575.onnx,roll_+8_vx0.20,roll,0.2,1,8.0,0,7.914633695542853,2.6461292878030025,0.3,0.26,1.479103965827056,0.1604362335657414,0.02231760921615668,0.968388020992279,0.001,0.008,8.652545380326805,0.0026025129424480705,0.13333333333333333,0.2808955373319624
/home/nszb/gym/mujoko/models/tilt_recovery_5530_candidates/model_5575.onnx,push_-1_vx0.20,push,0.2,-1,-0.0,0,2.0850113313365872,2.0850113313365872,0.06000000000000005,0.06000000000000005,2.0850113313365872,0.16510965629062582,0.05051762593573467,0.9578680396080017,0.001,0.012,8.569463768295444,0.006402530654345306,0.13,0.28041434989374125
/home/nszb/gym/mujoko/models/tilt_recovery_5530_candidates/model_5575.onnx,push_+1_vx0.20,push,0.2,1,0.0,0,1.4600071630052494,1.4600071630052494,0.06000000000000005,0.06000000000000005,1.3894553940753256,0.1634710788735269,0.021918357968338187,0.9629932641983032,0.001,0.012,8.569463768295444,0.002776215249271338,0.13,0.28041434989374125
/home/nszb/gym/mujoko/models/tilt_recovery_5530_candidates/model_5575.onnx,roll_-3_vx0.35,roll,0.35,-1,-3.0,0,2.985688423380679,2.56753820907388,0.06,0.06,2.876241504741929,0.2744384090867775,0.06453559586290827,0.9752652049064636,0.006,0.068,8.545066638350145,0.007947897025358091,0.14333333333333334,0.27687737960195735
/home/nszb/gym/mujoko/models/tilt_recovery_5530_candidates/model_5575.onnx,roll_+3_vx0.35,roll,0.35,1,3.0,0,3.0133836334778845,2.387589197056498,0.26,0.06,2.387589197056498,0.27538847893148405,0.06411377228805608,0.976458728313446,0.003333333333333333,0.04,8.331512058882883,0.007906777593458831,0.14333333333333334,0.2788377593349491
/home/nszb/gym/mujoko/models/tilt_recovery_5530_candidates/model_5575.onnx,roll_-5_vx0.35,roll,0.35,-1,-5.0,0,4.919795514073064,2.438316462688424,0.26,0.06,2.902036525475253,0.2756985382757051,0.06437753772762823,0.974567711353302,0.006,0.072,8.429192182843806,0.007939810113365593,0.12666666666666668,0.2769882545114726
/home/nszb/gym/mujoko/models/tilt_recovery_5530_candidates/model_5575.onnx,roll_+5_vx0.35,roll,0.35,1,5.0,0,4.949997340089969,2.4081764033060002,0.08,0.06,2.4081764033060002,0.2752933536003355,0.06439131737666844,0.9809752702713013,0.004666666666666666,0.056,8.841343675766705,0.007930418740089972,0.12333333333333334,0.2768001159444239
/home/nszb/gym/mujoko/models/tilt_recovery_5530_candidates/model_5575.onnx,roll_-8_vx0.35,roll,0.35,-1,-8.0,0,7.881030409512172,3.020487585922418,0.46,0.46,2.3285839223463074,0.2751546762046837,0.0650577995421252,0.9777778387069702,0.007999999999999998,0.084,8.33791351046218,0.007990960493068007,0.13666666666666666,0.27699058924027886
/home/nszb/gym/mujoko/models/tilt_recovery_5530_candidates/model_5575.onnx,roll_+8_vx0.35,roll,0.35,1,8.0,0,7.91051234410158,2.378674327473251,0.28,0.12,2.261398891339463,0.27359955833243355,0.06453994716619967,0.9799397587776184,0.005999999999999999,0.064,9.10041245254802,0.007937921019807118,0.13,0.2763717956050632
/home/nszb/gym/mujoko/models/tilt_recovery_5530_candidates/model_5575.onnx,push_-1_vx0.35,push,0.35,-1,-0.0,0,4.027482436689077,2.2619440533240827,0.28000000000000025,0.26000000000000023,4.027482436689077,0.2721163492435699,0.0628714249663729,0.9776811003684998,0.006333333333333333,0.076,9.719740236726404,0.008004839548546897,0.16,0.2770758388907385
/home/nszb/gym/mujoko/models/tilt_recovery_5530_candidates/model_5575.onnx,push_+1_vx0.35,push,0.35,1,0.0,0,2.384916052530246,2.384916052530246,0.06000000000000005,0.06000000000000005,2.2513682517324427,0.2710937970774105,0.06306959124983179,0.9776811003684998,0.01,0.116,8.537968197038785,0.00802836925622086,0.16,0.2770758388907385
/home/nszb/gym/mujoko/models/tilt_recovery_5530_candidates/model_5575.onnx,saturated_-1_vx0.20,saturated,0.2,-1,-3.0,0,5.679265019870511,5.679265019870511,0.38,0.34,1.9810614191147098,0.1672272125234884,0.04776773984832438,0.9710807800292969,0.0023333333333333335,0.028,32.02762305736542,0.005585548656012333,0.11,0.27907351625861
/home/nszb/gym/mujoko/models/tilt_recovery_5530_candidates/model_5575.onnx,saturated_+1_vx0.20,saturated,0.2,1,3.0,0,5.155217542889237,3.1675179487847958,0.54,0.54,1.9014321627982615,0.16067656019903395,0.022459083011739295,0.9691848158836365,0.003,0.036,27.46272385120392,0.0027599907598023265,0.11666666666666667,0.2755781949987096
/home/nszb/gym/mujoko/models/tilt_recovery_5530_candidates/model_5600.onnx,roll_-3_vx0.12,roll,0.12,-1,-3.0,0,2.984820072125241,2.895143499450949,0.06,0.06,2.043799184534509,0.08573768157320565,0.032109353202160615,0.9625494480133057,0.006333333333333333,0.076,8.243469048199271,0.005631445415341438,0.16,0.28113732089493865
/home/nszb/gym/mujoko/models/tilt_recovery_5530_candidates/model_5600.onnx,roll_+3_vx0.12,roll,0.12,1,3.0,0,3.015800905191683,2.038108739489917,0.06,0.06,1.8055897310381976,0.08590606137260172,0.03178377050687497,0.9581746459007263,0.004666666666666666,0.056,8.04511221252123,0.005577882525701865,0.15666666666666668,0.2811093009441266
/home/nszb/gym/mujoko/models/tilt_recovery_5530_candidates/model_5600.onnx,roll_-5_vx0.12,roll,0.12,-1,-5.0,0,4.949333875909838,3.4441101117621704,0.06,0.48,2.0848148030718483,0.08580486032922814,0.031898020579499066,0.9723067879676819,0.008666666666666666,0.1,8.254058525972503,0.005623582295047852,0.15666666666666668,0.2805701701701619
/home/nszb/gym/mujoko/models/tilt_recovery_5530_candidates/model_5600.onnx,roll_+5_vx0.12,roll,0.12,1,5.0,0,4.9635800726981225,2.50521838899136,0.06,0.06,1.7861135211605426,0.0854054269757286,0.0339188230616427,0.9585255980491638,0.008666666666666666,0.104,8.42554446049429,0.00577844982364169,0.15,0.281227506697018
/home/nszb/gym/mujoko/models/tilt_recovery_5530_candidates/model_5600.onnx,roll_-8_vx0.12,roll,0.12,-1,-8.0,0,7.9117923208810685,3.510352638717376,0.1,0.48,2.042083942610149,0.08562423510769646,0.03209620414178708,0.9855562448501587,0.008333333333333331,0.088,8.387957287962113,0.005650510695048555,0.16,0.27981773845629876
/home/nszb/gym/mujoko/models/tilt_recovery_5530_candidates/model_5600.onnx,roll_+8_vx0.12,roll,0.12,1,8.0,0,7.925285124408274,3.467945386948757,0.3,0.28,1.7767083860318003,0.08564738721809476,0.03332919869070769,0.9674551486968994,0.010333333333333332,0.124,8.223624583140559,0.00571786825890311,0.14333333333333334,0.2816954697298056
/home/nszb/gym/mujoko/models/tilt_recovery_5530_candidates/model_5600.onnx,push_-1_vx0.12,push,0.12,-1,-0.0,0,1.9244673056167445,1.9244673056167445,0.06000000000000005,0.06000000000000005,1.9244673056167445,0.09239220758465919,0.0390086652010928,0.9654558300971985,0.002,0.024,8.256286418647642,0.0037257057301253844,0.11,0.28103961922367177
/home/nszb/gym/mujoko/models/tilt_recovery_5530_candidates/model_5600.onnx,push_+1_vx0.12,push,0.12,1,0.0,0,1.7606987505588665,1.7606987505588665,0.06000000000000005,0.06000000000000005,1.7606987505588665,0.08940043563342631,0.029728428355848963,0.9572149515151978,0.003,0.036,8.256286418647642,0.005454893507969969,0.15,0.28103961922367177
/home/nszb/gym/mujoko/models/tilt_recovery_5530_candidates/model_5600.onnx,roll_-3_vx0.20,roll,0.2,-1,-3.0,0,2.988653605782414,2.500394027796914,0.06,0.06,2.276192465022647,0.16270735510972123,0.01919252760376312,0.9541431665420532,0.0003333333333333333,0.004,8.285254791522732,0.0018558760050513283,0.10666666666666667,0.28083166377962754
/home/nszb/gym/mujoko/models/tilt_recovery_5530_candidates/model_5600.onnx,roll_+3_vx0.20,roll,0.2,1,3.0,0,3.011435481712431,2.1407310302401457,0.06,0.06,2.1407310302401457,0.16646900477873222,0.049489663743914517,0.9494184255599976,0.0,0.0,8.165004315601083,0.005929917148397638,0.12333333333333334,0.28056700795198675
/home/nszb/gym/mujoko/models/tilt_recovery_5530_candidates/model_5600.onnx,roll_-5_vx0.20,roll,0.2,-1,-5.0,0,4.942782382743897,3.1868149917842277,0.06,0.46,2.0944093791001217,0.162648376146564,0.019577691980357345,0.9668835401535034,0.002333333333333333,0.024,8.351339001037552,0.0019387747645762633,0.11333333333333333,0.28021025837314745
/home/nszb/gym/mujoko/models/tilt_recovery_5530_candidates/model_5600.onnx,roll_+5_vx0.20,roll,0.2,1,5.0,0,4.954108942972782,1.8426165054997834,0.08,0.06,1.283686845714565,0.16269396766317515,0.01953124449083904,0.9533165693283081,0.0003333333333333333,0.004,8.745622895466388,0.0019344293266584786,0.11666666666666667,0.2806543340647752
/home/nszb/gym/mujoko/models/tilt_recovery_5530_candidates/model_5600.onnx,roll_-8_vx0.20,roll,0.2,-1,-8.0,0,7.9045595118113425,3.8076446926392435,0.1,0.48,1.0794560954110652,0.16262594624338617,0.01938924769639623,0.9808505773544312,0.0029999999999999996,0.024,8.421221316208372,0.0018831760145916936,0.10666666666666667,0.2801088100933906
/home/nszb/gym/mujoko/models/tilt_recovery_5530_candidates/model_5600.onnx,roll_+8_vx0.20,roll,0.2,1,8.0,0,7.915298485489529,2.6617001543375864,0.3,0.26,1.3833707980508554,0.16247020436181156,0.019312556455902363,0.969342052936554,0.0016666666666666666,0.016,8.698231995029513,0.0018576689653606912,0.09666666666666666,0.28080658116020335
/home/nszb/gym/mujoko/models/tilt_recovery_5530_candidates/model_5600.onnx,push_-1_vx0.20,push,0.2,-1,-0.0,0,2.1372838378083476,2.1372838378083476,0.06000000000000005,0.06000000000000005,2.1239299844369293,0.16519422044514312,0.0496116002953771,0.9568672776222229,0.0003333333333333333,0.004,8.542084493685165,0.006183307051441145,0.12,0.28035787904769327
/home/nszb/gym/mujoko/models/tilt_recovery_5530_candidates/model_5600.onnx,push_+1_vx0.20,push,0.2,1,0.0,0,2.04392204435667,1.8832241978849371,0.06000000000000005,0.06000000000000005,2.04392204435667,0.16539702161892542,0.018411177343480092,0.9702134728431702,0.0019999999999999996,0.024,8.542084493685165,0.0018317916534061878,0.1,0.28035787904769327
/home/nszb/gym/mujoko/models/tilt_recovery_5530_candidates/model_5600.onnx,roll_-3_vx0.35,roll,0.35,-1,-3.0,0,2.9857289945436865,2.533708961462678,0.06,0.06,2.6864305626218337,0.27579935718660475,0.06536758708190005,0.9755890369415283,0.006,0.072,8.643119112189025,0.00799714241056094,0.13333333333333333,0.2767843980967444
/home/nszb/gym/mujoko/models/tilt_recovery_5530_candidates/model_5600.onnx,roll_+3_vx0.35,roll,0.35,1,3.0,0,3.0135338272196925,2.4564169013890784,0.26,0.06,2.4035891762143287,0.2762871809689661,0.06711436439581953,0.9765395522117615,0.0036666666666666666,0.044,8.348860059633676,0.008204352382509095,0.13,0.27887887432149755
/home/nszb/gym/mujoko/models/tilt_recovery_5530_candidates/model_5600.onnx,roll_-5_vx0.35,roll,0.35,-1,-5.0,0,4.920648868770714,2.522030730406483,0.26,0.06,2.8532149862892,0.2750612861879407,0.066839049693218,0.9746868014335632,0.006666666666666666,0.08,8.452076909551018,0.00821420106752266,0.14,0.2769930640884865
/home/nszb/gym/mujoko/models/tilt_recovery_5530_candidates/model_5600.onnx,roll_+5_vx0.35,roll,0.35,1,5.0,0,4.950711166443694,2.5080815395671756,0.08,0.06,2.442864618896848,0.27458233766022044,0.06537980474289053,0.9813790321350098,0.005666666666666666,0.064,8.593260942236034,0.0080372531814601,0.13333333333333333,0.27678592296339155
/home/nszb/gym/mujoko/models/tilt_recovery_5530_candidates/model_5600.onnx,roll_-8_vx0.35,roll,0.35,-1,-8.0,0,7.881933490744456,3.044509462276934,0.1,0.46,2.5104122060777794,0.2744532681339493,0.06542135743487798,0.9768071174621582,0.008666666666666666,0.092,8.356823821819734,0.008005970565830026,0.14666666666666667,0.2769965468406197
/home/nszb/gym/mujoko/models/tilt_recovery_5530_candidates/model_5600.onnx,roll_+8_vx0.35,roll,0.35,1,8.0,0,7.911367907472338,2.575277675255258,0.1,0.12,2.575277675255258,0.27542340628776124,0.0670756918648446,0.981723427772522,0.007,0.072,9.074003663741003,0.008241056024280689,0.14,0.2762645122611124
/home/nszb/gym/mujoko/models/tilt_recovery_5530_candidates/model_5600.onnx,push_-1_vx0.35,push,0.35,-1,-0.0,0,4.411370996379904,2.5275393437342166,0.28000000000000025,0.26000000000000023,4.411370996379904,0.2717245752364475,0.0661375387793656,0.97808438539505,0.007999999999999998,0.096,10.652563525664164,0.00837124855318323,0.16,0.27718225076117226
/home/nszb/gym/mujoko/models/tilt_recovery_5530_candidates/model_5600.onnx,push_+1_vx0.35,push,0.35,1,0.0,0,2.3909198321302605,2.3909198321302605,0.06000000000000005,0.06000000000000005,2.3045663617056245,0.2754438788301309,0.06324717686174058,0.97808438539505,0.009999999999999998,0.12,8.484847561370973,0.008029634318582732,0.12,0.27718225076117226
/home/nszb/gym/mujoko/models/tilt_recovery_5530_candidates/model_5600.onnx,saturated_-1_vx0.20,saturated,0.2,-1,-3.0,0,5.706888965110638,5.706888965110638,0.38,0.34,2.053561767983777,0.16768763089743682,0.04865035339112493,0.971150279045105,0.0023333333333333335,0.028,32.02762305736542,0.005780127059750695,0.12,0.2790711553642053
/home/nszb/gym/mujoko/models/tilt_recovery_5530_candidates/model_5600.onnx,saturated_+1_vx0.20,saturated,0.2,1,3.0,0,5.154261662224215,3.213098454621654,0.54,0.54,1.728968158192715,0.16305468559367925,0.02020946354646851,0.9692142009735107,0.002666666666666667,0.032,27.46272385120392,0.0020195872817347776,0.11,0.2755706870846251
/home/nszb/gym/mujoko/models/tilt_recovery_5530_candidates/model_5625.onnx,roll_-3_vx0.12,roll,0.12,-1,-3.0,0,2.984972391770618,2.7577240410050554,0.06,0.06,1.877383519998517,0.08614702678108511,0.032754041440560176,0.9629036784172058,0.006,0.072,8.17247624509795,0.005564961181246098,0.14333333333333334,0.28117565356751406
/home/nszb/gym/mujoko/models/tilt_recovery_5530_candidates/model_5625.onnx,roll_+3_vx0.12,roll,0.12,1,3.0,0,3.0158911083162345,1.933928889437655,0.06,0.06,1.8144544760389978,0.08513862409505334,0.03469783961978194,0.956696629524231,0.004666666666666666,0.056,8.053247701249326,0.005808463877359665,0.14333333333333334,0.28115417823333155
/home/nszb/gym/mujoko/models/tilt_recovery_5530_candidates/model_5625.onnx,roll_-5_vx0.12,roll,0.12,-1,-5.0,0,4.9494813307109835,3.3418818046695047,0.06,0.48,1.9338836537159927,0.08604268924356132,0.03324020840198631,0.9725954532623291,0.007666666666666666,0.088,8.373979563178287,0.005595650700372697,0.14666666666666667,0.2806390023569192
/home/nszb/gym/mujoko/models/tilt_recovery_5530_candidates/model_5625.onnx,roll_+5_vx0.12,roll,0.12,1,5.0,0,4.963840277003728,2.443953805926758,0.06,0.06,1.798803857353896,0.08459268201106665,0.03549564726756936,0.9573364853858948,0.005999999999999999,0.072,8.429851395533651,0.005936299734230616,0.15,0.28124232461729737
/home/nszb/gym/mujoko/models/tilt_recovery_5530_candidates/model_5625.onnx,roll_-8_vx0.12,roll,0.12,-1,-8.0,0,7.912050964816415,3.358789523711163,0.1,0.48,1.87794861728749,0.08547757305104411,0.03350361076671328,0.9856706857681274,0.006999999999999999,0.076,8.382778186911581,0.005718014984954211,0.14666666666666667,0.27988153152846124
/home/nszb/gym/mujoko/models/tilt_recovery_5530_candidates/model_5625.onnx,roll_+8_vx0.12,roll,0.12,1,8.0,0,7.925669069723017,3.47283473355219,0.3,0.28,1.8163655018445304,0.08600978797442695,0.03328060090732938,0.9666725397109985,0.008333333333333331,0.1,8.714345228240337,0.005598426711282721,0.14666666666666667,0.281741302090411
/home/nszb/gym/mujoko/models/tilt_recovery_5530_candidates/model_5625.onnx,push_-1_vx0.12,push,0.12,-1,-0.0,0,2.317726292766247,2.317726292766247,0.06000000000000005,0.06000000000000005,2.013488564930524,0.09288270192905156,0.04006614142199713,0.9650824069976807,0.0026666666666666666,0.032,8.257989630719964,0.0038223944071782865,0.11,0.2809810021329132
/home/nszb/gym/mujoko/models/tilt_recovery_5530_candidates/model_5625.onnx,push_+1_vx0.12,push,0.12,1,0.0,0,1.9645365442675822,1.9645365442675822,0.06000000000000005,0.06000000000000005,1.7895526469647312,0.09280230674067218,0.03966646667626505,0.9545113444328308,0.002,0.024,8.257989630719964,0.0037989839162568427,0.11,0.2809810021329132
/home/nszb/gym/mujoko/models/tilt_recovery_5530_candidates/model_5625.onnx,roll_-3_vx0.20,roll,0.2,-1,-3.0,0,2.988811966021396,2.2675227614191025,0.06,0.06,2.1949706437033023,0.16385285160488,0.018797331373860478,0.9545908570289612,0.0003333333333333333,0.004,8.31550112728745,0.0017518031879631749,0.09666666666666666,0.2808506471797623
/home/nszb/gym/mujoko/models/tilt_recovery_5530_candidates/model_5625.onnx,roll_+3_vx0.20,roll,0.2,1,3.0,0,3.0115172738255107,2.1820572620318752,0.06,0.06,2.1820572620318752,0.16755824909869033,0.04865938681571817,0.9495700597763062,0.0,0.0,8.158208333987096,0.005744453576272376,0.12,0.2805962428454742
/home/nszb/gym/mujoko/models/tilt_recovery_5530_candidates/model_5625.onnx,roll_-5_vx0.20,roll,0.2,-1,-5.0,0,4.942928862667607,3.060231100797072,0.06,0.46,2.018581167651868,0.1633349053204149,0.01902397351344782,0.9672171473503113,0.0026666666666666666,0.028,8.329098973674043,0.0017736813856888542,0.09666666666666666,0.2802311539803752
/home/nszb/gym/mujoko/models/tilt_recovery_5530_candidates/model_5625.onnx,roll_+5_vx0.20,roll,0.2,1,5.0,0,4.9541959570606835,1.7969509534023616,0.08,0.06,1.232939826933921,0.16380264488200935,0.018686564716221994,0.9535752534866333,0.0006666666666666666,0.008,8.739778057967776,0.001724422180691179,0.09666666666666666,0.28067540876879293
/home/nszb/gym/mujoko/models/tilt_recovery_5530_candidates/model_5625.onnx,roll_-8_vx0.20,roll,0.2,-1,-8.0,0,7.90481743696879,3.6764328330167855,0.1,0.48,1.1277350255388257,0.16335276064259266,0.01901862451753129,0.9809958934783936,0.0029999999999999996,0.024,8.394869563673396,0.0017700520103530308,0.09666666666666666,0.2801719162426981
/home/nszb/gym/mujoko/models/tilt_recovery_5530_candidates/model_5625.onnx,roll_+8_vx0.20,roll,0.2,1,8.0,0,7.915482530884748,2.6453634727149513,0.3,0.26,1.3382159463941894,0.1637067034425399,0.018726061650291198,0.9687499403953552,0.0019999999999999996,0.02,8.70962363069448,0.0017419411392634544,0.09666666666666666,0.2808166706813424
/home/nszb/gym/mujoko/models/tilt_recovery_5530_candidates/model_5625.onnx,push_-1_vx0.20,push,0.2,-1,-0.0,0,2.273532904168584,2.1764974393348693,0.06000000000000005,0.06000000000000005,2.1764974393348693,0.16764397132397574,0.04677597884214795,0.9570885300636292,0.0003333333333333333,0.004,8.536252791913633,0.005695266761934628,0.12,0.2803877384819161
/home/nszb/gym/mujoko/models/tilt_recovery_5530_candidates/model_5625.onnx,push_+1_vx0.20,push,0.2,1,0.0,0,2.247640791099558,2.137415058440257,0.06000000000000005,0.06000000000000005,2.247640791099558,0.16568460596771006,0.018712263510131468,0.9707226753234863,0.003,0.032,8.536252791913633,0.0018182231613389874,0.1,0.2803877384819161
/home/nszb/gym/mujoko/models/tilt_recovery_5530_candidates/model_5625.onnx,roll_-3_vx0.35,roll,0.35,-1,-3.0,0,2.9859069058133163,2.5024644359244084,0.06,0.06,2.6273160202453485,0.27481527499828484,0.06557631397244182,0.9757745265960693,0.005666666666666666,0.068,8.644279090818948,0.007941547376309024,0.13333333333333333,0.27681385454184676
/home/nszb/gym/mujoko/models/tilt_recovery_5530_candidates/model_5625.onnx,roll_+3_vx0.35,roll,0.35,1,3.0,0,3.013568267578918,2.4701902303166854,0.26,0.06,2.4701902303166854,0.27597878121148495,0.06628149435189347,0.9763917922973633,0.003666666666666666,0.044,8.325855781957667,0.008091846919202634,0.14,0.2788320874624535
/home/nszb/gym/mujoko/models/tilt_recovery_5530_candidates/model_5625.onnx,roll_-5_vx0.35,roll,0.35,-1,-5.0,0,4.920839026412971,2.492198973768681,0.26,0.06,2.8126932158601385,0.2753192835756263,0.06690512094909633,0.9745341539382935,0.007333333333333333,0.088,8.477740749203708,0.008101091533943868,0.14,0.2770352473141367
/home/nszb/gym/mujoko/models/tilt_recovery_5530_candidates/model_5625.onnx,roll_+5_vx0.35,roll,0.35,1,5.0,0,4.950760466974886,2.5101194518231704,0.08,0.06,2.4630481273694422,0.27572761380574295,0.06685095366156953,0.9814047813415527,0.004999999999999999,0.06,8.805892198180363,0.008143293899404767,0.14,0.27688696621809367
/home/nszb/gym/mujoko/models/tilt_recovery_5530_candidates/model_5625.onnx,roll_-8_vx0.35,roll,0.35,-1,-8.0,0,7.88231620788552,2.9410011196421184,0.1,0.24,2.4229696821373397,0.2761800927927819,0.06735521688552538,0.9767270088195801,0.007999999999999998,0.084,8.324452553591348,0.00814829051554219,0.14,0.277065854296411
/home/nszb/gym/mujoko/models/tilt_recovery_5530_candidates/model_5625.onnx,roll_+8_vx0.35,roll,0.35,1,8.0,0,7.911505279227356,2.5096377857275565,0.1,0.24,2.5096377857275565,0.2772962205179237,0.06705172419497711,0.9816920757293701,0.006,0.064,9.025784549385726,0.008119764701029925,0.12666666666666668,0.276253939058145
/home/nszb/gym/mujoko/models/tilt_recovery_5530_candidates/model_5625.onnx,push_-1_vx0.35,push,0.35,-1,-0.0,0,4.258080483665651,2.388219228919691,0.28000000000000025,0.26000000000000023,4.258080483665651,0.27497211364806873,0.06326819175844435,0.9781466722488403,0.008,0.096,9.809729133337783,0.007956781519965771,0.13,0.2771975773065842
/home/nszb/gym/mujoko/models/tilt_recovery_5530_candidates/model_5625.onnx,push_+1_vx0.35,push,0.35,1,0.0,0,2.47832827637067,2.47832827637067,0.06000000000000005,0.06000000000000005,2.3138538105334554,0.2718465483753094,0.06581627503133015,0.9781466722488403,0.009333333333333334,0.112,8.523826002117517,0.008211909692005779,0.14,0.2771975773065842
/home/nszb/gym/mujoko/models/tilt_recovery_5530_candidates/model_5625.onnx,saturated_-1_vx0.20,saturated,0.2,-1,-3.0,0,5.765930847292926,5.765930847292926,0.38,0.36,1.953984925917597,0.16857079052979282,0.04820775592522882,0.9712635278701782,0.0023333333333333335,0.028,32.02762305736542,0.005617384780623452,0.11666666666666667,0.27906664070239007
/home/nszb/gym/mujoko/models/tilt_recovery_5530_candidates/model_5625.onnx,saturated_+1_vx0.20,saturated,0.2,1,3.0,0,5.154379179474434,3.1568788855371754,0.54,0.54,1.629695061630304,0.16846596331088973,0.01955554847574057,0.9693589806556702,0.0023333333333333335,0.028,27.46272385120392,0.001882810407809378,0.08,0.2755688448538064
/home/nszb/gym/mujoko/models/tilt_recovery_5530_candidates/model_5650.onnx,roll_-3_vx0.12,roll,0.12,-1,-3.0,0,2.9858594578054305,2.5923590444382185,0.06,0.06,1.8280467754955139,0.08500711693650892,0.03468791659380289,0.9630142450332642,0.005,0.06,8.16591563733931,0.005626863086964804,0.12666666666666668,0.28118021086476963
/home/nszb/gym/mujoko/models/tilt_recovery_5530_candidates/model_5650.onnx,roll_+3_vx0.12,roll,0.12,1,3.0,0,3.0151771617393663,1.7073786200331142,0.06,0.06,1.7073786200331142,0.08579438722005363,0.034401318511000256,0.9534715414047241,0.0036666666666666666,0.044,8.045909638431706,0.005476772003391438,0.13333333333333333,0.2810444885019015
/home/nszb/gym/mujoko/models/tilt_recovery_5530_candidates/model_5650.onnx,roll_-5_vx0.12,roll,0.12,-1,-5.0,0,4.950496954901674,3.2601312094173838,0.06,0.48,1.8419415377470802,0.08523373253830188,0.03528106503872074,0.9727060198783875,0.008,0.092,8.261956097416977,0.005622220967630772,0.13,0.28065681664472464
/home/nszb/gym/mujoko/models/tilt_recovery_5530_candidates/model_5650.onnx,roll_+5_vx0.12,roll,0.12,1,5.0,0,4.963143378091384,2.3900334791364,0.06,0.06,1.7075170181278985,0.08560096956776951,0.03326626502595528,0.9530553221702576,0.0023333333333333335,0.028,8.422359415100637,0.005455836651211556,0.12666666666666668,0.2812087973312058
/home/nszb/gym/mujoko/models/tilt_recovery_5530_candidates/model_5650.onnx,roll_-8_vx0.12,roll,0.12,-1,-8.0,0,7.913162119830159,3.1630177313144863,0.1,0.48,1.8028169682941464,0.08593401768192682,0.03188971265024445,0.9858002662658691,0.004333333333333333,0.044,8.257844003045168,0.005303676309491124,0.14,0.2798752373127903
/home/nszb/gym/mujoko/models/tilt_recovery_5530_candidates/model_5650.onnx,roll_+8_vx0.12,roll,0.12,1,8.0,0,7.9250648182224515,3.410189498211242,0.3,0.28,1.640983476682838,0.08602898606407608,0.03216724026463503,0.9668501615524292,0.0036666666666666666,0.044,8.706857724566131,0.005298826337812354,0.13666666666666666,0.28171747775119055
/home/nszb/gym/mujoko/models/tilt_recovery_5530_candidates/model_5650.onnx,push_-1_vx0.12,push,0.12,-1,-0.0,0,1.9898701362705902,1.9898701362705902,0.06000000000000005,0.06000000000000005,1.9898701362705902,0.09229525692651397,0.03928913991547609,0.964876115322113,0.001,0.012,8.252513699376227,0.003653211978487152,0.11,0.28099478193045624
/home/nszb/gym/mujoko/models/tilt_recovery_5530_candidates/model_5650.onnx,push_+1_vx0.12,push,0.12,1,0.0,0,1.998106407627462,1.998106407627462,0.06000000000000005,0.06000000000000005,1.8747609976152084,0.09192801643048006,0.03999621850281913,0.9511587023735046,0.0003333333333333333,0.004,8.252513699376227,0.0037807010466588634,0.11,0.28099478193045624
/home/nszb/gym/mujoko/models/tilt_recovery_5530_candidates/model_5650.onnx,roll_-3_vx0.20,roll,0.2,-1,-3.0,0,2.989662149042333,2.2047577212752905,0.06,0.06,2.0521068714743183,0.16208734329318286,0.019585979763947804,0.9546152353286743,0.0006666666666666666,0.008,8.284535720549961,0.001789366613867068,0.09666666666666666,0.28086435961776124
/home/nszb/gym/mujoko/models/tilt_recovery_5530_candidates/model_5650.onnx,roll_+3_vx0.20,roll,0.2,1,3.0,0,3.0108673827829397,2.1242364946666195,0.06,0.06,2.1242364946666195,0.16577467248461994,0.0500684532253211,0.9510862231254578,0.0006666666666666666,0.004,8.144702132126937,0.005879264029904575,0.12,0.2805244034660873
/home/nszb/gym/mujoko/models/tilt_recovery_5530_candidates/model_5650.onnx,roll_-5_vx0.20,roll,0.2,-1,-5.0,0,4.943980729906126,2.851838478797695,0.06,0.06,1.8899514604480752,0.16208634137052016,0.019589790087666228,0.9672634601593018,0.003333333333333333,0.036,8.304766788419954,0.001790135038585236,0.09666666666666666,0.2803053738364753
/home/nszb/gym/mujoko/models/tilt_recovery_5530_candidates/model_5650.onnx,roll_+5_vx0.20,roll,0.2,1,5.0,0,4.953579979835687,2.074145604274994,0.08,0.06,2.0607050148681267,0.1665338434076193,0.04391843751030467,0.9543943405151367,0.001,0.012,8.717024817477718,0.005101154310918288,0.09666666666666666,0.28061927042387314
/home/nszb/gym/mujoko/models/tilt_recovery_5530_candidates/model_5650.onnx,roll_-8_vx0.20,roll,0.2,-1,-8.0,0,7.905967462176881,3.513355572611884,0.1,0.46,1.026370829800324,0.16221461269646936,0.01944480001654746,0.9811769723892212,0.0029999999999999996,0.024,8.316399875193923,0.0017804461317106669,0.09666666666666666,0.28023987300724235
/home/nszb/gym/mujoko/models/tilt_recovery_5530_candidates/model_5650.onnx,roll_+8_vx0.20,roll,0.2,1,8.0,0,7.91495061487663,2.640640683131975,0.3,0.26,2.14702626402445,0.16668487808836213,0.044589946718108564,0.9691531658172607,0.0019999999999999996,0.02,8.697668780425877,0.005150938979337783,0.10666666666666667,0.2808841329236257
/home/nszb/gym/mujoko/models/tilt_recovery_5530_candidates/model_5650.onnx,push_-1_vx0.20,push,0.2,-1,-0.0,0,2.2035556329022166,2.2035556329022166,0.06000000000000005,0.06000000000000005,2.017169163796691,0.16515364772789884,0.050298057213005745,0.9579465389251709,0.0003333333333333333,0.004,8.516065167340498,0.0061564271149282725,0.12,0.2803423979763644
/home/nszb/gym/mujoko/models/tilt_recovery_5530_candidates/model_5650.onnx,push_+1_vx0.20,push,0.2,1,0.0,0,2.1303333162424978,1.906571452127902,0.06000000000000005,0.06000000000000005,2.1303333162424978,0.1677831621537923,0.01723088596915981,0.9724511504173279,0.003999999999999999,0.04,8.516065167340498,0.0016786865981690347,0.08,0.2803423979763644
/home/nszb/gym/mujoko/models/tilt_recovery_5530_candidates/model_5650.onnx,roll_-3_vx0.35,roll,0.35,-1,-3.0,0,2.986617157870786,2.488430385005777,0.06,0.06,2.472584869269308,0.2755952224205006,0.06663902344234114,0.9760991334915161,0.006333333333333333,0.072,8.64649940532511,0.007969255618152897,0.13333333333333333,0.2769305336488505
/home/nszb/gym/mujoko/models/tilt_recovery_5530_candidates/model_5650.onnx,roll_+3_vx0.35,roll,0.35,1,3.0,0,3.013024087567681,2.391478264334205,0.26,0.06,2.391478264334205,0.2749173597212436,0.0649396832784317,0.9764322638511658,0.004,0.048,8.311326699120237,0.007785789436478203,0.13666666666666666,0.2788099977749545
/home/nszb/gym/mujoko/models/tilt_recovery_5530_candidates/model_5650.onnx,roll_-5_vx0.35,roll,0.35,-1,-5.0,0,4.921918399018184,2.450243362044527,0.26,0.06,2.811905386353122,0.2765076680295872,0.06680142734187203,0.9745675921440125,0.006999999999999999,0.084,8.547753683399879,0.00802366449787158,0.13666666666666666,0.2770008742733224
/home/nszb/gym/mujoko/models/tilt_recovery_5530_candidates/model_5650.onnx,roll_+5_vx0.35,roll,0.35,1,5.0,0,4.950257889671928,2.512036354902743,0.08,0.06,2.4540943157608286,0.27680264610321464,0.06576595246611674,0.9806410074234009,0.004999999999999999,0.06,8.804589005462336,0.007890077449112569,0.12666666666666668,0.2770293713028996
/home/nszb/gym/mujoko/models/tilt_recovery_5530_candidates/model_5650.onnx,roll_-8_vx0.35,roll,0.35,-1,-8.0,0,7.883796847503355,2.754316158296778,0.1,0.24,2.394950985535597,0.27538288520881177,0.06649086268875241,0.9763943552970886,0.009,0.096,8.316393204952865,0.007953669586159909,0.12666666666666668,0.2771836554364523
/home/nszb/gym/mujoko/models/tilt_recovery_5530_candidates/model_5650.onnx,roll_+8_vx0.35,roll,0.35,1,8.0,0,7.911082800638,2.480780376437335,0.26,0.24,2.480780376437335,0.2754894764300122,0.06562482041508297,0.9816688895225525,0.006999999999999999,0.072,9.141531158424035,0.007869336332794664,0.13666666666666666,0.2764676762244717
/home/nszb/gym/mujoko/models/tilt_recovery_5530_candidates/model_5650.onnx,push_-1_vx0.35,push,0.35,-1,-0.0,0,4.292717132096047,2.484397612264465,0.28000000000000025,0.26000000000000023,4.292717132096047,0.2743483566877211,0.06576863344553883,0.9782806634902954,0.007333333333333333,0.088,10.313534904236624,0.008102644582815335,0.15,0.2771835690451734
/home/nszb/gym/mujoko/models/tilt_recovery_5530_candidates/model_5650.onnx,push_+1_vx0.35,push,0.35,1,0.0,0,2.463296091454228,2.463296091454228,0.06000000000000005,0.06000000000000005,2.463296091454228,0.2734832818522155,0.06671924317271141,0.9782806634902954,0.009666666666666665,0.112,8.487571782645173,0.008359387800079955,0.15,0.2771835690451734
/home/nszb/gym/mujoko/models/tilt_recovery_5530_candidates/model_5650.onnx,saturated_-1_vx0.20,saturated,0.2,-1,-3.0,0,5.964185333874564,5.964185333874564,0.38,0.36,1.997401566426598,0.16697151803073088,0.04916287941591422,0.971317708492279,0.0023333333333333335,0.028,32.02762305736542,0.005754281993866573,0.12,0.2790481246806132
/home/nszb/gym/mujoko/models/tilt_recovery_5530_candidates/model_5650.onnx,saturated_+1_vx0.20,saturated,0.2,1,3.0,0,5.152989493889246,2.8269881604317817,0.34,0.14,2.1447764122880812,0.16773311158874957,0.04644964333371153,0.9724525213241577,0.0023333333333333335,0.028,27.46272385120392,0.005351414352944695,0.09333333333333334,0.2755632912500656
/home/nszb/gym/mujoko/models/tilt_recovery_5530_candidates/model_5675.onnx,roll_-3_vx0.12,roll,0.12,-1,-3.0,0,2.986044720417147,2.444791673968011,0.06,0.06,1.7411355227006675,0.08565510020553664,0.03109701782462763,0.9628974199295044,0.0026666666666666666,0.032,8.09918137675869,0.00507790775745172,0.13333333333333333,0.2811017827952303
/home/nszb/gym/mujoko/models/tilt_recovery_5530_candidates/model_5675.onnx,roll_+3_vx0.12,roll,0.12,1,3.0,0,3.015221687131222,1.7171597983577098,0.06,0.06,1.7171597983577098,0.08647563198057492,0.029173846648722482,0.9503529071807861,0.0003333333333333333,0.004,8.03300695994918,0.004852314317410887,0.12333333333333334,0.28091639352033904
/home/nszb/gym/mujoko/models/tilt_recovery_5530_candidates/model_5675.onnx,roll_-5_vx0.12,roll,0.12,-1,-5.0,0,4.951054340608313,3.1247477005193183,0.06,0.48,1.7427562162099959,0.08568183865400968,0.03205411916288979,0.9727488160133362,0.005,0.056,8.240902221686186,0.0051468781337385035,0.14,0.28056569937369263
/home/nszb/gym/mujoko/models/tilt_recovery_5530_candidates/model_5675.onnx,roll_+5_vx0.12,roll,0.12,1,5.0,0,4.963394887278539,2.393651621956191,0.06,0.06,1.7454264697976631,0.08590964126195696,0.031726621670794736,0.9552826881408691,0.004,0.048,8.421857506808905,0.0051224508822211,0.13666666666666666,0.28111688064935353
/home/nszb/gym/mujoko/models/tilt_recovery_5530_candidates/model_5675.onnx,roll_-8_vx0.12,roll,0.12,-1,-8.0,0,7.913827484095983,2.8954645853552567,0.1,0.1,1.7404229784450884,0.0856602795104364,0.031088487037369023,0.9858515858650208,0.004333333333333333,0.044,8.20334979066104,0.005077106956871121,0.13333333333333333,0.2798543922029173
/home/nszb/gym/mujoko/models/tilt_recovery_5530_candidates/model_5675.onnx,roll_+8_vx0.12,roll,0.12,1,8.0,0,7.925439228273723,3.386857953470392,0.3,0.28,1.7170172365189083,0.08646910757981256,0.02917967610430208,0.967174232006073,0.0019999999999999996,0.024,8.19979883784176,0.004853811941916315,0.12333333333333334,0.28159879649447306
/home/nszb/gym/mujoko/models/tilt_recovery_5530_candidates/model_5675.onnx,push_-1_vx0.12,push,0.12,-1,-0.0,0,2.3965398057422185,2.3965398057422185,0.06000000000000005,0.06000000000000005,2.105456423987827,0.0913161018186758,0.04063347503305487,0.9649654626846313,0.0006666666666666666,0.008,8.241323826147902,0.003749959701872444,0.11,0.2808700931336022
/home/nszb/gym/mujoko/models/tilt_recovery_5530_candidates/model_5675.onnx,push_+1_vx0.12,push,0.12,1,0.0,0,2.0710144310364713,2.0710144310364713,0.06000000000000005,0.06000000000000005,2.0710144310364713,0.08943131203528538,0.04684118430952082,0.9453005790710449,0.0,0.0,8.241323826147902,0.004754448240537417,0.12,0.2808700931336022
/home/nszb/gym/mujoko/models/tilt_recovery_5530_candidates/model_5675.onnx,roll_-3_vx0.20,roll,0.2,-1,-3.0,0,2.9897759174618637,2.1232011772138857,0.06,0.06,2.1232011772138857,0.16529949450968115,0.05141656905977621,0.9545435309410095,0.0013333333333333333,0.016,8.275167509054093,0.005935817342578771,0.12666666666666668,0.2807667473375961
/home/nszb/gym/mujoko/models/tilt_recovery_5530_candidates/model_5675.onnx,roll_+3_vx0.20,roll,0.2,1,3.0,0,3.0109815241019224,2.0820786769590813,0.06,0.06,2.069156852761815,0.16694919062880031,0.04741732936708576,0.9533312916755676,0.0003333333333333333,0.004,8.118436605636624,0.005417259627049556,0.11333333333333333,0.28041480994499796
/home/nszb/gym/mujoko/models/tilt_recovery_5530_candidates/model_5675.onnx,roll_-5_vx0.20,roll,0.2,-1,-5.0,0,4.944476446958648,2.8300889102205837,0.06,0.06,2.002807145504014,0.16633132157940855,0.04509521675362604,0.9675411581993103,0.0026666666666666666,0.028,8.342995306300745,0.0051627519183357045,0.11333333333333333,0.2802689459610865
/home/nszb/gym/mujoko/models/tilt_recovery_5530_candidates/model_5675.onnx,roll_+5_vx0.20,roll,0.2,1,5.0,0,4.953987102457462,2.1164019152175975,0.08,0.06,2.06323095281012,0.16524737290628286,0.05092382420853562,0.9555672407150269,0.001,0.012,8.728519416510416,0.005890213505953103,0.11333333333333333,0.28062631628543505
/home/nszb/gym/mujoko/models/tilt_recovery_5530_candidates/model_5675.onnx,roll_-8_vx0.20,roll,0.2,-1,-8.0,0,7.906575798150829,3.3450589577537033,0.1,0.48,2.2127368468020516,0.16528008721874698,0.05109887263486127,0.981286346912384,0.003333333333333333,0.032,8.25346845243662,0.005912905321633774,0.11333333333333333,0.28018033408877224
/home/nszb/gym/mujoko/models/tilt_recovery_5530_candidates/model_5675.onnx,roll_+8_vx0.20,roll,0.2,1,8.0,0,7.915475574017369,2.6389751838489963,0.3,0.26,2.200330399746201,0.1662981450290804,0.04959351625945408,0.9695232510566711,0.0016666666666666666,0.016,8.708871172580148,0.005708721204611518,0.12,0.2807617233997096
/home/nszb/gym/mujoko/models/tilt_recovery_5530_candidates/model_5675.onnx,push_-1_vx0.20,push,0.2,-1,-0.0,0,2.200019871663013,2.200019871663013,0.06000000000000005,0.06000000000000005,2.1199417531307705,0.16450543162673778,0.05082778119688692,0.9580647349357605,0.0003333333333333333,0.004,8.491771072350403,0.006138400846309682,0.11,0.28023961563504257
/home/nszb/gym/mujoko/models/tilt_recovery_5530_candidates/model_5675.onnx,push_+1_vx0.20,push,0.2,1,0.0,0,2.058217533300439,2.014976293085278,0.06000000000000005,0.06000000000000005,2.058217533300439,0.16752414708113877,0.039575592643990826,0.9723602533340454,0.003333333333333333,0.036,8.491771072350403,0.004727313448743686,0.09,0.28023961563504257
/home/nszb/gym/mujoko/models/tilt_recovery_5530_candidates/model_5675.onnx,roll_-3_vx0.35,roll,0.35,-1,-3.0,0,2.986648653852261,2.5189866997816397,0.06,0.06,2.5142076256143024,0.27627792251342803,0.06667473853494421,0.9761597514152527,0.005666666666666666,0.064,8.64404146142316,0.007963583395334439,0.13333333333333333,0.2768777047870577
/home/nszb/gym/mujoko/models/tilt_recovery_5530_candidates/model_5675.onnx,roll_+3_vx0.35,roll,0.35,1,3.0,0,3.0131840026489827,2.53582124144738,0.06,0.06,2.5319939381323957,0.27601093962707696,0.06642705349922771,0.9759689569473267,0.0026666666666666666,0.032,8.339526118849804,0.007866497551585482,0.13,0.27911092878960164
/home/nszb/gym/mujoko/models/tilt_recovery_5530_candidates/model_5675.onnx,roll_-5_vx0.35,roll,0.35,-1,-5.0,0,4.922189991518278,2.4713419300650834,0.26,0.06,2.770558752689894,0.2774519430859229,0.06611514432520633,0.9740948677062988,0.005666666666666666,0.068,8.579357483099239,0.007853660905919296,0.14666666666666667,0.27695415110595223
/home/nszb/gym/mujoko/models/tilt_recovery_5530_candidates/model_5675.onnx,roll_+5_vx0.35,roll,0.35,1,5.0,0,4.950789041530187,2.4468854941930296,0.08,0.06,2.4468854941930296,0.2770138515835686,0.06685831256152928,0.9811652302742004,0.005333333333333333,0.06,8.522365294291511,0.00794010153819237,0.12666666666666668,0.27661242212142423
/home/nszb/gym/mujoko/models/tilt_recovery_5530_candidates/model_5675.onnx,roll_-8_vx0.35,roll,0.35,-1,-8.0,0,7.884039695567598,2.6469678154729563,0.1,0.26,2.507705241929796,0.27729417275826185,0.06603074554008231,0.97688889503479,0.007999999999999998,0.084,8.319585082182291,0.007877906233547775,0.11666666666666667,0.2771383493090275
/home/nszb/gym/mujoko/models/tilt_recovery_5530_candidates/model_5675.onnx,roll_+8_vx0.35,roll,0.35,1,8.0,0,7.911721024086289,2.5183618266744077,0.26,0.24,2.5047171062918734,0.27671364544783594,0.06675564766804565,0.9814878106117249,0.006666666666666666,0.064,9.121994525997026,0.007937393057166519,0.12333333333333334,0.2762216812044148
/home/nszb/gym/mujoko/models/tilt_recovery_5530_candidates/model_5675.onnx,push_-1_vx0.35,push,0.35,-1,-0.0,0,4.30979356934313,2.4064722642690564,0.28000000000000025,0.26000000000000023,4.30979356934313,0.27321630777397193,0.06602513399320965,0.9783270955085754,0.006333333333333333,0.076,9.807959452407667,0.008040163771265459,0.15,0.2771642092539303
/home/nszb/gym/mujoko/models/tilt_recovery_5530_candidates/model_5675.onnx,push_+1_vx0.35,push,0.35,1,0.0,0,2.474036507862437,2.474036507862437,0.06000000000000005,0.06000000000000005,2.3993200007127515,0.2759538067688691,0.06618346490182998,0.9783270955085754,0.010666666666666666,0.124,8.462943174219543,0.008110049274046717,0.12,0.2771642092539303
/home/nszb/gym/mujoko/models/tilt_recovery_5530_candidates/model_5675.onnx,saturated_-1_vx0.20,saturated,0.2,-1,-3.0,0,6.007301325875365,6.007301325875365,0.38,0.36,2.132103892520764,0.16624462477166163,0.05063295283802594,0.97135990858078,0.0023333333333333335,0.028,32.02762305736542,0.005791470575089376,0.11666666666666667,0.2790264162744749
/home/nszb/gym/mujoko/models/tilt_recovery_5530_candidates/model_5675.onnx,saturated_+1_vx0.20,saturated,0.2,1,3.0,0,5.151429392217679,2.712662884392449,0.18,0.14,2.0184199967004135,0.16711665165040282,0.049575760045084856,0.9731475114822388,0.0023333333333333335,0.028,27.46272385120392,0.005665745347862524,0.11,0.27555492450599023
/home/nszb/gym/mujoko/models/tilt_recovery_5530_candidates/model_5700.onnx,roll_-3_vx0.12,roll,0.12,-1,-3.0,0,2.9863265549561326,2.420745851404942,0.06,0.06,1.4292244996255352,0.08641501705886577,0.02800076264303597,0.9631226062774658,0.001,0.012,8.100035031773254,0.004693309697219586,0.11666666666666667,0.2811243706491243
/home/nszb/gym/mujoko/models/tilt_recovery_5530_candidates/model_5700.onnx,roll_+3_vx0.12,roll,0.12,1,3.0,0,3.0150475686883107,1.9965471239808317,0.06,0.06,1.897228400032751,0.09193265472873509,0.04238848468378646,0.941310465335846,0.0,0.0,8.044488032290799,0.0037872762133912257,0.11666666666666667,0.28093931915722203
/home/nszb/gym/mujoko/models/tilt_recovery_5530_candidates/model_5700.onnx,roll_-5_vx0.12,roll,0.12,-1,-5.0,0,4.951336752632121,3.0213541764683587,0.06,0.46,1.218150158145925,0.08637755642334524,0.028029171523996355,0.9728801846504211,0.002333333333333333,0.024,8.215831361240857,0.004697882604675124,0.11666666666666667,0.2805921726987628
/home/nszb/gym/mujoko/models/tilt_recovery_5530_candidates/model_5700.onnx,roll_+5_vx0.12,roll,0.12,1,5.0,0,4.9631720977420075,2.387444946608079,0.06,0.06,1.3836159527444567,0.08639766373270003,0.028024970894496484,0.9520587921142578,0.0003333333333333333,0.004,8.429600117072534,0.004695334343390784,0.11666666666666667,0.2811647660317433
/home/nszb/gym/mujoko/models/tilt_recovery_5530_candidates/model_5700.onnx,roll_-8_vx0.12,roll,0.12,-1,-8.0,0,7.914160306764262,2.876717000228847,0.1,0.1,1.2921449369271916,0.08639591977187758,0.028026528704912033,0.9859482645988464,0.003333333333333333,0.032,8.225987399220339,0.00469571590944114,0.11666666666666667,0.27987453027387155
/home/nszb/gym/mujoko/models/tilt_recovery_5530_candidates/model_5700.onnx,roll_+8_vx0.12,roll,0.12,1,8.0,0,7.925275168000319,3.4136953181838123,0.3,0.28,1.5777508609612605,0.08630603693911001,0.028466775923891918,0.9668093323707581,0.004,0.048,8.610846947737903,0.004685175152217512,0.11666666666666667,0.2819056104303819
/home/nszb/gym/mujoko/models/tilt_recovery_5530_candidates/model_5700.onnx,push_-1_vx0.12,push,0.12,-1,-0.0,0,2.068737072033809,2.068737072033809,0.06000000000000005,0.06000000000000005,2.068737072033809,0.08929602832910127,0.04699407493691722,0.9655611515045166,0.0006666666666666666,0.008,8.253713989042016,0.004687132565143525,0.12,0.28088421888381115
/home/nszb/gym/mujoko/models/tilt_recovery_5530_candidates/model_5700.onnx,push_+1_vx0.12,push,0.12,1,0.0,0,2.294238554863934,2.294238554863934,0.06000000000000005,0.06000000000000005,2.294238554863934,0.09024758871618001,0.04489469001022993,0.9448012709617615,0.0,0.0,8.253713989042016,0.004333319245244076,0.12,0.28088421888381115
/home/nszb/gym/mujoko/models/tilt_recovery_5530_candidates/model_5700.onnx,roll_-3_vx0.20,roll,0.2,-1,-3.0,0,2.990048349395779,2.1141250070919395,0.06,0.06,1.9703423704434517,0.1664861039499831,0.04822592513097415,0.9549837708473206,0.0013333333333333333,0.016,8.287201312523969,0.005441482083365996,0.11,0.28079018038948234
/home/nszb/gym/mujoko/models/tilt_recovery_5530_candidates/model_5700.onnx,roll_+3_vx0.20,roll,0.2,1,3.0,0,3.0108594469421743,2.231458252353721,0.06,0.06,2.231458252353721,0.16508985915529592,0.05210841022454316,0.9549843072891235,0.0006666666666666666,0.004,8.120700835728293,0.005937429100042731,0.13,0.2804612965476994
/home/nszb/gym/mujoko/models/tilt_recovery_5530_candidates/model_5700.onnx,roll_-5_vx0.20,roll,0.2,-1,-5.0,0,4.944695400798056,2.728041132098669,0.06,0.06,2.1602705533875812,0.16620477232431496,0.04899703904392047,0.9677942395210266,0.004,0.04,8.354193863311684,0.005541200372577232,0.12333333333333334,0.2803108346908421
/home/nszb/gym/mujoko/models/tilt_recovery_5530_candidates/model_5700.onnx,roll_+5_vx0.20,roll,0.2,1,5.0,0,4.953788067465255,2.1814575967267427,0.08,0.06,2.1814575967267427,0.1660831352126438,0.049569614944670735,0.9559654593467712,0.0016666666666666666,0.02,8.719729845556687,0.005592412252788743,0.11666666666666667,0.2806712741488692
/home/nszb/gym/mujoko/models/tilt_recovery_5530_candidates/model_5700.onnx,roll_-8_vx0.20,roll,0.2,-1,-8.0,0,7.9068412951547336,3.2229394674794585,0.1,0.48,2.2048377884911123,0.16514144187574786,0.051709906794981324,0.9814460873603821,0.004333333333333333,0.044,8.263082762180419,0.005886776279380497,0.12666666666666668,0.28021392404218337
/home/nszb/gym/mujoko/models/tilt_recovery_5530_candidates/model_5700.onnx,roll_+8_vx0.20,roll,0.2,1,8.0,0,7.915296202926004,2.8095047087880216,0.3,0.26,2.16044427464598,0.16554655029511872,0.05056192969793626,0.9691462516784668,0.0026666666666666666,0.024,8.683078378980523,0.005729208591822781,0.12,0.28085248484044484
/home/nszb/gym/mujoko/models/tilt_recovery_5530_candidates/model_5700.onnx,push_-1_vx0.20,push,0.2,-1,-0.0,0,2.2512269274724326,2.1774028109830783,0.06000000000000005,0.06000000000000005,2.07697532850905,0.16504489955841634,0.0495220396596989,0.9582125544548035,0.0006666666666666666,0.008,8.49561534142892,0.005822728555336868,0.11,0.2802730680340419
/home/nszb/gym/mujoko/models/tilt_recovery_5530_candidates/model_5700.onnx,push_+1_vx0.20,push,0.2,1,0.0,0,2.209089027440794,1.9071062180604412,0.06000000000000005,0.06000000000000005,2.209089027440794,0.16741795538120968,0.0337204129998682,0.9733884334564209,0.005,0.052,8.49561534142892,0.003931799877365383,0.07,0.2802730680340419
/home/nszb/gym/mujoko/models/tilt_recovery_5530_candidates/model_5700.onnx,roll_-3_vx0.35,roll,0.35,-1,-3.0,0,2.9868638763380675,2.5200337677280467,0.06,0.06,2.5200337677280467,0.2766035772128338,0.06742024957366212,0.9761950969696045,0.006333333333333333,0.072,8.645923225945998,0.007967861568885569,0.14,0.2769480851220639
/home/nszb/gym/mujoko/models/tilt_recovery_5530_candidates/model_5700.onnx,roll_+3_vx0.35,roll,0.35,1,3.0,0,3.0130585761529276,2.5907853090178588,0.26,0.06,2.4982230669639214,0.2759135083024171,0.06731537380350937,0.9757097363471985,0.0033333333333333335,0.04,8.349764268648205,0.00790656168119362,0.11666666666666667,0.278808191394292
/home/nszb/gym/mujoko/models/tilt_recovery_5530_candidates/model_5700.onnx,roll_-5_vx0.35,roll,0.35,-1,-5.0,0,4.9222348601855135,2.4486027586737213,0.26,0.06,2.7478520251212784,0.27604247062201304,0.06615231426019408,0.9737941026687622,0.006666666666666666,0.08,8.59993401434869,0.007754238426709173,0.12666666666666668,0.27701629640088493
/home/nszb/gym/mujoko/models/tilt_recovery_5530_candidates/model_5700.onnx,roll_+5_vx0.35,roll,0.35,1,5.0,0,4.95051672238524,2.5451805973488617,0.08,0.06,2.4027050457179917,0.2762734316329328,0.0673377476046545,0.9803231954574585,0.005,0.06,8.768655624512034,0.007860370394562876,0.13,0.27703724167785654
/home/nszb/gym/mujoko/models/tilt_recovery_5530_candidates/model_5700.onnx,roll_-8_vx0.35,roll,0.35,-1,-8.0,0,7.884151311640824,2.6927253453299578,0.1,0.08,2.5041024686765185,0.2763610644428909,0.06643452160035303,0.9760597944259644,0.009,0.096,8.332089098345456,0.007785104328680846,0.13666666666666666,0.27719957322180444
/home/nszb/gym/mujoko/models/tilt_recovery_5530_candidates/model_5700.onnx,roll_+8_vx0.35,roll,0.35,1,8.0,0,7.911446732736591,2.557509962844492,0.26,0.1,2.557509962844492,0.276636624429878,0.0671673689821146,0.9812920689582825,0.007666666666666666,0.076,9.0617797435293,0.007905931836211192,0.12333333333333334,0.27644977518271263
/home/nszb/gym/mujoko/models/tilt_recovery_5530_candidates/model_5700.onnx,push_-1_vx0.35,push,0.35,-1,-0.0,0,4.321972437312604,2.506635018764444,0.28000000000000025,0.26000000000000023,4.321972437312604,0.27518273465672033,0.06647331151805573,0.9780962467193604,0.007333333333333332,0.088,10.433026991202023,0.008033266372427336,0.12,0.2772758363291722
/home/nszb/gym/mujoko/models/tilt_recovery_5530_candidates/model_5700.onnx,push_+1_vx0.35,push,0.35,1,0.0,0,2.4233993196191137,2.4233993196191137,0.06000000000000005,0.06000000000000005,2.35271397619064,0.273363839957243,0.06557010846470641,0.9780962467193604,0.010666666666666666,0.128,8.526622041039587,0.007973338283982763,0.15,0.2772758363291722
/home/nszb/gym/mujoko/models/tilt_recovery_5530_candidates/model_5700.onnx,saturated_-1_vx0.20,saturated,0.2,-1,-3.0,0,6.0142640822373865,6.0142640822373865,0.38,0.36,2.1383122937732293,0.16647196162846656,0.05049866903761569,0.9714073538780212,0.0023333333333333335,0.028,32.02762305736542,0.0056595303467781724,0.12,0.2790288541125826
/home/nszb/gym/mujoko/models/tilt_recovery_5530_candidates/model_5700.onnx,saturated_+1_vx0.20,saturated,0.2,1,3.0,0,5.148131571889028,2.6568842589402104,0.18,0.14,1.8804222178982049,0.16717231533554097,0.04923256302978631,0.9733834862709045,0.0023333333333333335,0.028,27.46272385120392,0.005463243791353213,0.10333333333333333,0.27555301317848296
/home/nszb/gym/mujoko/models/tilt_recovery_5530_candidates/model_5725.onnx,roll_-3_vx0.12,roll,0.12,-1,-3.0,0,2.986683311602273,2.2967557278359685,0.06,0.06,1.316108583691196,0.08714922485363714,0.02684347755869447,0.963407576084137,0.001,0.012,8.11491464436311,0.004537319742401403,0.11,0.28112725501264907
/home/nszb/gym/mujoko/models/tilt_recovery_5530_candidates/model_5725.onnx,roll_+3_vx0.12,roll,0.12,1,3.0,0,3.0148814495349003,2.333723630329894,0.06,0.06,2.333723630329894,0.09160996000943293,0.04624675329526692,0.9410930871963501,0.0,0.0,8.041363019042175,0.004280288622176647,0.12333333333333334,0.28089449878034994
/home/nszb/gym/mujoko/models/tilt_recovery_5530_candidates/model_5725.onnx,roll_-5_vx0.12,roll,0.12,-1,-5.0,0,4.951885855573004,2.904479305158393,0.06,0.06,1.1413945914159807,0.08730999742095619,0.02664863027458694,0.9731339812278748,0.002333333333333333,0.024,8.238984343260405,0.00450100831080024,0.11,0.2806269587049634
/home/nszb/gym/mujoko/models/tilt_recovery_5530_candidates/model_5725.onnx,roll_+5_vx0.12,roll,0.12,1,5.0,0,4.963012677775976,2.3173812076421103,0.06,0.06,1.2050640242898225,0.0873137232035986,0.0266336630439097,0.9506415724754333,0.0003333333333333333,0.004,8.338549613192097,0.004499884164961559,0.11,0.2814570068873963
/home/nszb/gym/mujoko/models/tilt_recovery_5530_candidates/model_5725.onnx,roll_-8_vx0.12,roll,0.12,-1,-8.0,0,7.9147981788486295,2.7364521922208733,0.1,0.1,1.139613580947967,0.08743446361623469,0.026463994131957734,0.9860183596611023,0.002333333333333333,0.024,8.223279283677472,0.0044849878337786,0.11,0.2799067934259786
/home/nszb/gym/mujoko/models/tilt_recovery_5530_candidates/model_5725.onnx,roll_+8_vx0.12,roll,0.12,1,8.0,0,7.92523593754917,3.355934842379324,0.3,0.28,1.2114749590869596,0.0870053525608045,0.026598482740198128,0.9661017656326294,0.0016666666666666666,0.02,8.624342969511613,0.004479065462051005,0.11,0.2818654693561556
/home/nszb/gym/mujoko/models/tilt_recovery_5530_candidates/model_5725.onnx,push_-1_vx0.12,push,0.12,-1,-0.0,0,1.556191685544989,1.2656592785767653,0.06000000000000005,0.06000000000000005,1.2656592785767653,0.0896655057277458,0.026398481924297744,0.9601037502288818,0.0013333333333333333,0.016,8.250301298695188,0.004754677061787084,0.11,0.2808496604285431
/home/nszb/gym/mujoko/models/tilt_recovery_5530_candidates/model_5725.onnx,push_+1_vx0.12,push,0.12,1,0.0,0,2.4903912014629768,2.4903912014629768,0.06000000000000005,0.06000000000000005,2.329518360146783,0.08942593674575393,0.050259994127251045,0.9517176747322083,0.0003333333333333333,0.004,8.250301298695188,0.005042486629573597,0.12,0.2808496604285431
/home/nszb/gym/mujoko/models/tilt_recovery_5530_candidates/model_5725.onnx,roll_-3_vx0.20,roll,0.2,-1,-3.0,0,2.990444158580072,2.1498353858189585,0.06,0.06,2.1498353858189585,0.16603304138711764,0.05070912116278386,0.9551412463188171,0.0013333333333333333,0.016,8.292046905414166,0.005661461349527764,0.11666666666666667,0.28076144634491407
/home/nszb/gym/mujoko/models/tilt_recovery_5530_candidates/model_5725.onnx,roll_+3_vx0.20,roll,0.2,1,3.0,0,3.010683436735179,2.162497136580721,0.06,0.06,2.1377724187511578,0.16573951986275223,0.05101844015337439,0.9542055726051331,0.0006666666666666666,0.004,8.106443791088822,0.005706057796612957,0.12,0.2804172465094521
/home/nszb/gym/mujoko/models/tilt_recovery_5530_candidates/model_5725.onnx,roll_-5_vx0.20,roll,0.2,-1,-5.0,0,4.945377844863864,2.6215574629065794,0.06,0.06,2.157904404896441,0.1653887711837375,0.05137459439213023,0.9679606556892395,0.003,0.032,8.37605388001295,0.005789438256721064,0.11333333333333333,0.28028894622779943
/home/nszb/gym/mujoko/models/tilt_recovery_5530_candidates/model_5725.onnx,roll_+5_vx0.20,roll,0.2,1,5.0,0,4.953582558237488,2.2502602985291076,0.08,0.06,2.2417299721411723,0.1663234647109266,0.05009108025702174,0.955979585647583,0.0013333333333333333,0.016,8.711023947811375,0.005584282369160027,0.11666666666666667,0.2806339371444786
/home/nszb/gym/mujoko/models/tilt_recovery_5530_candidates/model_5725.onnx,roll_-8_vx0.20,roll,0.2,-1,-8.0,0,7.907614665701252,3.0993494909180686,0.1,0.46,2.1576664805642025,0.16582011260890184,0.050929974582020754,0.9815198183059692,0.003999999999999999,0.04,8.29593031094708,0.0057552818078403355,0.12,0.28021142700683493
/home/nszb/gym/mujoko/models/tilt_recovery_5530_candidates/model_5725.onnx,roll_+8_vx0.20,roll,0.2,1,8.0,0,7.915171498372221,2.7634519799023107,0.3,0.26,2.2291644300222115,0.16615819426736236,0.050436117358561655,0.9683667421340942,0.0026666666666666666,0.024,8.695299082844707,0.005697440727308584,0.11333333333333333,0.2808298420793403
/home/nszb/gym/mujoko/models/tilt_recovery_5530_candidates/model_5725.onnx,push_-1_vx0.20,push,0.2,-1,-0.0,0,2.22007416283297,2.1717972570312636,0.06000000000000005,0.06000000000000005,2.128195470561907,0.16545547030663774,0.05006508665198862,0.9586739540100098,0.0003333333333333333,0.004,8.489625551377577,0.005800087967390126,0.12,0.2802499240230965
/home/nszb/gym/mujoko/models/tilt_recovery_5530_candidates/model_5725.onnx,push_+1_vx0.20,push,0.2,1,0.0,0,2.1614973715519223,1.938731998477284,0.06000000000000005,0.06000000000000005,2.1614973715519223,0.1663413213909822,0.04731232312305508,0.971769392490387,0.003666666666666666,0.036,8.489625551377577,0.005436875947216599,0.1,0.2802499240230965
/home/nszb/gym/mujoko/models/tilt_recovery_5530_candidates/model_5725.onnx,roll_-3_vx0.35,roll,0.35,-1,-3.0,0,2.9872879504584087,2.5119509012833223,0.06,0.06,2.320187259591127,0.276905618664408,0.06644925964753774,0.976328432559967,0.005,0.06,8.642541171096617,0.007687903900171615,0.12,0.2769403825079028
/home/nszb/gym/mujoko/models/tilt_recovery_5530_candidates/model_5725.onnx,roll_+3_vx0.35,roll,0.35,1,3.0,0,3.0128163840264466,2.505850630550263,0.26,0.06,2.505850630550263,0.27693462641492683,0.06674319272913107,0.9755779504776001,0.0026666666666666666,0.032,8.314904892858827,0.007804849541421424,0.11,0.27878962185021133
/home/nszb/gym/mujoko/models/tilt_recovery_5530_candidates/model_5725.onnx,roll_-5_vx0.35,roll,0.35,-1,-5.0,0,4.923131886438632,2.608369484085453,0.26,0.06,2.658528468644938,0.27636066539052867,0.06760573920632841,0.9736779928207397,0.006333333333333333,0.076,8.637319446948046,0.007892737475098709,0.13333333333333333,0.2770502200261379
/home/nszb/gym/mujoko/models/tilt_recovery_5530_candidates/model_5725.onnx,roll_+5_vx0.35,roll,0.35,1,5.0,0,4.950284885826857,2.5260300722340387,0.08,0.06,2.5260300722340387,0.27599107982264237,0.06717251635480308,0.980823814868927,0.004333333333333333,0.052,8.745485260172702,0.007806234306324848,0.13666666666666666,0.2765661209174245
/home/nszb/gym/mujoko/models/tilt_recovery_5530_candidates/model_5725.onnx,roll_-8_vx0.35,roll,0.35,-1,-8.0,0,7.885195143548731,2.5848811738169317,0.1,0.08,2.3140379634683246,0.2771358128107867,0.06657457637680142,0.9762207865715027,0.008666666666666666,0.092,8.305867864674719,0.0076919892041517335,0.12,0.27722713690480183
/home/nszb/gym/mujoko/models/tilt_recovery_5530_candidates/model_5725.onnx,roll_+8_vx0.35,roll,0.35,1,8.0,0,7.9113052707844504,2.499334213634505,0.26,0.24,2.472672592769824,0.27784587084846607,0.06712050951559784,0.9813193082809448,0.006666666666666666,0.064,9.053758234764683,0.007844202627043426,0.13,0.27647411950848994
/home/nszb/gym/mujoko/models/tilt_recovery_5530_candidates/model_5725.onnx,push_-1_vx0.35,push,0.35,-1,-0.0,0,4.207580315763388,2.4919108056604036,0.28000000000000025,0.26000000000000023,4.207580315763388,0.2736207448595102,0.06657404046873819,0.9781569242477417,0.007,0.084,9.72519058922543,0.008000261842661468,0.12,0.2772265688135046
/home/nszb/gym/mujoko/models/tilt_recovery_5530_candidates/model_5725.onnx,push_+1_vx0.35,push,0.35,1,0.0,0,2.5541935537485565,2.5541935537485565,0.06000000000000005,0.06000000000000005,2.5541935537485565,0.27536364811124303,0.06549705947998637,0.9781569242477417,0.009333333333333332,0.112,8.463251585728084,0.00784331090579771,0.13,0.2772265688135046
/home/nszb/gym/mujoko/models/tilt_recovery_5530_candidates/model_5725.onnx,saturated_-1_vx0.20,saturated,0.2,-1,-3.0,0,6.1692181360994995,6.1692181360994995,0.36,0.36,2.114006467079336,0.16666387576255196,0.05080685195035972,0.9713196158409119,0.0023333333333333335,0.028,32.02762305736542,0.005675664875473095,0.11,0.27901936062166854
/home/nszb/gym/mujoko/models/tilt_recovery_5530_candidates/model_5725.onnx,saturated_+1_vx0.20,saturated,0.2,1,3.0,0,5.1490909146844395,2.3139508896369727,0.18,0.14,2.0822477300075826,0.16752921666754303,0.049664906736125086,0.9735889434814453,0.003,0.036,27.46272385120392,0.005425567466620688,0.10666666666666667,0.2755463389441949
/home/nszb/gym/mujoko/models/tilt_recovery_5530_candidates/model_5750.onnx,roll_-3_vx0.12,roll,0.12,-1,-3.0,0,2.9864728768034343,2.1096670838935268,0.06,0.06,1.2171771292615101,0.08982988092491427,0.021672269681642042,0.9637426137924194,0.0013333333333333333,0.016,8.073346541363843,0.0038512300353481387,0.09666666666666666,0.28108304944147966
/home/nszb/gym/mujoko/models/tilt_recovery_5530_candidates/model_5750.onnx,roll_+3_vx0.12,roll,0.12,1,3.0,0,3.015212977187701,2.487324093594962,0.06,0.06,2.2867401297983223,0.09182474433816966,0.04776500708152997,0.9411659240722656,0.0,0.0,8.038675742890305,0.004331726674742946,0.12333333333333334,0.2808566333452974
/home/nszb/gym/mujoko/models/tilt_recovery_5530_candidates/model_5750.onnx,roll_-5_vx0.12,roll,0.12,-1,-5.0,0,4.951941190149337,2.739497032342439,0.06,0.06,1.0678386473460335,0.08927965196646842,0.0240148869294328,0.9734023213386536,0.0026666666666666666,0.028,8.254168406606853,0.004130160914469189,0.11,0.28061835714559996
/home/nszb/gym/mujoko/models/tilt_recovery_5530_candidates/model_5750.onnx,roll_+5_vx0.12,roll,0.12,1,5.0,0,4.963169375516941,2.248472759889724,0.06,0.06,0.8922737057676766,0.08982922668253866,0.021671620164458862,0.950405478477478,0.0003333333333333333,0.004,8.34317872717117,0.0038510889293143407,0.09666666666666666,0.2814047454244831
/home/nszb/gym/mujoko/models/tilt_recovery_5530_candidates/model_5750.onnx,roll_-8_vx0.12,roll,0.12,-1,-8.0,0,7.91491232060825,2.548613597526347,0.1,0.1,1.0678967360380744,0.0886421738564278,0.024563162185401794,0.9861721396446228,0.0026666666666666666,0.028,8.201656963581252,0.004207935994408216,0.10666666666666667,0.27989300298682396
/home/nszb/gym/mujoko/models/tilt_recovery_5530_candidates/model_5750.onnx,roll_+8_vx0.12,roll,0.12,1,8.0,0,7.925429397064802,3.310781636026572,0.3,0.28,1.060319037673085,0.09032161701892635,0.022564589088679015,0.9656630158424377,0.0016666666666666666,0.02,8.62530468376344,0.003914821825530326,0.1,0.281763791726364
/home/nszb/gym/mujoko/models/tilt_recovery_5530_candidates/model_5750.onnx,push_-1_vx0.12,push,0.12,-1,-0.0,0,2.1125944116331725,2.1125944116331725,0.06000000000000005,0.06000000000000005,2.1125944116331725,0.0904818644737848,0.04773249403424844,0.9604418277740479,0.001,0.012,8.244968259622171,0.004525436141341877,0.12,0.2807823451380701
/home/nszb/gym/mujoko/models/tilt_recovery_5530_candidates/model_5750.onnx,push_+1_vx0.12,push,0.12,1,0.0,0,1.59809269739091,1.5419615196266934,0.06000000000000005,0.06000000000000005,0.6999146804174373,0.09420728473894316,0.01767544360164559,0.9529739022254944,0.0003333333333333333,0.004,8.244968259622171,0.0034507132669866396,0.1,0.2807823451380701
/home/nszb/gym/mujoko/models/tilt_recovery_5530_candidates/model_5750.onnx,roll_-3_vx0.20,roll,0.2,-1,-3.0,0,2.990247371592192,2.279975780552903,0.06,0.06,2.279975780552903,0.16634017760048903,0.052545312012603755,0.9557655453681946,0.0013333333333333333,0.016,8.284699224820555,0.005730129623021443,0.12333333333333334,0.2807005541974613
/home/nszb/gym/mujoko/models/tilt_recovery_5530_candidates/model_5750.onnx,roll_+3_vx0.20,roll,0.2,1,3.0,0,3.0110382301829604,2.3144170775231605,0.06,0.06,2.221405716551315,0.16662351751092183,0.05141547656720114,0.9558470845222473,0.0003333333333333333,0.004,8.084605178513009,0.005615191845943646,0.12666666666666668,0.28038316412713316
/home/nszb/gym/mujoko/models/tilt_recovery_5530_candidates/model_5750.onnx,roll_-5_vx0.20,roll,0.2,-1,-5.0,0,4.945453567184991,2.5912013645702148,0.06,0.06,2.227619443722774,0.16668022987150802,0.0516539788270473,0.9682354927062988,0.003999999999999999,0.04,8.394578062260312,0.005640657639156992,0.12,0.28023647629466175
/home/nszb/gym/mujoko/models/tilt_recovery_5530_candidates/model_5750.onnx,roll_+5_vx0.20,roll,0.2,1,5.0,0,4.953863226773543,2.1935025622059876,0.08,0.06,2.1935025622059876,0.16675355531125702,0.05151674211359938,0.9569413065910339,0.0016666666666666666,0.02,8.693000367170331,0.005591161458690559,0.12333333333333334,0.28058665313727627
/home/nszb/gym/mujoko/models/tilt_recovery_5530_candidates/model_5750.onnx,roll_-8_vx0.20,roll,0.2,-1,-8.0,0,7.907749184928848,2.883969069694156,0.1,0.1,2.3139287088132656,0.166544451163673,0.05167142796740489,0.9817438125610352,0.0026666666666666666,0.024,8.319884704286565,0.0056152473566225495,0.12333333333333334,0.2801782987011189
/home/nszb/gym/mujoko/models/tilt_recovery_5530_candidates/model_5750.onnx,roll_+8_vx0.20,roll,0.2,1,8.0,0,7.915487137573998,2.7129836829882183,0.3,0.26,2.1048536836029967,0.16686084184519018,0.05103207527208562,0.9679343700408936,0.003333333333333333,0.032,8.699514075485649,0.005526218818048226,0.12,0.2807355340804006
/home/nszb/gym/mujoko/models/tilt_recovery_5530_candidates/model_5750.onnx,push_-1_vx0.20,push,0.2,-1,-0.0,0,2.366341842368422,2.3238398614222366,0.06000000000000005,0.06000000000000005,2.1429280930077383,0.16663639032142022,0.04935594709375388,0.9587447047233582,0.0003333333333333333,0.004,8.46924337710902,0.005547851156986598,0.11,0.2801986467616652
/home/nszb/gym/mujoko/models/tilt_recovery_5530_candidates/model_5750.onnx,push_+1_vx0.20,push,0.2,1,0.0,0,2.3161613645383405,2.2998040968691784,0.06000000000000005,0.06000000000000005,2.3161613645383405,0.1650115334602596,0.05226448879731988,0.9727426767349243,0.006,0.064,8.46924337710902,0.006034401066142909,0.12,0.2801986467616652
/home/nszb/gym/mujoko/models/tilt_recovery_5530_candidates/model_5750.onnx,roll_-3_vx0.35,roll,0.35,-1,-3.0,0,2.9871456513815473,2.5580795168022963,0.06,0.06,2.550688853239217,0.27695795973107645,0.06839780015905664,0.9767656922340393,0.005333333333333333,0.064,8.650305277404874,0.007870687600567501,0.13666666666666666,0.2769520791359708
/home/nszb/gym/mujoko/models/tilt_recovery_5530_candidates/model_5750.onnx,roll_+3_vx0.35,roll,0.35,1,3.0,0,3.0130649666138565,2.5184212956070224,0.26,0.06,2.5184212956070224,0.27710204988325965,0.06769308432662356,0.975360631942749,0.0026666666666666666,0.032,8.316458981404718,0.007736938062379656,0.12,0.27865858140393274
/home/nszb/gym/mujoko/models/tilt_recovery_5530_candidates/model_5750.onnx,roll_-5_vx0.35,roll,0.35,-1,-5.0,0,4.923295441481204,2.567166869310374,0.26,0.06,2.6080469477117143,0.27727270706122964,0.06798707565272419,0.9734603762626648,0.006,0.072,8.666992780961873,0.007827981790279995,0.12333333333333334,0.2770150621568297
/home/nszb/gym/mujoko/models/tilt_recovery_5530_candidates/model_5750.onnx,roll_+5_vx0.35,roll,0.35,1,5.0,0,4.950499894557429,2.582773893143871,0.08,0.06,2.4887041685312856,0.27726721368403395,0.06828612780069364,0.9807204604148865,0.004666666666666666,0.056,8.724718022663176,0.007870393203350364,0.12666666666666668,0.2765306209728239
/home/nszb/gym/mujoko/models/tilt_recovery_5530_candidates/model_5750.onnx,roll_-8_vx0.35,roll,0.35,-1,-8.0,0,7.885397645500083,2.5365489956182037,0.1,0.24,2.5159231528270354,0.27697010686279794,0.06758651615120073,0.974499523639679,0.008666666666666666,0.092,8.328655086244003,0.007772481504640375,0.12,0.27720215390503344
/home/nszb/gym/mujoko/models/tilt_recovery_5530_candidates/model_5750.onnx,roll_+8_vx0.35,roll,0.35,1,8.0,0,7.9115539462861415,2.539827117133725,0.1,0.1,2.539827117133725,0.27736953848860557,0.06865549748656614,0.980879545211792,0.007333333333333332,0.064,8.944605002094477,0.007920267663582274,0.11666666666666667,0.2764208036307198
/home/nszb/gym/mujoko/models/tilt_recovery_5530_candidates/model_5750.onnx,push_-1_vx0.35,push,0.35,-1,-0.0,0,4.345699505963742,2.621276182858133,0.28000000000000025,0.26000000000000023,4.345699505963742,0.27420591288708596,0.06792597751427079,0.9780744910240173,0.007666666666666666,0.092,9.773152039968817,0.008100103125015664,0.13,0.2772250974036917
/home/nszb/gym/mujoko/models/tilt_recovery_5530_candidates/model_5750.onnx,push_+1_vx0.35,push,0.35,1,0.0,0,2.622550092445173,2.622550092445173,0.06000000000000005,0.06000000000000005,2.622550092445173,0.2763912259481233,0.06678508597624144,0.9780744910240173,0.011666666666666665,0.132,8.529653923463982,0.007855006582299304,0.14,0.2772250974036917
/home/nszb/gym/mujoko/models/tilt_recovery_5530_candidates/model_5750.onnx,saturated_-1_vx0.20,saturated,0.2,-1,-3.0,0,6.218302439321231,6.218302439321231,0.38,0.36,2.190193055780836,0.16744389009183108,0.052459910538111935,0.971584141254425,0.0023333333333333335,0.028,32.02762305736542,0.005626097653513026,0.12333333333333334,0.2790067688296347
/home/nszb/gym/mujoko/models/tilt_recovery_5530_candidates/model_5750.onnx,saturated_+1_vx0.20,saturated,0.2,1,3.0,0,5.14660360238222,2.1965358202698333,0.18,0.14,2.131607595061932,0.1679693645766762,0.0515340948001015,0.9731461405754089,0.003,0.036,27.46272385120392,0.00550629645104462,0.12666666666666668,0.2755435945524826
/home/nszb/gym/mujoko/models/tilt_recovery_5530_candidates/model_5775.onnx,roll_-3_vx0.12,roll,0.12,-1,-3.0,0,2.986440270847978,1.9550068635504303,0.06,0.06,1.1742233790482786,0.09214590793652322,0.014702132131242033,0.9635741114616394,0.0013333333333333333,0.016,8.065500801682896,0.0027796436490270244,0.07666666666666666,0.2810063154585169
/home/nszb/gym/mujoko/models/tilt_recovery_5530_candidates/model_5775.onnx,roll_+3_vx0.12,roll,0.12,1,3.0,0,3.0154086642625106,2.3516705158220206,0.06,0.06,2.2662329209269045,0.0909269695027927,0.04844160785726572,0.9412478804588318,0.0,0.0,8.035546135149694,0.004302737117040668,0.12333333333333334,0.2807632481633499
/home/nszb/gym/mujoko/models/tilt_recovery_5530_candidates/model_5775.onnx,roll_-5_vx0.12,roll,0.12,-1,-5.0,0,4.952228148391129,2.598722932151622,0.06,0.06,0.6566295479506122,0.09214760081836851,0.014697609409412218,0.9736880660057068,0.0026666666666666666,0.028,8.272700204054068,0.00277963408914478,0.07666666666666666,0.28056840010659484
/home/nszb/gym/mujoko/models/tilt_recovery_5530_candidates/model_5775.onnx,roll_+5_vx0.12,roll,0.12,1,5.0,0,4.963454612392073,2.242747502173263,0.06,0.06,0.6257039464404675,0.09661746494846409,0.009270811390542623,0.9506728053092957,0.0003333333333333333,0.004,8.335045054872946,0.001275928244029857,0.043333333333333335,0.2812742795344196
/home/nszb/gym/mujoko/models/tilt_recovery_5530_candidates/model_5775.onnx,roll_-8_vx0.12,roll,0.12,-1,-8.0,0,7.915280182585502,2.3893399223999747,0.1,0.1,0.5220568046636066,0.09214772362759412,0.01469755730970867,0.9862949848175049,0.0026666666666666666,0.028,8.231558196803952,0.0027796135934565844,0.07666666666666666,0.27983887440445504
/home/nszb/gym/mujoko/models/tilt_recovery_5530_candidates/model_5775.onnx,roll_+8_vx0.12,roll,0.12,1,8.0,0,7.9258059478598915,3.308144929445687,0.3,0.28,0.6737047512271326,0.09214566720547566,0.01470285760077888,0.9660981297492981,0.0016666666666666666,0.02,8.634871433785953,0.0027798678269375728,0.07666666666666666,0.28148607959259503
/home/nszb/gym/mujoko/models/tilt_recovery_5530_candidates/model_5775.onnx,push_-1_vx0.12,push,0.12,-1,-0.0,0,2.249813896942451,0.9389170344602544,0.06000000000000005,0.06000000000000005,0.4364640578316277,0.09344446470784465,0.014559703989090834,0.9488938450813293,0.0,0.0,8.23858715179346,0.0028730741963020725,0.08,0.28068729452195346
/home/nszb/gym/mujoko/models/tilt_recovery_5530_candidates/model_5775.onnx,push_+1_vx0.12,push,0.12,1,0.0,0,2.533556898449706,1.7223261808183399,0.06000000000000005,0.10000000000000009,2.533556898449706,0.09493263638237316,0.01251344067801798,0.9764115214347839,0.003333333333333333,0.024,8.23858715179346,0.0020063593300156785,0.06,0.28068729452195346
/home/nszb/gym/mujoko/models/tilt_recovery_5530_candidates/model_5775.onnx,roll_-3_vx0.20,roll,0.2,-1,-3.0,0,2.990236096985221,2.3222285467603334,0.06,0.06,2.3222285467603334,0.16518756469482085,0.0528878370682727,0.9570391774177551,0.002,0.024,8.275502513140175,0.005695172456568294,0.12666666666666668,0.280615454005129
/home/nszb/gym/mujoko/models/tilt_recovery_5530_candidates/model_5775.onnx,roll_+3_vx0.20,roll,0.2,1,3.0,0,3.011196011787744,2.3373645423324616,0.06,0.06,2.3373645423324616,0.1652442449674899,0.0529824937151963,0.9572069644927979,0.0003333333333333333,0.004,8.064209276231772,0.0056625441975253045,0.12666666666666668,0.28029057989634043
/home/nszb/gym/mujoko/models/tilt_recovery_5530_candidates/model_5775.onnx,roll_-5_vx0.20,roll,0.2,-1,-5.0,0,4.94588439320677,2.453273275903213,0.06,0.06,2.2580527760230367,0.16514696191925576,0.05278972121371698,0.9684852361679077,0.004333333333333333,0.044,8.41716029837637,0.005645632878650808,0.12333333333333334,0.2801834386762837
/home/nszb/gym/mujoko/models/tilt_recovery_5530_candidates/model_5775.onnx,roll_+5_vx0.20,roll,0.2,1,5.0,0,4.954117129625734,2.3260684544336754,0.08,0.06,2.3260684544336754,0.16496859313575976,0.0532006015583179,0.9572758674621582,0.0013333333333333333,0.016,8.677596237516955,0.005739482100139252,0.12333333333333334,0.2805114279853596
/home/nszb/gym/mujoko/models/tilt_recovery_5530_candidates/model_5775.onnx,roll_-8_vx0.20,roll,0.2,-1,-8.0,0,7.908261811184756,2.730078879373775,0.1,0.1,2.1596537685227912,0.16687170172572807,0.048620533820419885,0.9819108843803406,0.003333333333333333,0.032,8.357886449854725,0.005176750211299262,0.10333333333333333,0.28011617969120495
/home/nszb/gym/mujoko/models/tilt_recovery_5530_candidates/model_5775.onnx,roll_+8_vx0.20,roll,0.2,1,8.0,0,7.915815896116242,2.71167368363866,0.3,0.26,2.2434935906881215,0.16524414414367247,0.05306095675330271,0.9683637619018555,0.003666666666666666,0.036,8.663391555151106,0.005700284419943083,0.12666666666666668,0.28062649668388334
/home/nszb/gym/mujoko/models/tilt_recovery_5530_candidates/model_5775.onnx,push_-1_vx0.20,push,0.2,-1,-0.0,0,2.6602224563863155,2.6602224563863155,0.06000000000000005,0.06000000000000005,2.1859946228918017,0.1638965727643474,0.05252308539936308,0.9588128924369812,0.001,0.012,8.451401464998014,0.005868436911402677,0.12,0.2801223681949342
/home/nszb/gym/mujoko/models/tilt_recovery_5530_candidates/model_5775.onnx,push_+1_vx0.20,push,0.2,1,0.0,0,2.331214998219305,2.331214998219305,0.06000000000000005,0.06000000000000005,2.1906652402466706,0.1640418406473411,0.053724752192921325,0.9710572957992554,0.004666666666666666,0.048,8.451401464998014,0.006068028367864245,0.13,0.2801223681949342
/home/nszb/gym/mujoko/models/tilt_recovery_5530_candidates/model_5775.onnx,roll_-3_vx0.35,roll,0.35,-1,-3.0,0,2.9872552324743857,2.5778450160588315,0.06,0.06,2.3935621265262155,0.2765523739858719,0.06831409114068203,0.9769394993782043,0.005999999999999999,0.064,8.651933134917208,0.0077618562329920355,0.14666666666666667,0.2769247818907287
/home/nszb/gym/mujoko/models/tilt_recovery_5530_candidates/model_5775.onnx,roll_+3_vx0.35,roll,0.35,1,3.0,0,3.0131427733895126,2.592343050657421,0.26,0.06,2.5124052738253018,0.2769775604466011,0.06778787146161858,0.9752666354179382,0.003,0.036,8.302219653523325,0.0077246764800708275,0.13,0.2786619187622216
/home/nszb/gym/mujoko/models/tilt_recovery_5530_candidates/model_5775.onnx,roll_-5_vx0.35,roll,0.35,-1,-5.0,0,4.924075892348296,2.635398357320873,0.26,0.06,2.635398357320873,0.2772570200319094,0.06725329590660335,0.9733619093894958,0.006999999999999999,0.08,8.719772668608291,0.0076143359240240325,0.12333333333333334,0.2770100380124261
/home/nszb/gym/mujoko/models/tilt_recovery_5530_candidates/model_5775.onnx,roll_+5_vx0.35,roll,0.35,1,5.0,0,4.95074473691192,2.6277533363064163,0.08,0.06,2.6277533363064163,0.2776802450384439,0.06828066285615894,0.9804913997650146,0.005,0.06,8.697376695343465,0.00772460671543947,0.13,0.2765768437630951
/home/nszb/gym/mujoko/models/tilt_recovery_5530_candidates/model_5775.onnx,roll_-8_vx0.35,roll,0.35,-1,-8.0,0,7.886242196177606,2.5643707886747333,0.1,0.08,2.5643707886747333,0.27698566154568977,0.06779240753047,0.9733141660690308,0.009333333333333332,0.1,8.384903192799566,0.007678523658341604,0.13,0.27700101285397793
/home/nszb/gym/mujoko/models/tilt_recovery_5530_candidates/model_5775.onnx,roll_+8_vx0.35,roll,0.35,1,8.0,0,7.911872152046532,2.602344907184388,0.1,0.24,2.602344907184388,0.2778014927254301,0.06844428155349844,0.9813147783279419,0.008,0.072,9.02799687560453,0.007777671642078687,0.13666666666666666,0.27627497661440037
/home/nszb/gym/mujoko/models/tilt_recovery_5530_candidates/model_5775.onnx,push_-1_vx0.35,push,0.35,-1,-0.0,0,4.285546736299015,2.485075771069064,0.28000000000000025,0.26000000000000023,4.285546736299015,0.2759532416557807,0.0670007943751812,0.9786100387573242,0.008333333333333333,0.096,9.77390043510728,0.00790210738564344,0.14,0.27722558547924686
/home/nszb/gym/mujoko/models/tilt_recovery_5530_candidates/model_5775.onnx,push_+1_vx0.35,push,0.35,1,0.0,0,2.5590647749048037,2.5590647749048037,0.06000000000000005,0.06000000000000005,2.4592334642193254,0.2774695783128176,0.06670666107589979,0.9786100387573242,0.011333333333333332,0.128,8.445023131235956,0.007782550527714807,0.15,0.27722558547924686
/home/nszb/gym/mujoko/models/tilt_recovery_5530_candidates/model_5775.onnx,saturated_-1_vx0.20,saturated,0.2,-1,-3.0,0,6.293368702726875,6.293368702726875,0.36,0.36,2.11619477845731,0.16639459250743185,0.0524325865601262,0.9716174602508545,0.0026666666666666666,0.032,32.02762305736542,0.005512155022854853,0.12333333333333334,0.27898640930462726
/home/nszb/gym/mujoko/models/tilt_recovery_5530_candidates/model_5775.onnx,saturated_+1_vx0.20,saturated,0.2,1,3.0,0,5.145813400829984,2.2042546045386415,0.18,0.14,2.1592018357839535,0.16678932463023974,0.05182608936566954,0.9731500148773193,0.003,0.036,27.46272385120392,0.005439880139768618,0.12,0.27553591773026737
/home/nszb/gym/mujoko/models/tilt_recovery_5530_candidates/model_5800.onnx,roll_-3_vx0.12,roll,0.12,-1,-3.0,0,2.9872151545900945,1.8611274247779124,0.06,0.06,1.0639393269350446,0.09058109478630084,0.014622308021531921,0.9640293717384338,0.0013333333333333333,0.016,8.0657254391957,0.002848991539623107,0.09,0.28096451784943194
/home/nszb/gym/mujoko/models/tilt_recovery_5530_candidates/model_5800.onnx,roll_+3_vx0.12,roll,0.12,1,3.0,0,3.0147527044813396,2.4023485187544944,0.06,0.06,2.346763439056257,0.08937234621326222,0.05047650685999509,0.9409736394882202,0.0,0.0,8.018872073702397,0.004438615491048123,0.12666666666666668,0.2806050793179571
/home/nszb/gym/mujoko/models/tilt_recovery_5530_candidates/model_5800.onnx,roll_-5_vx0.12,roll,0.12,-1,-5.0,0,4.953280285269383,2.429058431924855,0.06,0.06,0.5552854805259346,0.09078909006236544,0.014530716395959887,0.9739720225334167,0.002333333333333333,0.028,8.281687876209489,0.0028167716744795664,0.08666666666666667,0.28053307642087427
/home/nszb/gym/mujoko/models/tilt_recovery_5530_candidates/model_5800.onnx,roll_+5_vx0.12,roll,0.12,1,5.0,0,4.962861363061116,2.4952489807217284,0.06,0.06,2.4952489807217284,0.08995348914751204,0.049111858322643386,0.9509720206260681,0.0006666666666666666,0.008,8.320066445990102,0.004245699800499944,0.13,0.28103277221019135
/home/nszb/gym/mujoko/models/tilt_recovery_5530_candidates/model_5800.onnx,roll_-8_vx0.12,roll,0.12,-1,-8.0,0,7.91637923416503,2.26141531981698,0.1,0.1,0.6041966937816625,0.09546014139908442,0.009242189016018051,0.986370861530304,0.002333333333333333,0.024,8.242358986335475,0.001288162408912212,0.043333333333333335,0.27978890387807503
/home/nszb/gym/mujoko/models/tilt_recovery_5530_candidates/model_5800.onnx,roll_+8_vx0.12,roll,0.12,1,8.0,0,7.925290428134422,3.2706582405797753,0.3,0.28,0.5382130368354245,0.09056760509317935,0.01464338238176966,0.9656862020492554,0.002,0.024,8.627440112945704,0.002850240862214215,0.09,0.2812726454494451
/home/nszb/gym/mujoko/models/tilt_recovery_5530_candidates/model_5800.onnx,push_-1_vx0.12,push,0.12,-1,-0.0,0,2.186884013960395,0.8729838969124804,0.06000000000000005,0.06000000000000005,0.45719130657839085,0.09183017038591734,0.014513225081516841,0.9491237998008728,0.0,0.0,8.220786805372413,0.0029562534577258293,0.09,0.2805788221486857
/home/nszb/gym/mujoko/models/tilt_recovery_5530_candidates/model_5800.onnx,push_+1_vx0.12,push,0.12,1,0.0,0,2.4556203733890176,1.6238875246855562,0.06000000000000005,0.06000000000000005,2.4556203733890176,0.09618056326313697,0.009315906520468537,0.9757931232452393,0.003333333333333333,0.028,8.220786805372413,0.0013110036527120364,0.04,0.2805788221486857
/home/nszb/gym/mujoko/models/tilt_recovery_5530_candidates/model_5800.onnx,roll_-3_vx0.20,roll,0.2,-1,-3.0,0,2.9909375248377144,2.353268001499628,0.06,0.06,2.346097769619055,0.16413912093079594,0.05271951672579826,0.9576830267906189,0.002,0.024,8.255677788473342,0.005545631719973905,0.12666666666666668,0.2805045227357546
/home/nszb/gym/mujoko/models/tilt_recovery_5530_candidates/model_5800.onnx,roll_+3_vx0.20,roll,0.2,1,3.0,0,3.010580827316905,2.3231070383020445,0.06,0.06,2.281765083634445,0.16477773984849123,0.05147241870018862,0.9589704871177673,0.0006666666666666666,0.004,8.035771623479791,0.005393243606532431,0.11333333333333333,0.28016317876054314
/home/nszb/gym/mujoko/models/tilt_recovery_5530_candidates/model_5800.onnx,roll_-5_vx0.20,roll,0.2,-1,-5.0,0,4.946934199100883,2.395863099100178,0.06,0.06,2.395863099100178,0.1635962394480084,0.05369723281865693,0.9687844514846802,0.003333333333333333,0.036,8.427669714739185,0.005687921640671573,0.12333333333333334,0.2801148584688134
/home/nszb/gym/mujoko/models/tilt_recovery_5530_candidates/model_5800.onnx,roll_+5_vx0.20,roll,0.2,1,5.0,0,4.9536849321452445,2.386158497206051,0.08,0.06,2.386158497206051,0.1634465226051065,0.05470221394082292,0.9568881988525391,0.0013333333333333333,0.016,8.704073943955686,0.005842234198653679,0.13,0.28055350472173174
/home/nszb/gym/mujoko/models/tilt_recovery_5530_candidates/model_5800.onnx,roll_-8_vx0.20,roll,0.2,-1,-8.0,0,7.909358719966862,2.7144329815641393,0.1,0.1,2.3531231212540415,0.163325347136049,0.054536598224359877,0.9820224046707153,0.003333333333333333,0.036,8.378377990121322,0.00578407612571202,0.13,0.28004181319709864
/home/nszb/gym/mujoko/models/tilt_recovery_5530_candidates/model_5800.onnx,roll_+8_vx0.20,roll,0.2,1,8.0,0,7.915430367835997,2.6656631643545152,0.3,0.26,2.425978517828383,0.16359624800992342,0.05464282981366183,0.967993974685669,0.003333333333333333,0.036,8.64971946432151,0.005812419782784171,0.12666666666666668,0.2804714964285648
/home/nszb/gym/mujoko/models/tilt_recovery_5530_candidates/model_5800.onnx,push_-1_vx0.20,push,0.2,-1,-0.0,0,2.5216637579954417,2.5216637579954417,0.06000000000000005,0.06000000000000005,2.271155436025971,0.16384785268196256,0.051147068536380146,0.9595075845718384,0.0006666666666666666,0.008,8.42640147936483,0.0055902979392981325,0.12,0.2800439909367356
/home/nszb/gym/mujoko/models/tilt_recovery_5530_candidates/model_5800.onnx,push_+1_vx0.20,push,0.2,1,0.0,0,2.3700052712451405,2.3700052712451405,0.06000000000000005,0.06000000000000005,2.256606068466117,0.16281860917500932,0.05445846063167468,0.9721465110778809,0.008333333333333331,0.08,8.42640147936483,0.006008091478348077,0.13,0.2800439909367356
/home/nszb/gym/mujoko/models/tilt_recovery_5530_candidates/model_5800.onnx,roll_-3_vx0.35,roll,0.35,-1,-3.0,0,2.9878773725621617,2.560759901328696,0.06,0.06,2.5499924991713376,0.2768462024946091,0.06806787648640059,0.9768646955490112,0.006333333333333332,0.068,8.639832990335941,0.007648801408777397,0.12333333333333334,0.2768775213701533
/home/nszb/gym/mujoko/models/tilt_recovery_5530_candidates/model_5800.onnx,roll_+3_vx0.35,roll,0.35,1,3.0,0,3.0125793581851994,2.6286065923303035,0.06,0.06,2.6115434338359313,0.2764729098624479,0.06782297803377996,0.9749768972396851,0.002333333333333333,0.028,8.300966131087472,0.007611849464557355,0.12666666666666668,0.27908615017346566
/home/nszb/gym/mujoko/models/tilt_recovery_5530_candidates/model_5800.onnx,roll_-5_vx0.35,roll,0.35,-1,-5.0,0,4.925065343473387,2.5273755682992936,0.06,0.06,2.471039035852072,0.27644941941227347,0.06721756448948071,0.9730464220046997,0.007333333333333332,0.084,8.739847612342322,0.00751797532288004,0.14,0.2769523967162448
/home/nszb/gym/mujoko/models/tilt_recovery_5530_candidates/model_5800.onnx,roll_+5_vx0.35,roll,0.35,1,5.0,0,4.950468205099163,2.5882332610817587,0.08,0.06,2.5882332610817587,0.2763499434189089,0.06765732135841092,0.9804788827896118,0.004333333333333333,0.052,8.648073525488881,0.007605016221144698,0.13333333333333333,0.2765631225935676
/home/nszb/gym/mujoko/models/tilt_recovery_5530_candidates/model_5800.onnx,roll_-8_vx0.35,roll,0.35,-1,-8.0,0,7.88726117247257,2.556269382268995,0.1,0.08,2.535967376392888,0.27636710896755,0.0678687038931699,0.974186897277832,0.009666666666666665,0.1,8.421580732393883,0.007602789369148434,0.13333333333333333,0.27695087060109325
/home/nszb/gym/mujoko/models/tilt_recovery_5530_candidates/model_5800.onnx,roll_+8_vx0.35,roll,0.35,1,8.0,0,7.911645872885166,2.5633360193069983,0.1,0.24,2.5633360193069983,0.2758835624950144,0.06789014175800014,0.9812691807746887,0.007999999999999998,0.076,8.989645035823386,0.007652396921956684,0.14666666666666667,0.27625718730160115
/home/nszb/gym/mujoko/models/tilt_recovery_5530_candidates/model_5800.onnx,push_-1_vx0.35,push,0.35,-1,-0.0,0,4.074624863482426,2.4093063527305674,0.28000000000000025,0.26000000000000023,4.074624863482426,0.27473645993039086,0.06619882753753656,0.9788826704025269,0.008333333333333331,0.096,9.42928236483758,0.00764562909702084,0.14,0.2771631901186074
/home/nszb/gym/mujoko/models/tilt_recovery_5530_candidates/model_5800.onnx,push_+1_vx0.35,push,0.35,1,0.0,0,2.7123771542490687,2.7123771542490687,0.06000000000000005,0.06000000000000005,2.7123771542490687,0.2746555930919486,0.06602677432697529,0.9788826704025269,0.012666666666666665,0.148,8.615548987151085,0.007755463102980001,0.12,0.2771631901186074
/home/nszb/gym/mujoko/models/tilt_recovery_5530_candidates/model_5800.onnx,saturated_-1_vx0.20,saturated,0.2,-1,-3.0,0,6.426421744293677,6.426421744293677,0.36,0.36,2.3311696089232092,0.16514686751513166,0.05213447949118232,0.9714971780776978,0.0026666666666666666,0.032,32.02762305736542,0.00535560447964079,0.11666666666666667,0.2789545389604809
/home/nszb/gym/mujoko/models/tilt_recovery_5530_candidates/model_5800.onnx,saturated_+1_vx0.20,saturated,0.2,1,3.0,0,5.142088039342007,2.238622787868618,0.18,0.14,2.201802776806518,0.16555639460170668,0.05150702604692477,0.9736387729644775,0.003,0.036,27.46272385120392,0.005326318895611901,0.12333333333333334,0.2755277467004741
/home/nszb/gym/mujoko/models/tilt_recovery_5530_candidates/model_5825.onnx,roll_-3_vx0.12,roll,0.12,-1,-3.0,0,2.987874963409604,1.8336481879049942,0.06,0.06,1.0397317143927018,0.09014223581968404,0.014710753305718208,0.9644736051559448,0.002,0.024,8.101272059501675,0.002866816418206741,0.09,0.28093039790483704
/home/nszb/gym/mujoko/models/tilt_recovery_5530_candidates/model_5825.onnx,roll_+3_vx0.12,roll,0.12,1,3.0,0,3.0142767193188296,2.518250702408695,0.06,0.06,2.43373980368629,0.08971417980595917,0.04802555109288342,0.94469153881073,0.0,0.0,8.05650460371435,0.003957355955280442,0.12666666666666668,0.2806455086480134
/home/nszb/gym/mujoko/models/tilt_recovery_5530_candidates/model_5825.onnx,roll_-5_vx0.12,roll,0.12,-1,-5.0,0,4.953854941726918,2.37314687189117,0.06,0.06,0.534309622371682,0.0901342645003465,0.014725721679902524,0.974332869052887,0.002333333333333333,0.028,8.301331362341934,0.002868121111655773,0.09,0.28052800618494794
/home/nszb/gym/mujoko/models/tilt_recovery_5530_candidates/model_5825.onnx,roll_+5_vx0.12,roll,0.12,1,5.0,0,4.962569638990735,2.183380030308873,0.06,0.06,0.9227685837211682,0.09010726311946335,0.0147711993702959,0.955249011516571,0.001,0.012,8.379364631127876,0.0028708213692201817,0.08666666666666667,0.2809559081152866
/home/nszb/gym/mujoko/models/tilt_recovery_5530_candidates/model_5825.onnx,roll_-8_vx0.12,roll,0.12,-1,-8.0,0,7.917038960588037,2.1817524756427904,0.1,0.1,0.5884051562405412,0.09472339523419832,0.00955800226567047,0.9864650368690491,0.002333333333333333,0.024,8.27143560531216,0.001407845173917631,0.043333333333333335,0.27975563245031676
/home/nszb/gym/mujoko/models/tilt_recovery_5530_candidates/model_5825.onnx,roll_+8_vx0.12,roll,0.12,1,8.0,0,7.925101740467523,3.2754579083340163,0.3,0.28,0.6297586269012846,0.0948274374178936,0.009491368952757068,0.9657093286514282,0.002333333333333333,0.028,8.623477610537254,0.001381751095356692,0.043333333333333335,0.28137257161947027
/home/nszb/gym/mujoko/models/tilt_recovery_5530_candidates/model_5825.onnx,push_-1_vx0.12,push,0.12,-1,-0.0,0,2.187835771045404,0.8358852518677655,0.06000000000000005,0.06000000000000005,0.4485440870672262,0.0914212789285377,0.01459067484688622,0.9517979621887207,0.0003333333333333333,0.004,8.216157383352552,0.0029758026622555946,0.09,0.2805132213110918
/home/nszb/gym/mujoko/models/tilt_recovery_5530_candidates/model_5825.onnx,push_+1_vx0.12,push,0.12,1,0.0,0,2.4444159494764657,1.5830740031750394,0.06000000000000005,0.08000000000000007,2.4444159494764657,0.09143254277596974,0.014574529121410494,0.9762924313545227,0.004666666666666667,0.04,8.216157383352552,0.0029749345972221687,0.09,0.2805132213110918
/home/nszb/gym/mujoko/models/tilt_recovery_5530_candidates/model_5825.onnx,roll_-3_vx0.20,roll,0.2,-1,-3.0,0,2.9915762868012954,2.143715101953563,0.06,0.06,2.1313361119582717,0.16432008411633,0.051554465894898975,0.9592149257659912,0.002,0.024,8.237235237329818,0.00524352914600138,0.12,0.28042365934427255
/home/nszb/gym/mujoko/models/tilt_recovery_5530_candidates/model_5825.onnx,roll_+3_vx0.20,roll,0.2,1,3.0,0,3.010118497483095,2.1786972771609503,0.06,0.06,2.07570092817554,0.16478044365945038,0.04977246694722471,0.9543724656105042,0.0006666666666666666,0.004,8.006845533936367,0.0049923553768775105,0.10333333333333333,0.28028793777866234
/home/nszb/gym/mujoko/models/tilt_recovery_5530_candidates/model_5825.onnx,roll_-5_vx0.20,roll,0.2,-1,-5.0,0,4.947463514450883,2.4154228647328106,0.06,0.06,2.1666752936039817,0.16471161914330576,0.050144335041083024,0.9690764546394348,0.004333333333333333,0.052,8.446851588058946,0.005049144453872695,0.11,0.28004341337596667
/home/nszb/gym/mujoko/models/tilt_recovery_5530_candidates/model_5825.onnx,roll_+5_vx0.20,roll,0.2,1,5.0,0,4.953225516291764,2.1639196235225415,0.08,0.06,2.082962474454539,0.16439444969065878,0.04988076678531983,0.9588347673416138,0.0013333333333333333,0.016,8.683832060054215,0.005058852994819402,0.1,0.28055282357044753
/home/nszb/gym/mujoko/models/tilt_recovery_5530_candidates/model_5825.onnx,roll_-8_vx0.20,roll,0.2,-1,-8.0,0,7.909972123228647,2.742329484161548,0.1,0.1,2.145980009809878,0.16446354374961272,0.05163710571018465,0.9821262955665588,0.004,0.044,8.416832813305657,0.0051860066106763,0.11666666666666667,0.2802754494526356
/home/nszb/gym/mujoko/models/tilt_recovery_5530_candidates/model_5825.onnx,roll_+8_vx0.20,roll,0.2,1,8.0,0,7.915035060802278,2.6692689157262537,0.3,0.26,2.2416849360667626,0.16385494938385214,0.05290528106583431,0.9678404927253723,0.003,0.036,8.645112522487809,0.005368890766460373,0.12333333333333334,0.28038785940554967
/home/nszb/gym/mujoko/models/tilt_recovery_5530_candidates/model_5825.onnx,push_-1_vx0.20,push,0.2,-1,-0.0,0,2.3452489731418176,2.3452489731418176,0.06000000000000005,0.06000000000000005,2.242618608889371,0.1622153469005172,0.0542569890302041,0.9594569206237793,0.0013333333333333333,0.012,8.403114284965747,0.0058084632664508,0.13,0.2800239332839953
/home/nszb/gym/mujoko/models/tilt_recovery_5530_candidates/model_5825.onnx,push_+1_vx0.20,push,0.2,1,0.0,0,2.10812891497563,2.10812891497563,0.06000000000000005,0.06000000000000005,2.0348880098335322,0.16345239490971814,0.050174184495817876,0.9714833498001099,0.008666666666666666,0.08,8.403114284965747,0.005363527230933911,0.12,0.2800239332839953
/home/nszb/gym/mujoko/models/tilt_recovery_5530_candidates/model_5825.onnx,roll_-3_vx0.35,roll,0.35,-1,-3.0,0,2.988615565664598,2.515014607464021,0.06,0.06,2.515014607464021,0.2753367333182748,0.06802881632706478,0.9767120480537415,0.007,0.072,8.63236897032052,0.007526739479991244,0.12333333333333334,0.2768545675977733
/home/nszb/gym/mujoko/models/tilt_recovery_5530_candidates/model_5825.onnx,roll_+3_vx0.35,roll,0.35,1,3.0,0,3.012143067435427,2.5934865793586774,0.06,0.06,2.5074146513415068,0.27664698213684197,0.0674617921004483,0.9745594263076782,0.0026666666666666666,0.032,8.264220111562938,0.007445442528979127,0.13,0.27839146377223184
/home/nszb/gym/mujoko/models/tilt_recovery_5530_candidates/model_5825.onnx,roll_-5_vx0.35,roll,0.35,-1,-5.0,0,4.9257801625022495,2.5407943800040416,0.06,0.06,2.5407943800040416,0.27567733847815634,0.06774307267559249,0.9728800654411316,0.007333333333333332,0.084,8.774006064416985,0.00747721891257927,0.12333333333333334,0.27694688786983823
/home/nszb/gym/mujoko/models/tilt_recovery_5530_candidates/model_5825.onnx,roll_+5_vx0.35,roll,0.35,1,5.0,0,4.949970005812554,2.543633321074044,0.08,0.06,2.543633321074044,0.2754183450879403,0.06735860409788762,0.9800989627838135,0.005333333333333333,0.06,8.612171589153734,0.007435716654159951,0.12333333333333334,0.27656381737374935
/home/nszb/gym/mujoko/models/tilt_recovery_5530_candidates/model_5825.onnx,roll_-8_vx0.35,roll,0.35,-1,-8.0,0,7.888033686819143,2.7013717275977887,0.1,0.08,2.7013717275977887,0.2767632156291939,0.06783388513748102,0.9741049408912659,0.009333333333333332,0.096,8.475485494236276,0.007486508895530291,0.12333333333333334,0.27695842044205643
/home/nszb/gym/mujoko/models/tilt_recovery_5530_candidates/model_5825.onnx,roll_+8_vx0.35,roll,0.35,1,8.0,0,7.911197074136877,2.509386668143321,0.1,0.1,2.509386668143321,0.2758456477727796,0.06749247431456908,0.9804115891456604,0.007999999999999998,0.076,8.879030598667267,0.007427260216227728,0.12333333333333334,0.2762609301877135
/home/nszb/gym/mujoko/models/tilt_recovery_5530_candidates/model_5825.onnx,push_-1_vx0.35,push,0.35,-1,-0.0,0,4.348228730546182,2.5434232110908384,0.28000000000000025,0.26000000000000023,4.348228730546182,0.2749019946153524,0.06552326584808477,0.9788994193077087,0.01,0.108,9.785665694159837,0.007532507000692102,0.14,0.2770772407611275
/home/nszb/gym/mujoko/models/tilt_recovery_5530_candidates/model_5825.onnx,push_+1_vx0.35,push,0.35,1,0.0,0,2.6282948168728155,2.6282948168728155,0.06000000000000005,0.06000000000000005,2.6282948168728155,0.2743746447653631,0.06628176180498417,0.9788994193077087,0.013999999999999999,0.152,8.436770333054472,0.007493952702590519,0.12,0.2770772407611275
/home/nszb/gym/mujoko/models/tilt_recovery_5530_candidates/model_5825.onnx,saturated_-1_vx0.20,saturated,0.2,-1,-3.0,0,6.409389216759787,6.409389216759787,0.36,0.36,2.2186928085215745,0.16410789686701302,0.0536357811547794,0.9713897109031677,0.0026666666666666666,0.032,32.02762305736542,0.0053935616603776855,0.12,0.27894032749775205
/home/nszb/gym/mujoko/models/tilt_recovery_5530_candidates/model_5825.onnx,saturated_+1_vx0.20,saturated,0.2,1,3.0,0,5.141609023763883,2.3138886460116717,0.18,0.14,2.2961145675245858,0.16494047847197288,0.05194771263711225,0.9736053943634033,0.003333333333333333,0.04,27.46272385120392,0.0051908195932816835,0.12333333333333334,0.2755045994194361
/home/nszb/gym/mujoko/models/tilt_recovery_5530_candidates/model_5850.onnx,roll_-3_vx0.12,roll,0.12,-1,-3.0,0,2.9885501722259247,2.2642339048811286,0.06,0.06,2.2642339048811286,0.09038690159207172,0.03652717216503142,0.9647320508956909,0.002,0.024,8.05363552767848,0.002934641073789127,0.09333333333333334,0.28066187908057555
/home/nszb/gym/mujoko/models/tilt_recovery_5530_candidates/model_5850.onnx,roll_+3_vx0.12,roll,0.12,1,3.0,0,3.013781359494078,2.5451849047578596,0.06,0.06,2.4089623943999703,0.08908030688029941,0.04963016929578729,0.9459841847419739,0.0,0.0,8.047847354422633,0.004063072600426869,0.12666666666666668,0.28045813090052524
/home/nszb/gym/mujoko/models/tilt_recovery_5530_candidates/model_5850.onnx,roll_-5_vx0.12,roll,0.12,-1,-5.0,0,4.954402092908584,2.2959729489330507,0.06,0.06,0.5046059927883879,0.08997786015109115,0.01486534122729371,0.9745097160339355,0.003,0.036,8.304955721884385,0.002851404770265964,0.09,0.28048059364481426
/home/nszb/gym/mujoko/models/tilt_recovery_5530_candidates/model_5850.onnx,roll_+5_vx0.12,roll,0.12,1,5.0,0,4.96252730166763,2.4045893144512944,0.06,0.06,2.3980672574827575,0.08908380958423716,0.048534464404756485,0.9536802768707275,0.001,0.012,8.324427398243902,0.004000716878243919,0.12333333333333334,0.2810426410614277
/home/nszb/gym/mujoko/models/tilt_recovery_5530_candidates/model_5850.onnx,roll_-8_vx0.12,roll,0.12,-1,-8.0,0,7.917684283195353,2.3422317966624178,0.1,0.1,2.1435107831084226,0.09046652427075354,0.03661540949075819,0.9865241646766663,0.0026666666666666666,0.028,8.284122629872742,0.002963525297316727,0.09,0.27968413209380477
/home/nszb/gym/mujoko/models/tilt_recovery_5530_candidates/model_5850.onnx,roll_+8_vx0.12,roll,0.12,1,8.0,0,7.925168289876908,3.2606654882698574,0.3,0.28,0.639888284987229,0.09422728651667882,0.009807380323882363,0.9660730361938477,0.0026666666666666666,0.032,8.608305356851226,0.001489604330298387,0.05,0.2812674000760385
/home/nszb/gym/mujoko/models/tilt_recovery_5530_candidates/model_5850.onnx,push_-1_vx0.12,push,0.12,-1,-0.0,0,2.148309621104015,1.1310235633072543,0.06000000000000005,0.06000000000000005,0.5171776888416114,0.09125710906910194,0.014727130049859902,0.9533387422561646,0.0003333333333333333,0.004,8.209027776834692,0.002965617643100207,0.09,0.2804932270106842
/home/nszb/gym/mujoko/models/tilt_recovery_5530_candidates/model_5850.onnx,push_+1_vx0.12,push,0.12,1,0.0,0,2.397546246038559,1.4767447479571856,0.06000000000000005,0.06000000000000005,2.397546246038559,0.09127334117491585,0.014706288639993676,0.9732410311698914,0.004666666666666666,0.036,8.209027776834692,0.0029658062496075,0.09,0.2804932270106842
/home/nszb/gym/mujoko/models/tilt_recovery_5530_candidates/model_5850.onnx,roll_-3_vx0.20,roll,0.2,-1,-3.0,0,2.9922765743191486,2.3044926954844525,0.06,0.06,2.3044926954844525,0.1624896209180926,0.054393542346711614,0.959724485874176,0.002333333333333333,0.028,8.236514538426137,0.005523863220841981,0.13,0.28023637468597096
/home/nszb/gym/mujoko/models/tilt_recovery_5530_candidates/model_5850.onnx,roll_+3_vx0.20,roll,0.2,1,3.0,0,3.0095731158944505,2.178509354611824,0.06,0.06,2.087122144257273,0.16321684680751042,0.05179211947310479,0.9558485150337219,0.0006666666666666666,0.004,7.994150803116947,0.005176557424742152,0.11333333333333333,0.2801696602400622
/home/nszb/gym/mujoko/models/tilt_recovery_5530_candidates/model_5850.onnx,roll_-5_vx0.20,roll,0.2,-1,-5.0,0,4.948103281050828,2.38205648497101,0.06,0.06,1.8915922855821092,0.1640793205817258,0.04995311898097366,0.9692022800445557,0.005,0.06,8.452787634973253,0.004978891407309896,0.09666666666666666,0.2799696028282108
/home/nszb/gym/mujoko/models/tilt_recovery_5530_candidates/model_5850.onnx,roll_+5_vx0.20,roll,0.2,1,5.0,0,4.952882004296272,2.374808718750267,0.08,0.06,2.374808718750267,0.16296645207224092,0.05216923073848459,0.9598796963691711,0.0016666666666666666,0.02,8.672332250868662,0.005282458667817702,0.11666666666666667,0.2805078199962832
/home/nszb/gym/mujoko/models/tilt_recovery_5530_candidates/model_5850.onnx,roll_-8_vx0.20,roll,0.2,-1,-8.0,0,7.910705754589962,2.661622200878233,0.1,0.1,2.246479974035368,0.16320937381878967,0.05180371230039549,0.9821873307228088,0.004333333333333333,0.048,8.434785216901712,0.0052214306044777396,0.11333333333333333,0.280208652568643
/home/nszb/gym/mujoko/models/tilt_recovery_5530_candidates/model_5850.onnx,roll_+8_vx0.20,roll,0.2,1,8.0,0,7.9147874035202515,2.6660758172924077,0.3,0.26,2.11876350290879,0.16348945400302428,0.0512495000618854,0.9681360721588135,0.003333333333333333,0.04,8.634678901977788,0.005135609247514163,0.11333333333333333,0.28018623480071336
/home/nszb/gym/mujoko/models/tilt_recovery_5530_candidates/model_5850.onnx,push_-1_vx0.20,push,0.2,-1,-0.0,0,2.408623789734336,2.408623789734336,0.06000000000000005,0.06000000000000005,2.0876489383718955,0.16290702020003706,0.05076314385805736,0.9597989916801453,0.0013333333333333333,0.012,8.385314226008402,0.005225814654238681,0.11,0.2799167842003033
/home/nszb/gym/mujoko/models/tilt_recovery_5530_candidates/model_5850.onnx,push_+1_vx0.20,push,0.2,1,0.0,0,2.2538552170113606,2.2538552170113606,0.06000000000000005,0.06000000000000005,2.205779145641608,0.16281784221340292,0.05208966383668751,0.972998321056366,0.011666666666666665,0.108,8.385314226008402,0.005474891378315663,0.12,0.2799167842003033
/home/nszb/gym/mujoko/models/tilt_recovery_5530_candidates/model_5850.onnx,roll_-3_vx0.35,roll,0.35,-1,-3.0,0,2.989625056067437,2.540237266641323,0.06,0.06,2.540237266641323,0.27554171222329404,0.06649179239320346,0.9767565131187439,0.007,0.072,8.619621671178027,0.007236797784258344,0.13,0.2767902885598454
/home/nszb/gym/mujoko/models/tilt_recovery_5530_candidates/model_5850.onnx,roll_+3_vx0.35,roll,0.35,1,3.0,0,3.0115303924348398,2.4620799024350033,0.06,0.06,2.415764381230649,0.27605033280153707,0.06610298440137828,0.9742671847343445,0.0026666666666666666,0.032,8.209687843335555,0.00724019538227651,0.13,0.2782858924284108
/home/nszb/gym/mujoko/models/tilt_recovery_5530_candidates/model_5850.onnx,roll_-5_vx0.35,roll,0.35,-1,-5.0,0,4.926935868898333,2.4255413152269103,0.06,0.06,2.3984757042854805,0.276422073561051,0.06697281957298633,0.9728104472160339,0.008333333333333331,0.092,8.793588755116685,0.007306717635822622,0.12666666666666668,0.27691303164122555
/home/nszb/gym/mujoko/models/tilt_recovery_5530_candidates/model_5850.onnx,roll_+5_vx0.35,roll,0.35,1,5.0,0,4.949652502420766,2.423827368540946,0.08,0.06,2.370374671873363,0.2768779156303937,0.06630952483010595,0.9798296689987183,0.005,0.056,8.345263192301843,0.007220315017944656,0.11666666666666667,0.2761470484874788
/home/nszb/gym/mujoko/models/tilt_recovery_5530_candidates/model_5850.onnx,roll_-8_vx0.35,roll,0.35,-1,-8.0,0,7.889256067422597,2.4769147078676625,0.1,0.08,2.4769147078676625,0.275666009397187,0.06783189042453498,0.9743619561195374,0.009333333333333332,0.1,8.506117199860691,0.007475857292850628,0.13333333333333333,0.27691968975714276
/home/nszb/gym/mujoko/models/tilt_recovery_5530_candidates/model_5850.onnx,roll_+8_vx0.35,roll,0.35,1,8.0,0,7.910978805103603,2.404882923568923,0.1,0.24,2.2900177199069987,0.27625415410508464,0.06617635341272649,0.9800242185592651,0.007999999999999998,0.076,8.851320923806309,0.0072696245853045675,0.14,0.2761166474688705
/home/nszb/gym/mujoko/models/tilt_recovery_5530_candidates/model_5850.onnx,push_-1_vx0.35,push,0.35,-1,-0.0,0,4.413369604861925,2.546816294592141,0.28000000000000025,0.26000000000000023,4.413369604861925,0.27523817046404137,0.0673357448004846,0.978905200958252,0.011000000000000001,0.116,9.722939640364459,0.007652165460218363,0.14,0.27697692730712536
/home/nszb/gym/mujoko/models/tilt_recovery_5530_candidates/model_5850.onnx,push_+1_vx0.35,push,0.35,1,0.0,0,2.6311316108754697,2.6311316108754697,0.06000000000000005,0.06000000000000005,2.6311316108754697,0.27428308742091745,0.06587066123519905,0.978905200958252,0.014,0.148,8.424496059261148,0.0074177067454674825,0.11,0.27697692730712536
/home/nszb/gym/mujoko/models/tilt_recovery_5530_candidates/model_5850.onnx,saturated_-1_vx0.20,saturated,0.2,-1,-3.0,0,6.40012307488684,6.40012307488684,0.36,0.36,2.3682911307808654,0.16330974864095466,0.05417442739654542,0.9717414975166321,0.0026666666666666666,0.032,32.02762305736542,0.005432376198812769,0.12333333333333334,0.2789313673270073
/home/nszb/gym/mujoko/models/tilt_recovery_5530_candidates/model_5850.onnx,saturated_+1_vx0.20,saturated,0.2,1,3.0,0,5.143739651346744,2.1715820447247385,0.18,0.14,2.084903079734662,0.16382709877492446,0.05169040317574811,0.9737369418144226,0.003666666666666666,0.044,27.46272385120392,0.005165316075358566,0.11,0.2754737315260638
/home/nszb/gym/mujoko/models/tilt_recovery_5530_candidates/model_5875.onnx,roll_-3_vx0.12,roll,0.12,-1,-3.0,0,2.9891810152553466,1.7724327292164235,0.06,0.06,0.9455065915992019,0.08868504794447579,0.014934943281944632,0.9652918577194214,0.002333333333333333,0.028,8.046661336558236,0.002842904246792346,0.07666666666666666,0.28057852908243036
/home/nszb/gym/mujoko/models/tilt_recovery_5530_candidates/model_5875.onnx,roll_+3_vx0.12,roll,0.12,1,3.0,0,3.0132955050824157,2.449897692378805,0.06,0.06,2.3688913627565737,0.08696590855236873,0.05280060539051188,0.9471290707588196,0.0,0.0,8.020484111197696,0.00449660183311738,0.13666666666666666,0.280207228839529
/home/nszb/gym/mujoko/models/tilt_recovery_5530_candidates/model_5875.onnx,roll_-5_vx0.12,roll,0.12,-1,-5.0,0,4.955312127823629,2.4231925085595316,0.06,0.06,2.4231925085595316,0.0885357558267919,0.03858183094443564,0.9748040437698364,0.003,0.036,8.322036149560933,0.003192641725217728,0.10333333333333333,0.2803887034949682
/home/nszb/gym/mujoko/models/tilt_recovery_5530_candidates/model_5875.onnx,roll_+5_vx0.12,roll,0.12,1,5.0,0,4.9622055892637285,2.48480660718516,0.06,0.06,2.48480660718516,0.08714720277392726,0.049646688195734034,0.9555777311325073,0.001,0.012,8.30331647409242,0.00408980656257959,0.12333333333333334,0.28079553903778287
/home/nszb/gym/mujoko/models/tilt_recovery_5530_candidates/model_5875.onnx,roll_-8_vx0.12,roll,0.12,-1,-8.0,0,7.9186734910967385,2.4567347644651383,0.12,0.12,2.394103260999659,0.08745353928324578,0.048336366358467824,0.986661434173584,0.0026666666666666666,0.032,8.318057261421087,0.003917377907958308,0.12333333333333334,0.27968565581462007
/home/nszb/gym/mujoko/models/tilt_recovery_5530_candidates/model_5875.onnx,roll_+8_vx0.12,roll,0.12,1,8.0,0,7.924913440118932,3.2547189887759225,0.3,0.28,2.206811892555409,0.08863933278884244,0.03847188492500566,0.9659013152122498,0.003,0.036,8.589002055132084,0.002967704392451658,0.09666666666666666,0.28103402548196565
/home/nszb/gym/mujoko/models/tilt_recovery_5530_candidates/model_5875.onnx,push_-1_vx0.12,push,0.12,-1,-0.0,0,2.1261704391849423,1.579708637382787,0.06000000000000005,0.06000000000000005,1.579708637382787,0.09078251344542222,0.020799976723416217,0.9515039324760437,0.0006666666666666666,0.008,8.188534025123197,0.0015073553059665123,0.06,0.2804125278572803
/home/nszb/gym/mujoko/models/tilt_recovery_5530_candidates/model_5875.onnx,push_+1_vx0.12,push,0.12,1,0.0,0,2.3658927583967366,1.5071559229997227,0.06000000000000005,0.06000000000000005,2.3658927583967366,0.0894886953569332,0.01438647003627189,0.9696372151374817,0.006666666666666666,0.06,8.188534025123197,0.0026379224105569387,0.08,0.2804125278572803
/home/nszb/gym/mujoko/models/tilt_recovery_5530_candidates/model_5875.onnx,roll_-3_vx0.20,roll,0.2,-1,-3.0,0,2.9929069670226482,2.095038973407898,0.06,0.06,2.0342287220331925,0.1618261150060108,0.0514922835968846,0.9606425166130066,0.003333333333333333,0.04,8.172667304157665,0.005077319329184585,0.11666666666666667,0.2801220043077117
/home/nszb/gym/mujoko/models/tilt_recovery_5530_candidates/model_5875.onnx,roll_+3_vx0.20,roll,0.2,1,3.0,0,3.009110306403673,2.016388665620478,0.06,0.06,2.016388665620478,0.1617992573834835,0.051094581135391066,0.9573029279708862,0.0003333333333333333,0.004,7.9492733094339485,0.005000894957336472,0.11,0.280018280447276
/home/nszb/gym/mujoko/models/tilt_recovery_5530_candidates/model_5875.onnx,roll_-5_vx0.20,roll,0.2,-1,-5.0,0,4.949200640632463,2.3012525568726043,0.06,0.06,1.9568278283665237,0.16180973294926954,0.05070181041408651,0.9693228006362915,0.005333333333333333,0.06,8.467798435817572,0.005007889899119141,0.10666666666666667,0.2798463663425628
/home/nszb/gym/mujoko/models/tilt_recovery_5530_candidates/model_5875.onnx,roll_+5_vx0.20,roll,0.2,1,5.0,0,4.952585750779168,2.301838131512067,0.08,0.06,2.301838131512067,0.16174026294036098,0.051685136784795846,0.9596387147903442,0.0026666666666666666,0.028,8.626312750887454,0.005066366688456574,0.11666666666666667,0.2804062680182164
/home/nszb/gym/mujoko/models/tilt_recovery_5530_candidates/model_5875.onnx,roll_-8_vx0.20,roll,0.2,-1,-8.0,0,7.9118794599631785,2.5664710508329738,0.1,0.1,2.216184036012461,0.16134604592797128,0.051891451460315326,0.9823641180992126,0.005333333333333333,0.056,8.476943804685801,0.005106620853984876,0.11,0.28009064609202416
/home/nszb/gym/mujoko/models/tilt_recovery_5530_candidates/model_5875.onnx,roll_+8_vx0.20,roll,0.2,1,8.0,0,7.914558533110658,2.66617092302177,0.3,0.26,2.1836083627809266,0.16182151393305072,0.05028080195185576,0.9682314991950989,0.004,0.048,8.612275083307823,0.004920813477208785,0.09666666666666666,0.27994922419009993
/home/nszb/gym/mujoko/models/tilt_recovery_5530_candidates/model_5875.onnx,push_-1_vx0.20,push,0.2,-1,-0.0,0,2.4184658087428925,2.4184658087428925,0.06000000000000005,0.06000000000000005,2.0279602857836223,0.1608419665512294,0.05168863093314922,0.9597902297973633,0.0013333333333333333,0.012,8.349364281540293,0.0052614799316972995,0.12,0.2797813719335698
/home/nszb/gym/mujoko/models/tilt_recovery_5530_candidates/model_5875.onnx,push_+1_vx0.20,push,0.2,1,0.0,0,2.0068896311411533,1.9837779610401365,0.06000000000000005,0.06000000000000005,2.0068896311411533,0.16097083975995471,0.050437139932983543,0.9723479151725769,0.013,0.112,8.349364281540293,0.005144805261029366,0.11,0.2797813719335698
/home/nszb/gym/mujoko/models/tilt_recovery_5530_candidates/model_5875.onnx,roll_-3_vx0.35,roll,0.35,-1,-3.0,0,2.990331156506639,2.435548732446017,0.06,0.06,2.435548732446017,0.27583455060349304,0.06522921339292885,0.9766738414764404,0.007333333333333333,0.076,8.599139029473664,0.007044460466779159,0.12,0.27672785805969424
/home/nszb/gym/mujoko/models/tilt_recovery_5530_candidates/model_5875.onnx,roll_+3_vx0.35,roll,0.35,1,3.0,0,3.0109386717705853,2.3987290388038427,0.06,0.06,2.3048958557307,0.2749574081497061,0.06603507332059254,0.9737789630889893,0.0026666666666666666,0.032,8.163571559948195,0.007168075294093147,0.13666666666666666,0.2782612363457087
/home/nszb/gym/mujoko/models/tilt_recovery_5530_candidates/model_5875.onnx,roll_-5_vx0.35,roll,0.35,-1,-5.0,0,4.928383899314916,2.5656729902728226,0.06,0.06,2.5175375952980277,0.2749415699691409,0.0670200006050775,0.9717103838920593,0.007666666666666666,0.088,8.824518194653118,0.007269745886555169,0.12666666666666668,0.2768457168695865
/home/nszb/gym/mujoko/models/tilt_recovery_5530_candidates/model_5875.onnx,roll_+5_vx0.35,roll,0.35,1,5.0,0,4.949422973618073,2.4925946372617056,0.08,0.06,2.2920668962189534,0.2759752827122376,0.06633399305204878,0.978991687297821,0.006,0.068,8.718247696792943,0.007184273819014047,0.12666666666666668,0.2766524978998849
/home/nszb/gym/mujoko/models/tilt_recovery_5530_candidates/model_5875.onnx,roll_-8_vx0.35,roll,0.35,-1,-8.0,0,7.890771332042176,2.3798578831900783,0.1,0.08,2.3798578831900783,0.27576163001026166,0.0660513512720845,0.9743468761444092,0.008666666666666666,0.096,8.56097135746508,0.007178798493847675,0.13,0.27685661955648844
/home/nszb/gym/mujoko/models/tilt_recovery_5530_candidates/model_5875.onnx,roll_+8_vx0.35,roll,0.35,1,8.0,0,7.910875072317966,2.4884398040802838,0.1,0.24,2.446833493684235,0.2764039096336679,0.06594829117161817,0.9801326394081116,0.009,0.08,8.835570964612085,0.0071760837670363205,0.12,0.27617175012462075
/home/nszb/gym/mujoko/models/tilt_recovery_5530_candidates/model_5875.onnx,push_-1_vx0.35,push,0.35,-1,-0.0,0,4.3988492317178265,2.502223991698437,0.26000000000000023,0.26000000000000023,4.3988492317178265,0.27384884860162484,0.06438059675218603,0.9787458181381226,0.013,0.132,9.653047496764815,0.0071709769695196615,0.11,0.2766050179602646
/home/nszb/gym/mujoko/models/tilt_recovery_5530_candidates/model_5875.onnx,push_+1_vx0.35,push,0.35,1,0.0,0,2.6955567678612686,2.6955567678612686,0.06000000000000005,0.06000000000000005,2.6955567678612686,0.27402291108706167,0.06711626630345897,0.9787458181381226,0.015,0.152,8.411311044876467,0.007590144826500984,0.13,0.2766050179602646
/home/nszb/gym/mujoko/models/tilt_recovery_5530_candidates/model_5875.onnx,saturated_-1_vx0.20,saturated,0.2,-1,-3.0,0,6.5288072056422415,6.5288072056422415,0.36,0.36,2.2004447856950304,0.16194905933312184,0.05300469038080379,0.9721534252166748,0.0026666666666666666,0.032,32.02762305736542,0.005233607081379481,0.11333333333333333,0.27888483273420406
/home/nszb/gym/mujoko/models/tilt_recovery_5530_candidates/model_5875.onnx,saturated_+1_vx0.20,saturated,0.2,1,3.0,0,5.142320960981098,2.186272256696741,0.18,0.14,2.186272256696741,0.16198863967722837,0.052921120525075645,0.9737387299537659,0.003666666666666666,0.044,27.46272385120392,0.0052131116110826405,0.11666666666666667,0.2754233357428531
/home/nszb/gym/mujoko/models/tilt_recovery_5530_candidates/model_5900.onnx,roll_-3_vx0.12,roll,0.12,-1,-3.0,0,2.988947020956335,2.5414279720240347,0.06,0.06,2.5414279720240347,0.0855730525337768,0.050188091922795455,0.9656397104263306,0.005333333333333333,0.064,8.045305214607888,0.003977820978255371,0.12666666666666668,0.2804608435566558
/home/nszb/gym/mujoko/models/tilt_recovery_5530_candidates/model_5900.onnx,roll_+3_vx0.12,roll,0.12,1,3.0,0,3.013654400092463,2.454625585198543,0.06,0.06,2.3915294024527736,0.08567834357849081,0.05145802140695083,0.9510244131088257,0.002333333333333333,0.028,7.990820243489732,0.004103129822998263,0.13666666666666666,0.2799586343306458
/home/nszb/gym/mujoko/models/tilt_recovery_5530_candidates/model_5900.onnx,roll_-5_vx0.12,roll,0.12,-1,-5.0,0,4.9551618209208605,2.388994873727125,0.06,0.06,2.388994873727125,0.0858751449253404,0.04823062555385132,0.9750433564186096,0.006333333333333333,0.076,8.33241620702166,0.0036896788894104334,0.11666666666666667,0.28028529975041433
/home/nszb/gym/mujoko/models/tilt_recovery_5530_candidates/model_5900.onnx,roll_+5_vx0.12,roll,0.12,1,5.0,0,4.962825483361965,2.5370210525727033,0.06,0.06,2.430858964294042,0.08539605255730295,0.05146063921723731,0.9596357345581055,0.0036666666666666666,0.044,8.281745831263006,0.004190640565157868,0.13666666666666666,0.2805575074248624
/home/nszb/gym/mujoko/models/tilt_recovery_5530_candidates/model_5900.onnx,roll_-8_vx0.12,roll,0.12,-1,-8.0,0,7.918591151026974,2.3915626989477694,0.12,0.12,2.365566657235692,0.08604640280122434,0.05018913974166984,0.9867160320281982,0.005333333333333333,0.064,8.338683370968392,0.0038779605835062014,0.13,0.2795635437862534
/home/nszb/gym/mujoko/models/tilt_recovery_5530_candidates/model_5900.onnx,roll_+8_vx0.12,roll,0.12,1,8.0,0,7.925603804786422,3.2357984203950076,0.3,0.28,2.217396241356898,0.08603394375413084,0.04696808179352603,0.9660243391990662,0.006,0.072,8.556719542068437,0.0035206736937152187,0.10666666666666667,0.28083951583183697
/home/nszb/gym/mujoko/models/tilt_recovery_5530_candidates/model_5900.onnx,push_-1_vx0.12,push,0.12,-1,-0.0,0,2.141983797676722,0.7680149768217254,0.06000000000000005,0.06000000000000005,0.5018002282756157,0.08757187125027353,0.014278898776327925,0.9547070860862732,0.007333333333333333,0.088,8.158025841934636,0.002715176076948055,0.07,0.28025573322452607
/home/nszb/gym/mujoko/models/tilt_recovery_5530_candidates/model_5900.onnx,push_+1_vx0.12,push,0.12,1,0.0,0,2.370997758591291,1.316520473707452,0.06000000000000005,0.06000000000000005,2.370997758591291,0.0880757765580375,0.014490386371649787,0.9681044220924377,0.013333333333333332,0.136,8.158025841934636,0.0029611042210975313,0.08,0.28025573322452607
/home/nszb/gym/mujoko/models/tilt_recovery_5530_candidates/model_5900.onnx,roll_-3_vx0.20,roll,0.2,-1,-3.0,0,2.9926737106037566,2.1204318652668697,0.06,0.06,2.0212672054073146,0.15936452406862908,0.052076765927359873,0.9630202651023865,0.006666666666666666,0.072,8.1681158823872,0.004954689275078424,0.12,0.27997311548489645
/home/nszb/gym/mujoko/models/tilt_recovery_5530_candidates/model_5900.onnx,roll_+3_vx0.20,roll,0.2,1,3.0,0,3.0094310806133557,2.1327719876519384,0.06,0.06,2.1327719876519384,0.15952692989130843,0.051833882258977344,0.9606566429138184,0.0026666666666666666,0.032,7.904126059484479,0.004973368217614228,0.11666666666666667,0.2798702595639729
/home/nszb/gym/mujoko/models/tilt_recovery_5530_candidates/model_5900.onnx,roll_-5_vx0.20,roll,0.2,-1,-5.0,0,4.949136139546453,2.308507827636183,0.06,0.06,2.004172731434301,0.15942616655877245,0.05183995746994255,0.9695502519607544,0.010666666666666666,0.12,8.48033986928914,0.004941451753272368,0.12,0.27970847613980376
/home/nszb/gym/mujoko/models/tilt_recovery_5530_candidates/model_5900.onnx,roll_+5_vx0.20,roll,0.2,1,5.0,0,4.953041418345489,2.05386041397159,0.08,0.06,2.05386041397159,0.15951816240768782,0.051609935651216576,0.9633756875991821,0.004333333333333333,0.048,8.361791828259776,0.004878608578400014,0.11666666666666667,0.2795913769742874
/home/nszb/gym/mujoko/models/tilt_recovery_5530_candidates/model_5900.onnx,roll_-8_vx0.20,roll,0.2,-1,-8.0,0,7.911879928609476,2.4303577341162006,0.1,0.1,2.0665173388428744,0.15943175099435025,0.05251074832895891,0.9824706315994263,0.007,0.076,8.50580778282653,0.004994930452586878,0.12333333333333334,0.2799673374277577
/home/nszb/gym/mujoko/models/tilt_recovery_5530_candidates/model_5900.onnx,roll_+8_vx0.20,roll,0.2,1,8.0,0,7.915062731185779,2.6794267945457584,0.3,0.26,2.0508175157076303,0.1595776409705957,0.05177515790434435,0.9684427976608276,0.007333333333333333,0.084,8.587080155821578,0.004888999673954772,0.12,0.27971045904682645
/home/nszb/gym/mujoko/models/tilt_recovery_5530_candidates/model_5900.onnx,push_-1_vx0.20,push,0.2,-1,-0.0,0,2.4320772657376293,2.4320772657376293,0.06000000000000005,0.06000000000000005,1.9799948755859242,0.15860126418854764,0.052252465776552605,0.9604779481887817,0.004,0.044,8.274429425616031,0.005240531060386315,0.12,0.2797927025952981
/home/nszb/gym/mujoko/models/tilt_recovery_5530_candidates/model_5900.onnx,push_+1_vx0.20,push,0.2,1,0.0,0,2.19037188061081,2.19037188061081,0.06000000000000005,0.06000000000000005,2.0344221708727224,0.159209646967176,0.05180046706434799,0.9731755256652832,0.018333333333333333,0.168,8.274429425616031,0.005278738951466371,0.14,0.2797927025952981
/home/nszb/gym/mujoko/models/tilt_recovery_5530_candidates/model_5900.onnx,roll_-3_vx0.35,roll,0.35,-1,-3.0,0,2.9904537939676055,2.472082933042147,0.06,0.06,2.472082933042147,0.273373692388902,0.06766045377911577,0.9765892624855042,0.006666666666666666,0.072,8.618311712964985,0.0071873896385293975,0.13,0.27671126176349153
/home/nszb/gym/mujoko/models/tilt_recovery_5530_candidates/model_5900.onnx,roll_+3_vx0.35,roll,0.35,1,3.0,0,3.0108975057665397,2.471566741311203,0.06,0.06,2.4383850654759014,0.274221595926841,0.06581273363789614,0.9736912846565247,0.003,0.032,8.302913572800607,0.006953945480047918,0.11333333333333333,0.2781996597085781
/home/nszb/gym/mujoko/models/tilt_recovery_5530_candidates/model_5900.onnx,roll_-5_vx0.35,roll,0.35,-1,-5.0,0,4.9288726478082525,2.4092802179036172,0.06,0.06,2.4092802179036172,0.27407554407391493,0.06559701638414525,0.9714669585227966,0.007666666666666666,0.088,8.855911434353251,0.006928111043407199,0.12,0.2767933642094091
/home/nszb/gym/mujoko/models/tilt_recovery_5530_candidates/model_5900.onnx,roll_+5_vx0.35,roll,0.35,1,5.0,0,4.949588847020082,2.384778168924185,0.08,0.06,2.384778168924185,0.2751606484163486,0.06553250623931894,0.9784919023513794,0.006333333333333333,0.064,8.21300521696511,0.006918933990534389,0.12,0.27621242861879874
/home/nszb/gym/mujoko/models/tilt_recovery_5530_candidates/model_5900.onnx,roll_-8_vx0.35,roll,0.35,-1,-8.0,0,7.891307202905674,2.5020837745374798,0.1,0.08,2.433547162380955,0.27499489515093967,0.06492992241893226,0.9744402766227722,0.009666666666666665,0.104,8.612659644006897,0.006829912516303131,0.10666666666666667,0.2767673046447123
/home/nszb/gym/mujoko/models/tilt_recovery_5530_candidates/model_5900.onnx,roll_+8_vx0.35,roll,0.35,1,8.0,0,7.9111513669988796,2.4582894150056744,0.1,0.24,2.433176091177457,0.27432562939396576,0.06604412481295832,0.9795587658882141,0.009666666666666665,0.08,8.781952524285082,0.0070036257543419035,0.11,0.2761894584540719
/home/nszb/gym/mujoko/models/tilt_recovery_5530_candidates/model_5900.onnx,push_-1_vx0.35,push,0.35,-1,-0.0,0,4.271858893761566,2.4608649823844893,0.28000000000000025,0.26000000000000023,4.271858893761566,0.2710598481902438,0.06507129436158957,0.9786643385887146,0.013999999999999999,0.14,8.50201174769797,0.007071294913612928,0.11,0.2768641900870406
/home/nszb/gym/mujoko/models/tilt_recovery_5530_candidates/model_5900.onnx,push_+1_vx0.35,push,0.35,1,0.0,0,2.4170524574471868,2.4170524574471868,0.06000000000000005,0.06000000000000005,2.4170524574471868,0.2727297531910455,0.0656821284999469,0.9786643385887146,0.019999999999999997,0.172,8.40931193907378,0.007253329764637684,0.13,0.2768641900870406
/home/nszb/gym/mujoko/models/tilt_recovery_5530_candidates/model_5900.onnx,saturated_-1_vx0.20,saturated,0.2,-1,-3.0,0,6.6182082523490156,6.6182082523490156,0.36,0.36,2.2001342709979146,0.1586680001680825,0.05553255824935588,0.972355842590332,0.004666666666666666,0.056,32.02762305736542,0.005300345329266742,0.12333333333333334,0.27885542264220975
/home/nszb/gym/mujoko/models/tilt_recovery_5530_candidates/model_5900.onnx,saturated_+1_vx0.20,saturated,0.2,1,3.0,0,5.141286108858213,2.1710274308586066,0.18,0.14,2.1710274308586066,0.15962179087796666,0.05307676316392962,0.973728597164154,0.007666666666666666,0.092,27.46272385120392,0.005071117716109541,0.12,0.2753818714729613
/home/nszb/gym/mujoko/models/tilt_recovery_5530_candidates/model_5925.onnx,roll_-3_vx0.12,roll,0.12,-1,-3.0,0,2.9897315150203023,2.4480923075028507,0.06,0.06,2.3565862918158738,0.08554626831284393,0.05104838981987289,0.9659062623977661,0.011333333333333332,0.136,8.04774587142748,0.003945893282769186,0.13333333333333333,0.2804400571173919
/home/nszb/gym/mujoko/models/tilt_recovery_5530_candidates/model_5925.onnx,roll_+3_vx0.12,roll,0.12,1,3.0,0,3.0129914576319203,2.455405298469436,0.06,0.06,2.412005453983633,0.08554805362194998,0.04980710654918832,0.9524611830711365,0.006333333333333333,0.076,7.982746557116226,0.003695435006442205,0.12666666666666668,0.279985264860994
/home/nszb/gym/mujoko/models/tilt_recovery_5530_candidates/model_5925.onnx,roll_-5_vx0.12,roll,0.12,-1,-5.0,0,4.95590667714425,2.4121714517116564,0.06,0.06,2.4121714517116564,0.08554670033762207,0.049220746015917645,0.9753302931785583,0.011666666666666665,0.136,8.335435120400788,0.0036954494615834355,0.12,0.27993660559800737
/home/nszb/gym/mujoko/models/tilt_recovery_5530_candidates/model_5925.onnx,roll_+5_vx0.12,roll,0.12,1,5.0,0,4.962261500133914,2.315012160952348,0.06,0.06,2.22111094685825,0.08555275876160924,0.04909508286089632,0.9611709117889404,0.008333333333333331,0.1,8.271155594497921,0.003652286702141548,0.12666666666666668,0.280407960129801
/home/nszb/gym/mujoko/models/tilt_recovery_5530_candidates/model_5925.onnx,roll_-8_vx0.12,roll,0.12,-1,-8.0,0,7.919383243552723,2.4302848160713553,0.12,0.12,2.4302848160713553,0.08540088230039093,0.051915593177011804,0.9867225289344788,0.009666666666666665,0.116,8.352592057859429,0.003994868111281084,0.13333333333333333,0.2795376760682978
/home/nszb/gym/mujoko/models/tilt_recovery_5530_candidates/model_5925.onnx,roll_+8_vx0.12,roll,0.12,1,8.0,0,7.925109640976946,3.2180672342464334,0.3,0.28,0.5879061944652237,0.08964246630563388,0.010288759022392681,0.9658560156822205,0.013,0.156,8.530092807914867,0.0018542677953214063,0.056666666666666664,0.28070496958080315
/home/nszb/gym/mujoko/models/tilt_recovery_5530_candidates/model_5925.onnx,push_-1_vx0.12,push,0.12,-1,-0.0,0,2.4006411296996215,2.4006411296996215,0.06000000000000005,0.06000000000000005,2.29018851612698,0.0848548580377513,0.049784155118971746,0.9560186862945557,0.008333333333333331,0.1,8.148753716500126,0.0038791278467166447,0.14,0.28016209128795455
/home/nszb/gym/mujoko/models/tilt_recovery_5530_candidates/model_5925.onnx,push_+1_vx0.12,push,0.12,1,0.0,0,2.44288258336126,1.3736192098554985,0.06000000000000005,0.06000000000000005,2.44288258336126,0.09042108842035577,0.010396769890243384,0.9694629311561584,0.01933333333333333,0.196,8.148753716500126,0.0018830574669483789,0.06,0.28016209128795455
/home/nszb/gym/mujoko/models/tilt_recovery_5530_candidates/model_5925.onnx,roll_-3_vx0.20,roll,0.2,-1,-3.0,0,2.993423532373431,2.0811132370525485,0.06,0.06,2.0544463614568307,0.15897437618836496,0.05223530452108584,0.9638479948043823,0.012666666666666666,0.136,8.16757059332007,0.004830025495260369,0.12333333333333334,0.2798563550082855
/home/nszb/gym/mujoko/models/tilt_recovery_5530_candidates/model_5925.onnx,roll_+3_vx0.20,roll,0.2,1,3.0,0,3.008778992547073,2.172609562052772,0.06,0.06,2.128864863382786,0.1588757401216343,0.052267676069914094,0.9620175361633301,0.006666666666666666,0.08,7.882622866140615,0.004841026526451851,0.12,0.2797788528045367
/home/nszb/gym/mujoko/models/tilt_recovery_5530_candidates/model_5925.onnx,roll_-5_vx0.20,roll,0.2,-1,-5.0,0,4.94990829949627,2.1649870409796566,0.06,0.06,1.9616570014295305,0.15899848241479078,0.05256925747692742,0.9696561694145203,0.015333333333333332,0.164,8.488974504117783,0.004848284295142966,0.12666666666666668,0.2796028081495266
/home/nszb/gym/mujoko/models/tilt_recovery_5530_candidates/model_5925.onnx,roll_+5_vx0.20,roll,0.2,1,5.0,0,4.952415500692639,2.1076582429383817,0.08,0.06,2.1076582429383817,0.15890619984368706,0.05288484228088874,0.9643449783325195,0.01,0.112,8.334877437882028,0.004882220397055659,0.12333333333333334,0.2794807724219948
/home/nszb/gym/mujoko/models/tilt_recovery_5530_candidates/model_5925.onnx,roll_-8_vx0.20,roll,0.2,-1,-8.0,0,7.912696921964542,2.333427300006365,0.1,0.1,2.0274806173988633,0.158798578917931,0.05299046582722414,0.982440173625946,0.014,0.156,8.529714085827315,0.004903624273211828,0.12666666666666668,0.2798813083650328
/home/nszb/gym/mujoko/models/tilt_recovery_5530_candidates/model_5925.onnx,roll_+8_vx0.20,roll,0.2,1,8.0,0,7.914475413158124,2.6783619205681193,0.26,0.26,2.114568107871231,0.15873031635772333,0.053374418478155924,0.9684687256813049,0.012999999999999998,0.136,8.567051198848274,0.004935561978661979,0.12,0.2795752874226078
/home/nszb/gym/mujoko/models/tilt_recovery_5530_candidates/model_5925.onnx,push_-1_vx0.20,push,0.2,-1,-0.0,0,2.4240694945815986,2.4240694945815986,0.06000000000000005,0.06000000000000005,2.011094744167166,0.15802679297687505,0.05168039681224256,0.9615622758865356,0.008666666666666666,0.1,8.254603564051296,0.005027949640860454,0.12,0.27973124876264865
/home/nszb/gym/mujoko/models/tilt_recovery_5530_candidates/model_5925.onnx,push_+1_vx0.20,push,0.2,1,0.0,0,2.1436368151928833,2.1436368151928833,0.06000000000000005,0.06000000000000005,2.1436368151928833,0.15773355663202998,0.05336446117120693,0.9734612703323364,0.021,0.204,8.254603564051296,0.005134721010969279,0.12,0.27973124876264865
/home/nszb/gym/mujoko/models/tilt_recovery_5530_candidates/model_5925.onnx,roll_-3_vx0.35,roll,0.35,-1,-3.0,0,2.9917034871138277,2.414963650904405,0.06,0.06,2.414963650904405,0.27396228266668177,0.06601631107201646,0.976905107498169,0.009,0.076,8.60404705348133,0.006840749090968452,0.13,0.2767270986419792
/home/nszb/gym/mujoko/models/tilt_recovery_5530_candidates/model_5925.onnx,roll_+3_vx0.35,roll,0.35,1,3.0,0,3.0097625229893397,2.29939977884206,0.06,0.06,2.29939977884206,0.27553256847707397,0.06442649225024973,0.9735907316207886,0.004333333333333333,0.048,8.065859692737067,0.006577776653049219,0.10666666666666667,0.2780356907022278
/home/nszb/gym/mujoko/models/tilt_recovery_5530_candidates/model_5925.onnx,roll_-5_vx0.35,roll,0.35,-1,-5.0,0,4.930435867505512,2.345712712685194,0.06,0.06,2.345712712685194,0.2743147109252518,0.06536086751830007,0.9717735648155212,0.01,0.104,8.881292533768738,0.006730063113463583,0.11666666666666667,0.27675726911875187
/home/nszb/gym/mujoko/models/tilt_recovery_5530_candidates/model_5925.onnx,roll_+5_vx0.35,roll,0.35,1,5.0,0,4.948616112451937,2.429644079663442,0.08,0.06,2.429644079663442,0.2737581444412015,0.06609819481921911,0.9782435297966003,0.006,0.06,8.402900238132041,0.006802909794861171,0.11,0.2761353814615895
/home/nszb/gym/mujoko/models/tilt_recovery_5530_candidates/model_5925.onnx,roll_-8_vx0.35,roll,0.35,-1,-8.0,0,7.89291519353309,2.3772988385284854,0.1,0.08,2.228905092377405,0.27469659932988083,0.06524729557820019,0.9746856093406677,0.012666666666666666,0.116,8.653838745596612,0.006729199912834159,0.11,0.2767267665108365
/home/nszb/gym/mujoko/models/tilt_recovery_5530_candidates/model_5925.onnx,roll_+8_vx0.35,roll,0.35,1,8.0,0,7.910231781308006,2.3868891454142322,0.1,0.12,2.3868891454142322,0.2739986921264125,0.06580743798003236,0.9793912172317505,0.013333333333333332,0.104,8.748006688294275,0.0067962034261320895,0.12666666666666668,0.276160727354493
/home/nszb/gym/mujoko/models/tilt_recovery_5530_candidates/model_5925.onnx,push_-1_vx0.35,push,0.35,-1,-0.0,0,4.340461036334926,2.433135606431153,0.26000000000000023,0.26000000000000023,4.340461036334926,0.2749216004572058,0.06318359009254038,0.9778493642807007,0.01633333333333333,0.156,9.425279849842196,0.006675119062286513,0.13,0.2768431236093208
/home/nszb/gym/mujoko/models/tilt_recovery_5530_candidates/model_5925.onnx,push_+1_vx0.35,push,0.35,1,0.0,0,2.427207139455887,2.427207139455887,0.06000000000000005,0.06000000000000005,2.427207139455887,0.27175363887577275,0.06492912688524255,0.9778493642807007,0.022333333333333334,0.192,8.36177266874888,0.006916250019781256,0.1,0.2768431236093208
/home/nszb/gym/mujoko/models/tilt_recovery_5530_candidates/model_5925.onnx,saturated_-1_vx0.20,saturated,0.2,-1,-3.0,0,5.8160673745040485,5.642870611406912,0.36,0.36,2.173704825294776,0.1585367952394002,0.055429744071014635,0.9770637154579163,0.009666666666666665,0.116,32.02762305736542,0.005125748716521563,0.12333333333333334,0.27803802845759573
/home/nszb/gym/mujoko/models/tilt_recovery_5530_candidates/model_5925.onnx,saturated_+1_vx0.20,saturated,0.2,1,3.0,0,5.141963651158812,2.392332502653658,0.18,0.14,2.1306901164744008,0.15900120297260428,0.053828202841583836,0.9738109111785889,0.009333333333333332,0.112,27.46272385120392,0.005016266835193816,0.11333333333333333,0.2753344725043086
/home/nszb/gym/mujoko/models/tilt_recovery_5530_candidates/model_5950.onnx,roll_-3_vx0.12,roll,0.12,-1,-3.0,0,2.9903553682701425,2.325980266887284,0.06,0.06,2.325980266887284,0.0857125702363405,0.05074850461820565,0.9660565853118896,0.012666666666666666,0.148,8.044323425303185,0.003725347422375207,0.13,0.28037291517779805
/home/nszb/gym/mujoko/models/tilt_recovery_5530_candidates/model_5950.onnx,roll_+3_vx0.12,roll,0.12,1,3.0,0,3.0125281987708226,2.347551119611546,0.06,0.06,2.2142608251523352,0.08575393985481745,0.05098672359018071,0.9547321200370789,0.010333333333333332,0.124,7.969858666413295,0.0037183408752695167,0.13,0.2798465404763125
/home/nszb/gym/mujoko/models/tilt_recovery_5530_candidates/model_5950.onnx,roll_-5_vx0.12,roll,0.12,-1,-5.0,0,4.9567488660683985,2.2324162478824627,0.06,0.06,2.2324162478824627,0.08689375171245511,0.031759108808228104,0.975508451461792,0.018333333333333337,0.208,8.347111843171744,0.0025679491357411465,0.09,0.2798845069310516
/home/nszb/gym/mujoko/models/tilt_recovery_5530_candidates/model_5950.onnx,roll_+5_vx0.12,roll,0.12,1,5.0,0,4.962020751162618,2.295759861607873,0.06,0.06,2.1997671789716415,0.08593381016795378,0.049405113673970186,0.963451623916626,0.011666666666666665,0.136,8.246867524085424,0.0035370958458542687,0.13,0.28025367434013804
/home/nszb/gym/mujoko/models/tilt_recovery_5530_candidates/model_5950.onnx,roll_-8_vx0.12,roll,0.12,-1,-8.0,0,7.920293837308738,2.42795490726712,0.12,0.12,2.42795490726712,0.08586411648083843,0.05124762363094594,0.9867810606956482,0.013333333333333332,0.16,8.38191856852782,0.003748317628605761,0.13333333333333333,0.2794638594650041
/home/nszb/gym/mujoko/models/tilt_recovery_5530_candidates/model_5950.onnx,roll_+8_vx0.12,roll,0.12,1,8.0,0,7.924966509957831,3.214473519815732,0.3,0.28,2.106825595402205,0.08589029328315158,0.04719612335649459,0.9667876362800598,0.013,0.156,8.521858292830743,0.003345748804944182,0.11333333333333333,0.2805281913000281
/home/nszb/gym/mujoko/models/tilt_recovery_5530_candidates/model_5950.onnx,push_-1_vx0.12,push,0.12,-1,-0.0,0,2.200072614833414,2.200072614833414,0.06000000000000005,0.06000000000000005,2.0546297712867414,0.08586060541969669,0.037626864463630914,0.958359956741333,0.011333333333333332,0.136,8.13429931374811,0.0025700380958669456,0.09,0.28006690904952203
/home/nszb/gym/mujoko/models/tilt_recovery_5530_candidates/model_5950.onnx,push_+1_vx0.12,push,0.12,1,0.0,0,2.41755325531144,1.5505671626615547,0.06000000000000005,0.06000000000000005,2.41755325531144,0.08962895315557746,0.011077310561023459,0.9757847785949707,0.022,0.224,8.13429931374811,0.0015473238624234957,0.05,0.28006690904952203
/home/nszb/gym/mujoko/models/tilt_recovery_5530_candidates/model_5950.onnx,roll_-3_vx0.20,roll,0.2,-1,-3.0,0,2.994013123700451,2.116382790634235,0.06,0.06,2.0314662051995716,0.15884330095543145,0.05335377636661049,0.9654650092124939,0.018,0.188,8.159634250070464,0.004779248759908806,0.12,0.27976675114521343
/home/nszb/gym/mujoko/models/tilt_recovery_5530_candidates/model_5950.onnx,roll_+3_vx0.20,roll,0.2,1,3.0,0,3.008303440682877,2.1410447521188822,0.06,0.06,2.11368990741254,0.15894344267391702,0.0531151607080298,0.9642829298973083,0.010333333333333332,0.12,7.856442489974622,0.004816877852236797,0.12666666666666668,0.27966175902621204
/home/nszb/gym/mujoko/models/tilt_recovery_5530_candidates/model_5950.onnx,roll_-5_vx0.20,roll,0.2,-1,-5.0,0,4.9507922641887445,2.1117629709308234,0.06,0.06,1.9823899734884303,0.15897203829454312,0.05295162973951131,0.9697496891021729,0.020666666666666663,0.22,8.498520225178538,0.004781151062732987,0.12,0.2795354307702709
/home/nszb/gym/mujoko/models/tilt_recovery_5530_candidates/model_5950.onnx,roll_+5_vx0.20,roll,0.2,1,5.0,0,4.952154648653885,2.077113430549454,0.08,0.06,2.0710835149752818,0.15896529456974454,0.05284943146498469,0.963850200176239,0.014,0.156,8.311668660689955,0.004740701476851384,0.12333333333333334,0.27935868239745193
/home/nszb/gym/mujoko/models/tilt_recovery_5530_candidates/model_5950.onnx,roll_-8_vx0.20,roll,0.2,-1,-8.0,0,7.913653738802165,2.2293576413212417,0.1,0.1,1.9739643147875197,0.15888869074122614,0.052722793518475024,0.9825133085250854,0.018666666666666665,0.208,8.563826299987127,0.0047048512485861815,0.12,0.2798118835648293
/home/nszb/gym/mujoko/models/tilt_recovery_5530_candidates/model_5950.onnx,roll_+8_vx0.20,roll,0.2,1,8.0,0,7.914291596253028,2.678991122390737,0.26,0.26,2.11470110259783,0.15877953532866382,0.05376819117889279,0.9693173766136169,0.018333333333333333,0.196,8.561647775512427,0.004864956230193495,0.12666666666666668,0.2794528101422355
/home/nszb/gym/mujoko/models/tilt_recovery_5530_candidates/model_5950.onnx,push_-1_vx0.20,push,0.2,-1,-0.0,0,2.6152503235467335,2.6152503235467335,0.06000000000000005,0.06000000000000005,2.0383299411426496,0.1581752525699739,0.052524778310295596,0.9635503888130188,0.013333333333333332,0.148,8.240039833195562,0.004884522715073201,0.12,0.279528427000935
/home/nszb/gym/mujoko/models/tilt_recovery_5530_candidates/model_5950.onnx,push_+1_vx0.20,push,0.2,1,0.0,0,2.168391211679993,2.168391211679993,0.06000000000000005,0.06000000000000005,2.168391211679993,0.15777978195270584,0.05396597210446541,0.9741849303245544,0.026666666666666665,0.26,8.240039833195562,0.005049083923253075,0.12,0.279528427000935
/home/nszb/gym/mujoko/models/tilt_recovery_5530_candidates/model_5950.onnx,roll_-3_vx0.35,roll,0.35,-1,-3.0,0,2.9923621555025544,2.4036602382136723,0.06,0.06,2.30105354257205,0.27500347056297214,0.06463678692959784,0.9773547053337097,0.014666666666666666,0.124,8.582982757109495,0.006478394609741839,0.10666666666666667,0.27668273482461964
/home/nszb/gym/mujoko/models/tilt_recovery_5530_candidates/model_5950.onnx,roll_+3_vx0.35,roll,0.35,1,3.0,0,3.0092188461225913,2.3817934309111233,0.06,0.06,2.3817934309111233,0.27460952734416394,0.06666851687843126,0.9735668301582336,0.006,0.068,8.045130944708749,0.00673710147869209,0.12,0.27800803298004795
/home/nszb/gym/mujoko/models/tilt_recovery_5530_candidates/model_5950.onnx,roll_-5_vx0.35,roll,0.35,-1,-5.0,0,4.931545585273709,2.4273525018660562,0.06,0.06,2.4273525018660562,0.2742884298549621,0.06669276438880542,0.9716964364051819,0.013333333333333332,0.132,8.900544286562884,0.006753832695718844,0.12333333333333334,0.2767232161293097
/home/nszb/gym/mujoko/models/tilt_recovery_5530_candidates/model_5950.onnx,roll_+5_vx0.35,roll,0.35,1,5.0,0,4.948372954935273,2.4016782434818373,0.08,0.06,2.4016782434818373,0.2748660568901574,0.06669228260580233,0.9786257147789001,0.009,0.088,8.145793256428945,0.006719563888859023,0.12666666666666668,0.27616453353389864
/home/nszb/gym/mujoko/models/tilt_recovery_5530_candidates/model_5950.onnx,roll_-8_vx0.35,roll,0.35,-1,-8.0,0,7.894072006930404,2.399575618987246,0.1,0.08,2.399575618987246,0.2759211067613604,0.06452656511025733,0.9749532341957092,0.016666666666666666,0.148,8.700161194551347,0.006502089942971354,0.12,0.27669338938641586
/home/nszb/gym/mujoko/models/tilt_recovery_5530_candidates/model_5950.onnx,roll_+8_vx0.35,roll,0.35,1,8.0,0,7.910057267824888,2.3622298321593216,0.1,0.12,2.3622298321593216,0.27472154429889467,0.06735351725811538,0.9796127080917358,0.015333333333333334,0.116,8.724063288515886,0.006832255334588589,0.12,0.27619555954453345
/home/nszb/gym/mujoko/models/tilt_recovery_5530_candidates/model_5950.onnx,push_-1_vx0.35,push,0.35,-1,-0.0,0,4.20919375430739,2.4200808742579047,0.28000000000000025,0.26000000000000023,4.20919375430739,0.27323895441872437,0.06670381558854083,0.97808837890625,0.021,0.188,9.252887633373895,0.0069815921118906955,0.12,0.27674273594133686
/home/nszb/gym/mujoko/models/tilt_recovery_5530_candidates/model_5950.onnx,push_+1_vx0.35,push,0.35,1,0.0,0,2.395157404786335,2.394232494387389,0.06000000000000005,0.06000000000000005,2.395157404786335,0.27361750161133325,0.06566336469042303,0.97808837890625,0.026666666666666665,0.212,8.335156268910087,0.006842259912456832,0.14,0.27674273594133686
/home/nszb/gym/mujoko/models/tilt_recovery_5530_candidates/model_5950.onnx,saturated_-1_vx0.20,saturated,0.2,-1,-3.0,0,5.816544124952951,5.650855038633033,0.36,0.36,2.1890128214867195,0.15854152783818318,0.0562838879485847,0.9774574637413025,0.012666666666666666,0.152,32.02762305736542,0.005089437788233243,0.12333333333333334,0.27802135393520155
/home/nszb/gym/mujoko/models/tilt_recovery_5530_candidates/model_5950.onnx,saturated_+1_vx0.20,saturated,0.2,1,3.0,0,5.1426536791435415,2.2181342755214124,0.14,0.14,2.175856939295637,0.15921507881105962,0.054618158291245486,0.9742833971977234,0.015,0.172,27.46272385120392,0.004925155392056763,0.12,0.2752971379042486
/home/nszb/gym/mujoko/models/tilt_recovery_5530_candidates/model_5975.onnx,roll_-3_vx0.12,roll,0.12,-1,-3.0,0,2.990203546123161,2.4731156088943553,0.06,0.06,2.4731156088943553,0.08500247628976183,0.05235050059433817,0.9662068486213684,0.018666666666666665,0.216,8.049050832235169,0.0037862426451097343,0.13666666666666666,0.28032363006309924
/home/nszb/gym/mujoko/models/tilt_recovery_5530_candidates/model_5975.onnx,roll_+3_vx0.12,roll,0.12,1,3.0,0,3.012787932184215,2.4209239833846494,0.06,0.06,2.4091497212353006,0.08486565202696635,0.052201531539883765,0.9566255807876587,0.014,0.168,7.9559880178204665,0.0037756098077589514,0.13333333333333333,0.2797351984389665
/home/nszb/gym/mujoko/models/tilt_recovery_5530_candidates/model_5975.onnx,roll_-5_vx0.12,roll,0.12,-1,-5.0,0,4.956912082839397,2.2919489243344273,0.06,0.06,2.2919489243344273,0.08497992835537668,0.050698401089772256,0.9756655097007751,0.019,0.212,8.362192627933249,0.003619354291516065,0.13333333333333333,0.2798664719510747
/home/nszb/gym/mujoko/models/tilt_recovery_5530_candidates/model_5975.onnx,roll_+5_vx0.12,roll,0.12,1,5.0,0,4.962121999919344,2.4798913880792166,0.06,0.06,2.2897926940613025,0.08478504555990682,0.05273294742843276,0.9650002717971802,0.015666666666666666,0.184,8.236088373094834,0.003869057417237769,0.14,0.2801220601850703
/home/nszb/gym/mujoko/models/tilt_recovery_5530_candidates/model_5975.onnx,roll_-8_vx0.12,roll,0.12,-1,-8.0,0,7.920500905996653,2.469470441093836,0.12,0.12,2.469470441093836,0.08479536545563511,0.052933942165953415,0.9868189692497253,0.015666666666666666,0.184,8.405155149680084,0.003865164683468868,0.13666666666666666,0.27943679857422526
/home/nszb/gym/mujoko/models/tilt_recovery_5530_candidates/model_5975.onnx,roll_+8_vx0.12,roll,0.12,1,8.0,0,7.925112072882171,3.2269166713468462,0.3,0.28,2.2022541382535326,0.08502099053229192,0.05190359517568274,0.9665060639381409,0.017666666666666664,0.2,8.510324299803433,0.003735854385684994,0.13333333333333333,0.2804167833661913
/home/nszb/gym/mujoko/models/tilt_recovery_5530_candidates/model_5975.onnx,push_-1_vx0.12,push,0.12,-1,-0.0,0,2.2571527919740078,2.2571527919740078,0.06000000000000005,0.06000000000000005,2.2571527919740078,0.08377820486828254,0.052406532660701416,0.9611390829086304,0.013666666666666666,0.164,8.120848763514877,0.003964246261103505,0.13,0.27998528370487336
/home/nszb/gym/mujoko/models/tilt_recovery_5530_candidates/model_5975.onnx,push_+1_vx0.12,push,0.12,1,0.0,0,2.180701659302188,2.180701659302188,0.06000000000000005,0.06000000000000005,2.180701659302188,0.08506122430353381,0.038724459759862634,0.974972128868103,0.027666666666666666,0.268,8.120848763514877,0.0025172804560636246,0.09,0.27998528370487336
/home/nszb/gym/mujoko/models/tilt_recovery_5530_candidates/model_5975.onnx,roll_-3_vx0.20,roll,0.2,-1,-3.0,0,2.9937967460469475,2.1353219763485445,0.06,0.06,2.090856781790588,0.15805771354521997,0.05426182055571319,0.9652374982833862,0.02333333333333333,0.244,8.180938719992117,0.004817296437272708,0.13,0.27951736189308135
/home/nszb/gym/mujoko/models/tilt_recovery_5530_candidates/model_5975.onnx,roll_+3_vx0.20,roll,0.2,1,3.0,0,3.008554610916917,2.153155394595198,0.06,0.06,2.153155394595198,0.15781582204088393,0.05363502088960199,0.9654268622398376,0.013,0.152,7.8287489045250656,0.004697772220155101,0.12,0.27959833457062006
/home/nszb/gym/mujoko/models/tilt_recovery_5530_candidates/model_5975.onnx,roll_-5_vx0.20,roll,0.2,-1,-5.0,0,4.950929595799001,2.1440054626013034,0.06,0.06,2.0400671342537495,0.15769179204471154,0.05448655374075502,0.9698674082756042,0.024333333333333332,0.26,8.51298179509708,0.004822388606094173,0.12333333333333334,0.27946668587438184
/home/nszb/gym/mujoko/models/tilt_recovery_5530_candidates/model_5975.onnx,roll_+5_vx0.20,roll,0.2,1,5.0,0,4.952343971242434,2.1440680532522416,0.08,0.06,2.1440680532522416,0.15766246955677105,0.054496985940777044,0.9633974432945251,0.017666666666666664,0.192,8.281962183444303,0.0048214972196594305,0.12333333333333334,0.27927722762479873
/home/nszb/gym/mujoko/models/tilt_recovery_5530_candidates/model_5975.onnx,roll_-8_vx0.20,roll,0.2,-1,-8.0,0,7.913840165419156,2.1619669415777873,0.1,0.1,2.0627886466732552,0.15766250695911982,0.05456738222234192,0.9825620651245117,0.021666666666666664,0.236,8.592298097174435,0.00483929066922205,0.12666666666666668,0.27975777674301033
/home/nszb/gym/mujoko/models/tilt_recovery_5530_candidates/model_5975.onnx,roll_+8_vx0.20,roll,0.2,1,8.0,0,7.914514595804508,2.718025764604617,0.26,0.26,2.143980103493901,0.15787358845053642,0.05407681005189526,0.9691455960273743,0.019666666666666666,0.212,8.549645892269549,0.004734613004792189,0.12666666666666668,0.27931974661410935
/home/nszb/gym/mujoko/models/tilt_recovery_5530_candidates/model_5975.onnx,push_-1_vx0.20,push,0.2,-1,-0.0,0,2.40416832649821,2.40416832649821,0.06000000000000005,0.06000000000000005,2.026089430174505,0.15655772255366032,0.05570973443961066,0.9649238586425781,0.015666666666666666,0.172,8.212933081195828,0.005192608874798987,0.13,0.27941704806173817
/home/nszb/gym/mujoko/models/tilt_recovery_5530_candidates/model_5975.onnx,push_+1_vx0.20,push,0.2,1,0.0,0,2.1619622658979263,2.1619622658979263,0.06000000000000005,0.06000000000000005,2.1619622658979263,0.15679722872654656,0.05392644484858163,0.9763484001159668,0.02833333333333333,0.276,8.212933081195828,0.0049892397399831,0.13,0.27941704806173817
/home/nszb/gym/mujoko/models/tilt_recovery_5530_candidates/model_5975.onnx,roll_-3_vx0.35,roll,0.35,-1,-3.0,0,2.9926603046858977,2.410962101271484,0.06,0.06,2.410962101271484,0.27426982918472925,0.06535636877941814,0.9771314859390259,0.022,0.192,8.577657567115102,0.006398737481859938,0.11666666666666667,0.27634472890894185
/home/nszb/gym/mujoko/models/tilt_recovery_5530_candidates/model_5975.onnx,roll_+3_vx0.35,roll,0.35,1,3.0,0,3.009004168089062,2.3594368989292365,0.06,0.06,2.353487548378866,0.2740544620604817,0.06587044755527732,0.9732537269592285,0.013333333333333332,0.148,8.036779622565415,0.006474471240310414,0.12,0.27791354417374675
/home/nszb/gym/mujoko/models/tilt_recovery_5530_candidates/model_5975.onnx,roll_-5_vx0.35,roll,0.35,-1,-5.0,0,4.9323536373881485,2.3776320588547355,0.06,0.06,2.347047184077709,0.2728727555374118,0.06696494435876207,0.9724768400192261,0.021666666666666667,0.2,8.92411652250469,0.006612296393847211,0.12,0.27669107021416806
/home/nszb/gym/mujoko/models/tilt_recovery_5530_candidates/model_5975.onnx,roll_+5_vx0.35,roll,0.35,1,5.0,0,4.948168967979154,2.4244900637829,0.08,0.06,2.2164405765030977,0.2737258122079044,0.06645371104397443,0.9785006046295166,0.016666666666666663,0.16,8.33588205348346,0.006546448465791548,0.13,0.276120581933638
/home/nszb/gym/mujoko/models/tilt_recovery_5530_candidates/model_5975.onnx,roll_-8_vx0.35,roll,0.35,-1,-8.0,0,7.894916431418997,2.4279356631599263,0.1,0.08,2.4279356631599263,0.2734954776132246,0.06733414959943368,0.9749026298522949,0.021666666666666664,0.196,8.73661765950954,0.006678104383512894,0.12666666666666668,0.27666030216359544
/home/nszb/gym/mujoko/models/tilt_recovery_5530_candidates/model_5975.onnx,roll_+8_vx0.35,roll,0.35,1,8.0,0,7.909902628401295,2.3436311058276624,0.1,0.12,2.2795099757441606,0.273356417538765,0.06712182773704635,0.9794079065322876,0.02033333333333333,0.188,8.687120649949588,0.006635750790655995,0.12333333333333334,0.2758847122648041
/home/nszb/gym/mujoko/models/tilt_recovery_5530_candidates/model_5975.onnx,push_-1_vx0.35,push,0.35,-1,-0.0,0,4.127230574457333,2.4160054288878707,0.28000000000000025,0.26000000000000023,4.127230574457333,0.2738927286149476,0.06561621475337347,0.9779252409934998,0.026999999999999993,0.224,8.562102216161684,0.006843681504667861,0.12,0.27667384430639286
/home/nszb/gym/mujoko/models/tilt_recovery_5530_candidates/model_5975.onnx,push_+1_vx0.35,push,0.35,1,0.0,0,2.3223382130065753,2.3223382130065753,0.06000000000000005,0.06000000000000005,2.3223382130065753,0.27190607484238494,0.06627808866849104,0.9779252409934998,0.03133333333333333,0.248,8.31547926429425,0.0066977185434941465,0.13,0.27667384430639286
/home/nszb/gym/mujoko/models/tilt_recovery_5530_candidates/model_5975.onnx,saturated_-1_vx0.20,saturated,0.2,-1,-3.0,0,5.815255572226644,5.661787673486945,0.36,0.36,2.246694601232652,0.15774977244048144,0.05609740711607375,0.9775296449661255,0.014666666666666665,0.176,32.02762305736542,0.0049351234239954035,0.11666666666666667,0.2779946065636308
/home/nszb/gym/mujoko/models/tilt_recovery_5530_candidates/model_5975.onnx,saturated_+1_vx0.20,saturated,0.2,1,3.0,0,5.143525749665247,2.2621319303283274,0.18,0.14,2.091573926228449,0.15827245369160178,0.05512145564616252,0.9743674397468567,0.018333333333333333,0.2,27.46272385120392,0.004869889097276195,0.11666666666666667,0.27527381677458174
/home/nszb/gym/mujoko/models/tilt_recovery_5530_candidates/model_6000.onnx,roll_-3_vx0.12,roll,0.12,-1,-3.0,0,2.9902862618015096,2.193545110287415,0.06,0.06,2.1636230225758677,0.08463498941792989,0.05091866843679379,0.9664117097854614,0.020666666666666663,0.232,8.043303653696626,0.003457157393081994,0.13333333333333333,0.2802339775718936
/home/nszb/gym/mujoko/models/tilt_recovery_5530_candidates/model_6000.onnx,roll_+3_vx0.12,roll,0.12,1,3.0,0,3.012786398390256,2.2421354075730777,0.06,0.06,2.201718319837156,0.08488826079444278,0.05078987003525712,0.9613471627235413,0.014666666666666665,0.176,7.972894898318243,0.00338691102186926,0.13,0.27986072513941374
/home/nszb/gym/mujoko/models/tilt_recovery_5530_candidates/model_6000.onnx,roll_-5_vx0.12,roll,0.12,-1,-5.0,0,4.956957644584865,2.3018311306109434,0.06,0.06,2.3018311306109434,0.08547971343582345,0.03594885463870655,0.9758517742156982,0.02933333333333333,0.308,8.371551003026658,0.0026879997104062832,0.09666666666666666,0.27980288128857045
/home/nszb/gym/mujoko/models/tilt_recovery_5530_candidates/model_6000.onnx,roll_+5_vx0.12,roll,0.12,1,5.0,0,4.962280448329364,2.252608598516159,0.06,0.06,2.252608598516159,0.0844685219006151,0.0511712006509151,0.9666551947593689,0.017999999999999995,0.2,8.208245874569759,0.003520379726365741,0.13333333333333333,0.2800315177299007
/home/nszb/gym/mujoko/models/tilt_recovery_5530_candidates/model_6000.onnx,roll_-8_vx0.12,roll,0.12,-1,-8.0,0,7.920581534455498,2.5317767079054976,0.12,0.12,2.5317767079054976,0.08447921771729064,0.053977869037725675,0.9869347214698792,0.018666666666666665,0.216,8.434055997845752,0.0038407265119919654,0.14,0.27935387984073695
/home/nszb/gym/mujoko/models/tilt_recovery_5530_candidates/model_6000.onnx,roll_+8_vx0.12,roll,0.12,1,8.0,0,7.925277237193502,3.226988861480372,0.3,0.28,2.218071625876821,0.08467822858606856,0.05199350685454893,0.9669753909111023,0.02033333333333333,0.224,8.483497921107086,0.0035656818195807355,0.13666666666666666,0.2803396923295708
/home/nszb/gym/mujoko/models/tilt_recovery_5530_candidates/model_6000.onnx,push_-1_vx0.12,push,0.12,-1,-0.0,0,2.2296408174695195,2.2296408174695195,0.06000000000000005,0.06000000000000005,2.2296408174695195,0.08338687583982471,0.05087040411489677,0.9623616337776184,0.01633333333333333,0.196,8.09467622322736,0.003630825545954617,0.12,0.27990113452024945
/home/nszb/gym/mujoko/models/tilt_recovery_5530_candidates/model_6000.onnx,push_+1_vx0.12,push,0.12,1,0.0,0,2.2631201890561545,1.3160591441283882,0.06000000000000005,0.06000000000000005,2.2631201890561545,0.08848331446522834,0.011291527059386165,0.9731725454330444,0.037,0.36,8.09467622322736,0.0015758233117397463,0.05,0.27990113452024945
/home/nszb/gym/mujoko/models/tilt_recovery_5530_candidates/model_6000.onnx,roll_-3_vx0.20,roll,0.2,-1,-3.0,0,2.9938723885505865,2.0755972100152924,0.06,0.06,2.0755972100152924,0.15717008776484073,0.05375747337954759,0.9666157364845276,0.023666666666666666,0.252,8.170908992925675,0.004543935200938074,0.12,0.2794272101020794
/home/nszb/gym/mujoko/models/tilt_recovery_5530_candidates/model_6000.onnx,roll_+3_vx0.20,roll,0.2,1,3.0,0,3.0085462801872542,2.09736605048335,0.06,0.06,2.09736605048335,0.15731132560993957,0.05469417286884903,0.9671992063522339,0.015999999999999997,0.184,7.786885924068143,0.004681901461908533,0.12666666666666668,0.2795111337518462
/home/nszb/gym/mujoko/models/tilt_recovery_5530_candidates/model_6000.onnx,roll_-5_vx0.20,roll,0.2,-1,-5.0,0,4.951009892501795,2.1137645278559622,0.06,0.06,2.0147571451431845,0.1571642559753436,0.05389417342800891,0.9700281620025635,0.026,0.276,8.518700038649472,0.004588102990679293,0.12,0.27940691590155725
/home/nszb/gym/mujoko/models/tilt_recovery_5530_candidates/model_6000.onnx,roll_+5_vx0.20,roll,0.2,1,5.0,0,4.952449046001081,2.2013653005136113,0.08,0.06,1.979913177999897,0.15731341807948884,0.05404585586601783,0.9647272825241089,0.019666666666666666,0.212,8.236927997644884,0.004605397873846327,0.12666666666666668,0.2791779686215804
/home/nszb/gym/mujoko/models/tilt_recovery_5530_candidates/model_6000.onnx,roll_-8_vx0.20,roll,0.2,-1,-8.0,0,7.913957341207055,2.129912300454458,0.1,0.1,2.1263153042312744,0.15714930082799858,0.053951780885692656,0.9827075600624084,0.024,0.26,8.621816632503936,0.004585316987869237,0.12,0.27971617704432616
/home/nszb/gym/mujoko/models/tilt_recovery_5530_candidates/model_6000.onnx,roll_+8_vx0.20,roll,0.2,1,8.0,0,7.914651598616331,2.7113026441479113,0.26,0.26,2.0788677317675415,0.15731740392801452,0.05445013367548344,0.9706770777702332,0.021,0.228,8.524172166892555,0.004653955985219562,0.12,0.2792247520163107
/home/nszb/gym/mujoko/models/tilt_recovery_5530_candidates/model_6000.onnx,push_-1_vx0.20,push,0.2,-1,-0.0,0,2.4946082083225742,2.4946082083225742,0.06000000000000005,0.06000000000000005,2.1399401208810565,0.15626155582219506,0.05328235779466249,0.9662396907806396,0.01933333333333333,0.2,8.164255943046903,0.004718512922508656,0.12,0.2792885389297348
/home/nszb/gym/mujoko/models/tilt_recovery_5530_candidates/model_6000.onnx,push_+1_vx0.20,push,0.2,1,0.0,0,2.0681373768013285,2.0681373768013285,0.06000000000000005,0.06000000000000005,2.0681373768013285,0.15632776097001458,0.05324589962991223,0.976361870765686,0.033,0.316,8.164255943046903,0.00470447081171454,0.12,0.2792885389297348
/home/nszb/gym/mujoko/models/tilt_recovery_5530_candidates/model_6000.onnx,roll_-3_vx0.35,roll,0.35,-1,-3.0,0,2.992900936253346,2.396484549476621,0.06,0.06,2.396484549476621,0.27232026448403396,0.06658474690762958,0.9774307012557983,0.026,0.208,8.554655600144283,0.006450976094774233,0.12666666666666668,0.27630010744936184
/home/nszb/gym/mujoko/models/tilt_recovery_5530_candidates/model_6000.onnx,roll_+3_vx0.35,roll,0.35,1,3.0,0,3.00883576329823,2.5959213185268486,0.06,0.06,2.5959213185268486,0.2725467812554187,0.0665438382744063,0.9730985760688782,0.015333333333333332,0.164,8.01675295832886,0.006408317173097864,0.12333333333333334,0.27787800956366115
/home/nszb/gym/mujoko/models/tilt_recovery_5530_candidates/model_6000.onnx,roll_-5_vx0.35,roll,0.35,-1,-5.0,0,4.932752172559571,2.461643679615321,0.06,0.06,2.461643679615321,0.27326559512756016,0.06669002208436368,0.9735795855522156,0.024666666666666663,0.22,8.933571484085803,0.0064623511464240125,0.12,0.276647965687379
/home/nszb/gym/mujoko/models/tilt_recovery_5530_candidates/model_6000.onnx,roll_+5_vx0.35,roll,0.35,1,5.0,0,4.948097737922488,2.3518604743373226,0.08,0.06,2.3518604743373226,0.2737922995503657,0.06574075503317413,0.9786862134933472,0.023,0.208,8.103710024605393,0.006338695831471455,0.12,0.2759449031934338
/home/nszb/gym/mujoko/models/tilt_recovery_5530_candidates/model_6000.onnx,roll_-8_vx0.35,roll,0.35,-1,-8.0,0,7.895346171907422,2.4438343422867868,0.1,0.08,2.4438343422867868,0.2729431107023341,0.06562026249256703,0.9750697612762451,0.028666666666666663,0.24,8.779916385585068,0.006331960568703005,0.10333333333333333,0.2766368918266804
/home/nszb/gym/mujoko/models/tilt_recovery_5530_candidates/model_6000.onnx,roll_+8_vx0.35,roll,0.35,1,8.0,0,7.909954196070633,2.4283127574312897,0.1,0.12,2.2161512325278943,0.2721663400123569,0.06726554660294021,0.9793609976768494,0.026666666666666665,0.224,9.808383193558594,0.006494744705590689,0.12333333333333334,0.2761601207385567
/home/nszb/gym/mujoko/models/tilt_recovery_5530_candidates/model_6000.onnx,push_-1_vx0.35,push,0.35,-1,-0.0,0,4.263517618935861,2.430860804525253,0.26000000000000023,0.26000000000000023,4.263517618935861,0.27397519888802746,0.06322937664708585,0.9780952334403992,0.034666666666666665,0.268,9.293427193237054,0.006314010901429598,0.15,0.27675503265399276
/home/nszb/gym/mujoko/models/tilt_recovery_5530_candidates/model_6000.onnx,push_+1_vx0.35,push,0.35,1,0.0,0,2.387083636707111,2.387083636707111,0.06000000000000005,0.06000000000000005,2.387083636707111,0.2712513716691495,0.06597543924520838,0.9780952334403992,0.03733333333333333,0.296,8.300152724865068,0.006494954588498097,0.12,0.27675503265399276
/home/nszb/gym/mujoko/models/tilt_recovery_5530_candidates/model_6000.onnx,saturated_-1_vx0.20,saturated,0.2,-1,-3.0,0,5.816992768546286,5.6478697206793465,0.36,0.36,2.1457793449366096,0.15817585037484694,0.054899068223135054,0.9777734875679016,0.017,0.2,32.02762305736542,0.004644182445075131,0.11666666666666667,0.2779726071237234
/home/nszb/gym/mujoko/models/tilt_recovery_5530_candidates/model_6000.onnx,saturated_+1_vx0.20,saturated,0.2,1,3.0,0,5.143354794578384,2.221771701900347,0.18,0.14,2.2095277600435557,0.15744044577794583,0.05650457769548063,0.9745888710021973,0.019666666666666666,0.212,27.46272385120392,0.0048447643595186185,0.13,0.27524200084878997
/home/nszb/gym/mujoko/models/tilt_recovery_5530_candidates/model_6025.onnx,roll_-3_vx0.12,roll,0.12,-1,-3.0,0,2.9903365188032307,2.239439300290076,0.06,0.06,2.239439300290076,0.08378634790598641,0.05155563264269463,0.9667897820472717,0.022666666666666665,0.244,8.048682440939965,0.003375770270246227,0.13333333333333333,0.2801921500104675
/home/nszb/gym/mujoko/models/tilt_recovery_5530_candidates/model_6025.onnx,roll_+3_vx0.12,roll,0.12,1,3.0,0,3.012900443398936,2.4042336148757113,0.06,0.06,2.2738336159909083,0.08376206062786802,0.053036000574433695,0.9633393287658691,0.017,0.204,7.961980546494096,0.00354554085098126,0.13666666666666666,0.2796156425152713
/home/nszb/gym/mujoko/models/tilt_recovery_5530_candidates/model_6025.onnx,roll_-5_vx0.12,roll,0.12,-1,-5.0,0,4.957123154505966,2.1740784198923286,0.06,0.06,2.1643947441146723,0.08376188219281445,0.05165265444698627,0.9761239290237427,0.02333333333333333,0.256,8.378677104390592,0.0034053145032672517,0.13333333333333333,0.2799208276276168
/home/nszb/gym/mujoko/models/tilt_recovery_5530_candidates/model_6025.onnx,roll_+5_vx0.12,roll,0.12,1,5.0,0,4.962437922612007,2.2345003753748567,0.06,0.06,2.1255396795258408,0.08363396680114625,0.05189812808047727,0.9672437310218811,0.020333333333333328,0.22,8.197674643798797,0.003466954433195114,0.13333333333333333,0.27991062967018965
/home/nszb/gym/mujoko/models/tilt_recovery_5530_candidates/model_6025.onnx,roll_-8_vx0.12,roll,0.12,-1,-8.0,0,7.920821103621841,2.3931523651200823,0.12,0.12,2.3931523651200823,0.08380914266508946,0.05267817708979038,0.9869920611381531,0.02,0.228,8.442571959678672,0.003499439115793811,0.13666666666666666,0.2793044537268438
/home/nszb/gym/mujoko/models/tilt_recovery_5530_candidates/model_6025.onnx,roll_+8_vx0.12,roll,0.12,1,8.0,0,7.925504772679204,3.1127952825425513,0.3,0.28,2.2905633029379557,0.08344114799493392,0.05360300274568458,0.9686068296432495,0.023666666666666666,0.26,8.417776486573903,0.0036724900909958155,0.13666666666666666,0.28019536937921075
/home/nszb/gym/mujoko/models/tilt_recovery_5530_candidates/model_6025.onnx,push_-1_vx0.12,push,0.12,-1,-0.0,0,2.174751515808345,2.174751515808345,0.06000000000000005,0.06000000000000005,2.174751515808345,0.08264023166013754,0.05106641813594393,0.9631150960922241,0.022333333333333334,0.24,8.090547177153345,0.003522324230109109,0.13,0.2798398801463796
/home/nszb/gym/mujoko/models/tilt_recovery_5530_candidates/model_6025.onnx,push_+1_vx0.12,push,0.12,1,0.0,0,2.2374521582837215,2.115610159972835,0.06000000000000005,0.06000000000000005,2.2374521582837215,0.08376180944662737,0.03938172179713556,0.9738036394119263,0.03533333333333333,0.344,8.090547177153345,0.0023725465648834357,0.09,0.2798398801463796
/home/nszb/gym/mujoko/models/tilt_recovery_5530_candidates/model_6025.onnx,roll_-3_vx0.20,roll,0.2,-1,-3.0,0,2.9939305767718998,2.1116069846684615,0.06,0.06,2.1116069846684615,0.15585487372339799,0.05400292445959642,0.966663658618927,0.025,0.264,8.175209471291703,0.004424481426294414,0.12,0.2796286391125048
/home/nszb/gym/mujoko/models/tilt_recovery_5530_candidates/model_6025.onnx,roll_+3_vx0.20,roll,0.2,1,3.0,0,3.008650364787808,2.070847405563436,0.06,0.06,2.070847405563436,0.15595356456705006,0.054287489599041845,0.9675664901733398,0.018666666666666665,0.204,7.7681629828293435,0.0044838362133257465,0.12333333333333334,0.27942156627630615
/home/nszb/gym/mujoko/models/tilt_recovery_5530_candidates/model_6025.onnx,roll_-5_vx0.20,roll,0.2,-1,-5.0,0,4.951253408348964,2.045815208889967,0.06,0.06,2.045815208889967,0.1559826789694729,0.054381319335678184,0.9703677296638489,0.026333333333333334,0.28,8.52701366279588,0.004510653996063708,0.12,0.2794829676557953
/home/nszb/gym/mujoko/models/tilt_recovery_5530_candidates/model_6025.onnx,roll_+5_vx0.20,roll,0.2,1,5.0,0,4.952517841834189,2.1481188829448516,0.08,0.06,2.1290138209204477,0.15624963557818228,0.05480309012302309,0.9647111892700195,0.020666666666666663,0.22,8.21721372870049,0.004556898756164812,0.13,0.27907688043680257
/home/nszb/gym/mujoko/models/tilt_recovery_5530_candidates/model_6025.onnx,roll_-8_vx0.20,roll,0.2,-1,-8.0,0,7.914278466869043,2.1412801618855837,0.1,0.1,2.1412801618855837,0.15592407253555665,0.054211544738154795,0.9830150604248047,0.026,0.28,8.690204117345745,0.0045050082584416045,0.12,0.2794813445592998
/home/nszb/gym/mujoko/models/tilt_recovery_5530_candidates/model_6025.onnx,roll_+8_vx0.20,roll,0.2,1,8.0,0,7.914772856087583,2.7245469940040627,0.26,0.26,2.119008134738694,0.15591535726831504,0.054610233567016865,0.9710394144058228,0.024333333333333332,0.26,8.513498603585106,0.004539288808537701,0.12333333333333334,0.27911622648881557
/home/nszb/gym/mujoko/models/tilt_recovery_5530_candidates/model_6025.onnx,push_-1_vx0.20,push,0.2,-1,-0.0,0,2.388891617877119,2.388891617877119,0.06000000000000005,0.06000000000000005,2.015773971600813,0.154986133641547,0.05370586643046323,0.9673319458961487,0.022333333333333334,0.22,8.145076397761233,0.004634387404025683,0.13,0.2791702654590537
/home/nszb/gym/mujoko/models/tilt_recovery_5530_candidates/model_6025.onnx,push_+1_vx0.20,push,0.2,1,0.0,0,2.0467356973816395,2.002035154523544,0.06000000000000005,0.06000000000000005,2.0467356973816395,0.1553552077151023,0.053286464735993314,0.97696453332901,0.036,0.332,8.145076397761233,0.0045616304219445215,0.12,0.2791702654590537
/home/nszb/gym/mujoko/models/tilt_recovery_5530_candidates/model_6025.onnx,roll_-3_vx0.35,roll,0.35,-1,-3.0,0,2.99334851922127,2.4122887550225207,0.06,0.06,2.4122887550225207,0.27263287955733073,0.06479502505464368,0.9772441983222961,0.032,0.244,8.582137027264038,0.00605039902573088,0.11666666666666667,0.27628167159771705
/home/nszb/gym/mujoko/models/tilt_recovery_5530_candidates/model_6025.onnx,roll_+3_vx0.35,roll,0.35,1,3.0,0,3.008508793028986,2.5320132044551786,0.06,0.06,2.5320132044551786,0.27278155361976447,0.0653347270446361,0.9726674556732178,0.021,0.176,7.9607324729134685,0.006121513665929594,0.1,0.27783138934635404
/home/nszb/gym/mujoko/models/tilt_recovery_5530_candidates/model_6025.onnx,roll_-5_vx0.35,roll,0.35,-1,-5.0,0,4.933578078661103,2.3730118432346954,0.06,0.06,2.3730118432346954,0.27199608555693944,0.06773849312548784,0.9732238054275513,0.03,0.228,8.944398453231607,0.006463648791340531,0.12666666666666668,0.27660634740222234
/home/nszb/gym/mujoko/models/tilt_recovery_5530_candidates/model_6025.onnx,roll_+5_vx0.35,roll,0.35,1,5.0,0,4.94782436083964,2.340103027127081,0.08,0.06,2.2715520510179124,0.27175897874268157,0.06690887417745622,0.9782317876815796,0.024333333333333332,0.192,8.049716515586757,0.006333614449068957,0.11333333333333333,0.27601516535102305
/home/nszb/gym/mujoko/models/tilt_recovery_5530_candidates/model_6025.onnx,roll_-8_vx0.35,roll,0.35,-1,-8.0,0,7.8962248867626945,2.3569123486110004,0.1,0.08,2.3569123486110004,0.27145663117194935,0.06686093555297641,0.9746542572975159,0.03133333333333333,0.236,8.802593037079681,0.0063118926657486744,0.1,0.276606324864041
/home/nszb/gym/mujoko/models/tilt_recovery_5530_candidates/model_6025.onnx,roll_+8_vx0.35,roll,0.35,1,8.0,0,7.909712760110617,2.4140661252381177,0.1,0.24,2.3327044529745193,0.2719181352731578,0.06674037919281005,0.9789595007896423,0.029666666666666664,0.22,9.780733799418933,0.006306795780161995,0.11666666666666667,0.2761223729474009
/home/nszb/gym/mujoko/models/tilt_recovery_5530_candidates/model_6025.onnx,push_-1_vx0.35,push,0.35,-1,-0.0,0,3.97083435930257,2.311898155042975,0.28000000000000025,0.26000000000000023,3.97083435930257,0.27015533948596,0.0675038929525299,0.9776740074157715,0.037,0.276,9.14417186264866,0.0066478365332917925,0.13,0.27672956701199053
/home/nszb/gym/mujoko/models/tilt_recovery_5530_candidates/model_6025.onnx,push_+1_vx0.35,push,0.35,1,0.0,0,2.349616428142154,2.349616428142154,0.06000000000000005,0.06000000000000005,2.349616428142154,0.26918099785206634,0.06542682951618789,0.9776740074157715,0.043,0.316,8.242645515152828,0.006326301072877654,0.09,0.27672956701199053
/home/nszb/gym/mujoko/models/tilt_recovery_5530_candidates/model_6025.onnx,saturated_-1_vx0.20,saturated,0.2,-1,-3.0,0,5.813749372191947,5.6570304780591005,0.36,0.36,2.0490877937136216,0.1576621459268936,0.05277538771517449,0.9780272245407104,0.019666666666666666,0.22,32.02762305736542,0.004242014829317981,0.11333333333333333,0.27794988630421774
/home/nszb/gym/mujoko/models/tilt_recovery_5530_candidates/model_6025.onnx,saturated_+1_vx0.20,saturated,0.2,1,3.0,0,5.144638933791869,2.209785323781737,0.14,0.14,2.209785323781737,0.15633766495289886,0.05636291145898643,0.9741711020469666,0.023666666666666666,0.24,27.46272385120392,0.004695897922193612,0.13,0.2752265637866288
/home/nszb/gym/mujoko/models/tilt_recovery_5530_candidates/model_6050.onnx,roll_-3_vx0.12,roll,0.12,-1,-3.0,0,2.9904177536820185,2.2534330805794847,0.06,0.06,2.2534330805794847,0.0834326330227402,0.05193588605340374,0.9667713642120361,0.025,0.268,8.044500108692528,0.0033747723171225754,0.13333333333333333,0.2801189980034669
/home/nszb/gym/mujoko/models/tilt_recovery_5530_candidates/model_6050.onnx,roll_+3_vx0.12,roll,0.12,1,3.0,0,3.0129419837404,2.3084945770440233,0.06,0.06,2.1413717233667837,0.08381956241218605,0.05158838714446933,0.9640395641326904,0.017333333333333333,0.204,7.943159915563477,0.003264144097802795,0.13333333333333333,0.279513398409197
/home/nszb/gym/mujoko/models/tilt_recovery_5530_candidates/model_6050.onnx,roll_-5_vx0.12,roll,0.12,-1,-5.0,0,4.957361286973799,2.266052594388499,0.06,0.06,2.266052594388499,0.083474319612185,0.05272214332432304,0.9761237502098083,0.02533333333333333,0.272,8.39700265365922,0.00348705329580951,0.13666666666666666,0.2798473643994233
/home/nszb/gym/mujoko/models/tilt_recovery_5530_candidates/model_6050.onnx,roll_+5_vx0.12,roll,0.12,1,5.0,0,4.962363514076487,2.5062825200613843,0.06,0.06,2.219151215748676,0.08334202858105393,0.05263549524386992,0.9682274460792542,0.02333333333333333,0.248,8.18075146797709,0.003497873859793997,0.13666666666666666,0.27980322544038483
/home/nszb/gym/mujoko/models/tilt_recovery_5530_candidates/model_6050.onnx,roll_-8_vx0.12,roll,0.12,-1,-8.0,0,7.9211133154616675,2.24484234570885,0.12,0.12,2.24484234570885,0.08336117107656334,0.052604664097881844,0.9870483875274658,0.02233333333333333,0.244,8.482626012339164,0.0034573933580814547,0.13333333333333333,0.279224119020519
/home/nszb/gym/mujoko/models/tilt_recovery_5530_candidates/model_6050.onnx,roll_+8_vx0.12,roll,0.12,1,8.0,0,7.925466032574959,3.13221672104102,0.3,0.28,2.1674921988017264,0.08351642500187545,0.0525904450532455,0.96982741355896,0.020666666666666663,0.228,8.404486822678598,0.003460341802699413,0.13333333333333333,0.28014124390383077
/home/nszb/gym/mujoko/models/tilt_recovery_5530_candidates/model_6050.onnx,push_-1_vx0.12,push,0.12,-1,-0.0,0,2.1926277302958646,2.1926277302958646,0.06000000000000005,0.06000000000000005,2.1926277302958646,0.08247493955656558,0.051218698534285484,0.9645810127258301,0.02,0.224,8.058065325226783,0.0034612368016016604,0.13,0.27970378176503236
/home/nszb/gym/mujoko/models/tilt_recovery_5530_candidates/model_6050.onnx,push_+1_vx0.12,push,0.12,1,0.0,0,2.2297201453263478,2.129338504089469,0.06000000000000005,0.06000000000000005,2.2297201453263478,0.08347003113672398,0.03975551452897084,0.9749244451522827,0.038,0.368,8.058065325226783,0.002362187278178241,0.09,0.27970378176503236
/home/nszb/gym/mujoko/models/tilt_recovery_5530_candidates/model_6050.onnx,roll_-3_vx0.20,roll,0.2,-1,-3.0,0,2.993950876836609,2.123631504764458,0.06,0.06,2.123631504764458,0.15557957418835944,0.054812840389537716,0.9685792326927185,0.029999999999999995,0.276,8.168564426170459,0.004483512650402918,0.12333333333333334,0.2793047828935873
/home/nszb/gym/mujoko/models/tilt_recovery_5530_candidates/model_6050.onnx,roll_+3_vx0.20,roll,0.2,1,3.0,0,3.008705247811543,2.0808439092455995,0.06,0.06,2.0808439092455995,0.15550192905754293,0.054527404744764155,0.9686822891235352,0.022333333333333334,0.216,7.741178044919911,0.004475061423135977,0.12333333333333334,0.2793550298787001
/home/nszb/gym/mujoko/models/tilt_recovery_5530_candidates/model_6050.onnx,roll_-5_vx0.20,roll,0.2,-1,-5.0,0,4.951377891399549,2.1536838855445164,0.06,0.06,2.0056459521164447,0.15560526387150334,0.05488265757566726,0.970269501209259,0.029999999999999995,0.28,8.538910182454185,0.004470689176347209,0.12666666666666668,0.27929409207598754
/home/nszb/gym/mujoko/models/tilt_recovery_5530_candidates/model_6050.onnx,roll_+5_vx0.20,roll,0.2,1,5.0,0,4.952460349319427,2.071177841279627,0.08,0.06,1.995662069774816,0.1554632554180409,0.05461480906353869,0.9655636548995972,0.024333333333333332,0.22,8.188959351785147,0.004445781213127006,0.11333333333333333,0.2790118956226372
/home/nszb/gym/mujoko/models/tilt_recovery_5530_candidates/model_6050.onnx,roll_-8_vx0.20,roll,0.2,-1,-8.0,0,7.914458735124746,2.091399036876569,0.1,0.1,2.091399036876569,0.1555598112507026,0.05454985644985253,0.982843279838562,0.03033333333333333,0.28,8.743000035363865,0.004473303622531818,0.12333333333333334,0.2794933527102176
/home/nszb/gym/mujoko/models/tilt_recovery_5530_candidates/model_6050.onnx,roll_+8_vx0.20,roll,0.2,1,8.0,0,7.914741695830445,2.739916221299365,0.26,0.26,2.1575340357779433,0.15553892968211572,0.05494349156452761,0.9720131754875183,0.028333333333333332,0.264,8.500509377015826,0.0044966756551937746,0.12333333333333334,0.279045958246426
/home/nszb/gym/mujoko/models/tilt_recovery_5530_candidates/model_6050.onnx,push_-1_vx0.20,push,0.2,-1,-0.0,0,2.522857052270988,2.522857052270988,0.06000000000000005,0.06000000000000005,2.0727788508255016,0.15489173895828398,0.054337918096172784,0.9683944582939148,0.025999999999999995,0.228,8.115132964371954,0.00462243727030941,0.11,0.2790786312960672
/home/nszb/gym/mujoko/models/tilt_recovery_5530_candidates/model_6050.onnx,push_+1_vx0.20,push,0.2,1,0.0,0,2.0862585681630725,2.078159799685715,0.06000000000000005,0.06000000000000005,2.0862585681630725,0.1541003532556394,0.05581352534329057,0.977860152721405,0.03833333333333333,0.332,8.115132964371954,0.004800458551471071,0.11,0.2790786312960672
/home/nszb/gym/mujoko/models/tilt_recovery_5530_candidates/model_6050.onnx,roll_-3_vx0.35,roll,0.35,-1,-3.0,0,2.993659590109433,2.4467648605191226,0.06,0.06,2.4467648605191226,0.2722655568744042,0.06644416402399812,0.9771891832351685,0.034,0.256,8.5696739981173,0.006196200968028539,0.11666666666666667,0.27630032228797763
/home/nszb/gym/mujoko/models/tilt_recovery_5530_candidates/model_6050.onnx,roll_+3_vx0.35,roll,0.35,1,3.0,0,3.008287583195627,2.4591944614010894,0.06,0.06,2.4591944614010894,0.2724793974097047,0.06604912092665466,0.9726049900054932,0.02533333333333333,0.212,7.936047036609798,0.006108858775106078,0.11333333333333333,0.27783193099538495
/home/nszb/gym/mujoko/models/tilt_recovery_5530_candidates/model_6050.onnx,roll_-5_vx0.35,roll,0.35,-1,-5.0,0,4.933947854517715,2.3324211048372336,0.06,0.06,2.3324211048372336,0.27224325899565727,0.06654935321471432,0.9733482003211975,0.033666666666666664,0.256,8.966425033474511,0.006164990703680786,0.11,0.27662042754296384
/home/nszb/gym/mujoko/models/tilt_recovery_5530_candidates/model_6050.onnx,roll_+5_vx0.35,roll,0.35,1,5.0,0,4.947494690530061,2.3580336588003497,0.08,0.06,2.264015204714146,0.27184306025174226,0.0662377654697205,0.978123128414154,0.027333333333333328,0.208,8.048409641358264,0.006106046950656559,0.10666666666666667,0.2759207286436682
/home/nszb/gym/mujoko/models/tilt_recovery_5530_candidates/model_6050.onnx,roll_-8_vx0.35,roll,0.35,-1,-8.0,0,7.896637176069761,2.4070522703798876,0.1,0.08,2.4070522703798876,0.27222893360405287,0.06701506081064641,0.9747558236122131,0.033,0.264,8.843858689473922,0.006237144785648504,0.13,0.27663449006977114
/home/nszb/gym/mujoko/models/tilt_recovery_5530_candidates/model_6050.onnx,roll_+8_vx0.35,roll,0.35,1,8.0,0,7.9093040655699705,2.3284502290550098,0.1,0.1,2.296350655057204,0.27202070152470403,0.06501052847960646,0.9786492586135864,0.029333333333333333,0.228,9.732547973027163,0.005971730671183085,0.09333333333333334,0.27582277240601366
/home/nszb/gym/mujoko/models/tilt_recovery_5530_candidates/model_6050.onnx,push_-1_vx0.35,push,0.35,-1,-0.0,0,3.543728822368973,2.3304483033907983,0.28000000000000025,0.26000000000000023,3.543728822368973,0.2714266310340116,0.06399893137184447,0.9774978756904602,0.03566666666666666,0.28,8.762403988244452,0.006143056411120122,0.09,0.27662243205560505
/home/nszb/gym/mujoko/models/tilt_recovery_5530_candidates/model_6050.onnx,push_+1_vx0.35,push,0.35,1,0.0,0,2.3739093505986566,2.3739093505986566,0.06000000000000005,0.06000000000000005,2.3380993763306184,0.27110978065300084,0.06603787965856273,0.9774978756904602,0.04299999999999999,0.328,8.231554017158405,0.006323588832103014,0.1,0.27662243205560505
/home/nszb/gym/mujoko/models/tilt_recovery_5530_candidates/model_6050.onnx,saturated_-1_vx0.20,saturated,0.2,-1,-3.0,0,5.81598776468244,5.643745811327283,0.36,0.36,2.1961118454354067,0.15612175496073846,0.056477242698598835,0.9779166579246521,0.023,0.232,32.02762305736542,0.004581896875897217,0.12,0.2779363862724156
/home/nszb/gym/mujoko/models/tilt_recovery_5530_candidates/model_6050.onnx,saturated_+1_vx0.20,saturated,0.2,1,3.0,0,5.146180741530788,2.2950186646424076,0.14,0.14,2.024651019386403,0.15574763750083528,0.05700443451318327,0.9743120074272156,0.026333333333333334,0.248,27.46272385120392,0.004703316911538024,0.12333333333333334,0.27519585044585265
/home/nszb/gym/mujoko/models/tilt_recovery_5530_candidates/model_6075.onnx,roll_-3_vx0.12,roll,0.12,-1,-3.0,0,2.9906745873898064,2.2096177597265556,0.06,0.06,2.125287538805007,0.0844593368038647,0.05229824544572199,0.9667674899101257,0.023,0.252,8.044590342414455,0.0032644754916190035,0.13666666666666666,0.28008346794505024
/home/nszb/gym/mujoko/models/tilt_recovery_5530_candidates/model_6075.onnx,roll_+3_vx0.12,roll,0.12,1,3.0,0,3.0128383345421086,2.2072223853832615,0.06,0.06,2.2072223853832615,0.08441660621628971,0.05218264894227773,0.9646741151809692,0.019666666666666666,0.22,7.9371488740981295,0.003251191437043699,0.13,0.2794431366338913
/home/nszb/gym/mujoko/models/tilt_recovery_5530_candidates/model_6075.onnx,roll_-5_vx0.12,roll,0.12,-1,-5.0,0,4.9576081989028,2.207887996751568,0.06,0.06,2.207887996751568,0.08441755200677178,0.05132846674058535,0.9764432311058044,0.028333333333333335,0.304,8.420155547803443,0.0031897975332178786,0.13333333333333333,0.2799483814092434
/home/nszb/gym/mujoko/models/tilt_recovery_5530_candidates/model_6075.onnx,roll_+5_vx0.12,roll,0.12,1,5.0,0,4.962456506999449,2.1876658471492276,0.06,0.06,2.1876658471492276,0.08424910807443521,0.05290627722105886,0.9684761762619019,0.021333333333333333,0.232,8.174180509761708,0.0033342185152804567,0.13,0.28008821930156297
/home/nszb/gym/mujoko/models/tilt_recovery_5530_candidates/model_6075.onnx,roll_-8_vx0.12,roll,0.12,-1,-8.0,0,7.9214399318215225,2.218123307081958,0.12,0.12,2.1163132640068434,0.08445731883759568,0.053049458112839454,0.9870060682296753,0.023666666666666666,0.26,8.498412636147421,0.0033537770067529967,0.14,0.27916095997859414
/home/nszb/gym/mujoko/models/tilt_recovery_5530_candidates/model_6075.onnx,roll_+8_vx0.12,roll,0.12,1,8.0,0,7.925665001213427,3.159463980299219,0.3,0.28,2.2022158447483138,0.08443274747333307,0.05269897556575403,0.970592737197876,0.024,0.264,8.398280224846618,0.0033169848118779423,0.13666666666666666,0.28006827830861303
/home/nszb/gym/mujoko/models/tilt_recovery_5530_candidates/model_6075.onnx,push_-1_vx0.12,push,0.12,-1,-0.0,0,2.176519918696953,2.176519918696953,0.06000000000000005,0.06000000000000005,2.176519918696953,0.08285766781434083,0.05322072338622842,0.9656093716621399,0.024333333333333332,0.248,7.999971077108239,0.003617259563864276,0.13,0.2796460711154276
/home/nszb/gym/mujoko/models/tilt_recovery_5530_candidates/model_6075.onnx,push_+1_vx0.12,push,0.12,1,0.0,0,2.2987492829993363,2.098145756206921,0.06000000000000005,0.06000000000000005,2.2987492829993363,0.08428086812807299,0.04001230765822787,0.9756240248680115,0.043,0.42,7.999971077108239,0.00231296320765549,0.09,0.2796460711154276
/home/nszb/gym/mujoko/models/tilt_recovery_5530_candidates/model_6075.onnx,roll_-3_vx0.20,roll,0.2,-1,-3.0,0,2.9941784430184297,2.2797411790045845,0.06,0.06,2.2797411790045845,0.15655419872997894,0.05555623926764961,0.9696546792984009,0.03633333333333333,0.296,8.166551934963403,0.004463998653083292,0.13333333333333333,0.27921670894023654
/home/nszb/gym/mujoko/models/tilt_recovery_5530_candidates/model_6075.onnx,roll_+3_vx0.20,roll,0.2,1,3.0,0,3.008605578455704,2.150563177170359,0.06,0.06,2.050184674463137,0.1565180915045007,0.05517447941721913,0.965654730796814,0.029,0.232,7.747916840409605,0.004388709930990844,0.12333333333333334,0.27921784143302186
/home/nszb/gym/mujoko/models/tilt_recovery_5530_candidates/model_6075.onnx,roll_-5_vx0.20,roll,0.2,-1,-5.0,0,4.951587065553473,2.1004359255367664,0.06,0.06,2.1004359255367664,0.15652534707395968,0.05540903508115171,0.9702187180519104,0.03666666666666667,0.312,8.542724060791333,0.004428937634148435,0.13,0.2792455234635307
/home/nszb/gym/mujoko/models/tilt_recovery_5530_candidates/model_6075.onnx,roll_+5_vx0.20,roll,0.2,1,5.0,0,4.952548658318554,2.0180207851490706,0.08,0.06,2.0074273676027024,0.15622692356853013,0.054581663454420476,0.9659343361854553,0.02933333333333333,0.236,8.177707133392211,0.004335818738117088,0.11333333333333333,0.27893136197271756
/home/nszb/gym/mujoko/models/tilt_recovery_5530_candidates/model_6075.onnx,roll_-8_vx0.20,roll,0.2,-1,-8.0,0,7.914740438053343,2.1232588952495304,0.1,0.1,2.1232588952495304,0.15648144294897462,0.05475671005745825,0.9827655553817749,0.035,0.288,8.755811136229095,0.004354202545241212,0.12,0.2794111642567673
/home/nszb/gym/mujoko/models/tilt_recovery_5530_candidates/model_6075.onnx,roll_+8_vx0.20,roll,0.2,1,8.0,0,7.914912786908059,2.7740794381642946,0.26,0.26,1.9900021362248392,0.15647855215678164,0.05541755351723019,0.9724544286727905,0.034666666666666665,0.288,8.495271977063751,0.004445103158836732,0.13,0.27896568565868907
/home/nszb/gym/mujoko/models/tilt_recovery_5530_candidates/model_6075.onnx,push_-1_vx0.20,push,0.2,-1,-0.0,0,2.393717612695046,2.393717612695046,0.06000000000000005,0.06000000000000005,2.0128831863388332,0.15613015883934683,0.05471387578288709,0.9689799547195435,0.03166666666666666,0.252,8.096179026457945,0.004525124328359946,0.13,0.2792779197655179
/home/nszb/gym/mujoko/models/tilt_recovery_5530_candidates/model_6075.onnx,push_+1_vx0.20,push,0.2,1,0.0,0,2.057446756003989,2.057446756003989,0.06000000000000005,0.06000000000000005,2.0351565134467107,0.15563754494134907,0.05465222336029669,0.977766215801239,0.043666666666666666,0.36,8.096179026457945,0.004526754133807785,0.11,0.2792779197655179
/home/nszb/gym/mujoko/models/tilt_recovery_5530_candidates/model_6075.onnx,roll_-3_vx0.35,roll,0.35,-1,-3.0,0,2.9938650270234994,2.4390969100265294,0.06,0.06,2.4390969100265294,0.2724157109338949,0.06713770214779122,0.9777085781097412,0.03599999999999999,0.26,8.563852742429356,0.006100432851113864,0.1,0.27619686601720195
/home/nszb/gym/mujoko/models/tilt_recovery_5530_candidates/model_6075.onnx,roll_+3_vx0.35,roll,0.35,1,3.0,0,3.0081882281683616,2.3787153541731123,0.06,0.06,2.183778538049025,0.2729848826876883,0.06660880891452002,0.9729452729225159,0.028999999999999998,0.232,7.925375351336879,0.006037744764248202,0.11333333333333333,0.27714834287201146
/home/nszb/gym/mujoko/models/tilt_recovery_5530_candidates/model_6075.onnx,roll_-5_vx0.35,roll,0.35,-1,-5.0,0,4.934162508127681,2.3079946827769695,0.06,0.06,2.3079946827769695,0.2720630851308991,0.06660326197416452,0.9737048745155334,0.03866666666666666,0.284,8.95997106671018,0.006132542471387834,0.11333333333333333,0.27653584722905455
/home/nszb/gym/mujoko/models/tilt_recovery_5530_candidates/model_6075.onnx,roll_+5_vx0.35,roll,0.35,1,5.0,0,4.947553159828634,2.286629681010984,0.08,0.06,2.1614032410068726,0.2724602268399149,0.0662649631258939,0.9781379103660583,0.030666666666666665,0.228,8.160269693242466,0.006030891564285894,0.11333333333333333,0.2758349435646939
/home/nszb/gym/mujoko/models/tilt_recovery_5530_candidates/model_6075.onnx,roll_-8_vx0.35,roll,0.35,-1,-8.0,0,7.896901597380654,2.358589504277299,0.1,0.08,2.358589504277299,0.2719591013450085,0.06685975164966457,0.9758391976356506,0.038,0.284,8.857462205559985,0.0060807715289968745,0.10666666666666667,0.2765494982991188
/home/nszb/gym/mujoko/models/tilt_recovery_5530_candidates/model_6075.onnx,roll_+8_vx0.35,roll,0.35,1,8.0,0,7.909504986255827,2.359310759724426,0.1,0.26,2.1674870003908837,0.27261479231658453,0.0668166221827149,0.9788444638252258,0.03533333333333333,0.256,8.466142012668836,0.006040442210663422,0.10666666666666667,0.27589834491869375
/home/nszb/gym/mujoko/models/tilt_recovery_5530_candidates/model_6075.onnx,push_-1_vx0.35,push,0.35,-1,-0.0,0,4.032084468588585,2.3016910464948017,0.26000000000000023,0.26000000000000023,4.032084468588585,0.2696199810811924,0.06740146401409412,0.9779906868934631,0.041666666666666664,0.316,8.648261546959159,0.0065014346267782295,0.11,0.27651562008117614
/home/nszb/gym/mujoko/models/tilt_recovery_5530_candidates/model_6075.onnx,push_+1_vx0.35,push,0.35,1,0.0,0,2.3987933851509484,2.3987933851509484,0.06000000000000005,0.06000000000000005,2.1705849901204424,0.2703575840048746,0.06681735194501379,0.9779906868934631,0.04666666666666666,0.348,8.23878517393409,0.006259183714690026,0.09,0.27651562008117614
/home/nszb/gym/mujoko/models/tilt_recovery_5530_candidates/model_6075.onnx,saturated_-1_vx0.20,saturated,0.2,-1,-3.0,0,5.816679401583428,5.561562642581476,0.36,0.36,1.973937342238735,0.15782928616427114,0.05492214694210812,0.9783133864402771,0.029666666666666664,0.256,32.02762305736542,0.004243747407770396,0.11666666666666667,0.2779352662780345
/home/nszb/gym/mujoko/models/tilt_recovery_5530_candidates/model_6075.onnx,saturated_+1_vx0.20,saturated,0.2,1,3.0,0,5.149082995799431,2.2295428756702886,0.14,0.14,2.2295428756702886,0.15692117922816962,0.05689693809181931,0.974580705165863,0.030666666666666665,0.272,27.46272385120392,0.00451174584643576,0.13,0.2751772565719012
/home/nszb/gym/mujoko/models/tilt_recovery_5530_candidates/model_6100.onnx,roll_-3_vx0.12,roll,0.12,-1,-3.0,0,2.9911636955198024,2.189411093322713,0.06,0.06,2.12595511919424,0.0829451618537791,0.05327067216561258,0.9671711921691895,0.029,0.312,8.03624563881959,0.003262867646689539,0.14,0.2800235250425386
/home/nszb/gym/mujoko/models/tilt_recovery_5530_candidates/model_6100.onnx,roll_+3_vx0.12,roll,0.12,1,3.0,0,3.0124262422422694,2.1055825148085456,0.06,0.06,1.9981266269795024,0.08323919789553748,0.05205943923301446,0.9643361568450928,0.023333333333333327,0.252,7.910278988971581,0.0030730849732389996,0.13333333333333333,0.27947149912399966
/home/nszb/gym/mujoko/models/tilt_recovery_5530_candidates/model_6100.onnx,roll_-5_vx0.12,roll,0.12,-1,-5.0,0,4.95810314625079,2.1763608968953774,0.06,0.06,2.1763608968953774,0.08301832582844962,0.05247843572386928,0.9763935804367065,0.03266666666666667,0.336,8.404354913438183,0.00318083805763844,0.13333333333333333,0.2797997327190981
/home/nszb/gym/mujoko/models/tilt_recovery_5530_candidates/model_6100.onnx,roll_+5_vx0.12,roll,0.12,1,5.0,0,4.962103764958098,2.1857348273720714,0.06,0.06,2.1857348273720714,0.08324457269218226,0.05200817262827632,0.9697624444961548,0.02533333333333333,0.276,8.146087075132261,0.003060735863929803,0.13333333333333333,0.2800040611064623
/home/nszb/gym/mujoko/models/tilt_recovery_5530_candidates/model_6100.onnx,roll_-8_vx0.12,roll,0.12,-1,-8.0,0,7.921953966395529,2.166492482126469,0.12,0.12,2.144222869162797,0.08309263556411156,0.05249119534165159,0.987124502658844,0.028333333333333332,0.308,8.50488904045828,0.003139609709849168,0.13333333333333333,0.2791064265385588
/home/nszb/gym/mujoko/models/tilt_recovery_5530_candidates/model_6100.onnx,roll_+8_vx0.12,roll,0.12,1,8.0,0,7.925338632212451,3.17516997794575,0.3,0.28,2.178688150794338,0.08318712857865701,0.05207257593471854,0.9701473116874695,0.027333333333333328,0.296,8.368602262300618,0.0030868087404677187,0.13333333333333333,0.2797939941358813
/home/nszb/gym/mujoko/models/tilt_recovery_5530_candidates/model_6100.onnx,push_-1_vx0.12,push,0.12,-1,-0.0,0,2.109072736940406,2.109072736940406,0.06000000000000005,0.06000000000000005,2.109072736940406,0.08188264146335354,0.0525712152969861,0.9673643708229065,0.030333333333333334,0.292,7.972095783827075,0.0033261183040225344,0.13,0.2795388676878468
/home/nszb/gym/mujoko/models/tilt_recovery_5530_candidates/model_6100.onnx,push_+1_vx0.12,push,0.12,1,0.0,0,2.26844085685039,2.225453148354774,0.06000000000000005,0.06000000000000005,2.26844085685039,0.08226794767440034,0.049129940388144305,0.9766857028007507,0.04633333333333333,0.432,7.972095783827075,0.0029796463767306387,0.13,0.2795388676878468
/home/nszb/gym/mujoko/models/tilt_recovery_5530_candidates/model_6100.onnx,roll_-3_vx0.20,roll,0.2,-1,-3.0,0,2.994627148891067,2.058869634265376,0.06,0.06,2.058869634265376,0.15495417256125268,0.05536202232581713,0.9693540334701538,0.041,0.328,8.153591775217636,0.004284002414346311,0.12666666666666668,0.2794947283378521
/home/nszb/gym/mujoko/models/tilt_recovery_5530_candidates/model_6100.onnx,roll_+3_vx0.20,roll,0.2,1,3.0,0,3.008209925550365,2.173605511383849,0.06,0.06,1.991999482198198,0.15498363947609534,0.05534943254932512,0.9671711921691895,0.03533333333333333,0.272,7.715190779073765,0.004249194936563461,0.12333333333333334,0.2790981242923181
/home/nszb/gym/mujoko/models/tilt_recovery_5530_candidates/model_6100.onnx,roll_-5_vx0.20,roll,0.2,-1,-5.0,0,4.952065093407061,2.2631651072042525,0.06,0.06,2.2631651072042525,0.1552388023573142,0.05511251802071181,0.9705212116241455,0.04133333333333333,0.34,8.537434744815082,0.0042786939449528764,0.12333333333333334,0.27938127895595144
/home/nszb/gym/mujoko/models/tilt_recovery_5530_candidates/model_6100.onnx,roll_+5_vx0.20,roll,0.2,1,5.0,0,4.952196691817839,2.1148042050541696,0.08,0.06,1.970614448445067,0.15506028104015399,0.05564557883202704,0.970262348651886,0.03866666666666666,0.316,8.172128746604342,0.004295415384816554,0.13,0.2794050784479898
/home/nszb/gym/mujoko/models/tilt_recovery_5530_candidates/model_6100.onnx,roll_-8_vx0.20,roll,0.2,-1,-8.0,0,7.915236655735069,2.162238646060125,0.1,0.1,2.162238646060125,0.15479156971654368,0.05641652860646583,0.982924222946167,0.043666666666666666,0.364,8.762433206823857,0.0043858320765794755,0.13,0.27938519283566776
/home/nszb/gym/mujoko/models/tilt_recovery_5530_candidates/model_6100.onnx,roll_+8_vx0.20,roll,0.2,1,8.0,0,7.914589238411921,2.8041196983134524,0.26,0.26,1.932097381900593,0.15501293054164794,0.05555036525541576,0.9706369042396545,0.03833333333333333,0.32,8.467848278814781,0.004270576288105132,0.13,0.2791307743382192
/home/nszb/gym/mujoko/models/tilt_recovery_5530_candidates/model_6100.onnx,push_-1_vx0.20,push,0.2,-1,-0.0,0,2.215687783155285,2.215687783155285,0.06000000000000005,0.06000000000000005,2.1144800335756733,0.1541219742022777,0.054990815049250005,0.9709765315055847,0.038666666666666655,0.3,8.054591477884191,0.004440178333441533,0.11,0.27916044785199556
/home/nszb/gym/mujoko/models/tilt_recovery_5530_candidates/model_6100.onnx,push_+1_vx0.20,push,0.2,1,0.0,0,2.045155723577629,2.045155723577629,0.06000000000000005,0.06000000000000005,2.045155723577629,0.15416988014426142,0.05398657616146643,0.9796572327613831,0.05033333333333333,0.408,8.054591477884191,0.00429543495525038,0.11,0.27916044785199556
/home/nszb/gym/mujoko/models/tilt_recovery_5530_candidates/model_6100.onnx,roll_-3_vx0.35,roll,0.35,-1,-3.0,0,2.9940600405955746,2.367872178388438,0.06,0.06,2.367872178388438,0.27087885668747885,0.06652802936320432,0.9781963229179382,0.04233333333333333,0.312,8.542975228102392,0.00588773042136465,0.08666666666666667,0.2761362326103413
/home/nszb/gym/mujoko/models/tilt_recovery_5530_candidates/model_6100.onnx,roll_+3_vx0.35,roll,0.35,1,3.0,0,3.008028733298733,2.3538686383297964,0.06,0.06,2.3538686383297964,0.27131719159765033,0.06648515670913495,0.9729599356651306,0.03533333333333333,0.288,7.897133223791665,0.005909812358768753,0.09666666666666666,0.2770989511573847
/home/nszb/gym/mujoko/models/tilt_recovery_5530_candidates/model_6100.onnx,roll_-5_vx0.35,roll,0.35,-1,-5.0,0,4.934428052949563,2.3211389500223563,0.06,0.06,2.3211389500223563,0.271401238959059,0.06655174137158842,0.9734611511230469,0.04066666666666666,0.308,8.941096891886927,0.0059095853975415676,0.1,0.2765097601431325
/home/nszb/gym/mujoko/models/tilt_recovery_5530_candidates/model_6100.onnx,roll_+5_vx0.35,roll,0.35,1,5.0,0,4.947461230166407,2.347323697807754,0.08,0.06,2.1857822821870747,0.2712375628588461,0.06733067236814669,0.9783345460891724,0.03833333333333333,0.296,8.114178139724078,0.005986081587077778,0.09333333333333334,0.27579540966331095
/home/nszb/gym/mujoko/models/tilt_recovery_5530_candidates/model_6100.onnx,roll_-8_vx0.35,roll,0.35,-1,-8.0,0,7.897165268583374,2.4469750141359516,0.1,0.08,2.4469750141359516,0.27133425064801997,0.0678584707776436,0.9759228229522705,0.04233333333333333,0.316,8.875486081102407,0.00602795472012602,0.10666666666666667,0.2765478449523528
/home/nszb/gym/mujoko/models/tilt_recovery_5530_candidates/model_6100.onnx,roll_+8_vx0.35,roll,0.35,1,8.0,0,7.909457838740633,2.4194937014874576,0.1,0.26,2.1881585161790986,0.27223710093502557,0.06687568813207417,0.9788651466369629,0.03866666666666666,0.284,8.407208994963646,0.005982223298715224,0.11333333333333333,0.27585613776822293
/home/nszb/gym/mujoko/models/tilt_recovery_5530_candidates/model_6100.onnx,push_-1_vx0.35,push,0.35,-1,-0.0,0,3.998280080823102,2.335910976060835,0.26000000000000023,0.26000000000000023,3.998280080823102,0.2690672683229064,0.06603639456185464,0.978880763053894,0.051,0.372,9.230297027277745,0.006087736149942397,0.11,0.2764258416188955
/home/nszb/gym/mujoko/models/tilt_recovery_5530_candidates/model_6100.onnx,push_+1_vx0.35,push,0.35,1,0.0,0,2.24189758578053,2.24189758578053,0.06000000000000005,0.06000000000000005,2.24189758578053,0.2699989366542712,0.06562827292905697,0.978880763053894,0.05233333333333333,0.364,8.204683366514889,0.006090919324405696,0.13,0.2764258416188955
/home/nszb/gym/mujoko/models/tilt_recovery_5530_candidates/model_6100.onnx,saturated_-1_vx0.20,saturated,0.2,-1,-3.0,0,5.815062489543165,5.519226170816159,0.36,0.36,2.0277590852603002,0.15609100350913066,0.05576789619630728,0.9786016345024109,0.03666666666666667,0.308,32.02762305736542,0.004224458417246378,0.12333333333333334,0.2779224050826225
/home/nszb/gym/mujoko/models/tilt_recovery_5530_candidates/model_6100.onnx,saturated_+1_vx0.20,saturated,0.2,1,3.0,0,5.148060276806821,2.118459344447176,0.14,0.14,2.094764009273265,0.15502695719232557,0.05797071357008948,0.9747315049171448,0.042,0.352,27.46272385120392,0.004508531694970092,0.13,0.2751572397233567
/home/nszb/gym/mujoko/models/tilt_recovery_5530_candidates/model_6175.onnx,roll_-3_vx0.12,roll,0.12,-1,-3.0,0,2.991444281754275,2.2622165761854776,0.06,0.06,2.081932672216856,0.08225070839401503,0.053647007678208736,0.9708768725395203,0.05633333333333333,0.536,8.028701648549697,0.0028925782305624166,0.13666666666666666,0.2796395773039743
/home/nszb/gym/mujoko/models/tilt_recovery_5530_candidates/model_6175.onnx,roll_+3_vx0.12,roll,0.12,1,3.0,0,3.0123954564134596,2.4091755641627897,0.06,0.06,2.149677354023319,0.08208349652727487,0.05354775621897403,0.968687891960144,0.050333333333333334,0.468,7.839571192581889,0.0029075389024415554,0.13333333333333333,0.2792554140048617
/home/nszb/gym/mujoko/models/tilt_recovery_5530_candidates/model_6175.onnx,roll_-5_vx0.12,roll,0.12,-1,-5.0,0,4.959080905251909,2.203804626131141,0.06,0.06,2.141536332077098,0.08217391170465096,0.053529304817313134,0.9770562052726746,0.057,0.536,8.426735760549773,0.00291511693294178,0.13,0.2796061248404484
/home/nszb/gym/mujoko/models/tilt_recovery_5530_candidates/model_6175.onnx,roll_+5_vx0.12,roll,0.12,1,5.0,0,4.962227509302038,2.163980152233176,0.06,0.06,2.163980152233176,0.08196963299444365,0.05416602805096572,0.9724820256233215,0.05366666666666667,0.5,8.091663253544528,0.0029871847474538453,0.13333333333333333,0.27966240169748946
/home/nszb/gym/mujoko/models/tilt_recovery_5530_candidates/model_6175.onnx,roll_-8_vx0.12,roll,0.12,-1,-8.0,0,7.923050754041571,2.2176560002311687,0.12,0.12,2.2176560002311687,0.08205163920437575,0.05386878364147188,0.9873141050338745,0.055,0.512,8.520940834760449,0.002923721247283154,0.13333333333333333,0.2788717840627685
/home/nszb/gym/mujoko/models/tilt_recovery_5530_candidates/model_6175.onnx,roll_+8_vx0.12,roll,0.12,1,8.0,0,7.925616364539829,3.1615428057565462,0.3,0.28,2.2418814336680444,0.08226160715495089,0.05338519812481496,0.9730355143547058,0.05466666666666666,0.508,8.323029328716082,0.0028737226984462323,0.13666666666666666,0.27968293730254246
/home/nszb/gym/mujoko/models/tilt_recovery_5530_candidates/model_6175.onnx,push_-1_vx0.12,push,0.12,-1,-0.0,0,2.2217247970626377,2.2217247970626377,0.06000000000000005,0.06000000000000005,2.0953514054715163,0.08105457091197125,0.053858523541814106,0.9701799154281616,0.05333333333333333,0.488,7.888809211583509,0.0030793149176698963,0.14,0.27921201593941963
/home/nszb/gym/mujoko/models/tilt_recovery_5530_candidates/model_6175.onnx,push_+1_vx0.12,push,0.12,1,0.0,0,2.1846773069973784,2.052105336898369,0.06000000000000005,0.06000000000000005,2.1846773069973784,0.08087785739689474,0.05219210651287409,0.9801675081253052,0.06633333333333334,0.608,7.888809211583509,0.002925272790379405,0.13,0.27921201593941963
/home/nszb/gym/mujoko/models/tilt_recovery_5530_candidates/model_6175.onnx,roll_-3_vx0.20,roll,0.2,-1,-3.0,0,2.994917040470491,2.1860682325691876,0.06,0.06,2.1860682325691876,0.153634063911936,0.057310412990275394,0.9726048707962036,0.067,0.588,8.136452594291015,0.004118702383803968,0.13333333333333333,0.2789971642155011
/home/nszb/gym/mujoko/models/tilt_recovery_5530_candidates/model_6175.onnx,roll_+3_vx0.20,roll,0.2,1,3.0,0,3.0082061980949546,2.068336496866928,0.06,0.06,2.0296500012884273,0.15354574220787157,0.057305192204570594,0.9703510999679565,0.06133333333333334,0.536,7.635283377797567,0.004147609791297254,0.12666666666666668,0.27863297211630267
/home/nszb/gym/mujoko/models/tilt_recovery_5530_candidates/model_6175.onnx,roll_-5_vx0.20,roll,0.2,-1,-5.0,0,4.953146933631635,2.041114909031546,0.06,0.06,2.041114909031546,0.15387052369851967,0.05778355725736679,0.9739307761192322,0.067,0.6,8.5329793330071,0.004250188911162151,0.13666666666666666,0.2790292977321203
/home/nszb/gym/mujoko/models/tilt_recovery_5530_candidates/model_6175.onnx,roll_+5_vx0.20,roll,0.2,1,5.0,0,4.952420031374381,2.106630523238285,0.08,0.06,2.106630523238285,0.15341422273304015,0.05696751212531929,0.9719138145446777,0.064,0.56,8.070264248529714,0.0040790594703192734,0.12666666666666668,0.27898358240186005
/home/nszb/gym/mujoko/models/tilt_recovery_5530_candidates/model_6175.onnx,roll_-8_vx0.20,roll,0.2,-1,-8.0,0,7.916436368544708,2.134702573708414,0.12,0.12,2.134702573708414,0.1535595473783441,0.0570019997084017,0.9831825494766235,0.066,0.58,8.781524857339653,0.004075859840694424,0.13,0.27914361751062466
/home/nszb/gym/mujoko/models/tilt_recovery_5530_candidates/model_6175.onnx,roll_+8_vx0.20,roll,0.2,1,8.0,0,7.914945518833034,2.767929611451156,0.26,0.26,2.0143627213510613,0.15351747197820204,0.057090218909489385,0.9744248986244202,0.064,0.564,8.39844415223019,0.00413317515200718,0.12333333333333334,0.27868297427145894
/home/nszb/gym/mujoko/models/tilt_recovery_5530_candidates/model_6175.onnx,push_-1_vx0.20,push,0.2,-1,-0.0,0,2.1911151939101496,2.1911151939101496,0.06000000000000005,0.06000000000000005,2.1020154470760404,0.15294157252942114,0.05597860771896826,0.9741595983505249,0.06333333333333334,0.544,7.877932119297005,0.004204542308972443,0.13,0.278712283778047
/home/nszb/gym/mujoko/models/tilt_recovery_5530_candidates/model_6175.onnx,push_+1_vx0.20,push,0.2,1,0.0,0,2.2065755043154813,2.2065755043154813,0.06000000000000005,0.06000000000000005,2.2065755043154813,0.1528000231931128,0.05680329643717676,0.9816639423370361,0.06966666666666665,0.592,7.877932119297005,0.004303094160218294,0.13,0.278712283778047
/home/nszb/gym/mujoko/models/tilt_recovery_5530_candidates/model_6175.onnx,roll_-3_vx0.35,roll,0.35,-1,-3.0,0,2.9942612052700763,2.3358876346046955,0.06,0.06,2.331107852396997,0.27009825435331636,0.06817421813132066,0.9781056642532349,0.056666666666666664,0.42,8.47794612560917,0.005778702422757192,0.11,0.2762653437706138
/home/nszb/gym/mujoko/models/tilt_recovery_5530_candidates/model_6175.onnx,roll_+3_vx0.35,roll,0.35,1,3.0,0,3.0079893149237793,2.298732066798738,0.26,0.06,2.298732066798738,0.2703215439191041,0.06932330682309903,0.9720922112464905,0.057333333333333326,0.436,7.9118406500136444,0.005913966288140372,0.11333333333333333,0.27676336480225516
/home/nszb/gym/mujoko/models/tilt_recovery_5530_candidates/model_6175.onnx,roll_-5_vx0.35,roll,0.35,-1,-5.0,0,4.9354940402319265,2.482256944678346,0.06,0.06,2.482256944678346,0.27030742356165444,0.0689291777395227,0.9733319878578186,0.06133333333333333,0.456,8.91858990271252,0.005865312544362241,0.11,0.27633787881791066
/home/nszb/gym/mujoko/models/tilt_recovery_5530_candidates/model_6175.onnx,roll_+5_vx0.35,roll,0.35,1,5.0,0,4.947698212262013,2.3607682127965934,0.08,0.06,2.2091332306678058,0.27046086834461847,0.06809425856068115,0.9775437712669373,0.05566666666666666,0.412,8.16831377186369,0.005766298883185321,0.12333333333333334,0.27548196542932835
/home/nszb/gym/mujoko/models/tilt_recovery_5530_candidates/model_6175.onnx,roll_-8_vx0.35,roll,0.35,-1,-8.0,0,7.898309284495503,2.423763502907906,0.1,0.08,2.423763502907906,0.2707558803239517,0.06744528268359898,0.9757561087608337,0.06299999999999999,0.468,8.902947666220012,0.005673888436548936,0.11333333333333333,0.2764058307384378
/home/nszb/gym/mujoko/models/tilt_recovery_5530_candidates/model_6175.onnx,roll_+8_vx0.35,roll,0.35,1,8.0,0,7.909927035028939,2.4510174973825154,0.1,0.26,2.1425232635692995,0.2704710497992871,0.06835725339962494,0.9780141115188599,0.059,0.424,8.309582722297108,0.0057726188030709,0.11,0.27558956377616567
/home/nszb/gym/mujoko/models/tilt_recovery_5530_candidates/model_6175.onnx,push_-1_vx0.35,push,0.35,-1,-0.0,0,4.402997805486332,2.5737998592390685,0.26000000000000023,0.26000000000000023,4.402997805486332,0.26841584076698555,0.0688225973780671,0.9784876704216003,0.06733333333333334,0.488,8.777566548535102,0.006107444992273556,0.12,0.2762122402502001
/home/nszb/gym/mujoko/models/tilt_recovery_5530_candidates/model_6175.onnx,push_+1_vx0.35,push,0.35,1,0.0,0,2.2924506300428327,2.2924506300428327,0.06000000000000005,0.06000000000000005,2.156347375547741,0.2679259006580687,0.06714450869986957,0.9784876704216003,0.07166666666666666,0.496,8.270602249058879,0.005897235491467637,0.11,0.2762122402502001
/home/nszb/gym/mujoko/models/tilt_recovery_5530_candidates/model_6175.onnx,saturated_-1_vx0.20,saturated,0.2,-1,-3.0,0,5.810521661189876,5.591692069837799,0.36,0.36,2.057461499826901,0.15485265841767007,0.05749009362382983,0.9787456393241882,0.06066666666666666,0.544,32.02762305736542,0.004023222635378931,0.12666666666666668,0.27787570929905975
/home/nszb/gym/mujoko/models/tilt_recovery_5530_candidates/model_6175.onnx,saturated_+1_vx0.20,saturated,0.2,1,3.0,0,5.149806450596094,2.161081301317336,0.14,0.14,2.0581396435469674,0.154925847522059,0.05621208763246863,0.9751870036125183,0.06266666666666666,0.548,27.46272385120392,0.003867045832944984,0.12333333333333334,0.27507265237983713
/home/nszb/gym/mujoko/models/tilt_recovery_5530_candidates/model_6250.onnx,roll_-3_vx0.12,roll,0.12,-1,-3.0,0,2.9912951432608463,2.2500075451986503,0.06,0.06,2.2500075451986503,0.08083494013872197,0.054059696945976225,0.9712978005409241,0.07666666666666666,0.708,8.039894164361641,0.0027919273110788997,0.13,0.27943540001788314
/home/nszb/gym/mujoko/models/tilt_recovery_5530_candidates/model_6250.onnx,roll_+3_vx0.12,roll,0.12,1,3.0,0,3.01293941111414,2.3028955721776985,0.06,0.06,2.0926509833660023,0.08061398886080783,0.05481225489930483,0.9688485860824585,0.07933333333333333,0.696,7.740741249253097,0.002875648400656151,0.13,0.2788740779903568
/home/nszb/gym/mujoko/models/tilt_recovery_5530_candidates/model_6250.onnx,roll_-5_vx0.12,roll,0.12,-1,-5.0,0,4.959984696427697,2.271254240083885,0.06,0.06,2.271254240083885,0.08061113611672087,0.05555850818939412,0.976516604423523,0.08233333333333334,0.728,8.446489471020898,0.002951585182950298,0.13333333333333333,0.27939234673404406
/home/nszb/gym/mujoko/models/tilt_recovery_5530_candidates/model_6250.onnx,roll_+5_vx0.12,roll,0.12,1,5.0,0,4.962655577315435,2.1748310658740895,0.06,0.06,2.122807307815676,0.0808025571695484,0.054634660206171665,0.9715134501457214,0.07733333333333332,0.708,7.95452323049855,0.00284259469454284,0.13333333333333333,0.27915111015499006
/home/nszb/gym/mujoko/models/tilt_recovery_5530_candidates/model_6250.onnx,roll_-8_vx0.12,roll,0.12,-1,-8.0,0,7.924144787623281,2.1827201787170236,0.12,0.12,2.1827201787170236,0.08095401446231615,0.05433556068785873,0.9873281717300415,0.08033333333333334,0.72,8.567777368540252,0.0028059945413760105,0.13666666666666666,0.278771508670116
/home/nszb/gym/mujoko/models/tilt_recovery_5530_candidates/model_6250.onnx,roll_+8_vx0.12,roll,0.12,1,8.0,0,7.926300977072481,3.2544130786590695,0.3,0.28,2.1060893679161397,0.08077349802472841,0.054617143839205747,0.9734423160552979,0.07766666666666666,0.704,8.263021393272716,0.0028477554297331466,0.13333333333333333,0.2794531661942696
/home/nszb/gym/mujoko/models/tilt_recovery_5530_candidates/model_6250.onnx,push_-1_vx0.12,push,0.12,-1,-0.0,0,2.2127374118964336,2.2127374118964336,0.06000000000000005,0.06000000000000005,2.176514269433246,0.07953106902415534,0.05431094042818846,0.9714640378952026,0.07566666666666666,0.672,7.864788901988709,0.0029590895129186423,0.12,0.27902675348616957
/home/nszb/gym/mujoko/models/tilt_recovery_5530_candidates/model_6250.onnx,push_+1_vx0.12,push,0.12,1,0.0,0,2.165865940761206,2.165865940761206,0.06000000000000005,0.06000000000000005,2.137026374118156,0.0795794854943085,0.054655018436731935,0.9813416004180908,0.08399999999999999,0.756,7.864788901988709,0.0030607463320041946,0.14,0.27902675348616957
/home/nszb/gym/mujoko/models/tilt_recovery_5530_candidates/model_6250.onnx,roll_-3_vx0.20,roll,0.2,-1,-3.0,0,2.99482019438888,2.0195283204854197,0.06,0.06,1.9829521790752533,0.15218989545543682,0.05751757579757985,0.9734344482421875,0.079,0.724,8.138211571137328,0.003909469454918897,0.13333333333333333,0.2787447213555396
/home/nszb/gym/mujoko/models/tilt_recovery_5530_candidates/model_6250.onnx,roll_+3_vx0.20,roll,0.2,1,3.0,0,3.0086656047579314,2.102273196794153,0.06,0.06,2.0549705430905236,0.15182083732973456,0.0581450150214956,0.9706704020500183,0.077,0.724,7.588392606335196,0.003999125251471596,0.13666666666666666,0.2784445982570148
/home/nszb/gym/mujoko/models/tilt_recovery_5530_candidates/model_6250.onnx,roll_-5_vx0.20,roll,0.2,-1,-5.0,0,4.9543408573708145,2.165389776083122,0.06,0.06,2.165389776083122,0.15177475163808268,0.05865207115665162,0.9746056795120239,0.08,0.74,8.55030232832273,0.0040119802348871254,0.14,0.27886337082186996
/home/nszb/gym/mujoko/models/tilt_recovery_5530_candidates/model_6250.onnx,roll_+5_vx0.20,roll,0.2,1,5.0,0,4.95286494944808,2.191088316252016,0.08,0.06,2.191088316252016,0.15173366108088657,0.058682290968893325,0.9698191285133362,0.07666666666666666,0.716,7.930575813873549,0.004039693294784178,0.13,0.2782780632532528
/home/nszb/gym/mujoko/models/tilt_recovery_5530_candidates/model_6250.onnx,roll_-8_vx0.20,roll,0.2,-1,-8.0,0,7.9178231787247,2.0343385797568265,0.12,0.12,2.0263576475749505,0.1519658564200088,0.05821712434147551,0.9834094047546387,0.081,0.756,8.820219263439418,0.0040190391971152,0.13333333333333333,0.27892125108248006
/home/nszb/gym/mujoko/models/tilt_recovery_5530_candidates/model_6250.onnx,roll_+8_vx0.20,roll,0.2,1,8.0,0,7.9155516293977195,2.8744157638568284,0.26,0.26,2.036663642080276,0.15160382104740255,0.059096593901446164,0.974757969379425,0.07666666666666666,0.716,8.356821663447048,0.004089266629567716,0.14,0.27844425476158524
/home/nszb/gym/mujoko/models/tilt_recovery_5530_candidates/model_6250.onnx,push_-1_vx0.20,push,0.2,-1,-0.0,0,2.219425238568678,2.219425238568678,0.06000000000000005,0.06000000000000005,2.1289340793878355,0.1505519113682598,0.05902824474244695,0.9757559299468994,0.07633333333333332,0.696,7.817452946682483,0.004289508512272228,0.14,0.27849451054015123
/home/nszb/gym/mujoko/models/tilt_recovery_5530_candidates/model_6250.onnx,push_+1_vx0.20,push,0.2,1,0.0,0,2.184960119078117,2.184960119078117,0.06000000000000005,0.06000000000000005,2.177148878618215,0.15068071665545724,0.057957937663367314,0.9818568825721741,0.08066666666666665,0.724,7.817452946682483,0.004099263240059653,0.13,0.27849451054015123
/home/nszb/gym/mujoko/models/tilt_recovery_5530_candidates/model_6250.onnx,roll_-3_vx0.35,roll,0.35,-1,-3.0,0,2.9947102426809753,2.275770817178007,0.06,0.06,2.275770817178007,0.26949298429214913,0.06870496018861315,0.9819898009300232,0.091,0.672,8.492094580818465,0.005544237336614585,0.12333333333333334,0.27591968625957713
/home/nszb/gym/mujoko/models/tilt_recovery_5530_candidates/model_6250.onnx,roll_+3_vx0.35,roll,0.35,1,3.0,0,3.007797385596232,2.34043141842294,0.26,0.06,2.217205323442067,0.2688429783107264,0.06875469609218653,0.971524178981781,0.08533333333333334,0.648,7.877301273200223,0.0055158616140177285,0.11666666666666667,0.2766673526802486
/home/nszb/gym/mujoko/models/tilt_recovery_5530_candidates/model_6250.onnx,roll_-5_vx0.35,roll,0.35,-1,-5.0,0,4.9376371831918275,2.3744984943724345,0.06,0.06,2.3744984943724345,0.2687630496658037,0.06833136816621788,0.9733562469482422,0.088,0.66,8.938292076328432,0.0054344876640346085,0.10333333333333333,0.2762524503860453
/home/nszb/gym/mujoko/models/tilt_recovery_5530_candidates/model_6250.onnx,roll_+5_vx0.35,roll,0.35,1,5.0,0,4.9477170664128405,2.3273278266429167,0.08,0.06,2.1232121220590012,0.2694519835193698,0.06845169349911598,0.977389395236969,0.08333333333333333,0.624,8.061634738635158,0.00546747268718965,0.11333333333333333,0.27540583378920674
/home/nszb/gym/mujoko/models/tilt_recovery_5530_candidates/model_6250.onnx,roll_-8_vx0.35,roll,0.35,-1,-8.0,0,7.9005782766715615,2.34545337141525,0.1,0.1,2.2976322041299797,0.269459347200749,0.0676125488042995,0.9767155051231384,0.09133333333333332,0.68,9.094375145716072,0.00537263217749613,0.12,0.27625666574146307
/home/nszb/gym/mujoko/models/tilt_recovery_5530_candidates/model_6250.onnx,roll_+8_vx0.35,roll,0.35,1,8.0,0,7.910089364331655,2.2687155220841446,0.1,0.24,2.193317095893363,0.26854530675284444,0.0680335762432853,0.9772248268127441,0.09,0.66,8.242166015577828,0.0054193361570021,0.10666666666666667,0.27552680667867324
/home/nszb/gym/mujoko/models/tilt_recovery_5530_candidates/model_6250.onnx,push_-1_vx0.35,push,0.35,-1,-0.0,0,3.973309047738711,2.3647981503353233,0.26000000000000023,0.26000000000000023,3.973309047738711,0.268187165693833,0.0677949160557947,0.9798001646995544,0.094,0.68,9.323618902212349,0.005623480079521003,0.11,0.27593665502917253
/home/nszb/gym/mujoko/models/tilt_recovery_5530_candidates/model_6250.onnx,push_+1_vx0.35,push,0.35,1,0.0,0,2.297333621051762,2.297333621051762,0.06000000000000005,0.06000000000000005,2.297333621051762,0.2671999564134012,0.06652787704512048,0.9798001646995544,0.09533333333333334,0.672,8.217258941591215,0.005508717205285217,0.14,0.27593665502917253
/home/nszb/gym/mujoko/models/tilt_recovery_5530_candidates/model_6250.onnx,saturated_-1_vx0.20,saturated,0.2,-1,-3.0,0,5.809657979471787,5.585355903092605,0.36,0.36,2.055072062448982,0.15370925964693774,0.058182445509856344,0.9786698818206787,0.07766666666666668,0.732,32.02762305736542,0.003863482779028348,0.13,0.2778353203931346
/home/nszb/gym/mujoko/models/tilt_recovery_5530_candidates/model_6250.onnx,saturated_+1_vx0.20,saturated,0.2,1,3.0,0,5.154112896056067,2.142140499243193,0.14,0.14,2.142140499243193,0.1535354504015099,0.056129037797662755,0.9784631133079529,0.07866666666666668,0.704,27.46272385120392,0.003568032367616682,0.12333333333333334,0.2749901307087974
/home/nszb/gym/mujoko/models/tilt_recovery_5530_candidates/model_6325.onnx,roll_-3_vx0.12,roll,0.12,-1,-3.0,0,2.9912724053406987,2.3221157318398338,0.06,0.06,2.3221157318398338,0.07894435059538177,0.05617831856467222,0.9731465578079224,0.1,0.836,8.048411704172999,0.0027800285562881322,0.13666666666666666,0.27929596124324235
/home/nszb/gym/mujoko/models/tilt_recovery_5530_candidates/model_6325.onnx,roll_+3_vx0.12,roll,0.12,1,3.0,0,3.0132903554818946,2.1768305583489873,0.06,0.06,2.137522547484995,0.0790752758950192,0.05522095772783019,0.9706043004989624,0.10266666666666666,0.804,7.6890683735992535,0.0026477268499452158,0.13333333333333333,0.2789269076064974
/home/nszb/gym/mujoko/models/tilt_recovery_5530_candidates/model_6325.onnx,roll_-5_vx0.12,roll,0.12,-1,-5.0,0,4.960380653583458,2.2475738310474704,0.06,0.06,2.2475738310474704,0.07904019405263649,0.05698872658188871,0.9764702916145325,0.109,0.876,8.459222694969641,0.0028600951521264915,0.14333333333333334,0.2792126293868813
/home/nszb/gym/mujoko/models/tilt_recovery_5530_candidates/model_6325.onnx,roll_+5_vx0.12,roll,0.12,1,5.0,0,4.9628603126257875,2.2528726320669317,0.06,0.06,2.2528726320669317,0.07929682040092054,0.05584750138342668,0.972903311252594,0.103,0.82,7.900261518199759,0.002704342736665247,0.13666666666666666,0.2789654782347702
/home/nszb/gym/mujoko/models/tilt_recovery_5530_candidates/model_6325.onnx,roll_-8_vx0.12,roll,0.12,-1,-8.0,0,7.92469788764932,2.243539442681444,0.12,0.12,2.2017640738463387,0.07923543153469689,0.05591773864436282,0.9873612523078918,0.106,0.852,8.591145574877993,0.002711466509684615,0.13666666666666666,0.2786633669374498
/home/nszb/gym/mujoko/models/tilt_recovery_5530_candidates/model_6325.onnx,roll_+8_vx0.12,roll,0.12,1,8.0,0,7.92666982452783,3.244504805402001,0.3,0.28,2.158783478959955,0.07920257308007456,0.05600593970219073,0.9748250246047974,0.10266666666666666,0.836,8.206731687284071,0.0027244251727792297,0.13666666666666666,0.27927503037106655
/home/nszb/gym/mujoko/models/tilt_recovery_5530_candidates/model_6325.onnx,push_-1_vx0.12,push,0.12,-1,-0.0,0,2.4524720986540403,2.4524720986540403,0.06000000000000005,0.06000000000000005,2.4524720986540403,0.07804784719712626,0.05608087852191921,0.9727362990379333,0.09766666666666665,0.788,7.869194147619832,0.0028675759578790593,0.13,0.27878398596787046
/home/nszb/gym/mujoko/models/tilt_recovery_5530_candidates/model_6325.onnx,push_+1_vx0.12,push,0.12,1,0.0,0,2.2393608452838434,2.1706874799719387,0.06000000000000005,0.06000000000000005,2.2393608452838434,0.07833486219466844,0.053724258721219255,0.983176589012146,0.09733333333333333,0.828,7.869194147619832,0.0026405256951940715,0.14,0.27878398596787046
/home/nszb/gym/mujoko/models/tilt_recovery_5530_candidates/model_6325.onnx,roll_-3_vx0.20,roll,0.2,-1,-3.0,0,2.9948146989358557,2.088772090412308,0.06,0.06,2.088772090412308,0.1500357019524853,0.05837524221290072,0.9752652645111084,0.09766666666666667,0.88,8.139302331534903,0.003684435784783083,0.13,0.2785819757019093
/home/nszb/gym/mujoko/models/tilt_recovery_5530_candidates/model_6325.onnx,roll_+3_vx0.20,roll,0.2,1,3.0,0,3.0090159142134,2.106854406967864,0.06,0.06,2.106854406967864,0.14974733224437972,0.059623004878731956,0.9731684923171997,0.09333333333333332,0.836,7.592675448915813,0.0038467310123128716,0.14,0.2784496942090862
/home/nszb/gym/mujoko/models/tilt_recovery_5530_candidates/model_6325.onnx,roll_-5_vx0.20,roll,0.2,-1,-5.0,0,4.954866804871897,2.028386423475867,0.06,0.06,2.028386423475867,0.14972355345233704,0.05881418775423898,0.9762907028198242,0.09933333333333334,0.896,8.558687260870764,0.003722205548861243,0.13333333333333333,0.2785244402495186
/home/nszb/gym/mujoko/models/tilt_recovery_5530_candidates/model_6325.onnx,roll_+5_vx0.20,roll,0.2,1,5.0,0,4.953052964817402,2.1121520149438444,0.08,0.06,2.028697737469882,0.14950966210154484,0.05961820357762626,0.9718217849731445,0.09366666666666666,0.848,7.854964270218391,0.003808619648733919,0.13666666666666666,0.2780629018813267
/home/nszb/gym/mujoko/models/tilt_recovery_5530_candidates/model_6325.onnx,roll_-8_vx0.20,roll,0.2,-1,-8.0,0,7.91851680480241,2.132926410405057,0.12,0.12,2.0245628362494275,0.15002948580931771,0.05834894849124939,0.9834674596786499,0.09666666666666665,0.888,8.845166503593491,0.0036608302341831827,0.12666666666666668,0.27868588295700136
/home/nszb/gym/mujoko/models/tilt_recovery_5530_candidates/model_6325.onnx,roll_+8_vx0.20,roll,0.2,1,8.0,0,7.915850371610988,2.8583972612870063,0.26,0.26,2.060448021289103,0.14934891437542408,0.06005075012930978,0.9754268527030945,0.09566666666666666,0.86,8.322975578590048,0.0038845655555049285,0.13,0.278205338930344
/home/nszb/gym/mujoko/models/tilt_recovery_5530_candidates/model_6325.onnx,push_-1_vx0.20,push,0.2,-1,-0.0,0,2.186009724102431,2.186009724102431,0.06000000000000005,0.06000000000000005,1.980230615478802,0.14829649688486385,0.05907885825970473,0.9754195809364319,0.097,0.84,7.733000780769984,0.003984879699355414,0.13,0.2781096125498773
/home/nszb/gym/mujoko/models/tilt_recovery_5530_candidates/model_6325.onnx,push_+1_vx0.20,push,0.2,1,0.0,0,2.047357948321453,2.047357948321453,0.06000000000000005,0.06000000000000005,2.036698407850208,0.14815099409837634,0.059384774693223695,0.983062207698822,0.09733333333333334,0.848,7.733000780769984,0.0039851069754963005,0.13,0.2781096125498773
/home/nszb/gym/mujoko/models/tilt_recovery_5530_candidates/model_6325.onnx,roll_-3_vx0.35,roll,0.35,-1,-3.0,0,2.995454869277447,2.324967239649072,0.06,0.06,2.3245905892273355,0.2674169854511808,0.06799813109217193,0.9846397042274475,0.11933333333333333,0.828,8.481933435625063,0.00510322972494607,0.11,0.275896137107758
/home/nszb/gym/mujoko/models/tilt_recovery_5530_candidates/model_6325.onnx,roll_+3_vx0.35,roll,0.35,1,3.0,0,3.0072856301396436,2.357670780530236,0.26,0.06,2.357670780530236,0.26652069376296095,0.06946877100890418,0.9709728956222534,0.11533333333333333,0.824,7.976009848921162,0.005273504989294003,0.11666666666666667,0.27652075746784904
/home/nszb/gym/mujoko/models/tilt_recovery_5530_candidates/model_6325.onnx,roll_-5_vx0.35,roll,0.35,-1,-5.0,0,4.939165089150038,2.292499146061501,0.06,0.06,2.2090010544047964,0.26698390011182693,0.06798158994087117,0.9774200320243835,0.12100000000000001,0.86,8.932041900799877,0.005111478016858538,0.11666666666666667,0.2761794813303305
/home/nszb/gym/mujoko/models/tilt_recovery_5530_candidates/model_6325.onnx,roll_+5_vx0.35,roll,0.35,1,5.0,0,4.947158384381609,2.2948137006792053,0.08,0.06,2.085414097836403,0.266135162464061,0.06805829536329214,0.9761263132095337,0.11599999999999999,0.824,8.072081740119577,0.0051427075629545335,0.11333333333333333,0.2750784039817015
/home/nszb/gym/mujoko/models/tilt_recovery_5530_candidates/model_6325.onnx,roll_-8_vx0.35,roll,0.35,-1,-8.0,0,7.902223891183191,2.3325597629541988,0.1,0.1,2.3325597629541988,0.2660267288297382,0.06903506020060438,0.9804733395576477,0.12433333333333332,0.868,9.118502498435793,0.005199779635501874,0.11,0.2759100061265824
/home/nszb/gym/mujoko/models/tilt_recovery_5530_candidates/model_6325.onnx,roll_+8_vx0.35,roll,0.35,1,8.0,0,7.909576654636634,2.2961548176135476,0.1,0.24,2.160373283313652,0.266500564347248,0.06912011569402333,0.9797573089599609,0.11833333333333333,0.824,8.18759515712512,0.005188359689280863,0.10333333333333333,0.27547214497356665
/home/nszb/gym/mujoko/models/tilt_recovery_5530_candidates/model_6325.onnx,push_-1_vx0.35,push,0.35,-1,-0.0,0,4.087695843288706,2.341242535955548,0.26000000000000023,0.26000000000000023,4.087695843288706,0.2668013361632077,0.06625212088175494,0.981655478477478,0.11666666666666667,0.796,9.403657557462086,0.005108915957025149,0.11,0.2760176486728281
/home/nszb/gym/mujoko/models/tilt_recovery_5530_candidates/model_6325.onnx,push_+1_vx0.35,push,0.35,1,0.0,0,2.2555990041927187,2.2555990041927187,0.06000000000000005,0.06000000000000005,2.216929371727563,0.2645292630491644,0.06656469912625759,0.981655478477478,0.12166666666666666,0.832,8.198228510232967,0.005164128747515715,0.12,0.2760176486728281
/home/nszb/gym/mujoko/models/tilt_recovery_5530_candidates/model_6325.onnx,saturated_-1_vx0.20,saturated,0.2,-1,-3.0,0,5.810850073582832,5.574689031767042,0.36,0.36,2.222311231604695,0.15118454745268897,0.05892736761318365,0.9789579510688782,0.09466666666666666,0.864,32.02762305736542,0.0036099988941317666,0.12666666666666668,0.27779851892752194
/home/nszb/gym/mujoko/models/tilt_recovery_5530_candidates/model_6325.onnx,saturated_+1_vx0.20,saturated,0.2,1,3.0,0,5.154695493392087,1.9149692938543064,0.14,0.14,1.9149692938543064,0.15157459966905995,0.057644208318868864,0.975663959980011,0.09333333333333334,0.86,27.46272385120392,0.003489314293685371,0.12666666666666668,0.2749456208290633
/home/nszb/gym/mujoko/models/tilt_recovery_5530_candidates/model_6375.onnx,roll_-3_vx0.12,roll,0.12,-1,-3.0,0,2.9912626494806185,2.3837577357580724,0.06,0.06,2.3837577357580724,0.07892529178935362,0.056887223650354965,0.9742978811264038,0.117,0.904,8.04176073497034,0.002749821805016686,0.14,0.27916563581258724
/home/nszb/gym/mujoko/models/tilt_recovery_5530_candidates/model_6375.onnx,roll_+3_vx0.12,roll,0.12,1,3.0,0,3.013458703664105,2.3719944031639315,0.06,0.06,2.1022895634040273,0.07901449862593957,0.05699353687981506,0.9724555015563965,0.12266666666666666,0.864,7.644471550475651,0.0027829184049841973,0.14,0.27877234296098347
/home/nszb/gym/mujoko/models/tilt_recovery_5530_candidates/model_6375.onnx,roll_-5_vx0.12,roll,0.12,-1,-5.0,0,4.960414271332384,2.3564711201874085,0.06,0.06,2.3564711201874085,0.07899369854233824,0.056782297961456826,0.9766390323638916,0.11966666666666666,0.932,8.463595698707259,0.002748059455381473,0.14,0.27914880161607414
/home/nszb/gym/mujoko/models/tilt_recovery_5530_candidates/model_6375.onnx,roll_+5_vx0.12,roll,0.12,1,5.0,0,4.962891550594164,2.412021687981126,0.06,0.06,2.195349462586069,0.07926182177634263,0.05693650228967171,0.9741215705871582,0.12133333333333333,0.868,7.8530151356553,0.002741675607642424,0.14666666666666667,0.27900778419789307
/home/nszb/gym/mujoko/models/tilt_recovery_5530_candidates/model_6375.onnx,roll_-8_vx0.12,roll,0.12,-1,-8.0,0,7.924808196863936,2.406543946673724,0.12,0.12,2.406543946673724,0.07907553035152529,0.057220206651168615,0.98736971616745,0.11966666666666666,0.912,8.611733254821539,0.002778341901298118,0.14666666666666667,0.27876404777093816
/home/nszb/gym/mujoko/models/tilt_recovery_5530_candidates/model_6375.onnx,roll_+8_vx0.12,roll,0.12,1,8.0,0,7.926758560239991,3.221944549140936,0.3,0.28,2.15501605446808,0.07899078782390001,0.057176989728697905,0.976101815700531,0.11933333333333333,0.884,8.188580249494436,0.0027641280790366776,0.14,0.2792014294630106
/home/nszb/gym/mujoko/models/tilt_recovery_5530_candidates/model_6375.onnx,push_-1_vx0.12,push,0.12,-1,-0.0,0,2.1769739124430694,2.1769739124430694,0.06000000000000005,0.06000000000000005,2.1769739124430694,0.07755608105715425,0.05808419151696647,0.9742669463157654,0.11366666666666665,0.868,7.837315029941952,0.003078793523333441,0.14,0.2788277268217178
/home/nszb/gym/mujoko/models/tilt_recovery_5530_candidates/model_6375.onnx,push_+1_vx0.12,push,0.12,1,0.0,0,2.439815604790957,2.439815604790957,0.06000000000000005,0.06000000000000005,2.1247230132298043,0.07783500700929262,0.05458668832262835,0.9836682677268982,0.10966666666666668,0.884,7.837315029941952,0.0026919072849715562,0.14,0.2788277268217178
/home/nszb/gym/mujoko/models/tilt_recovery_5530_candidates/model_6375.onnx,roll_-3_vx0.20,roll,0.2,-1,-3.0,0,2.994723793695565,1.9498019548842997,0.06,0.06,1.9010244829634155,0.15115288710209762,0.05730490755223361,0.976504385471344,0.11333333333333333,0.94,8.130671590113437,0.0033742981347968308,0.13,0.278557906207262
/home/nszb/gym/mujoko/models/tilt_recovery_5530_candidates/model_6375.onnx,roll_+3_vx0.20,roll,0.2,1,3.0,0,3.009162393264706,1.9526733411379014,0.06,0.06,1.9526733411379014,0.15107680958799743,0.056912290956231903,0.9725038409233093,0.11166666666666668,0.92,7.503672263343815,0.0033141314377474807,0.12333333333333334,0.27859211049076593
/home/nszb/gym/mujoko/models/tilt_recovery_5530_candidates/model_6375.onnx,roll_-5_vx0.20,roll,0.2,-1,-5.0,0,4.9547279671526985,2.166480423690865,0.06,0.06,2.0025689336053465,0.15053478471213927,0.0578722833750307,0.9781855940818787,0.11566666666666665,0.948,8.55901725394999,0.003459012525195952,0.12666666666666668,0.2785842156559635
/home/nszb/gym/mujoko/models/tilt_recovery_5530_candidates/model_6375.onnx,roll_+5_vx0.20,roll,0.2,1,5.0,0,4.953192922027746,1.9603782934047467,0.08,0.06,1.9603782934047467,0.1511650708055585,0.05692539433161334,0.9737295508384705,0.11166666666666666,0.912,7.801419754981399,0.003321778416024466,0.12333333333333334,0.27823188503805274
/home/nszb/gym/mujoko/models/tilt_recovery_5530_candidates/model_6375.onnx,roll_-8_vx0.20,roll,0.2,-1,-8.0,0,7.918456917379997,1.9701858656525957,0.12,0.12,1.9701858656525957,0.1514080406653498,0.056668377391549875,0.9832305908203125,0.11366666666666665,0.948,8.872399553880118,0.003379799705183399,0.13,0.27839812618201315
/home/nszb/gym/mujoko/models/tilt_recovery_5530_candidates/model_6375.onnx,roll_+8_vx0.20,roll,0.2,1,8.0,0,7.916046080689546,2.8228635628011283,0.26,0.26,1.8916169895538275,0.15110093972061056,0.0569791214172886,0.9766647219657898,0.10933333333333334,0.92,8.278157251855191,0.0033612425313417653,0.12666666666666668,0.2779542525668407
/home/nszb/gym/mujoko/models/tilt_recovery_5530_candidates/model_6375.onnx,push_-1_vx0.20,push,0.2,-1,-0.0,0,2.1990075521977204,2.1990075521977204,0.06000000000000005,0.06000000000000005,1.956824912156108,0.15025079494444762,0.05714637999057016,0.9770053029060364,0.11333333333333334,0.9,7.684178796033493,0.0035457611881621344,0.14,0.27784857442715505
/home/nszb/gym/mujoko/models/tilt_recovery_5530_candidates/model_6375.onnx,push_+1_vx0.20,push,0.2,1,0.0,0,2.1060479725169268,2.1060479725169268,0.06000000000000005,0.08000000000000007,2.1060479725169268,0.1503869602466302,0.055997950985027405,0.9848594665527344,0.11,0.9,7.684178796033493,0.0034290061151663466,0.12,0.27784857442715505
/home/nszb/gym/mujoko/models/tilt_recovery_5530_candidates/model_6375.onnx,roll_-3_vx0.35,roll,0.35,-1,-3.0,0,2.99573481072186,2.2904646411385867,0.06,0.06,2.1835554580296317,0.267924277163004,0.06878057988227966,0.9867706894874573,0.137,0.92,8.469610270510984,0.005054094736186674,0.11,0.27581015831136635
/home/nszb/gym/mujoko/models/tilt_recovery_5530_candidates/model_6375.onnx,roll_+3_vx0.35,roll,0.35,1,3.0,0,3.007107218420415,2.443233082823774,0.26,0.06,2.443233082823774,0.26644115036494864,0.06908930056038773,0.9712131023406982,0.132,0.876,7.854707928948953,0.005090112358592405,0.11,0.27621933000346544
/home/nszb/gym/mujoko/models/tilt_recovery_5530_candidates/model_6375.onnx,roll_-5_vx0.35,roll,0.35,-1,-5.0,0,4.939337440516861,2.2320023127069115,0.06,0.06,2.1259748552735553,0.26618380464637564,0.06853896538436194,0.9804041385650635,0.13833333333333334,0.912,8.92150931720395,0.005041012367183373,0.10333333333333333,0.27590627739822615
/home/nszb/gym/mujoko/models/tilt_recovery_5530_candidates/model_6375.onnx,roll_+5_vx0.35,roll,0.35,1,5.0,0,4.946963721504851,2.309252395749966,0.08,0.06,2.309252395749966,0.26647547138019434,0.06998889665919444,0.9778315424919128,0.13366666666666666,0.896,8.067152265146289,0.005210056258506121,0.12,0.275332839545381
/home/nszb/gym/mujoko/models/tilt_recovery_5530_candidates/model_6375.onnx,roll_-8_vx0.35,roll,0.35,-1,-8.0,0,7.902444536465969,2.242716296721965,0.1,0.1,2.171714266766589,0.2667044673618171,0.06828758942238494,0.9792150855064392,0.13833333333333334,0.916,9.13180174800989,0.005012207101402702,0.11,0.2761496088494959
/home/nszb/gym/mujoko/models/tilt_recovery_5530_candidates/model_6375.onnx,roll_+8_vx0.35,roll,0.35,1,8.0,0,7.909418923115457,2.2562659782223555,0.1,0.1,2.2562659782223555,0.2671978171460079,0.0683158245138212,0.9778530597686768,0.1343333333333333,0.888,8.088687599013355,0.00501924522212255,0.12,0.2750025644338238
/home/nszb/gym/mujoko/models/tilt_recovery_5530_candidates/model_6375.onnx,push_-1_vx0.35,push,0.35,-1,-0.0,0,3.743252068303595,2.214965214865546,0.26000000000000023,0.26000000000000023,3.743252068303595,0.2658684781208069,0.06732884023306897,0.9831666350364685,0.13166666666666665,0.876,9.18361354437026,0.005148077601202651,0.11,0.2759590275448218
/home/nszb/gym/mujoko/models/tilt_recovery_5530_candidates/model_6375.onnx,push_+1_vx0.35,push,0.35,1,0.0,0,2.223221438319734,2.223221438319734,0.06000000000000005,0.06000000000000005,2.223221438319734,0.26615745755637693,0.0670774988897666,0.9831666350364685,0.13533333333333333,0.892,8.174314568007386,0.005123863689148272,0.14,0.2759590275448218
/home/nszb/gym/mujoko/models/tilt_recovery_5530_candidates/model_6375.onnx,saturated_-1_vx0.20,saturated,0.2,-1,-3.0,0,5.812033281138785,5.630835563689483,0.36,0.36,1.989214239601613,0.15190962201309471,0.058781100391164166,0.9789047837257385,0.11466666666666665,0.928,32.02762305736542,0.003486285354998628,0.13,0.27778063757891047
/home/nszb/gym/mujoko/models/tilt_recovery_5530_candidates/model_6375.onnx,saturated_+1_vx0.20,saturated,0.2,1,3.0,0,5.156142084678901,2.0214180019693595,0.14,0.14,1.895269277882714,0.15143947858228102,0.05869626172591996,0.9785626530647278,0.111,0.912,27.46272385120392,0.0034970774775499223,0.12666666666666668,0.2749251976021508
/home/nszb/gym/mujoko/models/tilt_recovery_5530_candidates/model_6400.onnx,roll_-3_vx0.12,roll,0.12,-1,-3.0,0,2.9913123209483254,2.3110627967633084,0.06,0.06,2.3110627967633084,0.07809436146074454,0.05729287800574511,0.9750967621803284,0.12533333333333332,0.9,8.035683916618488,0.0027137925626596147,0.14,0.27912413962814847
/home/nszb/gym/mujoko/models/tilt_recovery_5530_candidates/model_6400.onnx,roll_+3_vx0.12,roll,0.12,1,3.0,0,3.0135162019111443,2.207117113239874,0.06,0.06,2.207117113239874,0.07814715611945454,0.05772779490414604,0.9727764129638672,0.126,0.88,7.6497686110428935,0.0027942783550949464,0.14333333333333334,0.2787676002203966
/home/nszb/gym/mujoko/models/tilt_recovery_5530_candidates/model_6400.onnx,roll_-5_vx0.12,roll,0.12,-1,-5.0,0,4.960461522423982,2.3594412995365714,0.06,0.06,2.3594412995365714,0.07812324885537486,0.05768338768801758,0.9774282574653625,0.12766666666666668,0.928,8.459304328470374,0.0027674187463570666,0.14666666666666667,0.27913710709179135
/home/nszb/gym/mujoko/models/tilt_recovery_5530_candidates/model_6400.onnx,roll_+5_vx0.12,roll,0.12,1,5.0,0,4.963142949344662,2.335948213668243,0.06,0.06,2.021971821263279,0.07829393702450152,0.056454385190574545,0.9751096963882446,0.12233333333333335,0.884,7.836536915201427,0.002628433412985126,0.13666666666666666,0.2790008450533022
/home/nszb/gym/mujoko/models/tilt_recovery_5530_candidates/model_6400.onnx,roll_-8_vx0.12,roll,0.12,-1,-8.0,0,7.924909753167753,2.2473109875524426,0.12,0.12,2.175210345744098,0.0781467928764283,0.05618205637208857,0.9874396920204163,0.125,0.92,8.614954415272448,0.0026016891444662644,0.13666666666666666,0.278729711452379
/home/nszb/gym/mujoko/models/tilt_recovery_5530_candidates/model_6400.onnx,roll_+8_vx0.12,roll,0.12,1,8.0,0,7.9270865743220975,3.2281312709014727,0.3,0.28,2.127542741839322,0.07794643868434216,0.05710424890970573,0.9765707850456238,0.12333333333333332,0.896,8.168650312900308,0.002716707508024995,0.13666666666666666,0.27913283547760676
/home/nszb/gym/mujoko/models/tilt_recovery_5530_candidates/model_6400.onnx,push_-1_vx0.12,push,0.12,-1,-0.0,0,2.364676805417455,2.364676805417455,0.06000000000000005,0.06000000000000005,2.364676805417455,0.07754383268205854,0.05546595036002655,0.9753950834274292,0.12033333333333335,0.888,7.819804536509638,0.002655015438021196,0.13,0.2788219452937027
/home/nszb/gym/mujoko/models/tilt_recovery_5530_candidates/model_6400.onnx,push_+1_vx0.12,push,0.12,1,0.0,0,2.3953887855552938,2.3953887855552938,0.06000000000000005,0.06000000000000005,2.2965668017768675,0.07694577661935025,0.054592865930397166,0.9845168590545654,0.11433333333333334,0.892,7.819804536509638,0.002625754495352701,0.14,0.2788219452937027
/home/nszb/gym/mujoko/models/tilt_recovery_5530_candidates/model_6400.onnx,roll_-3_vx0.20,roll,0.2,-1,-3.0,0,2.994843622234987,1.8899982467485357,0.06,0.06,1.8853580579636362,0.14991776156163572,0.05712609063466609,0.9774981141090393,0.11866666666666666,0.956,8.122033545867968,0.0032965198504961595,0.13333333333333333,0.2784980637054785
/home/nszb/gym/mujoko/models/tilt_recovery_5530_candidates/model_6400.onnx,roll_+3_vx0.20,roll,0.2,1,3.0,0,3.009191119363388,1.9514737488508103,0.06,0.06,1.8221904139764562,0.14986896516176207,0.05679817143132742,0.9757001399993896,0.11833333333333332,0.928,7.528629889644822,0.0032692668905736654,0.13333333333333333,0.2781137135614914
/home/nszb/gym/mujoko/models/tilt_recovery_5530_candidates/model_6400.onnx,roll_-5_vx0.20,roll,0.2,-1,-5.0,0,4.954924097458842,1.9516634591759388,0.06,0.06,1.844497979755049,0.1499024806296858,0.05657126892648721,0.9789984822273254,0.12133333333333333,0.964,8.55277159084921,0.0032450370581224536,0.12333333333333334,0.27849294768709976
/home/nszb/gym/mujoko/models/tilt_recovery_5530_candidates/model_6400.onnx,roll_+5_vx0.20,roll,0.2,1,5.0,0,4.95335159069869,1.9201750391600567,0.08,0.06,1.8969849702958892,0.14998910921479672,0.056902948159998155,0.9747402667999268,0.11666666666666667,0.92,7.781431825484218,0.0032535870271326673,0.12666666666666668,0.278183408387928
/home/nszb/gym/mujoko/models/tilt_recovery_5530_candidates/model_6400.onnx,roll_-8_vx0.20,roll,0.2,-1,-8.0,0,7.918706496170025,1.9358114613418753,0.12,0.12,1.8091485579876374,0.14986498205342494,0.05714877592246804,0.9833147525787354,0.12166666666666666,0.964,8.873899809822738,0.0033039281136217806,0.12666666666666668,0.2783142666909347
/home/nszb/gym/mujoko/models/tilt_recovery_5530_candidates/model_6400.onnx,roll_+8_vx0.20,roll,0.2,1,8.0,0,7.916256804306613,2.8386571628622,0.26,0.26,1.9323011085002757,0.14990640812494685,0.05680191066961811,0.9775370955467224,0.11633333333333334,0.928,8.249856578486561,0.003253241153199625,0.12333333333333334,0.27789093287919
/home/nszb/gym/mujoko/models/tilt_recovery_5530_candidates/model_6400.onnx,push_-1_vx0.20,push,0.2,-1,-0.0,0,2.2130076528187437,2.2130076528187437,0.06000000000000005,0.06000000000000005,1.9010491377190035,0.14951809351539594,0.056641288556302107,0.9777514338493347,0.11933333333333333,0.912,7.665096434909274,0.003455478332066918,0.14,0.27803119255490044
/home/nszb/gym/mujoko/models/tilt_recovery_5530_candidates/model_6400.onnx,push_+1_vx0.20,push,0.2,1,0.0,0,1.9004251931123979,1.9004251931123979,0.06000000000000005,0.08000000000000007,1.9004251931123979,0.14964211138215577,0.056762949245369176,0.9845569133758545,0.11566666666666667,0.9,7.665096434909274,0.0034878620614305876,0.15,0.27803119255490044
/home/nszb/gym/mujoko/models/tilt_recovery_5530_candidates/model_6400.onnx,roll_-3_vx0.35,roll,0.35,-1,-3.0,0,2.9960556147053676,2.3639649414382236,0.06,0.06,2.156827145189135,0.2658222927816869,0.06792922553962834,0.9872626066207886,0.14333333333333334,0.924,8.455361774916913,0.004915504490317223,0.13,0.2757648158892321
/home/nszb/gym/mujoko/models/tilt_recovery_5530_candidates/model_6400.onnx,roll_+3_vx0.35,roll,0.35,1,3.0,0,3.0068502607325027,2.40535708918661,0.26,0.06,2.40535708918661,0.26523933234276265,0.06805698236210435,0.9714027047157288,0.14,0.9,7.83539957483611,0.004900468890272774,0.12,0.27616212601205586
/home/nszb/gym/mujoko/models/tilt_recovery_5530_candidates/model_6400.onnx,roll_-5_vx0.35,roll,0.35,-1,-5.0,0,4.9398412914631535,2.321813661790237,0.06,0.06,2.0391378869299057,0.2656336992798893,0.06794010887588857,0.9812453985214233,0.1443333333333333,0.94,8.906496044982298,0.0049055452354871765,0.11333333333333333,0.2758446236866079
/home/nszb/gym/mujoko/models/tilt_recovery_5530_candidates/model_6400.onnx,roll_+5_vx0.35,roll,0.35,1,5.0,0,4.946800526012361,2.3711181156055168,0.08,0.06,2.3711181156055168,0.26487826059872166,0.06984450117742097,0.9785053730010986,0.1426666666666667,0.904,8.077855336974608,0.00508945496938504,0.11666666666666667,0.2752494517576293
/home/nszb/gym/mujoko/models/tilt_recovery_5530_candidates/model_6400.onnx,roll_-8_vx0.35,roll,0.35,-1,-8.0,0,7.902980650748703,2.332102692307562,0.1,0.1,1.9799668878798784,0.2657497602205353,0.06787799712700365,0.9800665974617004,0.14633333333333332,0.932,9.13278445888399,0.004895720726947908,0.11333333333333333,0.2759907616394355
/home/nszb/gym/mujoko/models/tilt_recovery_5530_candidates/model_6400.onnx,roll_+8_vx0.35,roll,0.35,1,8.0,0,7.909351910367007,2.0645174647724565,0.1,0.12,2.0420637462846614,0.2657679931855361,0.06772022489374943,0.976142406463623,0.138,0.896,8.076262902853767,0.004873433165896091,0.11,0.27512926753251943
/home/nszb/gym/mujoko/models/tilt_recovery_5530_candidates/model_6400.onnx,push_-1_vx0.35,push,0.35,-1,-0.0,0,3.7119937059529713,2.2217094553494974,0.26000000000000023,0.26000000000000023,3.7119937059529713,0.26377409121172557,0.06670508219489549,0.9837372899055481,0.1383333333333333,0.896,9.15188573600211,0.005048117672574928,0.1,0.27556983363731663
/home/nszb/gym/mujoko/models/tilt_recovery_5530_candidates/model_6400.onnx,push_+1_vx0.35,push,0.35,1,0.0,0,2.0680458178911314,2.0680458178911314,0.06000000000000005,0.06000000000000005,2.0680458178911314,0.26407841445022295,0.06692555285825566,0.9837372899055481,0.14266666666666666,0.904,8.14196188488239,0.0049617868372203435,0.14,0.27556983363731663
/home/nszb/gym/mujoko/models/tilt_recovery_5530_candidates/model_6400.onnx,saturated_-1_vx0.20,saturated,0.2,-1,-3.0,0,5.812047451221974,5.6367042568122905,0.36,0.36,1.9380089606944624,0.1498881939871545,0.059818936293388775,0.9790517091751099,0.12566666666666668,0.928,32.02762305736542,0.0034921656427098014,0.12666666666666668,0.27777588000195436
/home/nszb/gym/mujoko/models/tilt_recovery_5530_candidates/model_6400.onnx,saturated_+1_vx0.20,saturated,0.2,1,3.0,0,5.157461092683517,1.9761826463223462,0.14,0.14,1.9577275497325057,0.1503710920844056,0.05916468002625161,0.979180097579956,0.11833333333333335,0.932,27.46272385120392,0.003461815407032896,0.14,0.27491039982117327
/home/nszb/gym/mujoko/models/tilt_recovery_5530_candidates/model_6425.onnx,roll_-3_vx0.12,roll,0.12,-1,-3.0,0,2.9909402767248325,2.2444946716761893,0.06,0.06,2.2444946716761893,0.07743657169836436,0.057739856887541026,0.9753113985061646,0.1383333333333333,0.916,8.036808402370632,0.0027562675567381523,0.14,0.27905093122891944
/home/nszb/gym/mujoko/models/tilt_recovery_5530_candidates/model_6425.onnx,roll_+3_vx0.12,roll,0.12,1,3.0,0,3.0139406552949812,2.390056472072254,0.06,0.06,2.123191699411028,0.07734869168319936,0.0577430632088749,0.9738950133323669,0.14366666666666666,0.892,7.615166044105246,0.0027576069066897776,0.14,0.2786580404329
/home/nszb/gym/mujoko/models/tilt_recovery_5530_candidates/model_6425.onnx,roll_-5_vx0.12,roll,0.12,-1,-5.0,0,4.960602117838113,2.2556104403231814,0.06,0.06,2.2556104403231814,0.07752167740414861,0.057253288326076325,0.9779446125030518,0.13733333333333334,0.936,8.471944420196193,0.00269735811178898,0.13666666666666666,0.2790872916832826
/home/nszb/gym/mujoko/models/tilt_recovery_5530_candidates/model_6425.onnx,roll_+5_vx0.12,roll,0.12,1,5.0,0,4.963338667882366,2.347522754695257,0.06,0.06,2.1478862815589466,0.07733760668055448,0.05775832695655332,0.9753451347351074,0.13566666666666669,0.892,7.821100698436718,0.002769919436066037,0.14,0.2789568714172799
/home/nszb/gym/mujoko/models/tilt_recovery_5530_candidates/model_6425.onnx,roll_-8_vx0.12,roll,0.12,-1,-8.0,0,7.925072745447979,2.2559413732816482,0.12,0.12,2.190111514704595,0.07766248888685728,0.05626965947688321,0.9875199198722839,0.137,0.932,8.639346187360152,0.002576032326647392,0.13666666666666666,0.2786923581724679
/home/nszb/gym/mujoko/models/tilt_recovery_5530_candidates/model_6425.onnx,roll_+8_vx0.12,roll,0.12,1,8.0,0,7.927296151470535,3.2215906557595924,0.3,0.28,2.1243726527451496,0.07743710323073943,0.05755804845216495,0.9767159223556519,0.1343333333333333,0.896,8.15536459021315,0.0027405777888633077,0.14333333333333334,0.27906877762754334
/home/nszb/gym/mujoko/models/tilt_recovery_5530_candidates/model_6425.onnx,push_-1_vx0.12,push,0.12,-1,-0.0,0,2.2489721494615713,2.2489721494615713,0.06000000000000005,0.06000000000000005,2.2489721494615713,0.07586644804860035,0.05847625396748786,0.9751086235046387,0.13033333333333336,0.9,7.799757658138806,0.003051175341275485,0.14,0.27875770376338144
/home/nszb/gym/mujoko/models/tilt_recovery_5530_candidates/model_6425.onnx,push_+1_vx0.12,push,0.12,1,0.0,0,2.2483572012165363,2.0271304453869834,0.06000000000000005,0.08000000000000007,2.2483572012165363,0.07659350991405618,0.05262777305053459,0.9850233793258667,0.12,0.904,7.799757658138806,0.0024499284546511068,0.13,0.27875770376338144
/home/nszb/gym/mujoko/models/tilt_recovery_5530_candidates/model_6425.onnx,roll_-3_vx0.20,roll,0.2,-1,-3.0,0,2.9945076760811102,1.9012196799950534,0.06,0.06,1.8574703432000583,0.14932170672748565,0.05763160799260767,0.9776396155357361,0.12533333333333332,0.956,8.119343709446701,0.0033210977670614012,0.13666666666666666,0.2784247098805939
/home/nszb/gym/mujoko/models/tilt_recovery_5530_candidates/model_6425.onnx,roll_+3_vx0.20,roll,0.2,1,3.0,0,3.009580109856515,1.9789049258475768,0.06,0.06,1.8968547147671577,0.14908520621751883,0.05743264918341909,0.9737975597381592,0.12666666666666665,0.932,7.49850816711341,0.003305644444407766,0.13,0.27840536966693996
/home/nszb/gym/mujoko/models/tilt_recovery_5530_candidates/model_6425.onnx,roll_-5_vx0.20,roll,0.2,-1,-5.0,0,4.955126115400509,1.9641257457095052,0.06,0.06,1.8479940607392245,0.14899201520828298,0.05778675295756255,0.9795105457305908,0.12733333333333335,0.964,8.560087565084212,0.0033669049796091013,0.12666666666666668,0.27845127424339133
/home/nszb/gym/mujoko/models/tilt_recovery_5530_candidates/model_6425.onnx,roll_+5_vx0.20,roll,0.2,1,5.0,0,4.953587666857428,1.916603676405485,0.08,0.06,1.916603676405485,0.14924200872683518,0.0576896061768392,0.9746783971786499,0.12599999999999997,0.92,7.752823228442467,0.003343611858768488,0.13666666666666666,0.2781005594119963
/home/nszb/gym/mujoko/models/tilt_recovery_5530_candidates/model_6425.onnx,roll_-8_vx0.20,roll,0.2,-1,-8.0,0,7.918935424426836,1.9157905493488823,0.12,0.12,1.8816100736038637,0.14939860613023007,0.057260128808115415,0.9833850264549255,0.13,0.964,8.89823756726055,0.00329481377243045,0.13666666666666666,0.2782420409285984
/home/nszb/gym/mujoko/models/tilt_recovery_5530_candidates/model_6425.onnx,roll_+8_vx0.20,roll,0.2,1,8.0,0,7.916513450955955,2.841419934797479,0.26,0.26,1.8328723426451696,0.1492284458639843,0.05722256884507175,0.977660059928894,0.12366666666666666,0.928,8.230570599924494,0.0032940227798896595,0.13333333333333333,0.27780629276350444
/home/nszb/gym/mujoko/models/tilt_recovery_5530_candidates/model_6425.onnx,push_-1_vx0.20,push,0.2,-1,-0.0,0,2.002962999871923,2.002962999871923,0.06000000000000005,0.06000000000000005,1.7837155086468977,0.1482202083397028,0.05604764676247595,0.9783809185028076,0.12633333333333335,0.92,7.638958388973984,0.003310062342788784,0.12,0.2779600410672344
/home/nszb/gym/mujoko/models/tilt_recovery_5530_candidates/model_6425.onnx,push_+1_vx0.20,push,0.2,1,0.0,0,2.119568431720546,2.119568431720546,0.06000000000000005,0.08000000000000007,2.119568431720546,0.1487880921269297,0.0570004850003369,0.9852935075759888,0.12466666666666666,0.912,7.711347320869477,0.0034915636122643677,0.15,0.2779600410672344
/home/nszb/gym/mujoko/models/tilt_recovery_5530_candidates/model_6425.onnx,roll_-3_vx0.35,roll,0.35,-1,-3.0,0,2.996076498080674,2.1746132516866647,0.06,0.06,2.1746132516866647,0.2641475996444886,0.06941845807889138,0.9881960153579712,0.15066666666666662,0.932,8.44782806344021,0.00496065080810378,0.11666666666666667,0.27571675195751827
/home/nszb/gym/mujoko/models/tilt_recovery_5530_candidates/model_6425.onnx,roll_+3_vx0.35,roll,0.35,1,3.0,0,3.0068605148087695,2.4366844881867675,0.26,0.06,2.4366844881867675,0.26512143530256926,0.06830459637161605,0.9711138606071472,0.14633333333333332,0.916,7.819738611646725,0.004907431878243904,0.11,0.2761011523603178
/home/nszb/gym/mujoko/models/tilt_recovery_5530_candidates/model_6425.onnx,roll_-5_vx0.35,roll,0.35,-1,-5.0,0,4.940462855330854,2.253866022534101,0.06,0.06,2.253866022534101,0.26483141161047086,0.06979024297873841,0.9807847142219543,0.15166666666666664,0.944,8.908031007894698,0.0050324191087956155,0.12333333333333334,0.27568774228946236
/home/nszb/gym/mujoko/models/tilt_recovery_5530_candidates/model_6425.onnx,roll_+5_vx0.35,roll,0.35,1,5.0,0,4.9467812804904225,2.358207985648638,0.08,0.06,2.358207985648638,0.2645559932808775,0.06924596774277675,0.9794344902038574,0.14966666666666667,0.916,8.063212130176856,0.004989677638939095,0.13,0.2750787453801697
/home/nszb/gym/mujoko/models/tilt_recovery_5530_candidates/model_6425.onnx,roll_-8_vx0.35,roll,0.35,-1,-8.0,0,7.903616979049267,2.2916364232818416,0.1,0.1,2.142879536030094,0.26562791959027343,0.0686831330742658,0.9807935357093811,0.14966666666666667,0.948,9.148574141265044,0.004938018433374478,0.12666666666666668,0.2760627567310576
/home/nszb/gym/mujoko/models/tilt_recovery_5530_candidates/model_6425.onnx,roll_+8_vx0.35,roll,0.35,1,8.0,0,7.909320770217865,2.1587505539065255,0.1,0.1,2.1051566199762575,0.2642348073176917,0.06857865563155857,0.9759937524795532,0.14566666666666667,0.924,8.053527528886548,0.0049116250306388545,0.11333333333333333,0.2750776313728169
/home/nszb/gym/mujoko/models/tilt_recovery_5530_candidates/model_6425.onnx,push_-1_vx0.35,push,0.35,-1,-0.0,0,3.5980635656987707,2.249375895757513,0.26000000000000023,0.26000000000000023,3.5980635656987707,0.26305259732163583,0.06612530824435735,0.9846320748329163,0.146,0.916,8.951666125281678,0.00483332838761686,0.14,0.27584066452797995
/home/nszb/gym/mujoko/models/tilt_recovery_5530_candidates/model_6425.onnx,push_+1_vx0.35,push,0.35,1,0.0,0,2.2140749154889368,2.2140749154889368,0.06000000000000005,0.06000000000000005,2.0961841141285533,0.2627341930625551,0.06736392706905252,0.9846320748329163,0.14966666666666667,0.92,8.185276944338682,0.005050855117008326,0.09,0.27584066452797995
/home/nszb/gym/mujoko/models/tilt_recovery_5530_candidates/model_6425.onnx,saturated_-1_vx0.20,saturated,0.2,-1,-3.0,0,5.811931577551472,5.684943223449888,0.36,0.36,2.0100641061420146,0.14960249314926438,0.05909629001893625,0.9791094660758972,0.13666666666666666,0.944,32.02762305736542,0.0034102691612933637,0.13333333333333333,0.2777586977372186
/home/nszb/gym/mujoko/models/tilt_recovery_5530_candidates/model_6425.onnx,saturated_+1_vx0.20,saturated,0.2,1,3.0,0,5.158677496735229,2.1041263229215112,0.14,0.14,1.9288362250440199,0.1496744665194927,0.05938790540772312,0.9806479215621948,0.126,0.928,27.46272385120392,0.003449277244682388,0.13666666666666666,0.2748864448682184
/home/nszb/gym/mujoko/models/tilt_recovery_5530_candidates/model_6430.onnx,roll_-3_vx0.12,roll,0.12,-1,-3.0,0,2.990835611924381,2.287965397850852,0.06,0.06,2.287965397850852,0.07733583383825478,0.05726958814358337,0.9755145907402039,0.1403333333333333,0.936,8.035530369849738,0.0026896019949170227,0.13666666666666666,0.27904183339904065
/home/nszb/gym/mujoko/models/tilt_recovery_5530_candidates/model_6430.onnx,roll_+3_vx0.12,roll,0.12,1,3.0,0,3.0140884259298004,2.4451180954045726,0.06,0.06,2.1237074610592526,0.07748095760251138,0.05767543317698954,0.9740734100341797,0.14133333333333334,0.9,7.608316954340941,0.00274158704681527,0.14666666666666667,0.27863023402753034
/home/nszb/gym/mujoko/models/tilt_recovery_5530_candidates/model_6430.onnx,roll_-5_vx0.12,roll,0.12,-1,-5.0,0,4.9605069896669525,2.329432233919451,0.06,0.06,2.329432233919451,0.07761659346697729,0.05607829904115718,0.9780743718147278,0.13633333333333333,0.948,8.472183766189733,0.002538507976307225,0.14,0.27907473778091185
/home/nszb/gym/mujoko/models/tilt_recovery_5530_candidates/model_6430.onnx,roll_+5_vx0.12,roll,0.12,1,5.0,0,4.9635445293099725,2.032096057218999,0.06,0.06,1.947181847783329,0.07753496357713004,0.05590116361301726,0.9756227135658264,0.137,0.924,7.814731659341412,0.0025127486131078045,0.13333333333333333,0.2789520632150594
/home/nszb/gym/mujoko/models/tilt_recovery_5530_candidates/model_6430.onnx,roll_-8_vx0.12,roll,0.12,-1,-8.0,0,7.92500130023047,2.2608008224197125,0.12,0.12,2.1469844051057647,0.07790976658490073,0.05522057771223009,0.9875386357307434,0.1353333333333333,0.94,8.638541298698977,0.002422076383020698,0.13666666666666666,0.2786757594847987
/home/nszb/gym/mujoko/models/tilt_recovery_5530_candidates/model_6430.onnx,roll_+8_vx0.12,roll,0.12,1,8.0,0,7.92751971332121,3.229158769154201,0.3,0.28,2.1469050497249205,0.07744285526031155,0.05683482092658367,0.9769326448440552,0.13666666666666666,0.912,8.15105459472504,0.002625051182925311,0.13666666666666666,0.2790669675528862
/home/nszb/gym/mujoko/models/tilt_recovery_5530_candidates/model_6430.onnx,push_-1_vx0.12,push,0.12,-1,-0.0,0,2.074122781425547,2.074122781425547,0.06000000000000005,0.06000000000000005,2.074122781425547,0.07670496293531079,0.0539478958806404,0.9752759337425232,0.13066666666666665,0.92,7.79299631093195,0.002449973518403164,0.13,0.278729227240937
/home/nszb/gym/mujoko/models/tilt_recovery_5530_candidates/model_6430.onnx,push_+1_vx0.12,push,0.12,1,0.0,0,2.070717154199737,2.070717154199737,0.06000000000000005,0.06000000000000005,1.9833375999196428,0.07658841113300306,0.05285893947664053,0.9843922257423401,0.12299999999999998,0.916,7.79299631093195,0.0024474042605561546,0.13,0.278729227240937
/home/nszb/gym/mujoko/models/tilt_recovery_5530_candidates/model_6430.onnx,roll_-3_vx0.20,roll,0.2,-1,-3.0,0,2.994411218477662,1.9217140001411657,0.06,0.06,1.8754734485149844,0.1489794452229167,0.05745898393995225,0.9777051210403442,0.129,0.956,8.11701293815604,0.003286843876417241,0.13666666666666666,0.2783985406351426
/home/nszb/gym/mujoko/models/tilt_recovery_5530_candidates/model_6430.onnx,roll_+3_vx0.20,roll,0.2,1,3.0,0,3.0097190397882696,1.9743632650249627,0.06,0.06,1.873436563179826,0.1490406235596024,0.057334026514955255,0.973965585231781,0.12866666666666668,0.932,7.501981821812105,0.0032979498987786675,0.13666666666666666,0.27837118621759643
/home/nszb/gym/mujoko/models/tilt_recovery_5530_candidates/model_6430.onnx,roll_-5_vx0.20,roll,0.2,-1,-5.0,0,4.955065078472556,1.9732038646220444,0.06,0.06,1.8426843444573955,0.14880114827690508,0.05775064065288994,0.9796032905578613,0.12933333333333333,0.964,8.558113090299889,0.003313114937745889,0.13,0.2784207837741898
/home/nszb/gym/mujoko/models/tilt_recovery_5530_candidates/model_6430.onnx,roll_+5_vx0.20,roll,0.2,1,5.0,0,4.953782988634598,1.9056523747626837,0.08,0.06,1.9056523747626837,0.14896850392934965,0.057389473154467796,0.9749447703361511,0.12633333333333333,0.92,7.746511112966614,0.003284523846225032,0.13,0.2780893905613595
/home/nszb/gym/mujoko/models/tilt_recovery_5530_candidates/model_6430.onnx,roll_-8_vx0.20,roll,0.2,-1,-8.0,0,7.918896064095618,1.8820853983834065,0.12,0.12,1.8029064219892794,0.14883392701766932,0.05722688903172589,0.9834156632423401,0.132,0.964,8.896434923667467,0.0032635642822056395,0.12333333333333334,0.27821193069559186
/home/nszb/gym/mujoko/models/tilt_recovery_5530_candidates/model_6430.onnx,roll_+8_vx0.20,roll,0.2,1,8.0,0,7.91673018237116,2.85111718040964,0.26,0.26,1.901471386219253,0.14907230876208458,0.05785310187334635,0.9777777194976807,0.12366666666666667,0.928,8.225169084070163,0.0033332227766682187,0.14,0.2777833829702802
/home/nszb/gym/mujoko/models/tilt_recovery_5530_candidates/model_6430.onnx,push_-1_vx0.20,push,0.2,-1,-0.0,0,2.008944616024574,2.008944616024574,0.06000000000000005,0.06000000000000005,1.8692312376752667,0.14862691703315467,0.05700182639178896,0.9785043597221375,0.129,0.924,7.63189099953229,0.0034565429630665123,0.15,0.2779309170685408
/home/nszb/gym/mujoko/models/tilt_recovery_5530_candidates/model_6430.onnx,push_+1_vx0.20,push,0.2,1,0.0,0,1.8858622664267708,1.8836117786662356,0.06000000000000005,0.06000000000000005,1.8858622664267708,0.1478821358276793,0.05777194316659094,0.9855721592903137,0.12566666666666668,0.916,7.710011987896456,0.0035278689870064895,0.13,0.2779309170685408
/home/nszb/gym/mujoko/models/tilt_recovery_5530_candidates/model_6430.onnx,roll_-3_vx0.35,roll,0.35,-1,-3.0,0,2.9959107148374184,2.2663276221000532,0.06,0.06,2.1035710945187276,0.26391247495858994,0.06955316116259383,0.9882427453994751,0.153,0.932,8.444345022733664,0.004970301250107462,0.11333333333333333,0.2755584832585658
/home/nszb/gym/mujoko/models/tilt_recovery_5530_candidates/model_6430.onnx,roll_+3_vx0.35,roll,0.35,1,3.0,0,3.007046141031724,2.4103611197622583,0.26,0.06,2.4103611197622583,0.26414450571251485,0.06948566903374521,0.971110999584198,0.14933333333333332,0.924,7.83371471527245,0.0049839256574637355,0.11666666666666667,0.2760933982560001
/home/nszb/gym/mujoko/models/tilt_recovery_5530_candidates/model_6430.onnx,roll_-5_vx0.35,roll,0.35,-1,-5.0,0,4.940366514244045,2.22637748874604,0.06,0.06,2.1479672957560485,0.264641472760341,0.06961699507786304,0.9820325374603271,0.15266666666666667,0.952,8.902026603671146,0.005002461958847059,0.11666666666666667,0.2757576447787704
/home/nszb/gym/mujoko/models/tilt_recovery_5530_candidates/model_6430.onnx,roll_+5_vx0.35,roll,0.35,1,5.0,0,4.947030545199936,2.3051629971694965,0.08,0.06,2.3051629971694965,0.2645953662050781,0.06926610267201778,0.9794973731040955,0.14833333333333332,0.916,8.06577066370798,0.004997872544319377,0.11666666666666667,0.2750685334205233
/home/nszb/gym/mujoko/models/tilt_recovery_5530_candidates/model_6430.onnx,roll_-8_vx0.35,roll,0.35,-1,-8.0,0,7.903529853281699,2.263900929672879,0.1,0.1,2.263900929672879,0.26377504457148004,0.06946183451583283,0.980799674987793,0.15333333333333332,0.96,9.144782641968888,0.004980248121627485,0.11666666666666667,0.2760511753717951
/home/nszb/gym/mujoko/models/tilt_recovery_5530_candidates/model_6430.onnx,roll_+8_vx0.35,roll,0.35,1,8.0,0,7.909604235768182,2.2595198731008224,0.1,0.1,2.2595198731008224,0.26427061687828485,0.06941423437109034,0.9758830070495605,0.1506666666666667,0.932,8.047349150365875,0.004980268014068994,0.11333333333333333,0.27506125867511066
/home/nszb/gym/mujoko/models/tilt_recovery_5530_candidates/model_6430.onnx,push_-1_vx0.35,push,0.35,-1,-0.0,0,3.54826227475637,2.2542959543510754,0.26000000000000023,0.26000000000000023,3.54826227475637,0.263038815976927,0.06770211022376368,0.9846610426902771,0.14566666666666667,0.924,8.955643074801795,0.005068480823451658,0.14,0.2758225645762943
/home/nszb/gym/mujoko/models/tilt_recovery_5530_candidates/model_6430.onnx,push_+1_vx0.35,push,0.35,1,0.0,0,2.3029070998295547,2.3029070998295547,0.06000000000000005,0.06000000000000005,2.3029070998295547,0.26325987150965696,0.06880140536648158,0.9846610426902771,0.14833333333333334,0.928,8.196534195313806,0.005118137250254703,0.13,0.2758225645762943
/home/nszb/gym/mujoko/models/tilt_recovery_5530_candidates/model_6430.onnx,saturated_-1_vx0.20,saturated,0.2,-1,-3.0,0,5.811517939447132,5.686810537979532,0.36,0.36,1.8980487354812352,0.14946769719433847,0.05988931385331116,0.9791272878646851,0.14066666666666666,0.952,32.02762305736542,0.0034636280245684435,0.13666666666666666,0.27775440886227926
/home/nszb/gym/mujoko/models/tilt_recovery_5530_candidates/model_6430.onnx,saturated_+1_vx0.20,saturated,0.2,1,3.0,0,5.1599913568727835,2.1067280824504957,0.14,0.14,1.8469966818831254,0.14919169250744815,0.05960005876492958,0.9806385040283203,0.1303333333333333,0.932,27.46272385120392,0.003440172420844616,0.13,0.27488404335340766
